
Round_1_Replicate_1
867     , -4873.2     , array([ 0.196011   ,  0.195453   ,  0.33991    ,  3.12589    ,  1.52517    ])
868     , -4781.06    , array([ 0.180673   ,  0.195453   ,  0.33991    ,  3.12589    ,  1.52517    ])
869     , -4582.53    , array([ 0.196011   ,  0.180134   ,  0.33991    ,  3.12589    ,  1.52517    ])
870     , -4605.18    , array([ 0.196011   ,  0.195453   ,  0.322056   ,  3.12589    ,  1.52517    ])
871     , -4877.52    , array([ 0.196011   ,  0.195453   ,  0.33991    ,  3.3092     ,  1.52517    ])
872     , -4872.57    , array([ 0.196011   ,  0.195453   ,  0.33991    ,  3.12589    ,  1.5577     ])
873     , -4600.43    , array([ 0.189726   ,  0.189175   ,  0.332652   ,  2.95274    ,  1.5381     ])
874     , -4503.24    , array([ 0.187268   ,  0.18672    ,  0.329793   ,  3.05545    ,  1.5433     ])
875     , -4335.19    , array([ 0.183044   ,  0.182501   ,  0.324848   ,  3.02082    ,  1.55245    ])
likelihood = -4335.19
theta = 4022.89
Optimized parameters = [0.18304422 0.18250146 0.32484834 3.0208204  1.55244557]

Round_1_Replicate_2
876     , -36235.9    , array([ 0.177374   ,  2.46013    ,  0.598911   ,  0.239647   ,  4.70715    ])
877     , -35912.6    , array([ 0.16268    ,  2.46013    ,  0.598911   ,  0.239647   ,  4.70715    ])
878     , -36640.7    , array([ 0.177374   ,  2.5734     ,  0.598911   ,  0.239647   ,  4.70715    ])
879     , -35877.5    , array([ 0.177374   ,  2.46013    ,  0.583754   ,  0.239647   ,  4.70715    ])
880     , -36233      , array([ 0.177374   ,  2.46013    ,  0.598911   ,  0.223126   ,  4.70715    ])
881     , -36275.3    , array([ 0.177374   ,  2.46013    ,  0.598911   ,  0.239647   ,  5.08622    ])
882     , -35555.2    , array([ 0.171343   ,  2.35186    ,  0.592801   ,  0.232897   ,  4.85526    ])
883     , -34997.2    , array([ 0.168405   ,  2.24834    ,  0.58977    ,  0.229593   ,  4.93106    ])
884     , -35432.7    , array([ 0.167824   ,  2.37312    ,  0.589166   ,  0.228938   ,  4.43806    ])
likelihood = -34997.2
theta = 2651.42
Optimized parameters = [0.16840528 2.24834362 0.58977027 0.22959316 4.93106035]

Round_1_Replicate_3
885     , -90812.7    , array([ 0.799826   ,  0.27106    ,  3.63869    ,  1.96446    ,  1.37017    ])
886     , -90588      , array([ 0.790943   ,  0.27106    ,  3.63869    ,  1.96446    ,  1.37017    ])
887     , -89759.3    , array([ 0.799826   ,  0.253933   ,  3.63869    ,  1.96446    ,  1.37017    ])
888     , -93158.4    , array([ 0.799826   ,  0.27106    ,  3.88143    ,  1.96446    ,  1.37017    ])
889     , -90827.1    , array([ 0.799826   ,  0.27106    ,  3.63869    ,  2.03191    ,  1.37017    ])
890     , -90803.9    , array([ 0.799826   ,  0.27106    ,  3.63869    ,  1.96446    ,  1.39191    ])
891     , -87967.5    , array([ 0.796261   ,  0.264075   ,  3.41112    ,  1.99116    ,  1.37882    ])
892     , -85388.3    , array([ 0.794484   ,  0.26065    ,  3.19779    ,  2.00465    ,  1.38317    ])
893     , -88114.4    , array([ 0.794129   ,  0.25997    ,  3.45547    ,  1.91469    ,  1.38405    ])
likelihood = -85388.31
theta = 3242.03
Optimized parameters = [0.7944841  0.26065002 3.19779105 2.00465496 1.38317379]

Round_1_Replicate_4
894     , -78756.1    , array([ 0.20424    ,  2.10746    ,  3.67694    ,  3.22135    ,  1.06083    ])
895     , -76611.8    , array([ 0.188646   ,  2.10746    ,  3.67694    ,  3.22135    ,  1.06083    ])
896     , -78960.3    , array([ 0.20424    ,  2.1875     ,  3.67694    ,  3.22135    ,  1.06083    ])
897     , -80923.2    , array([ 0.20424    ,  2.10746    ,  3.92428    ,  3.22135    ,  1.06083    ])
898     , -78746      , array([ 0.20424    ,  2.10746    ,  3.67694    ,  3.41538    ,  1.06083    ])
899     , -78756.5    , array([ 0.20424    ,  2.10746    ,  3.67694    ,  3.22135    ,  1.06397    ])
900     , -75881.9    , array([ 0.197854   ,  2.13912    ,  3.44518    ,  3.2976     ,  1.06208    ])
901     , -73489.5    , array([ 0.194736   ,  2.15512    ,  3.22803    ,  3.33641    ,  1.06271    ])
902     , -75553.4    , array([ 0.194118   ,  2.0486     ,  3.49033    ,  3.34422    ,  1.06284    ])
likelihood = -73489.52
theta = 2705.07
Optimized parameters = [0.19473581 2.15512476 3.22802997 3.33640555 1.06271217]

Round_1_Replicate_5
903     , -38985.3    , array([ 0.496733   ,  0.713264   ,  0.943778   ,  4.97035    ,  0.759684   ])
904     , -38379      , array([ 0.479655   ,  0.713264   ,  0.943778   ,  4.97035    ,  0.759684   ])
905     , -38809.5    , array([ 0.496733   ,  0.701315   ,  0.943778   ,  4.97035    ,  0.759684   ])
906     , -38887.5    , array([ 0.496733   ,  0.713264   ,  0.941051   ,  4.97035    ,  0.759684   ])
907     , -38878.2    , array([ 0.496733   ,  0.713264   ,  0.943778   ,  5.38525    ,  0.759684   ])
908     , -38880.7    , array([ 0.496733   ,  0.713264   ,  0.943778   ,  4.97035    ,  0.749316   ])
909     , -38547.2    , array([ 0.48983    ,  0.70846    ,  0.942686   ,  5.13233    ,  0.75552    ])
910     , -38509.6    , array([ 0.487096   ,  0.706548   ,  0.946074   ,  5.19859    ,  0.75386    ])
likelihood = -38379.02
theta = 1912.26
Optimized parameters = [0.47965501 0.71326414 0.94377798 4.97034522 0.75968444]

Round_1_Replicate_6
911     , -45751.7    , array([ 0.373811   ,  1.73133    ,  0.826069   ,  1.41345    ,  2.22129    ])
912     , -45034.7    , array([ 0.355865   ,  1.73133    ,  0.826069   ,  1.41345    ,  2.22129    ])
913     , -46067.8    , array([ 0.373811   ,  1.77951    ,  0.826069   ,  1.41345    ,  2.22129    ])
914     , -45501.7    , array([ 0.373811   ,  1.73133    ,  0.818214   ,  1.41345    ,  2.22129    ])
915     , -45748      , array([ 0.373811   ,  1.73133    ,  0.826069   ,  1.43812    ,  2.22129    ])
916     , -45756      , array([ 0.373811   ,  1.73133    ,  0.826069   ,  1.41345    ,  2.31172    ])
917     , -45043.7    , array([ 0.366527   ,  1.68446    ,  0.822918   ,  1.42327    ,  2.25703    ])
918     , -45073.9    , array([ 0.363653   ,  1.71243    ,  0.821661   ,  1.42722    ,  2.14807    ])
likelihood = -45034.71
theta = 2478.61
Optimized parameters = [0.35586492 1.73133335 0.82606884 1.41345445 2.22129226]

Round_1_Replicate_7
919     , -7487.25    , array([ 0.375414   ,  0.367748   ,  0.195168   ,  0.240459   ,  1.20073    ])
920     , -7245.09    , array([ 0.357467   ,  0.367748   ,  0.195168   ,  0.240459   ,  1.20073    ])
921     , -7213.71    , array([ 0.375414   ,  0.349807   ,  0.195168   ,  0.240459   ,  1.20073    ])
922     , -6972.89    , array([ 0.375414   ,  0.367748   ,  0.179857   ,  0.240459   ,  1.20073    ])
923     , -7521.86    , array([ 0.375414   ,  0.367748   ,  0.195168   ,  0.22392    ,  1.20073    ])
924     , -7469.4     , array([ 0.375414   ,  0.367748   ,  0.195168   ,  0.240459   ,  1.21176    ])
925     , -7027.21    , array([ 0.36813    ,  0.360464   ,  0.188893   ,  0.258219   ,  1.20513    ])
926     , -6884.62    , array([ 0.365256   ,  0.357591   ,  0.18644    ,  0.247411   ,  1.20689    ])
927     , -6599.16    , array([ 0.36028    ,  0.352618   ,  0.182224   ,  0.250963   ,  1.20999    ])
likelihood = -6599.16
theta = 4146.37
Optimized parameters = [0.36028001 0.35261753 0.18222371 0.25096285 1.20998581]

Round_1_Replicate_8
928     , -21370.6    , array([ 1.6452     ,  0.138155   ,  0.366919   ,  3.67734    ,  0.427659   ])
929     , -21778.6    , array([ 1.68667    ,  0.138155   ,  0.366919   ,  3.67734    ,  0.427659   ])
930     , -21240.4    , array([ 1.6452     ,  0.125137   ,  0.366919   ,  3.67734    ,  0.427659   ])
931     , -20370      , array([ 1.6452     ,  0.138155   ,  0.348978   ,  3.67734    ,  0.427659   ])
932     , -21103.4    , array([ 1.6452     ,  0.138155   ,  0.366919   ,  3.92473    ,  0.427659   ])
933     , -21039.1    , array([ 1.6452     ,  0.138155   ,  0.366919   ,  3.67734    ,  0.409876   ])
934     , -20278.9    , array([ 1.60475    ,  0.132793   ,  0.359634   ,  3.77437    ,  0.420455   ])
935     , -19555.8    , array([ 1.5653     ,  0.13019    ,  0.356047   ,  3.82384    ,  0.416898   ])
936     , -19952.7    , array([ 1.61276    ,  0.129676   ,  0.355333   ,  3.83381    ,  0.416191   ])
likelihood = -19555.81
theta = 1616.1
Optimized parameters = [1.56529713 0.13019016 0.35604664 3.82383896 0.41689827]

Round_1_Replicate_9
937     , -63865      , array([ 0.318301   ,  0.756014   ,  2.22294    ,  0.296188   ,  6.11447    ])
938     , -62506.4    , array([ 0.300594   ,  0.756014   ,  2.22294    ,  0.296188   ,  6.11447    ])
939     , -63688.9    , array([ 0.318301   ,  0.745515   ,  2.22294    ,  0.296188   ,  6.11447    ])
940     , -65332.8    , array([ 0.318301   ,  0.756014   ,  2.31353    ,  0.296188   ,  6.11447    ])
941     , -63865.1    , array([ 0.318301   ,  0.756014   ,  2.22294    ,  0.278705   ,  6.11447    ])
942     , -63864.9    , array([ 0.318301   ,  0.756014   ,  2.22294    ,  0.296188   ,  6.69387    ])
943     , -61806.1    , array([ 0.311096   ,  0.751797   ,  2.13591    ,  0.289067   ,  6.33996    ])
944     , -60084.3    , array([ 0.307555   ,  0.749697   ,  2.05228    ,  0.285571   ,  6.4558     ])
945     , -61730      , array([ 0.306852   ,  0.749277   ,  2.15304    ,  0.310204   ,  6.47922    ])
likelihood = -60084.34
theta = 4101.41
Optimized parameters = [0.30755506 0.7496967  2.05227521 0.28557089 6.45579656]

Round_1_Replicate_10
946     , -93094.6    , array([ 3.37475    ,  2.33667    ,  0.667519   ,  1.13012    ,  3.66974    ])
947     , -94369.7    , array([ 3.58636    ,  2.33667    ,  0.667519   ,  1.13012    ,  3.66974    ])
948     , -93873.9    , array([ 3.37475    ,  2.43796    ,  0.667519   ,  1.13012    ,  3.66974    ])
949     , -92323.8    , array([ 3.37475    ,  2.33667    ,  0.654165   ,  1.13012    ,  3.66974    ])
950     , -93092.9    , array([ 3.37475    ,  2.33667    ,  0.667519   ,  1.13705    ,  3.66974    ])
951     , -93040.8    , array([ 3.37475    ,  2.33667    ,  0.667519   ,  1.13012    ,  3.91622    ])
952     , -91757.6    , array([ 3.17563    ,  2.37667    ,  0.662145   ,  1.13289    ,  3.76642    ])
953     , -90389.1    , array([ 2.98826    ,  2.39693    ,  0.659474   ,  1.13428    ,  3.8157     ])
954     , -90935.4    , array([ 3.21449    ,  2.26251    ,  0.658941   ,  1.13455    ,  3.82564    ])
likelihood = -90389.06
theta = 892.87
Optimized parameters = [2.98825572 2.39693006 0.65947411 1.13427632 3.81570402]

Round_2_Replicate_1
955     , -11014.3    , array([ 0.127386   ,  0.23419    ,  0.704709   ,  2.05563    ,  2.162      ])
956     , -10740.2    , array([ 0.114916   ,  0.23419    ,  0.704709   ,  2.05563    ,  2.162      ])
957     , -10446.1    , array([ 0.127386   ,  0.217795   ,  0.704709   ,  2.05563    ,  2.162      ])
958     , -10818.4    , array([ 0.127386   ,  0.23419    ,  0.692485   ,  2.05563    ,  2.162      ])
959     , -11003.8    , array([ 0.127386   ,  0.23419    ,  0.704709   ,  2.13105    ,  2.162      ])
960     , -11038.7    , array([ 0.127386   ,  0.23419    ,  0.704709   ,  2.05563    ,  2.24698    ])
961     , -10559.1    , array([ 0.122243   ,  0.227489   ,  0.699793   ,  2.08547    ,  2.08024    ])
962     , -10406.4    , array([ 0.120245   ,  0.224862   ,  0.697837   ,  2.09753    ,  2.12892    ])
963     , -10118.4    , array([ 0.116826   ,  0.220339   ,  0.694426   ,  2.1188     ,  2.11256    ])
964     , -10074.9    , array([ 0.116153   ,  0.219445   ,  0.693746   ,  2.01864    ,  2.10931    ])
965     , -9648.32    , array([ 0.110914   ,  0.212424   ,  0.688329   ,  1.96468    ,  2.08345    ])
966     , -9792.98    , array([ 0.109895   ,  0.211047   ,  0.704295   ,  2.05516    ,  2.07831    ])
likelihood = -9648.32
theta = 7331.83
Optimized parameters = [0.1109141  0.21242409 0.68832873 1.96468358 2.08344804]

Round_2_Replicate_2
967     , -7990.86    , array([ 0.076329   ,  0.380796   ,  0.141634   ,  2.1293     ,  4.41477    ])
968     , -8652.55    , array([ 0.0671157  ,  0.380796   ,  0.141634   ,  2.1293     ,  4.41477    ])
969     , -7785.74    , array([ 0.076329   ,  0.36285    ,  0.141634   ,  2.1293     ,  4.41477    ])
970     , -8007.91    , array([ 0.076329   ,  0.380796   ,  0.128447   ,  2.1293     ,  4.41477    ])
971     , -8003.85    , array([ 0.076329   ,  0.380796   ,  0.141634   ,  2.21131    ,  4.41477    ])
972     , -8002.44    , array([ 0.076329   ,  0.380796   ,  0.141634   ,  2.1293     ,  4.75503    ])
973     , -7287.63    , array([ 0.0868071  ,  0.373513   ,  0.136204   ,  2.16173    ,  4.54785    ])
974     , -6650.32    , array([ 0.0987235  ,  0.369925   ,  0.133568   ,  2.17813    ,  4.61588    ])
975     , -7376.12    , array([ 0.0846023  ,  0.369211   ,  0.152554   ,  2.18143    ,  4.62961    ])
976     , -7110.13    , array([ 0.0881575  ,  0.364676   ,  0.142522   ,  2.08913    ,  4.71845    ])
977     , -6769.78    , array([ 0.0933871  ,  0.358421   ,  0.142879   ,  2.15312    ,  4.3673     ])
likelihood = -6650.32
theta = 3250.98
Optimized parameters = [0.09872354 0.36992461 0.13356788 2.17813278 4.61588496]

Round_2_Replicate_3
978     , -8036.1     , array([ 0.385021   ,  0.324007   ,  0.326505   ,  6.19375    ,  0.556068   ])
979     , -7869.35    , array([ 0.367079   ,  0.324007   ,  0.326505   ,  6.19375    ,  0.556068   ])
980     , -7845.44    , array([ 0.385021   ,  0.306254   ,  0.326505   ,  6.19375    ,  0.556068   ])
981     , -7547.74    , array([ 0.385021   ,  0.324007   ,  0.308734   ,  6.19375    ,  0.556068   ])
982     , -8078.98    , array([ 0.385021   ,  0.324007   ,  0.326505   ,  6.78502    ,  0.556068   ])
983     , -7992.23    , array([ 0.385021   ,  0.324007   ,  0.326505   ,  6.19375    ,  0.539988   ])
984     , -7644.37    , array([ 0.377741   ,  0.316785   ,  0.319277   ,  5.654      ,  0.54958    ])
985     , -7525.66    , array([ 0.374868   ,  0.313942   ,  0.316431   ,  5.97193    ,  0.547005   ])
986     , -7282.7     , array([ 0.369892   ,  0.309028   ,  0.311511   ,  5.86401    ,  0.54253    ])
987     , -7285.91    , array([ 0.368905   ,  0.308054   ,  0.310537   ,  5.84267    ,  0.564353   ])
988     , -7180.91    , array([ 0.387706   ,  0.301895   ,  0.30437    ,  5.70787    ,  0.551285   ])
989     , -6861.35    , array([ 0.39845    ,  0.291412   ,  0.293871   ,  5.47942    ,  0.548909   ])
likelihood = -6861.35
theta = 1974.3
Optimized parameters = [0.39845029 0.29141171 0.29387135 5.47941703 0.54890912]

Round_2_Replicate_4
990     , -2622.75    , array([ 0.0551088  ,  0.0537545  ,  0.534767   ,  0.878983   ,  3.10081    ])
991     , -2937.99    , array([ 0.047674   ,  0.0537545  ,  0.534767   ,  0.878983   ,  3.10081    ])
992     , -2385.35    , array([ 0.0551088  ,  0.0464447  ,  0.534767   ,  0.878983   ,  3.10081    ])
993     , -2628.98    , array([ 0.0551088  ,  0.0537545  ,  0.51829    ,  0.878983   ,  3.10081    ])
994     , -2622.41    , array([ 0.0551088  ,  0.0537545  ,  0.534767   ,  0.873333   ,  3.10081    ])
995     , -2614.34    , array([ 0.0551088  ,  0.0537545  ,  0.534767   ,  0.878983   ,  3.28132    ])
996     , -2295.02    , array([ 0.063703   ,  0.0507018  ,  0.528114   ,  0.876719   ,  3.17179    ])
997     , -2120.81    , array([ 0.0736374  ,  0.0492411  ,  0.524819   ,  0.875589   ,  3.20789    ])
998     , -2285.06    , array([ 0.0618831  ,  0.048954   ,  0.547639   ,  0.875363   ,  3.21516    ])
999     , -2167.83    , array([ 0.0648205  ,  0.0471561  ,  0.535839   ,  0.873919   ,  3.26207    ])
1000    , -2039.59    , array([ 0.0691686  ,  0.0447493  ,  0.536269   ,  0.879809   ,  3.3289     ])
1001    , -1891.13    , array([ 0.0774913  ,  0.0408294  ,  0.537021   ,  0.883065   ,  3.44916    ])
likelihood = -1891.13
theta = 11098.29
Optimized parameters = [0.07749133 0.04082935 0.53702095 0.88306543 3.449161  ]

Round_2_Replicate_5
1002    , -4577.2     , array([ 0.185786   ,  0.0713304  ,  0.442932   ,  7.01012    ,  0.677585   ])
1003    , -4461.64    , array([ 0.17079    ,  0.0713304  ,  0.442932   ,  7.01012    ,  0.677585   ])
1004    , -4472       , array([ 0.185786   ,  0.0625084  ,  0.442932   ,  7.01012    ,  0.677585   ])
1005    , -4444.13    , array([ 0.185786   ,  0.0713304  ,  0.425259   ,  7.01012    ,  0.677585   ])
1006    , -4704.1     , array([ 0.185786   ,  0.0713304  ,  0.442932   ,  7.72701    ,  0.677585   ])
1007    , -4589.66    , array([ 0.185786   ,  0.0713304  ,  0.442932   ,  7.01012    ,  0.664526   ])
1008    , -4306.72    , array([ 0.179636   ,  0.0676613  ,  0.435776   ,  6.35974    ,  0.672331   ])
1009    , -4117.32    , array([ 0.176638   ,  0.0658981  ,  0.432242   ,  5.7697     ,  0.669719   ])
1010    , -4236.18    , array([ 0.176044   ,  0.065551   ,  0.431539   ,  6.4848     ,  0.687681   ])
1011    , -4126.44    , array([ 0.172292   ,  0.0633726  ,  0.427064   ,  6.28586    ,  0.678429   ])
1012    , -4115.24    , array([ 0.167173   ,  0.0727148  ,  0.420877   ,  6.01756    ,  0.678767   ])
1013    , -3999.57    , array([ 0.158578   ,  0.0784269  ,  0.410265   ,  5.5753     ,  0.679359   ])
likelihood = -3999.57
theta = 2822.1
Optimized parameters = [0.15857751 0.07842692 0.41026481 5.57529837 0.67935933]

Round_2_Replicate_6
1014    , -1563.01    , array([ 0.383134   ,  0.0750902  ,  0.0816967  ,  4.69594    ,  1.15273    ])
1015    , -1615.89    , array([ 0.36519    ,  0.0750902  ,  0.0816967  ,  4.69594    ,  1.15273    ])
1016    , -1625.28    , array([ 0.383134   ,  0.0659724  ,  0.0816967  ,  4.69594    ,  1.15273    ])
1017    , -1557.48    , array([ 0.383134   ,  0.0750902  ,  0.07208    ,  4.69594    ,  1.15273    ])
1018    , -1667.17    , array([ 0.383134   ,  0.0750902  ,  0.0816967  ,  5.07351    ,  1.15273    ])
1019    , -1563.15    , array([ 0.383134   ,  0.0750902  ,  0.0816967  ,  4.69594    ,  1.16095    ])
1020    , -1502.56    , array([ 0.375853   ,  0.0713009  ,  0.0777049  ,  4.34646    ,  1.15601    ])
1021    , -1429.43    , array([ 0.372264   ,  0.0694785  ,  0.0757828  ,  4.023      ,  1.15765    ])
1022    , -1470.63    , array([ 0.371551   ,  0.0828535  ,  0.0754041  ,  4.41421    ,  1.15798    ])
1023    , -1413.89    , array([ 0.39251    ,  0.0757149  ,  0.073025   ,  4.30631    ,  1.16009    ])
1024    , -1322.21    , array([ 0.406927   ,  0.0760292  ,  0.0690406  ,  4.1238     ,  1.16379    ])
1025    , -1373.53    , array([ 0.383252   ,  0.0760922  ,  0.0682702  ,  4.08823    ,  1.153      ])
likelihood = -1322.21
theta = 2308.11
Optimized parameters = [0.40692687 0.07602918 0.06904063 4.12379871 1.16378795]

Round_2_Replicate_7
1026    , -3313.18    , array([ 0.196645   ,  0.18713    ,  0.242774   ,  2.04119    ,  2.45897    ])
1027    , -3310.57    , array([ 0.181288   ,  0.18713    ,  0.242774   ,  2.04119    ,  2.45897    ])
1028    , -3085.49    , array([ 0.196645   ,  0.172088   ,  0.242774   ,  2.04119    ,  2.45897    ])
1029    , -3103.85    , array([ 0.196645   ,  0.18713    ,  0.226184   ,  2.04119    ,  2.45897    ])
1030    , -3314.81    , array([ 0.196645   ,  0.18713    ,  0.242774   ,  2.11533    ,  2.45897    ])
1031    , -3312.64    , array([ 0.196645   ,  0.18713    ,  0.242774   ,  2.04119    ,  2.57212    ])
1032    , -3128.8     , array([ 0.190352   ,  0.180961   ,  0.235996   ,  1.96965    ,  2.50362    ])
1033    , -3064.99    , array([ 0.187891   ,  0.178551   ,  0.233339   ,  2.01227    ,  2.5217     ])
1034    , -2959.28    , array([ 0.183662   ,  0.174411   ,  0.22876    ,  1.99796    ,  2.55367    ])
1035    , -2941.54    , array([ 0.182827   ,  0.173594   ,  0.227855   ,  1.99511    ,  2.40384    ])
1036    , -2802.72    , array([ 0.176287   ,  0.167198   ,  0.220743   ,  1.97246    ,  2.32388    ])
1037    , -2726.51    , array([ 0.196109   ,  0.165947   ,  0.219347   ,  1.96796    ,  2.45826    ])
1038    , -2481.72    , array([ 0.203968   ,  0.156273   ,  0.208496   ,  1.93234    ,  2.45791    ])
likelihood = -2481.72
theta = 4101.54
Optimized parameters = [0.20396787 0.15627302 0.20849627 1.93234227 2.45790696]

Round_2_Replicate_8
1039    , -15258.8    , array([ 0.248034   ,  0.560813   ,  0.430176   ,  0.853254   ,  0.969408   ])
1040    , -14948.9    , array([ 0.231333   ,  0.560813   ,  0.430176   ,  0.853254   ,  0.969408   ])
1041    , -14982.9    , array([ 0.248034   ,  0.544827   ,  0.430176   ,  0.853254   ,  0.969408   ])
1042    , -14722.7    , array([ 0.248034   ,  0.560813   ,  0.41241    ,  0.853254   ,  0.969408   ])
1043    , -15268.3    , array([ 0.248034   ,  0.560813   ,  0.430176   ,  0.84651    ,  0.969408   ])
1044    , -15257.5    , array([ 0.248034   ,  0.560813   ,  0.430176   ,  0.853254   ,  0.967904   ])
1045    , -14795.5    , array([ 0.241213   ,  0.554363   ,  0.42298    ,  0.860052   ,  0.968806   ])
1046    , -14624.4    , array([ 0.238538   ,  0.551804   ,  0.420135   ,  0.855967   ,  0.968566   ])
1047    , -14320      , array([ 0.233927   ,  0.547354   ,  0.415202   ,  0.857326   ,  0.968144   ])
1048    , -14261.8    , array([ 0.233016   ,  0.546468   ,  0.414223   ,  0.857598   ,  0.970168   ])
1049    , -13796.2    , array([ 0.225851   ,  0.539434   ,  0.406469   ,  0.859779   ,  0.971302   ])
1050    , -14083.5    , array([ 0.224445   ,  0.560268   ,  0.404936   ,  0.860215   ,  0.969418   ])
likelihood = -13796.22
theta = 4168.73
Optimized parameters = [0.22585123 0.5394343  0.40646903 0.8597786  0.97130176]

Round_2_Replicate_9
1051    , -2492.6     , array([ 0.587721   ,  0.141271   ,  0.124732   ,  6.3516     ,  0.674802   ])
1052    , -2454.47    , array([ 0.572308   ,  0.141271   ,  0.124732   ,  6.3516     ,  0.674802   ])
1053    , -2468.7     , array([ 0.587721   ,  0.128102   ,  0.124732   ,  6.3516     ,  0.674802   ])
1054    , -2205.48    , array([ 0.587721   ,  0.141271   ,  0.112402   ,  6.3516     ,  0.674802   ])
1055    , -2570.91    , array([ 0.587721   ,  0.141271   ,  0.124732   ,  6.9667     ,  0.674802   ])
1056    , -2486.42    , array([ 0.587721   ,  0.141271   ,  0.124732   ,  6.3516     ,  0.66166    ])
1057    , -2278.53    , array([ 0.581507   ,  0.135849   ,  0.119645   ,  5.79081    ,  0.669514   ])
1058    , -2262.12    , array([ 0.579039   ,  0.133738   ,  0.11767    ,  6.12104    ,  0.667411   ])
1059    , -2184.92    , array([ 0.575603   ,  0.130839   ,  0.114958   ,  6.03118    ,  0.683026   ])
1060    , -2052.49    , array([ 0.569638   ,  0.125915   ,  0.110362   ,  5.87709    ,  0.693967   ])
1061    , -2044.24    , array([ 0.568452   ,  0.143299   ,  0.109465   ,  5.84674    ,  0.677269   ])
1062    , -1867.38    , array([ 0.559056   ,  0.15156    ,  0.102548   ,  5.60957    ,  0.678507   ])
likelihood = -1867.38
theta = 1839.77
Optimized parameters = [0.55905557 0.15155999 0.10254775 5.60956763 0.67850653]

Round_2_Replicate_10
1063    , -8404.16    , array([ 0.053762   ,  0.106877   ,  0.172381   ,  11.5738    ,  3.99124    ])
1064    , -9238.53    , array([ 0.0464514  ,  0.106877   ,  0.172381   ,  11.5738    ,  3.99124    ])
1065    , -8340.81    , array([ 0.053762   ,  0.0955716  ,  0.172381   ,  11.5738    ,  3.99124    ])
1066    , -8842.08    , array([ 0.053762   ,  0.106877   ,  0.157876   ,  11.5738    ,  3.99124    ])
1067    , -8662.58    , array([ 0.053762   ,  0.106877   ,  0.172381   ,  13.0812    ,  3.99124    ])
1068    , -8246.64    , array([ 0.053762   ,  0.106877   ,  0.172381   ,  11.5738    ,  4.27724    ])
1069    , -7783.11    , array([ 0.0622231  ,  0.102203   ,  0.166426   ,  12.1547    ,  4.10327    ])
1070    , -7097.54    , array([ 0.0720158  ,  0.0999427  ,  0.163525   ,  12.456     ,  4.16046    ])
1071    , -7434.75    , array([ 0.0604305  ,  0.0994968  ,  0.184291   ,  12.5171    ,  4.17199    ])
1072    , -7166.04    , array([ 0.0633241  ,  0.0966894  ,  0.173354   ,  10.8811    ,  4.24657    ])
1073    , -6920.43    , array([ 0.0676092  ,  0.0928916  ,  0.173744   ,  11.9985    ,  4.35321    ])
1074    , -6224.8     , array([ 0.0758179  ,  0.0866009  ,  0.17443    ,  12.2167    ,  4.54632    ])
likelihood = -6224.8
theta = 2861.32
Optimized parameters = [ 0.07581785  0.08660086  0.17442994 12.21674923  4.54632449]

Round_3_Replicate_1
1075    , -3820.96    , array([ 0.29797    ,  0.144249   ,  0.265462   ,  3.40674    ,  3.07126    ])
1076    , -3617.5     , array([ 0.280466   ,  0.144249   ,  0.265462   ,  3.40674    ,  3.07126    ])
1077    , -3647.77    , array([ 0.29797    ,  0.130939   ,  0.265462   ,  3.40674    ,  3.07126    ])
1078    , -3478.65    , array([ 0.29797    ,  0.144249   ,  0.248429   ,  3.40674    ,  3.07126    ])
1079    , -3811.9     , array([ 0.29797    ,  0.144249   ,  0.265462   ,  3.62206    ,  3.07126    ])
1080    , -3828.77    , array([ 0.29797    ,  0.144249   ,  0.265462   ,  3.40674    ,  3.24849    ])
1081    , -3521.04    , array([ 0.290841   ,  0.13877    ,  0.258513   ,  3.49128    ,  2.90369    ])
1082    , -3414.1     , array([ 0.288037   ,  0.136637   ,  0.255784   ,  3.52569    ,  3.0031     ])
1083    , -3232.79    , array([ 0.283196   ,  0.132983   ,  0.251079   ,  3.58671    ,  2.96959    ])
1084    , -3201.77    , array([ 0.282238   ,  0.132264   ,  0.250148   ,  3.30311    ,  2.96293    ])
1085    , -2940.04    , array([ 0.274686   ,  0.12665    ,  0.242826   ,  3.15433    ,  2.91021    ])
1086    , -3108.11    , array([ 0.2732     ,  0.143781   ,  0.241387   ,  3.4054     ,  2.89978    ])
1087    , -2919.75    , array([ 0.287218   ,  0.130344   ,  0.23238    ,  3.40487    ,  2.8339     ])
1088    , -2641.18    , array([ 0.290655   ,  0.123902   ,  0.217419   ,  3.40393    ,  2.7222     ])
1089    , -2673.73    , array([ 0.276902   ,  0.129486   ,  0.222662   ,  3.28891    ,  2.92105    ])
1090    , -2468.8     , array([ 0.262465   ,  0.119302   ,  0.22177    ,  3.32341    ,  2.70684    ])
1091    , -2160.05    , array([ 0.246332   ,  0.108497   ,  0.209533   ,  3.28251    ,  2.54118    ])
1092    , -2232.02    , array([ 0.261174   ,  0.119293   ,  0.204114   ,  3.04669    ,  2.63037    ])
1093    , -2054.39    , array([ 0.265898   ,  0.102394   ,  0.198532   ,  3.06917    ,  2.59065    ])
1094    , -1767.88    , array([ 0.262321   ,  0.0864097  ,  0.180049   ,  2.91372    ,  2.44867    ])
likelihood = -1767.88
theta = 3464.23
Optimized parameters = [0.26232095 0.08640967 0.18004871 2.91372339 2.44867211]

Round_3_Replicate_2
1095    , -1330.83    , array([ 0.54045    ,  0.244414   ,  0.0673466  ,  3.81486    ,  1.34227    ])
1096    , -1318.94    , array([ 0.524075   ,  0.244414   ,  0.0673466  ,  3.81486    ,  1.34227    ])
1097    , -1272.05    , array([ 0.54045    ,  0.227789   ,  0.0673466  ,  3.81486    ,  1.34227    ])
1098    , -1158.06    , array([ 0.54045    ,  0.244414   ,  0.058848   ,  3.81486    ,  1.34227    ])
1099    , -1335.94    , array([ 0.54045    ,  0.244414   ,  0.0673466  ,  4.07899    ,  1.34227    ])
1100    , -1331.74    , array([ 0.54045    ,  0.244414   ,  0.0673466  ,  3.81486    ,  1.36217    ])
1101    , -1225.67    , array([ 0.533839   ,  0.237623   ,  0.063809   ,  3.56784    ,  1.3502     ])
1102    , -1188.83    , array([ 0.531218   ,  0.23496    ,  0.0624466  ,  3.71407    ,  1.32578    ])
1103    , -1140.24    , array([ 0.527569   ,  0.231282   ,  0.0605879  ,  3.6745     ,  1.3388     ])
1104    , -1063.48    , array([ 0.521245   ,  0.224982   ,  0.0574673  ,  3.60626    ,  1.33707    ])
1105    , -1053.35    , array([ 0.542876   ,  0.223743   ,  0.0568628  ,  3.59277    ,  1.33672    ])
1106    , -950.141    , array([ 0.552529   ,  0.214073   ,  0.0522497  ,  3.48661    ,  1.33395    ])
1107    , -988.164    , array([ 0.531103   ,  0.234183   ,  0.051373   ,  3.46576    ,  1.3334     ])
1108    , -941.116    , array([ 0.536575   ,  0.223185   ,  0.0497176  ,  3.66294    ,  1.31895    ])
1109    , -857.976    , array([ 0.537948   ,  0.216298   ,  0.0438858  ,  3.71144    ,  1.3036     ])
1110    , -850.04     , array([ 0.541946   ,  0.218365   ,  0.0441173  ,  3.51773    ,  1.33421    ])
1111    , -761.89     , array([ 0.547391   ,  0.210513   ,  0.0370817  ,  3.42349    ,  1.33845    ])
1112    , -752.731    , array([ 0.535414   ,  0.197748   ,  0.0389186  ,  3.27966    ,  1.31631    ])
1113    , -684.669    , array([ 0.532914   ,  0.177871   ,  0.0316498  ,  3.04092    ,  1.30352    ])
1114    , -689.684    , array([ 0.56008    ,  0.195557   ,  0.0313941  ,  3.24064    ,  1.30808    ])
likelihood = -684.67
theta = 2318.96
Optimized parameters = [0.53291369 0.17787081 0.03164976 3.04091746 1.30352377]

Round_3_Replicate_3
1115    , -1693.75    , array([ 0.651555   ,  0.0679103  ,  0.0722422  ,  1.97841    ,  3.84604    ])
1116    , -1640.23    , array([ 0.637747   ,  0.0679103  ,  0.0722422  ,  1.97841    ,  3.84604    ])
1117    , -1770.07    , array([ 0.651555   ,  0.0593653  ,  0.0722422  ,  1.97841    ,  3.84604    ])
1118    , -1483.58    , array([ 0.651555   ,  0.0679103  ,  0.0633476  ,  1.97841    ,  3.84604    ])
1119    , -1691.12    , array([ 0.651555   ,  0.0679103  ,  0.0722422  ,  2.04707    ,  3.84604    ])
1120    , -1688.06    , array([ 0.651555   ,  0.0679103  ,  0.0722422  ,  1.97841    ,  4.114      ])
1121    , -1512.61    , array([ 0.645996   ,  0.0776853  ,  0.0685436  ,  2.0056     ,  3.95106    ])
1122    , -1510.95    , array([ 0.643786   ,  0.0716633  ,  0.0671177  ,  2.01657    ,  3.99387    ])
1123    , -1447.4     , array([ 0.640704   ,  0.073222   ,  0.0651712  ,  1.93727    ,  4.05458    ])
1124    , -1344.54    , array([ 0.635347   ,  0.0760316  ,  0.0618996  ,  1.8846     ,  4.16306    ])
1125    , -1325.22    , array([ 0.634281   ,  0.0766064  ,  0.0612652  ,  1.96593    ,  3.80851    ])
1126    , -1183.44    , array([ 0.625817   ,  0.0813635  ,  0.0564191  ,  1.95971    ,  3.66438    ])
1127    , -1202.39    , array([ 0.643138   ,  0.0823498  ,  0.0554968  ,  1.95847    ,  3.99577    ])
1128    , -1209.89    , array([ 0.6338     ,  0.0736866  ,  0.0537543  ,  1.91364    ,  3.9071     ])
1129    , -1100.96    , array([ 0.632011   ,  0.0807732  ,  0.0502311  ,  1.86376    ,  3.83141    ])
1130    , -973.485    , array([ 0.626204   ,  0.0857537  ,  0.0434551  ,  1.79175    ,  3.75267    ])
1131    , -951.6      , array([ 0.614641   ,  0.0935741  ,  0.0457724  ,  1.82587    ,  3.93975    ])
1132    , -821.7      , array([ 0.596976   ,  0.109841   ,  0.0389082  ,  1.75406    ,  3.98746    ])
1133    , -863.409    , array([ 0.614808   ,  0.0968289  ,  0.0389034  ,  1.86251    ,  3.57754    ])
likelihood = -821.7
theta = 2102.93
Optimized parameters = [0.59697568 0.10984123 0.03890817 1.75406436 3.98746342]

Round_3_Replicate_4
1134    , -4442.27    , array([ 0.111801   ,  0.24259    ,  0.0934206  ,  2.24356    ,  0.538433   ])
1135    , -4934.75    , array([ 0.1002     ,  0.24259    ,  0.0934206  ,  2.24356    ,  0.538433   ])
1136    , -4317.99    , array([ 0.111801   ,  0.226004   ,  0.0934206  ,  2.24356    ,  0.538433   ])
1137    , -4488.58    , array([ 0.111801   ,  0.24259    ,  0.0829784  ,  2.24356    ,  0.538433   ])
1138    , -4497.67    , array([ 0.111801   ,  0.24259    ,  0.0934206  ,  2.33606    ,  0.538433   ])
1139    , -4434.37    , array([ 0.111801   ,  0.24259    ,  0.0934206  ,  2.24356    ,  0.522021   ])
1140    , -3961.29    , array([ 0.124745   ,  0.235815   ,  0.0890947  ,  2.28011    ,  0.531807   ])
1141    , -3517.11    , array([ 0.139188   ,  0.232498   ,  0.0870074  ,  2.29861    ,  0.528525   ])
1142    , -3969.39    , array([ 0.122041   ,  0.23184    ,  0.0865958  ,  2.17571    ,  0.527871   ])
1143    , -3794.33    , array([ 0.126396   ,  0.227675   ,  0.0991717  ,  2.23777    ,  0.523704   ])
1144    , -3577.96    , array([ 0.132754   ,  0.221969   ,  0.0902169  ,  2.23545    ,  0.517926   ])
1145    , -3268.99    , array([ 0.142196   ,  0.21422    ,  0.0889663  ,  2.23222    ,  0.532529   ])
1146    , -2760.79    , array([ 0.160365   ,  0.201305   ,  0.0868195  ,  2.22657    ,  0.537862   ])
1147    , -2797.09    , array([ 0.164268   ,  0.219539   ,  0.0863964  ,  2.22544    ,  0.516079   ])
1148    , -2671.62    , array([ 0.169477   ,  0.209396   ,  0.0931195  ,  2.31567    ,  0.521669   ])
1149    , -2178.28    , array([ 0.199715   ,  0.199002   ,  0.0965634  ,  2.38899    ,  0.518595   ])
1150    , -2186.85    , array([ 0.196497   ,  0.20205    ,  0.0804489  ,  2.31113    ,  0.523761   ])
1151    , -1915.4     , array([ 0.218859   ,  0.199594   ,  0.084472   ,  2.34454    ,  0.531983   ])
1152    , -1394.43    , array([ 0.281011   ,  0.189267   ,  0.0817382  ,  2.40106    ,  0.539154   ])
likelihood = -1394.43
theta = 3294.68
Optimized parameters = [0.28101148 0.18926686 0.08173822 2.40106051 0.53915392]

Round_3_Replicate_5
1153    , -2246.92    , array([ 1.0278     ,  0.147631   ,  0.0500116  ,  2.91761    ,  0.359083   ])
1154    , -2253.19    , array([ 1.02921    ,  0.147631   ,  0.0500116  ,  2.91761    ,  0.359083   ])
1155    , -2245.27    , array([ 1.0278     ,  0.134164   ,  0.0500116  ,  2.91761    ,  0.359083   ])
1156    , -2073.14    , array([ 1.0278     ,  0.147631   ,  0.043055   ,  2.91761    ,  0.359083   ])
1157    , -2103.56    , array([ 1.0278     ,  0.147631   ,  0.0500116  ,  3.07807    ,  0.359083   ])
1158    , -2234.93    , array([ 1.0278     ,  0.147631   ,  0.0500116  ,  2.91761    ,  0.341157   ])
1159    , -2103.28    , array([ 1.02639    ,  0.142089   ,  0.0471033  ,  2.98076    ,  0.351802   ])
1160    , -2055.77    , array([ 1.02723    ,  0.139931   ,  0.045988   ,  3.00641    ,  0.348932   ])
1161    , -1970.32    , array([ 1.02695    ,  0.136233   ,  0.0440993  ,  3.05182    ,  0.343964   ])
1162    , -1952.43    , array([ 1.0269     ,  0.154922   ,  0.0437309  ,  3.06098    ,  0.342979   ])
1163    , -1826.45    , array([ 1.02645    ,  0.166477   ,  0.0408929  ,  3.13528    ,  0.3352     ])
1164    , -1806.63    , array([ 1.02636    ,  0.147721   ,  0.0403478  ,  3.15036    ,  0.358466   ])
1165    , -1629.48    , array([ 1.02564    ,  0.147767   ,  0.0362405  ,  3.27361    ,  0.367446   ])
1166    , -1771.74    , array([ 1.02549    ,  0.147776   ,  0.0354707  ,  3.06061    ,  0.343722   ])
1167    , -1634.65    , array([ 1.02654    ,  0.155968   ,  0.0336213  ,  3.19412    ,  0.347589   ])
1168    , -1488.05    , array([ 1.02463    ,  0.153449   ,  0.033318   ,  3.38362    ,  0.336139   ])
1169    , -1265.15    , array([ 1.02305    ,  0.156443   ,  0.0293094  ,  3.64384    ,  0.325223   ])
1170    , -1340.1     , array([ 1.02391    ,  0.175746   ,  0.027625   ,  3.47257    ,  0.343137   ])
1171    , -1299.24    , array([ 1.02341    ,  0.14697    ,  0.0254652  ,  3.52112    ,  0.355421   ])
likelihood = -1265.15
theta = 1944.47
Optimized parameters = [1.02305119 0.15644286 0.0293094  3.64383505 0.32522283]

Round_4_Replicate_1
1172    , -1848.85    , array([ 0.275095   ,  0.0911157  ,  0.03913    ,  3.25352    ,  0.70948    ])
1173    , -2044.38    , array([ 0.257903   ,  0.0911157  ,  0.03913    ,  3.25352    ,  0.70948    ])
1174    , -1899.01    , array([ 0.275095   ,  0.0808301  ,  0.03913    ,  3.25352    ,  0.70948    ])
1175    , -1970.91    , array([ 0.275095   ,  0.0911157  ,  0.0332763  ,  3.25352    ,  0.70948    ])
1176    , -1958.58    , array([ 0.275095   ,  0.0911157  ,  0.03913    ,  3.45121    ,  0.70948    ])
1177    , -1845.48    , array([ 0.275095   ,  0.0911157  ,  0.03913    ,  3.25352    ,  0.697408   ])
1178    , -1771.63    , array([ 0.293433   ,  0.0868531  ,  0.0366741  ,  3.3312     ,  0.704626   ])
1179    , -1650.3     , array([ 0.312993   ,  0.0847971  ,  0.0355046  ,  3.37073    ,  0.702212   ])
1180    , -1714.94    , array([ 0.28967    ,  0.0843918  ,  0.0442582  ,  3.3787     ,  0.70173    ])
1181    , -1631.9     , array([ 0.295714   ,  0.0818433  ,  0.0395379  ,  3.15822    ,  0.698654   ])
1182    , -1491.11    , array([ 0.306596   ,  0.0775672  ,  0.0397434  ,  3.02119    ,  0.693303   ])
1183    , -1521.73    , array([ 0.30882    ,  0.0907498  ,  0.0397847  ,  3.2523     ,  0.692238   ])
1184    , -1457.44    , array([ 0.32344    ,  0.0803759  ,  0.0400496  ,  3.2518     ,  0.685459   ])
1185    , -1307.41    , array([ 0.350711   ,  0.0754905  ,  0.0405175  ,  3.25094    ,  0.673756   ])
1186    , -1284.47    , array([ 0.356436   ,  0.0745497  ,  0.0406117  ,  3.25077    ,  0.687766   ])
1187    , -1123.33    , array([ 0.405723   ,  0.0674329  ,  0.0413735  ,  3.2494     ,  0.682995   ])
1188    , -1141.8     , array([ 0.387339   ,  0.0735813  ,  0.0349509  ,  3.08186    ,  0.676171   ])
1189    , -1048.44    , array([ 0.390375   ,  0.0691896  ,  0.043295   ,  2.98039    ,  0.66557    ])
1190    , -941.201    , array([ 0.435969   ,  0.0624986  ,  0.0478094  ,  2.80251    ,  0.647973   ])
1191    , -1031.81    , array([ 0.454163   ,  0.0556912  ,  0.0415839  ,  2.91038    ,  0.657548   ])
1192    , -1013.33    , array([ 0.535315   ,  0.0570686  ,  0.0423877  ,  3.08653    ,  0.642778   ])
1193    , -1063.93    , array([ 0.554229   ,  0.0524306  ,  0.0423352  ,  2.80947    ,  0.64909    ])
1194    , -1252.3     , array([ 0.579146   ,  0.0469718  ,  0.0529886  ,  2.85592    ,  0.636283   ])
1195    , -1017.09    , array([ 0.428317   ,  0.065771   ,  0.0387828  ,  3.02375    ,  0.665971   ])
1196    , -1103.97    , array([ 0.565018   ,  0.0507455  ,  0.0436199  ,  2.6318     ,  0.623598   ])
1197    , -1005.56    , array([ 0.520121   ,  0.0544837  ,  0.0430472  ,  2.77421    ,  0.637944   ])
1198    , -1049.87    , array([ 0.403245   ,  0.0662761  ,  0.0429145  ,  3.02857    ,  0.65164    ])
1199    , -993.527    , array([ 0.436616   ,  0.0625049  ,  0.0427689  ,  2.97224    ,  0.651002   ])
likelihood = -941.2
theta = 2843.2
Optimized parameters = [0.43596948 0.06249863 0.04780943 2.80250932 0.64797264]

Round_4_Replicate_2
1200    , -918.53     , array([ 0.473501   ,  0.262456   ,  0.0306477  ,  2.4224     ,  1.66987    ])
1201    , -959.58     , array([ 0.456128   ,  0.262456   ,  0.0306477  ,  2.4224     ,  1.66987    ])
1202    , -870.396    , array([ 0.473501   ,  0.245476   ,  0.0306477  ,  2.4224     ,  1.66987    ])
1203    , -927.622    , array([ 0.473501   ,  0.262456   ,  0.0257464  ,  2.4224     ,  1.66987    ])
1204    , -925.372    , array([ 0.473501   ,  0.262456   ,  0.0306477  ,  2.53196    ,  1.66987    ])
1205    , -920.478    , array([ 0.473501   ,  0.262456   ,  0.0306477  ,  2.4224     ,  1.71324    ])
1206    , -864.999    , array([ 0.491535   ,  0.255527   ,  0.0285841  ,  2.46564    ,  1.68708    ])
1207    , -824.782    , array([ 0.510257   ,  0.252132   ,  0.0276051  ,  2.48755    ,  1.69576    ])
1208    , -877.633    , array([ 0.487874   ,  0.251458   ,  0.0349876  ,  2.49196    ,  1.6975     ])
1209    , -837.657    , array([ 0.493745   ,  0.247189   ,  0.0309914  ,  2.36898    ,  1.70867    ])
1210    , -811.884    , array([ 0.502083   ,  0.241334   ,  0.0311299  ,  2.45415    ,  1.66365    ])
1211    , -770.047    , array([ 0.517015   ,  0.23142    ,  0.0313739  ,  2.47018    ,  1.6394     ])
1212    , -763.657    , array([ 0.520054   ,  0.229487   ,  0.0314229  ,  2.4734     ,  1.69432    ])
1213    , -715.629    , array([ 0.54502    ,  0.214589   ,  0.0318179  ,  2.49931    ,  1.70668    ])
1214    , -736.963    , array([ 0.527598   ,  0.224804   ,  0.0264992  ,  2.40719    ,  1.67035    ])
1215    , -705.97     , array([ 0.567654   ,  0.22232    ,  0.028542   ,  2.47009    ,  1.69818    ])
1216    , -682.412    , array([ 0.621534   ,  0.211575   ,  0.027544   ,  2.49429    ,  1.71252    ])
1217    , -667.353    , array([ 0.596879   ,  0.207459   ,  0.0269249  ,  2.57839    ,  1.66111    ])
1218    , -651.223    , array([ 0.656262   ,  0.190057   ,  0.0250964  ,  2.68994    ,  1.63783    ])
1219    , -671.039    , array([ 0.638728   ,  0.18165    ,  0.0290975  ,  2.53353    ,  1.65065    ])
1220    , -671.176    , array([ 0.686003   ,  0.179638   ,  0.0248423  ,  2.57732    ,  1.71208    ])
1221    , -769.326    , array([ 0.746681   ,  0.169056   ,  0.0286622  ,  2.71801    ,  1.69702    ])
1222    , -676.529    , array([ 0.575455   ,  0.209344   ,  0.0270242  ,  2.48139    ,  1.67698    ])
1223    , -714.368    , array([ 0.738696   ,  0.17536    ,  0.0223616  ,  2.61031    ,  1.64927    ])
1224    , -672.349    , array([ 0.684624   ,  0.184437   ,  0.0244228  ,  2.58211    ,  1.66344    ])
1225    , -658.281    , array([ 0.6733     ,  0.168355   ,  0.0246181  ,  2.65202    ,  1.62464    ])
1226    , -769.531    , array([ 0.774356   ,  0.155947   ,  0.0241731  ,  2.73767    ,  1.63817    ])
1227    , -653.377    , array([ 0.619789   ,  0.194487   ,  0.0262813  ,  2.54312    ,  1.66719    ])
likelihood = -651.22
theta = 2191.59
Optimized parameters = [0.65626248 0.1900568  0.02509643 2.68994038 1.63782769]

Round_4_Replicate_3
1228    , -1753.04    , array([ 0.959201   ,  0.101822   ,  0.0557028  ,  4.65441    ,  0.999269   ])
1229    , -1747.12    , array([ 0.957205   ,  0.101822   ,  0.0557028  ,  4.65441    ,  0.999269   ])
1230    , -1805.98    , array([ 0.959201   ,  0.0908312  ,  0.0557028  ,  4.65441    ,  0.999269   ])
1231    , -1516.39    , array([ 0.959201   ,  0.101822   ,  0.0482137  ,  4.65441    ,  0.999269   ])
1232    , -1702.67    , array([ 0.959201   ,  0.101822   ,  0.0557028  ,  5.02641    ,  0.999269   ])
1233    , -1753.03    , array([ 0.959201   ,  0.101822   ,  0.0557028  ,  4.65441    ,  0.999233   ])
1234    , -1581.79    , array([ 0.958402   ,  0.114143   ,  0.0525768  ,  4.79979    ,  0.999255   ])
1235    , -1562.1     , array([ 0.958083   ,  0.106583   ,  0.0513761  ,  4.8592     ,  0.999249   ])
1236    , -1492.84    , array([ 0.957636   ,  0.108548   ,  0.0497411  ,  4.94362    ,  0.999292   ])
1237    , -1381.01    , array([ 0.956854   ,  0.112076   ,  0.0470039  ,  5.0949     ,  0.999321   ])
1238    , -1366       , array([ 0.959492   ,  0.112795   ,  0.0464749  ,  5.1257     ,  0.999276   ])
1239    , -1217.45    , array([ 0.960637   ,  0.118718   ,  0.0424511  ,  5.37895    ,  0.999279   ])
1240    , -1229.89    , array([ 0.958069   ,  0.119939   ,  0.0416891  ,  4.87681    ,  0.99928    ])
1241    , -1212.49    , array([ 0.958734   ,  0.109133   ,  0.0402529  ,  5.1397     ,  0.999305   ])
1242    , -1101.13    , array([ 0.9589     ,  0.106711   ,  0.0352207  ,  5.31857    ,  0.99933    ])
1243    , -1061.92    , array([ 0.95938    ,  0.116931   ,  0.0354197  ,  5.26364    ,  0.999343   ])
1244    , -923.442    , array([ 0.96003    ,  0.122477   ,  0.0294094  ,  5.47832    ,  0.99939    ])
1245    , -908.95     , array([ 0.958593   ,  0.131783   ,  0.0309715  ,  5.86543    ,  0.999371   ])
1246    , -802.5      , array([ 0.958289   ,  0.149922   ,  0.0248232  ,  6.58441    ,  0.999422   ])
1247    , -824.447    , array([ 0.96152    ,  0.134502   ,  0.0246086  ,  5.9372     ,  0.99936    ])
1248    , -866.931    , array([ 0.961684   ,  0.13158    ,  0.0224711  ,  6.71057    ,  0.999433   ])
1249    , -854.755    , array([ 0.95953    ,  0.138517   ,  0.0171101  ,  6.64695    ,  0.999494   ])
1250    , -838.542    , array([ 0.961522   ,  0.171051   ,  0.0154499  ,  7.34947    ,  0.99951    ])
1251    , -951.464    , array([ 0.960987   ,  0.170338   ,  0.0143025  ,  8.02504    ,  0.999497   ])
1252    , -831.824    , array([ 0.960269   ,  0.133005   ,  0.0245594  ,  6.02694    ,  0.999417   ])
1253    , -742.512    , array([ 0.958769   ,  0.159239   ,  0.019396   ,  6.27582    ,  0.999449   ])
1254    , -697.491    , array([ 0.957315   ,  0.175177   ,  0.01802    ,  6.06912    ,  0.999457   ])
likelihood = -697.49
theta = 1463.72
Optimized parameters = [0.95731518 0.17517734 0.01802002 6.06911876 0.99945667]

Round_4_Replicate_4
1255    , -2328.02    , array([ 0.27043    ,  0.241464   ,  0.0590548  ,  4.20892    ,  1.25291    ])
1256    , -2538       , array([ 0.253313   ,  0.241464   ,  0.0590548  ,  4.20892    ,  1.25291    ])
1257    , -2272.01    , array([ 0.27043    ,  0.224903   ,  0.0590548  ,  4.20892    ,  1.25291    ])
1258    , -2384.74    , array([ 0.27043    ,  0.241464   ,  0.0512646  ,  4.20892    ,  1.25291    ])
1259    , -2434.01    , array([ 0.27043    ,  0.241464   ,  0.0590548  ,  4.52251    ,  1.25291    ])
1260    , -2329.9     , array([ 0.27043    ,  0.241464   ,  0.0590548  ,  4.20892    ,  1.26712    ])
1261    , -2166.98    , array([ 0.288704   ,  0.234698   ,  0.0558059  ,  4.33166    ,  1.25857    ])
1262    , -1996.99    , array([ 0.308212   ,  0.231387   ,  0.0542491  ,  4.39436    ,  1.26141    ])
1263    , -2089.42    , array([ 0.284953   ,  0.23073    ,  0.053943   ,  3.98522    ,  1.26198    ])
1264    , -2041.24    , array([ 0.290978   ,  0.226571   ,  0.063419   ,  4.18961    ,  1.26563    ])
1265    , -1963.71    , array([ 0.299628   ,  0.220874   ,  0.0566458  ,  4.18191    ,  1.25086    ])
1266    , -1799.53    , array([ 0.315388   ,  0.211248   ,  0.0554784  ,  4.16847    ,  1.24281    ])
1267    , -1770.67    , array([ 0.318638   ,  0.209373   ,  0.0552479  ,  4.16578    ,  1.26095    ])
1268    , -1540.16    , array([ 0.345875   ,  0.194964   ,  0.0534375  ,  4.14438    ,  1.26498    ])
1269    , -1542.58    , array([ 0.351596   ,  0.212306   ,  0.0530826  ,  4.14012    ,  1.26579    ])
1270    , -1521.37    , array([ 0.36294    ,  0.200169   ,  0.0577402  ,  4.43971    ,  1.25821    ])
1271    , -1341.23    , array([ 0.409605   ,  0.186442   ,  0.0597379  ,  4.68604    ,  1.25632    ])
1272    , -1278.92    , array([ 0.40752    ,  0.188552   ,  0.047952   ,  4.41659    ,  1.25088    ])
1273    , -1026.48    , array([ 0.482274   ,  0.172006   ,  0.0416966  ,  4.53465    ,  1.24357    ])
1274    , -1035.71    , array([ 0.460191   ,  0.163976   ,  0.0504564  ,  4.26406    ,  1.24793    ])
1275    , -950.681    , array([ 0.523093   ,  0.162301   ,  0.0475009  ,  4.53609    ,  1.26871    ])
1276    , -881.454    , array([ 0.673668   ,  0.142262   ,  0.0439532  ,  4.73188    ,  1.28186    ])
1277    , -919.769    , array([ 0.608613   ,  0.137595   ,  0.0460351  ,  4.81786    ,  1.25197    ])
1278    , -977.117    , array([ 0.775593   ,  0.130337   ,  0.0430817  ,  5.11169    ,  1.2476     ])
1279    , -924.271    , array([ 0.845466   ,  0.118111   ,  0.0338147  ,  4.68082    ,  1.2527     ])
1280    , -1060.54    , array([ 0.959813   ,  0.117776   ,  0.0341126  ,  5.33954    ,  1.26305    ])
1281    , -899.055    , array([ 0.553032   ,  0.150956   ,  0.0457526  ,  4.5107     ,  1.25169    ])
likelihood = -881.45
theta = 1827.19
Optimized parameters = [0.67366763 0.14226151 0.04395316 4.73188414 1.28185991]

Round_4_Replicate_5
1282    , -763.16     , array([ 0.964162   ,  0.180584   ,  0.018732   ,  6.05564    ,  2.40597    ])
1283    , -763.713    , array([ 0.962404   ,  0.180584   ,  0.018732   ,  6.05564    ,  2.40597    ])
1284    , -800.228    , array([ 0.964162   ,  0.165773   ,  0.018732   ,  6.05564    ,  2.40597    ])
1285    , -790.791    , array([ 0.964162   ,  0.180584   ,  0.0153537  ,  6.05564    ,  2.40597    ])
1286    , -809.831    , array([ 0.964162   ,  0.180584   ,  0.018732   ,  6.62625    ,  2.40597    ])
1287    , -769.529    , array([ 0.964162   ,  0.180584   ,  0.018732   ,  6.05564    ,  2.51394    ])
1288    , -750.694    , array([ 0.963458   ,  0.174507   ,  0.0172996  ,  5.53416    ,  2.44859    ])
1289    , -737.648    , array([ 0.963107   ,  0.171546   ,  0.016625   ,  5.05759    ,  2.47019    ])
1290    , -725        , array([ 0.963037   ,  0.192719   ,  0.0164933  ,  5.63474    ,  2.47453    ])
1291    , -698.43     , array([ 0.962474   ,  0.207793   ,  0.0154763  ,  5.43539    ,  2.50953    ])
1292    , -719.387    , array([ 0.962362   ,  0.187129   ,  0.0201864  ,  5.39637    ,  2.51659    ])
1293    , -699.573    , array([ 0.961643   ,  0.189812   ,  0.0170482  ,  5.15322    ,  2.40953    ])
1294    , -688.428    , array([ 0.963095   ,  0.193634   ,  0.0164179  ,  4.8311     ,  2.51914    ])
1295    , -677.339    , array([ 0.96344    ,  0.200509   ,  0.0153703  ,  4.31508    ,  2.5777     ])
1296    , -676.398    , array([ 0.961051   ,  0.201913   ,  0.015169   ,  4.21869    ,  2.58958    ])
1297    , -691.342    , array([ 0.959499   ,  0.213505   ,  0.0136503  ,  3.52116    ,  2.68657    ])
1298    , -649.133    , array([ 0.961281   ,  0.226871   ,  0.0164762  ,  4.69771    ,  2.57034    ])
1299    , -637.35     , array([ 0.96037    ,  0.260903   ,  0.0164023  ,  4.5275     ,  2.62193    ])
1300    , -670.228    , array([ 0.961228   ,  0.237549   ,  0.0124881  ,  4.10423    ,  2.56466    ])
1301    , -659.081    , array([ 0.961781   ,  0.256177   ,  0.0130558  ,  3.92388    ,  2.74632    ])
1302    , -697.555    , array([ 0.960673   ,  0.254447   ,  0.013436   ,  3.26556    ,  2.73371    ])
1303    , -666.904    , array([ 0.961123   ,  0.241883   ,  0.0139194  ,  3.70917    ,  2.67585    ])
1304    , -665.566    , array([ 0.958787   ,  0.284238   ,  0.0130026  ,  3.87182    ,  2.70149    ])
1305    , -693.503    , array([ 0.960264   ,  0.323638   ,  0.0123876  ,  3.82667    ,  2.735      ])
1306    , -657.713    , array([ 0.960854   ,  0.22719    ,  0.0144199  ,  4.11707    ,  2.62519    ])
1307    , -650.393    , array([ 0.959937   ,  0.270225   ,  0.0159379  ,  3.93831    ,  2.78747    ])
1308    , -639.138    , array([ 0.959568   ,  0.277409   ,  0.015095   ,  4.46353    ,  2.71566    ])
likelihood = -637.35
theta = 1460.42
Optimized parameters = [0.96036973 0.26090265 0.01640228 4.52749517 2.621926  ]

Round_1_Replicate_1
2165    , -18772.7    , array([ 0.146704   ,  3.90332    ,  0.151769   ,  4.09825    ,  0.404945   ])
2166    , -19160.1    , array([ 0.13328    ,  3.90332    ,  0.151769   ,  4.09825    ,  0.404945   ])
2167    , -19292.8    , array([ 0.146704   ,  4.17835    ,  0.151769   ,  4.09825    ,  0.404945   ])
2168    , -18515.4    , array([ 0.146704   ,  3.90332    ,  0.138115   ,  4.09825    ,  0.404945   ])
2169    , -18552.9    , array([ 0.146704   ,  3.90332    ,  0.151769   ,  4.39773    ,  0.404945   ])
2170    , -18658.4    , array([ 0.146704   ,  3.90332    ,  0.151769   ,  4.09825    ,  0.387049   ])
2171    , -18155.9    , array([ 0.14118    ,  3.64638    ,  0.146152   ,  4.21551    ,  0.397689   ])
2172    , -17578.8    , array([ 0.138496   ,  3.40636    ,  0.143423   ,  4.2754     ,  0.39411    ])
2173    , -17681      , array([ 0.157804   ,  3.69638    ,  0.142883   ,  4.28747    ,  0.393398   ])
likelihood = -17578.83
theta = 1565.72
Optimized parameters = [0.13849567 3.40635765 0.14342259 4.27539639 0.39411027]

Round_1_Replicate_2
2174    , -66351.7    , array([ 1.00622    ,  0.245056   ,  1.65347    ,  0.761796   ,  1.0674     ])
2175    , -66358.1    , array([ 1.00653    ,  0.245056   ,  1.65347    ,  0.761796   ,  1.0674     ])
2176    , -65534.1    , array([ 1.00622    ,  0.228417   ,  1.65347    ,  0.761796   ,  1.0674     ])
2177    , -67185.8    , array([ 1.00622    ,  0.245056   ,  1.69557    ,  0.761796   ,  1.0674     ])
2178    , -66348      , array([ 1.00622    ,  0.245056   ,  1.65347    ,  0.751503   ,  1.0674     ])
2179    , -66351.6    , array([ 1.00622    ,  0.245056   ,  1.65347    ,  0.761796   ,  1.07089    ])
2180    , -65196      , array([ 1.00635    ,  0.23826    ,  1.61241    ,  0.757662   ,  1.06879    ])
2181    , -64211.8    , array([ 1.00641    ,  0.234933   ,  1.57238    ,  0.755603   ,  1.06949    ])
2182    , -65159.1    , array([ 1.00598    ,  0.234273   ,  1.62054    ,  0.755192   ,  1.06963    ])
likelihood = -64211.85
theta = 2968.3
Optimized parameters = [1.006409   0.23493275 1.57237684 0.75560323 1.06949171]

Round_1_Replicate_3
2183    , -104551     , array([ 3.53717    ,  2.092      ,  0.595385   ,  0.159639   ,  0.237307   ])
2184    , -105727     , array([ 3.76781    ,  2.092      ,  0.595385   ,  0.159639   ,  0.237307   ])
2185    , -105527     , array([ 3.53717    ,  2.17065    ,  0.595385   ,  0.159639   ,  0.237307   ])
2186    , -104080     , array([ 3.53717    ,  2.092      ,  0.580147   ,  0.159639   ,  0.237307   ])
2187    , -105599     , array([ 3.53717    ,  2.092      ,  0.595385   ,  0.145645   ,  0.237307   ])
2188    , -105260     , array([ 3.53717    ,  2.092      ,  0.595385   ,  0.159639   ,  0.22084    ])
2189    , -104253     , array([ 3.32065    ,  2.12312    ,  0.589242   ,  0.153887   ,  0.230578   ])
2190    , -103783     , array([ 3.44892    ,  2.13569    ,  0.586803   ,  0.172428   ,  0.22794    ])
2191    , -102724     , array([ 3.40562    ,  2.15787    ,  0.582558   ,  0.187613   ,  0.223395   ])
likelihood = -102724.17
theta = 1863.99
Optimized parameters = [3.40562071 2.15787417 0.5825583  0.18761294 0.22339548]

Round_1_Replicate_4
2192    , -28467.6    , array([ 3.0176     ,  1.48136    ,  0.243425   ,  5.79153    ,  0.497469   ])
2193    , -29350.5    , array([ 3.18893    ,  1.48136    ,  0.243425   ,  5.79153    ,  0.497469   ])
2194    , -28581.8    , array([ 3.0176     ,  1.51076    ,  0.243425   ,  5.79153    ,  0.497469   ])
2195    , -26885.4    , array([ 3.0176     ,  1.48136    ,  0.226821   ,  5.79153    ,  0.497469   ])
2196    , -27706.9    , array([ 3.0176     ,  1.48136    ,  0.243425   ,  6.32315    ,  0.497469   ])
2197    , -28058.6    , array([ 3.0176     ,  1.48136    ,  0.243425   ,  5.79153    ,  0.480402   ])
2198    , -26554.1    , array([ 2.85548    ,  1.49305    ,  0.236643   ,  5.99859    ,  0.49057    ])
2199    , -25229.3    , array([ 2.70206    ,  1.49893    ,  0.233322   ,  6.10488    ,  0.487157   ])
2200    , -25953.9    , array([ 2.88719    ,  1.45941    ,  0.232664   ,  6.12637    ,  0.486477   ])
likelihood = -25229.29
theta = 888.08
Optimized parameters = [2.70206237 1.49893025 0.2333224  6.10488243 0.48715713]

Round_1_Replicate_5
2201    , -137932     , array([ 0.619457   ,  3.88753    ,  6.04705    ,  5.91532    ,  5.83725    ])
2202    , -137196     , array([ 0.6048     ,  3.88753    ,  6.04705    ,  5.91532    ,  5.83725    ])
2203    , -138277     , array([ 0.619457   ,  4.16061    ,  6.04705    ,  5.91532    ,  5.83725    ])
2204    , -141146     , array([ 0.619457   ,  3.88753    ,  6.61639    ,  5.91532    ,  5.83725    ])
2205    , -137883     , array([ 0.619457   ,  3.88753    ,  6.04705    ,  6.46513    ,  5.83725    ])
2206    , -138009     , array([ 0.619457   ,  3.88753    ,  6.04705    ,  5.91532    ,  6.37557    ])
2207    , -134502     , array([ 0.613552   ,  3.99454    ,  5.52671    ,  6.12939    ,  6.0469     ])
2208    , -131071     , array([ 0.61062    ,  4.04915    ,  5.05114    ,  6.23932    ,  6.15453    ])
2209    , -134573     , array([ 0.610036   ,  3.69203    ,  5.62706    ,  6.26154    ,  6.17628    ])
likelihood = -131070.56
theta = 1616.33
Optimized parameters = [0.61062042 4.04914673 5.05113812 6.23932181 6.15452514]

Round_1_Replicate_6
2210    , -53825.6    , array([ 1.35672    ,  4.69751    ,  0.37975    ,  6.84433    ,  1.89148    ])
2211    , -54129.9    , array([ 1.37757    ,  4.69751    ,  0.37975    ,  6.84433    ,  1.89148    ])
2212    , -54720.1    , array([ 1.35672    ,  5.0753     ,  0.37975    ,  6.84433    ,  1.89148    ])
2213    , -52063.3    , array([ 1.35672    ,  4.69751    ,  0.361803   ,  6.84433    ,  1.89148    ])
2214    , -53436.2    , array([ 1.35672    ,  4.69751    ,  0.37975    ,  7.53524    ,  1.89148    ])
2215    , -54132.6    , array([ 1.35672    ,  4.69751    ,  0.37975    ,  6.84433    ,  1.95273    ])
2216    , -52297.5    , array([ 1.36502    ,  4.34785    ,  0.372466   ,  7.11275    ,  1.91575    ])
2217    , -52138.6    , array([ 1.36836    ,  4.5544     ,  0.369593   ,  7.22304    ,  1.84152    ])
likelihood = -52063.29
theta = 810.72
Optimized parameters = [1.35671845 4.69751493 0.36180297 6.84432507 1.89148175]

Round_1_Replicate_7
2218    , -107022     , array([ 0.492713   ,  0.609296   ,  5.46399    ,  3.43505    ,  0.259611   ])
2219    , -105882     , array([ 0.47558    ,  0.609296   ,  5.46399    ,  3.43505    ,  0.259611   ])
2220    , -106761     , array([ 0.492713   ,  0.594388   ,  5.46399    ,  3.43505    ,  0.259611   ])
2221    , -111060     , array([ 0.492713   ,  0.609296   ,  5.9482     ,  3.43505    ,  0.259611   ])
2222    , -107017     , array([ 0.492713   ,  0.609296   ,  5.46399    ,  3.65368    ,  0.259611   ])
2223    , -106540     , array([ 0.492713   ,  0.609296   ,  5.46399    ,  3.43505    ,  0.242683   ])
2224    , -102004     , array([ 0.485787   ,  0.603288   ,  5.0192     ,  3.52089    ,  0.252702   ])
2225    , -97113.8    , array([ 0.48236    ,  0.600307   ,  4.61061    ,  3.56461    ,  0.249317   ])
2226    , -102386     , array([ 0.481678   ,  0.599712   ,  5.10516    ,  3.57342    ,  0.248646   ])
likelihood = -97113.83
theta = 2246.17
Optimized parameters = [0.48236036 0.60030674 4.61061424 3.56460717 0.24931721]

Round_1_Replicate_8
2227    , -23405.2    , array([ 0.674994   ,  0.559712   ,  0.319866   ,  0.227896   ,  0.746117   ])
2228    , -23114.5    , array([ 0.661858   ,  0.559712   ,  0.319866   ,  0.227896   ,  0.746117   ])
2229    , -23110      , array([ 0.674994   ,  0.543704   ,  0.319866   ,  0.227896   ,  0.746117   ])
2230    , -22599.1    , array([ 0.674994   ,  0.559712   ,  0.302146   ,  0.227896   ,  0.746117   ])
2231    , -23561.6    , array([ 0.674994   ,  0.559712   ,  0.319866   ,  0.211652   ,  0.746117   ])
2232    , -23479      , array([ 0.674994   ,  0.559712   ,  0.319866   ,  0.227896   ,  0.735271   ])
2233    , -22708.2    , array([ 0.669709   ,  0.553253   ,  0.312657   ,  0.245386   ,  0.74176    ])
2234    , -22497.8    , array([ 0.667606   ,  0.55069    ,  0.309819   ,  0.234737   ,  0.755352   ])
2235    , -22017.6    , array([ 0.663942   ,  0.546234   ,  0.304914   ,  0.238234   ,  0.765597   ])
likelihood = -22017.64
theta = 3215.55
Optimized parameters = [0.66394241 0.54623426 0.30491389 0.23823427 0.76559694]

Round_1_Replicate_9
2236    , -6122.53    , array([ 0.132411   ,  0.370436   ,  0.196767   ,  0.648316   ,  0.304728   ])
2237    , -6317.39    , array([ 0.11968    ,  0.370436   ,  0.196767   ,  0.648316   ,  0.304728   ])
2238    , -5807.15    , array([ 0.132411   ,  0.352492   ,  0.196767   ,  0.648316   ,  0.304728   ])
2239    , -5954.16    , array([ 0.132411   ,  0.370436   ,  0.181405   ,  0.648316   ,  0.304728   ])
2240    , -6164.99    , array([ 0.132411   ,  0.370436   ,  0.196767   ,  0.634418   ,  0.304728   ])
2241    , -6121.76    , array([ 0.132411   ,  0.370436   ,  0.196767   ,  0.648316   ,  0.287149   ])
2242    , -5787.44    , array([ 0.146497   ,  0.363151   ,  0.190472   ,  0.642721   ,  0.297571   ])
2243    , -5588.25    , array([ 0.162081   ,  0.359563   ,  0.1874     ,  0.639941   ,  0.294056   ])
2244    , -5648.82    , array([ 0.143565   ,  0.358849   ,  0.186792   ,  0.659081   ,  0.293358   ])
likelihood = -5588.25
theta = 5434.52
Optimized parameters = [0.16208106 0.35956283 0.18740034 0.63994119 0.29405566]

Round_1_Replicate_10
2245    , -175843     , array([ 5.42163    ,  3.39019    ,  4.73139    ,  0.835603   ,  0.430599   ])
2246    , -176656     , array([ 5.89978    ,  3.39019    ,  4.73139    ,  0.835603   ,  0.430599   ])
2247    , -177040     , array([ 5.42163    ,  3.60359    ,  4.73139    ,  0.835603   ,  0.430599   ])
2248    , -177623     , array([ 5.42163    ,  3.39019    ,  5.11374    ,  0.835603   ,  0.430599   ])
2249    , -175867     , array([ 5.42163    ,  3.39019    ,  4.73139    ,  0.828133   ,  0.430599   ])
2250    , -175891     , array([ 5.42163    ,  3.39019    ,  4.73139    ,  0.835603   ,  0.412836   ])
2251    , -174843     , array([ 5.60805    ,  3.47399    ,  4.37764    ,  0.832607   ,  0.423404   ])
2252    , -173347     , array([ 5.70366    ,  3.51666    ,  4.05033    ,  0.831113   ,  0.419851   ])
2253    , -173992     , array([ 5.72297    ,  3.2365     ,  4.44621    ,  0.830815   ,  0.419145   ])
likelihood = -173346.95
theta = 1007.37
Optimized parameters = [5.70365699 3.51666015 4.0503281  0.83111329 0.41985144]

Round_2_Replicate_1
2254    , -2942.54    , array([ 0.0721556  ,  0.102647   ,  0.204069   ,  0.500206   ,  0.0937392  ])
2255    , -3399.32    , array([ 0.0632679  ,  0.102647   ,  0.204069   ,  0.500206   ,  0.0937392  ])
2256    , -2790.98    , array([ 0.0721556  ,  0.0916041  ,  0.204069   ,  0.500206   ,  0.0937392  ])
2257    , -2950.15    , array([ 0.0721556  ,  0.102647   ,  0.18848    ,  0.500206   ,  0.0937392  ])
2258    , -2924.72    , array([ 0.0721556  ,  0.102647   ,  0.204069   ,  0.483177   ,  0.0937392  ])
2259    , -2947.35    , array([ 0.0721556  ,  0.102647   ,  0.204069   ,  0.500206   ,  0.0832755  ])
2260    , -2457.95    , array([ 0.0822918  ,  0.0980787  ,  0.197685   ,  0.493324   ,  0.0894045  ])
2261    , -2051.67    , array([ 0.0938519  ,  0.0958712  ,  0.194568   ,  0.489918   ,  0.087313   ])
2262    , -2502.31    , array([ 0.0801566  ,  0.0954357  ,  0.216773   ,  0.48924    ,  0.0869006  ])
2263    , -2331.46    , array([ 0.0836001  ,  0.0926949  ,  0.20511    ,  0.484921   ,  0.0995013  ])
2264    , -2111.45    , array([ 0.088671   ,  0.0889896  ,  0.205527   ,  0.478938   ,  0.090529   ])
likelihood = -2051.67
theta = 8192.15
Optimized parameters = [0.09385191 0.09587117 0.19456775 0.48991797 0.08731296]

Round_2_Replicate_2
2265    , -16670.9    , array([ 0.544342   ,  0.781416   ,  0.23865    ,  0.720416   ,  0.134667   ])
2266    , -16365.3    , array([ 0.528039   ,  0.781416   ,  0.23865    ,  0.720416   ,  0.134667   ])
2267    , -16548.8    , array([ 0.544342   ,  0.771838   ,  0.23865    ,  0.720416   ,  0.134667   ])
2268    , -16304      , array([ 0.544342   ,  0.781416   ,  0.222151   ,  0.720416   ,  0.134667   ])
2269    , -16866.6    , array([ 0.544342   ,  0.781416   ,  0.23865    ,  0.7087     ,  0.134667   ])
2270    , -16587.8    , array([ 0.544342   ,  0.781416   ,  0.23865    ,  0.720416   ,  0.121821   ])
2271    , -16126.4    , array([ 0.537761   ,  0.777571   ,  0.231908   ,  0.732325   ,  0.129374   ])
2272    , -15764.2    , array([ 0.534501   ,  0.775655   ,  0.228609   ,  0.744432   ,  0.126806   ])
2273    , -15961.3    , array([ 0.533851   ,  0.775273   ,  0.227955   ,  0.729928   ,  0.126298   ])
2274    , -15783.7    , array([ 0.529711   ,  0.772829   ,  0.223813   ,  0.733768   ,  0.141646   ])
2275    , -15545.3    , array([ 0.523969   ,  0.78282    ,  0.218139   ,  0.739177   ,  0.130751   ])
2276    , -15079.9    , array([ 0.514071   ,  0.78837    ,  0.208555   ,  0.748741   ,  0.128835   ])
likelihood = -15079.95
theta = 3345.17
Optimized parameters = [0.51407067 0.78836973 0.20855492 0.74874069 0.12883526]

Round_2_Replicate_3
2277    , -14989.5    , array([ 0.269572   ,  0.330377   ,  0.425845   ,  0.257651   ,  0.16024    ])
2278    , -14377      , array([ 0.252469   ,  0.330377   ,  0.425845   ,  0.257651   ,  0.16024    ])
2279    , -14447.1    , array([ 0.269572   ,  0.312579   ,  0.425845   ,  0.257651   ,  0.16024    ])
2280    , -14693.4    , array([ 0.269572   ,  0.330377   ,  0.408051   ,  0.257651   ,  0.16024    ])
2281    , -15537.8    , array([ 0.269572   ,  0.330377   ,  0.425845   ,  0.240759   ,  0.16024    ])
2282    , -15172.7    , array([ 0.269572   ,  0.330377   ,  0.425845   ,  0.257651   ,  0.146221   ])
2283    , -13935.1    , array([ 0.262596   ,  0.323139   ,  0.418636   ,  0.275727   ,  0.154478   ])
2284    , -13154.5    , array([ 0.259176   ,  0.31958    ,  0.415078   ,  0.295072   ,  0.151675   ])
2285    , -13527.8    , array([ 0.258497   ,  0.318873   ,  0.41437    ,  0.272013   ,  0.171787   ])
2286    , -13122      , array([ 0.254196   ,  0.314385   ,  0.409866   ,  0.27798    ,  0.161182   ])
2287    , -12254.2    , array([ 0.24684    ,  0.306681   ,  0.402103   ,  0.288738   ,  0.161655   ])
2288    , -12475.1    , array([ 0.245395   ,  0.305163   ,  0.425235   ,  0.29094    ,  0.161749   ])
likelihood = -12254.24
theta = 5434.14
Optimized parameters = [0.24684014 0.30668111 0.40210316 0.28873848 0.16165454]

Round_2_Replicate_4
2289    , -7568.32    , array([ 0.0522108  ,  0.238292   ,  0.0555201  ,  1.34489    ,  0.171277   ])
2290    , -8404.72    , array([ 0.0450452  ,  0.238292   ,  0.0555201  ,  1.34489    ,  0.171277   ])
2291    , -7426.4     , array([ 0.0522108  ,  0.221802   ,  0.0555201  ,  1.34489    ,  0.171277   ])
2292    , -7688.38    , array([ 0.0522108  ,  0.238292   ,  0.0480477  ,  1.34489    ,  0.171277   ])
2293    , -7589.12    , array([ 0.0522108  ,  0.238292   ,  0.0555201  ,  1.36496    ,  0.171277   ])
2294    , -7554.89    , array([ 0.0522108  ,  0.238292   ,  0.0555201  ,  1.34489    ,  0.156814   ])
2295    , -6756.34    , array([ 0.0605163  ,  0.231554   ,  0.052401   ,  1.35288    ,  0.165338   ])
2296    , -5984.15    , array([ 0.070143   ,  0.228257   ,  0.0509077  ,  1.35689    ,  0.162446   ])
2297    , -6749.16    , array([ 0.0587557  ,  0.227603   ,  0.0619671  ,  1.3577     ,  0.161874   ])
2298    , -6517.42    , array([ 0.0615979  ,  0.223462   ,  0.0560361  ,  1.33488    ,  0.158259   ])
2299    , -6137.26    , array([ 0.0658094  ,  0.217792   ,  0.0562439  ,  1.35077    ,  0.153333   ])
likelihood = -5984.15
theta = 5387.74
Optimized parameters = [0.07014297 0.22825659 0.05090775 1.35689483 0.16244632]

Round_2_Replicate_5
2300    , -4503.93    , array([ 0.118203   ,  0.320679   ,  0.0810683  ,  1.62593    ,  0.455398   ])
2301    , -4954.24    , array([ 0.106233   ,  0.320679   ,  0.0810683  ,  1.62593    ,  0.455398   ])
2302    , -4350.64    , array([ 0.118203   ,  0.302953   ,  0.0810683  ,  1.62593    ,  0.455398   ])
2303    , -4518.99    , array([ 0.118203   ,  0.320679   ,  0.0714979  ,  1.62593    ,  0.455398   ])
2304    , -4518.02    , array([ 0.118203   ,  0.320679   ,  0.0810683  ,  1.66593    ,  0.455398   ])
2305    , -4492.39    , array([ 0.118203   ,  0.320679   ,  0.0810683  ,  1.62593    ,  0.437835   ])
2306    , -4024.45    , array([ 0.131521   ,  0.313467   ,  0.0770953  ,  1.64182    ,  0.44829    ])
2307    , -3604.54    , array([ 0.146341   ,  0.309923   ,  0.0751824  ,  1.64982    ,  0.444777   ])
2308    , -4073.8     , array([ 0.128743   ,  0.309218   ,  0.0891897  ,  1.65142    ,  0.444078   ])
2309    , -3885.7     , array([ 0.133217   ,  0.30475    ,  0.0817227  ,  1.60614    ,  0.43963    ])
2310    , -3666.9     , array([ 0.139744   ,  0.298601   ,  0.0819859  ,  1.63761    ,  0.433476   ])
likelihood = -3604.54
theta = 4161.92
Optimized parameters = [0.14634053 0.30992254 0.07518244 1.64981515 0.44477747]

Round_2_Replicate_6
2311    , -14684      , array([ 0.600703   ,  0.166569   ,  0.581049   ,  0.60504    ,  0.0914897  ])
2312    , -14369.1    , array([ 0.585589   ,  0.166569   ,  0.581049   ,  0.60504    ,  0.0914897  ])
2313    , -14422.4    , array([ 0.600703   ,  0.152291   ,  0.581049   ,  0.60504    ,  0.0914897  ])
2314    , -14408.3    , array([ 0.600703   ,  0.166569   ,  0.565488   ,  0.60504    ,  0.0914897  ])
2315    , -14864.8    , array([ 0.600703   ,  0.166569   ,  0.581049   ,  0.590029   ,  0.0914897  ])
2316    , -14156.3    , array([ 0.600703   ,  0.166569   ,  0.581049   ,  0.60504    ,  0.0811785  ])
2317    , -13955.5    , array([ 0.594611   ,  0.160704   ,  0.574774   ,  0.620433   ,  0.0872167  ])
2318    , -13514.8    , array([ 0.591588   ,  0.157849   ,  0.571661   ,  0.636217   ,  0.0851557  ])
2319    , -13669.6    , array([ 0.590986   ,  0.157284   ,  0.571041   ,  0.617323   ,  0.0847493  ])
2320    , -13640.8    , array([ 0.587143   ,  0.174265   ,  0.567086   ,  0.622306   ,  0.0821943  ])
2321    , -13322      , array([ 0.581805   ,  0.162232   ,  0.58335    ,  0.62935    ,  0.0787462  ])
2322    , -12782.4    , array([ 0.57258    ,  0.160106   ,  0.592491   ,  0.641869   ,  0.0730564  ])
likelihood = -12782.39
theta = 4116.45
Optimized parameters = [0.57257988 0.16010584 0.59249135 0.64186856 0.0730564 ]

Round_2_Replicate_7
2323    , -5024.43    , array([ 0.102584   ,  0.269426   ,  0.0583445  ,  0.163681   ,  0.51116    ])
2324    , -5451.42    , array([ 0.0915444  ,  0.269426   ,  0.0583445  ,  0.163681   ,  0.51116    ])
2325    , -4666.33    , array([ 0.102584   ,  0.252325   ,  0.0583445  ,  0.163681   ,  0.51116    ])
2326    , -5039.66    , array([ 0.102584   ,  0.269426   ,  0.0506174  ,  0.163681   ,  0.51116    ])
2327    , -5074.91    , array([ 0.102584   ,  0.269426   ,  0.0583445  ,  0.14952    ,  0.51116    ])
2328    , -5082.01    , array([ 0.102584   ,  0.269426   ,  0.0583445  ,  0.163681   ,  0.494293   ])
2329    , -4534.64    , array([ 0.114954   ,  0.262451   ,  0.0551214  ,  0.157862   ,  0.504345   ])
2330    , -4139.74    , array([ 0.128816   ,  0.259031   ,  0.0535772  ,  0.155031   ,  0.500972   ])
2331    , -4474.52    , array([ 0.112366   ,  0.258353   ,  0.0532736  ,  0.154471   ,  0.524363   ])
2332    , -4254.64    , array([ 0.116535   ,  0.254052   ,  0.0513708  ,  0.171319   ,  0.512259   ])
2333    , -4006.55    , array([ 0.122634   ,  0.248151   ,  0.0595639  ,  0.159378   ,  0.512699   ])
2334    , -3572.28    , array([ 0.134083   ,  0.238152   ,  0.0646138  ,  0.157269   ,  0.51347    ])
likelihood = -3572.28
theta = 6626.75
Optimized parameters = [0.13408346 0.2381522  0.06461379 0.15726927 0.51347032]

Round_2_Replicate_8
2335    , -2130.18    , array([ 0.117331   ,  0.137705   ,  0.0806214  ,  0.620502   ,  0.168462   ])
2336    , -2457.9     , array([ 0.10541    ,  0.137705   ,  0.0806214  ,  0.620502   ,  0.168462   ])
2337    , -1988.35    , array([ 0.117331   ,  0.124708   ,  0.0806214  ,  0.620502   ,  0.168462   ])
2338    , -2166.82    , array([ 0.117331   ,  0.137705   ,  0.0710842  ,  0.620502   ,  0.168462   ])
2339    , -2121.81    , array([ 0.117331   ,  0.137705   ,  0.0806214  ,  0.605872   ,  0.168462   ])
2340    , -2126.95    , array([ 0.117331   ,  0.137705   ,  0.0806214  ,  0.620502   ,  0.154108   ])
2341    , -1786.55    , array([ 0.130599   ,  0.132351   ,  0.0766619  ,  0.614608   ,  0.162566   ])
2342    , -1510.42    , array([ 0.145369   ,  0.129753   ,  0.0747556  ,  0.611682   ,  0.159697   ])
2343    , -1777.33    , array([ 0.127831   ,  0.129239   ,  0.0887167  ,  0.611099   ,  0.159129   ])
2344    , -1669.28    , array([ 0.132289   ,  0.126001   ,  0.0812736  ,  0.607377   ,  0.155542   ])
2345    , -1513.04    , array([ 0.138794   ,  0.121603   ,  0.081536   ,  0.602205   ,  0.17066    ])
likelihood = -1510.42
theta = 6790.2
Optimized parameters = [0.14536856 0.12975279 0.07475561 0.61168216 0.1596967 ]

Round_2_Replicate_9
2346    , -6726.68    , array([ 0.647983   ,  0.642722   ,  0.111288   ,  1.55858    ,  0.167712   ])
2347    , -6622.13    , array([ 0.634076   ,  0.642722   ,  0.111288   ,  1.55858    ,  0.167712   ])
2348    , -6603.13    , array([ 0.647983   ,  0.628672   ,  0.111288   ,  1.55858    ,  0.167712   ])
2349    , -6460.1     , array([ 0.647983   ,  0.642722   ,  0.0997176  ,  1.55858    ,  0.167712   ])
2350    , -6590.3     , array([ 0.647983   ,  0.642722   ,  0.111288   ,  1.59355    ,  0.167712   ])
2351    , -6661.25    , array([ 0.647983   ,  0.642722   ,  0.111288   ,  1.55858    ,  0.153388   ])
2352    , -6446.49    , array([ 0.642384   ,  0.637065   ,  0.106507   ,  1.57248    ,  0.161828   ])
2353    , -6312.01    , array([ 0.639603   ,  0.634255   ,  0.104194   ,  1.57947    ,  0.158964   ])
2354    , -6364.17    , array([ 0.639048   ,  0.633694   ,  0.103738   ,  1.58087    ,  0.179486   ])
2355    , -6310.66    , array([ 0.655107   ,  0.630119   ,  0.100863   ,  1.58988    ,  0.168673   ])
2356    , -6165.95    , array([ 0.665882   ,  0.62391    ,  0.096022   ,  1.60576    ,  0.169155   ])
2357    , -6163.92    , array([ 0.648073   ,  0.642245   ,  0.0950821  ,  1.60896    ,  0.169252   ])
2358    , -5970.58    , array([ 0.648118   ,  0.649141   ,  0.0878868  ,  1.63475    ,  0.170027   ])
likelihood = -5970.58
theta = 2765.72
Optimized parameters = [0.64811763 0.6491406  0.0878868  1.63475209 0.17002728]

Round_2_Replicate_10
2359    , -1771.25    , array([ 0.229041   ,  0.110732   ,  0.193183   ,  1.10709    ,  0.857496   ])
2360    , -1713.65    , array([ 0.212769   ,  0.110732   ,  0.193183   ,  1.10709    ,  0.857496   ])
2361    , -1654.37    , array([ 0.229041   ,  0.0991946  ,  0.193183   ,  1.10709    ,  0.857496   ])
2362    , -1605.4     , array([ 0.229041   ,  0.110732   ,  0.177938   ,  1.10709    ,  0.857496   ])
2363    , -1771.16    , array([ 0.229041   ,  0.110732   ,  0.193183   ,  1.11274    ,  0.857496   ])
2364    , -1771.05    , array([ 0.229041   ,  0.110732   ,  0.193183   ,  1.10709    ,  0.85093    ])
2365    , -1629.83    , array([ 0.222388   ,  0.105964   ,  0.186934   ,  1.10935    ,  0.854863   ])
2366    , -1579.14    , array([ 0.219781   ,  0.104115   ,  0.184492   ,  1.10237    ,  0.853813   ])
2367    , -1498.73    , array([ 0.215293   ,  0.100956   ,  0.180294   ,  1.09722    ,  0.851977   ])
2368    , -1485.16    , array([ 0.214406   ,  0.100336   ,  0.179466   ,  1.10403    ,  0.860824   ])
2369    , -1382.38    , array([ 0.207443   ,  0.0955102  ,  0.172976   ,  1.10251    ,  0.865815   ])
2370    , -1397.83    , array([ 0.228474   ,  0.0945732  ,  0.171707   ,  1.1022     ,  0.857538   ])
likelihood = -1382.38
theta = 4917.44
Optimized parameters = [0.2074431  0.09551018 0.17297639 1.10250593 0.86581489]

Round_3_Replicate_1
2371    , -4141.24    , array([ 0.174304   ,  0.32545    ,  0.188132   ,  2.86638    ,  0.30713    ])
2372    , -4334.44    , array([ 0.159725   ,  0.32545    ,  0.188132   ,  2.86638    ,  0.30713    ])
2373    , -4004.47    , array([ 0.174304   ,  0.307686   ,  0.188132   ,  2.86638    ,  0.30713    ])
2374    , -3996.06    , array([ 0.174304   ,  0.32545    ,  0.173056   ,  2.86638    ,  0.30713    ])
2375    , -4180.89    , array([ 0.174304   ,  0.32545    ,  0.188132   ,  3.02134    ,  0.30713    ])
2376    , -4113.07    , array([ 0.174304   ,  0.32545    ,  0.188132   ,  2.86638    ,  0.289526   ])
2377    , -3857.27    , array([ 0.190214   ,  0.318224   ,  0.18195    ,  2.92739    ,  0.299964   ])
2378    , -3650.55    , array([ 0.207576   ,  0.314672   ,  0.178936   ,  2.95838    ,  0.296443   ])
2379    , -3772.78    , array([ 0.18692    ,  0.313966   ,  0.178339   ,  2.75394    ,  0.295744   ])
2380    , -3667.96    , array([ 0.192218   ,  0.309487   ,  0.174566   ,  2.85674    ,  0.291309   ])
2381    , -3521.9     , array([ 0.199889   ,  0.303324   ,  0.169417   ,  2.85289    ,  0.309781   ])
2382    , -3247.94    , array([ 0.214058   ,  0.292832   ,  0.16077    ,  2.84617    ,  0.320433   ])
2383    , -3331.6     , array([ 0.217009   ,  0.314548   ,  0.159094   ,  2.84482    ,  0.297021   ])
2384    , -3145.39    , array([ 0.23689    ,  0.293354   ,  0.167232   ,  2.83625    ,  0.293071   ])
2385    , -2848.13    , array([ 0.276163   ,  0.278513   ,  0.164393   ,  2.8213     ,  0.286284   ])
2386    , -2933.94    , array([ 0.258228   ,  0.289853   ,  0.157077   ,  2.98072    ,  0.300421   ])
2387    , -2788.44    , array([ 0.282584   ,  0.286439   ,  0.153838   ,  2.92271    ,  0.308776   ])
2388    , -2513.19    , array([ 0.342628   ,  0.275566   ,  0.144416   ,  2.95626    ,  0.317898   ])
2389    , -2352.5     , array([ 0.319759   ,  0.267155   ,  0.13775    ,  2.82149    ,  0.312029   ])
2390    , -1958.5     , array([ 0.396868   ,  0.246159   ,  0.120862   ,  2.75544    ,  0.320126   ])
likelihood = -1958.5
theta = 2904.16
Optimized parameters = [0.39686775 0.24615942 0.1208615  2.75543515 0.32012601]

Round_3_Replicate_2
2391    , -3378.55    , array([ 0.462762   ,  0.26701    ,  0.126247   ,  1.32883    ,  0.347344   ])
2392    , -3246.97    , array([ 0.445272   ,  0.26701    ,  0.126247   ,  1.32883    ,  0.347344   ])
2393    , -3226.59    , array([ 0.462762   ,  0.249951   ,  0.126247   ,  1.32883    ,  0.347344   ])
2394    , -3088.21    , array([ 0.462762   ,  0.26701    ,  0.113836   ,  1.32883    ,  0.347344   ])
2395    , -3348.35    , array([ 0.462762   ,  0.26701    ,  0.126247   ,  1.34785    ,  0.347344   ])
2396    , -3354.08    , array([ 0.462762   ,  0.26701    ,  0.126247   ,  1.32883    ,  0.329457   ])
2397    , -3123.47    , array([ 0.455685   ,  0.260051   ,  0.121128   ,  1.33641    ,  0.340076   ])
2398    , -3054.52    , array([ 0.452885   ,  0.257318   ,  0.119139   ,  1.33945    ,  0.363118   ])
2399    , -2910.02    , array([ 0.448025   ,  0.252605   ,  0.115737   ,  1.34479    ,  0.381218   ])
2400    , -2895.5     , array([ 0.44706    ,  0.251673   ,  0.115068   ,  1.31934    ,  0.35748    ])
2401    , -2689.64    , array([ 0.43941    ,  0.244338   ,  0.109856   ,  1.30532    ,  0.362658   ])
2402    , -2778.87    , array([ 0.462163   ,  0.242897   ,  0.108842   ,  1.32871    ,  0.363703   ])
2403    , -2641.28    , array([ 0.444466   ,  0.256521   ,  0.102571   ,  1.32866    ,  0.37046    ])
2404    , -2407.79    , array([ 0.435591   ,  0.25987    ,  0.0924547  ,  1.32858    ,  0.382588   ])
2405    , -2434.6     , array([ 0.443299   ,  0.246489   ,  0.0959567  ,  1.31803    ,  0.396632   ])
2406    , -2224.76    , array([ 0.429081   ,  0.232506   ,  0.0953578  ,  1.32122    ,  0.4095     ])
2407    , -1869.62    , array([ 0.413172   ,  0.216964   ,  0.0872757  ,  1.31743    ,  0.444632   ])
2408    , -2016.95    , array([ 0.429068   ,  0.231259   ,  0.0837789  ,  1.29485    ,  0.3968     ])
2409    , -1863.64    , array([ 0.403762   ,  0.235825   ,  0.0802317  ,  1.29706    ,  0.430655   ])
2410    , -1567.52    , array([ 0.37739    ,  0.232367   ,  0.0688845  ,  1.28151    ,  0.46862    ])
likelihood = -1567.52
theta = 3840.78
Optimized parameters = [0.37738989 0.23236743 0.06888445 1.28151318 0.46862006]

Round_3_Replicate_3
2411    , -4622.5     , array([ 0.0566517  ,  0.122941   ,  0.244169   ,  0.329097   ,  1.75459    ])
2412    , -5245.55    , array([ 0.0490765  ,  0.122941   ,  0.244169   ,  0.329097   ,  1.75459    ])
2413    , -4387.72    , array([ 0.0566517  ,  0.110709   ,  0.244169   ,  0.329097   ,  1.75459    ])
2414    , -4674.97    , array([ 0.0566517  ,  0.122941   ,  0.227549   ,  0.329097   ,  1.75459    ])
2415    , -4613.26    , array([ 0.0566517  ,  0.122941   ,  0.244169   ,  0.311308   ,  1.75459    ])
2416    , -4633.47    , array([ 0.0566517  ,  0.122941   ,  0.244169   ,  0.329097   ,  1.80461    ])
2417    , -3974.12    , array([ 0.0653962  ,  0.117894   ,  0.23738    ,  0.321863   ,  1.77443    ])
2418    , -3422.67    , array([ 0.0754904  ,  0.115448   ,  0.234056   ,  0.318305   ,  1.78443    ])
2419    , -3983.58    , array([ 0.0635455  ,  0.114965   ,  0.257607   ,  0.317598   ,  1.78644    ])
2420    , -3767.17    , array([ 0.0665324  ,  0.111922   ,  0.245273   ,  0.313112   ,  1.7299     ])
2421    , -3467.09    , array([ 0.0709515  ,  0.107796   ,  0.245716   ,  0.306938   ,  1.76917    ])
2422    , -3079.56    , array([ 0.0776355  ,  0.102274   ,  0.246337   ,  0.322648   ,  1.77503    ])
2423    , -2485.16    , array([ 0.0908833  ,  0.0932821  ,  0.247429   ,  0.328472   ,  1.78535    ])
2424    , -2618.36    , array([ 0.0937927  ,  0.106054   ,  0.247648   ,  0.304975   ,  1.78742    ])
2425    , -2390.98    , array([ 0.0977082  ,  0.0988838  ,  0.231056   ,  0.310931   ,  1.75593    ])
2426    , -1842.65    , array([ 0.121159   ,  0.0917074  ,  0.218825   ,  0.30765    ,  1.74087    ])
2427    , -1942.21    , array([ 0.118607   ,  0.0937935  ,  0.231849   ,  0.313174   ,  1.81791    ])
2428    , -1727.57    , array([ 0.136598   ,  0.0921114  ,  0.226116   ,  0.322054   ,  1.79699    ])
2429    , -1555.02    , array([ 0.189532   ,  0.085147   ,  0.21691    ,  0.329889   ,  1.81107    ])
likelihood = -1555.02
theta = 5706.27
Optimized parameters = [0.1895325  0.08514697 0.2169097  0.32988878 1.81106742]

Round_3_Replicate_4
2430    , -2014.45    , array([ 0.202179   ,  0.0420314  ,  0.294187   ,  1.05972    ,  2.89871    ])
2431    , -1840.31    , array([ 0.186648   ,  0.0420314  ,  0.294187   ,  1.05972    ,  2.89871    ])
2432    , -2018.89    , array([ 0.202179   ,  0.0358718  ,  0.294187   ,  1.05972    ,  2.89871    ])
2433    , -1869.54    , array([ 0.202179   ,  0.0420314  ,  0.276729   ,  1.05972    ,  2.89871    ])
2434    , -2014.53    , array([ 0.202179   ,  0.0420314  ,  0.294187   ,  1.0628     ,  2.89871    ])
2435    , -2014.23    , array([ 0.202179   ,  0.0420314  ,  0.294187   ,  1.05972    ,  3.05714    ])
2436    , -1906.02    , array([ 0.195818   ,  0.0492488  ,  0.287075   ,  1.06095    ,  2.96107    ])
2437    , -1841.59    , array([ 0.193329   ,  0.0447819  ,  0.284279   ,  1.05715    ,  2.98639    ])
2438    , -1784.31    , array([ 0.189899   ,  0.0459319  ,  0.28041    ,  1.05918    ,  3.0222     ])
2439    , -1699.6     , array([ 0.184041   ,  0.0480158  ,  0.273765   ,  1.05891    ,  3.08591    ])
2440    , -1684.92    , array([ 0.182891   ,  0.0484438  ,  0.272455   ,  1.05886    ,  2.87634    ])
2441    , -1594.43    , array([ 0.173949   ,  0.052008   ,  0.262199   ,  1.05843    ,  2.78999    ])
2442    , -1634.14    , array([ 0.180097   ,  0.0422558  ,  0.269263   ,  1.05662    ,  2.8998     ])
2443    , -1613.29    , array([ 0.166544   ,  0.0496173  ,  0.276291   ,  1.05661    ,  2.96263    ])
2444    , -1557.88    , array([ 0.164081   ,  0.0485195  ,  0.265905   ,  1.05897    ,  2.86647    ])
2445    , -1530.54    , array([ 0.151161   ,  0.0505037  ,  0.257168   ,  1.05989    ,  2.80833    ])
2446    , -1527.87    , array([ 0.156207   ,  0.0556345  ,  0.243492   ,  1.05646    ,  2.91599    ])
2447    , -1632.9     , array([ 0.142902   ,  0.0640073  ,  0.221521   ,  1.05483    ,  2.92467    ])
2448    , -1529.33    , array([ 0.148362   ,  0.0516558  ,  0.249673   ,  1.05629    ,  2.67775    ])
likelihood = -1527.87
theta = 5569.95
Optimized parameters = [0.15620671 0.05563454 0.243492   1.05646005 2.91598961]

Round_3_Replicate_5
2449    , -5413.47    , array([ 0.0603079  ,  0.156863   ,  0.28388    ,  1.65884    ,  3.24646    ])
2450    , -6004.66    , array([ 0.0524074  ,  0.156863   ,  0.28388    ,  1.65884    ,  3.24646    ])
2451    , -5122.02    , array([ 0.0603079  ,  0.142987   ,  0.28388    ,  1.65884    ,  3.24646    ])
2452    , -5451.03    , array([ 0.0603079  ,  0.156863   ,  0.266558   ,  1.65884    ,  3.24646    ])
2453    , -5420.5     , array([ 0.0603079  ,  0.156863   ,  0.28388    ,  1.70135    ,  3.24646    ])
2454    , -5402.43    , array([ 0.0603079  ,  0.156863   ,  0.28388    ,  1.65884    ,  3.44334    ])
2455    , -4765.02    , array([ 0.0693994  ,  0.151158   ,  0.27682    ,  1.67571    ,  3.32382    ])
2456    , -4228.59    , array([ 0.0798614  ,  0.148384   ,  0.273356   ,  1.68422    ,  3.36319    ])
2457    , -4776.05    , array([ 0.0674775  ,  0.147835   ,  0.297794   ,  1.68592    ,  3.37113    ])
2458    , -4545.52    , array([ 0.0705786  ,  0.144371   ,  0.285026   ,  1.63782    ,  3.42232    ])
2459    , -4235.84    , array([ 0.075161   ,  0.139658   ,  0.285486   ,  1.67124    ,  3.49531    ])
2460    , -3842.55    , array([ 0.0820806  ,  0.133316   ,  0.286131   ,  1.67623    ,  3.31526    ])
2461    , -3236.18    , array([ 0.0957576  ,  0.122903   ,  0.287263   ,  1.68499    ,  3.25301    ])
2462    , -3444.08    , array([ 0.0987552  ,  0.137661   ,  0.28749    ,  1.68675    ,  3.51915    ])
2463    , -3169.26    , array([ 0.102786   ,  0.129403   ,  0.270225   ,  1.65998    ,  3.44776    ])
2464    , -2609.97    , array([ 0.12686    ,  0.121068   ,  0.257412   ,  1.64716    ,  3.48674    ])
2465    , -2729.68    , array([ 0.124246   ,  0.123498   ,  0.271053   ,  1.71263    ,  3.42161    ])
2466    , -2525.35    , array([ 0.142652   ,  0.121539   ,  0.265058   ,  1.69488    ,  3.32173    ])
2467    , -2351.63    , array([ 0.196526   ,  0.113381   ,  0.255399   ,  1.70683    ,  3.2382     ])
likelihood = -2351.63
theta = 4797.99
Optimized parameters = [0.19652558 0.11338097 0.2553989  1.70683051 3.23820362]

Round_4_Replicate_1
2468    , -732.796    , array([ 0.260357   ,  0.0624337  ,  0.0904329  ,  0.709496   ,  0.436261   ])
2469    , -692.427    , array([ 0.243415   ,  0.0624337  ,  0.0904329  ,  0.709496   ,  0.436261   ])
2470    , -746.559    , array([ 0.260357   ,  0.0543488  ,  0.0904329  ,  0.709496   ,  0.436261   ])
2471    , -689.891    , array([ 0.260357   ,  0.0624337  ,  0.0801942  ,  0.709496   ,  0.436261   ])
2472    , -736.177    , array([ 0.260357   ,  0.0624337  ,  0.0904329  ,  0.697425   ,  0.436261   ])
2473    , -734.14     , array([ 0.260357   ,  0.0624337  ,  0.0904329  ,  0.709496   ,  0.418537   ])
2474    , -703.123    , array([ 0.253443   ,  0.0717213  ,  0.0861893  ,  0.704643   ,  0.429083   ])
2475    , -682.503    , array([ 0.250729   ,  0.065995   ,  0.0845481  ,  0.719797   ,  0.426245   ])
2476    , -666.519    , array([ 0.24605    ,  0.0678511  ,  0.0817509  ,  0.731251   ,  0.421324   ])
2477    , -665.805    , array([ 0.245124   ,  0.0682285  ,  0.0812026  ,  0.71615    ,  0.445477   ])
2478    , -657.253    , array([ 0.237846   ,  0.0713246  ,  0.076947   ,  0.719501   ,  0.45959    ])
2479    , -655.699    , array([ 0.236416   ,  0.0719605  ,  0.076123   ,  0.720173   ,  0.436377   ])
2480    , -675.053    , array([ 0.225284   ,  0.0772558  ,  0.0698411  ,  0.725571   ,  0.436435   ])
2481    , -655.825    , array([ 0.236202   ,  0.0627253  ,  0.0760002  ,  0.731484   ,  0.446679   ])
2482    , -644.686    , array([ 0.242992   ,  0.0721908  ,  0.0675673  ,  0.735403   ,  0.443496   ])
2483    , -654.524    , array([ 0.242781   ,  0.077627   ,  0.0584039  ,  0.748709   ,  0.447158   ])
2484    , -689.599    , array([ 0.220994   ,  0.0765079  ,  0.0711472  ,  0.746029   ,  0.446423   ])
2485    , -661.538    , array([ 0.230238   ,  0.0727168  ,  0.0733084  ,  0.736723   ,  0.443861   ])
2486    , -669.364    , array([ 0.227713   ,  0.0723769  ,  0.0668148  ,  0.725997   ,  0.471986   ])
2487    , -655.066    , array([ 0.241332   ,  0.0689553  ,  0.0777298  ,  0.729934   ,  0.433455   ])
2488    , -655.418    , array([ 0.247975   ,  0.0661143  ,  0.0762754  ,  0.71794    ,  0.44379    ])
2489    , -646.433    , array([ 0.244082   ,  0.0653903  ,  0.0724143  ,  0.734487   ,  0.422646   ])
2490    , -654.298    , array([ 0.249027   ,  0.0756028  ,  0.0719126  ,  0.72364    ,  0.425349   ])
2491    , -647.253    , array([ 0.254028   ,  0.0672147  ,  0.0701809  ,  0.736419   ,  0.430955   ])
2492    , -644.24     , array([ 0.244534   ,  0.0736428  ,  0.0677461  ,  0.746256   ,  0.41881    ])
2493    , -649.05     , array([ 0.242831   ,  0.0777227  ,  0.063846   ,  0.76083    ,  0.406852   ])
2494    , -639.814    , array([ 0.252594   ,  0.0724909  ,  0.0629216  ,  0.740516   ,  0.422941   ])
2495    , -641.586    , array([ 0.258421   ,  0.0743261  ,  0.0566117  ,  0.745865   ,  0.41778    ])
likelihood = -639.81
theta = 5417.95
Optimized parameters = [0.2525941  0.07249089 0.06292162 0.7405164  0.42294095]

Round_4_Replicate_2
2496    , -2461.17    , array([ 0.125366   ,  0.0638505  ,  0.304996   ,  2.17856    ,  0.565839   ])
2497    , -2629.17    , array([ 0.113002   ,  0.0638505  ,  0.304996   ,  2.17856    ,  0.565839   ])
2498    , -2395.24    , array([ 0.125366   ,  0.0556445  ,  0.304996   ,  2.17856    ,  0.565839   ])
2499    , -2429.19    , array([ 0.125366   ,  0.0638505  ,  0.287415   ,  2.17856    ,  0.565839   ])
2500    , -2506.3     , array([ 0.125366   ,  0.0638505  ,  0.304996   ,  2.26505    ,  0.565839   ])
2501    , -2468.43    , array([ 0.125366   ,  0.0638505  ,  0.304996   ,  2.17856    ,  0.549955   ])
2502    , -2315.5     , array([ 0.139081   ,  0.0604321  ,  0.297838   ,  2.21275    ,  0.559431   ])
2503    , -2230.05    , array([ 0.154298   ,  0.0587921  ,  0.294322   ,  2.23005    ,  0.556255   ])
2504    , -2263.2     , array([ 0.136223   ,  0.0584695  ,  0.293624   ,  2.11504    ,  0.555621   ])
2505    , -2228.44    , array([ 0.140825   ,  0.0564463  ,  0.289195   ,  2.17313    ,  0.574017   ])
2506    , -2137.26    , array([ 0.149256   ,  0.0530727  ,  0.281604   ,  2.17043    ,  0.58644    ])
2507    , -2128.98    , array([ 0.151002   ,  0.0524226  ,  0.28011    ,  2.16989    ,  0.565942   ])
2508    , -2030.97    , array([ 0.165723   ,  0.0475002  ,  0.268439   ,  2.16557    ,  0.565994   ])
2509    , -2112.42    , array([ 0.168835   ,  0.0465726  ,  0.289233   ,  2.1647     ,  0.566004   ])
2510    , -2026.49    , array([ 0.190186   ,  0.0497687  ,  0.266836   ,  2.15919    ,  0.56607    ])
2511    , -2080.48    , array([ 0.234249   ,  0.0470677  ,  0.249586   ,  2.14957    ,  0.566185   ])
2512    , -2083.94    , array([ 0.200021   ,  0.0444078  ,  0.266765   ,  2.24249    ,  0.580792   ])
2513    , -1985.14    , array([ 0.195908   ,  0.0394754  ,  0.25587    ,  2.13157    ,  0.590234   ])
2514    , -2012.43    , array([ 0.220748   ,  0.0323467  ,  0.238571   ,  2.08398    ,  0.607995   ])
2515    , -2136.51    , array([ 0.225803   ,  0.0388469  ,  0.257369   ,  2.17436    ,  0.561299   ])
2516    , -2058.03    , array([ 0.203601   ,  0.0419986  ,  0.263225   ,  2.17337    ,  0.567482   ])
2517    , -1957.63    , array([ 0.215141   ,  0.0424754  ,  0.241311   ,  2.18359    ,  0.582173   ])
2518    , -1927.98    , array([ 0.242859   ,  0.0405641  ,  0.220415   ,  2.1931     ,  0.59043    ])
2519    , -1883.92    , array([ 0.196256   ,  0.0429617  ,  0.242406   ,  2.08916    ,  0.571097   ])
2520    , -1800.34    , array([ 0.1944     ,  0.0422565  ,  0.231073   ,  2.01648    ,  0.566311   ])
2521    , -1827.89    , array([ 0.189272   ,  0.0455376  ,  0.233192   ,  2.09195    ,  0.584009   ])
2522    , -1876.95    , array([ 0.245224   ,  0.0395894  ,  0.216144   ,  2.07065    ,  0.59293    ])
2523    , -1776.84    , array([ 0.23655    ,  0.0344801  ,  0.199868   ,  2.04228    ,  0.603946   ])
2524    , -1762.33    , array([ 0.263812   ,  0.0286995  ,  0.172978   ,  1.98622    ,  0.623824   ])
likelihood = -1762.33
theta = 4018.5
Optimized parameters = [0.26381247 0.02869948 0.17297807 1.98621595 0.62382418]

Round_4_Replicate_3
2525    , -1315.7     , array([ 0.374344   ,  0.0553463  ,  0.0965492  ,  0.811474   ,  0.776622   ])
2526    , -1191.84    , array([ 0.356398   ,  0.0553463  ,  0.0965492  ,  0.811474   ,  0.776622   ])
2527    , -1361.82    , array([ 0.374344   ,  0.0478898  ,  0.0965492  ,  0.811474   ,  0.776622   ])
2528    , -1183.73    , array([ 0.374344   ,  0.0553463  ,  0.0858986  ,  0.811474   ,  0.776622   ])
2529    , -1320.89    , array([ 0.374344   ,  0.0553463  ,  0.0965492  ,  0.803042   ,  0.776622   ])
2530    , -1318.75    , array([ 0.374344   ,  0.0553463  ,  0.0965492  ,  0.811474   ,  0.766867   ])
2531    , -1183.51    , array([ 0.36706    ,  0.0639638  ,  0.092139   ,  0.808091   ,  0.772705   ])
2532    , -1126.14    , array([ 0.363471   ,  0.0739231  ,  0.0900101  ,  0.806404   ,  0.770754   ])
2533    , -1124.56    , array([ 0.362757   ,  0.0621392  ,  0.0895902  ,  0.817941   ,  0.770365   ])
2534    , -1041.53    , array([ 0.357099   ,  0.0658421  ,  0.0863012  ,  0.825494   ,  0.767255   ])
2535    , -1028.22    , array([ 0.355978   ,  0.0666087  ,  0.085658   ,  0.815008   ,  0.780322   ])
2536    , -919.979    , array([ 0.347135   ,  0.0730722  ,  0.0806821  ,  0.81678    ,  0.787137   ])
2537    , -904.585    , array([ 0.345393   ,  0.0744383  ,  0.0797222  ,  0.817135   ,  0.774677   ])
2538    , -790.469    , array([ 0.331768   ,  0.0863278  ,  0.0724427  ,  0.819981   ,  0.773706   ])
2539    , -863.68     , array([ 0.352541   ,  0.0889245  ,  0.0710686  ,  0.820551   ,  0.773512   ])
2540    , -849.77     , array([ 0.327679   ,  0.107496   ,  0.0740486  ,  0.82421    ,  0.772271   ])
2541    , -722.712    , array([ 0.323775   ,  0.0934865  ,  0.0653585  ,  0.836669   ,  0.778763   ])
2542    , -677.265    , array([ 0.305583   ,  0.105132   ,  0.0556939  ,  0.852225   ,  0.782799   ])
2543    , -770.546    , array([ 0.309643   ,  0.126566   ,  0.0572128  ,  0.827806   ,  0.788616   ])
2544    , -829.043    , array([ 0.304295   ,  0.142067   ,  0.0533358  ,  0.841137   ,  0.769274   ])
2545    , -836.955    , array([ 0.2825     ,  0.140804   ,  0.0539827  ,  0.845611   ,  0.781106   ])
2546    , -768.289    , array([ 0.286422   ,  0.129757   ,  0.0456573  ,  0.850534   ,  0.785929   ])
2547    , -713.114    , array([ 0.334066   ,  0.0958772  ,  0.05857    ,  0.830935   ,  0.778955   ])
2548    , -684.171    , array([ 0.321937   ,  0.081194   ,  0.0615423  ,  0.831288   ,  0.794902   ])
2549    , -764.547    , array([ 0.291746   ,  0.130382   ,  0.0424492  ,  0.85742    ,  0.79894    ])
likelihood = -677.26
theta = 4484.29
Optimized parameters = [0.30558341 0.10513155 0.05569389 0.8522248  0.78279856]

Round_4_Replicate_4
2550    , -2272.54    , array([ 0.129955   ,  0.0952988  ,  0.31429    ,  0.608393   ,  0.787924   ])
2551    , -2304.27    , array([ 0.11735    ,  0.0952988  ,  0.31429    ,  0.608393   ,  0.787924   ])
2552    , -2072.87    , array([ 0.129955   ,  0.0847309  ,  0.31429    ,  0.608393   ,  0.787924   ])
2553    , -2158.26    , array([ 0.129955   ,  0.0952988  ,  0.296618   ,  0.608393   ,  0.787924   ])
2554    , -2270.29    , array([ 0.129955   ,  0.0952988  ,  0.31429    ,  0.593463   ,  0.787924   ])
2555    , -2272.33    , array([ 0.129955   ,  0.0952988  ,  0.31429    ,  0.608393   ,  0.77859    ])
2556    , -2163.54    , array([ 0.143914   ,  0.0909221  ,  0.307098   ,  0.602376   ,  0.784177   ])
2557    , -2092.62    , array([ 0.135368   ,  0.0892282  ,  0.304268   ,  0.599986   ,  0.782683   ])
2558    , -2027.6     , array([ 0.137596   ,  0.0869096  ,  0.300349   ,  0.596656   ,  0.79373    ])
2559    , -1922.19    , array([ 0.141583   ,  0.0829961  ,  0.293612   ,  0.590873   ,  0.80141    ])
2560    , -1905.19    , array([ 0.142395   ,  0.0822348  ,  0.292283   ,  0.610598   ,  0.789669   ])
2561    , -1763.98    , array([ 0.149054   ,  0.0763906  ,  0.281864   ,  0.61935    ,  0.790543   ])
2562    , -1854.11    , array([ 0.130401   ,  0.0803938  ,  0.289042   ,  0.608287   ,  0.796013   ])
2563    , -1769.27    , array([ 0.144606   ,  0.0716569  ,  0.296174   ,  0.602229   ,  0.79547    ])
2564    , -1680.55    , array([ 0.142538   ,  0.0701045  ,  0.285631   ,  0.611579   ,  0.806004   ])
2565    , -1539.12    , array([ 0.146264   ,  0.0621396  ,  0.276745   ,  0.617459   ,  0.817924   ])
2566    , -1517.2     , array([ 0.155666   ,  0.0652134  ,  0.262803   ,  0.606707   ,  0.8127     ])
2567    , -1361.16    , array([ 0.17037    ,  0.0572116  ,  0.240314   ,  0.605866   ,  0.825379   ])
2568    , -1420.55    , array([ 0.15386    ,  0.0573709  ,  0.25965    ,  0.630989   ,  0.808499   ])
2569    , -1453.81    , array([ 0.178482   ,  0.0517505  ,  0.252681   ,  0.621976   ,  0.819064   ])
2570    , -1297.35    , array([ 0.175086   ,  0.0509731  ,  0.231418   ,  0.636393   ,  0.829262   ])
2571    , -1212.04    , array([ 0.192657   ,  0.0429915  ,  0.204561   ,  0.654194   ,  0.846692   ])
2572    , -1256.6     , array([ 0.188222   ,  0.0379924  ,  0.213903   ,  0.632497   ,  0.85765    ])
2573    , -1284.37    , array([ 0.212173   ,  0.0383619  ,  0.196532   ,  0.640571   ,  0.844815   ])
2574    , -1140.28    , array([ 0.186325   ,  0.0408646  ,  0.194663   ,  0.643456   ,  0.85415    ])
2575    , -1083.57    , array([ 0.190374   ,  0.0363131  ,  0.17086    ,  0.654473   ,  0.872252   ])
likelihood = -1083.57
theta = 5891.08
Optimized parameters = [0.19037433 0.03631315 0.17085968 0.65447257 0.87225216]

Round_4_Replicate_5
2576    , -3242.76    , array([ 0.104599   ,  0.118139   ,  0.29376    ,  2.00871    ,  1.2977     ])
2577    , -3517.15    , array([ 0.0934341  ,  0.118139   ,  0.29376    ,  2.00871    ,  1.2977     ])
2578    , -3038.1     , array([ 0.104599   ,  0.106173   ,  0.29376    ,  2.00871    ,  1.2977     ])
2579    , -3210.53    , array([ 0.104599   ,  0.118139   ,  0.276307   ,  2.00871    ,  1.2977     ])
2580    , -3267.24    , array([ 0.104599   ,  0.118139   ,  0.29376    ,  2.08       ,  1.2977     ])
2581    , -3239.32    , array([ 0.104599   ,  0.118139   ,  0.29376    ,  2.00871    ,  1.31472    ])
2582    , -2925.72    , array([ 0.117099   ,  0.113199   ,  0.286651   ,  2.03692    ,  1.30449    ])
2583    , -2708.35    , array([ 0.131092   ,  0.110807   ,  0.283161   ,  2.05118    ,  1.30789    ])
2584    , -2882.22    , array([ 0.114485   ,  0.110335   ,  0.282468   ,  1.95617    ,  1.30857    ])
2585    , -2774.15    , array([ 0.118696   ,  0.107359   ,  0.278073   ,  2.00423    ,  1.31294    ])
2586    , -2615.55    , array([ 0.124853   ,  0.103327   ,  0.272035   ,  2.00244    ,  1.29524    ])
2587    , -2367.07    , array([ 0.136406   ,  0.096633   ,  0.261783   ,  1.99931    ,  1.28561    ])
2588    , -2399.86    , array([ 0.138841   ,  0.0953472  ,  0.283038   ,  1.99869    ,  1.30733    ])
2589    , -2305.4     , array([ 0.155495   ,  0.101626   ,  0.262293   ,  1.9947     ,  1.3112     ])
2590    , -2152.61    , array([ 0.189587   ,  0.0994262  ,  0.247846   ,  1.98773    ,  1.318      ])
2591    , -2168.43    , array([ 0.173828   ,  0.0938046  ,  0.258878   ,  2.06143    ,  1.30405    ])
2592    , -2146.33    , array([ 0.195302   ,  0.0913381  ,  0.255553   ,  2.03477    ,  1.29617    ])
2593    , -2310.08    , array([ 0.250521   ,  0.0842478  ,  0.244986   ,  2.05021    ,  1.28787    ])
2594    , -1968.61    , array([ 0.207405   ,  0.0819139  ,  0.240872   ,  1.98181    ,  1.29651    ])
2595    , -2020.33    , array([ 0.26088    ,  0.0704292  ,  0.222158   ,  1.94801    ,  1.29085    ])
2596    , -2004.5     , array([ 0.22993    ,  0.0895852  ,  0.225917   ,  2.02697    ,  1.29276    ])
2597    , -2465.54    , array([ 0.288395   ,  0.0857556  ,  0.23028    ,  2.03751    ,  1.31751    ])
2598    , -2138.77    , array([ 0.164483   ,  0.0937907  ,  0.253525   ,  2.00879    ,  1.29352    ])
2599    , -1992.18    , array([ 0.221361   ,  0.0883361  ,  0.230925   ,  1.95578    ,  1.29468    ])
2600    , -1936.86    , array([ 0.215938   ,  0.0794908  ,  0.234477   ,  2.01519    ,  1.27187    ])
2601    , -1897.3     , array([ 0.230457   ,  0.0710763  ,  0.228065   ,  2.02906    ,  1.24942    ])
2602    , -1806.77    , array([ 0.223967   ,  0.0782699  ,  0.217287   ,  1.96639    ,  1.27441    ])
2603    , -1686.13    , array([ 0.23984    ,  0.0724546  ,  0.20036    ,  1.93306    ,  1.26367    ])
likelihood = -1686.13
theta = 4098.36
Optimized parameters = [0.23983971 0.07245463 0.20035967 1.93306089 1.26367264]

Round_1_Replicate_1
3453    , -134754     , array([ 2.2205     ,  5.89829    ,  1.81648    ,  6.70092    ,  6.01873    ])
3454    , -135851     , array([ 2.31086    ,  5.89829    ,  1.81648    ,  6.70092    ,  6.01873    ])
3455    , -135697     , array([ 2.2205     ,  6.44559    ,  1.81648    ,  6.70092    ,  6.01873    ])
3456    , -135853     , array([ 2.2205     ,  5.89829    ,  1.87151    ,  6.70092    ,  6.01873    ])
3457    , -134638     , array([ 2.2205     ,  5.89829    ,  1.81648    ,  7.36955    ,  6.01873    ])
3458    , -134725     , array([ 2.2205     ,  5.89829    ,  1.81648    ,  6.70092    ,  6.58386    ])
3459    , -134422     , array([ 2.25621    ,  6.1114     ,  1.76307    ,  6.96076    ,  6.23872    ])
3460    , -133699     , array([ 2.27428    ,  6.22082    ,  1.71123    ,  7.09444    ,  6.3517     ])
3461    , -133525     , array([ 2.1542     ,  6.24294    ,  1.77363    ,  7.12148    ,  6.37455    ])
3462    , -132307     , array([ 2.0799     ,  6.42275    ,  1.75258    ,  7.34156    ,  6.56026    ])
likelihood = -132307.3
theta = 615.56
Optimized parameters = [2.07989514 6.42275007 1.75257908 7.34156352 6.56026466]

Round_1_Replicate_2
3463    , -137072     , array([ 2.52043    ,  4.64759    ,  1.62839    ,  0.306199   ,  1.48166    ])
3464    , -138141     , array([ 2.63966    ,  4.64759    ,  1.62839    ,  0.306199   ,  1.48166    ])
3465    , -138551     , array([ 2.52043    ,  5.01868    ,  1.62839    ,  0.306199   ,  1.48166    ])
3466    , -137941     , array([ 2.52043    ,  4.64759    ,  1.66857    ,  0.306199   ,  1.48166    ])
3467    , -137112     , array([ 2.52043    ,  4.64759    ,  1.62839    ,  0.288606   ,  1.48166    ])
3468    , -137008     , array([ 2.52043    ,  4.64759    ,  1.62839    ,  0.306199   ,  1.51108    ])
3469    , -136310     , array([ 2.56746    ,  4.30395    ,  1.64434    ,  0.299037   ,  1.49336    ])
3470    , -135117     , array([ 2.5913     ,  3.98571    ,  1.65238    ,  0.295518   ,  1.49924    ])
3471    , -135590     , array([ 2.43343    ,  4.37058    ,  1.65399    ,  0.29482    ,  1.50042    ])
likelihood = -135117.14
theta = 1139.73
Optimized parameters = [2.59130455 3.98570722 1.65238154 0.29551845 1.49924038]

Round_1_Replicate_3
3472    , -66812.9    , array([ 0.704735   ,  4.33443    ,  0.820189   ,  4.00757    ,  1.99171    ])
3473    , -66389.4    , array([ 0.692512   ,  4.33443    ,  0.820189   ,  4.00757    ,  1.99171    ])
3474    , -67438.7    , array([ 0.704735   ,  4.66422    ,  0.820189   ,  4.00757    ,  1.99171    ])
3475    , -66486.7    , array([ 0.704735   ,  4.33443    ,  0.8121     ,  4.00757    ,  1.99171    ])
3476    , -66760.9    , array([ 0.704735   ,  4.33443    ,  0.820189   ,  4.29562    ,  1.99171    ])
3477    , -66837.3    , array([ 0.704735   ,  4.33443    ,  0.820189   ,  4.00757    ,  2.06152    ])
3478    , -65842.6    , array([ 0.69982    ,  4.02796    ,  0.816944   ,  4.1204     ,  2.01934    ])
3479    , -64993.9    , array([ 0.697375   ,  3.74317    ,  0.815326   ,  4.17799    ,  2.0333     ])
3480    , -65749.6    , array([ 0.696888   ,  4.08747    ,  0.815003   ,  4.18961    ,  1.94024    ])
likelihood = -64993.87
theta = 1271.37
Optimized parameters = [0.69737545 3.74316565 0.81532632 4.17799436 2.03330333]

Round_1_Replicate_4
3481    , -102764     , array([ 0.699967   ,  1.31223    ,  3.49851    ,  1.73827    ,  0.250566   ])
3482    , -102196     , array([ 0.687593   ,  1.31223    ,  3.49851    ,  1.73827    ,  0.250566   ])
3483    , -102902     , array([ 0.699967   ,  1.33018    ,  3.49851    ,  1.73827    ,  0.250566   ])
3484    , -106303     , array([ 0.699967   ,  1.31223    ,  3.72458    ,  1.73827    ,  0.250566   ])
3485    , -102648     , array([ 0.699967   ,  1.31223    ,  3.49851    ,  1.78699    ,  0.250566   ])
3486    , -101254     , array([ 0.699967   ,  1.31223    ,  3.49851    ,  1.73827    ,  0.233813   ])
3487    , -98359.1    , array([ 0.694991   ,  1.31938    ,  3.28617    ,  1.7576     ,  0.243725   ])
3488    , -94326      , array([ 0.692516   ,  1.32297    ,  3.08671    ,  1.76734    ,  0.240375   ])
3489    , -98380.6    , array([ 0.692022   ,  1.29875    ,  3.32758    ,  1.7693     ,  0.239711   ])
likelihood = -94326.04
theta = 2182.29
Optimized parameters = [0.69251578 1.32297196 3.08670555 1.76734126 0.24037537]

Round_1_Replicate_5
3490    , -44491.9    , array([ 0.185484   ,  1.00051    ,  1.47997    ,  0.330874   ,  1.40453    ])
3491    , -43412.5    , array([ 0.170499   ,  1.00051    ,  1.47997    ,  0.330874   ,  1.40453    ])
3492    , -44492.2    , array([ 0.185484   ,  1.00054    ,  1.47997    ,  0.330874   ,  1.40453    ])
3493    , -44974.8    , array([ 0.185484   ,  1.00051    ,  1.50927    ,  0.330874   ,  1.40453    ])
3494    , -44492.9    , array([ 0.185484   ,  1.00051    ,  1.47997    ,  0.313073   ,  1.40453    ])
3495    , -44492.5    , array([ 0.185484   ,  1.00051    ,  1.47997    ,  0.330874   ,  1.42859    ])
3496    , -43579.7    , array([ 0.179339   ,  1.00052    ,  1.45125    ,  0.323636   ,  1.4141     ])
3497    , -43689.6    , array([ 0.176938   ,  1.00053    ,  1.46841    ,  0.346607   ,  1.41795    ])
likelihood = -43412.47
theta = 4554.97
Optimized parameters = [0.17049938 1.00051104 1.47997256 0.3308742  1.40452883]

Round_1_Replicate_6
3498    , -128659     , array([ 4.35916    ,  2.8476     ,  1.35092    ,  0.325913   ,  2.92396    ])
3499    , -129843     , array([ 4.69216    ,  2.8476     ,  1.35092    ,  0.325913   ,  2.92396    ])
3500    , -129772     , array([ 4.35916    ,  3.00056    ,  1.35092    ,  0.325913   ,  2.92396    ])
3501    , -129197     , array([ 4.35916    ,  2.8476     ,  1.37139    ,  0.325913   ,  2.92396    ])
3502    , -128667     , array([ 4.35916    ,  2.8476     ,  1.35092    ,  0.308146   ,  2.92396    ])
3503    , -128589     , array([ 4.35916    ,  2.8476     ,  1.35092    ,  0.325913   ,  3.0851     ])
3504    , -128061     , array([ 4.04979    ,  2.90782    ,  1.35907    ,  0.318686   ,  2.98738    ])
3505    , -127098     , array([ 3.76238    ,  2.93841    ,  1.36316    ,  0.315133   ,  3.01961    ])
3506    , -127152     , array([ 4.10986    ,  2.73658    ,  1.36398    ,  0.314428   ,  3.02609    ])
likelihood = -127098.22
theta = 864.7
Optimized parameters = [3.76238022 2.93841216 1.36316301 0.31513339 3.0196055 ]

Round_1_Replicate_7
3507    , -58089.4    , array([ 0.303646   ,  0.683809   ,  2.02019    ,  0.175958   ,  1.80535    ])
3508    , -56759.4    , array([ 0.286079   ,  0.683809   ,  2.02019    ,  0.175958   ,  1.80535    ])
3509    , -57842.7    , array([ 0.303646   ,  0.670936   ,  2.02019    ,  0.175958   ,  1.80535    ])
3510    , -59324.4    , array([ 0.303646   ,  0.683809   ,  2.09249    ,  0.175958   ,  1.80535    ])
3511    , -58092      , array([ 0.303646   ,  0.683809   ,  2.02019    ,  0.161316   ,  1.80535    ])
3512    , -58088.8    , array([ 0.303646   ,  0.683809   ,  2.02019    ,  0.175958   ,  1.85947    ])
3513    , -56243.6    , array([ 0.296493   ,  0.67863    ,  1.9504     ,  0.169948   ,  1.82681    ])
3514    , -54741.4    , array([ 0.29298    ,  0.676056   ,  1.88301    ,  0.167021   ,  1.83763    ])
3515    , -56108.7    , array([ 0.292283   ,  0.675542   ,  1.96416    ,  0.187967   ,  1.83981    ])
likelihood = -54741.35
theta = 4352.5
Optimized parameters = [0.29298047 0.67605592 1.88301384 0.16702067 1.83763309]

Round_1_Replicate_8
3516    , -141877     , array([ 2.25161    ,  1.17904    ,  4.39169    ,  0.277539   ,  2.51023    ])
3517    , -142423     , array([ 2.34486    ,  1.17904    ,  4.39169    ,  0.277539   ,  2.51023    ])
3518    , -142034     , array([ 2.25161    ,  1.18879    ,  4.39169    ,  0.277539   ,  2.51023    ])
3519    , -144303     , array([ 2.25161    ,  1.17904    ,  4.72894    ,  0.277539   ,  2.51023    ])
3520    , -141876     , array([ 2.25161    ,  1.17904    ,  4.39169    ,  0.26031    ,  2.51023    ])
3521    , -141884     , array([ 2.25161    ,  1.17904    ,  4.39169    ,  0.277539   ,  2.62844    ])
3522    , -139703     , array([ 2.28846    ,  1.18293    ,  4.0785     ,  0.270515   ,  2.55686    ])
3523    , -137354     , array([ 2.30711    ,  1.18488    ,  3.78764    ,  0.267069   ,  2.5805     ])
3524    , -139576     , array([ 2.18322    ,  1.18527    ,  4.1393     ,  0.266386   ,  2.58526    ])
likelihood = -137354.34
theta = 1382.85
Optimized parameters = [2.30710752 1.18488158 3.7876392  0.26706931 2.58050387]

Round_1_Replicate_9
3525    , -73129.5    , array([ 2.98579    ,  0.215188   ,  1.15285    ,  3.43527    ,  0.526078   ])
3526    , -73857.7    , array([ 3.15364    ,  0.215188   ,  1.15285    ,  3.43527    ,  0.526078   ])
3527    , -72284.9    , array([ 2.98579    ,  0.199278   ,  1.15285    ,  3.43527    ,  0.526078   ])
3528    , -73342.2    , array([ 2.98579    ,  0.215188   ,  1.16108    ,  3.43527    ,  0.526078   ])
3529    , -73259      , array([ 2.98579    ,  0.215188   ,  1.15285    ,  3.65392    ,  0.526078   ])
3530    , -73048.2    , array([ 2.98579    ,  0.215188   ,  1.15285    ,  3.43527    ,  0.509451   ])
3531    , -72132.8    , array([ 2.82687    ,  0.208677   ,  1.15613    ,  3.52112    ,  0.519363   ])
3532    , -71216.7    , array([ 2.67641    ,  0.205496   ,  1.15778    ,  3.56484    ,  0.516038   ])
3533    , -71847.9    , array([ 2.85796    ,  0.204865   ,  1.14664    ,  3.57365    ,  0.515375   ])
likelihood = -71216.69
theta = 1298.97
Optimized parameters = [2.6764143  0.20549555 1.15778036 3.56484051 0.51603775]

Round_1_Replicate_10
3534    , -45405      , array([ 0.188537   ,  1.94803    ,  1.28963    ,  0.158772   ,  0.265433   ])
3535    , -44246      , array([ 0.173447   ,  1.94803    ,  1.28963    ,  0.158772   ,  0.265433   ])
3536    , -45614.1    , array([ 0.188537   ,  2.01408    ,  1.28963    ,  0.158772   ,  0.265433   ])
3537    , -45680.2    , array([ 0.188537   ,  1.94803    ,  1.30614    ,  0.158772   ,  0.265433   ])
3538    , -45581.8    , array([ 0.188537   ,  1.94803    ,  1.28963    ,  0.144815   ,  0.265433   ])
3539    , -45213.8    , array([ 0.188537   ,  1.94803    ,  1.28963    ,  0.158772   ,  0.2484     ])
3540    , -44738.3    , array([ 0.18235    ,  1.97419    ,  1.27333    ,  0.153035   ,  0.258484   ])
3541    , -44452.1    , array([ 0.179932   ,  1.89423    ,  1.28309    ,  0.150798   ,  0.255756   ])
likelihood = -44245.97
theta = 4186.37
Optimized parameters = [0.17344722 1.9480316  1.28963002 0.15877203 0.26543281]

Round_2_Replicate_1
3542    , -43336.1    , array([ 0.162126   ,  0.608676   ,  1.91675    ,  0.509091   ,  1.89799    ])
3543    , -42087.8    , array([ 0.148029   ,  0.608676   ,  1.91675    ,  0.509091   ,  1.89799    ])
3544    , -43027.2    , array([ 0.162126   ,  0.593752   ,  1.91675    ,  0.509091   ,  1.89799    ])
3545    , -44208.7    , array([ 0.162126   ,  0.608676   ,  1.98013    ,  0.509091   ,  1.89799    ])
3546    , -43337.8    , array([ 0.162126   ,  0.608676   ,  1.91675    ,  0.492193   ,  1.89799    ])
3547    , -43341.5    , array([ 0.162126   ,  0.608676   ,  1.91675    ,  0.509091   ,  1.95979    ])
3548    , -41858.3    , array([ 0.156333   ,  0.602662   ,  1.8554     ,  0.502263   ,  1.92247    ])
3549    , -40728.2    , array([ 0.153514   ,  0.599677   ,  1.79601    ,  0.498884   ,  1.93483    ])
3550    , -41655.5    , array([ 0.152957   ,  0.599082   ,  1.86751    ,  0.498211   ,  1.85233    ])
3551    , -41010      , array([ 0.149436   ,  0.595287   ,  1.84817    ,  0.517827   ,  1.8941     ])
3552    , -40127.4    , array([ 0.144642   ,  0.590014   ,  1.82143    ,  0.504057   ,  1.89255    ])
3553    , -38643.7    , array([ 0.13662    ,  0.580899   ,  1.77556    ,  0.501559   ,  1.88984    ])
likelihood = -38643.68
theta = 6303.17
Optimized parameters = [0.13662044 0.58089938 1.77556432 0.50155853 1.88983736]

Round_2_Replicate_2
3554    , -131070     , array([ 0.638212   ,  2.29194    ,  5.03152    ,  0.327509   ,  0.73843    ])
3555    , -130356     , array([ 0.624041   ,  2.29194    ,  5.03152    ,  0.327509   ,  0.73843    ])
3556    , -131510     , array([ 0.638212   ,  2.38898    ,  5.03152    ,  0.327509   ,  0.73843    ])
3557    , -134085     , array([ 0.638212   ,  2.29194    ,  5.45487    ,  0.327509   ,  0.73843    ])
3558    , -131093     , array([ 0.638212   ,  2.29194    ,  5.03152    ,  0.30973    ,  0.73843    ])
3559    , -131085     , array([ 0.638212   ,  2.29194    ,  5.03152    ,  0.327509   ,  0.727319   ])
3560    , -127904     , array([ 0.632505   ,  2.33027    ,  4.64103    ,  0.320278   ,  0.733966   ])
3561    , -124729     , array([ 0.629671   ,  2.34968    ,  4.28084    ,  0.316723   ,  0.731744   ])
3562    , -127836     , array([ 0.629106   ,  2.22083    ,  4.71662    ,  0.316016   ,  0.7313     ])
3563    , -126949     , array([ 0.6255     ,  2.28586    ,  4.59625    ,  0.336852   ,  0.728467   ])
3564    , -125278     , array([ 0.620486   ,  2.28344    ,  4.43288    ,  0.322171   ,  0.740062   ])
likelihood = -124728.82
theta = 2421.45
Optimized parameters = [0.62967111 2.34968113 4.28084226 0.31672277 0.73174356]

Round_2_Replicate_3
3565    , -22948.4    , array([ 0.0901444  ,  0.584142   ,  0.858905   ,  0.418989   ,  1.26078    ])
3566    , -22873.7    , array([ 0.0799255  ,  0.584142   ,  0.858905   ,  0.418989   ,  1.26078    ])
3567    , -22604.4    , array([ 0.0901444  ,  0.568649   ,  0.858905   ,  0.418989   ,  1.26078    ])
3568    , -22842.1    , array([ 0.0901444  ,  0.584142   ,  0.852398   ,  0.418989   ,  1.26078    ])
3569    , -22951.3    , array([ 0.0901444  ,  0.584142   ,  0.858905   ,  0.401156   ,  1.26078    ])
3570    , -22951      , array([ 0.0901444  ,  0.584142   ,  0.858905   ,  0.418989   ,  1.27547    ])
3571    , -22726.3    , array([ 0.0859088  ,  0.577894   ,  0.856296   ,  0.437616   ,  1.26664    ])
3572    , -22640.9    , array([ 0.0842708  ,  0.575414   ,  0.855255   ,  0.426343   ,  1.24857    ])
3573    , -22529.7    , array([ 0.0820299  ,  0.57196    ,  0.853799   ,  0.42932    ,  1.25821    ])
3574    , -22343.8    , array([ 0.0782509  ,  0.565965   ,  0.851258   ,  0.434581   ,  1.25693    ])
3575    , -22398.5    , array([ 0.0917375  ,  0.564773   ,  0.85075    ,  0.43564    ,  1.25667    ])
likelihood = -22343.84
theta = 6111.59
Optimized parameters = [0.07825085 0.56596476 0.85125775 0.43458061 1.25692927]

Round_2_Replicate_4
3576    , -32869.9    , array([ 0.177296   ,  1.85622    ,  0.662822   ,  0.347344   ,  0.525814   ])
3577    , -32406.5    , array([ 0.162605   ,  1.85622    ,  0.662822   ,  0.347344   ,  0.525814   ])
3578    , -33119.1    , array([ 0.177296   ,  1.91452    ,  0.662822   ,  0.347344   ,  0.525814   ])
3579    , -32551.2    , array([ 0.177296   ,  1.85622    ,  0.649332   ,  0.347344   ,  0.525814   ])
3580    , -32933.1    , array([ 0.177296   ,  1.85622    ,  0.662822   ,  0.329456   ,  0.525814   ])
3581    , -32790.3    , array([ 0.177296   ,  1.85622    ,  0.662822   ,  0.347344   ,  0.509183   ])
3582    , -32292.1    , array([ 0.171267   ,  1.79969    ,  0.657392   ,  0.340075   ,  0.519098   ])
3583    , -31881.1    , array([ 0.168329   ,  1.74488    ,  0.654694   ,  0.336498   ,  0.515772   ])
3584    , -32063      , array([ 0.167748   ,  1.81085    ,  0.654156   ,  0.361585   ,  0.515109   ])
3585    , -31819.7    , array([ 0.164074   ,  1.79302    ,  0.650722   ,  0.348521   ,  0.510888   ])
3586    , -31325.9    , array([ 0.157838   ,  1.76223    ,  0.644755   ,  0.349111   ,  0.503584   ])
3587    , -31337.5    , array([ 0.156619   ,  1.75614    ,  0.643568   ,  0.349229   ,  0.525247   ])
likelihood = -31325.86
theta = 3818.44
Optimized parameters = [0.15783782 1.7622342  0.64475487 0.34911107 0.50358449]

Round_2_Replicate_5
3588    , -53491.4    , array([ 0.0434736  ,  1.5447     ,  5.55407    ,  0.370453   ,  2.58844    ])
3589    , -51216.5    , array([ 0.0371652  ,  1.5447     ,  5.55407    ,  0.370453   ,  2.58844    ])
3590    , -53539.4    , array([ 0.0434736  ,  1.57866    ,  5.55407    ,  0.370453   ,  2.58844    ])
3591    , -55059.8    , array([ 0.0434736  ,  1.5447     ,  6.0512     ,  0.370453   ,  2.58844    ])
3592    , -53491.2    , array([ 0.0434736  ,  1.5447     ,  5.55407    ,  0.352508   ,  2.58844    ])
3593    , -53488.4    , array([ 0.0434736  ,  1.5447     ,  5.55407    ,  0.370453   ,  2.7145     ])
3594    , -51167.8    , array([ 0.040831   ,  1.5582     ,  5.09777    ,  0.363168   ,  2.63814    ])
3595    , -49496.5    , array([ 0.0395705  ,  1.56499    ,  4.67897    ,  0.359579   ,  2.66335    ])
3596    , -50873.6    , array([ 0.0393232  ,  1.51939    ,  5.18593    ,  0.358866   ,  2.66842    ])
3597    , -49981      , array([ 0.0377761  ,  1.54256    ,  5.0456     ,  0.354333   ,  2.70111    ])
3598    , -48781.4    , array([ 0.035712   ,  1.5417     ,  4.8555     ,  0.373141   ,  2.74754    ])
3599    , -46944.6    , array([ 0.0323675  ,  1.5402     ,  4.53989    ,  0.383905   ,  2.83072    ])
likelihood = -46944.56
theta = 10638.31
Optimized parameters = [0.03236752 1.54019697 4.53988553 0.38390516 2.83071546]

Round_2_Replicate_6
3600    , -92349.6    , array([ 0.336831   ,  1.81622    ,  3.53144    ,  0.658617   ,  3.38039    ])
3601    , -90612.7    , array([ 0.318994   ,  1.81622    ,  3.53144    ,  0.658617   ,  3.38039    ])
3602    , -92581.2    , array([ 0.336831   ,  1.87123    ,  3.53144    ,  0.658617   ,  3.38039    ])
3603    , -94852.5    , array([ 0.336831   ,  1.81622    ,  3.7614     ,  0.658617   ,  3.38039    ])
3604    , -92351.7    , array([ 0.336831   ,  1.81622    ,  3.53144    ,  0.645007   ,  3.38039    ])
3605    , -92347.5    , array([ 0.336831   ,  1.81622    ,  3.53144    ,  0.658617   ,  3.59265    ])
3606    , -89273.8    , array([ 0.329579   ,  1.83803    ,  3.31554    ,  0.653139   ,  3.46374    ])
3607    , -86536.4    , array([ 0.326012   ,  1.84903    ,  3.11284    ,  0.650417   ,  3.50619    ])
3608    , -89084.4    , array([ 0.325304   ,  1.7755     ,  3.35764    ,  0.649874   ,  3.51474    ])
3609    , -88022.9    , array([ 0.320804   ,  1.81275    ,  3.29053    ,  0.665584   ,  3.56997    ])
3610    , -86321.9    , array([ 0.314609   ,  1.81137    ,  3.19884    ,  0.65458    ,  3.64874    ])
3611    , -83387.2    , array([ 0.304054   ,  1.80895    ,  3.04448    ,  0.652572   ,  3.79081    ])
likelihood = -83387.23
theta = 3199.1
Optimized parameters = [0.30405398 1.80895041 3.04447596 0.65257155 3.79080618]

Round_2_Replicate_7
3612    , -91454.4    , array([ 0.344087   ,  0.58373    ,  4.62777    ,  0.227471   ,  0.695845   ])
3613    , -89918.8    , array([ 0.326213   ,  0.58373    ,  4.62777    ,  0.227471   ,  0.695845   ])
3614    , -91073.8    , array([ 0.344087   ,  0.568228   ,  4.62777    ,  0.227471   ,  0.695845   ])
3615    , -94618.4    , array([ 0.344087   ,  0.58373    ,  4.99621    ,  0.227471   ,  0.695845   ])
3616    , -91460.8    , array([ 0.344087   ,  0.58373    ,  4.62777    ,  0.211238   ,  0.695845   ])
3617    , -91452.3    , array([ 0.344087   ,  0.58373    ,  4.62777    ,  0.227471   ,  0.683342   ])
3618    , -87538.1    , array([ 0.336823   ,  0.577479   ,  4.2865     ,  0.220833   ,  0.690817   ])
3619    , -84021.1    , array([ 0.333248   ,  0.574379   ,  3.9704     ,  0.217587   ,  0.688316   ])
3620    , -87701.5    , array([ 0.332538   ,  0.573761   ,  4.35268    ,  0.240637   ,  0.687817   ])
3621    , -86212.3    , array([ 0.328028   ,  0.569821   ,  4.24728    ,  0.228551   ,  0.684632   ])
3622    , -84131.1    , array([ 0.321816   ,  0.564351   ,  4.10399    ,  0.228985   ,  0.697685   ])
likelihood = -84021.12
theta = 4363.74
Optimized parameters = [0.3332482  0.57437896 3.9704031  0.21758708 0.68831649]

Round_2_Replicate_8
3623    , -42877.2    , array([ 0.457282   ,  3.98696    ,  0.630283   ,  1.03575    ,  0.430019   ])
3624    , -42318.5    , array([ 0.439737   ,  3.98696    ,  0.630283   ,  1.03575    ,  0.430019   ])
3625    , -43314.4    , array([ 0.457282   ,  4.27242    ,  0.630283   ,  1.03575    ,  0.430019   ])
3626    , -42333.1    , array([ 0.457282   ,  3.98696    ,  0.615903   ,  1.03575    ,  0.430019   ])
3627    , -42867.9    , array([ 0.457282   ,  3.98696    ,  0.630283   ,  1.03757    ,  0.430019   ])
3628    , -42480.3    , array([ 0.457282   ,  3.98696    ,  0.630283   ,  1.03575    ,  0.412251   ])
3629    , -41817.9    , array([ 0.450181   ,  3.72057    ,  0.624491   ,  1.03647    ,  0.422822   ])
3630    , -41046.5    , array([ 0.446673   ,  3.47198    ,  0.621615   ,  1.03684    ,  0.419268   ])
3631    , -41555.4    , array([ 0.445974   ,  3.77239    ,  0.621041   ,  1.03691    ,  0.418561   ])
3632    , -41046.5    , array([ 0.44153    ,  3.68983    ,  0.617383   ,  1.03483    ,  0.414064   ])
3633    , -40843.9    , array([ 0.435382   ,  3.57727    ,  0.612297   ,  1.03628    ,  0.432669   ])
3634    , -40021.2    , array([ 0.424829   ,  3.38849    ,  0.603498   ,  1.03655    ,  0.443254   ])
likelihood = -40021.21
theta = 2297.33
Optimized parameters = [0.42482871 3.38849243 0.60349792 1.03655002 0.44325387]

Round_2_Replicate_9
3635    , -39237.7    , array([ 0.0562304  ,  0.616651   ,  2.61853    ,  0.424835   ,  1.89       ])
3636    , -38345.7    , array([ 0.0486933  ,  0.616651   ,  2.61853    ,  0.424835   ,  1.89       ])
3637    , -38999.9    , array([ 0.0562304  ,  0.601924   ,  2.61853    ,  0.424835   ,  1.89       ])
3638    , -40035.7    , array([ 0.0562304  ,  0.616651   ,  2.74764    ,  0.424835   ,  1.89       ])
3639    , -39236      , array([ 0.0562304  ,  0.616651   ,  2.61853    ,  0.407034   ,  1.89       ])
3640    , -39226.4    , array([ 0.0562304  ,  0.616651   ,  2.61853    ,  0.424835   ,  1.95112    ])
3641    , -38004.2    , array([ 0.0530848  ,  0.610718   ,  2.49548    ,  0.417623   ,  1.91422    ])
3642    , -37061.7    , array([ 0.0515786  ,  0.607772   ,  2.37822    ,  0.414063   ,  1.92644    ])
3643    , -37894.9    , array([ 0.0512826  ,  0.607185   ,  2.51962    ,  0.413355   ,  1.9289     ])
3644    , -37403.9    , array([ 0.0494276  ,  0.603439   ,  2.48111    ,  0.434099   ,  1.94468    ])
3645    , -36771      , array([ 0.0469428  ,  0.598234   ,  2.42818    ,  0.419515   ,  1.88126    ])
3646    , -35756.9    , array([ 0.0428912  ,  0.589232   ,  2.33827    ,  0.41688    ,  1.84727    ])
likelihood = -35756.93
theta = 9648.68
Optimized parameters = [0.04289119 0.5892325  2.33826506 0.41687985 1.84727466]

Round_2_Replicate_10
3647    , -44778.8    , array([ 0.150839   ,  1.2135     ,  1.53666    ,  0.325703   ,  1.94375    ])
3648    , -43712.4    , array([ 0.137227   ,  1.2135     ,  1.53666    ,  0.325703   ,  1.94375    ])
3649    , -44870.9    , array([ 0.150839   ,  1.22529    ,  1.53666    ,  0.325703   ,  1.94375    ])
3650    , -45244.5    , array([ 0.150839   ,  1.2135     ,  1.57002    ,  0.325703   ,  1.94375    ])
3651    , -44776.4    , array([ 0.150839   ,  1.2135     ,  1.53666    ,  0.307938   ,  1.94375    ])
3652    , -44777.9    , array([ 0.150839   ,  1.2135     ,  1.53666    ,  0.325703   ,  2.00943    ])
3653    , -43924.6    , array([ 0.14524    ,  1.2182     ,  1.504      ,  0.318478   ,  1.96976    ])
3654    , -43910.7    , array([ 0.143058   ,  1.20367    ,  1.52351    ,  0.315632   ,  1.98026    ])
3655    , -43667.4    , array([ 0.14006    ,  1.21143    ,  1.51828    ,  0.311692   ,  1.99506    ])
3656    , -43143.5    , array([ 0.134962   ,  1.2104     ,  1.50918    ,  0.304913   ,  2.02122    ])
3657    , -43043.3    , array([ 0.133965   ,  1.21019    ,  1.50736    ,  0.303575   ,  1.93437    ])
3658    , -42257.1    , array([ 0.126249   ,  1.20855    ,  1.49293    ,  0.293082   ,  1.8979     ])
likelihood = -42257.09
theta = 4735.69
Optimized parameters = [0.12624947 1.2085463  1.49292746 0.29308172 1.89789649]

Round_3_Replicate_1
3659    , -33532.6    , array([ 0.139811   ,  0.376545   ,  1.82399    ,  1.71835    ,  1.20644    ])
3660    , -32498.9    , array([ 0.126712   ,  0.376545   ,  1.82399    ,  1.71835    ,  1.20644    ])
3661    , -32887.9    , array([ 0.139811   ,  0.358598   ,  1.82399    ,  1.71835    ,  1.20644    ])
3662    , -34276.6    , array([ 0.139811   ,  0.376545   ,  1.87964    ,  1.71835    ,  1.20644    ])
3663    , -33522.1    , array([ 0.139811   ,  0.376545   ,  1.82399    ,  1.7655     ,  1.20644    ])
3664    , -33540.5    , array([ 0.139811   ,  0.376545   ,  1.82399    ,  1.71835    ,  1.21781    ])
3665    , -32125.1    , array([ 0.134416   ,  0.369261   ,  1.76999    ,  1.73706    ,  1.21097    ])
3666    , -31091.8    , array([ 0.131797   ,  0.365672   ,  1.7176     ,  1.74649    ,  1.21325    ])
3667    , -31859.9    , array([ 0.13128    ,  0.364958   ,  1.78067    ,  1.74838    ,  1.19786    ])
3668    , -31222.7    , array([ 0.128015   ,  0.360424   ,  1.76362    ,  1.76054    ,  1.20571    ])
3669    , -30358.6    , array([ 0.12358    ,  0.354171   ,  1.74004    ,  1.71159    ,  1.20542    ])
3670    , -28895.7    , array([ 0.116186   ,  0.343487   ,  1.69952    ,  1.68526    ,  1.20492    ])
3671    , -29508.4    , array([ 0.114761   ,  0.365546   ,  1.69153    ,  1.74493    ,  1.20481    ])
3672    , -28532.3    , array([ 0.121705   ,  0.34402    ,  1.64128    ,  1.75568    ,  1.20417    ])
3673    , -26649      , array([ 0.119276   ,  0.328826   ,  1.55691    ,  1.77464    ,  1.20303    ])
3674    , -27190.4    , array([ 0.113049   ,  0.340445   ,  1.5933     ,  1.73584    ,  1.21487    ])
3675    , -26247.9    , array([ 0.110308   ,  0.336953   ,  1.54465    ,  1.71415    ,  1.21063    ])
3676    , -24065.8    , array([ 0.102396   ,  0.325797   ,  1.44558    ,  1.69141    ,  1.21309    ])
3677    , -23849.4    , array([ 0.0968531  ,  0.317127   ,  1.48034    ,  1.70593    ,  1.20305    ])
3678    , -20983.4    , array([ 0.0830265  ,  0.295327   ,  1.37431    ,  1.686      ,  1.19798    ])
likelihood = -20983.44
theta = 7913.5
Optimized parameters = [0.08302652 0.29532744 1.37430599 1.68600164 1.19797832]

Round_3_Replicate_2
3679    , -43611.8    , array([ 0.0223626  ,  2.01641    ,  3.25583    ,  0.109972   ,  1.08304    ])
3680    , -43283.4    , array([ 0.0184926  ,  2.01641    ,  3.25583    ,  0.109972   ,  1.08304    ])
3681    , -43672.4    , array([ 0.0223626  ,  2.08837    ,  3.25583    ,  0.109972   ,  1.08304    ])
3682    , -43860.2    , array([ 0.0223626  ,  2.01641    ,  3.45378    ,  0.109972   ,  1.08304    ])
3683    , -43599.2    , array([ 0.0223626  ,  2.01641    ,  3.25583    ,  0.0984793  ,  1.08304    ])
3684    , -43608.7    , array([ 0.0223626  ,  2.01641    ,  3.25583    ,  0.109972   ,  1.08737    ])
3685    , -43270.3    , array([ 0.0207258  ,  2.04489    ,  3.06923    ,  0.105222   ,  1.08477    ])
3686    , -43064.7    , array([ 0.0199529  ,  2.05928    ,  2.89332    ,  0.102925   ,  1.08563    ])
3687    , -43170.8    , array([ 0.0198019  ,  1.96338    ,  3.10567    ,  0.102471   ,  1.08581    ])
3688    , -43111.6    , array([ 0.0188617  ,  2.01189    ,  3.04757    ,  0.0996163  ,  1.08692    ])
3689    , -43020.6    , array([ 0.0176199  ,  2.01008    ,  2.96804    ,  0.0957525  ,  1.08241    ])
3690    , -42983.3    , array([ 0.0156403  ,  2.00693    ,  2.83383    ,  0.0893479  ,  1.07994    ])
3691    , -43000.9    , array([ 0.0152719  ,  2.0063     ,  2.80772    ,  0.102845   ,  1.08549    ])
3692    , -42800      , array([ 0.017107   ,  2.00227    ,  2.64625    ,  0.0896615  ,  1.08647    ])
3693    , -42663.7    , array([ 0.0164537  ,  1.99523    ,  2.38569    ,  0.0809597  ,  1.0882     ])
3694    , -42969.9    , array([ 0.014835   ,  2.06962    ,  2.49644    ,  0.0875693  ,  1.08466    ])
3695    , -42991      , array([ 0.0141481  ,  2.04271    ,  2.34893    ,  0.0855524  ,  1.08265    ])
3696    , -43419.6    , array([ 0.011656   ,  1.98926    ,  2.27623    ,  0.0769004  ,  1.08273    ])
3697    , -42887.6    , array([ 0.0174438  ,  2.04155    ,  2.7249     ,  0.0956911  ,  1.08491    ])
likelihood = -42663.69
theta = 7088.71
Optimized parameters = [0.01645368 1.99523165 2.38569339 0.0809597  1.0881953 ]

Round_3_Replicate_3
3698    , -41147.4    , array([ 0.0212996  ,  1.73606    ,  1.75525    ,  0.595412   ,  1.72808    ])
3699    , -41590.5    , array([ 0.0175707  ,  1.73606    ,  1.75525    ,  0.595412   ,  1.72808    ])
3700    , -41262.5    , array([ 0.0212996  ,  1.7846     ,  1.75525    ,  0.595412   ,  1.72808    ])
3701    , -41213.3    , array([ 0.0212996  ,  1.73606    ,  1.80532    ,  0.595412   ,  1.72808    ])
3702    , -41135.3    , array([ 0.0212996  ,  1.73606    ,  1.75525    ,  0.580174   ,  1.72808    ])
3703    , -41111.7    , array([ 0.0212996  ,  1.73606    ,  1.75525    ,  0.595412   ,  1.77599    ])
3704    , -40936.3    , array([ 0.0258198  ,  1.75532    ,  1.77511    ,  0.589269   ,  1.74708    ])
3705    , -40894.9    , array([ 0.0312993  ,  1.76502    ,  1.78512    ,  0.586222   ,  1.75667    ])
3706    , -40844.6    , array([ 0.0248449  ,  1.70004    ,  1.78713    ,  0.585614   ,  1.75859    ])
3707    , -40685.7    , array([ 0.026833   ,  1.65928    ,  1.80329    ,  0.580776   ,  1.77405    ])
3708    , -40681.3    , array([ 0.0272493  ,  1.71625    ,  1.73678    ,  0.579813   ,  1.77716    ])
3709    , -40487.7    , array([ 0.0308211  ,  1.70643    ,  1.70349    ,  0.572168   ,  1.80222    ])
3710    , -40641.2    , array([ 0.0315898  ,  1.70448    ,  1.76507    ,  0.570651   ,  1.80727    ])
3711    , -40701.8    , array([ 0.0369842  ,  1.69201    ,  1.76902    ,  0.581774   ,  1.83996    ])
3712    , -41084.1    , array([ 0.0461184  ,  1.6747     ,  1.77455    ,  0.561656   ,  1.81584    ])
3713    , -40743.8    , array([ 0.0380188  ,  1.68983    ,  1.76971    ,  0.569911   ,  1.80579    ])
3714    , -40304.2    , array([ 0.0339232  ,  1.61878    ,  1.73881    ,  0.564058   ,  1.85618    ])
3715    , -39989.9    , array([ 0.0353165  ,  1.55027    ,  1.7161     ,  0.553292   ,  1.90803    ])
3716    , -40395.9    , array([ 0.0271159  ,  1.6335     ,  1.73251    ,  0.573374   ,  1.8459     ])
3717    , -40412.3    , array([ 0.0246201  ,  1.6086     ,  1.71879    ,  0.558423   ,  1.81396    ])
likelihood = -39989.91
theta = 5928.03
Optimized parameters = [0.03531654 1.55026605 1.71610448 0.55329218 1.90802844]

Round_3_Replicate_4
3718    , -38475.9    , array([ 0.054817   ,  1.06236    ,  1.69596    ,  0.292737   ,  0.85228    ])
3719    , -38188.7    , array([ 0.047409   ,  1.06236    ,  1.69596    ,  0.292737   ,  0.85228    ])
3720    , -38501      , array([ 0.054817   ,  1.06558    ,  1.69596    ,  0.292737   ,  0.85228    ])
3721    , -38804.3    , array([ 0.054817   ,  1.06236    ,  1.74135    ,  0.292737   ,  0.85228    ])
3722    , -38455.6    , array([ 0.054817   ,  1.06236    ,  1.69596    ,  0.275297   ,  0.85228    ])
3723    , -38479.6    , array([ 0.054817   ,  1.06236    ,  1.69596    ,  0.292737   ,  0.845496   ])
3724    , -38031      , array([ 0.0517241  ,  1.06365    ,  1.65175    ,  0.285633   ,  0.84956    ])
3725    , -37672.3    , array([ 0.0502438  ,  1.06429    ,  1.6087     ,  0.282145   ,  0.848203   ])
3726    , -37998.4    , array([ 0.0499528  ,  1.05992    ,  1.6605     ,  0.281453   ,  0.847932   ])
3727    , -37852.5    , array([ 0.0481303  ,  1.06216    ,  1.64653    ,  0.277062   ,  0.85572    ])
3728    , -37655.5    , array([ 0.0456898  ,  1.06208    ,  1.62716    ,  0.271029   ,  0.850277   ])
3729    , -37368.2    , array([ 0.0417131  ,  1.06193    ,  1.59381    ,  0.260786   ,  0.849278   ])
3730    , -37350.6    , array([ 0.0409602  ,  1.0619     ,  1.58722    ,  0.282023   ,  0.849078   ])
3731    , -37091.1    , array([ 0.0354068  ,  1.06167    ,  1.5355     ,  0.285447   ,  0.847481   ])
3732    , -36913.1    , array([ 0.0421412  ,  1.06163    ,  1.52536    ,  0.26256    ,  0.847162   ])
3733    , -36365.2    , array([ 0.0397311  ,  1.06126    ,  1.4466     ,  0.248658   ,  0.844615   ])
3734    , -36661.8    , array([ 0.0364952  ,  1.06461    ,  1.47432    ,  0.259884   ,  0.850172   ])
3735    , -36408.2    , array([ 0.0339082  ,  1.06335    ,  1.42256    ,  0.25733    ,  0.840246   ])
3736    , -36541.7    , array([ 0.0277542  ,  1.06083    ,  1.38613    ,  0.243557   ,  0.844502   ])
likelihood = -36365.17
theta = 5938.55
Optimized parameters = [0.03973106 1.06125934 1.44660257 0.24865815 0.84461454]

Round_3_Replicate_5
3737    , -21160.3    , array([ 0.0280443  ,  0.197073   ,  2.22149    ,  0.131395   ,  1.83128    ])
3738    , -21272.7    , array([ 0.0234551  ,  0.197073   ,  2.22149    ,  0.131395   ,  1.83128    ])
3739    , -20142.7    , array([ 0.0280443  ,  0.181701   ,  2.22149    ,  0.131395   ,  1.83128    ])
3740    , -21663.8    , array([ 0.0280443  ,  0.197073   ,  2.31194    ,  0.131395   ,  1.83128    ])
3741    , -21160.3    , array([ 0.0280443  ,  0.197073   ,  2.22149    ,  0.118715   ,  1.83128    ])
3742    , -21160.1    , array([ 0.0280443  ,  0.197073   ,  2.22149    ,  0.131395   ,  1.88753    ])
3743    , -20297.6    , array([ 0.0261097  ,  0.190774   ,  2.13458    ,  0.126168   ,  1.85358    ])
3744    , -20429.5    , array([ 0.0325864  ,  0.188311   ,  2.18631    ,  0.124136   ,  1.86257    ])
3745    , -20082.4    , array([ 0.0289404  ,  0.184916   ,  2.17239    ,  0.121346   ,  1.87523    ])
3746    , -19551.4    , array([ 0.0293991  ,  0.179123   ,  2.14825    ,  0.116614   ,  1.8976     ])
3747    , -19445.7    , array([ 0.0294917  ,  0.177986   ,  2.14346    ,  0.133351   ,  1.90211    ])
3748    , -18610.2    , array([ 0.0302431  ,  0.169147   ,  2.10547    ,  0.141331   ,  1.93854    ])
3749    , -18443.5    , array([ 0.0303957  ,  0.167433   ,  2.09796    ,  0.124048   ,  1.86522    ])
3750    , -17146.3    , array([ 0.0316443  ,  0.154329   ,  2.03879    ,  0.120529   ,  1.85417    ])
3751    , -17948.1    , array([ 0.0258539  ,  0.161815   ,  2.07298    ,  0.129761   ,  1.8868     ])
3752    , -17139.1    , array([ 0.0321402  ,  0.149547   ,  2.09849    ,  0.129114   ,  1.90948    ])
3753    , -15772.6    , array([ 0.0356592  ,  0.132406   ,  2.08067    ,  0.130612   ,  1.93805    ])
3754    , -15496.7    , array([ 0.032941   ,  0.138343   ,  1.96426    ,  0.123682   ,  1.97703    ])
3755    , -13434.8    , array([ 0.0357011  ,  0.120714   ,  1.84704    ,  0.119997   ,  2.0542     ])
3756    , -13697.6    , array([ 0.0339615  ,  0.119842   ,  1.91211    ,  0.140962   ,  1.96942    ])
likelihood = -13434.76
theta = 19665.78
Optimized parameters = [0.03570111 0.12071418 1.84703571 0.11999725 2.0541989 ]

Round_4_Replicate_1
3757    , -22372.3    , array([ 0.0214717  ,  0.208337   ,  2.27293    ,  0.0658593  ,  1.53821    ])
3758    , -22740.1    , array([ 0.0177198  ,  0.208337   ,  2.27293    ,  0.0658593  ,  1.53821    ])
3759    , -21363.4    , array([ 0.0214717  ,  0.192622   ,  2.27293    ,  0.0658593  ,  1.53821    ])
3760    , -22843.6    , array([ 0.0214717  ,  0.208337   ,  2.36819    ,  0.0658593  ,  1.53821    ])
3761    , -22372.3    , array([ 0.0214717  ,  0.208337   ,  2.27293    ,  0.0574842  ,  1.53821    ])
3762    , -22370      , array([ 0.0214717  ,  0.208337   ,  2.27293    ,  0.0658593  ,  1.57169    ])
3763    , -21645.4    , array([ 0.019884   ,  0.201903   ,  2.18151    ,  0.062372   ,  1.55151    ])
3764    , -21436.3    , array([ 0.0252306  ,  0.199385   ,  2.23591    ,  0.0610293  ,  1.55687    ])
3765    , -21270.3    , array([ 0.0222099  ,  0.195913   ,  2.22127    ,  0.071615   ,  1.56439    ])
3766    , -20725.2    , array([ 0.0225884  ,  0.189981   ,  2.19589    ,  0.079934   ,  1.57765    ])
3767    , -20616.5    , array([ 0.0226649  ,  0.188816   ,  2.19084    ,  0.067543   ,  1.58032    ])
3768    , -19755      , array([ 0.0232861  ,  0.179753   ,  2.15092    ,  0.068401   ,  1.6018     ])
3769    , -19584.3    , array([ 0.0234124  ,  0.177993   ,  2.14302    ,  0.0685738  ,  1.55844    ])
3770    , -18238.1    , array([ 0.0244476  ,  0.164521   ,  2.08088    ,  0.0699728  ,  1.55187    ])
3771    , -19096.3    , array([ 0.0274601  ,  0.169223   ,  2.19105    ,  0.0758162  ,  1.57885    ])
3772    , -18253.8    , array([ 0.0223865  ,  0.160479   ,  2.12047    ,  0.0845089  ,  1.58227    ])
3773    , -17122      , array([ 0.0267483  ,  0.154415   ,  2.0288     ,  0.0865242  ,  1.61966    ])
3774    , -15193.3    , array([ 0.0298546  ,  0.138255   ,  1.91675    ,  0.099174   ,  1.66199    ])
3775    , -15574.1    , array([ 0.0284268  ,  0.137871   ,  1.98883    ,  0.0777122  ,  1.6124     ])
3776    , -14889.1    , array([ 0.0298654  ,  0.131046   ,  1.96777    ,  0.0955718  ,  1.59229    ])
3777    , -12821.3    , array([ 0.0338223  ,  0.111892   ,  1.88212    ,  0.11297    ,  1.58755    ])
3778    , -13024.7    , array([ 0.0275274  ,  0.117972   ,  1.81779    ,  0.101137   ,  1.61899    ])
3779    , -12062.4    , array([ 0.0366767  ,  0.109993   ,  1.76607    ,  0.0974932  ,  1.63039    ])
3780    , -9916.83    , array([ 0.0469453  ,  0.091062   ,  1.61175    ,  0.104715   ,  1.65499    ])
3781    , -9302.99    , array([ 0.0435998  ,  0.0846848  ,  1.62486    ,  0.13835    ,  1.70567    ])
3782    , -6955.94    , array([ 0.0582248  ,  0.0607571  ,  1.43582    ,  0.194538   ,  1.7882     ])
3783    , -7811.88    , array([ 0.0499511  ,  0.0728123  ,  1.49233    ,  0.179815   ,  1.711      ])
likelihood = -6955.94
theta = 19108.27
Optimized parameters = [0.05822483 0.06075713 1.4358165  0.19453835 1.78819581]

Round_4_Replicate_2
3784    , -12000.9    , array([ 0.0515421  ,  0.135725   ,  1.39685    ,  0.0620416  ,  2.7592     ])
3785    , -11835.6    , array([ 0.0444396  ,  0.135725   ,  1.39685    ,  0.0620416  ,  2.7592     ])
3786    , -11122.6    , array([ 0.0515421  ,  0.122827   ,  1.39685    ,  0.0620416  ,  2.7592     ])
3787    , -12181      , array([ 0.0515421  ,  0.135725   ,  1.42038    ,  0.0620416  ,  2.7592     ])
3788    , -12000.9    , array([ 0.0515421  ,  0.135725   ,  1.39685    ,  0.0539905  ,  2.7592     ])
3789    , -12002.7    , array([ 0.0515421  ,  0.135725   ,  1.39685    ,  0.0620416  ,  2.90283    ])
3790    , -11388.3    , array([ 0.0485741  ,  0.13041    ,  1.3737     ,  0.0586863  ,  2.81578    ])
3791    , -11318.2    , array([ 0.0474354  ,  0.128343   ,  1.38754    ,  0.0573955  ,  2.64405    ])
3792    , -11063.8    , array([ 0.0458858  ,  0.125505   ,  1.38384    ,  0.055636   ,  2.73466    ])
3793    , -10638.8    , array([ 0.0432949  ,  0.120687   ,  1.37738    ,  0.0526857  ,  2.72248    ])
3794    , -10557.2    , array([ 0.0427946  ,  0.119746   ,  1.37609    ,  0.06331    ,  2.72005    ])
3795    , -9944.31    , array([ 0.0389944  ,  0.112476   ,  1.36582    ,  0.0685567  ,  2.70068    ])
3796    , -9927.81    , array([ 0.0471057  ,  0.111076   ,  1.36378    ,  0.0573394  ,  2.69682    ])
3797    , -9082.76    , array([ 0.0484982  ,  0.100485   ,  1.34754    ,  0.0551237  ,  2.66617    ])
3798    , -9416.18    , array([ 0.0430692  ,  0.104155   ,  1.37614    ,  0.059118   ,  2.58555    ])
3799    , -8782.49    , array([ 0.0424321  ,  0.0973518  ,  1.35792    ,  0.0611668  ,  2.72894    ])
3800    , -7694.77    , array([ 0.040132   ,  0.0847869  ,  1.34335    ,  0.0631443  ,  2.77241    ])
3801    , -7856.81    , array([ 0.0353319  ,  0.0877081  ,  1.32797    ,  0.0569864  ,  2.62006    ])
3802    , -7102.76    , array([ 0.0387778  ,  0.0785642  ,  1.3272     ,  0.0692457  ,  2.61498    ])
3803    , -5738.12    , array([ 0.0366992  ,  0.063388   ,  1.30281    ,  0.0793857  ,  2.56283    ])
3804    , -6133.88    , array([ 0.0420223  ,  0.0670198  ,  1.31338    ,  0.0564303  ,  2.58142    ])
3805    , -5418.82    , array([ 0.037674   ,  0.0606722  ,  1.27942    ,  0.0642331  ,  2.69464    ])
3806    , -4074.27    , array([ 0.0352354  ,  0.0463067  ,  1.23364    ,  0.0669543  ,  2.7509     ])
3807    , -4253.85    , array([ 0.0294431  ,  0.0461306  ,  1.26122    ,  0.074459   ,  2.64607    ])
3808    , -3684.51    , array([ 0.0375724  ,  0.0408723  ,  1.25368    ,  0.0801573  ,  2.7033     ])
3809    , -2585.59    , array([ 0.0387454  ,  0.0279012  ,  1.21812    ,  0.0950668  ,  2.7459     ])
3810    , -2478.82    , array([ 0.0326165  ,  0.0271055  ,  1.19176    ,  0.0852036  ,  2.54495    ])
3811    , -1787.6     , array([ 0.0294043  ,  0.0153258  ,  1.1225     ,  0.0989737  ,  2.43832    ])
likelihood = -1787.6
theta = 25492.51
Optimized parameters = [0.02940426 0.01532577 1.12249997 0.09897371 2.43831977]

Round_4_Replicate_3
3812    , -8711.55    , array([ 0.0187331  ,  0.0678135  ,  1.82344    ,  0.0776527  ,  3.81023    ])
3813    , -9206.27    , array([ 0.0153547  ,  0.0678135  ,  1.82344    ,  0.0776527  ,  3.81023    ])
3814    , -7734.08    , array([ 0.0187331  ,  0.0592764  ,  1.82344    ,  0.0776527  ,  3.81023    ])
3815    , -8881.33    , array([ 0.0187331  ,  0.0678135  ,  1.87904    ,  0.0776527  ,  3.81023    ])
3816    , -8711.55    , array([ 0.0187331  ,  0.0678135  ,  1.82344    ,  0.0683383  ,  3.81023    ])
3817    , -8711.45    , array([ 0.0187331  ,  0.0678135  ,  1.82344    ,  0.0776527  ,  4.07379    ])
3818    , -8069.46    , array([ 0.0228549  ,  0.0642602  ,  1.84548    ,  0.0737836  ,  3.91354    ])
3819    , -7870.41    , array([ 0.0202842  ,  0.0628916  ,  1.77801    ,  0.0722905  ,  3.95565    ])
3820    , -7714.89    , array([ 0.02094    ,  0.0610244  ,  1.81383    ,  0.0840117  ,  4.01536    ])
3821    , -7267.47    , array([ 0.0221391  ,  0.0578892  ,  1.80904    ,  0.0931488  ,  4.12203    ])
3822    , -7182.11    , array([ 0.0223871  ,  0.0572817  ,  1.80808    ,  0.0795163  ,  4.1437     ])
3823    , -6549.71    , array([ 0.0244732  ,  0.0526461  ,  1.80045    ,  0.0804647  ,  4.32123    ])
3824    , -6434.06    , array([ 0.0249132  ,  0.051765   ,  1.79893    ,  0.0806558  ,  3.96811    ])
3825    , -5641.07    , array([ 0.0287302  ,  0.0452268  ,  1.7868     ,  0.0822006  ,  3.91631    ])
3826    , -5899.25    , array([ 0.0223771  ,  0.047467   ,  1.75462    ,  0.0886336  ,  4.13176    ])
3827    , -5477.67    , array([ 0.0262231  ,  0.0433372  ,  1.81158    ,  0.0981486  ,  4.15963    ])
3828    , -4721.55    , array([ 0.0298158  ,  0.0359745  ,  1.8286     ,  0.114363   ,  4.26553    ])
3829    , -4907.87    , array([ 0.0341953  ,  0.0376545  ,  1.76845    ,  0.106674   ,  4.51783    ])
3830    , -4340.27    , array([ 0.0344301  ,  0.032463   ,  1.76641    ,  0.0938843  ,  4.3321     ])
3831    , -4010.74    , array([ 0.0429365  ,  0.02431    ,  1.74548    ,  0.0942541  ,  4.44111    ])
3832    , -3918.33    , array([ 0.0389998  ,  0.0262052  ,  1.75296    ,  0.115782   ,  4.17788    ])
3833    , -3994.88    , array([ 0.0492321  ,  0.0184883  ,  1.72969    ,  0.138887   ,  4.108      ])
3834    , -5063.91    , array([ 0.0532663  ,  0.0229171  ,  1.79807    ,  0.116968   ,  4.3889     ])
3835    , -4529.67    , array([ 0.0531083  ,  0.0183257  ,  1.77013    ,  0.145234   ,  4.84625    ])
3836    , -4140.55    , array([ 0.028611   ,  0.0330717  ,  1.74806    ,  0.111295   ,  4.49932    ])
3837    , -3467.2     , array([ 0.0414999  ,  0.0191098  ,  1.76911    ,  0.124122   ,  4.36374    ])
3838    , -3405.41    , array([ 0.0457179  ,  0.0136137  ,  1.76945    ,  0.133888   ,  4.28868    ])
likelihood = -3405.41
theta = 29465.39
Optimized parameters = [0.04571795 0.01361371 1.76944802 0.13388825 4.28868104]

Round_4_Replicate_4
3839    , -10685.2    , array([ 0.024923   ,  0.100305   ,  1.62559    ,  0.136457   ,  2.87046    ])
3840    , -11048      , array([ 0.0207219  ,  0.100305   ,  1.62559    ,  0.136457   ,  2.87046    ])
3841    , -9696.15    , array([ 0.024923   ,  0.0894109  ,  1.62559    ,  0.136457   ,  2.87046    ])
3842    , -10866.4    , array([ 0.024923   ,  0.100305   ,  1.66557    ,  0.136457   ,  2.87046    ])
3843    , -10685.2    , array([ 0.024923   ,  0.100305   ,  1.62559    ,  0.123522   ,  2.87046    ])
3844    , -10685.4    , array([ 0.024923   ,  0.100305   ,  1.62559    ,  0.136457   ,  3.02586    ])
3845    , -10166.5    , array([ 0.0299757  ,  0.0957968  ,  1.64146    ,  0.131128   ,  2.93164    ])
3846    , -9877.7     , array([ 0.0268329  ,  0.0940506  ,  1.59275    ,  0.129055   ,  2.95647    ])
3847    , -9747.34    , array([ 0.0276373  ,  0.0916593  ,  1.61866    ,  0.126208   ,  2.77873    ])
3848    , -9404.63    , array([ 0.028804   ,  0.0884132  ,  1.61589    ,  0.140629   ,  2.89136    ])
3849    , -8850.19    , array([ 0.0309656  ,  0.0830068  ,  1.61106    ,  0.150051   ,  2.90187    ])
3850    , -8746.43    , array([ 0.031417   ,  0.0819658  ,  1.6101     ,  0.132227   ,  2.90397    ])
3851    , -8003.28    , array([ 0.0352734  ,  0.0740947  ,  1.6024     ,  0.130162   ,  2.92088    ])
3852    , -8251.61    , array([ 0.0278783  ,  0.0774427  ,  1.57924    ,  0.137194   ,  2.83919    ])
3853    , -7952.65    , array([ 0.0316233  ,  0.0729823  ,  1.622      ,  0.14285    ,  2.77012    ])
3854    , -7201.22    , array([ 0.0343303  ,  0.0642904  ,  1.63682    ,  0.150292   ,  2.6814     ])
3855    , -7112.73    , array([ 0.0334852  ,  0.0649816  ,  1.60318    ,  0.156642   ,  2.90558    ])
3856    , -6154.4     , array([ 0.0368581  ,  0.0547139  ,  1.5955     ,  0.17451    ,  2.97116    ])
3857    , -6388.4     , array([ 0.0434232  ,  0.0547342  ,  1.58446    ,  0.159856   ,  2.85179    ])
3858    , -5776.53    , array([ 0.0400109  ,  0.0499108  ,  1.58814    ,  0.149102   ,  2.80135    ])
3859    , -4953.69    , array([ 0.0454808  ,  0.0387022  ,  1.5768     ,  0.14863    ,  2.75241    ])
3860    , -5950.64    , array([ 0.0540526  ,  0.0405349  ,  1.61913    ,  0.168381   ,  2.82786    ])
3861    , -4932.56    , array([ 0.0506737  ,  0.0332843  ,  1.60237    ,  0.19673    ,  2.71342    ])
3862    , -4881.23    , array([ 0.0607366  ,  0.0223083  ,  1.60235    ,  0.241859   ,  2.61529    ])
3863    , -5309.76    , array([ 0.0654127  ,  0.0251194  ,  1.55538    ,  0.206096   ,  2.92639    ])
3864    , -4811.96    , array([ 0.0609248  ,  0.0216071  ,  1.59492    ,  0.214492   ,  2.78011    ])
3865    , -5474.86    , array([ 0.0721656  ,  0.0135758  ,  1.60018    ,  0.248457   ,  2.74494    ])
likelihood = -4811.96
theta = 23705.14
Optimized parameters = [0.0609248  0.02160708 1.59492497 0.21449189 2.78010775]

Round_4_Replicate_5
3866    , -11021.3    , array([ 0.0278594  ,  0.100594   ,  1.71974    ,  0.217981   ,  2.63624    ])
3867    , -11239.2    , array([ 0.0232928  ,  0.100594   ,  1.71974    ,  0.217981   ,  2.63624    ])
3868    , -10016.8    , array([ 0.0278594  ,  0.0896813  ,  1.71974    ,  0.217981   ,  2.63624    ])
3869    , -11249.4    , array([ 0.0278594  ,  0.100594   ,  1.767      ,  0.217981   ,  2.63624    ])
3870    , -11021.4    , array([ 0.0278594  ,  0.100594   ,  1.71974    ,  0.201994   ,  2.63624    ])
3871    , -11021.8    , array([ 0.0278594  ,  0.100594   ,  1.71974    ,  0.217981   ,  2.76716    ])
3872    , -10467.6    , array([ 0.0259341  ,  0.0960782  ,  1.67375    ,  0.21144    ,  2.68785    ])
3873    , -10314.9    , array([ 0.0323805  ,  0.094329   ,  1.70119    ,  0.208878   ,  2.70878    ])
3874    , -10087.8    , array([ 0.0287512  ,  0.0919336  ,  1.69383    ,  0.205345   ,  2.5587     ])
3875    , -9732.67    , array([ 0.0291159  ,  0.0886818  ,  1.68358    ,  0.22306    ,  2.65388    ])
3876    , -9134.68    , array([ 0.0297652  ,  0.0832655  ,  1.66578    ,  0.234402   ,  2.66275    ])
3877    , -9018.87    , array([ 0.0298968  ,  0.0822226  ,  1.66224    ,  0.212794   ,  2.66453    ])
3878    , -8135.87    , array([ 0.0309707  ,  0.0743362  ,  1.63422    ,  0.210247   ,  2.67878    ])
3879    , -8749.1     , array([ 0.0344792  ,  0.0776909  ,  1.69167    ,  0.218881   ,  2.60983    ])
3880    , -8163.89    , array([ 0.0283175  ,  0.0732216  ,  1.66065    ,  0.22575    ,  2.55141    ])
3881    , -7665.3     , array([ 0.0316987  ,  0.0685925  ,  1.65472    ,  0.238504   ,  2.69798    ])
3882    , -6675.88    , array([ 0.0332839  ,  0.0592485  ,  1.6355     ,  0.25704    ,  2.77044    ])
3883    , -6589.37    , array([ 0.0351262  ,  0.0595715  ,  1.59737    ,  0.23999    ,  2.67115    ])
3884    , -5420.91    , array([ 0.0394421  ,  0.048552   ,  1.53949    ,  0.251815   ,  2.68878    ])
3885    , -5865.09    , array([ 0.0367954  ,  0.0517098  ,  1.59792    ,  0.229667   ,  2.65487    ])
3886    , -5092.09    , array([ 0.0326017  ,  0.0470922  ,  1.53799    ,  0.25073    ,  2.7273     ])
3887    , -3848.05    , array([ 0.0317017  ,  0.0366639  ,  1.46646    ,  0.268352   ,  2.788      ])
3888    , -4319.26    , array([ 0.0415292  ,  0.0378895  ,  1.4907     ,  0.260507   ,  2.89048    ])
3889    , -3428.84    , array([ 0.042699   ,  0.0285027  ,  1.46011    ,  0.304755   ,  2.8381     ])
3890    , -2803.05    , array([ 0.0501362  ,  0.0176493  ,  1.38015    ,  0.366912   ,  2.92128    ])
3891    , -2834.54    , array([ 0.0468061  ,  0.0220307  ,  1.36319    ,  0.287412   ,  2.80301    ])
likelihood = -2803.05
theta = 24389.5
Optimized parameters = [0.0501362  0.01764934 1.38014539 0.36691179 2.92127737]
