
Round_1_Replicate_1
1       , -36804.9    , array([ 5.45678    ,  0.916111   ,  4.0528     ])
2       , -38403.2    , array([ 5.93995    ,  0.916111   ,  4.0528     ])
3       , -36807.6    , array([ 5.45678    ,  0.912107   ,  4.0528     ])
4       , -35727      , array([ 5.45678    ,  0.916111   ,  4.34653    ])
5       , -34459.4    , array([ 5.0129     ,  0.91344    ,  4.24632    ])
6       , -32455.7    , array([ 4.60514    ,  0.912107   ,  4.34653    ])
7       , -33193.7    , array([ 4.87312    ,  0.91745    ,  4.4491     ])
likelihood = -32455.71
theta = 1406.24
Optimized parameters = [4.60513763 0.91210677 4.34652769]

Round_1_Replicate_2
8       , -16046.7    , array([ 0.222215   ,  3.93475    ,  2.51851    ])
9       , -16216.5    , array([ 0.206117   ,  3.93475    ,  2.51851    ])
10      , -16686.5    , array([ 0.222215   ,  4.21369    ,  2.51851    ])
11      , -15768.5    , array([ 0.222215   ,  3.93475    ,  2.63755    ])
12      , -15321.1    , array([ 0.211349   ,  3.67427    ,  2.59726    ])
13      , -14627.7    , array([ 0.206117   ,  3.43103    ,  2.63755    ])
14      , -14743      , array([ 0.227857   ,  3.59133    ,  2.67847    ])
likelihood = -14627.73
theta = 3533.44
Optimized parameters = [0.20611664 3.43103455 2.63755136]

Round_1_Replicate_3
15      , -104742     , array([ 6.7139     ,  0.181379   ,  0.181101   ])
16      , -105706     , array([ 7.38454    ,  0.181379   ,  0.181101   ])
17      , -101962     , array([ 6.7139     ,  0.166539   ,  0.181101   ])
18      , -108683     , array([ 6.7139     ,  0.181379   ,  0.166271   ])
19      , -99965.8    , array([ 7.15386    ,  0.171346   ,  0.197253   ])
20      , -96228.8    , array([ 7.38454    ,  0.166539   ,  0.214846   ])
21      , -96274.9    , array([ 6.50417    ,  0.161868   ,  0.202951   ])
likelihood = -96228.8
theta = 3228.32
Optimized parameters = [7.3845423  0.16653931 0.21484632]

Round_1_Replicate_4
22      , -33821.1    , array([ 3.55995    ,  0.416641   ,  3.39825    ])
23      , -35056.7    , array([ 3.7933     ,  0.416641   ,  3.39825    ])
24      , -34092.2    , array([ 3.55995    ,  0.398795   ,  3.39825    ])
25      , -33144.3    , array([ 3.55995    ,  0.416641   ,  3.61259    ])
26      , -32309.5    , array([ 3.34097    ,  0.404657   ,  3.53968    ])
27      , -30934      , array([ 3.13545    ,  0.398795   ,  3.61259    ])
28      , -31165.7    , array([ 3.27101    ,  0.422765   ,  3.687      ])
likelihood = -30934.03
theta = 1930.62
Optimized parameters = [3.13545102 0.39879491 3.61258876]

Round_1_Replicate_5
29      , -219857     , array([ 5.47852    ,  1.3631     ,  0.200706   ])
30      , -221926     , array([ 5.96481    ,  1.3631     ,  0.200706   ])
31      , -221051     , array([ 5.47852    ,  1.38438    ,  0.200706   ])
32      , -227487     , array([ 5.47852    ,  1.3631     ,  0.18522    ])
33      , -214457     , array([ 5.7981     ,  1.37725    ,  0.217487   ])
34      , -207984     , array([ 5.96481    ,  1.38438    ,  0.23567    ])
35      , -210553     , array([ 5.3254     ,  1.39154    ,  0.223386   ])
likelihood = -207984.3
theta = 3125.58
Optimized parameters = [5.96480776 1.38437737 0.23567012]

Round_1_Replicate_6
36      , -38636.5    , array([ 0.600053   ,  5.47815    ,  1.07043    ])
37      , -37931.7    , array([ 0.584924   ,  5.47815    ,  1.07043    ])
38      , -39282.4    , array([ 0.600053   ,  5.96438    ,  1.07043    ])
39      , -38535.7    , array([ 0.600053   ,  5.47815    ,  1.07408    ])
40      , -37423.8    , array([ 0.589924   ,  5.03155    ,  1.07286    ])
41      , -36456.8    , array([ 0.584924   ,  4.62137    ,  1.07408    ])
42      , -36671.3    , array([ 0.579966   ,  4.89093    ,  1.0753     ])
likelihood = -36456.84
theta = 3916.3
Optimized parameters = [0.58492398 4.62136698 1.07407862]

Round_1_Replicate_7
43      , -5313.64    , array([ 0.626889   ,  2.41278    ,  5.9873     ])
44      , -5297.95    , array([ 0.612422   ,  2.41278    ,  5.9873     ])
45      , -5563.94    , array([ 0.626889   ,  2.52141    ,  5.9873     ])
46      , -4892.27    , array([ 0.626889   ,  2.41278    ,  6.54775    ])
47      , -4804.32    , array([ 0.617207   ,  2.30882    ,  6.35534    ])
48      , -4501.86    , array([ 0.612422   ,  2.20935    ,  6.54775    ])
49      , -4520.52    , array([ 0.607674   ,  2.27518    ,  6.746      ])
likelihood = -4501.86
theta = 2311.48
Optimized parameters = [0.6124216  2.20935319 6.54775334]

Round_1_Replicate_8
50      , -48251.7    , array([ 1.25231    ,  3.11212    ,  1.38193    ])
51      , -48686.7    , array([ 1.26648    ,  3.11212    ,  1.38193    ])
52      , -49116.2    , array([ 1.25231    ,  3.2939     ,  1.38193    ])
53      , -47550.7    , array([ 1.25231    ,  3.11212    ,  1.40446    ])
54      , -47184.9    , array([ 1.26174    ,  2.94038    ,  1.39691    ])
55      , -46188.4    , array([ 1.26648    ,  2.77812    ,  1.40446    ])
56      , -46007.4    , array([ 1.24763    ,  2.88527    ,  1.41205    ])
57      , -44688.3    , array([ 1.23831    ,  2.77812    ,  1.42736    ])
likelihood = -44688.34
theta = 3080.16
Optimized parameters = [1.23830502 2.77812182 1.42735839]

Round_1_Replicate_9
58      , -45717.2    , array([ 1.07994    ,  0.306709   ,  0.456265   ])
59      , -45814.8    , array([ 1.0841     ,  0.306709   ,  0.456265   ])
60      , -44944      , array([ 1.07994    ,  0.28911    ,  0.456265   ])
61      , -47074.6    , array([ 1.07994    ,  0.306709   ,  0.43871    ])
62      , -43982.5    , array([ 1.08271    ,  0.294862   ,  0.474522   ])
63      , -42571.1    , array([ 1.0841     ,  0.28911    ,  0.493509   ])
64      , -43033      , array([ 1.07856    ,  0.283471   ,  0.480768   ])
likelihood = -42571.13
theta = 5179.45
Optimized parameters = [1.08410176 0.2891103  0.4935092 ]

Round_1_Replicate_10
65      , -53928.1    , array([ 1.60833    ,  0.634559   ,  0.684746   ])
66      , -54568.2    , array([ 1.647      ,  0.634559   ,  0.684746   ])
67      , -53418.6    , array([ 1.60833    ,  0.620291   ,  0.684746   ])
68      , -54733.9    , array([ 1.60833    ,  0.634559   ,  0.671902   ])
69      , -53223.1    , array([ 1.63401    ,  0.625011   ,  0.697835   ])
70      , -52492.8    , array([ 1.647      ,  0.620291   ,  0.711175   ])
71      , -52003.8    , array([ 1.59564    ,  0.615607   ,  0.702254   ])
72      , -50759.5    , array([ 1.57057    ,  0.606344   ,  0.711175   ])
likelihood = -50759.46
theta = 3913.84
Optimized parameters = [1.57056578 0.60634432 0.7111749 ]

Round_2_Replicate_1
73      , -17592.9    , array([ 2.23113    ,  0.812465   ,  4.75965    ])
74      , -18295.6    , array([ 2.32247    ,  0.812465   ,  4.75965    ])
75      , -17633      , array([ 2.23113    ,  0.804072   ,  4.75965    ])
76      , -16748      , array([ 2.23113    ,  0.812465   ,  5.14581    ])
77      , -16379.8    , array([ 2.14337    ,  0.80686    ,  5.01373    ])
78      , -15483.8    , array([ 2.05907    ,  0.804072   ,  5.14581    ])
79      , -15598      , array([ 2.1149     ,  0.815282   ,  5.28137    ])
80      , -14453.6    , array([ 2.0408     ,  0.808724   ,  5.66058    ])
81      , -13154.8    , array([ 1.95181    ,  0.80686    ,  6.17311    ])
82      , -12870.9    , array([ 1.8667     ,  0.805      ,  5.91129    ])
83      , -11339.6    , array([ 1.70746    ,  0.801294   ,  6.33573    ])
likelihood = -11339.6
theta = 2065.09
Optimized parameters = [1.70745614 0.80129366 6.3357333 ]

Round_2_Replicate_2
84      , -31433.1    , array([ 0.795118   ,  8.68041    ,  2.09874    ])
85      , -31218.6    , array([ 0.786056   ,  8.68041    ,  2.09874    ])
86      , -32163.2    , array([ 0.795118   ,  9.67091    ,  2.09874    ])
87      , -30648      , array([ 0.795118   ,  8.68041    ,  2.17799    ])
88      , -29995.7    , array([ 0.789065   ,  7.79136    ,  2.15125    ])
89      , -28857      , array([ 0.786056   ,  6.99336    ,  2.17799    ])
90      , -29084.3    , array([ 0.783058   ,  7.51572    ,  2.20507    ])
91      , -27832.2    , array([ 0.790071   ,  6.82744    ,  2.27894    ])
92      , -26087.2    , array([ 0.792086   ,  6.05504    ,  2.37475    ])
93      , -25214.9    , array([ 0.779078   ,  5.37002    ,  2.32635    ])
94      , -22246.2    , array([ 0.77118    ,  4.2237     ,  2.40428    ])
likelihood = -22246.21
theta = 2801.78
Optimized parameters = [0.77118036 4.22370393 2.4042778 ]

Round_2_Replicate_3
95      , -13480.3    , array([ 2.41187    ,  0.590796   ,  18.0482    ])
96      , -13723.7    , array([ 2.52041    ,  0.590796   ,  18.0482    ])
97      , -13671.3    , array([ 2.41187    ,  0.575452   ,  18.0482    ])
98      , -13829.3    , array([ 2.41187    ,  0.590796   ,  20.8572    ])
99      , -14399.9    , array([ 2.4837     ,  0.580522   ,  15.6175    ])
100     , -13701.8    , array([ 2.42963    ,  0.58821    ,  19.4019    ])
101     , -13539.3    , array([ 2.31932    ,  0.578827   ,  18.9398    ])
102     , -13419.6    , array([ 2.33259    ,  0.575172   ,  17.3374    ])
103     , -14136.3    , array([ 2.28553    ,  0.568761   ,  16.389     ])
104     , -13282.4    , array([ 2.29799    ,  0.587733   ,  18.1452    ])
105     , -13097.3    , array([ 2.24308    ,  0.593971   ,  18.1938    ])
likelihood = -13097.31
theta = 1060.88
Optimized parameters = [ 2.24308185  0.59397121 18.19383645]

Round_2_Replicate_4
106     , -22264.6    , array([ 0.385515   ,  7.30734    ,  2.19899    ])
107     , -22118.7    , array([ 0.367573   ,  7.30734    ,  2.19899    ])
108     , -22964.8    , array([ 0.385515   ,  8.07137    ,  2.19899    ])
109     , -21929.1    , array([ 0.385515   ,  7.30734    ,  2.28736    ])
110     , -21210.4    , array([ 0.373459   ,  6.61563    ,  2.25751    ])
111     , -20289.6    , array([ 0.367573   ,  5.9894     ,  2.28736    ])
112     , -20664.9    , array([ 0.36178    ,  6.39993    ,  2.3176     ])
113     , -19757.3    , array([ 0.375442   ,  5.85849    ,  2.4002     ])
114     , -18491.8    , array([ 0.379439   ,  5.24565    ,  2.50761    ])
115     , -17602.6    , array([ 0.354197   ,  4.69691    ,  2.45332    ])
116     , -15251      , array([ 0.339506   ,  3.76565    ,  2.54076    ])
likelihood = -15251.01
theta = 3306.77
Optimized parameters = [0.33950562 3.76564556 2.54075969]

Round_2_Replicate_5
117     , -48013.1    , array([ 1.35792    ,  4.53986    ,  1.69176    ])
118     , -48612.5    , array([ 1.37885    ,  4.53986    ,  1.69176    ])
119     , -48955.1    , array([ 1.35792    ,  4.8966     ,  1.69176    ])
120     , -46912.9    , array([ 1.35792    ,  4.53986    ,  1.73683    ])
121     , -46690.4    , array([ 1.37184    ,  4.20911    ,  1.72168    ])
122     , -45501.1    , array([ 1.37885    ,  3.90246    ,  1.73683    ])
123     , -45066.5    , array([ 1.35101    ,  4.1043     ,  1.75211    ])
124     , -43331.2    , array([ 1.3373     ,  3.90246    ,  1.78309    ])
125     , -42502.7    , array([ 1.35792    ,  3.71054    ,  1.81462    ])
126     , -39763.7    , array([ 1.35792    ,  3.35455    ,  1.87935    ])
127     , -38658.3    , array([ 1.35792    ,  3.03271    ,  1.86295    ])
128     , -34431.2    , array([ 1.35792    ,  2.47871    ,  1.92941    ])
likelihood = -34431.24
theta = 2787.41
Optimized parameters = [1.35791948 2.47870773 1.92941136]

Round_2_Replicate_6
129     , -9331.91    , array([ 1.03835    ,  0.560276   ,  4.71103    ])
130     , -9348.62    , array([ 1.0403     ,  0.560276   ,  4.71103    ])
131     , -9499.31    , array([ 1.03835    ,  0.544279   ,  4.71103    ])
132     , -9180.51    , array([ 1.03835    ,  0.560276   ,  5.09063    ])
133     , -9065.66    , array([ 1.03965    ,  0.576742   ,  4.96082    ])
134     , -8856.97    , array([ 1.0403     ,  0.593693   ,  5.09063    ])
135     , -8907.72    , array([ 1.0377     ,  0.582338   ,  5.22385    ])
136     , -8690.06    , array([ 1.03922    ,  0.597526   ,  5.59637    ])
137     , -8463.74    , array([ 1.03965    ,  0.617071   ,  6.09961    ])
138     , -8283.95    , array([ 1.04009    ,  0.637254   ,  5.84258    ])
139     , -7891.18    , array([ 1.04096    ,  0.679623   ,  6.25923    ])
likelihood = -7891.18
theta = 2533.99
Optimized parameters = [1.04095706 0.6796227  6.25922539]

Round_2_Replicate_7
140     , -6507.02    , array([ 1.63678    ,  7.67852    ,  17.7349    ])
141     , -6518.58    , array([ 1.6776     ,  7.67852    ,  17.7349    ])
142     , -7241.8     , array([ 1.63678    ,  8.5024     ,  17.7349    ])
143     , -5677.35    , array([ 1.63678    ,  7.67852    ,  20.4772    ])
144     , -5341.21    , array([ 1.66388    ,  6.93448    ,  19.519     ])
145     , -4682.34    , array([ 1.6776     ,  6.26253    ,  20.4772    ])
146     , -4814.72    , array([ 1.62339    ,  6.70285    ,  21.4825    ])
147     , -4245.18    , array([ 1.6548     ,  6.12228    ,  24.4112    ])
148     , -4149.64    , array([ 1.66388    ,  5.46678    ,  28.6397    ])
149     , -4074.47    , array([ 1.67302    ,  4.88146    ,  26.441     ])
likelihood = -4074.47
theta = 745.57
Optimized parameters = [ 1.67301807  4.88145546 26.44101678]

Round_2_Replicate_8
151     , -32088.2    , array([ 2.01708    ,  1.30227    ,  2.14142    ])
152     , -32932.7    , array([ 2.0891     ,  1.30227    ,  2.14142    ])
153     , -32253      , array([ 2.01708    ,  1.31959    ,  2.14142    ])
154     , -30993.5    , array([ 2.01708    ,  1.30227    ,  2.22452    ])
155     , -30622.3    , array([ 1.94754    ,  1.31379    ,  2.19647    ])
156     , -29481.3    , array([ 1.8804     ,  1.31959    ,  2.22452    ])
157     , -29483.3    , array([ 1.9249     ,  1.29655    ,  2.25293    ])
158     , -27946.6    , array([ 1.8658     ,  1.30994    ,  2.33048    ])
159     , -25979.6    , array([ 1.79447    ,  1.31379    ,  2.43119    ])
160     , -25668.6    , array([ 1.72586    ,  1.31765    ,  2.3803     ])
161     , -23159.3    , array([ 1.59643    ,  1.32541    ,  2.46224    ])
likelihood = -23159.33
theta = 2718.3
Optimized parameters = [1.59642546 1.32540672 2.46223666]

Round_2_Replicate_9
162     , -14779.9    , array([ 0.367469   ,  2.42614    ,  1.76115    ])
163     , -14556.1    , array([ 0.349528   ,  2.42614    ,  1.76115    ])
164     , -15220.1    , array([ 0.367469   ,  2.53607    ,  1.76115    ])
165     , -14459.5    , array([ 0.367469   ,  2.42614    ,  1.8117     ])
166     , -13977.2    , array([ 0.355409   ,  2.32097    ,  1.79469    ])
167     , -13365.3    , array([ 0.349528   ,  2.22036    ,  1.8117     ])
168     , -13499.9    , array([ 0.343744   ,  2.28694    ,  1.82887    ])
169     , -12983.9    , array([ 0.357391   ,  2.1986     ,  1.87545    ])
170     , -12204      , array([ 0.361389   ,  2.09297    ,  1.93536    ])
171     , -11638      , array([ 0.336182   ,  1.99241    ,  1.90517    ])
172     , -10319.1    , array([ 0.321551   ,  1.80555    ,  1.9537     ])
likelihood = -10319.14
theta = 4523.58
Optimized parameters = [0.32155142 1.805552   1.95369965]

Round_2_Replicate_10
173     , -10037.1    , array([ 0.207693   ,  2.21653    ,  2.75815    ])
174     , -10253.8    , array([ 0.191996   ,  2.21653    ,  2.75815    ])
175     , -10420.8    , array([ 0.207693   ,  2.30652    ,  2.75815    ])
176     , -9760.71    , array([ 0.207693   ,  2.21653    ,  2.90167    ])
177     , -9622.26    , array([ 0.197092   ,  2.13005    ,  2.85302    ])
178     , -9245.14    , array([ 0.191996   ,  2.04695    ,  2.90167    ])
179     , -9106.42    , array([ 0.213205   ,  2.10198    ,  2.95116    ])
180     , -8558.66    , array([ 0.224673   ,  2.04695    ,  3.05267    ])
181     , -8377.73    , array([ 0.207693   ,  1.99335    ,  3.15767    ])
182     , -7645.02    , array([ 0.207693   ,  1.89034    ,  3.37863    ])
183     , -7294.36    , array([ 0.207693   ,  1.79264    ,  3.32198    ])
184     , -6315.73    , array([ 0.207693   ,  1.61215    ,  3.55445    ])
likelihood = -6315.73
theta = 3915.24
Optimized parameters = [0.20769258 1.61214572 3.55444769]

Round_3_Replicate_1
185     , -9147.89    , array([ 1.30606    ,  1.75853    ,  29.7       ])
186     , -9129.1     , array([ 1.32362    ,  1.75853    ,  29.7       ])
187     , -8968.66    , array([ 1.30606    ,  1.80887    ,  29.7       ])
189     , -7743.16    , array([ 1.31774    ,  1.79193    ,  25.0679    ])
190     , -6709.63    , array([ 1.32362    ,  1.80887    ,  21.1583    ])
191     , -7336.24    , array([ 1.32952    ,  1.82597    ,  23.6904    ])
192     , -6305.33    , array([ 1.31579    ,  1.87236    ,  20.3759    ])
193     , -5258.49    , array([ 1.31189    ,  1.93201    ,  16.8771    ])
194     , -4813.64    , array([ 1.33743    ,  1.90195    ,  13.979     ])
195     , -4911.22    , array([ 1.3534     ,  1.95027    ,  9.59042    ])
196     , -4563.08    , array([ 1.31904    ,  1.93605    ,  12.3291    ])
197     , -5014.91    , array([ 1.31384    ,  1.99356    ,  8.89426    ])
198     , -4759.17    , array([ 1.32187    ,  2.04492    ,  9.63066    ])
199     , -5417.43    , array([ 1.34045    ,  1.98847    ,  8.30639    ])
200     , -4733.82    , array([ 1.31897    ,  1.94597    ,  14.136     ])
201     , -4574.77    , array([ 1.30272    ,  2.05094    ,  10.1033    ])
202     , -4951.14    , array([ 1.30529    ,  1.9113     ,  15.1411    ])
203     , -4521.79    , array([ 1.31771    ,  2.01066    ,  10.784     ])
likelihood = -4521.79
theta = 1551.53
Optimized parameters = [ 1.31770872  2.0106603  10.78403784]

Round_3_Replicate_2
204     , -8975.3     , array([ 0.56658    ,  2.74643    ,  29.7       ])
205     , -9082.28    , array([ 0.550712   ,  2.74643    ,  29.7       ])
206     , -8761.24    , array([ 0.56658    ,  2.88873    ,  29.7       ])
208     , -7659.44    , array([ 0.555951   ,  2.84049    ,  25.0679    ])
209     , -6630.43    , array([ 0.550712   ,  2.88873    ,  21.1583    ])
210     , -7098.99    , array([ 0.57197    ,  2.93778    ,  23.6904    ])
211     , -6276.03    , array([ 0.559472   ,  3.0727     ,  20.3759    ])
212     , -5508.91    , array([ 0.555951   ,  3.2501     ,  16.8771    ])
213     , -5066.43    , array([ 0.552453   ,  3.16015    ,  13.979     ])
214     , -5405.83    , array([ 0.545522   ,  3.30528    ,  9.59042    ])
215     , -5081.03    , array([ 0.534725   ,  3.26228    ,  12.3291    ])
216     , -5847.07    , array([ 0.544566   ,  3.59786    ,  9.63066    ])
217     , -5154.93    , array([ 0.546096   ,  3.40572    ,  11.725     ])
218     , -5474.65    , array([ 0.53304    ,  3.29911    ,  9.47072    ])
219     , -5099.28    , array([ 0.538678   ,  3.28678    ,  10.9424    ])
220     , -4989.95    , array([ 0.537734   ,  3.07462    ,  13.0187    ])
221     , -5051.91    , array([ 0.533601   ,  2.92134    ,  13.7181    ])
222     , -5339.09    , array([ 0.544502   ,  3.04726    ,  15.6629    ])
223     , -5014.23    , array([ 0.540128   ,  3.22519    ,  11.9688    ])
likelihood = -4989.95
theta = 1471.66
Optimized parameters = [ 0.53773394  3.07461617 13.01869748]

Round_3_Replicate_3
224     , -12060.6    , array([ 0.943094   ,  18.305     ,  29.7       ])
225     , -12069.9    , array([ 0.940335   ,  18.305     ,  29.7       ])
226     , -13473.2    , array([ 0.943094   ,  21.1688    ,  29.7       ])
228     , -13971.9    , array([ 0.941254   ,  20.1676    ,  25.0679    ])
229     , -13253.5    , array([ 0.941714   ,  19.6849    ,  27.2859    ])
230     , -11464.2    , array([ 0.940335   ,  16.6143    ,  28.0679    ])
231     , -10506.1    , array([ 0.938959   ,  14.7189    ,  27.2859    ])
233     , -12384.6    , array([ 0.941254   ,  18.305     ,  28.0679    ])
234     , -10722.4    , array([ 0.940335   ,  15.8285    ,  29.7       ])
235     , -10141.8    , array([ 0.941254   ,  14.3666    ,  28.0679    ])
236     , -9245.16    , array([ 0.941714   ,  12.7276    ,  27.2859    ])
237     , -8423.78    , array([ 0.937585   ,  11.2756    ,  26.5256    ])
238     , -6966.22    , array([ 0.934842   ,  8.84966    ,  25.0679    ])
239     , -7094.95    , array([ 0.936669   ,  8.84966    ,  23.6904    ])
240     , -5721.96    , array([ 0.936517   ,  6.7794     ,  23.4683    ])
241     , -4738.64    , array([ 0.935299   ,  4.60096    ,  21.7648    ])
242     , -4504.37    , array([ 0.929532   ,  3.97851    ,  20.1849    ])
243     , -4949.82    , array([ 0.923501   ,  2.22437    ,  17.3608    ])
likelihood = -4504.37
theta = 997.17
Optimized parameters = [ 0.92953207  3.9785075  20.18486521]

Round_3_Replicate_4
244     , -6089.69    , array([ 0.423308   ,  3.0277     ,  14.9178    ])
245     , -6232.16    , array([ 0.405498   ,  3.0277     ,  14.9178    ])
246     , -6143.26    , array([ 0.423308   ,  3.20014    ,  14.9178    ])
247     , -6493.14    , array([ 0.423308   ,  3.0277     ,  17.0761    ])
248     , -5936.14    , array([ 0.41135    ,  3.1416     ,  13.0322    ])
249     , -5945.88    , array([ 0.405498   ,  3.20014    ,  11.385     ])
250     , -5864.13    , array([ 0.433538   ,  3.2199     ,  13.6327    ])
251     , -5766.16    , array([ 0.448277   ,  3.32052    ,  13.0322    ])
252     , -5701.37    , array([ 0.431472   ,  3.12232    ,  12.4583    ])
253     , -5573.36    , array([ 0.435613   ,  3.08412    ,  11.385     ])
254     , -5856.95    , array([ 0.439794   ,  3.34102    ,  10.4042    ])
255     , -5656.69    , array([ 0.473209   ,  3.35476    ,  10.2492    ])
256     , -5503.73    , array([ 0.464748   ,  3.16315    ,  12.7102    ])
257     , -5506.51    , array([ 0.47775    ,  3.0778     ,  14.0482    ])
258     , -5347.1     , array([ 0.467055   ,  3.08131    ,  9.97924    ])
259     , -5302.81    , array([ 0.476737   ,  2.96825    ,  8.73246    ])
260     , -5264.11    , array([ 0.444644   ,  2.81087    ,  11.404     ])
261     , -5327.28    , array([ 0.431015   ,  2.57295    ,  12.0294    ])
262     , -4935.52    , array([ 0.489671   ,  2.87415    ,  10.2777    ])
263     , -4682.49    , array([ 0.519166   ,  2.77459    ,  9.76515    ])
likelihood = -4682.49
theta = 1802.51
Optimized parameters = [0.51916608 2.77458763 9.76514728]

Round_3_Replicate_5
264     , -8288.6     , array([ 2.7573     ,  1.74855    ,  17.4179    ])
265     , -8638.01    , array([ 2.90073    ,  1.74855    ,  17.4179    ])
266     , -8129.33    , array([ 2.7573     ,  1.79809    ,  17.4179    ])
267     , -8301.8     , array([ 2.7573     ,  1.74855    ,  20.093     ])
268     , -7881.8     , array([ 2.62095    ,  1.78142    ,  19.1585    ])
269     , -7633.05    , array([ 2.49135    ,  1.79809    ,  20.093     ])
270     , -7678.15    , array([ 2.57702    ,  1.81492    ,  16.6078    ])
271     , -7293.56    , array([ 2.46343    ,  1.86055    ,  18.5598    ])
272     , -6903.06    , array([ 2.32846    ,  1.91922    ,  19.1585    ])
273     , -6831.4     , array([ 2.20089    ,  1.88966    ,  19.7765    ])
274     , -6559.33    , array([ 1.96633    ,  1.93718    ,  21.0731    ])
275     , -7102.34    , array([ 1.96633    ,  1.9553     ,  24.3096    ])
276     , -6312.82    , array([ 1.73708    ,  2.08702    ,  22.8139    ])
277     , -6291.16    , array([ 1.45048    ,  2.24845    ,  24.3096    ])
278     , -5616.61    , array([ 1.79681    ,  2.10654    ,  18.8568    ])
279     , -5099.03    , array([ 1.71761    ,  2.1865     ,  16.6078    ])
280     , -5614.85    , array([ 1.23877    ,  2.34104    ,  21.7529    ])
281     , -4868.75    , array([ 1.07802    ,  2.63143    ,  20.1996    ])
282     , -5063.12    , array([ 0.798206   ,  3.06693    ,  19.7765    ])
likelihood = -4868.75
theta = 1054.29
Optimized parameters = [ 1.0780239   2.63143323 20.19959629]

Round_4_Replicate_1
283     , -5819.07    , array([ 0.878432   ,  4.77268    ,  29.0502    ])
284     , -5838.69    , array([ 0.872758   ,  4.77268    ,  29.0502    ])
285     , -5774.87    , array([ 0.878432   ,  5.1606     ,  29.0502    ])
287     , -5256.12    , array([ 0.874645   ,  5.02791    ,  24.5466    ])
288     , -5058.06    , array([ 0.872758   ,  5.1606     ,  20.7412    ])
289     , -5209.08    , array([ 0.880332   ,  5.29679    ,  23.2063    ])
290     , -5330.99    , array([ 0.875906   ,  5.6778     ,  19.9792    ])
291     , -5823.42    , array([ 0.874225   ,  5.59623    ,  15.5667    ])
292     , -5317.92    , array([ 0.877379   ,  5.26622    ,  24.8548    ])
293     , -5409.89    , array([ 0.87773    ,  4.83758    ,  26.1812    ])
294     , -5208.64    , array([ 0.876361   ,  5.45497    ,  21.3762    ])
295     , -5139.73    , array([ 0.875579   ,  5.33955    ,  19.0328    ])
296     , -5202.39    , array([ 0.869497   ,  5.33726    ,  17.861     ])
297     , -5071.07    , array([ 0.86887    ,  5.10768    ,  17.2014    ])
298     , -4981.2     , array([ 0.875308   ,  5.06952    ,  20.0769    ])
299     , -4974.48    , array([ 0.878228   ,  4.94074    ,  21.2858    ])
300     , -4890.16    , array([ 0.870981   ,  4.81178    ,  20.2997    ])
301     , -4867       , array([ 0.868691   ,  4.56779    ,  20.9645    ])
302     , -5341.37    , array([ 0.877585   ,  4.66919    ,  25.6276    ])
303     , -4942.07    , array([ 0.871041   ,  4.99434    ,  19.0042    ])
304     , -4774.72    , array([ 0.87253    ,  4.52151    ,  20.0501    ])
305     , -4664.56    , array([ 0.872416   ,  4.23228    ,  19.7132    ])
306     , -4599.69    , array([ 0.863266   ,  4.25972    ,  18.5625    ])
307     , -4424.84    , array([ 0.855881   ,  3.95527    ,  17.3344    ])
308     , -4641.18    , array([ 0.86026    ,  3.60711    ,  19.5546    ])
likelihood = -4424.84
theta = 1109.41
Optimized parameters = [ 0.85588074  3.95526696 17.33444715]

Round_4_Replicate_2
309     , -5120.31    , array([ 1.09626    ,  5.18676    ,  29.7       ])
310     , -5107.38    , array([ 1.10131    ,  5.18676    ,  29.7       ])
311     , -5105.43    , array([ 1.09626    ,  5.63172    ,  29.7       ])
313     , -4715.25    , array([ 1.09963    ,  5.47932    ,  25.0679    ])
314     , -4655.04    , array([ 1.10131    ,  5.63172    ,  21.1583    ])
315     , -4729.65    , array([ 1.103      ,  5.78837    ,  23.6904    ])
316     , -5076.93    , array([ 1.09906    ,  6.22773    ,  20.3759    ])
317     , -5900.28    , array([ 1.10601    ,  6.13352    ,  15.8498    ])
318     , -4806.68    , array([ 1.09869    ,  5.75319    ,  25.3848    ])
319     , -4803.6     , array([ 1.10294    ,  5.26108    ,  26.7486    ])
320     , -4519.62    , array([ 1.10615    ,  5.36545    ,  22.2329    ])
321     , -4431.92    , array([ 1.1099     ,  5.1815     ,  20.8069    ])
322     , -5185.8     , array([ 1.10653    ,  5.80801    ,  17.846     ])
323     , -4623.87    , array([ 1.10383    ,  5.39278    ,  24.1747    ])
324     , -4380.38    , array([ 1.10703    ,  5.03558    ,  20.4233    ])
325     , -4353.45    , array([ 1.10904    ,  4.69674    ,  18.9629    ])
326     , -4240.22    , array([ 1.11391    ,  4.58566    ,  21.257     ])
327     , -4191.98    , array([ 1.12026    ,  4.13792    ,  21.3065    ])
328     , -4105.5     , array([ 1.12236    ,  4.01368    ,  17.1023    ])
329     , -3971.71    , array([ 1.13173    ,  3.46265    ,  14.3847    ])
330     , -3912.48    , array([ 1.13081    ,  3.19303    ,  15.5359    ])
331     , -3934.49    , array([ 1.14141    ,  2.50655    ,  13.4246    ])
332     , -3955.89    , array([ 1.14644    ,  2.72353    ,  14.9255    ])
333     , -4097.96    , array([ 1.15258    ,  2.33909    ,  10.4777    ])
334     , -3887.72    , array([ 1.14442    ,  2.69762    ,  12.512     ])
335     , -4087.29    , array([ 1.1494     ,  2.36666    ,  14.1415    ])
336     , -3885.2     , array([ 1.13613    ,  3.1484     ,  14.3235    ])
likelihood = -3885.2
theta = 1256.02
Optimized parameters = [ 1.13612603  3.14840301 14.32352262]

Round_4_Replicate_3
337     , -4756.7     , array([ 2.43678    ,  3.53257    ,  20.1844    ])
338     , -4921.12    , array([ 2.54775    ,  3.53257    ,  20.1844    ])
339     , -4659.08    , array([ 2.43678    ,  3.76266    ,  20.1844    ])
340     , -4695.64    , array([ 2.43678    ,  3.53257    ,  23.4567    ])
341     , -4474.73    , array([ 2.33064    ,  3.68435    ,  22.3109    ])
342     , -4360.97    , array([ 2.22913    ,  3.76266    ,  23.4567    ])
343     , -4401.16    , array([ 2.2963     ,  3.84264    ,  24.6614    ])
344     , -4206.2     , array([ 2.20717    ,  4.06434    ,  21.9415    ])
345     , -4102.23    , array([ 2.10062    ,  4.35952    ,  21.221     ])
346     , -4184.77    , array([ 1.9992     ,  4.20934    ,  26.3644    ])
347     , -3976.43    , array([ 1.93433    ,  4.37995    ,  22.5606    ])
348     , -3950.35    , array([ 1.77534    ,  4.67615    ,  21.5782    ])
349     , -4012.83    , array([ 1.71207    ,  5.1705     ,  22.4354    ])
350     , -4575.7     , array([ 1.72151    ,  5.30102    ,  17.925     ])
351     , -3981.72    , array([ 1.92584    ,  4.45914    ,  23.9402    ])
352     , -4072.36    , array([ 1.54621    ,  5.19608    ,  24.1334    ])
353     , -3977.81    , array([ 1.66932    ,  4.97298    ,  23.3698    ])
354     , -3997.19    , array([ 1.8654     ,  4.26878    ,  23.4567    ])
355     , -3951.76    , array([ 1.82582    ,  4.47828    ,  23.1971    ])
356     , -4016.94    , array([ 1.60041    ,  4.96395    ,  21.5249    ])
357     , -3945.75    , array([ 1.83875    ,  4.58031    ,  23.3121    ])
358     , -4014.68    , array([ 1.96926    ,  4.21354    ,  22.014     ])
359     , -3944.58    , array([ 1.73972    ,  4.77116    ,  23.0232    ])
360     , -3963.89    , array([ 1.7434     ,  4.88083    ,  22.067     ])
361     , -3939.75    , array([ 1.80486    ,  4.57569    ,  22.9092    ])
362     , -3980.01    , array([ 1.8128     ,  4.60711    ,  24.6882    ])
363     , -3938.25    , array([ 1.78463    ,  4.65879    ,  22.3169    ])
364     , -3947.56    , array([ 1.71577    ,  4.75709    ,  22.1969    ])
365     , -3939.42    , array([ 1.8072     ,  4.62388    ,  23.0282    ])
likelihood = -3938.25
theta = 825.59
Optimized parameters = [ 1.78463157  4.65879489 22.31693021]

Round_4_Replicate_4
366     , -5029.16    , array([ 2.8003     ,  3.80972    ,  29.7       ])
367     , -5137.4     , array([ 2.94825    ,  3.80972    ,  29.7       ])
368     , -4797.07    , array([ 2.8003     ,  4.07322    ,  29.7       ])
370     , -4861.16    , array([ 2.89808    ,  3.98342    ,  25.0679    ])
371     , -4608.92    , array([ 2.72133    ,  4.1036     ,  26.5256    ])
372     , -4431.87    , array([ 2.61451    ,  4.25893    ,  25.0679    ])
373     , -4551.43    , array([ 2.73694    ,  4.42015    ,  23.6904    ])
374     , -4273.23    , array([ 2.54564    ,  4.531      ,  27.03      ])
375     , -4115.14    , array([ 2.38583    ,  4.8324     ,  28.0679    ])
376     , -4294.05    , array([ 2.3677     ,  4.96588    ,  21.9707    ])
377     , -3999.77    , array([ 2.1994     ,  4.94542    ,  26.1945    ])
378     , -3985.58    , array([ 1.97162    ,  5.23102    ,  27.5441    ])
379     , -4022.95    , array([ 1.90752    ,  5.88658    ,  26.3595    ])
381     , -4015.82    , array([ 2.21812    ,  5.1298     ,  24.4973    ])
382     , -4190.22    , array([ 1.72403    ,  6.04695    ,  24.2761    ])
383     , -3987.85    , array([ 2.19971    ,  5.11101    ,  27.0678    ])
384     , -4170.14    , array([ 2.37127    ,  4.51786    ,  26.3105    ])
385     , -3961.26    , array([ 2.01417    ,  5.50973    ,  26.3472    ])
386     , -4070.67    , array([ 1.91222    ,  5.43728    ,  29.7184    ])
387     , -3965.47    , array([ 2.13734    ,  5.205      ,  25.7096    ])
388     , -3980.11    , array([ 1.8916     ,  5.52397    ,  25.9888    ])
389     , -4014.26    , array([ 2.05294    ,  5.59691    ,  24.5687    ])
390     , -3961.04    , array([ 1.99164    ,  5.32019    ,  26.7681    ])
391     , -3980.74    , array([ 2.21458    ,  5.16892    ,  26.557     ])
392     , -3960.93    , array([ 1.96764    ,  5.43299    ,  26.1297    ])
likelihood = -3960.93
theta = 715.98
Optimized parameters = [ 1.96763832  5.4329876  26.12971267]

Round_4_Replicate_5
393     , -9843.43    , array([ 2.89618    ,  7.99692    ,  15.8725    ])
394     , -10238.2    , array([ 3.05434    ,  7.99692    ,  15.8725    ])
395     , -10661.9    , array([ 2.89618    ,  8.87297    ,  15.8725    ])
396     , -8118.35    , array([ 2.89618    ,  7.99692    ,  18.2255    ])
397     , -8202.75    , array([ 3.00068    ,  7.20737    ,  17.4048    ])
398     , -7362.05    , array([ 2.81188    ,  7.46148    ,  18.5076    ])
399     , -6270.92    , array([ 2.69797    ,  7.20737    ,  19.9848    ])
400     , -5693.9     , array([ 2.82854    ,  6.9619     ,  21.58      ])
401     , -4575.98    , array([ 2.79532    ,  6.49577    ,  25.1625    ])
402     , -4690.05    , array([ 2.60401    ,  7.20737    ,  25.1625    ])
403     , -3992.15    , array([ 2.51333    ,  6.06084    ,  29.7939    ])
406     , -5033.67    , array([ 2.66628    ,  6.88195    ,  23.0652    ])
408     , -4597.88    , array([ 2.65057    ,  6.7248     ,  24.779     ])
409     , -4119.72    , array([ 2.69797    ,  5.72073    ,  27.8755    ])
411     , -4310.62    , array([ 2.65842    ,  6.3965     ,  26.1252    ])
413     , -4275.54    , array([ 2.70728    ,  6.27051    ,  26.4918    ])
415     , -4175.61    , array([ 2.64818    ,  6.20182    ,  27.0566    ])
417     , -4152.09    , array([ 2.6626     ,  6.12918    ,  27.3418    ])
418     , -4030.64    , array([ 2.59884    ,  5.74212    ,  29.6377    ])
420     , -4075.33    , array([ 2.63227    ,  5.98242    ,  28.2019    ])
likelihood = -3992.15
theta = 619.63
Optimized parameters = [ 2.51332593  6.06084211 29.79389845]

Round_1_Replicate_1
1301    , -21052.7    , array([ 0.600871   ,  1.8498     ,  1.38268    ])
1302    , -20616.7    , array([ 0.585761   ,  1.8498     ,  1.38268    ])
1303    , -21407.6    , array([ 0.600871   ,  1.90757    ,  1.38268    ])
1304    , -20693.5    , array([ 0.600871   ,  1.8498     ,  1.40526    ])
1305    , -20171.9    , array([ 0.590755   ,  1.79377    ,  1.39769    ])
1306    , -19564.5    , array([ 0.585761   ,  1.73945    ,  1.40526    ])
1307    , -19546.4    , array([ 0.580809   ,  1.77548    ,  1.41287    ])
1308    , -18823.3    , array([ 0.57103    ,  1.73945    ,  1.42821    ])
likelihood = -18823.29
theta = 4364.09
Optimized parameters = [0.57103046 1.73944861 1.42821128]

Round_1_Replicate_2
1309    , -12686.9    , array([ 0.492827   ,  4.30681    ,  4.15641    ])
1310    , -12666.3    , array([ 0.475696   ,  4.30681    ,  4.15641    ])
1311    , -13386.8    , array([ 0.492827   ,  4.63301    ,  4.15641    ])
1312    , -12087.3    , array([ 0.492827   ,  4.30681    ,  4.46328    ])
1313    , -11575.2    , array([ 0.481339   ,  4.00357    ,  4.35855    ])
1314    , -10683.7    , array([ 0.475696   ,  3.72169    ,  4.46328    ])
1315    , -10959.4    , array([ 0.470119   ,  3.90732    ,  4.57052    ])
likelihood = -10683.74
theta = 2479.94
Optimized parameters = [0.47569598 3.72168787 4.46327832]

Round_1_Replicate_3
1316    , -17528.8    , array([ 0.252141   ,  0.461913   ,  0.406187   ])
1317    , -16244.1    , array([ 0.235356   ,  0.461913   ,  0.406187   ])
1318    , -17048.7    , array([ 0.252141   ,  0.444414   ,  0.406187   ])
1319    , -18752.3    , array([ 0.252141   ,  0.461913   ,  0.388296   ])
1320    , -15241.5    , array([ 0.240823   ,  0.450172   ,  0.424903   ])
1321    , -13687.3    , array([ 0.235356   ,  0.444414   ,  0.444482   ])
1322    , -13836.1    , array([ 0.230013   ,  0.43873    ,  0.431332   ])
likelihood = -13687.27
theta = 9076.37
Optimized parameters = [0.23535606 0.44441423 0.4444815 ]

Round_1_Replicate_4
1323    , -44776.5    , array([ 0.825331   ,  0.576395   ,  0.51414    ])
1324    , -44480.5    , array([ 0.817447   ,  0.576395   ,  0.51414    ])
1325    , -44213.4    , array([ 0.825331   ,  0.560734   ,  0.51414    ])
1326    , -46241.1    , array([ 0.825331   ,  0.576395   ,  0.49732    ])
1327    , -42791.9    , array([ 0.820067   ,  0.565906   ,  0.53153    ])
1328    , -41148.3    , array([ 0.817447   ,  0.560734   ,  0.549507   ])
1329    , -41784.6    , array([ 0.814836   ,  0.555608   ,  0.537456   ])
likelihood = -41148.27
theta = 5437.23
Optimized parameters = [0.81744734 0.5607336  0.54950717]

Round_1_Replicate_5
1330    , -32079.5    , array([ 1.27773    ,  0.176689   ,  1.02537    ])
1331    , -32336.9    , array([ 1.29348    ,  0.176689   ,  1.02537    ])
1332    , -32619.5    , array([ 1.27773    ,  0.16202    ,  1.02537    ])
1333    , -32064      , array([ 1.27773    ,  0.176689   ,  1.02665    ])
1334    , -31743.8    , array([ 1.28821    ,  0.192685   ,  1.02622    ])
1335    , -31377.4    , array([ 1.29348    ,  0.21013    ,  1.02665    ])
1336    , -31318.9    , array([ 1.27252    ,  0.198333   ,  1.02708    ])
1337    , -30840.8    , array([ 1.26217    ,  0.21013    ,  1.02794    ])
likelihood = -30840.82
theta = 4463.73
Optimized parameters = [1.26216778 0.21012976 1.02793692]

Round_1_Replicate_6
1338    , -271386     , array([ 4.97937    ,  5.13644    ,  0.276159   ])
1339    , -275882     , array([ 5.39551    ,  5.13644    ,  0.276159   ])
1340    , -275592     , array([ 4.97937    ,  5.57436    ,  0.276159   ])
1341    , -277290     , array([ 4.97937    ,  5.13644    ,  0.258951   ])
1342    , -271005     , array([ 5.25307    ,  5.42439    ,  0.294511   ])
1343    , -267969     , array([ 5.39551    ,  5.57436    ,  0.314082   ])
1344    , -267484     , array([ 4.84791    ,  5.72848    ,  0.300895   ])
1345    , -262768     , array([ 4.59532    ,  6.04963    ,  0.314082   ])
likelihood = -262767.82
theta = 2950.89
Optimized parameters = [4.59531686 6.04962515 0.31408232]

Round_1_Replicate_7
1346    , -5475.5     , array([ 0.715705   ,  0.749323   ,  5.20005    ])
1347    , -5412.08    , array([ 0.703835   ,  0.749323   ,  5.20005    ])
1348    , -5535.93    , array([ 0.715705   ,  0.738589   ,  5.20005    ])
1349    , -5552.2     , array([ 0.715705   ,  0.749323   ,  5.64687    ])
1350    , -5455.01    , array([ 0.70777    ,  0.74215    ,  4.78858    ])
1351    , -5354.5     , array([ 0.702528   ,  0.755354   ,  4.92199    ])
1352    , -5276.94    , array([ 0.696031   ,  0.763879   ,  4.78858    ])
likelihood = -5276.94
theta = 3220.97
Optimized parameters = [0.69603108 0.76387887 4.78858322]

Round_1_Replicate_8
1353    , -11975.9    , array([ 2.22945    ,  2.08994    ,  6.90568    ])
1354    , -12539.9    , array([ 2.32064    ,  2.08994    ,  6.90568    ])
1355    , -12061.9    , array([ 2.22945    ,  2.16841    ,  6.90568    ])
1356    , -10725.7    , array([ 2.22945    ,  2.08994    ,  7.60618    ])
1357    , -10651.6    , array([ 2.14184    ,  2.14193    ,  7.36512    ])
1358    , -9805.14    , array([ 2.05768    ,  2.16841    ,  7.60618    ])
1359    , -9699.75    , array([ 2.11341    ,  2.06442    ,  7.85513    ])
1360    , -8755.54    , array([ 2.05768    ,  2.01432    ,  8.37774    ])
likelihood = -8755.54
theta = 1521.26
Optimized parameters = [2.05767956 2.01431567 8.37773905]

Round_1_Replicate_9
1361    , -10161.2    , array([ 0.277358   ,  0.235793   ,  4.63367    ])
1362    , -10298.1    , array([ 0.260131   ,  0.235793   ,  4.63367    ])
1363    , -10718.8    , array([ 0.277358   ,  0.21936    ,  4.63367    ])
1364    , -10767.5    , array([ 0.277358   ,  0.235793   ,  5.00289    ])
1365    , -10041.6    , array([ 0.265751   ,  0.224706   ,  4.29169    ])
1366    , -10117      , array([ 0.260131   ,  0.21936    ,  3.97496    ])
1367    , -10146.8    , array([ 0.258284   ,  0.245449   ,  4.40278    ])
likelihood = -10041.55
theta = 4696.04
Optimized parameters = [0.26575114 0.22470624 4.29169245]

Round_1_Replicate_10
1368    , -228281     , array([ 7.82391    ,  2.01671    ,  0.27789    ])
1369    , -230734     , array([ 8.67152    ,  2.01671    ,  0.27789    ])
1370    , -231013     , array([ 7.82391    ,  2.0887     ,  0.27789    ])
1371    , -234350     , array([ 7.82391    ,  2.01671    ,  0.260655   ])
1372    , -225713     , array([ 8.37924    ,  2.06443    ,  0.296264   ])
1373    , -221415     , array([ 8.67152    ,  2.0887     ,  0.315853   ])
1374    , -222501     , array([ 8.97399    ,  1.99327    ,  0.302655   ])
likelihood = -221415.26
theta = 2548.62
Optimized parameters = [8.67151724 2.08870267 0.31585321]

Round_2_Replicate_1
1375    , -15380.2    , array([ 0.474499   ,  0.387514   ,  13.7568    ])
1376    , -15485.7    , array([ 0.457138   ,  0.387514   ,  13.7568    ])
1377    , -15761.8    , array([ 0.474499   ,  0.369574   ,  13.7568    ])
1378    , -16694.4    , array([ 0.474499   ,  0.387514   ,  15.6835    ])
1379    , -13757.1    , array([ 0.462853   ,  0.37546    ,  12.0668    ])
1380    , -12621.1    , array([ 0.457138   ,  0.369574   ,  10.5844    ])
1381    , -12988.1    , array([ 0.451493   ,  0.393685   ,  11.5509    ])
1382    , -12147.1    , array([ 0.464774   ,  0.379436   ,  10.2805    ])
1383    , -11035.8    , array([ 0.46864    ,  0.37546    ,  8.8872     ])
1384    , -10063.7    , array([ 0.444075   ,  0.371526   ,  7.6827     ])
1385    , -9120.45    , array([ 0.429603   ,  0.363781   ,  5.74132    ])
likelihood = -9120.45
theta = 3492.16
Optimized parameters = [0.42960265 0.36378099 5.74132486]

Round_2_Replicate_2
1386    , -8449.67    , array([ 0.504555   ,  0.60985    ,  8.92454    ])
1387    , -8410.54    , array([ 0.487589   ,  0.60985    ,  8.92454    ])
1388    , -8608.42    , array([ 0.504555   ,  0.594955   ,  8.92454    ])
1389    , -9146.05    , array([ 0.504555   ,  0.60985    ,  9.95669    ])
1390    , -7860.62    , array([ 0.49318    ,  0.599879   ,  7.99938    ])
1391    , -7224.28    , array([ 0.487589   ,  0.594955   ,  7.17013    ])
1392    , -7490.07    , array([ 0.482062   ,  0.614897   ,  7.71282    ])
1393    , -7018.69    , array([ 0.467626   ,  0.603184   ,  6.99786    ])
1394    , -6371.74    , array([ 0.450188   ,  0.599879   ,  6.19662    ])
1395    , -5824.14    , array([ 0.458824   ,  0.596592   ,  5.48712    ])
1396    , -4967.88    , array([ 0.445084   ,  0.590071   ,  4.30253    ])
likelihood = -4967.88
theta = 3923.0
Optimized parameters = [0.44508421 0.59007122 4.30252909]

Round_2_Replicate_3
1397    , -7552.82    , array([ 0.200988   ,  0.833985   ,  7.35874    ])
1398    , -7819.36    , array([ 0.185493   ,  0.833985   ,  7.35874    ])
1399    , -7588.52    , array([ 0.200988   ,  0.826449   ,  7.35874    ])
1400    , -8214.3     , array([ 0.200988   ,  0.833985   ,  8.131      ])
1401    , -7143.19    , array([ 0.19052    ,  0.828954   ,  6.65984    ])
1402    , -6680.11    , array([ 0.185493   ,  0.826449   ,  6.02731    ])
1403    , -6714.31    , array([ 0.206435   ,  0.823953   ,  6.44194    ])
1404    , -6370.89    , array([ 0.193948   ,  0.82979    ,  5.89511    ])
1405    , -5833.15    , array([ 0.19052    ,  0.831466   ,  5.27638    ])
1406    , -5406.23    , array([ 0.187154   ,  0.820635   ,  4.72259    ])
1407    , -4655.21    , array([ 0.180598   ,  0.814041   ,  3.78329    ])
likelihood = -4655.21
theta = 4575.01
Optimized parameters = [0.18059843 0.81404076 3.78328566]

Round_2_Replicate_4
1408    , -4480.25    , array([ 0.546079   ,  0.841187   ,  5.55873    ])
1409    , -4451.81    , array([ 0.529808   ,  0.841187   ,  5.55873    ])
1410    , -4510.7     , array([ 0.546079   ,  0.833945   ,  5.55873    ])
1411    , -4714.05    , array([ 0.546079   ,  0.841187   ,  6.05654    ])
1412    , -4299.72    , array([ 0.535177   ,  0.836352   ,  5.10184    ])
1413    , -4180.05    , array([ 0.529808   ,  0.833945   ,  4.6825     ])
1414    , -4200.52    , array([ 0.524492   ,  0.843615   ,  4.95805    ])
1415    , -4085.39    , array([ 0.510577   ,  0.837961   ,  4.5941     ])
1416    , -3975.17    , array([ 0.493702   ,  0.836352   ,  4.17651    ])
1417    , -4045.78    , array([ 0.502069   ,  0.834747   ,  3.79687    ])
likelihood = -3975.17
theta = 3699.54
Optimized parameters = [0.49370175 0.83635217 4.17650624]

Round_2_Replicate_5
1418    , -14490.4    , array([ 0.263464   ,  0.437257   ,  11.6606    ])
1419    , -14668.4    , array([ 0.246466   ,  0.437257   ,  11.6606    ])
1420    , -14801      , array([ 0.263464   ,  0.419541   ,  11.6606    ])
1421    , -15724.4    , array([ 0.263464   ,  0.437257   ,  13.1843    ])
1422    , -13629      , array([ 0.252006   ,  0.425365   ,  10.313     ])
1423    , -12635.2    , array([ 0.246466   ,  0.419541   ,  9.12116    ])
1424    , -13085      , array([ 0.241047   ,  0.443328   ,  9.89936    ])
1425    , -12132.4    , array([ 0.253881   ,  0.429293   ,  8.87559    ])
1426    , -10943.7    , array([ 0.257671   ,  0.425365   ,  7.74346    ])
1427    , -10147.3    , array([ 0.234007   ,  0.421473   ,  6.75574    ])
1428    , -8321.54    , array([ 0.220538   ,  0.413796   ,  5.14219    ])
likelihood = -8321.54
theta = 4088.43
Optimized parameters = [0.22053804 0.41379597 5.14218968]

Round_2_Replicate_6
1429    , -7657.74    , array([ 1.10926    ,  2.06372    ,  5.28466    ])
1430    , -7697.08    , array([ 1.11502    ,  2.06372    ,  5.28466    ])
1431    , -7828.34    , array([ 1.10926    ,  2.13985    ,  5.28466    ])
1432    , -6873.08    , array([ 1.10926    ,  2.06372    ,  5.74338    ])
1433    , -7007.46    , array([ 1.1131     ,  1.9903     ,  5.58621    ])
1434    , -6685.93    , array([ 1.10607    ,  2.01447    ,  5.79675    ])
1435    , -6249.59    , array([ 1.10162    ,  1.9903     ,  6.07111    ])
1436    , -5907.59    , array([ 1.1067     ,  1.96641    ,  6.35846    ])
1437    , -5282.45    , array([ 1.10543    ,  1.91949    ,  6.97461    ])
1438    , -5307.98    , array([ 1.09782    ,  1.9903     ,  6.97461    ])
likelihood = -5282.45
theta = 2032.78
Optimized parameters = [1.10543019 1.91948605 6.97460779]

Round_2_Replicate_7
1439    , -19891.2    , array([ 1.30083    ,  3.02282    ,  3.37575    ])
1440    , -20120.8    , array([ 1.31805    ,  3.02282    ,  3.37575    ])
1441    , -20484.9    , array([ 1.30083    ,  3.19473    ,  3.37575    ])
1442    , -18533.5    , array([ 1.30083    ,  3.02282    ,  3.58747    ])
1443    , -18547.9    , array([ 1.31229    ,  2.86017    ,  3.51546    ])
1444    , -17893.1    , array([ 1.29136    ,  2.91339    ,  3.6118     ])
1445    , -16848.4    , array([ 1.27822    ,  2.86017    ,  3.73594    ])
1446    , -16162.3    , array([ 1.29325    ,  2.80792    ,  3.86436    ])
1447    , -14492.6    , array([ 1.28948    ,  2.70627    ,  4.13458    ])
1448    , -14763.6    , array([ 1.26707    ,  2.86017    ,  4.13458    ])
likelihood = -14492.56
theta = 2206.48
Optimized parameters = [1.28947851 2.70627297 4.13457874]

Round_2_Replicate_8
1449    , -15070.2    , array([ 2.21158    ,  0.433197   ,  16.1357    ])
1450    , -15297.9    , array([ 2.30112    ,  0.433197   ,  16.1357    ])
1451    , -15380.6    , array([ 2.21158    ,  0.415451   ,  16.1357    ])
1452    , -15404.7    , array([ 2.21158    ,  0.433197   ,  18.5429    ])
1453    , -15318.7    , array([ 2.27088    ,  0.421284   ,  14.041     ])
1454    , -15082.9    , array([ 2.31129    ,  0.443381   ,  14.7072    ])
1455    , -15060.9    , array([ 2.27756    ,  0.452401   ,  17.4316    ])
1456    , -15086.8    , array([ 2.28091    ,  0.468811   ,  19.4226    ])
1457    , -14777.8    , array([ 2.23227    ,  0.452869   ,  15.9704    ])
1458    , -14520.6    , array([ 2.19862    ,  0.463037   ,  15.8883    ])
likelihood = -14520.59
theta = 1169.43
Optimized parameters = [ 2.19861991  0.46303712 15.88833781]

Round_2_Replicate_9
1459    , -5971.19    , array([ 0.562278   ,  0.572002   ,  2.58169    ])
1460    , -5776.82    , array([ 0.546322   ,  0.572002   ,  2.58169    ])
1461    , -6041.27    , array([ 0.562278   ,  0.556247   ,  2.58169    ])
1462    , -5842.33    , array([ 0.562278   ,  0.572002   ,  2.70707    ])
1463    , -5689.42    , array([ 0.55159    ,  0.588204   ,  2.66462    ])
1464    , -5525.49    , array([ 0.546322   ,  0.604864   ,  2.70707    ])
1465    , -5471.62    , array([ 0.541105   ,  0.593706   ,  2.75021    ])
1466    , -5251.42    , array([ 0.530819   ,  0.604864   ,  2.83854    ])
1467    , -5205.21    , array([ 0.520729   ,  0.616233   ,  2.70707    ])
1468    , -4932.88    , array([ 0.50112    ,  0.639614   ,  2.70707    ])
1469    , -4757.31    , array([ 0.505952   ,  0.663883   ,  2.92972    ])
1470    , -4375.04    , array([ 0.486899   ,  0.715218   ,  3.12094    ])
likelihood = -4375.04
theta = 4357.82
Optimized parameters = [0.48689915 0.71521826 3.12094296]

Round_2_Replicate_10
1471    , -13467.4    , array([ 0.278176   ,  0.481488   ,  11.5127    ])
1472    , -13634.8    , array([ 0.260937   ,  0.481488   ,  11.5127    ])
1473    , -13734      , array([ 0.278176   ,  0.46421    ,  11.5127    ])
1474    , -14635.2    , array([ 0.278176   ,  0.481488   ,  13.0088    ])
1475    , -12612.5    , array([ 0.266561   ,  0.469899   ,  10.1887    ])
1476    , -11625.8    , array([ 0.260937   ,  0.46421    ,  9.01697    ])
1477    , -12116.3    , array([ 0.255431   ,  0.487389   ,  9.78212    ])
1478    , -11166.1    , array([ 0.268463   ,  0.473731   ,  8.77546    ])
1479    , -10056      , array([ 0.272307   ,  0.469899   ,  7.66153    ])
1480    , -9292.2     , array([ 0.248271   ,  0.466099   ,  6.689      ])
1481    , -7528.94    , array([ 0.234546   ,  0.45859    ,  5.09862    ])
likelihood = -7528.94
theta = 4042.66
Optimized parameters = [0.2345464  0.45858957 5.09861539]

Round_3_Replicate_1
1482    , -10152.8    , array([ 0.244303   ,  1.55293    ,  16.5821    ])
1483    , -10450.1    , array([ 0.227681   ,  1.55293    ,  16.5821    ])
1484    , -10056      , array([ 0.244303   ,  1.58748    ,  16.5821    ])
1485    , -11342.8    , array([ 0.244303   ,  1.55293    ,  19.0819    ])
1486    , -9181.69    , array([ 0.233092   ,  1.57588    ,  14.4098    ])
1487    , -8297.48    , array([ 0.227681   ,  1.58748    ,  12.5221    ])
1488    , -8519.39    , array([ 0.25011    ,  1.59917    ,  13.7509    ])
1489    , -7882.4     , array([ 0.236771   ,  1.63076    ,  12.1374    ])
1490    , -7076.23    , array([ 0.233092   ,  1.67113    ,  10.3841    ])
1491    , -6517.79    , array([ 0.22947    ,  1.65082    ,  8.88401    ])
1492    , -5855.25    , array([ 0.222395   ,  1.68343    ,  6.5027     ])
1493    , -6127.06    , array([ 0.207263   ,  1.69583    ,  6.5027     ])
1494    , -6247.2     , array([ 0.213857   ,  1.78518    ,  4.61346    ])
1495    , -7450.04    , array([ 0.197236   ,  1.77214    ,  3.23923    ])
1496    , -6227.57    , array([ 0.223559   ,  1.69583    ,  7.76043    ])
1497    , -7294.56    , array([ 0.22143    ,  1.60309    ,  10.3123    ])
1498    , -5955.02    , array([ 0.215725   ,  1.73781    ,  5.64103    ])
1499    , -6085.44    , array([ 0.206843   ,  1.71529    ,  4.95615    ])
likelihood = -5855.25
theta = 2788.61
Optimized parameters = [0.22239498 1.68343348 6.50269677]

Round_3_Replicate_2
1500    , -7247.92    , array([ 0.55268    ,  1.33388    ,  2.63553    ])
1501    , -7077.9     , array([ 0.536534   ,  1.33388    ,  2.63553    ])
1502    , -7337.43    , array([ 0.55268    ,  1.35323    ,  2.63553    ])
1503    , -6826.9     , array([ 0.55268    ,  1.33388    ,  2.76638    ])
1504    , -6771.31    , array([ 0.541863   ,  1.31481    ,  2.72206    ])
1505    , -6507.35    , array([ 0.536534   ,  1.296      ,  2.76638    ])
1506    , -6384.49    , array([ 0.531258   ,  1.30851    ,  2.81142    ])
1507    , -6003.13    , array([ 0.52086    ,  1.296      ,  2.90372    ])
1508    , -5861.58    , array([ 0.536534   ,  1.28362    ,  2.99905    ])
1509    , -5361.35    , array([ 0.536534   ,  1.2592     ,  3.19921    ])
1510    , -5189.89    , array([ 0.510666   ,  1.23524    ,  3.14795    ])
1511    , -4599.48    , array([ 0.490872   ,  1.18869    ,  3.35804    ])
1512    , -4385.95    , array([ 0.495747   ,  1.20016    ,  3.58215    ])
1513    , -3843.75    , array([ 0.476532   ,  1.15494    ,  4.07624    ])
1514    , -3737.93    , array([ 0.481265   ,  1.11142    ,  4.27861    ])
1515    , -3755.67    , array([ 0.462611   ,  1.02923    ,  5.1937     ])
1516    , -3627.1     , array([ 0.434543   ,  1.05255    ,  4.714      ])
1517    , -4219.35    , array([ 0.391066   ,  0.962316   ,  5.7222     ])
1518    , -3933.9     , array([ 0.437896   ,  1.02813    ,  5.63052    ])
1519    , -3659.05    , array([ 0.450578   ,  1.06611    ,  4.94804    ])
1520    , -3836.18    , array([ 0.434543   ,  1.00321    ,  5.27826    ])
1521    , -3680.58    , array([ 0.44468    ,  1.03916    ,  4.94804    ])
likelihood = -3627.1
theta = 3426.06
Optimized parameters = [0.43454256 1.05255079 4.71400076]

Round_3_Replicate_3
1522    , -5171.4     , array([ 0.127554   ,  0.260021   ,  1.59616    ])
1523    , -5393.67    , array([ 0.115074   ,  0.260021   ,  1.59616    ])
1524    , -5495.83    , array([ 0.127554   ,  0.243085   ,  1.59616    ])
1525    , -5284.04    , array([ 0.127554   ,  0.260021   ,  1.63391    ])
1526    , -5093.44    , array([ 0.119092   ,  0.278137   ,  1.62123    ])
1527    , -4941.58    , array([ 0.115074   ,  0.297514   ,  1.63391    ])
1528    , -4852.06    , array([ 0.132007   ,  0.284451   ,  1.6467     ])
1529    , -4612.5     , array([ 0.141387   ,  0.297514   ,  1.67257    ])
1530    , -4533.57    , array([ 0.127554   ,  0.311177   ,  1.63391    ])
1531    , -4236.71    , array([ 0.127554   ,  0.340413   ,  1.63391    ])
1532    , -4142.73    , array([ 0.127554   ,  0.372397   ,  1.69884    ])
1533    , -3929.02    , array([ 0.127554   ,  0.445661   ,  1.75263    ])
1534    , -3605.75    , array([ 0.151432   ,  0.426094   ,  1.73903    ])
1535    , -3337.42    , array([ 0.173716   ,  0.509923   ,  1.79409    ])
1536    , -3848.49    , array([ 0.141387   ,  0.610243   ,  1.78016    ])
1537    , -4244.16    , array([ 0.167855   ,  0.787049   ,  1.92945    ])
1538    , -3760.54    , array([ 0.136617   ,  0.419764   ,  1.70326    ])
1539    , -3390.59    , array([ 0.175714   ,  0.577657   ,  1.76481    ])
1540    , -3484.35    , array([ 0.183242   ,  0.406709   ,  1.72752    ])
likelihood = -3337.42
theta = 7231.36
Optimized parameters = [0.17371573 0.50992254 1.79409052]

Round_3_Replicate_4
1541    , -15749.7    , array([ 1.07302    ,  0.593202   ,  2.0193     ])
1542    , -15812.2    , array([ 1.07681    ,  0.593202   ,  2.0193     ])
1543    , -15763.8    , array([ 1.07302    ,  0.577913   ,  2.0193     ])
1544    , -15306.7    , array([ 1.07302    ,  0.593202   ,  2.09151    ])
1545    , -15403.3    , array([ 1.06925    ,  0.582965   ,  2.06716    ])
1546    , -15208      , array([ 1.0705     ,  0.60187    ,  2.0997     ])
1547    , -14934.9    , array([ 1.06925    ,  0.614218   ,  2.14109    ])
1548    , -14697.7    , array([ 1.06799    ,  0.600126   ,  2.18329    ])
1549    , -14201.5    , array([ 1.06549    ,  0.603618   ,  2.27022    ])
1550    , -14221.9    , array([ 1.06925    ,  0.625003   ,  2.27022    ])
1551    , -13621.1    , array([ 1.06299    ,  0.635978   ,  2.36984    ])
1552    , -12832.5    , array([ 1.058      ,  0.658509   ,  2.5226     ])
1553    , -12644.1    , array([ 1.05925    ,  0.643402   ,  2.58239    ])
1554    , -11645.4    , array([ 1.05428    ,  0.658509   ,  2.83606    ])
1555    , -11626.8    , array([ 1.04934    ,  0.654699   ,  2.825      ])
1556    , -10545.4    , array([ 1.03953    ,  0.670073   ,  3.15134    ])
1557    , -9502.45    , array([ 1.03587    ,  0.726778   ,  3.51537    ])
1558    , -7847.47    , array([ 1.02137    ,  0.797482   ,  4.37443    ])
1559    , -7826.52    , array([ 1.01897    ,  0.756905   ,  4.56639    ])
1560    , -6723.29    , array([ 1          ,  0.811486   ,  6.14378    ])
likelihood = -6723.29
theta = 2543.44
Optimized parameters = [1.         0.81148591 6.14378121]

Round_3_Replicate_5
1561    , -8005.91    , array([ 0.725825   ,  0.455161   ,  4.07016    ])
1562    , -7906.79    , array([ 0.714288   ,  0.455161   ,  4.07016    ])
1563    , -8245.06    , array([ 0.725825   ,  0.437596   ,  4.07016    ])
1564    , -8034.92    , array([ 0.725825   ,  0.455161   ,  4.36608    ])
1565    , -7719.88    , array([ 0.718113   ,  0.473431   ,  4.26512    ])
1566    , -7470.63    , array([ 0.714288   ,  0.492434   ,  4.36608    ])
1567    , -7569.64    , array([ 0.710484   ,  0.479682   ,  3.97604    ])
1568    , -7294.11    , array([ 0.700437   ,  0.49676    ,  4.19912    ])
1569    , -6962.17    , array([ 0.688077   ,  0.518964   ,  4.26512    ])
1570    , -6781.26    , array([ 0.694229   ,  0.542161   ,  4.33217    ])
1571    , -6279.13    , array([ 0.684412   ,  0.591711   ,  4.46943    ])
1572    , -6309.27    , array([ 0.680767   ,  0.591711   ,  4.79438    ])
1573    , -5665.96    , array([ 0.655786   ,  0.651463   ,  4.64714    ])
1574    , -4966.56    , array([ 0.628357   ,  0.749308   ,  4.79438    ])
1575    , -4889.09    , array([ 0.640783   ,  0.789677   ,  5.14296    ])
1576    , -4234.47    , array([ 0.618369   ,  0.974104   ,  5.64747    ])
1577    , -4167.12    , array([ 0.607458   ,  0.965622   ,  5.10301    ])
1578    , -3782.23    , array([ 0.57382    ,  1.23355    ,  5.2647     ])
1579    , -3765.58    , array([ 0.53724    ,  1.57581    ,  6.1055     ])
1580    , -5183.4     , array([ 0.475986   ,  2.57159    ,  7.13601    ])
likelihood = -3765.58
theta = 2654.47
Optimized parameters = [0.53724026 1.57581326 6.10549872]

Round_4_Replicate_1
1581    , -4583.06    , array([ 0.131144   ,  0.733002   ,  2.06342    ])
1582    , -4886.07    , array([ 0.118477   ,  0.733002   ,  2.06342    ])
1583    , -4538.55    , array([ 0.131144   ,  0.721706   ,  2.06342    ])
1584    , -4596.28    , array([ 0.131144   ,  0.733002   ,  2.13953    ])
1585    , -4269.62    , array([ 0.145165   ,  0.725452   ,  2.11385    ])
1586    , -4000.16    , array([ 0.160684   ,  0.721706   ,  2.13953    ])
1587    , -4139.42    , array([ 0.150164   ,  0.71798    ,  2.03866    ])
1588    , -3899.19    , array([ 0.164352   ,  0.708136   ,  2.09691    ])
1589    , -3656.47    , array([ 0.183988   ,  0.696021   ,  2.11385    ])
1590    , -3535.78    , array([ 0.20597    ,  0.702053   ,  2.13094    ])
1591    , -3456.6     , array([ 0.258126   ,  0.692428   ,  2.16551    ])
1592    , -3420.38    , array([ 0.258126   ,  0.688852   ,  2.24538    ])
1593    , -3705.5     , array([ 0.338427   ,  0.674735   ,  2.35648    ])
1594    , -3744.41    , array([ 0.330874   ,  0.664337   ,  2.20953    ])
1595    , -3470.05    , array([ 0.276211   ,  0.678237   ,  2.19182    ])
1596    , -4073.31    , array([ 0.378861   ,  0.677067   ,  2.29102    ])
1597    , -3457.03    , array([ 0.2204     ,  0.691234   ,  2.15682    ])
1598    , -3489.65    , array([ 0.217109   ,  0.70367    ,  2.18594    ])
1599    , -3435.27    , array([ 0.260076   ,  0.684508   ,  2.19035    ])
1600    , -3574.59    , array([ 0.303829   ,  0.685953   ,  2.24438    ])
1601    , -3427.74    , array([ 0.238818   ,  0.68991    ,  2.17838    ])
1602    , -3401.23    , array([ 0.24632    ,  0.683109   ,  2.24421    ])
1603    , -3390.77    , array([ 0.240621   ,  0.678497   ,  2.28463    ])
1604    , -3412.26    , array([ 0.232125   ,  0.686962   ,  2.28199    ])
1605    , -3386.5     , array([ 0.248042   ,  0.67964    ,  2.36671    ])
1606    , -3388.61    , array([ 0.252787   ,  0.674562   ,  2.4669     ])
1607    , -3428.35    , array([ 0.223472   ,  0.674601   ,  2.37808    ])
1608    , -3399.46    , array([ 0.248989   ,  0.685261   ,  2.27785    ])
1609    , -3389.03    , array([ 0.260398   ,  0.67534    ,  2.3371     ])
likelihood = -3386.5
theta = 5726.52
Optimized parameters = [0.24804229 0.6796398  2.36671393]

Round_4_Replicate_2
1610    , -4713.71    , array([ 0.145037   ,  0.299978   ,  1.7422     ])
1611    , -4894.7     , array([ 0.13169    ,  0.299978   ,  1.7422     ])
1612    , -4975.49    , array([ 0.145037   ,  0.282451   ,  1.7422     ])
1613    , -4837.23    , array([ 0.145037   ,  0.299978   ,  1.79124    ])
1614    , -4674.08    , array([ 0.135997   ,  0.318592   ,  1.77474    ])
1615    , -4566.63    , array([ 0.13169    ,  0.338361   ,  1.79124    ])
1616    , -4499.36    , array([ 0.149781   ,  0.32505    ,  1.80789    ])
1617    , -4328.29    , array([ 0.159737   ,  0.338361   ,  1.84165    ])
1618    , -4235.07    , array([ 0.145037   ,  0.352217   ,  1.79124    ])
1619    , -4001.41    , array([ 0.145037   ,  0.381655   ,  1.79124    ])
1620    , -3971.2     , array([ 0.145037   ,  0.413554   ,  1.87605    ])
1621    , -3830.54    , array([ 0.145037   ,  0.485572   ,  1.94678    ])
1622    , -3558.89    , array([ 0.170356   ,  0.466469   ,  1.92885    ])
1623    , -3355.75    , array([ 0.193757   ,  0.547702   ,  2.00158    ])
1624    , -3742.83    , array([ 0.159737   ,  0.643081   ,  1.98314    ])
1625    , -4001.57    , array([ 0.187622   ,  0.807306   ,  2.18211    ])
1626    , -3666.95    , array([ 0.154679   ,  0.46027    ,  1.88185    ])
1627    , -3381.94    , array([ 0.195847   ,  0.612297   ,  1.96286    ])
1628    , -3474.55    , array([ 0.203703   ,  0.447453   ,  1.91371    ])
1629    , -3367.8     , array([ 0.252746   ,  0.613512   ,  2.03943    ])
1630    , -3762.93    , array([ 0.221603   ,  0.778884   ,  2.09236    ])
1631    , -3322.26    , array([ 0.208038   ,  0.513959   ,  1.95689    ])
1632    , -3402.2     , array([ 0.23996    ,  0.506487   ,  2.03583    ])
1633    , -3316.53    , array([ 0.20605    ,  0.583934   ,  1.98086    ])
1634    , -3568.01    , array([ 0.162267   ,  0.489104   ,  1.9217     ])
1635    , -3301.54    , array([ 0.226241   ,  0.579719   ,  2.00934    ])
1636    , -3305.31    , array([ 0.23471    ,  0.569022   ,  1.9631     ])
likelihood = -3301.54
theta = 6439.54
Optimized parameters = [0.22624066 0.57971908 2.00933771]

Round_4_Replicate_3
1637    , -5968.32    , array([ 0.198383   ,  0.359154   ,  2.9816     ])
1638    , -6102.36    , array([ 0.18297    ,  0.359154   ,  2.9816     ])
1639    , -6232       , array([ 0.198383   ,  0.341228   ,  2.9816     ])
1640    , -6263.55    , array([ 0.198383   ,  0.359154   ,  3.14899    ])
1641    , -5937.55    , array([ 0.18797    ,  0.347102   ,  2.8231     ])
1642    , -5783.61    , array([ 0.18297    ,  0.341228   ,  2.67303    ])
1643    , -5688.54    , array([ 0.178103   ,  0.365336   ,  2.77216    ])
1644    , -5454.49    , array([ 0.168754   ,  0.378022   ,  2.67303    ])
1645    , -5363.62    , array([ 0.18297    ,  0.359154   ,  2.57744    ])
1646    , -5022.2     , array([ 0.18297    ,  0.359154   ,  2.3964     ])
1647    , -4914.43    , array([ 0.159896   ,  0.359154   ,  2.22807    ])
1648    , -4488       , array([ 0.143551   ,  0.359154   ,  1.92606    ])
1649    , -4313.14    , array([ 0.147473   ,  0.391148   ,  1.99749    ])
1650    , -3874.56    , array([ 0.132398   ,  0.418783   ,  1.72673    ])
1651    , -3568.16    , array([ 0.136015   ,  0.378022   ,  1.49267    ])
1652    , -3177.93    , array([ 0.122111   ,  0.378022   ,  1.11544    ])
1653    , -3707.66    , array([ 0.0958034  ,  0.411696   ,  1          ])
1654    , -4436.07    , array([ 0.0932551  ,  0.450928   ,  0.80373    ])
1655    , -3615.2     , array([ 0.103874   ,  0.425991   ,  1          ])
1656    , -4555.85    , array([ 0.0860098  ,  0.391148   ,  0.622882   ])
1657    , -3496.39    , array([ 0.118863   ,  0.411696   ,  1.3382     ])
1658    , -3227.5     , array([ 0.137243   ,  0.39788    ,  1.3061     ])
1659    , -3591.28    , array([ 0.152413   ,  0.36742    ,  1.56061    ])
1660    , -3370.43    , array([ 0.138482   ,  0.381261   ,  1.39627    ])
1661    , -3102.53    , array([ 0.147473   ,  0.361203   ,  1.19971    ])
1662    , -3099.55    , array([ 0.164265   ,  0.338329   ,  1.13593    ])
1663    , -2951.13    , array([ 0.141841   ,  0.360177   ,  1.00203    ])
1664    , -2954.58    , array([ 0.143551   ,  0.350076   ,  0.848853   ])
1665    , -2889.26    , array([ 0.1463     ,  0.32297    ,  0.89772    ])
1666    , -2917.27    , array([ 0.15105    ,  0.290982   ,  0.744257   ])
likelihood = -2889.26
theta = 10269.03
Optimized parameters = [0.14629991 0.3229696  0.89771994]

Round_4_Replicate_4
1667    , -4186.68    , array([ 0.0991249  ,  0.476358   ,  1.43401    ])
1668    , -4569.8     , array([ 0.0883063  ,  0.476358   ,  1.43401    ])
1669    , -4149.75    , array([ 0.0991249  ,  0.459018   ,  1.43401    ])
1670    , -4217.76    , array([ 0.0991249  ,  0.476358   ,  1.4601     ])
1671    , -3839.04    , array([ 0.111269   ,  0.464727   ,  1.45135    ])
1672    , -3560.22    , array([ 0.124901   ,  0.459018   ,  1.4601     ])
1673    , -3692.86    , array([ 0.115639   ,  0.45338    ,  1.42542    ])
1674    , -3479.57    , array([ 0.12815    ,  0.43868    ,  1.44555    ])
1675    , -3292.82    , array([ 0.145709   ,  0.420974   ,  1.45135    ])
1676    , -3177.76    , array([ 0.165674   ,  0.429736   ,  1.45717    ])
1677    , -3297.57    , array([ 0.214185   ,  0.415803   ,  1.46889    ])
1678    , -3194.79    , array([ 0.180481   ,  0.41982    ,  1.48764    ])
1679    , -3381.98    , array([ 0.213574   ,  0.390706   ,  1.47053    ])
1680    , -3217.23    , array([ 0.186768   ,  0.406767   ,  1.46791    ])
1681    , -3314.5     , array([ 0.216026   ,  0.416375   ,  1.49063    ])
1682    , -3211.41    , array([ 0.160783   ,  0.41982    ,  1.46107    ])
1683    , -3244.12    , array([ 0.152515   ,  0.440088   ,  1.46922    ])
1684    , -3190.94    , array([ 0.177544   ,  0.414853   ,  1.46824    ])
1685    , -3191.04    , array([ 0.189272   ,  0.423035   ,  1.48093    ])
1686    , -3161.39    , array([ 0.174046   ,  0.425192   ,  1.45009    ])
1687    , -3149.73    , array([ 0.170916   ,  0.427904   ,  1.43168    ])
1688    , -3198.6     , array([ 0.155051   ,  0.425192   ,  1.42419    ])
1689    , -3172.52    , array([ 0.180067   ,  0.423573   ,  1.46654    ])
1690    , -3153.61    , array([ 0.166855   ,  0.439634   ,  1.43539    ])
1691    , -3142.46    , array([ 0.17966    ,  0.430899   ,  1.43183    ])
1692    , -3144.9     , array([ 0.187089   ,  0.431481   ,  1.41933    ])
1693    , -3139.64    , array([ 0.16505    ,  0.442194   ,  1.40016    ])
1694    , -3157.91    , array([ 0.158018   ,  0.45181    ,  1.36811    ])
likelihood = -3139.64
theta = 8239.61
Optimized parameters = [0.16504971 0.44219427 1.40016199]

Round_4_Replicate_5
1695    , -3127.82    , array([ 0.158062   ,  0.294131   ,  0.994713   ])
1696    , -3089.63    , array([ 0.144134   ,  0.294131   ,  0.994713   ])
1697    , -3266.62    , array([ 0.158062   ,  0.276674   ,  0.994713   ])
1698    , -3127.43    , array([ 0.158062   ,  0.294131   ,  0.99445    ])
1699    , -3000.19    , array([ 0.148635   ,  0.31269    ,  0.994538   ])
1700    , -2944.94    , array([ 0.144134   ,  0.33242    ,  0.99445    ])
1701    , -2976.73    , array([ 0.13977    ,  0.319133   ,  0.994362   ])
1702    , -2985.47    , array([ 0.128768   ,  0.33697    ,  0.994567   ])
1703    , -3003.85    , array([ 0.130986   ,  0.368943   ,  0.994206   ])
1704    , -2958.22    , array([ 0.134156   ,  0.348622   ,  0.994333   ])
1705    , -2955.41    , array([ 0.15068    ,  0.32942    ,  0.994196   ])
1706    , -2939.44    , array([ 0.145951   ,  0.355268   ,  0.99429    ])
1707    , -2975.06    , array([ 0.149143   ,  0.374842   ,  0.994254   ])
1708    , -2990.04    , array([ 0.160846   ,  0.329337   ,  0.994291   ])
1709    , -2939.66    , array([ 0.140382   ,  0.343697   ,  0.994322   ])
1710    , -2958.78    , array([ 0.136606   ,  0.358533   ,  0.994512   ])
1711    , -2940.49    , array([ 0.147031   ,  0.336469   ,  0.994275   ])
1712    , -2942.82    , array([ 0.144716   ,  0.358177   ,  0.994142   ])
1713    , -2936.97    , array([ 0.14457    ,  0.351556   ,  0.994219   ])
1714    , -2958.19    , array([ 0.140278   ,  0.364368   ,  0.994279   ])
1715    , -2935.54    , array([ 0.145313   ,  0.343237   ,  0.994276   ])
1716    , -2943.21    , array([ 0.150343   ,  0.356386   ,  0.994201   ])
1717    , -2936.5     , array([ 0.142808   ,  0.346826   ,  0.994292   ])
1718    , -2938.55    , array([ 0.142523   ,  0.339295   ,  0.994234   ])
1719    , -2936.2     , array([ 0.143372   ,  0.34322    ,  0.994248   ])
1720    , -2939.58    , array([ 0.143088   ,  0.337435   ,  0.994325   ])
1721    , -2935.7     , array([ 0.144198   ,  0.347972   ,  0.994246   ])
1722    , -2935.67    , array([ 0.145791   ,  0.34279    ,  0.994221   ])
likelihood = -2935.54
theta = 9883.81
Optimized parameters = [0.14531277 0.34323653 0.99427606]

Round_1_Replicate_1
2604    , -4864.8     , array([ 0.354747   ,  2.07013    ,  6.97214    ])
2605    , -5025.77    , array([ 0.336833   ,  2.07013    ,  6.97214    ])
2606    , -4992.71    , array([ 0.354747   ,  2.14683    ,  6.97214    ])
2607    , -4894.9     , array([ 0.354747   ,  2.07013    ,  7.68306    ])
2608    , -4786.62    , array([ 0.373614   ,  2.12095    ,  7.43838    ])
2609    , -4678.54    , array([ 0.393484   ,  2.14683    ,  7.68306    ])
2610    , -4676.41    , array([ 0.380123   ,  2.04518    ,  7.93579    ])
2611    , -4618.92    , array([ 0.393484   ,  1.99617    ,  8.46647    ])
likelihood = -4618.92
theta = 2186.72
Optimized parameters = [0.39348421 1.99616916 8.46647201]

Round_1_Replicate_2
2612    , -16022.4    , array([ 1.45336    ,  3.94679    ,  4.99884    ])
2613    , -16266.9    , array([ 1.48078    ,  3.94679    ,  4.99884    ])
2614    , -16692.2    , array([ 1.45336    ,  4.22724    ,  4.99884    ])
2615    , -14533.1    , array([ 1.45336    ,  3.94679    ,  5.41767    ])
2616    , -14527.7    , array([ 1.47158    ,  3.68495    ,  5.2743     ])
2617    , -13509.7    , array([ 1.48078    ,  3.44049    ,  5.41767    ])
2618    , -13169.9    , array([ 1.44433    ,  3.60159    ,  5.56493    ])
2619    , -11788      , array([ 1.42644    ,  3.44049    ,  5.87159    ])
likelihood = -11788.01
theta = 1776.45
Optimized parameters = [1.42644071 3.44048728 5.87158957]

Round_1_Replicate_3
2620    , -90141.1    , array([ 7.08531    ,  1.07753    ,  0.937667   ])
2621    , -92019.7    , array([ 7.81406    ,  1.07753    ,  0.937667   ])
2622    , -90287      , array([ 7.08531    ,  1.08157    ,  0.937667   ])
2623    , -90313.2    , array([ 7.08531    ,  1.07753    ,  0.934655   ])
2624    , -88400.6    , array([ 6.42453    ,  1.08022    ,  0.935658   ])
2625    , -86478.3    , array([ 5.82537    ,  1.08157    ,  0.934655   ])
2626    , -87656.9    , array([ 6.21825    ,  1.08291    ,  0.938673   ])
likelihood = -86478.34
theta = 1961.33
Optimized parameters = [5.82536512 1.08156508 0.93465452]

Round_1_Replicate_4
2627    , -30386.9    , array([ 4.96926    ,  0.581804   ,  6.89737    ])
2628    , -31947.4    , array([ 5.38402    ,  0.581804   ,  6.89737    ])
2629    , -30588.3    , array([ 4.96926    ,  0.566259   ,  6.89737    ])
2630    , -29379.1    , array([ 4.96926    ,  0.581804   ,  7.59658    ])
2631    , -28305      , array([ 4.58646    ,  0.571394   ,  7.35597    ])
2632    , -26529.2    , array([ 4.23314    ,  0.566259   ,  7.59658    ])
2633    , -26941.4    , array([ 4.46552    ,  0.587079   ,  7.84506    ])
likelihood = -26529.16
theta = 1257.47
Optimized parameters = [4.23314014 0.56625918 7.59657768]

Round_1_Replicate_5
2634    , -176747     , array([ 7.34801    ,  5.38873    ,  0.974997   ])
2635    , -181233     , array([ 8.11855    ,  5.38873    ,  0.974997   ])
2636    , -181463     , array([ 7.34801    ,  5.8622     ,  0.974997   ])
2637    , -176859     , array([ 7.34801    ,  5.38873    ,  0.973764   ])
2638    , -174824     , array([ 7.85312    ,  4.9535     ,  0.974175   ])
2639    , -171049     , array([ 8.11855    ,  4.55342    ,  0.973764   ])
2640    , -168977     , array([ 7.10778    ,  4.81638    ,  0.973353   ])
2641    , -162943     , array([ 6.65061    ,  4.55342    ,  0.972531   ])
likelihood = -162943.25
theta = 1706.26
Optimized parameters = [6.65060987 4.55342217 0.97253148]

Round_1_Replicate_6
2642    , -18900.4    , array([ 1.78741    ,  0.764087   ,  3.15225    ])
2643    , -19445.8    , array([ 1.84007    ,  0.764087   ,  3.15225    ])
2644    , -18919      , array([ 1.78741    ,  0.753876   ,  3.15225    ])
2645    , -18129.8    , array([ 1.78741    ,  0.764087   ,  3.33851    ])
2646    , -17867.4    , array([ 1.73625    ,  0.757265   ,  3.27523    ])
2647    , -17111.6    , array([ 1.68656    ,  0.753876   ,  3.33851    ])
2648    , -17179.8    , array([ 1.71953    ,  0.767522   ,  3.403      ])
likelihood = -17111.61
theta = 2629.35
Optimized parameters = [1.6865588  0.75387641 3.33850518]

Round_1_Replicate_7
2649    , -22260.9    , array([ 2.0476     ,  0.395235   ,  3.81031    ])
2650    , -22917.3    , array([ 2.12231    ,  0.395235   ,  3.81031    ])
2651    , -22584.4    , array([ 2.0476     ,  0.37731    ,  3.81031    ])
2652    , -21661.5    , array([ 2.0476     ,  0.395235   ,  4.07388    ])
2653    , -21439.5    , array([ 1.97553    ,  0.383193   ,  3.98406    ])
2654    , -20741.3    , array([ 1.90599    ,  0.37731    ,  4.07388    ])
2655    , -20525.4    , array([ 1.95207    ,  0.401398   ,  4.16573    ])
2656    , -19541.6    , array([ 1.90599    ,  0.414012   ,  4.35569    ])
likelihood = -19541.59
theta = 2375.47
Optimized parameters = [1.90599336 0.41401195 4.35568629]

Round_1_Replicate_8
2657    , -15810.5    , array([ 0.246697   ,  5.32033    ,  4.15704    ])
2658    , -15954.8    , array([ 0.230023   ,  5.32033    ,  4.15704    ])
2659    , -16613      , array([ 0.246697   ,  5.78409    ,  4.15704    ])
2660    , -15334.7    , array([ 0.246697   ,  5.32033    ,  4.46399    ])
2661    , -14814.1    , array([ 0.235452   ,  4.89374    ,  4.35924    ])
2662    , -14032.8    , array([ 0.230023   ,  4.50137    ,  4.46399    ])
2663    , -14029.3    , array([ 0.252519   ,  4.75929    ,  4.57127    ])
2664    , -13059      , array([ 0.264579   ,  4.50137    ,  4.79361    ])
likelihood = -13058.95
theta = 2406.78
Optimized parameters = [0.26457874 4.50136658 4.79360943]

Round_1_Replicate_9
2665    , -37196.2    , array([ 0.186722   ,  0.803373   ,  0.228      ])
2666    , -34728      , array([ 0.171694   ,  0.803373   ,  0.228      ])
2667    , -37053.1    , array([ 0.186722   ,  0.794627   ,  0.228      ])
2668    , -40248.1    , array([ 0.186722   ,  0.803373   ,  0.211754   ])
2669    , -32721.9    , array([ 0.176564   ,  0.797532   ,  0.245492   ])
2670    , -29494      , array([ 0.171694   ,  0.794627   ,  0.264327   ])
2671    , -30387.5    , array([ 0.166958   ,  0.791733   ,  0.251616   ])
likelihood = -29494.03
theta = 8787.84
Optimized parameters = [0.171694   0.7946269  0.26432668]

Round_1_Replicate_10
2672    , -7374.32    , array([ 0.295884   ,  0.348108   ,  4.01408    ])
2673    , -7421.05    , array([ 0.278406   ,  0.348108   ,  4.01408    ])
2674    , -7714.87    , array([ 0.295884   ,  0.330217   ,  4.01408    ])
2675    , -7800.75    , array([ 0.295884   ,  0.348108   ,  4.30294    ])
2676    , -7219.25    , array([ 0.284114   ,  0.336076   ,  3.74461    ])
2677    , -6958.87    , array([ 0.278406   ,  0.330217   ,  3.49323    ])
2678    , -6792.72    , array([ 0.272812   ,  0.354285   ,  3.65887    ])
2679    , -6370.93    , array([ 0.26196    ,  0.366968   ,  3.49323    ])
likelihood = -6370.93
theta = 5136.64
Optimized parameters = [0.2619596  0.36696815 3.49323203]

Round_2_Replicate_1
2680    , -12514.5    , array([ 0.777961   ,  1.44748    ,  2.31206    ])
2681    , -12357.8    , array([ 0.768255   ,  1.44748    ,  2.31206    ])
2682    , -12665.9    , array([ 0.777961   ,  1.47449    ,  2.31206    ])
2683    , -11870.3    , array([ 0.777961   ,  1.44748    ,  2.41102    ])
2684    , -11836.5    , array([ 0.771477   ,  1.42096    ,  2.37757    ])
2685    , -11441.3    , array([ 0.768255   ,  1.39492    ,  2.41102    ])
2686    , -11282.5    , array([ 0.765047   ,  1.41223    ,  2.44493    ])
2687    , -10709      , array([ 0.758671   ,  1.39492    ,  2.5142     ])
2688    , -10385.3    , array([ 0.768255   ,  1.37783    ,  2.58543    ])
2689    , -9520.84    , array([ 0.768255   ,  1.34428    ,  2.73401    ])
2690    , -9335.49    , array([ 0.752348   ,  1.31154    ,  2.69608    ])
2691    , -8295.18    , array([ 0.73986    ,  1.24844    ,  2.85102    ])
likelihood = -8295.18
theta = 3572.51
Optimized parameters = [0.73985959 1.24843855 2.85101782]

Round_2_Replicate_2
2692    , -6475.86    , array([ 0.760925   ,  6.47563    ,  18.888     ])
2693    , -6524.4     , array([ 0.7506     ,  6.47563    ,  18.888     ])
2694    , -7032.07    , array([ 0.760925   ,  7.10961    ,  18.888     ])
2695    , -6279.79    , array([ 0.760925   ,  6.47563    ,  21.8774    ])
2696    , -5961.12    , array([ 0.754026   ,  5.89818    ,  20.8317    ])
2697    , -5681.44    , array([ 0.7506     ,  5.37222    ,  21.8774    ])
2698    , -5818.9     , array([ 0.764397   ,  5.71737    ,  22.9755    ])
2699    , -5964.31    , array([ 0.756319   ,  5.26186    ,  26.1809    ])
2700    , -5855.76    , array([ 0.753263   ,  4.58189    ,  25.4781    ])
likelihood = -5681.44
theta = 898.63
Optimized parameters = [ 0.75060023  5.37221992 21.87736649]

Round_2_Replicate_3
2701    , -3477.43    , array([ 0.241953   ,  0.744097   ,  2.43986    ])
2702    , -3525.51    , array([ 0.225381   ,  0.744097   ,  2.43986    ])
2703    , -3458.69    , array([ 0.241953   ,  0.733181   ,  2.43986    ])
2704    , -3472.9     , array([ 0.241953   ,  0.744097   ,  2.55113    ])
2705    , -3438.08    , array([ 0.259743   ,  0.736801   ,  2.51348    ])
2706    , -3436.39    , array([ 0.278842   ,  0.733181   ,  2.55113    ])
2707    , -3423.97    , array([ 0.26596    ,  0.729577   ,  2.58934    ])
2708    , -3421.97    , array([ 0.278842   ,  0.722424   ,  2.66748    ])
2709    , -3445.22    , array([ 0.292348   ,  0.715341   ,  2.55113    ])
2710    , -3536.08    , array([ 0.33165    ,  0.714168   ,  2.74797    ])
2711    , -3427.19    , array([ 0.261799   ,  0.72838    ,  2.51348    ])
likelihood = -3421.97
theta = 5258.71
Optimized parameters = [0.27884176 0.7224244  2.66747615]

Round_2_Replicate_4
2712    , -7547.53    , array([ 0.586064   ,  7.10111    ,  25.3194    ])
2713    , -7647.06    , array([ 0.570614   ,  7.10111    ,  25.3194    ])
2714    , -7995.07    , array([ 0.586064   ,  7.83236    ,  25.3194    ])
2715    , -7618.17    , array([ 0.586064   ,  7.10111    ,  29.7595    ])
2716    , -7373.39    , array([ 0.575718   ,  6.43814    ,  28.1991    ])
2717    , -7386.57    , array([ 0.570614   ,  5.83705    ,  29.7595    ])
2719    , -7543.13    , array([ 0.576573   ,  6.98606    ,  26.4817    ])
2720    , -7344.94    , array([ 0.572877   ,  6.5799     ,  23.8486    ])
2721    , -7294.63    , array([ 0.566395   ,  6.33382    ,  21.3492    ])
2722    , -7191.02    , array([ 0.559986   ,  6.09694    ,  25.0182    ])
2723    , -7085.09    , array([ 0.547386   ,  5.64943    ,  24.8689    ])
likelihood = -7085.09
theta = 832.56
Optimized parameters = [ 0.54738562  5.64943464 24.8688945 ]

Round_2_Replicate_5
2724    , -11887.6    , array([ 0.244157   ,  1.5402     ,  20.1712    ])
2725    , -12199.1    , array([ 0.227538   ,  1.5402     ,  20.1712    ])
2726    , -11775.5    , array([ 0.244157   ,  1.57382    ,  20.1712    ])
2727    , -13319.9    , array([ 0.244157   ,  1.5402     ,  23.4406    ])
2728    , -10702.9    , array([ 0.232948   ,  1.56253    ,  17.3578    ])
2729    , -9552.14    , array([ 0.227538   ,  1.57382    ,  14.9368    ])
2730    , -9932.13    , array([ 0.249963   ,  1.58519    ,  16.5101    ])
2731    , -9048.47    , array([ 0.236626   ,  1.61591    ,  14.4464    ])
2732    , -7951.26    , array([ 0.232948   ,  1.65516    ,  12.2258    ])
2733    , -7149.37    , array([ 0.229327   ,  1.63542    ,  10.3464    ])
2734    , -6103.44    , array([ 0.222253   ,  1.66711    ,  7.41004    ])
likelihood = -6103.44
theta = 2585.21
Optimized parameters = [0.2222531  1.66711425 7.41004482]

Round_2_Replicate_6
2735    , -10023.3    , array([ 0.43422    ,  0.822056   ,  13.6919    ])
2736    , -10136.8    , array([ 0.416481   ,  0.822056   ,  13.6919    ])
2737    , -10085.8    , array([ 0.43422    ,  0.814041   ,  13.6919    ])
2738    , -11172      , array([ 0.43422    ,  0.822056   ,  15.6058    ])
2739    , -9077.88    , array([ 0.422312   ,  0.816704   ,  12.0127    ])
2740    , -8147.04    , array([ 0.416481   ,  0.814041   ,  10.5394    ])
2741    , -8690.9     , array([ 0.4403     ,  0.811387   ,  11.5       ])
2742    , -7829.73    , array([ 0.426245   ,  0.817594   ,  10.2374    ])
2743    , -6842.23    , array([ 0.422312   ,  0.819376   ,  8.85223    ])
2744    , -6016.06    , array([ 0.418416   ,  0.807862   ,  7.65448    ])
2745    , -4719.06    , array([ 0.410731   ,  0.800857   ,  5.72324    ])
likelihood = -4719.06
theta = 3253.89
Optimized parameters = [0.41073096 0.80085677 5.72324043]

Round_2_Replicate_7
2746    , -25674.2    , array([ 1.07005    ,  6.69261    ,  3.20284    ])
2747    , -25729.4    , array([ 1.07368    ,  6.69261    ,  3.20284    ])
2748    , -26482      , array([ 1.07005    ,  7.35996    ,  3.20284    ])
2749    , -24487.5    , array([ 1.07005    ,  6.69261    ,  3.39479    ])
2750    , -24070.5    , array([ 1.07247    ,  6.08577    ,  3.32956    ])
2751    , -22823.7    , array([ 1.07368    ,  5.53396    ,  3.39479    ])
2752    , -22955.8    , array([ 1.06885    ,  5.89598    ,  3.46129    ])
2753    , -21209.1    , array([ 1.07167    ,  5.41829    ,  3.64507    ])
2754    , -19012.1    , array([ 1.07247    ,  4.87524    ,  3.88858    ])
2755    , -18583      , array([ 1.07328    ,  4.38662    ,  3.76486    ])
2756    , -15586.6    , array([ 1.0749     ,  3.55138    ,  3.96476    ])
likelihood = -15586.6
theta = 2221.84
Optimized parameters = [1.07489561 3.55137869 3.9647612 ]

Round_2_Replicate_8
2757    , -6569.26    , array([ 0.321386   ,  3.0138     ,  9.96283    ])
2758    , -6786.83    , array([ 0.303654   ,  3.0138     ,  9.96283    ])
2759    , -6816.07    , array([ 0.321386   ,  3.18471    ,  9.96283    ])
2760    , -6618.4     , array([ 0.321386   ,  3.0138     ,  11.1764    ])
2761    , -6564.93    , array([ 0.309453   ,  2.85206    ,  10.7563    ])
2762    , -6526.81    , array([ 0.303654   ,  2.699      ,  11.1764    ])
2763    , -6388.62    , array([ 0.327525   ,  2.8001     ,  11.6129    ])
2764    , -6322.78    , array([ 0.340154   ,  2.699      ,  12.5378    ])
2765    , -6253.51    , array([ 0.321386   ,  2.60155    ,  11.1764    ])
2766    , -6147.66    , array([ 0.321386   ,  2.41708    ,  11.1764    ])
2767    , -6744.15    , array([ 0.321386   ,  2.24569    ,  13.5363    ])
2768    , -6354.15    , array([ 0.321386   ,  2.8001     ,  10.7563    ])
likelihood = -6147.66
theta = 1785.93
Optimized parameters = [ 0.32138647  2.41708005 11.17640307]

Round_2_Replicate_9
2769    , -18882.2    , array([ 0.282205   ,  6.00988    ,  2.76442    ])
2770    , -18970.7    , array([ 0.264906   ,  6.00988    ,  2.76442    ])
2771    , -19626.7    , array([ 0.282205   ,  6.57369    ,  2.76442    ])
2772    , -18582.6    , array([ 0.282205   ,  6.00988    ,  2.90861    ])
2773    , -17967.9    , array([ 0.270551   ,  5.49443    ,  2.85973    ])
2774    , -17100.8    , array([ 0.264906   ,  5.02318    ,  2.90861    ])
2775    , -17405      , array([ 0.288218   ,  5.33263    ,  2.95832    ])
2776    , -16477.8    , array([ 0.274381   ,  4.92408    ,  3.09508    ])
2777    , -15218.4    , array([ 0.270551   ,  4.45712    ,  3.27496    ])
2778    , -14464.5    , array([ 0.266775   ,  4.03445    ,  3.18375    ])
2779    , -12287      , array([ 0.259379   ,  3.30555    ,  3.33093    ])
likelihood = -12286.95
theta = 3155.32
Optimized parameters = [0.25937905 3.30555046 3.33093008]

Round_2_Replicate_10
2780    , -14223.6    , array([ 0.707058   ,  5.59894    ,  4.91321    ])
2781    , -14177.3    , array([ 0.694909   ,  5.59894    ,  4.91321    ])
2782    , -15030.1    , array([ 0.707058   ,  6.10255    ,  4.91321    ])
2783    , -13421.9    , array([ 0.707058   ,  5.59894    ,  5.32027    ])
2784    , -12842.7    , array([ 0.698935   ,  5.13689    ,  5.18097    ])
2785    , -11752.8    , array([ 0.694909   ,  4.71298    ,  5.32027    ])
2786    , -12030.8    , array([ 0.690906   ,  4.99151    ,  5.46332    ])
2787    , -10668.6    , array([ 0.700282   ,  4.62363    ,  5.86387    ])
2788    , -9026.65    , array([ 0.702985   ,  4.20167    ,  6.40609    ])
2789    , -8535.42    , array([ 0.685604   ,  3.81821    ,  6.12899    ])
2790    , -6493.47    , array([ 0.675122   ,  3.1531     ,  6.57834    ])
likelihood = -6493.47
theta = 2061.5
Optimized parameters = [0.67512223 3.15309674 6.57833677]

Round_3_Replicate_1
2791    , -11712      , array([ 0.498267   ,  0.229471   ,  5.74634    ])
2792    , -11682.3    , array([ 0.481211   ,  0.229471   ,  5.74634    ])
2793    , -12333.2    , array([ 0.498267   ,  0.213188   ,  5.74634    ])
2794    , -12278.4    , array([ 0.498267   ,  0.229471   ,  6.27135    ])
2795    , -11474.6    , array([ 0.486831   ,  0.246996   ,  6.09122    ])
2796    , -11084.5    , array([ 0.481211   ,  0.265861   ,  6.27135    ])
2797    , -10684.9    , array([ 0.475656   ,  0.253131   ,  5.58129    ])
2798    , -9990.65    , array([ 0.464739   ,  0.265861   ,  5.26528    ])
2799    , -10099.3    , array([ 0.454071   ,  0.279231   ,  5.74634    ])
2800    , -9568.09    , array([ 0.452317   ,  0.318264   ,  5.74634    ])
2801    , -8936.2     , array([ 0.438528   ,  0.374816   ,  5.74634    ])
2802    , -8667.33    , array([ 0.425159   ,  0.345385   ,  4.96717    ])
2803    , -7149.2     , array([ 0.399631   ,  0.393665   ,  4.42061    ])
2804    , -7009.77    , array([ 0.413795   ,  0.413463   ,  4.55134    ])
2805    , -5391.86    , array([ 0.395018   ,  0.503121   ,  4.05054    ])
2806    , -4301.5     , array([ 0.362777   ,  0.664392   ,  4.17032    ])
2807    , -3678.09    , array([ 0.32052    ,  1.05029    ,  3.71145    ])
2808    , -3731.24    , array([ 0.311954   ,  0.936673   ,  2.85519    ])
2809    , -6572.59    , array([ 0.290212   ,  1.58947    ,  2.77318    ])
2810    , -4082.76    , array([ 0.314378   ,  1.1213     ,  3.11605    ])
likelihood = -3678.09
theta = 4065.52
Optimized parameters = [0.32052011 1.05028967 3.71144867]

Round_3_Replicate_2
2811    , -5708.84    , array([ 0.201433   ,  1.25653    ,  2.57716    ])
2812    , -5900.13    , array([ 0.185925   ,  1.25653    ,  2.57716    ])
2813    , -5783.27    , array([ 0.201433   ,  1.27096    ,  2.57716    ])
2814    , -5570.34    , array([ 0.201433   ,  1.25653    ,  2.70208    ])
2815    , -5496.09    , array([ 0.218235   ,  1.26613    ,  2.65978    ])
2816    , -5335.54    , array([ 0.236438   ,  1.27096    ,  2.70208    ])
2817    , -5280.19    , array([ 0.224141   ,  1.25176    ,  2.74505    ])
2818    , -5053.54    , array([ 0.236438   ,  1.24227    ,  2.83305    ])
2819    , -4944.74    , array([ 0.249409   ,  1.25653    ,  2.92388    ])
2820    , -4636.2     , array([ 0.277526   ,  1.25653    ,  3.11436    ])
2821    , -4612.48    , array([ 0.308813   ,  1.25653    ,  3.06561    ])
2822    , -4452.85    , array([ 0.382365   ,  1.25653    ,  3.26532    ])
2823    , -4145.06    , array([ 0.362479   ,  1.23285    ,  3.47805    ])
2824    , -3925.24    , array([ 0.448813   ,  1.21422    ,  3.94597    ])
2825    , -4237.71    , array([ 0.555709   ,  1.24227    ,  4.13724    ])
2826    , -4982.61    , array([ 0.752125   ,  1.21885    ,  4.54805    ])
2827    , -4227.64    , array([ 0.356083   ,  1.247      ,  3.4236     ])
2828    , -3855.04    , array([ 0.520592   ,  1.21268    ,  4.47685    ])
2829    , -3891.63    , array([ 0.607445   ,  1.19133    ,  5.24199    ])
2830    , -3934.04    , array([ 0.342948   ,  1.20705    ,  3.72416    ])
likelihood = -3855.04
theta = 3295.85
Optimized parameters = [0.52059208 1.21268091 4.47685283]

Round_3_Replicate_3
2831    , -5792.45    , array([ 0.758533   ,  0.869396   ,  7.93972    ])
2832    , -5771.59    , array([ 0.748123   ,  0.869396   ,  7.93972    ])
2833    , -5828.02    , array([ 0.758533   ,  0.863333   ,  7.93972    ])
2834    , -6174.03    , array([ 0.758533   ,  0.869396   ,  8.80634    ])
2835    , -5490.37    , array([ 0.751577   ,  0.865349   ,  7.15838    ])
2836    , -5262.07    , array([ 0.748123   ,  0.863333   ,  6.45393    ])
2837    , -5352.21    , array([ 0.744685   ,  0.871426   ,  6.91541    ])
2838    , -5162.7     , array([ 0.735594   ,  0.866696   ,  6.30706    ])
2839    , -5002.11    , array([ 0.724386   ,  0.865349   ,  5.62131    ])
2840    , -5050.36    , array([ 0.729969   ,  0.864005   ,  5.01012    ])
2841    , -5117.77    , array([ 0.723645   ,  0.85709    ,  4.64005    ])
2842    , -5291.68    , array([ 0.70452    ,  0.86095    ,  3.99007    ])
2843    , -5080.08    , array([ 0.736976   ,  0.862736   ,  5.72287    ])
2844    , -5167.35    , array([ 0.737269   ,  0.871025   ,  6.38279    ])
2845    , -5043.42    , array([ 0.727027   ,  0.860553   ,  5.0251     ])
2846    , -5028.17    , array([ 0.717403   ,  0.863864   ,  4.7454     ])
2847    , -4959.77    , array([ 0.715954   ,  0.862502   ,  5.22783    ])
2848    , -4927.52    , array([ 0.709048   ,  0.861752   ,  5.34021    ])
likelihood = -4927.52
theta = 2985.99
Optimized parameters = [0.70904849 0.86175154 5.34021032]

Round_3_Replicate_4
2849    , -6586.02    , array([ 0.343067   ,  0.258549   ,  1.4748     ])
2850    , -6267.91    , array([ 0.325198   ,  0.258549   ,  1.4748     ])
2851    , -6949.95    , array([ 0.343067   ,  0.241641   ,  1.4748     ])
2852    , -6583.53    , array([ 0.343067   ,  0.258549   ,  1.50372    ])
2853    , -6032.14    , array([ 0.331048   ,  0.276641   ,  1.49402    ])
2854    , -5620.1     , array([ 0.325198   ,  0.295998   ,  1.50372    ])
2855    , -5732.41    , array([ 0.319451   ,  0.282948   ,  1.51349    ])
2856    , -5224.3     , array([ 0.304617   ,  0.300481   ,  1.4908     ])
2857    , -4666.71    , array([ 0.28704    ,  0.323931   ,  1.48438    ])
2858    , -4536.42    , array([ 0.295698   ,  0.349212   ,  1.52662    ])
2859    , -3967.37    , array([ 0.281967   ,  0.405847   ,  1.55321    ])
2860    , -3916.27    , array([ 0.276984   ,  0.405847   ,  1.51349    ])
2861    , -3558.93    , array([ 0.257917   ,  0.48606    ,  1.51349    ])
2862    , -3427.08    , array([ 0.23313    ,  0.539984   ,  1.52992    ])
2863    , -4250.82    , array([ 0.19739    ,  0.729335   ,  1.54318    ])
2864    , -4014.48    , array([ 0.22992    ,  0.693696   ,  1.5814     ])
2865    , -3562.22    , array([ 0.243034   ,  0.573443   ,  1.55656    ])
2866    , -4114.39    , array([ 0.211982   ,  0.69718    ,  1.51349    ])
2867    , -3592.08    , array([ 0.262557   ,  0.464631   ,  1.54318    ])
2868    , -3657.77    , array([ 0.227653   ,  0.608975   ,  1.52333    ])
2869    , -3503.58    , array([ 0.253359   ,  0.497142   ,  1.53819    ])
likelihood = -3427.08
theta = 7178.77
Optimized parameters = [0.23313037 0.53998405 1.52991584]

Round_3_Replicate_5
2870    , -21015.8    , array([ 0.0740558  ,  0.190735   ,  7.25221    ])
2871    , -21619.2    , array([ 0.0650185  ,  0.190735   ,  7.25221    ])
2872    , -21693.5    , array([ 0.0740558  ,  0.17557    ,  7.25221    ])
2873    , -22136.6    , array([ 0.0740558  ,  0.190735   ,  8.00745    ])
2874    , -20763.5    , array([ 0.0679012  ,  0.180486   ,  6.56821    ])
2875    , -20107.7    , array([ 0.0650185  ,  0.17557    ,  5.94872    ])
2876    , -20141.1    , array([ 0.0622582  ,  0.196075   ,  6.35486    ])
2877    , -19247.9    , array([ 0.0688903  ,  0.18384    ,  5.81919    ])
2878    , -18097.8    , array([ 0.0709118  ,  0.180486   ,  5.21265    ])
2879    , -17958.1    , array([ 0.0587591  ,  0.177194   ,  4.66933    ])
2880    , -16625.3    , array([ 0.05234    ,  0.170788   ,  3.74668    ])
2881    , -16502.8    , array([ 0.0622582  ,  0.15721    ,  3.74668    ])
2882    , -14974.4    , array([ 0.0622582  ,  0.140769   ,  2.87685    ])
2883    , -13476.3    , array([ 0.0579155  ,  0.151527   ,  2.46599    ])
2884    , -11165.7    , array([ 0.0546606  ,  0.140769   ,  1.58773    ])
2885    , -11301.7    , array([ 0.0446428  ,  0.124893   ,  1.274      ])
2886    , -9333.25    , array([ 0.0543977  ,  0.10713    ,  0.863498   ])
2887    , -7019.76    , array([ 0.0554568  ,  0.0848476  ,  0.414542   ])
2888    , -5349.45    , array([ 0.0423373  ,  0.0927434  ,  0.309095   ])
2889    , -4581.75    , array([ 0.034913   ,  0.0752784  ,  0.101316   ])
likelihood = -4581.75
theta = 18375.71
Optimized parameters = [0.034913   0.07527844 0.10131608]

Round_4_Replicate_1
2890    , -4785.54    , array([ 0.213725   ,  1.18806    ,  3.29098    ])
2891    , -4983.15    , array([ 0.197856   ,  1.18806    ,  3.29098    ])
2892    , -4820.54    , array([ 0.213725   ,  1.19834    ,  3.29098    ])
2893    , -4739.17    , array([ 0.213725   ,  1.18806    ,  3.49294    ])
2894    , -4585.34    , array([ 0.230867   ,  1.19491    ,  3.42428    ])
2895    , -4406.91    , array([ 0.249385   ,  1.19834    ,  3.49294    ])
2896    , -4470.14    , array([ 0.236882   ,  1.18466    ,  3.56298    ])
2897    , -4316.4     , array([ 0.253697   ,  1.19262    ,  3.75669    ])
2898    , -4134.58    , array([ 0.276405   ,  1.19491    ,  4.01371    ])
2899    , -3993.57    , array([ 0.301146   ,  1.1972     ,  3.88307    ])
2900    , -3784.78    , array([ 0.357468   ,  1.20179    ,  4.09419    ])
2901    , -3786.85    , array([ 0.357468   ,  1.21219    ,  4.17628    ])
2902    , -3642.09    , array([ 0.431662   ,  1.20756    ,  4.79893    ])
2903    , -3746.95    , array([ 0.567911   ,  1.21219    ,  5.62498    ])
2904    , -3785.06    , array([ 0.524242   ,  1.21956    ,  4.7046     ])
2905    , -3727.36    , array([ 0.523245   ,  1.20704    ,  4.89516    ])
2906    , -3745.63    , array([ 0.356335   ,  1.19152    ,  4.46201    ])
2907    , -3682.7     , array([ 0.521476   ,  1.20224    ,  5.42992    ])
2908    , -4018.51    , array([ 0.674316   ,  1.21987    ,  5.67901    ])
2909    , -3645.32    , array([ 0.417936   ,  1.19855    ,  4.73932    ])
2910    , -3712.34    , array([ 0.395324   ,  1.19853    ,  5.06604    ])
2911    , -3653.46    , array([ 0.424025   ,  1.20065    ,  5.02277    ])
2912    , -3790.44    , array([ 0.345564   ,  1.20224    ,  4.33587    ])
2913    , -3639.37    , array([ 0.470498   ,  1.20224    ,  5.13291    ])
2914    , -3647.44    , array([ 0.455494   ,  1.20491    ,  4.75561    ])
2915    , -3638.17    , array([ 0.447414   ,  1.20384    ,  4.82104    ])
likelihood = -3638.17
theta = 3278.85
Optimized parameters = [0.44741423 1.20384169 4.82103673]

Round_4_Replicate_2
2916    , -8392.28    , array([ 0.238455   ,  0.404674   ,  5.21842    ])
2917    , -8550.31    , array([ 0.221961   ,  0.404674   ,  5.21842    ])
2918    , -8672.48    , array([ 0.238455   ,  0.386776   ,  5.21842    ])
2919    , -9025.24    , array([ 0.238455   ,  0.404674   ,  5.66782    ])
2920    , -8104.5     , array([ 0.227329   ,  0.392652   ,  4.80466    ])
2921    , -7685.11    , array([ 0.221961   ,  0.386776   ,  4.4237     ])
2922    , -7759.36    , array([ 0.216721   ,  0.410821   ,  4.67416    ])
2923    , -7349.34    , array([ 0.229146   ,  0.396619   ,  4.34323    ])
2924    , -6860.51    , array([ 0.232825   ,  0.392652   ,  3.96232    ])
2925    , -6536.54    , array([ 0.209926   ,  0.388725   ,  3.61482    ])
2926    , -5737.81    , array([ 0.196968   ,  0.380988   ,  3.00857    ])
2927    , -5825.58    , array([ 0.216721   ,  0.364139   ,  3.00857    ])
2928    , -4835.53    , array([ 0.20826    ,  0.371534   ,  2.45844    ])
2929    , -3910.66    , array([ 0.20173    ,  0.364139   ,  1.83273    ])
2930    , -3765.75    , array([ 0.180446   ,  0.348034   ,  1.64158    ])
2931    , -3040.19    , array([ 0.158857   ,  0.327664   ,  1.05662    ])
2932    , -2997.97    , array([ 0.157597   ,  0.349788   ,  1.07619    ])
2933    , -3411.41    , array([ 0.134391   ,  0.342826   ,  0.643659   ])
2934    , -4052.89    , array([ 0.149447   ,  0.315807   ,  0.542306   ])
2935    , -3002.5     , array([ 0.160127   ,  0.330975   ,  0.832288   ])
2936    , -3663.43    , array([ 0.125095   ,  0.310041   ,  0.525965   ])
2937    , -2991.48    , array([ 0.140969   ,  0.322761   ,  0.718608   ])
2938    , -3224.01    , array([ 0.146696   ,  0.341107   ,  0.705536   ])
2939    , -2943.46    , array([ 0.155725   ,  0.330975   ,  0.955143   ])
2940    , -2929.69    , array([ 0.142852   ,  0.337696   ,  0.98181    ])
2941    , -3033.17    , array([ 0.134927   ,  0.341107   ,  1.06636    ])
2942    , -2902.95    , array([ 0.135946   ,  0.312126   ,  0.714224   ])
2943    , -3087.47    , array([ 0.126263   ,  0.294843   ,  0.581844   ])
2944    , -3024.52    , array([ 0.148349   ,  0.33079    ,  1.06527    ])
2945    , -2898.46    , array([ 0.142779   ,  0.32475    ,  0.792929   ])
likelihood = -2898.46
theta = 10592.69
Optimized parameters = [0.14277872 0.32474971 0.79292926]

Round_4_Replicate_3
2946    , -5495.49    , array([ 0.390541   ,  0.461117   ,  3.69573    ])
2947    , -5442.56    , array([ 0.372606   ,  0.461117   ,  3.69573    ])
2948    , -5697.16    , array([ 0.390541   ,  0.443611   ,  3.69573    ])
2949    , -5730.89    , array([ 0.390541   ,  0.461117   ,  3.94534    ])
2950    , -5368.54    , array([ 0.378491   ,  0.449371   ,  3.4619     ])
2951    , -5212.41    , array([ 0.372606   ,  0.443611   ,  3.24287    ])
2952    , -5071.96    , array([ 0.366813   ,  0.467105   ,  3.3873     ])
2953    , -4791.3     , array([ 0.355495   ,  0.479315   ,  3.24287    ])
2954    , -4799.46    , array([ 0.344526   ,  0.461117   ,  3.10461    ])
2955    , -4526.56    , array([ 0.342732   ,  0.461117   ,  2.76404    ])
2956    , -4229.35    , array([ 0.328705   ,  0.461117   ,  2.39038    ])
2957    , -4042.33    , array([ 0.315252   ,  0.491844   ,  2.57043    ])
2958    , -3659.06    , array([ 0.289976   ,  0.517893   ,  2.28846    ])
2959    , -3739.14    , array([ 0.303933   ,  0.511254   ,  2.19089    ])
2960    , -3562.23    , array([ 0.265336   ,  0.513457   ,  1.61494    ])
2961    , -4130.16    , array([ 0.229234   ,  0.53143    ,  1.13965    ])
2962    , -3465.88    , array([ 0.248782   ,  0.57338    ,  1.68686    ])
2963    , -3968.3     , array([ 0.216434   ,  0.639378   ,  1.41705    ])
2964    , -3476.38    , array([ 0.235436   ,  0.55824    ,  1.54608    ])
2965    , -4339.1     , array([ 0.214765   ,  0.579347   ,  1.13965    ])
2966    , -3460.02    , array([ 0.269006   ,  0.532616   ,  1.92243    ])
2967    , -3380.27    , array([ 0.236868   ,  0.598799   ,  1.81392    ])
2968    , -3416.99    , array([ 0.2238     ,  0.64665    ,  1.92243    ])
2969    , -3405.53    , array([ 0.268031   ,  0.577126   ,  2.10765    ])
2970    , -3428.54    , array([ 0.266573   ,  0.564333   ,  2.24095    ])
2971    , -3349.05    , array([ 0.245043   ,  0.631408   ,  2.17796    ])
2972    , -3409.38    , array([ 0.233874   ,  0.687476   ,  2.3182     ])
likelihood = -3349.05
theta = 6034.75
Optimized parameters = [0.24504285 0.63140795 2.17796058]

Round_4_Replicate_4
2973    , -3745.5     , array([ 0.188467   ,  0.378175   ,  1.79483    ])
2974    , -3791.34    , array([ 0.173379   ,  0.378175   ,  1.79483    ])
2975    , -3893.31    , array([ 0.188467   ,  0.360228   ,  1.79483    ])
2976    , -3824.71    , array([ 0.188467   ,  0.378175   ,  1.8481     ])
2977    , -3695.46    , array([ 0.178269   ,  0.397016   ,  1.83017    ])
2978    , -3631.83    , array([ 0.173379   ,  0.416796   ,  1.8481     ])
2979    , -3626.71    , array([ 0.168623   ,  0.403503   ,  1.77742    ])
2980    , -3574.12    , array([ 0.159499   ,  0.416796   ,  1.7431     ])
2981    , -3497.07    , array([ 0.173379   ,  0.430527   ,  1.79483    ])
2982    , -3404.63    , array([ 0.173379   ,  0.459361   ,  1.79483    ])
2983    , -3548.38    , array([ 0.150869   ,  0.490126   ,  1.79483    ])
2984    , -3476.67    , array([ 0.149477   ,  0.495451   ,  1.70944    ])
2985    , -3521.15    , array([ 0.155604   ,  0.55597    ,  1.78901    ])
2986    , -3336.1     , array([ 0.16793    ,  0.514236   ,  1.73368    ])
2987    , -3281.73    , array([ 0.177171   ,  0.526732   ,  1.7039     ])
2988    , -3330.11    , array([ 0.177536   ,  0.437299   ,  1.68372    ])
2989    , -3319.35    , array([ 0.207274   ,  0.451524   ,  1.74436    ])
2990    , -3207.57    , array([ 0.201288   ,  0.481444   ,  1.63008    ])
2991    , -3250.15    , array([ 0.216885   ,  0.49288    ,  1.55347    ])
2992    , -3258.91    , array([ 0.213738   ,  0.53922    ,  1.70055    ])
2993    , -3408.31    , array([ 0.186861   ,  0.587832   ,  1.61383    ])
2994    , -3236.57    , array([ 0.20197    ,  0.482308   ,  1.71077    ])
2995    , -3359.71    , array([ 0.238561   ,  0.475154   ,  1.6566     ])
2996    , -3227.84    , array([ 0.190851   ,  0.513335   ,  1.69195    ])
2997    , -3261       , array([ 0.183365   ,  0.449173   ,  1.65425    ])
2998    , -3226.12    , array([ 0.205703   ,  0.515144   ,  1.68886    ])
likelihood = -3207.57
theta = 7406.78
Optimized parameters = [0.2012882  0.48144359 1.63007956]

Round_4_Replicate_5
2999    , -5226.27    , array([ 0.548449   ,  0.600168   ,  3.94349    ])
3000    , -5124.28    , array([ 0.532222   ,  0.600168   ,  3.94349    ])
3001    , -5332.04    , array([ 0.548449   ,  0.585042   ,  3.94349    ])
3002    , -5299.2     , array([ 0.548449   ,  0.600168   ,  4.22353    ])
3003    , -5100.77    , array([ 0.537577   ,  0.615686   ,  4.12804    ])
3004    , -4996.99    , array([ 0.532222   ,  0.631605   ,  4.22353    ])
3005    , -4941.49    , array([ 0.526921   ,  0.620948   ,  3.85434    ])
3006    , -4792.99    , array([ 0.516476   ,  0.631605   ,  3.68203    ])
3007    , -4715.41    , array([ 0.506238   ,  0.642446   ,  3.94349    ])
3008    , -4496.15    , array([ 0.486366   ,  0.664689   ,  3.94349    ])
3009    , -4413.18    , array([ 0.49126    ,  0.687702   ,  3.94349    ])
3010    , -4134.97    , array([ 0.471977   ,  0.736146   ,  3.94349    ])
3011    , -4046.86    , array([ 0.45345    ,  0.723724   ,  3.51742    ])
3012    , -3808.74    , array([ 0.41855    ,  0.774705   ,  3.20996    ])
3013    , -3658.66    , array([ 0.406167   ,  0.829278   ,  3.68203    ])
3014    , -3546.56    , array([ 0.36019    ,  0.950227   ,  3.68203    ])
3015    , -3693.9     , array([ 0.35305    ,  1          ,  3.28421    ])
3016    , -4219.25    , array([ 0.299794   ,  1.1075     ,  2.90712    ])
3017    , -3723.73    , array([ 0.421353   ,  0.815285   ,  3.65407    ])
3018    , -3676.28    , array([ 0.339569   ,  1.08882    ,  3.89371    ])
3019    , -4272.64    , array([ 0.292113   ,  1.25472    ,  3.56843    ])
3020    , -3566.97    , array([ 0.384479   ,  0.908068   ,  3.63247    ])
3021    , -3609.03    , array([ 0.369022   ,  0.959253   ,  4.24624    ])
3022    , -3695.91    , array([ 0.405548   ,  0.809652   ,  3.79459    ])
3023    , -3578.33    , array([ 0.354983   ,  1.01109    ,  3.86869    ])
3024    , -3641.55    , array([ 0.363654   ,  0.951825   ,  3.27012    ])
3025    , -3560.17    , array([ 0.367673   ,  0.957391   ,  3.97781    ])
3026    , -3578.49    , array([ 0.386993   ,  0.870762   ,  3.65644    ])
3027    , -3554.94    , array([ 0.362728   ,  0.97402    ,  3.8145     ])
likelihood = -3546.56
theta = 4089.76
Optimized parameters = [0.36019012 0.95022689 3.68202784]
