
Round_1_Replicate_1
421     , -95168.7    , array([ 1.75783    ,  0.249415   ,  0.294685   ,  0.308317   ])
422     , -96040.3    , array([ 1.80811    ,  0.249415   ,  0.294685   ,  0.308317   ])
423     , -93713      , array([ 1.75783    ,  0.232685   ,  0.294685   ,  0.308317   ])
424     , -93645.8    , array([ 1.75783    ,  0.249415   ,  0.277221   ,  0.308317   ])
425     , -96750.9    , array([ 1.75783    ,  0.249415   ,  0.294685   ,  0.290701   ])
426     , -92644.2    , array([ 1.78279    ,  0.240905   ,  0.285819   ,  0.326999   ])
427     , -90811.1    , array([ 1.79541    ,  0.236759   ,  0.281487   ,  0.346814   ])
428     , -90577.5    , array([ 1.72711    ,  0.234713   ,  0.279346   ,  0.326999   ])
429     , -87977.4    , array([ 1.68798    ,  0.227691   ,  0.271978   ,  0.336761   ])
likelihood = -87977.35
theta = 4537.37
Optimized parameters = [1.68798478 0.22769054 0.27197839 0.33676125]

Round_1_Replicate_2
430     , -39560.9    , array([ 0.366266   ,  1.71155    ,  0.300416   ,  3.24319    ])
431     , -38627.1    , array([ 0.348326   ,  1.71155    ,  0.300416   ,  3.24319    ])
432     , -40037.2    , array([ 0.366266   ,  1.75816    ,  0.300416   ,  3.24319    ])
433     , -37618.4    , array([ 0.366266   ,  1.71155    ,  0.282884   ,  3.24319    ])
434     , -39408.2    , array([ 0.366266   ,  1.71155    ,  0.300416   ,  3.43971    ])
435     , -37566.3    , array([ 0.357183   ,  1.66617    ,  0.291518   ,  3.34       ])
436     , -36356.9    , array([ 0.352727   ,  1.622      ,  0.287169   ,  3.38949    ])
437     , -36464      , array([ 0.35052    ,  1.66617    ,  0.285018   ,  3.4145     ])
likelihood = -36356.88
theta = 4259.08
Optimized parameters = [0.35272682 1.62199707 0.28716862 3.38948834]

Round_1_Replicate_3
438     , -132654     , array([ 0.603219   ,  0.69829    ,  0.304418   ,  0.144463   ])
439     , -131247     , array([ 0.588165   ,  0.69829    ,  0.304418   ,  0.144463   ])
440     , -131963     , array([ 0.603219   ,  0.685863   ,  0.304418   ,  0.144463   ])
441     , -131980     , array([ 0.603219   ,  0.69829    ,  0.286843   ,  0.144463   ])
442     , -140240     , array([ 0.603219   ,  0.69829    ,  0.304418   ,  0.131143   ])
443     , -123978     , array([ 0.595645   ,  0.692048   ,  0.2955     ,  0.159136   ])
444     , -116304     , array([ 0.591893   ,  0.688949   ,  0.291139   ,  0.1753     ])
445     , -122946     , array([ 0.590026   ,  0.687404   ,  0.288983   ,  0.159136   ])
likelihood = -116304.27
theta = 6438.93
Optimized parameters = [0.59189292 0.68894874 0.29113948 0.17529988]

Round_1_Replicate_4
446     , -131584     , array([ 3.69248    ,  4.35752    ,  0.162265   ,  2.66821    ])
447     , -135086     , array([ 3.94171    ,  4.35752    ,  0.162265   ,  2.66821    ])
448     , -134221     , array([ 3.69248    ,  4.69031    ,  0.162265   ,  2.66821    ])
449     , -126676     , array([ 3.69248    ,  4.35752    ,  0.148161   ,  2.66821    ])
450     , -130315     , array([ 3.69248    ,  4.35752    ,  0.162265   ,  2.80241    ])
451     , -126106     , array([ 3.45902    ,  4.52085    ,  0.155053   ,  2.73449    ])
452     , -121430     , array([ 3.24031    ,  4.6048     ,  0.151568   ,  2.76824    ])
453     , -121003     , array([ 3.45902    ,  4.16162    ,  0.149855   ,  2.78527    ])
454     , -114652     , array([ 3.34788    ,  3.92007    ,  0.144011   ,  2.84571    ])
likelihood = -114651.96
theta = 1566.94
Optimized parameters = [3.34787698 3.92006997 0.14401064 2.84571339]

Round_1_Replicate_5
455     , -39282.9    , array([ 0.404746   ,  1.65998    ,  0.286061   ,  3.33394    ])
456     , -38387.5    , array([ 0.386849   ,  1.65998    ,  0.286061   ,  3.33394    ])
457     , -39727      , array([ 0.404746   ,  1.70258    ,  0.286061   ,  3.33394    ])
458     , -37242      , array([ 0.404746   ,  1.65998    ,  0.268708   ,  3.33394    ])
459     , -39100.7    , array([ 0.404746   ,  1.65998    ,  0.286061   ,  3.54084    ])
460     , -37275.8    , array([ 0.395696   ,  1.61845    ,  0.277249   ,  3.43583    ])
461     , -36733.5    , array([ 0.391247   ,  1.63908    ,  0.272945   ,  3.48794    ])
462     , -35507.2    , array([ 0.384668   ,  1.62873    ,  0.266615   ,  3.56759    ])
likelihood = -35507.22
theta = 4084.46
Optimized parameters = [0.38466806 1.62873122 0.26661465 3.56758803]

Round_1_Replicate_6
463     , -127452     , array([ 0.958439   ,  1.16396    ,  0.194905   ,  0.263961   ])
464     , -127332     , array([ 0.956407   ,  1.16396    ,  0.194905   ,  0.263961   ])
465     , -127731     , array([ 0.958439   ,  1.17283    ,  0.194905   ,  0.263961   ])
466     , -126425     , array([ 0.958439   ,  1.16396    ,  0.179604   ,  0.263961   ])
467     , -132290     , array([ 0.958439   ,  1.16396    ,  0.194905   ,  0.246955   ])
468     , -122294     , array([ 0.957422   ,  1.16839    ,  0.187098   ,  0.282139   ])
469     , -117485     , array([ 0.956914   ,  1.17061    ,  0.183313   ,  0.301569   ])
470     , -121545     , array([ 0.956661   ,  1.15845    ,  0.181449   ,  0.282139   ])
likelihood = -117485.31
theta = 5090.61
Optimized parameters = [0.95691439 1.1706082  0.1833125  0.30156886]

Round_1_Replicate_7
471     , -332075     , array([ 5.63497    ,  1.04636    ,  3.78491    ,  1.44619    ])
472     , -333773     , array([ 6.14379    ,  1.04636    ,  3.78491    ,  1.44619    ])
473     , -332181     , array([ 5.63497    ,  1.04873    ,  3.78491    ,  1.44619    ])
474     , -336801     , array([ 5.63497    ,  1.04636    ,  4.04538    ,  1.44619    ])
475     , -332112     , array([ 5.63497    ,  1.04636    ,  3.78491    ,  1.47311    ])
476     , -328280     , array([ 5.88388    ,  1.04755    ,  3.54122    ,  1.45959    ])
477     , -324008     , array([ 6.01243    ,  1.04814    ,  3.31322    ,  1.46633    ])
478     , -326283     , array([ 5.33859    ,  1.04844    ,  3.54122    ,  1.46972    ])
likelihood = -324007.54
theta = 1941.33
Optimized parameters = [6.01243201 1.04813961 3.31322088 1.46633465]

Round_1_Replicate_8
479     , -327157     , array([ 7.07049    ,  0.985699   ,  3.28247    ,  5.57732    ])
480     , -328846     , array([ 7.79691    ,  0.985699   ,  3.28247    ,  5.57732    ])
481     , -327122     , array([ 7.07049    ,  0.984989   ,  3.28247    ,  5.57732    ])
482     , -331280     , array([ 7.07049    ,  0.985699   ,  3.48346    ,  5.57732    ])
483     , -327368     , array([ 7.07049    ,  0.985699   ,  3.28247    ,  6.07781    ])
484     , -323996     , array([ 7.42482    ,  0.985344   ,  3.09308    ,  5.82219    ])
485     , -320355     , array([ 7.60859    ,  0.985166   ,  2.91461    ,  5.94863    ])
486     , -322006     , array([ 6.65127    ,  0.985078   ,  3.09308    ,  6.01287    ])
likelihood = -320354.86
theta = 1407.75
Optimized parameters = [7.60858986 0.98516641 2.91461385 5.9486277 ]

Round_1_Replicate_9
487     , -110086     , array([ 6.29767    ,  0.138966   ,  0.185064   ,  3.4571     ])
488     , -112915     , array([ 6.90461    ,  0.138966   ,  0.185064   ,  3.4571     ])
489     , -110194     , array([ 6.29767    ,  0.125908   ,  0.185064   ,  3.4571     ])
490     , -106954     , array([ 6.29767    ,  0.138966   ,  0.170094   ,  3.4571     ])
491     , -110406     , array([ 6.29767    ,  0.138966   ,  0.185064   ,  3.6783     ])
492     , -105786     , array([ 5.74409    ,  0.132276   ,  0.177421   ,  3.56598    ])
493     , -102055     , array([ 5.23917    ,  0.129053   ,  0.173719   ,  3.6217     ])
494     , -104354     , array([ 5.74409    ,  0.127471   ,  0.171897   ,  3.32565    ])
likelihood = -102054.54
theta = 1585.27
Optimized parameters = [5.23916529 0.12905303 0.17371864 3.62170463]

Round_1_Replicate_10
495     , -116580     , array([ 0.262371   ,  0.398288   ,  2.50365    ,  4.28768    ])
496     , -112643     , array([ 0.245392   ,  0.398288   ,  2.50365    ,  4.28768    ])
497     , -115659     , array([ 0.262371   ,  0.38037    ,  2.50365    ,  4.28768    ])
498     , -120268     , array([ 0.262371   ,  0.398288   ,  2.62122    ,  4.28768    ])
499     , -116584     , array([ 0.262371   ,  0.398288   ,  2.50365    ,  4.61141    ])
500     , -110552     , array([ 0.253739   ,  0.389226   ,  2.39136    ,  4.4466     ])
501     , -105858     , array([ 0.249531   ,  0.384773   ,  2.28411    ,  4.52825    ])
502     , -108766     , array([ 0.247453   ,  0.382565   ,  2.39136    ,  4.09699    ])
likelihood = -105858.15
theta = 10532.83
Optimized parameters = [0.24953094 0.38477258 2.28410797 4.52825111]

Round_2_Replicate_1
503     , -26001.4    , array([ 0.255075   ,  0.454713   ,  0.45015    ,  2.18964    ])
504     , -24630.6    , array([ 0.238233   ,  0.454713   ,  0.45015    ,  2.18964    ])
505     , -25597.3    , array([ 0.255075   ,  0.437144   ,  0.45015    ,  2.18964    ])
506     , -24890.8    , array([ 0.255075   ,  0.454713   ,  0.432539   ,  2.18964    ])
507     , -25950.8    , array([ 0.255075   ,  0.454713   ,  0.45015    ,  2.27715    ])
508     , -24526.5    , array([ 0.24651    ,  0.445842   ,  0.441257   ,  2.23297    ])
509     , -23811.9    , array([ 0.242336   ,  0.441472   ,  0.436876   ,  2.25495    ])
510     , -23534.9    , array([ 0.240276   ,  0.439303   ,  0.434702   ,  2.13667    ])
511     , -22394.3    , array([ 0.233201   ,  0.431794   ,  0.427178   ,  2.06971    ])
512     , -22352.9    , array([ 0.229742   ,  0.454154   ,  0.423465   ,  2.16035    ])
513     , -20908.9    , array([ 0.218036   ,  0.462905   ,  0.410722   ,  2.14584    ])
514     , -21045      , array([ 0.212408   ,  0.440521   ,  0.429448   ,  2.13863    ])
likelihood = -20908.91
theta = 8321.69
Optimized parameters = [0.21803565 0.46290522 0.41072156 2.14584404]

Round_2_Replicate_2
515     , -61100.9    , array([ 0.168176   ,  3.21637    ,  0.665954   ,  1.34341    ])
516     , -59372.7    , array([ 0.153834   ,  3.21637    ,  0.665954   ,  1.34341    ])
517     , -61674.8    , array([ 0.168176   ,  3.40984    ,  0.665954   ,  1.34341    ])
518     , -60424.9    , array([ 0.168176   ,  3.21637    ,  0.652554   ,  1.34341    ])
519     , -61122.2    , array([ 0.168176   ,  3.21637    ,  0.665954   ,  1.36338    ])
520     , -59301      , array([ 0.160846   ,  3.03387    ,  0.65922    ,  1.35336    ])
521     , -58101.3    , array([ 0.157301   ,  2.86173    ,  0.655879   ,  1.35836    ])
522     , -58406.9    , array([ 0.155558   ,  3.03387    ,  0.654214   ,  1.33107    ])
523     , -57142.6    , array([ 0.149608   ,  2.94654    ,  0.648422   ,  1.34465    ])
524     , -55295.1    , array([ 0.141108   ,  2.82024    ,  0.63983    ,  1.34527    ])
525     , -55310.6    , array([ 0.13704    ,  2.75914    ,  0.655254   ,  1.34558    ])
likelihood = -55295.09
theta = 5771.64
Optimized parameters = [0.14110786 2.82024465 0.6398301  1.34526715]

Round_2_Replicate_3
526     , -46108.9    , array([ 0.245354   ,  1.83466    ,  0.436812   ,  4.87837    ])
527     , -44985.8    , array([ 0.228709   ,  1.83466    ,  0.436812   ,  4.87837    ])
528     , -46682.1    , array([ 0.245354   ,  1.89118    ,  0.436812   ,  4.87837    ])
529     , -44669.3    , array([ 0.245354   ,  1.83466    ,  0.419092   ,  4.87837    ])
530     , -46085.7    , array([ 0.245354   ,  1.83466    ,  0.436812   ,  5.28067    ])
531     , -44236.8    , array([ 0.236885   ,  1.77983    ,  0.427861   ,  5.07553    ])
532     , -43029.6    , array([ 0.232761   ,  1.72663    ,  0.423454   ,  5.17708    ])
533     , -43301      , array([ 0.230726   ,  1.77983    ,  0.421267   ,  5.22862    ])
534     , -41990.5    , array([ 0.223743   ,  1.75303    ,  0.413704   ,  4.80643    ])
535     , -40073.4    , array([ 0.213662   ,  1.71358    ,  0.402612   ,  4.58553    ])
536     , -40501.6    , array([ 0.231996   ,  1.6942     ,  0.397178   ,  5.04421    ])
likelihood = -40073.45
theta = 4649.36
Optimized parameters = [0.21366157 1.71358353 0.40261172 4.58552583]

Round_2_Replicate_4
537     , -42309.6    , array([ 0.106082   ,  3.5276     ,  0.318916   ,  8.87031    ])
538     , -42075.2    , array([ 0.0948255  ,  3.5276     ,  0.318916   ,  8.87031    ])
539     , -43291.5    , array([ 0.106082   ,  3.75711    ,  0.318916   ,  8.87031    ])
540     , -41187.8    , array([ 0.106082   ,  3.5276     ,  0.301204   ,  8.87031    ])
541     , -42416.5    , array([ 0.106082   ,  3.5276     ,  0.318916   ,  9.89318    ])
542     , -40654.5    , array([ 0.100296   ,  3.31212    ,  0.309934   ,  9.36779    ])
543     , -39276.4    , array([ 0.0975224  ,  3.10979    ,  0.305537   ,  9.6269     ])
544     , -40046.8    , array([ 0.0961645  ,  3.31212    ,  0.303363   ,  8.28544    ])
545     , -39061.2    , array([ 0.0915589  ,  3.20936    ,  0.295873   ,  8.93102    ])
546     , -37496.2    , array([ 0.0850608  ,  3.06117    ,  0.284984   ,  8.96153    ])
547     , -36774.3    , array([ 0.097011   ,  2.98967    ,  0.27969    ,  8.97683    ])
548     , -33964.1    , array([ 0.0981225  ,  2.75229    ,  0.261925   ,  9.03057    ])
likelihood = -33964.11
theta = 3447.57
Optimized parameters = [0.09812254 2.75229125 0.26192512 9.03056516]

Round_2_Replicate_5
549     , -26635.6    , array([ 0.136355   ,  0.597296   ,  0.5855     ,  2.80571    ])
550     , -25471      , array([ 0.123426   ,  0.597296   ,  0.5855     ,  2.80571    ])
551     , -26214.1    , array([ 0.136355   ,  0.582102   ,  0.5855     ,  2.80571    ])
552     , -25894      , array([ 0.136355   ,  0.597296   ,  0.570037   ,  2.80571    ])
553     , -26616.4    , array([ 0.136355   ,  0.597296   ,  0.5855     ,  2.95424    ])
554     , -25449.3    , array([ 0.129729   ,  0.58965    ,  0.577717   ,  2.87902    ])
555     , -24878.3    , array([ 0.126538   ,  0.585863   ,  0.573864   ,  2.91638    ])
556     , -24625.9    , array([ 0.124972   ,  0.583979   ,  0.571947   ,  2.7167     ])
557     , -23695.6    , array([ 0.119642   ,  0.577433   ,  0.565289   ,  2.60519    ])
558     , -23847.2    , array([ 0.117063   ,  0.596815   ,  0.561989   ,  2.7564     ])
559     , -23195.1    , array([ 0.108466   ,  0.581399   ,  0.573144   ,  2.73207    ])
560     , -22089.9    , array([ 0.0967399  ,  0.57361    ,  0.574704   ,  2.69598    ])
likelihood = -22089.89
theta = 9883.37
Optimized parameters = [0.09673988 0.57360987 0.57470447 2.69597758]

Round_2_Replicate_6
561     , -109563     , array([ 1.4009     ,  0.794483   ,  0.530189   ,  6.1462     ])
562     , -110577     , array([ 1.42471    ,  0.794483   ,  0.530189   ,  6.1462     ])
563     , -109397     , array([ 1.4009     ,  0.785396   ,  0.530189   ,  6.1462     ])
564     , -107242     , array([ 1.4009     ,  0.794483   ,  0.513632   ,  6.1462     ])
565     , -109494     , array([ 1.4009     ,  0.794483   ,  0.530189   ,  6.73034    ])
566     , -107271     , array([ 1.37749    ,  0.789926   ,  0.521845   ,  6.43164    ])
567     , -107139     , array([ 1.38914    ,  0.787658   ,  0.517722   ,  6.57929    ])
568     , -105937     , array([ 1.3833     ,  0.784268   ,  0.511599   ,  6.80715    ])
569     , -105450     , array([ 1.38039    ,  0.782578   ,  0.508565   ,  6.04245    ])
570     , -103471     , array([ 1.37025    ,  0.776693   ,  0.498086   ,  5.72534    ])
571     , -102588     , array([ 1.36521    ,  0.787233   ,  0.492928   ,  6.38618    ])
572     , -99254.2    , array([ 1.3477     ,  0.788154   ,  0.475291   ,  6.50966    ])
likelihood = -99254.22
theta = 2856.01
Optimized parameters = [1.34770052 0.78815373 0.4752912  6.50966128]

Round_2_Replicate_7
573     , -13554.9    , array([ 0.213542   ,  1.07463    ,  0.0902905  ,  1.08546    ])
574     , -13099.9    , array([ 0.197677   ,  1.07463    ,  0.0902905  ,  1.08546    ])
575     , -13599.8    , array([ 0.213542   ,  1.0785     ,  0.0902905  ,  1.08546    ])
576     , -12914.2    , array([ 0.213542   ,  1.07463    ,  0.0800616  ,  1.08546    ])
577     , -13515      , array([ 0.213542   ,  1.07463    ,  0.0902905  ,  1.08992    ])
578     , -12929.5    , array([ 0.205456   ,  1.07077    ,  0.0850224  ,  1.08769    ])
579     , -12682.2    , array([ 0.201529   ,  1.0727     ,  0.0825047  ,  1.0888     ])
580     , -12291.5    , array([ 0.195779   ,  1.07173    ,  0.0788673  ,  1.09048    ])
581     , -12164.4    , array([ 0.192966   ,  1.07125    ,  0.0771092  ,  1.08463    ])
582     , -11617.5    , array([ 0.183433   ,  1.06956    ,  0.0712588  ,  1.08199    ])
583     , -11804.2    , array([ 0.200801   ,  1.06872    ,  0.0685022  ,  1.08734    ])
likelihood = -11617.48
theta = 6933.27
Optimized parameters = [0.18343342 1.06956372 0.07125877 1.08198895]

Round_2_Replicate_8
584     , -50110.5    , array([ 0.693995   ,  0.71724    ,  0.345968   ,  2.68334    ])
585     , -49426      , array([ 0.681434   ,  0.71724    ,  0.345968   ,  2.68334    ])
586     , -49920      , array([ 0.693995   ,  0.70542    ,  0.345968   ,  2.68334    ])
587     , -47881.9    , array([ 0.693995   ,  0.71724    ,  0.328086   ,  2.68334    ])
588     , -49915.5    , array([ 0.693995   ,  0.71724    ,  0.345968   ,  2.81909    ])
589     , -48452.3    , array([ 0.687686   ,  0.711306   ,  0.336909   ,  2.75037    ])
590     , -47916.7    , array([ 0.684553   ,  0.726235   ,  0.332468   ,  2.78452    ])
591     , -46967      , array([ 0.67988    ,  0.718732   ,  0.325917   ,  2.63413    ])
592     , -45572.5    , array([ 0.672931   ,  0.719478   ,  0.316332   ,  2.54625    ])
593     , -45522.4    , array([ 0.688078   ,  0.719852   ,  0.311645   ,  2.69578    ])
594     , -43679.7    , array([ 0.691425   ,  0.721162   ,  0.295782   ,  2.70202    ])
likelihood = -43679.66
theta = 4468.87
Optimized parameters = [0.69142478 0.72116166 0.29578243 2.70202304]

Round_2_Replicate_9
595     , -22122.5    , array([ 1.10308    ,  0.669389   ,  0.0755315  ,  3.12873    ])
596     , -22241.1    , array([ 1.1085     ,  0.669389   ,  0.0755315  ,  3.12873    ])
597     , -22084.9    , array([ 1.10308    ,  0.656089   ,  0.0755315  ,  3.12873    ])
598     , -20453.6    , array([ 1.10308    ,  0.669389   ,  0.0663796  ,  3.12873    ])
599     , -21599.7    , array([ 1.10308    ,  0.669389   ,  0.0755315  ,  3.31235    ])
600     , -20860.3    , array([ 1.09768    ,  0.662706   ,  0.0708079  ,  3.21923    ])
601     , -20369.4    , array([ 1.10037    ,  0.659389   ,  0.068558   ,  3.26546    ])
602     , -19550.1    , array([ 1.09902    ,  0.654445   ,  0.0653165  ,  3.33605    ])
603     , -19183.9    , array([ 1.09835    ,  0.671913   ,  0.0637537  ,  3.37192    ])
604     , -17869.8    , array([ 1.096      ,  0.679967   ,  0.0585725  ,  3.50051    ])
605     , -18002      , array([ 1.09482    ,  0.663745   ,  0.0561421  ,  3.2742     ])
likelihood = -17869.8
theta = 3271.5
Optimized parameters = [1.09599675 0.67996735 0.05857253 3.50050906]

Round_2_Replicate_10
606     , -60187.2    , array([ 0.941574   ,  3.73858    ,  0.150599   ,  1.89836    ])
607     , -60066.6    , array([ 0.938744   ,  3.73858    ,  0.150599   ,  1.89836    ])
608     , -61099.2    , array([ 0.941574   ,  3.99339    ,  0.150599   ,  1.89836    ])
609     , -57521.7    , array([ 0.941574   ,  3.73858    ,  0.136998   ,  1.89836    ])
610     , -59596.8    , array([ 0.941574   ,  3.73858    ,  0.150599   ,  1.96019    ])
611     , -57528.9    , array([ 0.940157   ,  3.50003    ,  0.143638   ,  1.92902    ])
612     , -57158.7    , array([ 0.93945    ,  3.61734    ,  0.140278   ,  1.94454    ])
613     , -55688.3    , array([ 0.93839    ,  3.5582     ,  0.135386   ,  1.96805    ])
614     , -55131.9    , array([ 0.942105   ,  3.52899    ,  0.133005   ,  1.97992    ])
615     , -52780.4    , array([ 0.94379    ,  3.42865    ,  0.124994   ,  2.022      ])
616     , -52415.3    , array([ 0.940379   ,  3.37955    ,  0.121172   ,  1.94747    ])
617     , -49253.2    , array([ 0.939782   ,  3.21318    ,  0.10869    ,  1.94114    ])
likelihood = -49253.21
theta = 3017.07
Optimized parameters = [0.93978168 3.2131804  0.10869005 1.94113731]

Round_3_Replicate_1
618     , -5899.87    , array([ 0.573932   ,  0.582292   ,  0.0211312  ,  2.49534    ])
619     , -5625.71    , array([ 0.558217   ,  0.582292   ,  0.0211312  ,  2.49534    ])
620     , -5912.46    , array([ 0.573932   ,  0.566758   ,  0.0211312  ,  2.49534    ])
621     , -5685.66    , array([ 0.573932   ,  0.582292   ,  0.0174249  ,  2.49534    ])
622     , -5628.71    , array([ 0.573932   ,  0.582292   ,  0.0211312  ,  2.61208    ])
623     , -5501.47    , array([ 0.56602    ,  0.598251   ,  0.0191888  ,  2.55305    ])
624     , -5311.92    , array([ 0.562105   ,  0.614648   ,  0.0182856  ,  2.58239    ])
625     , -5232.75    , array([ 0.560158   ,  0.598251   ,  0.01785    ,  2.5972     ])
626     , -4937.13    , array([ 0.553395   ,  0.606394   ,  0.0164058  ,  2.64967    ])
627     , -5069.22    , array([ 0.550044   ,  0.610507   ,  0.0210042  ,  2.6763     ])
628     , -4864.06    , array([ 0.538476   ,  0.625124   ,  0.0172681  ,  2.58794    ])
629     , -4554.08    , array([ 0.521579   ,  0.647707   ,  0.01561    ,  2.57595    ])
630     , -4368.57    , array([ 0.535158   ,  0.659303   ,  0.0148417  ,  2.75241    ])
631     , -3883.66    , array([ 0.523988   ,  0.701547   ,  0.0124384  ,  2.89071    ])
632     , -3921.05    , array([ 0.513121   ,  0.667289   ,  0.0141458  ,  2.81392    ])
633     , -3793.71    , array([ 0.506466   ,  0.702363   ,  0.0101062  ,  2.78411    ])
635     , -3360.5     , array([ 0.481583   ,  0.761028   ,  0.0101554  ,  2.88256    ])
638     , -4104.45    , array([ 0.513754   ,  0.676832   ,  0.013452   ,  2.70593    ])
likelihood = -3360.5
theta = 4497.2
Optimized parameters = [0.48158261 0.76102793 0.01015537 2.88255823]

Round_3_Replicate_2
639     , -3761.94    , array([ 0.29633    ,  0.274066   ,  0.0217069  ,  1.75331    ])
640     , -3451.79    , array([ 0.278846   ,  0.274066   ,  0.0217069  ,  1.75331    ])
641     , -4025.16    , array([ 0.29633    ,  0.25689    ,  0.0217069  ,  1.75331    ])
642     , -3811.55    , array([ 0.29633    ,  0.274066   ,  0.0179237  ,  1.75331    ])
643     , -3733.07    , array([ 0.29633    ,  0.274066   ,  0.0217069  ,  1.80324    ])
644     , -3370.29    , array([ 0.287455   ,  0.29239    ,  0.0197248  ,  1.7781     ])
645     , -3082.01    , array([ 0.283118   ,  0.311939   ,  0.0188027  ,  1.79062    ])
646     , -3208.11    , array([ 0.280974   ,  0.29239    ,  0.0244669  ,  1.79692    ])
647     , -2988.31    , array([ 0.273596   ,  0.302006   ,  0.0214487  ,  1.81913    ])
648     , -2655.08    , array([ 0.262892   ,  0.317027   ,  0.0213207  ,  1.85295    ])
649     , -2530.16    , array([ 0.257699   ,  0.324815   ,  0.021257   ,  1.79298    ])
650     , -2077.2     , array([ 0.240315   ,  0.353612   ,  0.0210355  ,  1.78788    ])
651     , -2138.03    , array([ 0.254233   ,  0.368954   ,  0.0209256  ,  1.86212    ])
652     , -1923.2     , array([ 0.240001   ,  0.388482   ,  0.0171691  ,  1.8496     ])
653     , -1617.89    , array([ 0.221813   ,  0.44779    ,  0.0143824  ,  1.87652    ])
654     , -1426.32    , array([ 0.210825   ,  0.436281   ,  0.0195394  ,  1.90011    ])
655     , -1236.96    , array([ 0.181928   ,  0.515958   ,  0.0199185  ,  1.95733    ])
656     , -1425.37    , array([ 0.188873   ,  0.547644   ,  0.0166556  ,  1.8872     ])
657     , -1498.14    , array([ 0.16834    ,  0.573304   ,  0.0151398  ,  1.89051    ])
likelihood = -1236.96
theta = 7017.76
Optimized parameters = [0.18192758 0.51595801 0.01991852 1.95733123]

Round_3_Replicate_3
658     , -27881      , array([ 0.082817   ,  4.19757    ,  0.0788031  ,  0.66047    ])
659     , -27942.2    , array([ 0.0731182  ,  4.19757    ,  0.0788031  ,  0.66047    ])
660     , -28318.1    , array([ 0.082817   ,  4.50971    ,  0.0788031  ,  0.66047    ])
661     , -27504.3    , array([ 0.082817   ,  4.19757    ,  0.0694017  ,  0.66047    ])
662     , -27977.6    , array([ 0.082817   ,  4.19757    ,  0.0788031  ,  0.646913   ])
663     , -27302.2    , array([ 0.0778166  ,  3.90704    ,  0.0739532  ,  0.653657   ])
664     , -26786.9    , array([ 0.0754308  ,  3.63662    ,  0.0716413  ,  0.650276   ])
665     , -27094.8    , array([ 0.0742655  ,  3.90704    ,  0.0705126  ,  0.669087   ])
666     , -26707.6    , array([ 0.0847739  ,  3.76941    ,  0.0667005  ,  0.659615   ])
667     , -26136.3    , array([ 0.091281   ,  3.572      ,  0.0613651  ,  0.659187   ])
668     , -25904.8    , array([ 0.0785776  ,  3.4772     ,  0.0588597  ,  0.658974   ])
669     , -24984.9    , array([ 0.0765399  ,  3.16479    ,  0.0508693  ,  0.658227   ])
670     , -24869.6    , array([ 0.075541   ,  3.01928    ,  0.0572181  ,  0.657854   ])
671     , -23462.1    , array([ 0.0721464  ,  2.56068    ,  0.0519535  ,  0.656549   ])
672     , -23535      , array([ 0.0830288  ,  2.62607    ,  0.0483405  ,  0.643268   ])
673     , -22297.6    , array([ 0.0857644  ,  2.39751    ,  0.039083   ,  0.6583     ])
674     , -20048.1    , array([ 0.0914505  ,  1.94667    ,  0.0288669  ,  0.662349   ])
675     , -19836.2    , array([ 0.0709379  ,  1.80194    ,  0.0312946  ,  0.650956   ])
676     , -16510.8    , array([ 0.0625356  ,  1.27983    ,  0.0223482  ,  0.64688    ])
677     , -16228.5    , array([ 0.0764698  ,  1.29333    ,  0.0250224  ,  0.646263   ])
678     , -11172      , array([ 0.0764348  ,  0.826782   ,  0.0175495  ,  0.640363   ])
likelihood = -11171.98
theta = 9140.31
Optimized parameters = [0.07643482 0.82678222 0.01754954 0.64036268]

Round_3_Replicate_4
679     , -5218.97    , array([ 0.240694   ,  0.35232    ,  0.0221348  ,  0.73846    ])
680     , -4610.4     , array([ 0.22415    ,  0.35232    ,  0.0221348  ,  0.73846    ])
681     , -5049.79    , array([ 0.240694   ,  0.334413   ,  0.0221348  ,  0.73846    ])
682     , -5155.23    , array([ 0.240694   ,  0.35232    ,  0.0182948  ,  0.73846    ])
683     , -5346.58    , array([ 0.240694   ,  0.35232    ,  0.0221348  ,  0.72735    ])
684     , -4671.63    , array([ 0.232274   ,  0.34325    ,  0.0201234  ,  0.74974    ])
685     , -4529.95    , array([ 0.228176   ,  0.338803   ,  0.0191874  ,  0.744078   ])
686     , -4229.59    , array([ 0.222163   ,  0.33224    ,  0.0178643  ,  0.746904   ])
687     , -4142.5     , array([ 0.219217   ,  0.329007   ,  0.0229398  ,  0.74832    ])
688     , -3714.84    , array([ 0.209208   ,  0.317935   ,  0.0256874  ,  0.7533     ])
689     , -3645.61    , array([ 0.204376   ,  0.337975   ,  0.0204252  ,  0.755802   ])
690     , -3132.38    , array([ 0.188327   ,  0.339771   ,  0.0196206  ,  0.764625   ])
691     , -3192.48    , array([ 0.190699   ,  0.327602   ,  0.0221842  ,  0.751785   ])
692     , -2727.26    , array([ 0.182271   ,  0.307769   ,  0.0201909  ,  0.770124   ])
693     , -2186.88    , array([ 0.164364   ,  0.287653   ,  0.019284   ,  0.786461   ])
694     , -2088.74    , array([ 0.15818    ,  0.303681   ,  0.0259927  ,  0.78132    ])
695     , -1538.27    , array([ 0.133472   ,  0.290335   ,  0.0313534  ,  0.799119   ])
696     , -1705.9     , array([ 0.134169   ,  0.303258   ,  0.019971   ,  0.797898   ])
697     , -1476.6     , array([ 0.123462   ,  0.283163   ,  0.0219408  ,  0.823662   ])
698     , -1438.97    , array([ 0.0993399  ,  0.263258   ,  0.02182    ,  0.862138   ])
likelihood = -1438.97
theta = 11635.97
Optimized parameters = [0.09933986 0.26325812 0.02182003 0.86213777]

Round_3_Replicate_5
699     , -13896.8    , array([ 0.150475   ,  0.909314   ,  0.22588    ,  2.52378    ])
700     , -13507.8    , array([ 0.136879   ,  0.909314   ,  0.22588    ,  2.52378    ])
701     , -13832.2    , array([ 0.150475   ,  0.905002   ,  0.22588    ,  2.52378    ])
702     , -12840.3    , array([ 0.150475   ,  0.909314   ,  0.209687   ,  2.52378    ])
703     , -13791.2    , array([ 0.150475   ,  0.909314   ,  0.22588    ,  2.64335    ])
704     , -13078.8    , array([ 0.143516   ,  0.907155   ,  0.217633   ,  2.58287    ])
705     , -12788.4    , array([ 0.140158   ,  0.912561   ,  0.213623   ,  2.61294    ])
706     , -12315.9    , array([ 0.135268   ,  0.916365   ,  0.207746   ,  2.65869    ])
707     , -12155.6    , array([ 0.132888   ,  0.911748   ,  0.204869   ,  2.50197    ])
708     , -11484.8    , array([ 0.124881   ,  0.912968   ,  0.195108   ,  2.43415    ])
709     , -11348.4    , array([ 0.139537   ,  0.913579   ,  0.190403   ,  2.57355    ])
710     , -10391.1    , array([ 0.140886   ,  0.915718   ,  0.174813   ,  2.5988     ])
711     , -10515.3    , array([ 0.131859   ,  0.920064   ,  0.177114   ,  2.52241    ])
712     , -9828.08    , array([ 0.117726   ,  0.92329    ,  0.168945   ,  2.58077    ])
713     , -8842.17    , array([ 0.10413    ,  0.930359   ,  0.151646   ,  2.60975    ])
714     , -8622.07    , array([ 0.114902   ,  0.923155   ,  0.145691   ,  2.42717    ])
715     , -7501.46    , array([ 0.1059     ,  0.926569   ,  0.122006   ,  2.31908    ])
716     , -7276.35    , array([ 0.114612   ,  0.933466   ,  0.122672   ,  2.58765    ])
717     , -5973.44    , array([ 0.109798   ,  0.943887   ,  0.0972701  ,  2.668      ])
718     , -6288.19    , array([ 0.0990502  ,  0.938182   ,  0.100146   ,  2.56815    ])
likelihood = -5973.44
theta = 6029.87
Optimized parameters = [0.10979834 0.94388699 0.09727009 2.66799551]

Round_4_Replicate_1
719     , -5487.89    , array([ 0.360693   ,  0.295723   ,  0.0125841  ,  1.36845    ])
720     , -5060.69    , array([ 0.342764   ,  0.295723   ,  0.0125841  ,  1.36845    ])
721     , -5697.27    , array([ 0.360693   ,  0.278246   ,  0.0125841  ,  1.36845    ])
722     , -5525.64    , array([ 0.360693   ,  0.295723   ,  0.0101114  ,  1.36845    ])
723     , -5432.43    , array([ 0.360693   ,  0.295723   ,  0.0125841  ,  1.39008    ])
724     , -5076.24    , array([ 0.351614   ,  0.314298   ,  0.0112802  ,  1.37922    ])
725     , -5013.31    , array([ 0.347161   ,  0.304869   ,  0.0148279  ,  1.38464    ])
726     , -4793.81    , array([ 0.340586   ,  0.309547   ,  0.0179561  ,  1.39281    ])
727     , -4693.02    , array([ 0.337345   ,  0.311914   ,  0.0142319  ,  1.39691    ])
728     , -4332.23    , array([ 0.326245   ,  0.320338   ,  0.0151351  ,  1.41136    ])
729     , -4231.26    , array([ 0.320832   ,  0.324635   ,  0.015608   ,  1.38566    ])
730     , -3728.21    , array([ 0.302585   ,  0.340135   ,  0.0173823  ,  1.38345    ])
731     , -3908.18    , array([ 0.305309   ,  0.317757   ,  0.0216145  ,  1.39871    ])
732     , -3493.6     , array([ 0.295586   ,  0.35007    ,  0.0253924  ,  1.42522    ])
733     , -3101.62    , array([ 0.274492   ,  0.380882   ,  0.0360699  ,  1.45448    ])
734     , -2812.6     , array([ 0.267057   ,  0.370975   ,  0.0252221  ,  1.43096    ])
735     , -2229.87    , array([ 0.236479   ,  0.40612    ,  0.0298928  ,  1.45043    ])
736     , -2514.89    , array([ 0.237362   ,  0.403633   ,  0.042053   ,  1.43156    ])
737     , -2345.16    , array([ 0.22364    ,  0.458613   ,  0.0410735  ,  1.46138    ])
738     , -3158.44    , array([ 0.193996   ,  0.497494   ,  0.0785104  ,  1.51853    ])
739     , -2505.65    , array([ 0.216799   ,  0.45238    ,  0.0538545  ,  1.48357    ])
740     , -2065.28    , array([ 0.190054   ,  0.484178   ,  0.0462306  ,  1.45875    ])
741     , -2294.81    , array([ 0.158143   ,  0.545899   ,  0.0523385  ,  1.46089    ])
742     , -2069.12    , array([ 0.196665   ,  0.5004     ,  0.041576   ,  1.49611    ])
743     , -1885.85    , array([ 0.205076   ,  0.469578   ,  0.0285251  ,  1.44975    ])
744     , -1843.24    , array([ 0.199455   ,  0.478421   ,  0.0207601  ,  1.43312    ])
745     , -1662.59    , array([ 0.187745   ,  0.473094   ,  0.0265902  ,  1.45747    ])
746     , -1563       , array([ 0.17202    ,  0.480505   ,  0.0213945  ,  1.45552    ])
likelihood = -1563.0
theta = 8011.05
Optimized parameters = [0.1720199  0.48050487 0.02139449 1.45552123]

Round_4_Replicate_2
747     , -1406.5     , array([ 0.166308   ,  0.318706   ,  0.0320119  ,  1.3278     ])
748     , -1263.83    , array([ 0.152041   ,  0.318706   ,  0.0320119  ,  1.3278     ])
749     , -1485.42    , array([ 0.166308   ,  0.300995   ,  0.0320119  ,  1.3278     ])
750     , -1450.5     , array([ 0.166308   ,  0.318706   ,  0.0269512  ,  1.3278     ])
751     , -1399.63    , array([ 0.166308   ,  0.318706   ,  0.0320119  ,  1.34675    ])
752     , -1293.61    , array([ 0.159014   ,  0.337459   ,  0.0293728  ,  1.33724    ])
753     , -1241.08    , array([ 0.155488   ,  0.327949   ,  0.0364219  ,  1.34199    ])
754     , -1177.16    , array([ 0.150345   ,  0.33267    ,  0.0423404  ,  1.34914    ])
755     , -1161.78    , array([ 0.147838   ,  0.335056   ,  0.0352655  ,  1.35273    ])
756     , -1085.59    , array([ 0.139387   ,  0.343542   ,  0.0370143  ,  1.36538    ])
757     , -1067.67    , array([ 0.135344   ,  0.347866   ,  0.0379209  ,  1.34288    ])
758     , -1038.76    , array([ 0.122097   ,  0.363432   ,  0.0412726  ,  1.34095    ])
759     , -1006.59    , array([ 0.124037   ,  0.340944   ,  0.0489897  ,  1.35431    ])
760     , -1029.15    , array([ 0.109549   ,  0.3427     ,  0.063268   ,  1.36292    ])
761     , -1076.86    , array([ 0.117172   ,  0.373387   ,  0.0556075  ,  1.37749    ])
762     , -1110.66    , array([ 0.104607   ,  0.378974   ,  0.0481814  ,  1.36986    ])
763     , -1036       , array([ 0.114536   ,  0.366826   ,  0.0466496  ,  1.36465    ])
764     , -1179.11    , array([ 0.10228    ,  0.379212   ,  0.0618735  ,  1.35322    ])
765     , -1028       , array([ 0.129007   ,  0.352132   ,  0.0420875  ,  1.36233    ])
766     , -1060.39    , array([ 0.127668   ,  0.338826   ,  0.0358303  ,  1.33391    ])
767     , -1027.12    , array([ 0.124959   ,  0.347154   ,  0.0399918  ,  1.34468    ])
768     , -1000.97    , array([ 0.123946   ,  0.340222   ,  0.04752    ,  1.37217    ])
769     , -1002.96    , array([ 0.124882   ,  0.329179   ,  0.0509898  ,  1.38805    ])
770     , -1082.48    , array([ 0.137449   ,  0.324621   ,  0.0424331  ,  1.35204    ])
771     , -1012.26    , array([ 0.119879   ,  0.355786   ,  0.0455577  ,  1.36149    ])
772     , -993.657    , array([ 0.117634   ,  0.339917   ,  0.0489333  ,  1.35393    ])
773     , -988.953    , array([ 0.112329   ,  0.333969   ,  0.052763   ,  1.34976    ])
774     , -1003.63    , array([ 0.115145   ,  0.33818    ,  0.0591514  ,  1.37429    ])
775     , -998.358    , array([ 0.11763    ,  0.321707   ,  0.0591665  ,  1.36369    ])
likelihood = -988.95
theta = 9670.31
Optimized parameters = [0.11232943 0.33396883 0.05276301 1.34975515]

Round_4_Replicate_3
776     , -1511.34    , array([ 0.121256   ,  0.329206   ,  0.0152699  ,  1.18045    ])
777     , -1574.28    , array([ 0.109116   ,  0.329206   ,  0.0152699  ,  1.18045    ])
778     , -1562.43    , array([ 0.121256   ,  0.311416   ,  0.0152699  ,  1.18045    ])
779     , -1642.15    , array([ 0.121256   ,  0.329206   ,  0.0123888  ,  1.18045    ])
780     , -1513.27    , array([ 0.121256   ,  0.329206   ,  0.0152699  ,  1.19028    ])
781     , -1422.06    , array([ 0.115026   ,  0.320188   ,  0.0188211  ,  1.18535    ])
782     , -1314.8     , array([ 0.112032   ,  0.315771   ,  0.0231982  ,  1.18781    ])
783     , -1421.54    , array([ 0.12952    ,  0.313586   ,  0.0188211  ,  1.18905    ])
784     , -1321.4     , array([ 0.120459   ,  0.332653   ,  0.0208953  ,  1.19337    ])
785     , -1260.15    , array([ 0.120063   ,  0.31632    ,  0.0244431  ,  1.18505    ])
786     , -1152.86    , array([ 0.11947    ,  0.310068   ,  0.0309254  ,  1.18244    ])
787     , -1108.72    , array([ 0.119175   ,  0.306988   ,  0.0347852  ,  1.19592    ])
788     , -1025.7     , array([ 0.118148   ,  0.296447   ,  0.0525016  ,  1.20374    ])
789     , -1014.08    , array([ 0.106561   ,  0.313348   ,  0.0471357  ,  1.19459    ])
790     , -1064.13    , array([ 0.0966558  ,  0.313229   ,  0.0745937  ,  1.19737    ])
791     , -1003.82    , array([ 0.107764   ,  0.286689   ,  0.063767   ,  1.19087    ])
792     , -1283.91    , array([ 0.101928   ,  0.266146   ,  0.111396   ,  1.18962    ])
793     , -1273.51    , array([ 0.113642   ,  0.287772   ,  0.0952277  ,  1.19797    ])
794     , -1033.65    , array([ 0.113237   ,  0.29453    ,  0.0669015  ,  1.19543    ])
795     , -1271.65    , array([ 0.103749   ,  0.285628   ,  0.105066   ,  1.21001    ])
796     , -1044.98    , array([ 0.11533    ,  0.303768   ,  0.0419857  ,  1.18927    ])
797     , -1056.31    , array([ 0.107474   ,  0.291551   ,  0.0773884  ,  1.20306    ])
798     , -1012.4     , array([ 0.113314   ,  0.300667   ,  0.048921   ,  1.1927     ])
799     , -1049.97    , array([ 0.109497   ,  0.303813   ,  0.0415309  ,  1.1955     ])
800     , -1005.49    , array([ 0.11229    ,  0.296824   ,  0.059384   ,  1.19544    ])
801     , -995.702    , array([ 0.10231    ,  0.302039   ,  0.0562837  ,  1.18315    ])
802     , -1020.95    , array([ 0.0952063  ,  0.304874   ,  0.0582757  ,  1.17299    ])
803     , -1036.16    , array([ 0.111151   ,  0.280544   ,  0.0685049  ,  1.18649    ])
804     , -997.808    , array([ 0.10769    ,  0.304804   ,  0.0517539  ,  1.19256    ])
805     , -1000.72    , array([ 0.1019     ,  0.294382   ,  0.0678892  ,  1.18829    ])
likelihood = -995.7
theta = 10453.08
Optimized parameters = [0.10231044 0.30203911 0.05628369 1.18315035]

Round_4_Replicate_4
806     , -5860.59    , array([ 0.342902   ,  0.612528   ,  0.0134514  ,  1.27701    ])
807     , -5444.39    , array([ 0.325034   ,  0.612528   ,  0.0134514  ,  1.27701    ])
808     , -5740.85    , array([ 0.342902   ,  0.597699   ,  0.0134514  ,  1.27701    ])
809     , -5803.45    , array([ 0.342902   ,  0.612528   ,  0.0108444  ,  1.27701    ])
810     , -5754.57    , array([ 0.342902   ,  0.612528   ,  0.0134514  ,  1.29272    ])
811     , -5506.49    , array([ 0.333849   ,  0.605068   ,  0.0120778  ,  1.28484    ])
812     , -5437.61    , array([ 0.329412   ,  0.601372   ,  0.0158102  ,  1.28878    ])
813     , -5301.79    , array([ 0.322867   ,  0.595871   ,  0.0190899  ,  1.2947     ])
814     , -5221.55    , array([ 0.319644   ,  0.593139   ,  0.0151843  ,  1.27409    ])
815     , -4972.86    , array([ 0.308613   ,  0.583675   ,  0.0161328  ,  1.26487    ])
816     , -4892.27    , array([ 0.303241   ,  0.600682   ,  0.016629   ,  1.28362    ])
817     , -4543.61    , array([ 0.285165   ,  0.602179   ,  0.0184891  ,  1.28693    ])
818     , -4696.72    , array([ 0.28786    ,  0.591948   ,  0.0229146  ,  1.27683    ])
819     , -4423.21    , array([ 0.278246   ,  0.574831   ,  0.0268537  ,  1.28457    ])
820     , -4187.41    , array([ 0.257442   ,  0.556861   ,  0.0379423  ,  1.28836    ])
821     , -3896.6     , array([ 0.250128   ,  0.571231   ,  0.0266764  ,  1.26391    ])
822     , -3420.24    , array([ 0.220156   ,  0.559295   ,  0.0315346  ,  1.2488     ])
823     , -3789.42    , array([ 0.221019   ,  0.570856   ,  0.0441327  ,  1.28547    ])
824     , -3355.17    , array([ 0.207628   ,  0.55276    ,  0.0431203  ,  1.27773    ])
825     , -3143.31    , array([ 0.176335   ,  0.534151   ,  0.0591516  ,  1.27819    ])
826     , -4035.12    , array([ 0.164813   ,  0.511757   ,  0.0955879  ,  1.26339    ])
827     , -3213.01    , array([ 0.146072   ,  0.530519   ,  0.0739324  ,  1.2497     ])
828     , -3370.62    , array([ 0.214803   ,  0.587764   ,  0.0258091  ,  1.26747    ])
829     , -2587.07    , array([ 0.157909   ,  0.53466    ,  0.0427484  ,  1.23695    ])
830     , -2294.11    , array([ 0.133474   ,  0.517431   ,  0.0420726  ,  1.21339    ])
831     , -2773.58    , array([ 0.123436   ,  0.524891   ,  0.0691033  ,  1.2551     ])
likelihood = -2294.11
theta = 8719.03
Optimized parameters = [0.13347401 0.51743116 0.04207258 1.21338737]

Round_4_Replicate_5
832     , -3684.78    , array([ 0.100087   ,  0.358808   ,  0.0117327  ,  2.79531    ])
833     , -4053.95    , array([ 0.089207   ,  0.358808   ,  0.0117327  ,  2.79531    ])
834     , -3875.23    , array([ 0.100087   ,  0.340883   ,  0.0117327  ,  2.79531    ])
836     , -3892.49    , array([ 0.100087   ,  0.358808   ,  0.0117327  ,  2.94273    ])
837     , -3765.84    , array([ 0.0944908  ,  0.349731   ,  0.0146531  ,  2.86807    ])
838     , -3585.57    , array([ 0.10911    ,  0.345278   ,  0.0131118  ,  2.90516    ])
839     , -3398.14    , array([ 0.12067    ,  0.338706   ,  0.013861   ,  2.9617     ])
840     , -3458.72    , array([ 0.106781   ,  0.335467   ,  0.0142516  ,  2.7685     ])
841     , -3253.38    , array([ 0.110294   ,  0.350291   ,  0.015707   ,  2.9005     ])
842     , -2944.95    , array([ 0.115781   ,  0.355092   ,  0.0181736  ,  2.95457    ])
843     , -3048.1     , array([ 0.12932    ,  0.344036   ,  0.0140062  ,  2.86922    ])
844     , -2818.25    , array([ 0.138777   ,  0.328358   ,  0.0191123  ,  2.98258    ])
845     , -2559.08    , array([ 0.163413   ,  0.314116   ,  0.0243932  ,  3.08088    ])
846     , -2560.06    , array([ 0.160916   ,  0.339844   ,  0.020585   ,  3.17682    ])
847     , -2201.78    , array([ 0.164436   ,  0.337159   ,  0.0257926  ,  3.07555    ])
848     , -1905.43    , array([ 0.191953   ,  0.336388   ,  0.035184   ,  3.1341     ])
849     , -1969.62    , array([ 0.186936   ,  0.328224   ,  0.040456   ,  3.31798    ])
850     , -2796.78    , array([ 0.265308   ,  0.305737   ,  0.0465193  ,  3.41454    ])
851     , -2256.39    , array([ 0.215637   ,  0.317393   ,  0.0367777  ,  3.29324    ])
852     , -2248.82    , array([ 0.220978   ,  0.308723   ,  0.0548959  ,  3.23332    ])
853     , -2667.44    , array([ 0.253042   ,  0.33113    ,  0.0694957  ,  3.4155     ])
854     , -2211.02    , array([ 0.18229    ,  0.318286   ,  0.0316914  ,  3.16133    ])
855     , -1809.79    , array([ 0.17631    ,  0.328172   ,  0.0427878  ,  3.13061    ])
856     , -1653.75    , array([ 0.159425   ,  0.333698   ,  0.0461517  ,  3.05234    ])
857     , -2183.66    , array([ 0.146135   ,  0.350769   ,  0.0262838  ,  3.0981     ])
likelihood = -1653.75
theta = 6556.67
Optimized parameters = [0.15942478 0.33369822 0.04615166 3.05233718]

Round_1_Replicate_1
1723    , -191434     , array([ 0.244619   ,  3.71222    ,  4.23793    ,  0.327467   ])
1724    , -185354     , array([ 0.22799    ,  3.71222    ,  4.23793    ,  0.327467   ])
1725    , -191875     , array([ 0.244619   ,  3.96384    ,  4.23793    ,  0.327467   ])
1726    , -198044     , array([ 0.244619   ,  3.71222    ,  4.55524    ,  0.327467   ])
1727    , -191321     , array([ 0.244619   ,  3.71222    ,  4.23793    ,  0.309689   ])
1728    , -182098     , array([ 0.236158   ,  3.83597    ,  3.94272    ,  0.318454   ])
1729    , -174414     , array([ 0.232038   ,  3.89938    ,  3.66808    ,  0.314041   ])
1730    , -179330     , array([ 0.230005   ,  3.56314    ,  3.94272    ,  0.311857   ])
likelihood = -174414.37
theta = 6742.53
Optimized parameters = [0.23203783 3.89937766 3.66807676 0.31404081]

Round_1_Replicate_2
1731    , -203585     , array([ 0.232446   ,  0.389697   ,  7.36054    ,  0.412664   ])
1732    , -198086     , array([ 0.216092   ,  0.389697   ,  7.36054    ,  0.412664   ])
1733    , -202424     , array([ 0.232446   ,  0.371761   ,  7.36054    ,  0.412664   ])
1734    , -213335     , array([ 0.232446   ,  0.389697   ,  8.13308    ,  0.412664   ])
1735    , -203559     , array([ 0.232446   ,  0.389697   ,  7.36054    ,  0.394799   ])
1736    , -190582     , array([ 0.22412    ,  0.380623   ,  6.66138    ,  0.403633   ])
1737    , -179369     , array([ 0.220069   ,  0.376166   ,  6.02863    ,  0.399192   ])
1738    , -188100     , array([ 0.218072   ,  0.373957   ,  6.66138    ,  0.396989   ])
likelihood = -179369.42
theta = 9812.9
Optimized parameters = [0.22006936 0.37616609 6.02862962 0.39919167]

Round_1_Replicate_3
1739    , -50541      , array([ 0.518803   ,  1.20267    ,  0.344334   ,  1.59164    ])
1740    , -49478.1    , array([ 0.502057   ,  1.20267    ,  0.344334   ,  1.59164    ])
1741    , -50701.3    , array([ 0.518803   ,  1.21382    ,  0.344334   ,  1.59164    ])
1742    , -48572.1    , array([ 0.518803   ,  1.20267    ,  0.326459   ,  1.59164    ])
1743    , -50364.7    , array([ 0.518803   ,  1.20267    ,  0.344334   ,  1.62906    ])
1744    , -48771      , array([ 0.510361   ,  1.19163    ,  0.335278   ,  1.61024    ])
1745    , -48060.9    , array([ 0.506192   ,  1.19714    ,  0.330839   ,  1.61962    ])
1746    , -46858.1    , array([ 0.500002   ,  1.19438    ,  0.324291   ,  1.6338     ])
likelihood = -46858.09
theta = 4917.94
Optimized parameters = [0.50000176 1.19438016 0.32429125 1.63379838]

Round_1_Replicate_4
1747    , -240193     , array([ 4.04288    ,  0.176455   ,  3.41713    ,  2.16842    ])
1748    , -241337     , array([ 4.33536    ,  0.176455   ,  3.41713    ,  2.16842    ])
1749    , -236722     , array([ 4.04288    ,  0.161795   ,  3.41713    ,  2.16842    ])
1750    , -243782     , array([ 4.04288    ,  0.176455   ,  3.63366    ,  2.16842    ])
1751    , -240194     , array([ 4.04288    ,  0.176455   ,  3.41713    ,  2.25398    ])
1752    , -235505     , array([ 4.18657    ,  0.168966   ,  3.2135     ,  2.21079    ])
1753    , -231460     , array([ 4.26031    ,  0.165342   ,  3.02201    ,  2.23228    ])
1754    , -232886     , array([ 3.87018    ,  0.163559   ,  3.2135     ,  2.2431     ])
likelihood = -231460.49
theta = 3201.24
Optimized parameters = [4.26031372 0.16534206 3.02200608 2.23227906]

Round_1_Replicate_5
1755    , -209784     , array([ 0.909099   ,  2.39118    ,  0.531445   ,  0.147445   ])
1756    , -209396     , array([ 0.904778   ,  2.39118    ,  0.531445   ,  0.147445   ])
1757    , -210946     , array([ 0.909099   ,  2.49772    ,  0.531445   ,  0.147445   ])
1758    , -209135     , array([ 0.909099   ,  2.39118    ,  0.51491    ,  0.147445   ])
1759    , -217640     , array([ 0.909099   ,  2.39118    ,  0.531445   ,  0.133987   ])
1760    , -202200     , array([ 0.906936   ,  2.44387    ,  0.523112   ,  0.162256   ])
1761    , -194813     , array([ 0.905856   ,  2.47065    ,  0.518995   ,  0.178553   ])
1762    , -200482     , array([ 0.905317   ,  2.32692    ,  0.516948   ,  0.162256   ])
likelihood = -194813.41
theta = 5329.77
Optimized parameters = [0.90585622 2.47064604 0.51899468 0.17855331]

Round_1_Replicate_6
1763    , -152623     , array([ 0.467491   ,  0.316744   ,  2.62296    ,  1.37478    ])
1764    , -150130     , array([ 0.450052   ,  0.316744   ,  2.62296    ,  1.37478    ])
1765    , -151432     , array([ 0.467491   ,  0.29905    ,  2.62296    ,  1.37478    ])
1766    , -156784     , array([ 0.467491   ,  0.316744   ,  2.75253    ,  1.37478    ])
1767    , -152625     , array([ 0.467491   ,  0.316744   ,  2.62296    ,  1.39683    ])
1768    , -146671     , array([ 0.458689   ,  0.30777    ,  2.49949    ,  1.38576    ])
1769    , -141694     , array([ 0.45435    ,  0.303378   ,  2.38184    ,  1.39129    ])
1770    , -145307     , array([ 0.452195   ,  0.301206   ,  2.49949    ,  1.36117    ])
likelihood = -141694.41
theta = 8008.17
Optimized parameters = [0.45434957 0.30337832 2.3818402  1.39128808]

Round_1_Replicate_7
1771    , -342980     , array([ 6.4105     ,  2.95318    ,  1.94287    ,  0.478246   ])
1772    , -345507     , array([ 7.03455    ,  2.95318    ,  1.94287    ,  0.478246   ])
1773    , -346185     , array([ 6.4105     ,  3.11748    ,  1.94287    ,  0.478246   ])
1774    , -345356     , array([ 6.4105     ,  2.95318    ,  2.00847    ,  0.478246   ])
1775    , -343448     , array([ 6.4105     ,  2.95318    ,  1.94287    ,  0.460929   ])
1776    , -342445     , array([ 6.71528    ,  2.79753    ,  1.9754     ,  0.469508   ])
1777    , -340523     , array([ 6.87306    ,  2.65009    ,  1.99186    ,  0.465199   ])
1778    , -340619     , array([ 6.0489     ,  2.79753    ,  2.00015    ,  0.463059   ])
likelihood = -340522.65
theta = 2250.51
Optimized parameters = [6.87306382 2.65008936 1.99186441 0.46519869]

Round_1_Replicate_8
1779    , -327235     , array([ 5.0034     ,  0.489507   ,  6.00313    ,  3.59407    ])
1780    , -328316     , array([ 5.42286    ,  0.489507   ,  6.00313    ,  3.59407    ])
1781    , -325422     , array([ 5.0034     ,  0.472331   ,  6.00313    ,  3.59407    ])
1782    , -333208     , array([ 5.0034     ,  0.489507   ,  6.56593    ,  3.59407    ])
1783    , -327320     , array([ 5.0034     ,  0.489507   ,  6.00313    ,  3.83147    ])
1784    , -320959     , array([ 5.20891    ,  0.480843   ,  5.48856    ,  3.71087    ])
1785    , -314847     , array([ 5.31481    ,  0.476568   ,  5.01811    ,  3.77069    ])
1786    , -318992     , array([ 4.75788    ,  0.474445   ,  5.48856    ,  3.80096    ])
likelihood = -314847.4
theta = 2402.24
Optimized parameters = [5.31481277 0.47656797 5.01810653 3.77068901]

Round_1_Replicate_9
1787    , -68741.7    , array([ 0.520835   ,  1.5253     ,  0.158556   ,  0.424017   ])
1788    , -67105.9    , array([ 0.504122   ,  1.5253     ,  0.158556   ,  0.424017   ])
1789    , -69106.4    , array([ 0.520835   ,  1.55784    ,  0.158556   ,  0.424017   ])
1790    , -67690      , array([ 0.520835   ,  1.5253     ,  0.144608   ,  0.424017   ])
1791    , -70819.1    , array([ 0.520835   ,  1.5253     ,  0.158556   ,  0.406211   ])
1792    , -65564.2    , array([ 0.51241    ,  1.54148    ,  0.151422   ,  0.442602   ])
1793    , -63061.5    , array([ 0.508249   ,  1.54964    ,  0.147976   ,  0.462003   ])
1794    , -64178      , array([ 0.506181   ,  1.50531    ,  0.146282   ,  0.442602   ])
likelihood = -63061.54
theta = 5742.27
Optimized parameters = [0.50824905 1.54963785 0.14797584 0.46200289]

Round_1_Replicate_10
1795    , -145018     , array([ 0.359792   ,  0.439144   ,  2.70866    ,  1.28021    ])
1796    , -141599     , array([ 0.341865   ,  0.439144   ,  2.70866    ,  1.28021    ])
1797    , -144106     , array([ 0.359792   ,  0.421442   ,  2.70866    ,  1.28021    ])
1798    , -149415     , array([ 0.359792   ,  0.439144   ,  2.84703    ,  1.28021    ])
1799    , -145022     , array([ 0.359792   ,  0.439144   ,  2.70866    ,  1.29612    ])
1800    , -138528     , array([ 0.350714   ,  0.430202   ,  2.57701    ,  1.28814    ])
1801    , -133206     , array([ 0.346261   ,  0.425799   ,  2.45176    ,  1.29212    ])
1802    , -136923     , array([ 0.344056   ,  0.423615   ,  2.57701    ,  1.27036    ])
likelihood = -133205.63
theta = 8313.28
Optimized parameters = [0.34626138 0.42579914 2.45176446 1.29212022]

Round_2_Replicate_1
1803    , -35881.9    , array([ 0.912368   ,  1.90309    ,  0.138244   ,  4.19745    ])
1804    , -35764.6    , array([ 0.908194   ,  1.90309    ,  0.138244   ,  4.19745    ])
1805    , -36349      , array([ 0.912368   ,  1.96532    ,  0.138244   ,  4.19745    ])
1806    , -33103.9    , array([ 0.912368   ,  1.90309    ,  0.125221   ,  4.19745    ])
1807    , -35295.6    , array([ 0.912368   ,  1.90309    ,  0.138244   ,  4.50956    ])
1808    , -33652.7    , array([ 0.910279   ,  1.84284    ,  0.131571   ,  4.35071    ])
1809    , -33010.8    , array([ 0.909236   ,  1.87272    ,  0.128357   ,  4.42942    ])
1810    , -31633.6    , array([ 0.907674   ,  1.85772    ,  0.123682   ,  4.55018    ])
1811    , -31118.7    , array([ 0.913153   ,  1.85026    ,  0.121409   ,  4.61178    ])
1812    , -28951.8    , array([ 0.915643   ,  1.8244     ,  0.113777   ,  4.83404    ])
1813    , -28645.4    , array([ 0.910605   ,  1.8116     ,  0.110142   ,  4.44434    ])
1814    , -25817      , array([ 0.909725   ,  1.76752    ,  0.0983124  ,  4.41208    ])
likelihood = -25817.01
theta = 2756.4
Optimized parameters = [0.90972471 1.76752401 0.09831243 4.41208451]

Round_2_Replicate_2
1815    , -56792.7    , array([ 0.295566   ,  1.67823    ,  0.544267   ,  4.60724    ])
1816    , -55338.1    , array([ 0.278091   ,  1.67823    ,  0.544267   ,  4.60724    ])
1817    , -57288.6    , array([ 0.295566   ,  1.72224    ,  0.544267   ,  4.60724    ])
1818    , -55495.5    , array([ 0.295566   ,  1.67823    ,  0.527962   ,  4.60724    ])
1819    , -56753.5    , array([ 0.295566   ,  1.67823    ,  0.544267   ,  4.97294    ])
1820    , -54896.7    , array([ 0.286695   ,  1.63534    ,  0.536053   ,  4.7866     ])
1821    , -53715.7    , array([ 0.28236    ,  1.59355    ,  0.531992   ,  4.87888    ])
1822    , -53879.7    , array([ 0.280217   ,  1.63534    ,  0.529973   ,  4.92569    ])
1823    , -52529.7    , array([ 0.272845   ,  1.61431    ,  0.522968   ,  4.54173    ])
1824    , -50529      , array([ 0.262148   ,  1.58327    ,  0.512632   ,  4.34036    ])
1825    , -51288.7    , array([ 0.256958   ,  1.56798    ,  0.531234   ,  4.75812    ])
likelihood = -50529.04
theta = 4800.14
Optimized parameters = [0.26214784 1.58327261 0.5126325  4.34035802]

Round_2_Replicate_3
1826    , -40276.2    , array([ 0.152558   ,  2.01852    ,  0.413122   ,  5.09225    ])
1827    , -39519.3    , array([ 0.13887    ,  2.01852    ,  0.413122   ,  5.09225    ])
1828    , -40916.3    , array([ 0.152558   ,  2.09066    ,  0.413122   ,  5.09225    ])
1829    , -39074.8    , array([ 0.152558   ,  2.01852    ,  0.395259   ,  5.09225    ])
1830    , -40302.8    , array([ 0.152558   ,  2.01852    ,  0.413122   ,  5.52401    ])
1831    , -38658.1    , array([ 0.145553   ,  1.94886    ,  0.404092   ,  5.30374    ])
1832    , -37536.3    , array([ 0.142172   ,  1.88161    ,  0.399651   ,  5.41276    ])
1833    , -37927.8    , array([ 0.140511   ,  1.94886    ,  0.397449   ,  4.8397     ])
1834    , -36839.4    , array([ 0.134849   ,  1.91494    ,  0.389837   ,  5.11821    ])
1835    , -35248.5    , array([ 0.126781   ,  1.86516    ,  0.378692   ,  5.13125    ])
1836    , -35301.2    , array([ 0.141547   ,  1.84076    ,  0.373239   ,  5.13778    ])
likelihood = -35248.52
theta = 4772.52
Optimized parameters = [0.12678143 1.86515954 0.37869164 5.1312479 ]

Round_2_Replicate_4
1837    , -118283     , array([ 1.81133    ,  2.58963    ,  0.331118   ,  2.88355    ])
1838    , -120070     , array([ 1.86594    ,  2.58963    ,  0.331118   ,  2.88355    ])
1839    , -119544     , array([ 1.81133    ,  2.71581    ,  0.331118   ,  2.88355    ])
1840    , -114458     , array([ 1.81133    ,  2.58963    ,  0.313316   ,  2.88355    ])
1841    , -117677     , array([ 1.81133    ,  2.58963    ,  0.331118   ,  3.04036    ])
1842    , -114886     , array([ 1.75832    ,  2.65197    ,  0.322094   ,  2.96092    ])
1843    , -113134     , array([ 1.78463    ,  2.49886    ,  0.317675   ,  3.00037    ])
1844    , -110008     , array([ 1.77142    ,  2.39697    ,  0.311159   ,  3.06055    ])
1845    , -110248     , array([ 1.76486    ,  2.52125    ,  0.307951   ,  3.09109    ])
1846    , -107271     , array([ 1.74207    ,  2.48773    ,  0.296983   ,  2.95602    ])
1847    , -102344     , array([ 1.70844    ,  2.4383     ,  0.281258   ,  2.91474    ])
likelihood = -102343.5
theta = 2257.74
Optimized parameters = [1.70844434 2.4383012  0.2812584  2.91473691]

Round_2_Replicate_5
1848    , -40482.7    , array([ 0.736236   ,  2.52937    ,  0.0960226  ,  1.55517    ])
1849    , -40032.5    , array([ 0.72505    ,  2.52937    ,  0.0960226  ,  1.55517    ])
1850    , -41119.8    , array([ 0.736236   ,  2.64949    ,  0.0960226  ,  1.55517    ])
1851    , -38771.5    , array([ 0.736236   ,  2.52937    ,  0.0854068  ,  1.55517    ])
1852    , -40015.4    , array([ 0.736236   ,  2.52937    ,  0.0960226  ,  1.58989    ])
1853    , -38504.1    , array([ 0.730622   ,  2.41469    ,  0.0905593  ,  1.57243    ])
1854    , -37215.4    , array([ 0.727831   ,  2.30521    ,  0.0879453  ,  1.58113    ])
1855    , -37542.2    , array([ 0.726439   ,  2.41469    ,  0.0866667  ,  1.5855     ])
1856    , -36770.6    , array([ 0.738353   ,  2.35932    ,  0.0823364  ,  1.60089    ])
1857    , -35236.4    , array([ 0.745095   ,  2.27863    ,  0.0762432  ,  1.62426    ])
1858    , -34606.6    , array([ 0.731496   ,  2.23932    ,  0.0733678  ,  1.58277    ])
1859    , -32277.8    , array([ 0.729138   ,  2.10702    ,  0.0641315  ,  1.57923    ])
likelihood = -32277.79
theta = 3786.66
Optimized parameters = [0.72913761 2.10702186 0.06413153 1.57922567]

Round_2_Replicate_6
1860    , -47269.7    , array([ 0.764441   ,  0.466683   ,  0.329834   ,  3.58821    ])
1861    , -46745.1    , array([ 0.754243   ,  0.466683   ,  0.329834   ,  3.58821    ])
1862    , -47067.3    , array([ 0.764441   ,  0.449234   ,  0.329834   ,  3.58821    ])
1863    , -45030.2    , array([ 0.764441   ,  0.466683   ,  0.31204    ,  3.58821    ])
1864    , -47124.1    , array([ 0.764441   ,  0.466683   ,  0.329834   ,  3.82491    ])
1865    , -45704.3    , array([ 0.759325   ,  0.457875   ,  0.320813   ,  3.70467    ])
1866    , -45169.4    , array([ 0.756779   ,  0.453534   ,  0.316396   ,  3.42034    ])
1867    , -44281.3    , array([ 0.752977   ,  0.473399   ,  0.309884   ,  3.55967    ])
1868    , -42946.4    , array([ 0.74731    ,  0.485965   ,  0.300366   ,  3.54549    ])
1869    , -42737.9    , array([ 0.759643   ,  0.465019   ,  0.295718   ,  3.53842    ])
1870    , -40862.2    , array([ 0.762358   ,  0.464189   ,  0.280007   ,  3.51378    ])
likelihood = -40862.2
theta = 4473.11
Optimized parameters = [0.76235812 0.46418866 0.28000669 3.51377784]

Round_2_Replicate_7
1871    , -49098.5    , array([ 0.22882    ,  3.73148    ,  0.353787   ,  2.04818    ])
1872    , -48033.1    , array([ 0.212554   ,  3.73148    ,  0.353787   ,  2.04818    ])
1873    , -49845.9    , array([ 0.22882    ,  3.98543    ,  0.353787   ,  2.04818    ])
1874    , -47641.3    , array([ 0.22882    ,  3.73148    ,  0.335876   ,  2.04818    ])
1875    , -49134.8    , array([ 0.22882    ,  3.73148    ,  0.353787   ,  2.12294    ])
1876    , -47070      , array([ 0.220537   ,  3.49371    ,  0.344715   ,  2.08523    ])
1877    , -45652.6    , array([ 0.216508   ,  3.2711     ,  0.340267   ,  2.104      ])
1878    , -46127.7    , array([ 0.214522   ,  3.49371    ,  0.338064   ,  2.0028     ])
1879    , -44728.9    , array([ 0.207711   ,  3.38057    ,  0.330467   ,  2.05278    ])
1880    , -42667      , array([ 0.197899   ,  3.21769    ,  0.31939    ,  2.05508    ])
1881    , -42930.7    , array([ 0.215761   ,  3.13922    ,  0.313991   ,  2.05623    ])
likelihood = -42667.03
theta = 4431.09
Optimized parameters = [0.1978991  3.21769348 0.31938954 2.05507855]

Round_2_Replicate_8
1882    , -24061.1    , array([ 0.413194   ,  0.348477   ,  0.0816608  ,  0.4969     ])
1883    , -22906.8    , array([ 0.395331   ,  0.348477   ,  0.0816608  ,  0.4969     ])
1884    , -23550.9    , array([ 0.413194   ,  0.330585   ,  0.0816608  ,  0.4969     ])
1885    , -23501.6    , array([ 0.413194   ,  0.348477   ,  0.0720467  ,  0.4969     ])
1886    , -24971.4    , array([ 0.413194   ,  0.348477   ,  0.0816608  ,  0.479825   ])
1887    , -22085.5    , array([ 0.404164   ,  0.339413   ,  0.0767033  ,  0.514583   ])
1888    , -20746.5    , array([ 0.399723   ,  0.33497    ,  0.0743385  ,  0.532896   ])
1889    , -21293.9    , array([ 0.397521   ,  0.33277    ,  0.0731836  ,  0.514583   ])
1890    , -20681.9    , array([ 0.389909   ,  0.351938   ,  0.069281   ,  0.52366    ])
1891    , -19356      , array([ 0.378764   ,  0.363127   ,  0.0638138  ,  0.537575   ])
1892    , -18742.2    , array([ 0.373311   ,  0.340814   ,  0.0739033  ,  0.544671   ])
1893    , -16630.9    , array([ 0.354838   ,  0.337045   ,  0.0748495  ,  0.570251   ])
likelihood = -16630.89
theta = 8281.79
Optimized parameters = [0.35483787 0.33704538 0.0748495  0.57025124]

Round_2_Replicate_9
1894    , -76705.9    , array([ 1.2278     ,  0.566551   ,  0.17727    ,  0.496716   ])
1895    , -77083.6    , array([ 1.24046    ,  0.566551   ,  0.17727    ,  0.496716   ])
1896    , -75943.8    , array([ 1.2278     ,  0.550682   ,  0.17727    ,  0.496716   ])
1897    , -75163.3    , array([ 1.2278     ,  0.566551   ,  0.16258    ,  0.496716   ])
1898    , -78082.4    , array([ 1.2278     ,  0.566551   ,  0.17727    ,  0.479638   ])
1899    , -74384.3    , array([ 1.23411    ,  0.558561   ,  0.169766   ,  0.514402   ])
1900    , -72603.2    , array([ 1.23728    ,  0.554608   ,  0.166134   ,  0.532718   ])
1901    , -73111.1    , array([ 1.21995    ,  0.552642   ,  0.164348   ,  0.514402   ])
1902    , -71737.2    , array([ 1.22858    ,  0.545815   ,  0.158244   ,  0.52348    ])
1903    , -69372.4    , array([ 1.22898    ,  0.535733   ,  0.149511   ,  0.537398   ])
1904    , -69244.2    , array([ 1.22918    ,  0.553869   ,  0.145327   ,  0.544495   ])
1905    , -66107.8    , array([ 1.22987    ,  0.55547    ,  0.131584   ,  0.570081   ])
likelihood = -66107.8
theta = 4542.15
Optimized parameters = [1.22986517 0.55546988 0.13158351 0.57008141]

Round_2_Replicate_10
1906    , -70312.3    , array([ 0.876913   ,  1.31329    ,  0.258827   ,  0.976137   ])
1907    , -70009.1    , array([ 0.871173   ,  1.31329    ,  0.258827   ,  0.976137   ])
1908    , -70601.7    , array([ 0.876913   ,  1.33131    ,  0.258827   ,  0.976137   ])
1909    , -68133.6    , array([ 0.876913   ,  1.31329    ,  0.241913   ,  0.976137   ])
1910    , -70342.4    , array([ 0.876913   ,  1.31329    ,  0.258827   ,  0.974959   ])
1911    , -68784.6    , array([ 0.874039   ,  1.29552    ,  0.250227   ,  0.975548   ])
1912    , -68275.5    , array([ 0.872605   ,  1.30437    ,  0.246035   ,  0.977022   ])
1913    , -67319      , array([ 0.870458   ,  1.29994    ,  0.239878   ,  0.976285   ])
1914    , -65890.1    , array([ 0.867249   ,  1.29331    ,  0.230931   ,  0.976358   ])
1915    , -65627.5    , array([ 0.874218   ,  1.29001    ,  0.226583   ,  0.976395   ])
1916    , -63614.4    , array([ 0.875744   ,  1.27853    ,  0.212      ,  0.976524   ])
likelihood = -63614.44
theta = 4316.62
Optimized parameters = [0.87574445 1.27852706 0.21200035 0.97652405]

Round_3_Replicate_1
1917    , -32865.9    , array([ 0.499823   ,  0.567448   ,  0.199186   ,  0.793756   ])
1918    , -31834.3    , array([ 0.482788   ,  0.567448   ,  0.199186   ,  0.793756   ])
1919    , -32506.5    , array([ 0.499823   ,  0.551597   ,  0.199186   ,  0.793756   ])
1920    , -31554.8    , array([ 0.499823   ,  0.567448   ,  0.183748   ,  0.793756   ])
1921    , -33087.8    , array([ 0.499823   ,  0.567448   ,  0.199186   ,  0.784642   ])
1922    , -31289.1    , array([ 0.491232   ,  0.559466   ,  0.191311   ,  0.802976   ])
1923    , -30415.9    , array([ 0.486992   ,  0.555518   ,  0.187491   ,  0.812304   ])
1924    , -30303.6    , array([ 0.484885   ,  0.553554   ,  0.18561    ,  0.802976   ])
1925    , -29083.2    , array([ 0.477585   ,  0.546736   ,  0.179173   ,  0.807627   ])
1926    , -28994.2    , array([ 0.473976   ,  0.566946   ,  0.176039   ,  0.809962   ])
1927    , -27379.2    , array([ 0.461559   ,  0.574779   ,  0.165494   ,  0.818188   ])
1928    , -27491.8    , array([ 0.479789   ,  0.554658   ,  0.160462   ,  0.822333   ])
1929    , -25758.7    , array([ 0.454056   ,  0.548372   ,  0.162548   ,  0.837004   ])
1930    , -23156.5    , array([ 0.432768   ,  0.539075   ,  0.152884   ,  0.859504   ])
1931    , -23407.5    , array([ 0.439309   ,  0.551796   ,  0.143851   ,  0.84132    ])
1932    , -21944.1    , array([ 0.429636   ,  0.563248   ,  0.134878   ,  0.863663   ])
1933    , -18997.6    , array([ 0.407499   ,  0.571691   ,  0.117024   ,  0.893123   ])
1934    , -19200.5    , array([ 0.394129   ,  0.563663   ,  0.128617   ,  0.883974   ])
1935    , -15957.8    , array([ 0.378589   ,  0.538646   ,  0.109936   ,  0.923479   ])
1936    , -11853.6    , array([ 0.342878   ,  0.52144    ,  0.0896025  ,  0.981101   ])
likelihood = -11853.64
theta = 7332.05
Optimized parameters = [0.34287782 0.52144012 0.08960249 0.98110086]

Round_3_Replicate_2
1937    , -46118.3    , array([ 0.950201   ,  0.157444   ,  0.132714   ,  0.540721   ])
1938    , -46043.7    , array([ 0.947777   ,  0.157444   ,  0.132714   ,  0.540721   ])
1939    , -46225.7    , array([ 0.950201   ,  0.143543   ,  0.132714   ,  0.540721   ])
1940    , -44999.6    , array([ 0.950201   ,  0.157444   ,  0.119967   ,  0.540721   ])
1941    , -46585.8    , array([ 0.950201   ,  0.157444   ,  0.132714   ,  0.524351   ])
1942    , -45102.4    , array([ 0.948988   ,  0.150333   ,  0.12618    ,  0.557602   ])
1943    , -44949      , array([ 0.948383   ,  0.168746   ,  0.123034   ,  0.549097   ])
1944    , -44427.5    , array([ 0.947475   ,  0.182961   ,  0.118463   ,  0.553333   ])
1945    , -44127      , array([ 0.947021   ,  0.165847   ,  0.116241   ,  0.555463   ])
1946    , -43194.8    , array([ 0.945435   ,  0.170215   ,  0.108788   ,  0.562985   ])
1947    , -42851.6    , array([ 0.948269   ,  0.172442   ,  0.105242   ,  0.566784   ])
1948    , -41433.7    , array([ 0.948515   ,  0.180468   ,  0.0937186  ,  0.580282   ])
1949    , -42206      , array([ 0.946823   ,  0.197873   ,  0.095397   ,  0.560691   ])
1950    , -40814.4    , array([ 0.943932   ,  0.21181    ,  0.0894742  ,  0.588776   ])
1951    , -39189.2    , array([ 0.940813   ,  0.245672   ,  0.0772707  ,  0.614382   ])
1952    , -38755.7    , array([ 0.943314   ,  0.211208   ,  0.0731806  ,  0.606265   ])
1953    , -36513.7    , array([ 0.941241   ,  0.226928   ,  0.057518   ,  0.634601   ])
1954    , -37082.4    , array([ 0.94325    ,  0.262131   ,  0.0579442  ,  0.632637   ])
1955    , -35023.6    , array([ 0.940088   ,  0.259534   ,  0.0514983  ,  0.67475    ])
1956    , -32171      , array([ 0.936739   ,  0.297233   ,  0.0378374  ,  0.740206   ])
likelihood = -32171.05
theta = 5321.23
Optimized parameters = [0.93673925 0.29723345 0.03783743 0.74020591]

Round_3_Replicate_3
1957    , -46506.6    , array([ 0.715869   ,  0.566058   ,  0.249807   ,  0.946835   ])
1958    , -45892.4    , array([ 0.704004   ,  0.566058   ,  0.249807   ,  0.946835   ])
1959    , -46143.2    , array([ 0.715869   ,  0.550179   ,  0.249807   ,  0.946835   ])
1960    , -44730.9    , array([ 0.715869   ,  0.566058   ,  0.233069   ,  0.946835   ])
1961    , -46552.3    , array([ 0.715869   ,  0.566058   ,  0.249807   ,  0.944252   ])
1962    , -45073.6    , array([ 0.709911   ,  0.558062   ,  0.241293   ,  0.949425   ])
1963    , -44419.3    , array([ 0.706951   ,  0.554107   ,  0.237145   ,  0.948129   ])
1964    , -43412.1    , array([ 0.702535   ,  0.548226   ,  0.231057   ,  0.948776   ])
1965    , -43443.5    , array([ 0.700337   ,  0.569086   ,  0.228072   ,  0.9491     ])
1966    , -42526.5    , array([ 0.710282   ,  0.5546     ,  0.217925   ,  0.950235   ])
1967    , -40996.3    , array([ 0.713443   ,  0.548957   ,  0.203543   ,  0.95194    ])
1968    , -41282.6    , array([ 0.706121   ,  0.557938   ,  0.207216   ,  0.948898   ])
1969    , -39919.9    , array([ 0.695461   ,  0.546097   ,  0.202279   ,  0.95253    ])
1970    , -37730.1    , array([ 0.685477   ,  0.536382   ,  0.188445   ,  0.95539    ])
1971    , -38370.4    , array([ 0.703303   ,  0.527353   ,  0.187897   ,  0.953399   ])
1972    , -36245.2    , array([ 0.701486   ,  0.536897   ,  0.167252   ,  0.956045   ])
1973    , -33394.2    , array([ 0.700963   ,  0.531321   ,  0.142298   ,  0.9597     ])
1974    , -34093.2    , array([ 0.695369   ,  0.514813   ,  0.154546   ,  0.961348   ])
likelihood = -33394.16
theta = 5514.4
Optimized parameters = [0.70096265 0.53132051 0.14229757 0.95970009]

Round_3_Replicate_4
1975    , -71892.9    , array([ 0.449554   ,  0.454483   ,  0.214518   ,  0.21982    ])
1976    , -70163.6    , array([ 0.431938   ,  0.454483   ,  0.214518   ,  0.21982    ])
1977    , -70806.6    , array([ 0.449554   ,  0.436911   ,  0.214518   ,  0.21982    ])
1978    , -71155.6    , array([ 0.449554   ,  0.454483   ,  0.198626   ,  0.21982    ])
1979    , -76187.1    , array([ 0.449554   ,  0.454483   ,  0.214518   ,  0.203785   ])
1980    , -66057.6    , array([ 0.440658   ,  0.445611   ,  0.206419   ,  0.237118   ])
1981    , -61357.3    , array([ 0.436276   ,  0.44124    ,  0.202485   ,  0.255777   ])
1982    , -64769.6    , array([ 0.434101   ,  0.43907    ,  0.200546   ,  0.237118   ])
1983    , -62504.2    , array([ 0.426575   ,  0.431561   ,  0.217636   ,  0.246271   ])
1984    , -58744.7    , array([ 0.41553    ,  0.44616    ,  0.202973   ,  0.260667   ])
1985    , -53171.9    , array([ 0.399497   ,  0.450857   ,  0.197435   ,  0.283853   ])
1986    , -51548.6    , array([ 0.41592    ,  0.427196   ,  0.194724   ,  0.296209   ])
1987    , -43727      , array([ 0.408135   ,  0.414173   ,  0.185522   ,  0.343846   ])
1988    , -46099.9    , array([ 0.401279   ,  0.429472   ,  0.200336   ,  0.330675   ])
1989    , -40558.6    , array([ 0.396065   ,  0.435886   ,  0.177115   ,  0.368933   ])
1990    , -31907.1    , array([ 0.381638   ,  0.438065   ,  0.159778   ,  0.451559   ])
1991    , -29241.7    , array([ 0.362198   ,  0.424789   ,  0.169105   ,  0.471982   ])
1992    , -19228.2    , array([ 0.330018   ,  0.416795   ,  0.154538   ,  0.641147   ])
1993    , -20781.1    , array([ 0.359506   ,  0.399715   ,  0.153437   ,  0.639181   ])
likelihood = -19228.25
theta = 8147.04
Optimized parameters = [0.33001839 0.41679513 0.15453835 0.64114664]

Round_3_Replicate_5
1994    , -8533.12    , array([ 0.195751   ,  0.195933   ,  0.249078   ,  1.04685    ])
1995    , -7574.77    , array([ 0.180422   ,  0.195933   ,  0.249078   ,  1.04685    ])
1996    , -8558.35    , array([ 0.195751   ,  0.180598   ,  0.249078   ,  1.04685    ])
1997    , -7948       , array([ 0.195751   ,  0.195933   ,  0.232355   ,  1.04685    ])
1998    , -8529.48    , array([ 0.195751   ,  0.195933   ,  0.249078   ,  1.04924    ])
1999    , -7776.5     , array([ 0.18793    ,  0.21257    ,  0.240571   ,  1.04804    ])
2000    , -7387.4     , array([ 0.184137   ,  0.204082   ,  0.236427   ,  1.04864    ])
2001    , -6866.05    , array([ 0.178592   ,  0.208283   ,  0.230345   ,  1.04954    ])
2002    , -6622.55    , array([ 0.175882   ,  0.210416   ,  0.227363   ,  1.0464     ])
2003    , -5819.21    , array([ 0.166717   ,  0.218054   ,  0.217226   ,  1.04498    ])
2004    , -6157.45    , array([ 0.162315   ,  0.221976   ,  0.235658   ,  1.04786    ])
2005    , -5513.1     , array([ 0.157126   ,  0.20908    ,  0.225274   ,  1.04656    ])
2006    , -4609.86    , array([ 0.143673   ,  0.207357   ,  0.217994   ,  1.04583    ])
2007    , -4440.77    , array([ 0.14605    ,  0.233353   ,  0.203551   ,  1.04725    ])
2008    , -3432.27    , array([ 0.131403   ,  0.254663   ,  0.184011   ,  1.04746    ])
2009    , -3468.37    , array([ 0.126561   ,  0.24273    ,  0.196726   ,  1.04352    ])
2010    , -2831.36    , array([ 0.122962   ,  0.238165   ,  0.175691   ,  1.04304    ])
2011    , -1935.75    , array([ 0.107023   ,  0.246698   ,  0.151698   ,  1.04063    ])
2012    , -1872.63    , array([ 0.0959178  ,  0.257883   ,  0.159277   ,  1.04374    ])
2013    , -1543.56    , array([ 0.0727543  ,  0.280448   ,  0.136388   ,  1.04312    ])
likelihood = -1543.56
theta = 11990.58
Optimized parameters = [0.07275429 0.28044756 0.13638762 1.04311721]

Round_4_Replicate_1
2014    , -5061.57    , array([ 0.135702   ,  0.51178    ,  0.0741688  ,  0.816856   ])
2015    , -4848.26    , array([ 0.122804   ,  0.51178    ,  0.0741688  ,  0.816856   ])
2016    , -4766.94    , array([ 0.135702   ,  0.494923   ,  0.0741688  ,  0.816856   ])
2017    , -4806.07    , array([ 0.135702   ,  0.51178    ,  0.0651227  ,  0.816856   ])
2018    , -5130.74    , array([ 0.135702   ,  0.51178    ,  0.0741688  ,  0.808635   ])
2019    , -4602.9     , array([ 0.129092   ,  0.503281   ,  0.0694987  ,  0.82516    ])
2020    , -4363.26    , array([ 0.125909   ,  0.499085   ,  0.0672751  ,  0.833548   ])
2021    , -4342.74    , array([ 0.124347   ,  0.497      ,  0.0661902  ,  0.82516    ])
2022    , -4041.91    , array([ 0.119031   ,  0.48977    ,  0.0625287  ,  0.829343   ])
2023    , -4140.63    , array([ 0.135279   ,  0.486195   ,  0.0607747  ,  0.831443   ])
2024    , -3844.95    , array([ 0.122231   ,  0.473886   ,  0.0668662  ,  0.838834   ])
2025    , -3430.55    , array([ 0.116006   ,  0.456004   ,  0.0677554  ,  0.850045   ])
2026    , -3372.71    , array([ 0.113013   ,  0.470365   ,  0.056115   ,  0.855706   ])
2027    , -2940.78    , array([ 0.103134   ,  0.458547   ,  0.0488099  ,  0.875818   ])
2028    , -2921.33    , array([ 0.110237   ,  0.447098   ,  0.0526953  ,  0.859569   ])
2029    , -2424.14    , array([ 0.103149   ,  0.423173   ,  0.0466371  ,  0.872882   ])
2030    , -2551.9     , array([ 0.0895926  ,  0.428174   ,  0.0510985  ,  0.882958   ])
2031    , -2012.58    , array([ 0.0883378  ,  0.397423   ,  0.0448969  ,  0.913358   ])
2032    , -1737.96    , array([ 0.0761009  ,  0.358      ,  0.0380438  ,  0.958506   ])
2033    , -2071.56    , array([ 0.0734148  ,  0.378211   ,  0.0310472  ,  0.94626    ])
2034    , -1834.45    , array([ 0.0696714  ,  0.341582   ,  0.0343728  ,  0.954633   ])
2035    , -1845.79    , array([ 0.0707251  ,  0.326734   ,  0.0269289  ,  0.984597   ])
2036    , -2938.22    , array([ 0.0508671  ,  0.290493   ,  0.0224202  ,  1.05778    ])
2037    , -1887.56    , array([ 0.0864384  ,  0.385187   ,  0.0388336  ,  0.915831   ])
2038    , -1502.68    , array([ 0.0775494  ,  0.328011   ,  0.0376652  ,  0.959935   ])
2039    , -1317.25    , array([ 0.0797033  ,  0.305468   ,  0.0414859  ,  0.966847   ])
2040    , -1959.97    , array([ 0.063247   ,  0.286811   ,  0.0311244  ,  1.01908    ])
2041    , -1690.95    , array([ 0.0799448  ,  0.357811   ,  0.0367436  ,  0.940618   ])
likelihood = -1317.25
theta = 11333.27
Optimized parameters = [0.0797033  0.30546751 0.04148586 0.96684658]

Round_4_Replicate_2
2042    , -1313.7     , array([ 0.0871951  ,  0.213031   ,  0.132492   ,  0.849029   ])
2043    , -1220       , array([ 0.0771822  ,  0.213031   ,  0.132492   ,  0.849029   ])
2044    , -1334.02    , array([ 0.0871951  ,  0.197181   ,  0.132492   ,  0.849029   ])
2045    , -1217.73    , array([ 0.0871951  ,  0.213031   ,  0.119756   ,  0.849029   ])
2046    , -1315.2     , array([ 0.0871951  ,  0.213031   ,  0.132492   ,  0.84211    ])
2047    , -1243.32    , array([ 0.082036   ,  0.230155   ,  0.125963   ,  0.845562   ])
2048    , -1181.15    , array([ 0.0795721  ,  0.221427   ,  0.122821   ,  0.854256   ])
2049    , -1153.25    , array([ 0.0760142  ,  0.225749   ,  0.118253   ,  0.860394   ])
2050    , -1149.35    , array([ 0.0742954  ,  0.227941   ,  0.116033   ,  0.852946   ])
2051    , -1177.62    , array([ 0.0685799  ,  0.235783   ,  0.108587   ,  0.854911   ])
2052    , -1143.97    , array([ 0.0751499  ,  0.209965   ,  0.117138   ,  0.860174   ])
2053    , -1171.83    , array([ 0.0719268  ,  0.200544   ,  0.11296    ,  0.867575   ])
2054    , -1091.93    , array([ 0.0788174  ,  0.225204   ,  0.104714   ,  0.862267   ])
2055    , -1058.26    , array([ 0.0796479  ,  0.231549   ,  0.0930925  ,  0.868963   ])
2056    , -1184.59    , array([ 0.0666788  ,  0.234788   ,  0.102142   ,  0.87233    ])
2057    , -1129.97    , array([ 0.071304   ,  0.229149   ,  0.106287   ,  0.866445   ])
2058    , -1091.94    , array([ 0.0740789  ,  0.223223   ,  0.0980673  ,  0.863829   ])
2059    , -1091.47    , array([ 0.0756822  ,  0.218777   ,  0.0918808  ,  0.876913   ])
2060    , -1081.84    , array([ 0.0750862  ,  0.24244    ,  0.0806072  ,  0.877964   ])
2061    , -1052.37    , array([ 0.0812078  ,  0.228495   ,  0.0773643  ,  0.877384   ])
2062    , -1068.19    , array([ 0.0866641  ,  0.228168   ,  0.0660043  ,  0.882905   ])
2063    , -1040.34    , array([ 0.0818405  ,  0.237314   ,  0.0744737  ,  0.88692    ])
2064    , -1034.46    , array([ 0.0860211  ,  0.244689   ,  0.0648996  ,  0.898696   ])
2065    , -1031.13    , array([ 0.0854033  ,  0.256076   ,  0.0668053  ,  0.884471   ])
2066    , -1062.54    , array([ 0.0907226  ,  0.277046   ,  0.0569644  ,  0.888275   ])
2067    , -1029.3     , array([ 0.091805   ,  0.237491   ,  0.0693235  ,  0.88668    ])
2068    , -1079.12    , array([ 0.101512   ,  0.235054   ,  0.0642885  ,  0.891071   ])
2069    , -1058.85    , array([ 0.0929174  ,  0.251831   ,  0.0517991  ,  0.904952   ])
2070    , -1032.75    , array([ 0.0827762  ,  0.236461   ,  0.080402   ,  0.877824   ])
likelihood = -1029.3
theta = 12157.46
Optimized parameters = [0.09180495 0.2374905  0.06932345 0.88668018]

Round_4_Replicate_3
2071    , -5093.05    , array([ 0.131749   ,  0.558609   ,  0.118071   ,  1.20133    ])
2072    , -4890.88    , array([ 0.119051   ,  0.558609   ,  0.118071   ,  1.20133    ])
2073    , -4850.43    , array([ 0.131749   ,  0.542579   ,  0.118071   ,  1.20133    ])
2074    , -4648.62    , array([ 0.131749   ,  0.558609   ,  0.106109   ,  1.20133    ])
2075    , -5052.65    , array([ 0.131749   ,  0.558609   ,  0.118071   ,  1.2124     ])
2076    , -4619.21    , array([ 0.125239   ,  0.550536   ,  0.111931   ,  1.20686    ])
2077    , -4403.87    , array([ 0.122106   ,  0.546543   ,  0.108981   ,  1.20963    ])
2078    , -4358.2     , array([ 0.120569   ,  0.544558   ,  0.107535   ,  1.19447    ])
2079    , -4069.47    , array([ 0.11534    ,  0.537665   ,  0.102625   ,  1.1856     ])
2080    , -4099.01    , array([ 0.131332   ,  0.534252   ,  0.100255   ,  1.19755    ])
2081    , -3858.64    , array([ 0.118487   ,  0.545798   ,  0.0923819  ,  1.19567    ])
2082    , -3538.21    , array([ 0.112366   ,  0.547414   ,  0.0817161  ,  1.19284    ])
2083    , -3456.34    , array([ 0.109425   ,  0.524797   ,  0.0902105  ,  1.19143    ])
2084    , -3057.99    , array([ 0.0997237  ,  0.508666   ,  0.0831782  ,  1.18651    ])
2085    , -3063.88    , array([ 0.106698   ,  0.517462   ,  0.0767341  ,  1.17191    ])
2086    , -3110.06    , array([ 0.0894153  ,  0.520983   ,  0.072975   ,  1.17098    ])
2087    , -2726.43    , array([ 0.0896434  ,  0.509582   ,  0.0601153  ,  1.17547    ])
2088    , -2633.86    , array([ 0.0790292  ,  0.496095   ,  0.0460098  ,  1.17043    ])
2089    , -2561.37    , array([ 0.0771689  ,  0.476468   ,  0.0566505  ,  1.1573     ])
2090    , -2626.49    , array([ 0.0639509  ,  0.444522   ,  0.0471684  ,  1.13993    ])
2091    , -2312.17    , array([ 0.0900906  ,  0.478775   ,  0.0558923  ,  1.17201    ])
2092    , -2031.81    , array([ 0.0904302  ,  0.458971   ,  0.0489149  ,  1.17253    ])
2093    , -2465.9     , array([ 0.0695051  ,  0.453973   ,  0.0424389  ,  1.17139    ])
2094    , -2773.48    , array([ 0.0620843  ,  0.436289   ,  0.0279653  ,  1.14957    ])
2095    , -2487.81    , array([ 0.0698933  ,  0.453355   ,  0.0367255  ,  1.1587     ])
2096    , -2095.04    , array([ 0.0736744  ,  0.427641   ,  0.0451687  ,  1.15951    ])
2097    , -2103.08    , array([ 0.0737223  ,  0.421825   ,  0.0327568  ,  1.17378    ])
likelihood = -2031.81
theta = 9592.88
Optimized parameters = [0.09043021 0.45897087 0.04891488 1.1725263 ]

Round_4_Replicate_4
2098    , -2228.24    , array([ 0.0984614  ,  0.283006   ,  0.180326   ,  1.82814    ])
2099    , -2075.4     , array([ 0.0876858  ,  0.283006   ,  0.180326   ,  1.82814    ])
2100    , -2135.46    , array([ 0.0984614  ,  0.265696   ,  0.180326   ,  1.82814    ])
2101    , -1976.08    , array([ 0.0984614  ,  0.283006   ,  0.165524   ,  1.82814    ])
2102    , -2224.37    , array([ 0.0984614  ,  0.283006   ,  0.180326   ,  1.88413    ])
2103    , -1972.26    , array([ 0.0929175  ,  0.274215   ,  0.172767   ,  1.85592    ])
2104    , -1872.73    , array([ 0.0902637  ,  0.269922   ,  0.169107   ,  1.86997    ])
2105    , -1822.3     , array([ 0.0889654  ,  0.267801   ,  0.167306   ,  1.794      ])
2106    , -1688.34    , array([ 0.0845666  ,  0.260507   ,  0.161152   ,  1.75056    ])
2107    , -1739       , array([ 0.0824495  ,  0.282448   ,  0.158161   ,  1.80928    ])
2108    , -1599.74    , array([ 0.0897747  ,  0.264911   ,  0.148123   ,  1.79993    ])
2109    , -1476.47    , array([ 0.0908377  ,  0.256303   ,  0.134246   ,  1.78598    ])
2110    , -1554.96    , array([ 0.0767922  ,  0.252104   ,  0.145325   ,  1.77905    ])
2111    , -1458.04    , array([ 0.077263   ,  0.255451   ,  0.131865   ,  1.69645    ])
2112    , -1468.5     , array([ 0.0714827  ,  0.248509   ,  0.116443   ,  1.61582    ])
2113    , -1471.44    , array([ 0.0818821  ,  0.232162   ,  0.128737   ,  1.6978     ])
2114    , -1482.5     , array([ 0.0785549  ,  0.237627   ,  0.112928   ,  1.7281     ])
2115    , -1389.73    , array([ 0.0874949  ,  0.238393   ,  0.11039    ,  1.67589    ])
2116    , -1399.15    , array([ 0.0933933  ,  0.23182    ,  0.0962107  ,  1.62658    ])
2117    , -1501.8     , array([ 0.0902676  ,  0.253324   ,  0.140453   ,  1.69905    ])
2118    , -1435.78    , array([ 0.0813323  ,  0.241458   ,  0.119257   ,  1.72079    ])
2119    , -1521.96    , array([ 0.0738647  ,  0.227963   ,  0.111358   ,  1.6137     ])
2120    , -1429.95    , array([ 0.0862599  ,  0.248903   ,  0.128117   ,  1.74126    ])
2121    , -1360.12    , array([ 0.0841054  ,  0.260583   ,  0.115843   ,  1.71911    ])
2122    , -1319.66    , array([ 0.0852396  ,  0.276073   ,  0.109889   ,  1.72987    ])
2123    , -1362.93    , array([ 0.0936216  ,  0.246199   ,  0.103242   ,  1.73734    ])
2124    , -1293.59    , array([ 0.0954205  ,  0.263013   ,  0.106216   ,  1.72098    ])
2125    , -1249.97    , array([ 0.103355   ,  0.274501   ,  0.100241   ,  1.72108    ])
likelihood = -1249.97
theta = 9706.98
Optimized parameters = [0.10335497 0.27450149 0.10024054 1.72107909]

Round_4_Replicate_5
2126    , -1890.61    , array([ 0.0458553  ,  0.180743   ,  0.14835    ,  1.01708    ])
2127    , -2253.72    , array([ 0.0393061  ,  0.180743   ,  0.14835    ,  1.01708    ])
2128    , -2005.75    , array([ 0.0458553  ,  0.165926   ,  0.14835    ,  1.01708    ])
2129    , -1957.14    , array([ 0.0458553  ,  0.180743   ,  0.134851   ,  1.01708    ])
2130    , -1891.67    , array([ 0.0458553  ,  0.180743   ,  0.14835    ,  1.01794    ])
2131    , -1702.3     , array([ 0.0534959  ,  0.173176   ,  0.14144    ,  1.01751    ])
2132    , -1578.37    , array([ 0.0624095  ,  0.169512   ,  0.138106   ,  1.01773    ])
2133    , -1597.82    , array([ 0.0534959  ,  0.190668   ,  0.136469   ,  1.01784    ])
2134    , -1533.89    , array([ 0.0577811  ,  0.179779   ,  0.151028   ,  1.01821    ])
2135    , -1466.74    , array([ 0.064861   ,  0.1793     ,  0.159831   ,  1.01878    ])
2136    , -1435.84    , array([ 0.0687199  ,  0.17906    ,  0.142498   ,  1.01777    ])
2137    , -1510.78    , array([ 0.0841257  ,  0.178224   ,  0.139659   ,  1.01768    ])
2138    , -1511.45    , array([ 0.0841257  ,  0.178224   ,  0.139659   ,  1.01897    ])
2139    , -1832.08    , array([ 0.0904279  ,  0.163341   ,  0.153582   ,  1.01879    ])
2140    , -1470.14    , array([ 0.0609981  ,  0.183435   ,  0.140559   ,  1.01807    ])
2141    , -1409.3     , array([ 0.076631   ,  0.191123   ,  0.153104   ,  1.01907    ])
2142    , -1528.96    , array([ 0.0849144  ,  0.20294    ,  0.161203   ,  1.01974    ])
2143    , -1559.7     , array([ 0.0542581  ,  0.188243   ,  0.158522   ,  1.01787    ])
2144    , -1432.01    , array([ 0.0753898  ,  0.180678   ,  0.144153   ,  1.0187     ])
2145    , -1568.17    , array([ 0.0831909  ,  0.181516   ,  0.159507   ,  1.01908    ])
2146    , -1421.79    , array([ 0.0659183  ,  0.182954   ,  0.145074   ,  1.01833    ])
2147    , -1371.18    , array([ 0.0788713  ,  0.187586   ,  0.133642   ,  1.01815    ])
2148    , -1365.07    , array([ 0.0869735  ,  0.191871   ,  0.122204   ,  1.01784    ])
2149    , -1385.64    , array([ 0.0837476  ,  0.19444    ,  0.138814   ,  1.0192     ])
2150    , -1312.42    , array([ 0.0804586  ,  0.199903   ,  0.134655   ,  1.01852    ])
2151    , -1271.52    , array([ 0.0831193  ,  0.210269   ,  0.130144   ,  1.01843    ])
2152    , -1516.93    , array([ 0.10333    ,  0.211641   ,  0.126728   ,  1.01894    ])
2153    , -1355.91    , array([ 0.0737584  ,  0.189739   ,  0.140253   ,  1.01848    ])
2154    , -1274       , array([ 0.0872031  ,  0.20186    ,  0.114932   ,  1.0179     ])
likelihood = -1271.52
theta = 12552.87
Optimized parameters = [0.08311933 0.21026908 0.13014388 1.01842893]

Round_1_Replicate_1
3028    , -58896.2    , array([ 0.272355   ,  0.615059   ,  0.260313   ,  0.217404   ])
3029    , -56017.8    , array([ 0.255207   ,  0.615059   ,  0.260313   ,  0.217404   ])
3030    , -58430.8    , array([ 0.272355   ,  0.600292   ,  0.260313   ,  0.217404   ])
3031    , -58244.4    , array([ 0.272355   ,  0.615059   ,  0.243372   ,  0.217404   ])
3032    , -62736.2    , array([ 0.272355   ,  0.615059   ,  0.260313   ,  0.201433   ])
3033    , -53334.4    , array([ 0.263642   ,  0.607631   ,  0.2517     ,  0.234641   ])
3034    , -49073.3    , array([ 0.25939    ,  0.60395    ,  0.247501   ,  0.253245   ])
3035    , -51909.5    , array([ 0.25729    ,  0.602119   ,  0.245428   ,  0.234641   ])
likelihood = -49073.29
theta = 8291.92
Optimized parameters = [0.25939002 0.6039504  0.24750113 0.25324482]

Round_1_Replicate_2
3036    , -59566.2    , array([ 0.633946   ,  2.16365    ,  0.313813   ,  3.23095    ])
3037    , -58820.1    , array([ 0.619662   ,  2.16365    ,  0.313813   ,  3.23095    ])
3038    , -60274.8    , array([ 0.633946   ,  2.24877    ,  0.313813   ,  3.23095    ])
3039    , -57008      , array([ 0.633946   ,  2.16365    ,  0.296145   ,  3.23095    ])
3040    , -59306.3    , array([ 0.633946   ,  2.16365    ,  0.313813   ,  3.42607    ])
3041    , -57066.9    , array([ 0.626764   ,  2.08174    ,  0.304851   ,  3.32708    ])
3042    , -56541.3    , array([ 0.623203   ,  2.1223     ,  0.300466   ,  3.37621    ])
3043    , -55066.5    , array([ 0.6179     ,  2.10192    ,  0.294007   ,  3.45128    ])
likelihood = -55066.53
theta = 3321.26
Optimized parameters = [0.61789978 2.10192375 0.29400727 3.45127749]

Round_1_Replicate_3
3044    , -291128     , array([ 1.89134    ,  3.91201    ,  2.04394    ,  5.84398    ])
3045    , -293220     , array([ 1.95258    ,  3.91201    ,  2.04394    ,  5.84398    ])
3046    , -293130     , array([ 1.89134    ,  4.18812    ,  2.04394    ,  5.84398    ])
3047    , -294425     , array([ 1.89134    ,  3.91201    ,  2.11832    ,  5.84398    ])
3048    , -290889     , array([ 1.89134    ,  3.91201    ,  2.04394    ,  6.38329    ])
3049    , -289759     , array([ 1.92172    ,  4.04771    ,  1.97217    ,  6.10769    ])
3050    , -287410     , array([ 1.93709    ,  4.11732    ,  1.90293    ,  6.24397    ])
3051    , -287975     , array([ 1.85405    ,  4.15257    ,  1.97217    ,  6.31324    ])
likelihood = -287409.91
theta = 1519.37
Optimized parameters = [1.93708695 4.1173182  1.90292642 6.24396638]

Round_1_Replicate_4
3052    , -115255     , array([ 4.33151    ,  0.333006   ,  0.127462   ,  0.268889   ])
3053    , -116650     , array([ 4.66092    ,  0.333006   ,  0.127462   ,  0.268889   ])
3054    , -113165     , array([ 4.33151    ,  0.315192   ,  0.127462   ,  0.268889   ])
3055    , -113971     , array([ 4.33151    ,  0.333006   ,  0.114987   ,  0.268889   ])
3056    , -118207     , array([ 4.33151    ,  0.333006   ,  0.127462   ,  0.251798   ])
3057    , -111479     , array([ 4.4932     ,  0.323977   ,  0.121064   ,  0.28714    ])
3058    , -108415     , array([ 4.57629    ,  0.319554   ,  0.117987   ,  0.306631   ])
3059    , -108635     , array([ 4.13756    ,  0.317366   ,  0.116477   ,  0.28714    ])
likelihood = -108415.16
theta = 3201.67
Optimized parameters = [4.57628879 0.31955417 0.11798664 0.30663076]

Round_1_Replicate_5
3060    , -151115     , array([ 1.2142     ,  0.397864   ,  1.19807    ,  0.558418   ])
3061    , -151622     , array([ 1.22604    ,  0.397864   ,  1.19807    ,  0.558418   ])
3062    , -150080     , array([ 1.2142     ,  0.379946   ,  1.19807    ,  0.558418   ])
3063    , -151786     , array([ 1.2142     ,  0.397864   ,  1.20894    ,  0.558418   ])
3064    , -151163     , array([ 1.2142     ,  0.397864   ,  1.19807    ,  0.542385   ])
3065    , -150201     , array([ 1.2201     ,  0.388802   ,  1.18729    ,  0.550343   ])
3066    , -149653     , array([ 1.20539    ,  0.384348   ,  1.19267    ,  0.546349   ])
3067    , -148675     , array([ 1.1952     ,  0.377763   ,  1.18998    ,  0.540413   ])
likelihood = -148674.76
theta = 4829.57
Optimized parameters = [1.19520158 0.37776346 1.18997696 0.54041313]

Round_1_Replicate_6
3068    , -196985     , array([ 0.511488   ,  5.35536    ,  1.39929    ,  0.156365   ])
3069    , -193740     , array([ 0.494626   ,  5.35536    ,  1.39929    ,  0.156365   ])
3070    , -197663     , array([ 0.511488   ,  5.82409    ,  1.39929    ,  0.156365   ])
3071    , -197742     , array([ 0.511488   ,  5.35536    ,  1.423      ,  0.156365   ])
3072    , -202166     , array([ 0.511488   ,  5.35536    ,  1.39929    ,  0.142511   ])
3073    , -191280     , array([ 0.502987   ,  5.58481    ,  1.4111     ,  0.171567   ])
3074    , -186419     , array([ 0.498789   ,  5.70319    ,  1.41704    ,  0.188246   ])
3075    , -189415     , array([ 0.496703   ,  5.76332    ,  1.38468    ,  0.171567   ])
likelihood = -186419.33
theta = 5932.0
Optimized parameters = [0.49878905 5.70319314 1.417035   0.18824615]

Round_1_Replicate_7
3076    , -282732     , array([ 1.83798    ,  0.85052    ,  3.47409    ,  1.8116     ])
3077    , -284005     , array([ 1.89478    ,  0.85052    ,  3.47409    ,  1.8116     ])
3078    , -282421     , array([ 1.83798    ,  0.843663   ,  3.47409    ,  1.8116     ])
3079    , -287948     , array([ 1.83798    ,  0.85052    ,  3.69729    ,  1.8116     ])
3080    , -282780     , array([ 1.83798    ,  0.85052    ,  3.47409    ,  1.86623    ])
3081    , -278016     , array([ 1.86617    ,  0.847085   ,  3.26437    ,  1.83871    ])
3082    , -273039     , array([ 1.88042    ,  0.845372   ,  3.0673     ,  1.85242    ])
3083    , -276446     , array([ 1.80336    ,  0.844517   ,  3.26437    ,  1.85931    ])
likelihood = -273039.0
theta = 2986.28
Optimized parameters = [1.88041966 0.84537201 3.06730453 1.85241836]

Round_1_Replicate_8
3084    , -123727     , array([ 1.91636    ,  0.518203   ,  0.149796   ,  0.238643   ])
3085    , -124722     , array([ 1.9797     ,  0.518203   ,  0.149796   ,  0.238643   ])
3086    , -122106     , array([ 1.91636    ,  0.501447   ,  0.149796   ,  0.238643   ])
3087    , -122714     , array([ 1.91636    ,  0.518203   ,  0.136231   ,  0.238643   ])
3088    , -128412     , array([ 1.91636    ,  0.518203   ,  0.149796   ,  0.222145   ])
3089    , -118395     , array([ 1.94777    ,  0.509757   ,  0.142853   ,  0.256367   ])
3090    , -113679     , array([ 1.96367    ,  0.505585   ,  0.139503   ,  0.275407   ])
3091    , -116301     , array([ 1.8778     ,  0.503512   ,  0.137857   ,  0.256367   ])
likelihood = -113678.82
theta = 4243.03
Optimized parameters = [1.96367436 0.50558489 0.13950275 0.27540657]

Round_1_Replicate_9
3092    , -40233.7    , array([ 0.366285   ,  0.1436     ,  0.179155   ,  0.216046   ])
3093    , -38686.3    , array([ 0.348346   ,  0.1436     ,  0.179155   ,  0.216046   ])
3094    , -39385.9    , array([ 0.366285   ,  0.13032    ,  0.179155   ,  0.216046   ])
3095    , -39666      , array([ 0.366285   ,  0.1436     ,  0.164396   ,  0.216046   ])
3096    , -42684.7    , array([ 0.366285   ,  0.1436     ,  0.179155   ,  0.200112   ])
3097    , -36525      , array([ 0.357203   ,  0.136799   ,  0.171617   ,  0.233249   ])
3098    , -33831.2    , array([ 0.352746   ,  0.13352    ,  0.167967   ,  0.251821   ])
3099    , -35511.6    , array([ 0.350539   ,  0.13191    ,  0.166172   ,  0.233249   ])
likelihood = -33831.18
theta = 9183.68
Optimized parameters = [0.35274636 0.13352017 0.16796745 0.25182079]

Round_1_Replicate_10
3100    , -267326     , array([ 0.442263   ,  6.05987    ,  5.16667    ,  7.544      ])
3101    , -263611     , array([ 0.424585   ,  6.05987    ,  5.16667    ,  7.544      ])
3102    , -267927     , array([ 0.442263   ,  6.63111    ,  5.16667    ,  7.544      ])
3103    , -275297     , array([ 0.442263   ,  6.05987    ,  5.60881    ,  7.544      ])
3104    , -267290     , array([ 0.442263   ,  6.05987    ,  5.16667    ,  8.34606    ])
3105    , -257745     , array([ 0.433334   ,  6.33906    ,  4.75938    ,  7.9349     ])
3106    , -248927     , array([ 0.428937   ,  6.48344    ,  4.38419    ,  8.13789    ])
3107    , -255642     , array([ 0.426755   ,  5.72811    ,  4.75938    ,  8.24132    ])
likelihood = -248926.99
theta = 3604.77
Optimized parameters = [0.42893677 6.48344202 4.38419135 8.13788757]

Round_2_Replicate_1
3108    , -36506.1    , array([ 0.238184   ,  0.125962   ,  0.110459   ,  0.14818    ])
3109    , -34347.4    , array([ 0.221696   ,  0.125962   ,  0.110459   ,  0.14818    ])
3110    , -35256.6    , array([ 0.238184   ,  0.113567   ,  0.110459   ,  0.14818    ])
3111    , -36211.2    , array([ 0.238184   ,  0.125962   ,  0.098938   ,  0.14818    ])
3112    , -40296.5    , array([ 0.238184   ,  0.125962   ,  0.110459   ,  0.134688   ])
3113    , -31277.9    , array([ 0.229792   ,  0.119604   ,  0.10454    ,  0.163023   ])
3114    , -27442.3    , array([ 0.225708   ,  0.116546   ,  0.101701   ,  0.179353   ])
3115    , -30038.8    , array([ 0.223693   ,  0.115047   ,  0.10031    ,  0.163023   ])
3116    , -27619.3    , array([ 0.216781   ,  0.109949   ,  0.112765   ,  0.170993   ])
3117    , -24528.5    , array([ 0.206812   ,  0.119992   ,  0.102051   ,  0.183685   ])
3118    , -19808.5    , array([ 0.192712   ,  0.123339   ,  0.0980902  ,  0.204512   ])
likelihood = -19808.5
theta = 11611.28
Optimized parameters = [0.19271213 0.12333939 0.09809021 0.20451162]

Round_2_Replicate_2
3119    , -20446      , array([ 0.309435   ,  0.295263   ,  0.282652   ,  0.764218   ])
3120    , -19105.1    , array([ 0.291808   ,  0.295263   ,  0.282652   ,  0.764218   ])
3121    , -20135.2    , array([ 0.309435   ,  0.277791   ,  0.282652   ,  0.764218   ])
3122    , -19470.4    , array([ 0.309435   ,  0.295263   ,  0.265348   ,  0.764218   ])
3123    , -20558.5    , array([ 0.309435   ,  0.295263   ,  0.282652   ,  0.754012   ])
3124    , -19015.8    , array([ 0.300492   ,  0.286394   ,  0.273863   ,  0.774562   ])
3125    , -18281.7    , array([ 0.296119   ,  0.28206    ,  0.269572   ,  0.785047   ])
3126    , -18071.3    , array([ 0.293956   ,  0.279918   ,  0.267451   ,  0.774562   ])
3127    , -16970.1    , array([ 0.286509   ,  0.272547   ,  0.26016    ,  0.779787   ])
3128    , -16848.7    , array([ 0.282856   ,  0.2947     ,  0.25659    ,  0.782412   ])
3129    , -15392.4    , array([ 0.270436   ,  0.303537   ,  0.244474   ,  0.791671   ])
3130    , -15465.1    , array([ 0.264432   ,  0.281121   ,  0.262352   ,  0.796342   ])
likelihood = -15392.43
theta = 9304.07
Optimized parameters = [0.27043588 0.30353694 0.24447386 0.7916715 ]

Round_2_Replicate_3
3131    , -123054     , array([ 0.93962    ,  0.403937   ,  0.533603   ,  0.189802   ])
3132    , -122927     , array([ 0.936698   ,  0.403937   ,  0.533603   ,  0.189802   ])
3133    , -121201     , array([ 0.93962    ,  0.386037   ,  0.533603   ,  0.189802   ])
3134    , -122236     , array([ 0.93962    ,  0.403937   ,  0.517106   ,  0.189802   ])
3135    , -127451     , array([ 0.93962    ,  0.403937   ,  0.533603   ,  0.174669   ])
3136    , -117546     , array([ 0.938158   ,  0.394886   ,  0.52529    ,  0.206246   ])
3137    , -113039     , array([ 0.937428   ,  0.390436   ,  0.521182   ,  0.224115   ])
3138    , -116517     , array([ 0.937063   ,  0.38823    ,  0.51914    ,  0.206246   ])
3139    , -113586     , array([ 0.940168   ,  0.380608   ,  0.512056   ,  0.214995   ])
3140    , -110424     , array([ 0.937519   ,  0.369454   ,  0.525805   ,  0.228819   ])
3141    , -105437     , array([ 0.93647    ,  0.353332   ,  0.53021    ,  0.251239   ])
likelihood = -105437.41
theta = 5690.88
Optimized parameters = [0.93647028 0.35333214 0.53021009 0.25123943]

Round_2_Replicate_4
3142    , -12614.2    , array([ 0.142009   ,  0.0512154  ,  0.0627344  ,  0.274451   ])
3143    , -11222      , array([ 0.128804   ,  0.0512154  ,  0.0627344  ,  0.274451   ])
3144    , -13898.3    , array([ 0.142009   ,  0.0441439  ,  0.0627344  ,  0.274451   ])
3145    , -12615.7    , array([ 0.142009   ,  0.0512154  ,  0.0546237  ,  0.274451   ])
3146    , -13128.2    , array([ 0.142009   ,  0.0512154  ,  0.0627344  ,  0.257269   ])
3147    , -10814.3    , array([ 0.135245   ,  0.0594197  ,  0.0585387  ,  0.265721   ])
3148    , -9308.71    , array([ 0.131986   ,  0.0689383  ,  0.0565473  ,  0.261461   ])
3149    , -9879.28    , array([ 0.130385   ,  0.0594197  ,  0.0555772  ,  0.285767   ])
3150    , -8931.87    , array([ 0.124935   ,  0.0640023  ,  0.0643842  ,  0.273344   ])
3151    , -7276.24    , array([ 0.117185   ,  0.0715473  ,  0.0699001  ,  0.272793   ])
3152    , -6489.2     , array([ 0.113491   ,  0.075647   ,  0.0591753  ,  0.272517   ])
3153    , -4214.26    , array([ 0.101458   ,  0.0919364  ,  0.0574722  ,  0.271555   ])
likelihood = -4214.26
theta = 16110.27
Optimized parameters = [0.10145827 0.09193637 0.05747222 0.27155543]

Round_2_Replicate_5
3154    , -83079.2    , array([ 0.77645    ,  0.522371   ,  0.183516   ,  0.285031   ])
3155    , -82565.3    , array([ 0.766689   ,  0.522371   ,  0.183516   ,  0.285031   ])
3156    , -82028.9    , array([ 0.77645    ,  0.505683   ,  0.183516   ,  0.285031   ])
3157    , -82099.2    , array([ 0.77645    ,  0.522371   ,  0.1686     ,  0.285031   ])
3158    , -86567.1    , array([ 0.77645    ,  0.522371   ,  0.183516   ,  0.267693   ])
3159    , -78458.3    , array([ 0.771554   ,  0.513959   ,  0.1759     ,  0.303492   ])
3160    , -74635.2    , array([ 0.769118   ,  0.509804   ,  0.172212   ,  0.323149   ])
3161    , -77521.6    , array([ 0.767902   ,  0.507739   ,  0.170396   ,  0.303492   ])
3162    , -75575.9    , array([ 0.778294   ,  0.500578   ,  0.164193   ,  0.313167   ])
3163    , -73025      , array([ 0.769422   ,  0.490024   ,  0.176367   ,  0.328259   ])
3164    , -68965.4    , array([ 0.765932   ,  0.47461    ,  0.180383   ,  0.352273   ])
likelihood = -68965.41
theta = 5879.6
Optimized parameters = [0.76593169 0.4746102  0.18038337 0.352273  ]

Round_2_Replicate_6
3165    , -41375.9    , array([ 0.128842   ,  0.126002   ,  0.265778   ,  0.0899712  ])
3166    , -37917.1    , array([ 0.116295   ,  0.126002   ,  0.265778   ,  0.0899712  ])
3167    , -39453      , array([ 0.128842   ,  0.113605   ,  0.265778   ,  0.0899712  ])
3168    , -41106.5    , array([ 0.128842   ,  0.126002   ,  0.24874    ,  0.0899712  ])
3169    , -47360.7    , array([ 0.128842   ,  0.126002   ,  0.265778   ,  0.0797644  ])
3170    , -33281.8    , array([ 0.122408   ,  0.119643   ,  0.257118   ,  0.101484   ])
3171    , -27354.4    , array([ 0.119313   ,  0.116585   ,  0.252894   ,  0.11447    ])
3172    , -31385.9    , array([ 0.117794   ,  0.115086   ,  0.250809   ,  0.101484   ])
3173    , -27366.9    , array([ 0.112631   ,  0.109987   ,  0.269101   ,  0.107782   ])
3174    , -23217.9    , array([ 0.105307   ,  0.120031   ,  0.253419   ,  0.117969   ])
3175    , -16849.2    , array([ 0.0952037  ,  0.123379   ,  0.247456   ,  0.135082   ])
likelihood = -16849.21
theta = 13669.11
Optimized parameters = [0.09520366 0.12337932 0.24745591 0.13508238]

Round_2_Replicate_7
3176    , -4368.73    , array([ 0.129212   ,  0.15551    ,  0.0761962  ,  0.340068   ])
3177    , -3447.47    , array([ 0.116645   ,  0.15551    ,  0.0761962  ,  0.340068   ])
3178    , -4325.81    , array([ 0.129212   ,  0.141692   ,  0.0761962  ,  0.340068   ])
3179    , -4248.69    , array([ 0.129212   ,  0.15551    ,  0.0669931  ,  0.340068   ])
3180    , -4831.91    , array([ 0.129212   ,  0.15551    ,  0.0761962  ,  0.322214   ])
3181    , -3460.87    , array([ 0.122768   ,  0.148441   ,  0.0714466  ,  0.358912   ])
3182    , -3382.47    , array([ 0.119668   ,  0.145027   ,  0.0691841  ,  0.349363   ])
3183    , -3021.42    , array([ 0.115163   ,  0.140054   ,  0.0659238  ,  0.354105   ])
3184    , -2840.48    , array([ 0.112975   ,  0.158247   ,  0.0643518  ,  0.356501   ])
3185    , -2368.27    , array([ 0.105638   ,  0.167236   ,  0.059139   ,  0.365012   ])
3186    , -2145.3     , array([ 0.102151   ,  0.149524   ,  0.0687679  ,  0.369344   ])
3187    , -1640.64    , array([ 0.0908261  ,  0.146617   ,  0.0696728  ,  0.384913   ])
likelihood = -1640.64
theta = 15286.53
Optimized parameters = [0.09082608 0.1466174  0.06967279 0.38491341]

Round_2_Replicate_8
3188    , -63768.4    , array([ 0.291603   ,  0.170588   ,  0.456056   ,  0.1308     ])
3189    , -61434.7    , array([ 0.274177   ,  0.170588   ,  0.456056   ,  0.1308     ])
3190    , -61727.2    , array([ 0.291603   ,  0.156151   ,  0.456056   ,  0.1308     ])
3191    , -63275.4    , array([ 0.291603   ,  0.170588   ,  0.4385     ,  0.1308     ])
3192    , -68652.1    , array([ 0.291603   ,  0.170588   ,  0.456056   ,  0.118151   ])
3193    , -56913.9    , array([ 0.282756   ,  0.16321    ,  0.447192   ,  0.144803   ])
3194    , -51754      , array([ 0.278434   ,  0.159641   ,  0.442824   ,  0.160305   ])
3195    , -55209.5    , array([ 0.276297   ,  0.157886   ,  0.440657   ,  0.144803   ])
3196    , -52038.1    , array([ 0.268948   ,  0.151895   ,  0.459426   ,  0.152357   ])
3197    , -48519.7    , array([ 0.25829    ,  0.163661   ,  0.443368   ,  0.164433   ])
3198    , -42479.2    , array([ 0.243089   ,  0.167551   ,  0.437157   ,  0.184366   ])
likelihood = -42479.21
theta = 10008.7
Optimized parameters = [0.24308892 0.16755089 0.43715696 0.18436584]

Round_2_Replicate_9
3199    , -25686.2    , array([ 0.197079   ,  0.182377   ,  0.576492   ,  0.366788   ])
3200    , -23468.6    , array([ 0.181708   ,  0.182377   ,  0.576492   ,  0.366788   ])
3201    , -25132.1    , array([ 0.197079   ,  0.167501   ,  0.576492   ,  0.366788   ])
3202    , -25156.1    , array([ 0.197079   ,  0.182377   ,  0.560832   ,  0.366788   ])
3203    , -26318.9    , array([ 0.197079   ,  0.182377   ,  0.576492   ,  0.348847   ])
3204    , -23464.4    , array([ 0.189238   ,  0.174781   ,  0.568608   ,  0.38565    ])
3205    , -22198.3    , array([ 0.185434   ,  0.171103   ,  0.564706   ,  0.405483   ])
3206    , -22283.9    , array([ 0.183562   ,  0.169292   ,  0.562766   ,  0.38565    ])
3207    , -21476.8    , array([ 0.177155   ,  0.163106   ,  0.579476   ,  0.395443   ])
3208    , -19906.6    , array([ 0.167961   ,  0.154249   ,  0.589029   ,  0.410599   ])
3209    , -19053.7    , array([ 0.163544   ,  0.170421   ,  0.569832   ,  0.418394   ])
3210    , -16617.8    , array([ 0.148981   ,  0.171901   ,  0.566532   ,  0.446859   ])
likelihood = -16617.8
theta = 13414.02
Optimized parameters = [0.14898149 0.17190055 0.56653182 0.44685891]

Round_2_Replicate_10
3211    , -46628.7    , array([ 0.611118   ,  0.0852908  ,  0.140646   ,  0.268604   ])
3212    , -45953.2    , array([ 0.596254   ,  0.0852908  ,  0.140646   ,  0.268604   ])
3213    , -47027.1    , array([ 0.611118   ,  0.0754132  ,  0.140646   ,  0.268604   ])
3214    , -45960.3    , array([ 0.611118   ,  0.0852908  ,  0.127507   ,  0.268604   ])
3215    , -47819.4    , array([ 0.611118   ,  0.0852908  ,  0.140646   ,  0.251517   ])
3216    , -45024.6    , array([ 0.60364    ,  0.0802001  ,  0.133915   ,  0.286851   ])
3217    , -43761.8    , array([ 0.599935   ,  0.0777698  ,  0.130672   ,  0.306338   ])
3218    , -44088.4    , array([ 0.598092   ,  0.092111   ,  0.12908    ,  0.286851   ])
3219    , -43203.8    , array([ 0.591683   ,  0.0846372  ,  0.123658   ,  0.296434   ])
3220    , -41569.4    , array([ 0.582199   ,  0.0843123  ,  0.11595    ,  0.311413   ])
3221    , -41678.4    , array([ 0.577514   ,  0.0841503  ,  0.130073   ,  0.319184   ])
likelihood = -41569.37
theta = 7638.6
Optimized parameters = [0.58219909 0.08431226 0.11595016 0.31141309]

Round_3_Replicate_1
3222    , -50743.9    , array([ 0.187432   ,  0.50707    ,  0.0813148  ,  0.155091   ])
3223    , -47357.2    , array([ 0.172379   ,  0.50707    ,  0.0813148  ,  0.155091   ])
3224    , -50159.5    , array([ 0.187432   ,  0.490142   ,  0.0813148  ,  0.155091   ])
3225    , -50486      , array([ 0.187432   ,  0.50707    ,  0.0717262  ,  0.155091   ])
3226    , -55840.3    , array([ 0.187432   ,  0.50707    ,  0.0813148  ,  0.141291   ])
3227    , -43988.3    , array([ 0.179748   ,  0.498534   ,  0.0763702  ,  0.170238   ])
3228    , -38786      , array([ 0.176025   ,  0.49432    ,  0.0740118  ,  0.186865   ])
3229    , -42534.9    , array([ 0.174193   ,  0.492226   ,  0.0728601  ,  0.170238   ])
3230    , -39187.5    , array([ 0.167928   ,  0.484968   ,  0.0832505  ,  0.178358   ])
3231    , -34725.7    , array([ 0.158951   ,  0.499063   ,  0.0743026  ,  0.191269   ])
3232    , -28701.9    , array([ 0.146377   ,  0.503585   ,  0.0710266  ,  0.21241    ])
3233    , -28298.5    , array([ 0.159263   ,  0.480741   ,  0.0694432  ,  0.223841   ])
3234    , -21267.8    , array([ 0.153085   ,  0.468094   ,  0.064174   ,  0.268916   ])
3235    , -22592.9    , array([ 0.147748   ,  0.482946   ,  0.0727352  ,  0.2563     ])
3236    , -18471.1    , array([ 0.143756   ,  0.489151   ,  0.0595013  ,  0.293252   ])
3237    , -12436.1    , array([ 0.133008   ,  0.491256   ,  0.0503032  ,  0.376024   ])
3238    , -10635.1    , array([ 0.119214   ,  0.478408   ,  0.0551772  ,  0.397055   ])
3239    , -5787.62    , array([ 0.0981081  ,  0.470645   ,  0.0476418  ,  0.578777   ])
3240    , -5661.2     , array([ 0.117367   ,  0.453987   ,  0.0470894  ,  0.576595   ])
3241    , -2150.92    , array([ 0.105094   ,  0.431051   ,  0.038342   ,  0.949991   ])
likelihood = -2150.92
theta = 10061.04
Optimized parameters = [0.10509442 0.43105149 0.03834197 0.94999078]

Round_3_Replicate_2
3242    , -20438.1    , array([ 0.345264   ,  0.0517332  ,  0.0514887  ,  0.61596    ])
3243    , -19445.8    , array([ 0.327386   ,  0.0517332  ,  0.0514887  ,  0.61596    ])
3244    , -21620      , array([ 0.345264   ,  0.0446127  ,  0.0514887  ,  0.61596    ])
3245    , -20309.6    , array([ 0.345264   ,  0.0517332  ,  0.0443912  ,  0.61596    ])
3246    , -20664.2    , array([ 0.345264   ,  0.0517332  ,  0.0514887  ,  0.601216   ])
3247    , -18836      , array([ 0.336206   ,  0.0599903  ,  0.0478084  ,  0.608543   ])
3248    , -17510.5    , array([ 0.331767   ,  0.0695653  ,  0.0460682  ,  0.604868   ])
3249    , -18187.2    , array([ 0.329569   ,  0.0599903  ,  0.0452219  ,  0.625359   ])
3250    , -17314.7    , array([ 0.321991   ,  0.0646007  ,  0.0423807  ,  0.615028   ])
3251    , -15847.4    , array([ 0.310949   ,  0.0721889  ,  0.03845    ,  0.614563   ])
3252    , -15249.8    , array([ 0.305571   ,  0.0763111  ,  0.045749   ,  0.61433    ])
3253    , -12922      , array([ 0.287469   ,  0.0926822  ,  0.0464434  ,  0.613517   ])
3254    , -12955.9    , array([ 0.301974   ,  0.102141   ,  0.0374605  ,  0.61311    ])
3255    , -11598.7    , array([ 0.287141   ,  0.114934   ,  0.0388193  ,  0.597953   ])
3256    , -8918.22    , array([ 0.268022   ,  0.159086   ,  0.0359664  ,  0.584704   ])
3257    , -8264.47    , array([ 0.256376   ,  0.149885   ,  0.03367    ,  0.607817   ])
3258    , -5429.04    , array([ 0.225372   ,  0.220009   ,  0.0287849  ,  0.609296   ])
3259    , -6116.4     , array([ 0.232877   ,  0.252153   ,  0.0349047  ,  0.59566    ])
3260    , -5334.59    , array([ 0.210583   ,  0.280005   ,  0.0345829  ,  0.588513   ])
3261    , -7331.82    , array([ 0.175853   ,  0.463605   ,  0.0332281  ,  0.576586   ])
likelihood = -5334.59
theta = 10368.98
Optimized parameters = [0.21058323 0.28000508 0.0345829  0.58851273]

Round_3_Replicate_3
3262    , -25349.5    , array([ 0.0522241  ,  0.393876   ,  0.0390217  ,  0.10993    ])
3263    , -24025.8    , array([ 0.0450572  ,  0.393876   ,  0.0390217  ,  0.10993    ])
3264    , -24801.6    , array([ 0.0522241  ,  0.375947   ,  0.0390217  ,  0.10993    ])
3265    , -25296.5    , array([ 0.0522241  ,  0.393876   ,  0.0331796  ,  0.10993    ])
3266    , -28007.6    , array([ 0.0522241  ,  0.393876   ,  0.0390217  ,  0.09844    ])
3267    , -22157      , array([ 0.0485085  ,  0.384807   ,  0.0359823  ,  0.122761   ])
3268    , -19954.3    , array([ 0.046751   ,  0.380351   ,  0.0345525  ,  0.13709    ])
3269    , -21630.1    , array([ 0.0458963  ,  0.378143   ,  0.0338591  ,  0.122761   ])
3270    , -20301.4    , array([ 0.043026   ,  0.370514   ,  0.0402265  ,  0.129728   ])
3271    , -19523.4    , array([ 0.0390536  ,  0.385368   ,  0.0347281  ,  0.140926   ])
3272    , -18513      , array([ 0.033772   ,  0.390166   ,  0.0327618  ,  0.159561   ])
3273    , -16613      , array([ 0.039189   ,  0.36609    ,  0.0318209  ,  0.169784   ])
3274    , -13927.8    , array([ 0.036548   ,  0.352942   ,  0.0287353  ,  0.211002   ])
3275    , -15291      , array([ 0.0343315  ,  0.368396   ,  0.0337841  ,  0.199327   ])
3276    , -14001      , array([ 0.0327131  ,  0.374905   ,  0.0260601  ,  0.233808   ])
3277    , -12404.6    , array([ 0.0251841  ,  0.362585   ,  0.0263485  ,  0.288945   ])
3278    , -10310.2    , array([ 0.0184839  ,  0.354015   ,  0.0230088  ,  0.419489   ])
3279    , -8560.62    , array([ 0.0257917  ,  0.336691   ,  0.0232879  ,  0.402521   ])
3280    , -6496.77    , array([ 0.0225393  ,  0.312768   ,  0.0196341  ,  0.63932    ])
likelihood = -6496.77
theta = 13389.15
Optimized parameters = [0.02253931 0.31276818 0.01963412 0.63931999]

Round_3_Replicate_4
3281    , -10715.7    , array([ 0.0884632  ,  0.46885    ,  0.243793   ,  0.559978   ])
3282    , -10423.6    , array([ 0.0783612  ,  0.46885    ,  0.243793   ,  0.559978   ])
3283    , -10220.3    , array([ 0.0884632  ,  0.451425   ,  0.243793   ,  0.559978   ])
3284    , -10240.8    , array([ 0.0884632  ,  0.46885    ,  0.227181   ,  0.559978   ])
3285    , -10930.3    , array([ 0.0884632  ,  0.46885    ,  0.243793   ,  0.543975   ])
3286    , -9866.19    , array([ 0.0832591  ,  0.460055   ,  0.235341   ,  0.576451   ])
3287    , -9371.08    , array([ 0.080773   ,  0.455719   ,  0.231225   ,  0.593408   ])
3288    , -9424.91    , array([ 0.079558   ,  0.453567   ,  0.229194   ,  0.576451   ])
3289    , -9217.51    , array([ 0.0904976  ,  0.446113   ,  0.222226   ,  0.584868   ])
3290    , -8693.38    , array([ 0.0972534  ,  0.435162   ,  0.212169   ,  0.597725   ])
3291    , -8586.34    , array([ 0.0840516  ,  0.429788   ,  0.230462   ,  0.604259   ])
3292    , -7827.88    , array([ 0.081929   ,  0.411495   ,  0.232119   ,  0.627696   ])
3293    , -7504.77    , array([ 0.0808879  ,  0.426179   ,  0.209553   ,  0.639754   ])
3294    , -6363.1     , array([ 0.0773471  ,  0.41409    ,  0.194281   ,  0.683807   ])
3295    , -6685.38    , array([ 0.0886835  ,  0.405287   ,  0.205223   ,  0.676873   ])
3296    , -5575.87    , array([ 0.0915268  ,  0.380398   ,  0.191641   ,  0.702251   ])
3297    , -4167.66    , array([ 0.0974292  ,  0.347544   ,  0.174468   ,  0.763944   ])
3298    , -4197.69    , array([ 0.0760855  ,  0.356012   ,  0.189391   ,  0.788179   ])
3299    , -3278.33    , array([ 0.0870364  ,  0.350188   ,  0.15637    ,  0.841035   ])
3300    , -1991.13    , array([ 0.0897083  ,  0.32305    ,  0.128344   ,  0.973523   ])
likelihood = -1991.13
theta = 11391.81
Optimized parameters = [0.08970834 0.32304992 0.12834429 0.97352282]

Round_3_Replicate_5
3301    , -17482      , array([ 0.0318959  ,  0.251681   ,  0.0277368  ,  0.111243   ])
3302    , -17926.7    , array([ 0.0268486  ,  0.251681   ,  0.0277368  ,  0.111243   ])
3303    , -16589.6    , array([ 0.0318959  ,  0.234906   ,  0.0277368  ,  0.111243   ])
3304    , -17483.5    , array([ 0.0318959  ,  0.251681   ,  0.0231851  ,  0.111243   ])
3305    , -18990.9    , array([ 0.0318959  ,  0.251681   ,  0.0277368  ,  0.0996747  ])
3306    , -15921.5    , array([ 0.0292637  ,  0.243149   ,  0.025359   ,  0.124153   ])
3307    , -14645.9    , array([ 0.0280301  ,  0.238992   ,  0.0242477  ,  0.138562   ])
3308    , -15109.3    , array([ 0.0355217  ,  0.23694    ,  0.0237104  ,  0.124153   ])
3309    , -14286.1    , array([ 0.0315544  ,  0.229896   ,  0.0286848  ,  0.13116    ])
3310    , -12752.1    , array([ 0.0313849  ,  0.219721   ,  0.0319061  ,  0.142418   ])
3311    , -12051.6    , array([ 0.0313006  ,  0.214804   ,  0.0257166  ,  0.148405   ])
3312    , -9613.6     , array([ 0.0310071  ,  0.198444   ,  0.0247624  ,  0.17141    ])
3313    , -9685.88    , array([ 0.0308614  ,  0.21153    ,  0.0242987  ,  0.184218   ])
3314    , -8782.33    , array([ 0.0258296  ,  0.19815    ,  0.0287753  ,  0.201063   ])
3315    , -6651.7     , array([ 0.0220257  ,  0.181206   ,  0.0317001  ,  0.255869   ])
3316    , -5344.06    , array([ 0.0290161  ,  0.171059   ,  0.0321725  ,  0.244811   ])
3317    , -3536.03    , array([ 0.029522   ,  0.144719   ,  0.0370589  ,  0.325406   ])
3318    , -4450.9     , array([ 0.0251336  ,  0.151002   ,  0.0263506  ,  0.36003    ])
3319    , -4769.19    , array([ 0.0230665  ,  0.132522   ,  0.0360318  ,  0.389115   ])
likelihood = -3536.03
theta = 17675.55
Optimized parameters = [0.02952201 0.14471921 0.03705887 0.32540551]

Round_4_Replicate_1
3320    , -2051.13    , array([ 0.0672398  ,  0.289523   ,  0.0382684  ,  0.619617   ])
3321    , -2312.71    , array([ 0.05875    ,  0.289523   ,  0.0382684  ,  0.619617   ])
3322    , -1826.35    , array([ 0.0672398  ,  0.272124   ,  0.0382684  ,  0.619617   ])
3323    , -2109.01    , array([ 0.0672398  ,  0.289523   ,  0.0325074  ,  0.619617   ])
3324    , -2115.61    , array([ 0.0672398  ,  0.289523   ,  0.0382684  ,  0.604964   ])
3325    , -1805.37    , array([ 0.0769565  ,  0.280688   ,  0.0352705  ,  0.612247   ])
3326    , -1685.56    , array([ 0.0880772  ,  0.276373   ,  0.0338608  ,  0.608595   ])
3327    , -1690.41    , array([ 0.0769565  ,  0.27424    ,  0.0331772  ,  0.628955   ])
3328    , -1534.21    , array([ 0.0823293  ,  0.266904   ,  0.0394572  ,  0.618691   ])
3329    , -1387.83    , array([ 0.0911     ,  0.256267   ,  0.0434708  ,  0.618228   ])
3330    , -1397.57    , array([ 0.0958298  ,  0.251108   ,  0.0357229  ,  0.617997   ])
3331    , -1607.82    , array([ 0.114403   ,  0.256639   ,  0.0345144  ,  0.617189   ])
3332    , -1719.1     , array([ 0.121875   ,  0.246351   ,  0.0406052  ,  0.602312   ])
3333    , -1532.93    , array([ 0.0863302  ,  0.266985   ,  0.034896   ,  0.622186   ])
3334    , -1348.03    , array([ 0.105425   ,  0.240262   ,  0.040389   ,  0.629374   ])
3335    , -1417.55    , array([ 0.115342   ,  0.224016   ,  0.044111   ,  0.640028   ])
3336    , -1376.07    , array([ 0.0779159  ,  0.250345   ,  0.0428639  ,  0.626706   ])
3337    , -1244.57    , array([ 0.0980918  ,  0.233024   ,  0.0469867  ,  0.623928   ])
3338    , -1269.7     , array([ 0.104561   ,  0.2177     ,  0.0545224  ,  0.6248     ])
3339    , -1202.59    , array([ 0.0894048  ,  0.23867    ,  0.0526401  ,  0.631163   ])
3340    , -1146.57    , array([ 0.0863558  ,  0.232685   ,  0.0639002  ,  0.637851   ])
3341    , -1140.7     , array([ 0.091565   ,  0.222846   ,  0.0524467  ,  0.640861   ])
3342    , -1129.98    , array([ 0.0917984  ,  0.207808   ,  0.0576073  ,  0.652487   ])
3343    , -1471.46    , array([ 0.116205   ,  0.207835   ,  0.061662   ,  0.645064   ])
3344    , -1221.55    , array([ 0.0861046  ,  0.238965   ,  0.0469432  ,  0.631246   ])
3345    , -1083.55    , array([ 0.0776152  ,  0.215972   ,  0.0705505  ,  0.643284   ])
3346    , -1127.36    , array([ 0.0665959  ,  0.204764   ,  0.0932435  ,  0.650354   ])
3347    , -1085.79    , array([ 0.0742022  ,  0.214378   ,  0.0743107  ,  0.658888   ])
likelihood = -1083.55
theta = 13617.58
Optimized parameters = [0.07761523 0.21597199 0.07055053 0.64328414]

Round_4_Replicate_2
3348    , -5067.44    , array([ 0.0994796  ,  0.0816162  ,  0.105693   ,  0.254344   ])
3349    , -4032.64    , array([ 0.0886381  ,  0.0816162  ,  0.105693   ,  0.254344   ])
3350    , -5821.08    , array([ 0.0994796  ,  0.0720054  ,  0.105693   ,  0.254344   ])
3351    , -5006.35    , array([ 0.0994796  ,  0.0816162  ,  0.0944602  ,  0.254344   ])
3352    , -5390.99    , array([ 0.0994796  ,  0.0816162  ,  0.105693   ,  0.237516   ])
3353    , -4093.94    , array([ 0.0939025  ,  0.0925098  ,  0.0999189  ,  0.245786   ])
3354    , -3787.44    , array([ 0.0912324  ,  0.0868924  ,  0.0971512  ,  0.267743   ])
3355    , -3239.88    , array([ 0.0873688  ,  0.0896571  ,  0.0931428  ,  0.28427    ])
3356    , -3140.36    , array([ 0.0854988  ,  0.0910723  ,  0.091201   ,  0.264329   ])
3357    , -2485.72    , array([ 0.0792635  ,  0.0962035  ,  0.0847181  ,  0.269467   ])
3358    , -2244.12    , array([ 0.0763185  ,  0.0988766  ,  0.0966409  ,  0.272073   ])
3359    , -1632.07    , array([ 0.0668464  ,  0.108831   ,  0.09775    ,  0.281396   ])
3360    , -2139.1     , array([ 0.0682161  ,  0.094616   ,  0.0903643  ,  0.301253   ])
3361    , -1513.09    , array([ 0.0633982  ,  0.11547    ,  0.0789901  ,  0.316826   ])
3362    , -1497.57    , array([ 0.0536173  ,  0.137346   ,  0.0682867  ,  0.353607   ])
3363    , -1545.1     , array([ 0.0503866  ,  0.1301     ,  0.0767474  ,  0.31616    ])
3364    , -1740.09    , array([ 0.0442812  ,  0.140998   ,  0.080312   ,  0.361271   ])
3365    , -2356.93    , array([ 0.0414545  ,  0.175011   ,  0.0709826  ,  0.353882   ])
3366    , -1579.38    , array([ 0.0602293  ,  0.110342   ,  0.0850718  ,  0.313627   ])
3367    , -1998.17    , array([ 0.074479   ,  0.103891   ,  0.0821998  ,  0.274945   ])
3368    , -1521.33    , array([ 0.0504281  ,  0.130634   ,  0.0807799  ,  0.337432   ])
3369    , -1989.27    , array([ 0.0428521  ,  0.147466   ,  0.0613942  ,  0.386541   ])
3370    , -1434.76    , array([ 0.0598138  ,  0.117419   ,  0.0870201  ,  0.30464    ])
3371    , -1729.84    , array([ 0.0473957  ,  0.150039   ,  0.071347   ,  0.341813   ])
3372    , -1473.07    , array([ 0.0567271  ,  0.119153   ,  0.081411   ,  0.320447   ])
3373    , -1451.62    , array([ 0.0601132  ,  0.121781   ,  0.081453   ,  0.341365   ])
3374    , -1509.91    , array([ 0.0655784  ,  0.117102   ,  0.0777087  ,  0.321703   ])
3375    , -1449.9     , array([ 0.06141    ,  0.120348   ,  0.0784654  ,  0.325566   ])
likelihood = -1434.76
theta = 17462.9
Optimized parameters = [0.05981382 0.11741867 0.08702009 0.30464042]

Round_4_Replicate_3
3376    , -4719.3     , array([ 0.143104   ,  0.160894   ,  0.0435984  ,  0.354055   ])
3377    , -3783.11    , array([ 0.129847   ,  0.160894   ,  0.0435984  ,  0.354055   ])
3378    , -4723.03    , array([ 0.143104   ,  0.146848   ,  0.0435984  ,  0.354055   ])
3379    , -4656.02    , array([ 0.143104   ,  0.160894   ,  0.0372772  ,  0.354055   ])
3380    , -5187.1     , array([ 0.143104   ,  0.160894   ,  0.0435984  ,  0.336144   ])
3381    , -3850.77    , array([ 0.136314   ,  0.153711   ,  0.0403141  ,  0.372922   ])
3382    , -3847.05    , array([ 0.133042   ,  0.172304   ,  0.0387659  ,  0.363366   ])
3383    , -3394.72    , array([ 0.128279   ,  0.162742   ,  0.0365545  ,  0.368113   ])
3384    , -2898.83    , array([ 0.121453   ,  0.163674   ,  0.0334715  ,  0.37535    ])
3385    , -2703.54    , array([ 0.118178   ,  0.164142   ,  0.0405119  ,  0.379021   ])
3386    , -2101.51    , array([ 0.107393   ,  0.16579    ,  0.042233   ,  0.392157   ])
3387    , -2540.56    , array([ 0.110119   ,  0.178436   ,  0.0383413  ,  0.36901    ])
3388    , -2001.39    , array([ 0.102649   ,  0.161989   ,  0.0396536  ,  0.381643   ])
3389    , -1607.81    , array([ 0.0901644  ,  0.157065   ,  0.040105   ,  0.391124   ])
3390    , -1545.33    , array([ 0.0876411  ,  0.1714     ,  0.0338163  ,  0.411673   ])
3391    , -1547.31    , array([ 0.0720022  ,  0.176907   ,  0.029782   ,  0.443909   ])
3392    , -1411.4     , array([ 0.0795944  ,  0.172419   ,  0.0442738  ,  0.406674   ])
3393    , -1411.57    , array([ 0.0644346  ,  0.176966   ,  0.0509193  ,  0.423303   ])
3394    , -1448.79    , array([ 0.0746346  ,  0.155466   ,  0.0415331  ,  0.434259   ])
3395    , -1566.37    , array([ 0.0637978  ,  0.162031   ,  0.0373922  ,  0.430003   ])
3396    , -1531.72    , array([ 0.0639194  ,  0.173713   ,  0.0380212  ,  0.452059   ])
3397    , -1504.07    , array([ 0.0904224  ,  0.174355   ,  0.0411212  ,  0.421599   ])
3398    , -1349.01    , array([ 0.0668586  ,  0.16624    ,  0.0501407  ,  0.445648   ])
3399    , -1411.73    , array([ 0.0583959  ,  0.163718   ,  0.0610551  ,  0.463673   ])
3400    , -1602.03    , array([ 0.0937551  ,  0.160458   ,  0.0512121  ,  0.402947   ])
3401    , -1404.1     , array([ 0.0703434  ,  0.1703     ,  0.0409602  ,  0.439247   ])
likelihood = -1349.01
theta = 15456.05
Optimized parameters = [0.06685862 0.16623978 0.05014067 0.44564838]

Round_4_Replicate_4
3402    , -6178.15    , array([ 0.138718   ,  0.085782   ,  0.124519   ,  0.497274   ])
3403    , -5406.44    , array([ 0.125672   ,  0.085782   ,  0.124519   ,  0.497274   ])
3404    , -6907.55    , array([ 0.138718   ,  0.0758693  ,  0.124519   ,  0.497274   ])
3405    , -6094.93    , array([ 0.138718   ,  0.085782   ,  0.112201   ,  0.497274   ])
3406    , -6248.85    , array([ 0.138718   ,  0.085782   ,  0.124519   ,  0.480203   ])
3407    , -5079.66    , array([ 0.132034   ,  0.0969899  ,  0.1182     ,  0.488664   ])
3408    , -4271.12    , array([ 0.128814   ,  0.109662   ,  0.115162   ,  0.484415   ])
3409    , -4737.86    , array([ 0.127234   ,  0.0969899  ,  0.113672   ,  0.508249   ])
3410    , -4135.83    , array([ 0.121853   ,  0.103132   ,  0.108608   ,  0.496189   ])
3411    , -3302.98    , array([ 0.114206   ,  0.113081   ,  0.101432   ,  0.495648   ])
3412    , -3001.44    , array([ 0.110564   ,  0.11841    ,  0.114601   ,  0.495377   ])
3413    , -2011.44    , array([ 0.098708   ,  0.139118   ,  0.11582    ,  0.494432   ])
3414    , -2070.66    , array([ 0.108159   ,  0.150793   ,  0.0995914  ,  0.49396    ])
3415    , -1676.07    , array([ 0.0984988  ,  0.166295   ,  0.102115   ,  0.476451   ])
3416    , -1878.47    , array([ 0.0866653  ,  0.217749   ,  0.096785   ,  0.461305   ])
3417    , -1275.15    , array([ 0.0850752  ,  0.181117   ,  0.094913   ,  0.495766   ])
3418    , -1701.22    , array([ 0.0691389  ,  0.232762   ,  0.0861657  ,  0.501541   ])
3419    , -1804.92    , array([ 0.0828204  ,  0.222287   ,  0.10424    ,  0.484589   ])
3420    , -1473.98    , array([ 0.0765243  ,  0.202389   ,  0.108616   ,  0.48161    ])
3421    , -2599.83    , array([ 0.07383    ,  0.264598   ,  0.0904463  ,  0.474871   ])
3422    , -1511.08    , array([ 0.0917957  ,  0.163375   ,  0.108877   ,  0.489467   ])
3423    , -1716.83    , array([ 0.0926383  ,  0.141968   ,  0.102704   ,  0.486949   ])
3424    , -1462.12    , array([ 0.0900798  ,  0.158808   ,  0.103086   ,  0.486358   ])
3425    , -1212.63    , array([ 0.0744895  ,  0.185448   ,  0.105338   ,  0.50039    ])
3426    , -1268.27    , array([ 0.064778   ,  0.195837   ,  0.106988   ,  0.512807   ])
3427    , -1323.66    , array([ 0.0720012  ,  0.201111   ,  0.0971782  ,  0.492487   ])
3428    , -1274.81    , array([ 0.0837786  ,  0.16183    ,  0.0921394  ,  0.506142   ])
likelihood = -1212.63
theta = 14812.56
Optimized parameters = [0.07448953 0.18544818 0.10533846 0.50038971]

Round_4_Replicate_5
3429    , -1594.49    , array([ 0.0568923  ,  0.128643   ,  0.0782601  ,  0.268377   ])
3430    , -1712.02    , array([ 0.0492954  ,  0.128643   ,  0.0782601  ,  0.268377   ])
3431    , -1505.14    , array([ 0.0568923  ,  0.116106   ,  0.0782601  ,  0.268377   ])
3432    , -1613.51    , array([ 0.0568923  ,  0.128643   ,  0.0688997  ,  0.268377   ])
3433    , -1765.41    , array([ 0.0568923  ,  0.128643   ,  0.0782601  ,  0.251294   ])
3434    , -1529.28    , array([ 0.0529578  ,  0.122214   ,  0.0734309  ,  0.286621   ])
3435    , -1517.64    , array([ 0.0633489  ,  0.119121   ,  0.0711292  ,  0.277349   ])
3436    , -1475.27    , array([ 0.0579208  ,  0.114628   ,  0.0820893  ,  0.281947   ])
3437    , -1539.63    , array([ 0.0584419  ,  0.108204   ,  0.0896027  ,  0.288987   ])
3438    , -1605.5     , array([ 0.0584419  ,  0.108204   ,  0.0740178  ,  0.288987   ])
3439    , -1508.26    , array([ 0.0572758  ,  0.123197   ,  0.0771772  ,  0.273387   ])
3440    , -1609.95    , array([ 0.0652934  ,  0.114353   ,  0.0808729  ,  0.264272   ])
3441    , -1490.33    , array([ 0.0558039  ,  0.1202     ,  0.0752246  ,  0.280862   ])
3442    , -1527.79    , array([ 0.0512298  ,  0.117852   ,  0.0858598  ,  0.274831   ])
3443    , -1489.58    , array([ 0.0600738  ,  0.118803   ,  0.0745561  ,  0.276717   ])
3444    , -1515.18    , array([ 0.0580293  ,  0.111902   ,  0.077776   ,  0.280506   ])
3445    , -1488.14    , array([ 0.0574632  ,  0.120271   ,  0.0773265  ,  0.27515    ])
3446    , -1452.21    , array([ 0.0587129  ,  0.120846   ,  0.076241   ,  0.289326   ])
3447    , -1429.51    , array([ 0.0596449  ,  0.123288   ,  0.0752511  ,  0.300407   ])
3448    , -1465.64    , array([ 0.0618838  ,  0.118221   ,  0.0793315  ,  0.285922   ])
3449    , -1434.26    , array([ 0.0583449  ,  0.119318   ,  0.0825664  ,  0.294992   ])
3450    , -1452.22    , array([ 0.0614616  ,  0.117394   ,  0.0822614  ,  0.307184   ])
3451    , -1402.2     , array([ 0.0628122  ,  0.124651   ,  0.0775698  ,  0.312907   ])
3452    , -1371.61    , array([ 0.0654108  ,  0.129986   ,  0.0754042  ,  0.32964    ])
3453    , -1388.46    , array([ 0.0604418  ,  0.126733   ,  0.0782543  ,  0.331308   ])
3454    , -1385.95    , array([ 0.0603501  ,  0.132606   ,  0.0736062  ,  0.320256   ])
likelihood = -1371.61
theta = 16781.12
Optimized parameters = [0.06541076 0.12998644 0.07540425 0.32964013]
