
Round_1_Replicate_1
424     , -1980.29    , array([ 3.6412     ,  0.512087   ,  0.25161    ,  4.01175    ])
425     , -2031.09    , array([ 3.88425    ,  0.512087   ,  0.25161    ,  4.01175    ])
426     , -1954.57    , array([ 3.6412     ,  0.495235   ,  0.25161    ,  4.01175    ])
427     , -1879.65    , array([ 3.6412     ,  0.512087   ,  0.234836   ,  4.01175    ])
428     , -1976.18    , array([ 3.6412     ,  0.512087   ,  0.25161    ,  4.30032    ])
429     , -1862.81    , array([ 3.41336    ,  0.503591   ,  0.243079   ,  4.15353    ])
430     , -1778.32    , array([ 3.19978    ,  0.499395   ,  0.238922   ,  4.22629    ])
431     , -1815.11    , array([ 3.41336    ,  0.497311   ,  0.23687    ,  4.26315    ])
likelihood = -1778.32
theta = 141.1
Optimized parameters = [3.19978019 0.49939523 0.23892191 4.22629067]

Round_1_Replicate_2
432     , -5972.9     , array([ 1.1199     ,  3.0754     ,  0.467541   ,  1.1438     ])
433     , -5982.59    , array([ 1.12626    ,  3.0754     ,  0.467541   ,  1.1438     ])
434     , -6082.19    , array([ 1.1199     ,  3.2531     ,  0.467541   ,  1.1438     ])
435     , -5858.51    , array([ 1.1199     ,  3.0754     ,  0.450101   ,  1.1438     ])
436     , -5969.54    , array([ 1.1199     ,  3.0754     ,  0.467541   ,  1.15151    ])
437     , -5807.8     , array([ 1.12308    ,  2.90742    ,  0.458738   ,  1.14765    ])
438     , -5668.81    , array([ 1.12467    ,  2.7486     ,  0.454399   ,  1.14957    ])
439     , -5753.37    , array([ 1.11595    ,  2.90742    ,  0.452245   ,  1.15054    ])
likelihood = -5668.81
theta = 141.36
Optimized parameters = [1.12466871 2.7486026  0.45439925 1.14957427]

Round_1_Replicate_3
440     , -5097.11    , array([ 0.13486    ,  1.56542    ,  1.10138    ,  0.213552   ])
441     , -5041.94    , array([ 0.122005   ,  1.56542    ,  1.10138    ,  0.213552   ])
442     , -5126.87    , array([ 0.13486    ,  1.60089    ,  1.10138    ,  0.213552   ])
443     , -5107.12    , array([ 0.13486    ,  1.56542    ,  1.10672    ,  0.213552   ])
444     , -5107.3     , array([ 0.13486    ,  1.56542    ,  1.10138    ,  0.197687   ])
445     , -5046.55    , array([ 0.128272   ,  1.53073    ,  1.10405    ,  0.205466   ])
446     , -5045.77    , array([ 0.125099   ,  1.54797    ,  1.10538    ,  0.22628    ])
likelihood = -5041.94
theta = 288.56
Optimized parameters = [0.12200524 1.56541546 1.10138448 0.21355178]

Round_1_Replicate_4
447     , -1018.22    , array([ 2.66612    ,  0.603031   ,  0.127583   ,  4.72491    ])
448     , -1051.65    , array([ 2.8001     ,  0.603031   ,  0.127583   ,  4.72491    ])
449     , -1007.04    , array([ 2.66612    ,  0.587972   ,  0.127583   ,  4.72491    ])
450     , -935.501    , array([ 2.66612    ,  0.603031   ,  0.115101   ,  4.72491    ])
451     , -1001.51    , array([ 2.66612    ,  0.603031   ,  0.127583   ,  5.10638    ])
452     , -929.463    , array([ 2.53855    ,  0.595454   ,  0.121181   ,  4.91194    ])
453     , -871.721    , array([ 2.41708    ,  0.591701   ,  0.118102   ,  5.00822    ])
454     , -889.581    , array([ 2.53855    ,  0.589834   ,  0.116592   ,  5.05706    ])
likelihood = -871.72
theta = 137.43
Optimized parameters = [2.41708201 0.5917012  0.11810228 5.00821722]

Round_1_Replicate_5
455     , -5873.08    , array([ 0.836423   ,  2.8122     ,  0.384397   ,  0.435607   ])
456     , -5852.53    , array([ 0.828986   ,  2.8122     ,  0.384397   ,  0.435607   ])
457     , -5954.26    , array([ 0.836423   ,  2.96141    ,  0.384397   ,  0.435607   ])
458     , -5792.3     , array([ 0.836423   ,  2.8122     ,  0.366454   ,  0.435607   ])
459     , -5954.44    , array([ 0.836423   ,  2.8122     ,  0.384397   ,  0.417878   ])
460     , -5784.35    , array([ 0.832697   ,  2.88584    ,  0.375319   ,  0.454088   ])
461     , -5703.94    , array([ 0.830839   ,  2.92338    ,  0.37086    ,  0.473353   ])
462     , -5654.06    , array([ 0.829912   ,  2.72279    ,  0.36865    ,  0.454088   ])
463     , -5504.4     , array([ 0.826676   ,  2.61078    ,  0.36102    ,  0.46362    ])
likelihood = -5504.4
theta = 185.99
Optimized parameters = [0.82667596 2.61078362 0.36102041 0.4636202 ]

Round_1_Replicate_6
464     , -2757.58    , array([ 0.198945   ,  1.77085    ,  0.240103   ,  2.0023     ])
465     , -2788       , array([ 0.183515   ,  1.77085    ,  0.240103   ,  2.0023     ])
466     , -2801.97    , array([ 0.198945   ,  1.82218    ,  0.240103   ,  2.0023     ])
467     , -2674.74    , array([ 0.198945   ,  1.77085    ,  0.223572   ,  2.0023     ])
468     , -2756.83    , array([ 0.198945   ,  1.77085    ,  0.240103   ,  2.07303    ])
469     , -2686.37    , array([ 0.191074   ,  1.72097    ,  0.23169    ,  2.03736    ])
470     , -2649.49    , array([ 0.211364   ,  1.74573    ,  0.227594   ,  2.05512    ])
471     , -2581.78    , array([ 0.226836   ,  1.73331    ,  0.221587   ,  2.08205    ])
likelihood = -2581.78
theta = 186.12
Optimized parameters = [0.22683582 1.73330769 0.22158687 2.0820482 ]

Round_1_Replicate_7
472     , -5322.55    , array([ 6.58463    ,  2.7332     ,  0.202412   ,  3.04741    ])
473     , -5428.66    , array([ 7.23532    ,  2.7332     ,  0.202412   ,  3.04741    ])
474     , -5483.45    , array([ 6.58463    ,  2.87412    ,  0.202412   ,  3.04741    ])
475     , -5092.58    , array([ 6.58463    ,  2.7332     ,  0.186873   ,  3.04741    ])
476     , -5266.85    , array([ 6.58463    ,  2.7332     ,  0.202412   ,  3.22201    ])
477     , -5071.75    , array([ 6.90231    ,  2.59919    ,  0.194487   ,  3.1335     ])
478     , -4870.79    , array([ 7.06685    ,  2.47175    ,  0.190642   ,  3.17745    ])
479     , -4851.2     , array([ 6.208      ,  2.59919    ,  0.188748   ,  3.19965    ])
480     , -4573.75    , array([ 5.75042    ,  2.53467    ,  0.182267   ,  3.2786     ])
likelihood = -4573.75
theta = 80.3
Optimized parameters = [5.75041537 2.53466602 0.18226658 3.27860323]

Round_1_Replicate_8
481     , -1076.59    , array([ 0.790166   ,  0.162291   ,  0.452354   ,  0.622009   ])
482     , -1068.21    , array([ 0.780916   ,  0.162291   ,  0.452354   ,  0.622009   ])
483     , -1041.43    , array([ 0.790166   ,  0.148187   ,  0.452354   ,  0.622009   ])
484     , -1047.7     , array([ 0.790166   ,  0.162291   ,  0.434763   ,  0.622009   ])
485     , -1083.24    , array([ 0.790166   ,  0.162291   ,  0.452354   ,  0.607417   ])
486     , -1033.5     , array([ 0.785527   ,  0.155079   ,  0.443472   ,  0.636952   ])
487     , -1010.31    , array([ 0.783218   ,  0.151594   ,  0.439096   ,  0.652255   ])
488     , -1007.87    , array([ 0.782066   ,  0.149881   ,  0.436924   ,  0.636952   ])
489     , -977.039    , array([ 0.778048   ,  0.144036   ,  0.429407   ,  0.644558   ])
likelihood = -977.04
theta = 435.13
Optimized parameters = [0.77804756 0.14403579 0.4294075  0.64455811]

Round_1_Replicate_9
490     , -10985.3    , array([ 0.570629   ,  1.05391    ,  3.96336    ,  0.482023   ])
491     , -10920      , array([ 0.554845   ,  1.05391    ,  3.96336    ,  0.482023   ])
492     , -10991.7    , array([ 0.570629   ,  1.05668    ,  3.96336    ,  0.482023   ])
493     , -11311.7    , array([ 0.570629   ,  1.05391    ,  4.24587    ,  0.482023   ])
494     , -10986.6    , array([ 0.570629   ,  1.05391    ,  3.96336    ,  0.464752   ])
495     , -10632.1    , array([ 0.562681   ,  1.05529    ,  3.69965    ,  0.473308   ])
496     , -10296      , array([ 0.558749   ,  1.05598    ,  3.45348    ,  0.46901    ])
497     , -10601.4    , array([ 0.556794   ,  1.05218    ,  3.69965    ,  0.466876   ])
likelihood = -10296.0
theta = 268.4
Optimized parameters = [0.55874938 1.05598294 3.45348105 0.46901047]

Round_1_Replicate_10
498     , -4611.93    , array([ 3.59244    ,  0.167857   ,  1.87632    ,  0.152755   ])
499     , -4628.65    , array([ 3.82965    ,  0.167857   ,  1.87632    ,  0.152755   ])
500     , -4363.86    , array([ 3.59244    ,  0.153528   ,  1.87632    ,  0.152755   ])
501     , -4675.8     , array([ 3.59244    ,  0.167857   ,  1.9363     ,  0.152755   ])
502     , -4720.85    , array([ 3.59244    ,  0.167857   ,  1.87632    ,  0.139058   ])
503     , -4445.22    , array([ 3.70915    ,  0.160533   ,  1.90607    ,  0.167802   ])
504     , -4348.44    , array([ 3.76892    ,  0.156991   ,  1.83256    ,  0.160102   ])
505     , -4196.52    , array([ 3.86038    ,  0.151825   ,  1.78279    ,  0.163907   ])
likelihood = -4196.52
theta = 378.95
Optimized parameters = [3.86037855 0.15182476 1.78279359 0.16390676]

Round_2_Replicate_1
506     , -1409.31    , array([ 7.42191    ,  0.920807   ,  0.0422553  ,  3.03166    ])
507     , -1458.97    , array([ 8.20429    ,  0.920807   ,  0.0422553  ,  3.03166    ])
508     , -1406.71    , array([ 7.42191    ,  0.917016   ,  0.0422553  ,  3.03166    ])
509     , -1367.26    , array([ 7.42191    ,  0.920807   ,  0.0360724  ,  3.03166    ])
510     , -1373.73    , array([ 7.42191    ,  0.920807   ,  0.0422553  ,  3.20453    ])
511     , -1316.85    , array([ 6.71413    ,  0.918909   ,  0.0390416  ,  3.1169     ])
512     , -1245.33    , array([ 6.07385    ,  0.917962   ,  0.0375277  ,  3.16041    ])
513     , -1287.52    , array([ 6.71413    ,  0.917489   ,  0.0367928  ,  3.1824     ])
514     , -1232.71    , array([ 6.38597    ,  0.921519   ,  0.0343324  ,  3.26055    ])
515     , -1151.13    , array([ 5.92356    ,  0.923779   ,  0.0309468  ,  3.3814     ])
516     , -1163.59    , array([ 5.70506    ,  0.919205   ,  0.0293814  ,  3.16864    ])
likelihood = -1151.13
theta = 103.8
Optimized parameters = [5.92355592 0.92377896 0.03094683 3.38139775]

Round_2_Replicate_2
517     , -2494.4     , array([ 4.77363    ,  0.235087   ,  0.44199    ,  6.80577    ])
518     , -2541.39    , array([ 5.16168    ,  0.235087   ,  0.44199    ,  6.80577    ])
519     , -2455.5     , array([ 4.77363    ,  0.21867    ,  0.44199    ,  6.80577    ])
520     , -2443.36    , array([ 4.77363    ,  0.235087   ,  0.42431    ,  6.80577    ])
521     , -2500.21    , array([ 4.77363    ,  0.235087   ,  0.44199    ,  7.49068    ])
522     , -2402.68    , array([ 4.41475    ,  0.22673    ,  0.43306    ,  7.14002    ])
523     , -2329.87    , array([ 4.08286    ,  0.222664   ,  0.428662   ,  7.31325    ])
524     , -2363.76    , array([ 4.41475    ,  0.220658   ,  0.426481   ,  6.40988    ])
525     , -2306.46    , array([ 4.24556    ,  0.213779   ,  0.418931   ,  6.84668    ])
526     , -2216.13    , array([ 4.00386    ,  0.203861   ,  0.407857   ,  6.86723    ])
527     , -2213.3     , array([ 3.88821    ,  0.22191    ,  0.40243    ,  6.87753    ])
528     , -2082.54    , array([ 3.50914    ,  0.223547   ,  0.383998   ,  6.91369    ])
likelihood = -2082.54
theta = 152.26
Optimized parameters = [3.50913866 0.22354704 0.38399826 6.91368709]

Round_2_Replicate_3
529     , -5361.52    , array([ 5.22222    ,  2.12082    ,  0.312192   ,  5.13628    ])
530     , -5459.3     , array([ 5.67215    ,  2.12082    ,  0.312192   ,  5.13628    ])
531     , -5474.02    , array([ 5.22222    ,  2.20206    ,  0.312192   ,  5.13628    ])
532     , -5152.77    , array([ 5.22222    ,  2.12082    ,  0.294539   ,  5.13628    ])
533     , -5327.5     , array([ 5.22222    ,  2.12082    ,  0.312192   ,  5.57419    ])
534     , -5178.07    , array([ 5.44254    ,  2.04258    ,  0.303237   ,  5.35076    ])
535     , -5050.65    , array([ 4.90835    ,  2.08133    ,  0.298856   ,  5.46133    ])
536     , -4849.34    , array([ 4.56593    ,  2.06186    ,  0.292404   ,  5.63149    ])
537     , -4897.55    , array([ 4.985      ,  2.0522     ,  0.28923    ,  5.71854    ])
538     , -4723.62    , array([ 4.87047    ,  2.01873    ,  0.27839    ,  5.33709    ])
539     , -4441.2     , array([ 4.70358    ,  1.96954    ,  0.262887   ,  5.22236    ])
likelihood = -4441.2
theta = 79.59
Optimized parameters = [4.70357862 1.96953535 0.26288747 5.2223572 ]

Round_2_Replicate_4
540     , -1273.69    , array([ 8.92174    ,  0.238053   ,  0.0327708  ,  3.98339    ])
541     , -1328.51    , array([ 9.95341    ,  0.238053   ,  0.0327708  ,  3.98339    ])
542     , -1292.27    , array([ 8.92174    ,  0.221568   ,  0.0327708  ,  3.98339    ])
543     , -1273.05    , array([ 8.92174    ,  0.238053   ,  0.0276224  ,  3.98339    ])
544     , -1261.29    , array([ 8.92174    ,  0.238053   ,  0.0327708  ,  4.26841    ])
545     , -1219.39    , array([ 7.997      ,  0.229663   ,  0.0300867  ,  4.12344    ])
546     , -1163.71    , array([ 7.16811    ,  0.225579   ,  0.0288282  ,  4.1953     ])
547     , -1192.91    , array([ 7.997      ,  0.248973   ,  0.0282188  ,  4.23169    ])
548     , -1172.01    , array([ 7.57122    ,  0.236988   ,  0.0261858  ,  4.36159    ])
549     , -1118.6     , array([ 6.97467    ,  0.236457   ,  0.0302478  ,  4.56395    ])
550     , -1039.07    , array([ 6.16682    ,  0.235663   ,  0.0316526  ,  4.88522    ])
likelihood = -1039.07
theta = 103.7
Optimized parameters = [6.16681677 0.23566267 0.03165262 4.8852231 ]

Round_2_Replicate_5
551     , -1328.03    , array([ 1.25196    ,  0.909662   ,  0.0748522  ,  1.26991    ])
552     , -1334.66    , array([ 1.26611    ,  0.909662   ,  0.0748522  ,  1.26991    ])
553     , -1322.72    , array([ 1.25196    ,  0.905366   ,  0.0748522  ,  1.26991    ])
554     , -1285.96    , array([ 1.25196    ,  0.909662   ,  0.0657529  ,  1.26991    ])
555     , -1315.96    , array([ 1.25196    ,  0.909662   ,  0.0748522  ,  1.28517    ])
556     , -1291.03    , array([ 1.23797    ,  0.907512   ,  0.0701552  ,  1.27751    ])
557     , -1279.69    , array([ 1.24495    ,  0.906438   ,  0.0679184  ,  1.28134    ])
558     , -1257.12    , array([ 1.24145    ,  0.90483    ,  0.0646962  ,  1.28709    ])
559     , -1253.78    , array([ 1.23971    ,  0.91047    ,  0.0631429  ,  1.28998    ])
560     , -1223.46    , array([ 1.23363    ,  0.913033   ,  0.0579942  ,  1.30013    ])
561     , -1219.67    , array([ 1.23061    ,  0.907847   ,  0.0555794  ,  1.28205    ])
562     , -1183.16    , array([ 1.22006    ,  0.906941   ,  0.0478927  ,  1.2805     ])
likelihood = -1183.16
theta = 210.57
Optimized parameters = [1.22006477 0.90694125 0.04789265 1.28049892]

Round_2_Replicate_6
563     , -5080.45    , array([ 2.14176    ,  1.75349    ,  0.434707   ,  2.78957    ])
564     , -5134.53    , array([ 2.2249     ,  1.75349    ,  0.434707   ,  2.78957    ])
565     , -5154.57    , array([ 2.14176    ,  1.80343    ,  0.434707   ,  2.78957    ])
566     , -4937.38    , array([ 2.14176    ,  1.75349    ,  0.416972   ,  2.78957    ])
567     , -5060.42    , array([ 2.14176    ,  1.75349    ,  0.434707   ,  2.93639    ])
568     , -4951.02    , array([ 2.18293    ,  1.70494    ,  0.425747   ,  2.86204    ])
569     , -4881.7     , array([ 2.08146    ,  1.72904    ,  0.421337   ,  2.89898    ])
570     , -4758.84    , array([ 2.01324    ,  1.71695    ,  0.414806   ,  2.95528    ])
571     , -4774.05    , array([ 2.09637    ,  1.71093    ,  0.411579   ,  2.98384    ])
572     , -4655.04    , array([ 2.07404    ,  1.69004    ,  0.400481   ,  2.85745    ])
573     , -4461.75    , array([ 2.04098    ,  1.65918    ,  0.384392   ,  2.81878    ])
likelihood = -4461.75
theta = 124.94
Optimized parameters = [2.04098411 1.65918369 0.38439204 2.81878441]

Round_2_Replicate_7
574     , -3222.42    , array([ 0.909786   ,  1.22942    ,  0.438065   ,  9.9976     ])
575     , -3219.66    , array([ 0.905495   ,  1.22942    ,  0.438065   ,  9.9976     ])
576     , -3244.87    , array([ 0.909786   ,  1.24219    ,  0.438065   ,  9.9976     ])
577     , -3111.23    , array([ 0.909786   ,  1.22942    ,  0.420354   ,  9.9976     ])
578     , -3220.23    , array([ 0.909786   ,  1.22942    ,  0.438065   ,  11.2174    ])
579     , -3141.76    , array([ 0.907638   ,  1.21679    ,  0.429118   ,  10.5899    ])
580     , -3123.96    , array([ 0.906566   ,  1.22309    ,  0.424713   ,  10.8991    ])
581     , -3079.24    , array([ 0.90496    ,  1.21994    ,  0.418191   ,  9.5752     ])
582     , -3011.25    , array([ 0.902557   ,  1.21522    ,  0.408595   ,  8.8466     ])
583     , -2976.52    , array([ 0.907772   ,  1.21287    ,  0.40388    ,  10.1061    ])
584     , -2859.8     , array([ 0.908913   ,  1.20468    ,  0.387801   ,  10.1608    ])
likelihood = -2859.8
theta = 147.79
Optimized parameters = [ 0.90891277  1.20468012  0.38780118 10.16076474]

Round_2_Replicate_8
585     , -1562.1     , array([ 1.43283    ,  1.71896    ,  0.0471474  ,  1.88899    ])
586     , -1572.45    , array([ 1.45883    ,  1.71896    ,  0.0471474  ,  1.88899    ])
587     , -1593.78    , array([ 1.43283    ,  1.76616    ,  0.0471474  ,  1.88899    ])
588     , -1513.69    , array([ 1.43283    ,  1.71896    ,  0.0404697  ,  1.88899    ])
589     , -1528.28    , array([ 1.43283    ,  1.71896    ,  0.0471474  ,  1.95003    ])
590     , -1493.73    , array([ 1.44578    ,  1.67303    ,  0.0436811  ,  1.91927    ])
591     , -1445.72    , array([ 1.45229    ,  1.62832    ,  0.0420448  ,  1.93459    ])
592     , -1453.38    , array([ 1.41682    ,  1.67303    ,  0.0412498  ,  1.9423     ])
593     , -1411.95    , array([ 1.43445    ,  1.65052    ,  0.0385836  ,  1.96951    ])
594     , -1344.78    , array([ 1.43525    ,  1.61733    ,  0.0349041  ,  2.01105    ])
595     , -1361.02    , array([ 1.43566    ,  1.60099    ,  0.033198   ,  1.93748    ])
likelihood = -1344.78
theta = 147.45
Optimized parameters = [1.43525198 1.61732959 0.03490407 2.01104697]

Round_2_Replicate_9
596     , -3809.25    , array([ 7.76965    ,  0.714605   ,  0.391743   ,  17.1721    ])
597     , -3874.99    , array([ 8.60838    ,  0.714605   ,  0.391743   ,  17.1721    ])
598     , -3781.59    , array([ 7.76965    ,  0.702699   ,  0.391743   ,  17.1721    ])
599     , -3701.29    , array([ 7.76965    ,  0.714605   ,  0.37381    ,  17.1721    ])
600     , -3810.66    , array([ 7.76965    ,  0.714605   ,  0.391743   ,  19.7954    ])
601     , -3671.17    , array([ 7.01263    ,  0.708627   ,  0.382671   ,  18.4371    ])
602     , -3561.76    , array([ 6.32938    ,  0.705657   ,  0.378215   ,  19.1042    ])
603     , -3619.26    , array([ 7.01263    ,  0.704176   ,  0.376006   ,  15.7121    ])
604     , -3525.29    , array([ 6.66225    ,  0.699019   ,  0.368376   ,  17.3253    ])
605     , -3381.88    , array([ 6.16923    ,  0.691354   ,  0.357221   ,  17.4025    ])
606     , -3345.05    , array([ 5.93658    ,  0.705101   ,  0.351771   ,  17.4412    ])
607     , -3114.98    , array([ 5.18924    ,  0.706306   ,  0.333341   ,  17.5773    ])
likelihood = -3114.98
theta = 87.38
Optimized parameters = [ 5.18923639  0.70630557  0.33334111 17.57728755]

Round_2_Replicate_10
608     , -1889.91    , array([ 3.88114    ,  0.431809   ,  0.248109   ,  4.08816    ])
609     , -1941.18    , array([ 4.15344    ,  0.431809   ,  0.248109   ,  4.08816    ])
610     , -1864.72    , array([ 3.88114    ,  0.414053   ,  0.248109   ,  4.08816    ])
611     , -1797.6     , array([ 3.88114    ,  0.431809   ,  0.231406   ,  4.08816    ])
612     , -1888.72    , array([ 3.88114    ,  0.431809   ,  0.248109   ,  4.38635    ])
613     , -1777.6     , array([ 3.6267     ,  0.422838   ,  0.239612   ,  4.23463    ])
614     , -1694.95    , array([ 3.38894    ,  0.418423   ,  0.235473   ,  4.30983    ])
615     , -1734.41    , array([ 3.6267     ,  0.416232   ,  0.233431   ,  4.34792    ])
616     , -1663.01    , array([ 3.5058     ,  0.408656   ,  0.22642    ,  4.03454    ])
617     , -1558.33    , array([ 3.33197    ,  0.397549   ,  0.216298   ,  3.86936    ])
618     , -1529.37    , array([ 3.24832    ,  0.4176     ,  0.211408   ,  4.2114     ])
619     , -1369.87    , array([ 2.97172    ,  0.419385   ,  0.195146   ,  4.27441    ])
likelihood = -1369.87
theta = 147.38
Optimized parameters = [2.97172251 0.41938459 0.19514609 4.2744129 ]

Round_3_Replicate_1
620     , -950.696    , array([ 5.46202    ,  0.690673   ,  0.0617481  ,  6.75277    ])
621     , -1004.8     , array([ 5.94594    ,  0.690673   ,  0.0617481  ,  6.75277    ])
622     , -947.617    , array([ 5.46202    ,  0.67801    ,  0.0617481  ,  6.75277    ])
623     , -882.55     , array([ 5.46202    ,  0.690673   ,  0.0537224  ,  6.75277    ])
624     , -929.038    , array([ 5.46202    ,  0.690673   ,  0.0617481  ,  7.42943    ])
625     , -848.918    , array([ 5.01748    ,  0.684312   ,  0.0575956  ,  7.08302    ])
626     , -774.4      , array([ 4.60912    ,  0.681154   ,  0.0556253  ,  7.25416    ])
627     , -815.128    , array([ 5.01748    ,  0.67958    ,  0.0546655  ,  7.34127    ])
628     , -754.98     , array([ 4.80896    ,  0.693073   ,  0.051435   ,  7.65449    ])
629     , -668.567    , array([ 4.51233    ,  0.70073    ,  0.0469435  ,  8.14955    ])
630     , -663.284    , array([ 4.37095    ,  0.685302   ,  0.0448471  ,  7.28671    ])
631     , -567.918    , array([ 3.91009    ,  0.682632   ,  0.0382199  ,  7.21637    ])
632     , -536.47     , array([ 3.69822    ,  0.681301   ,  0.0434781  ,  8.28751    ])
633     , -415.076    , array([ 3.04307    ,  0.676663   ,  0.0391137  ,  9.18111    ])
634     , -427.206    , array([ 3.13526    ,  0.690935   ,  0.0361426  ,  8.52504    ])
635     , -363.997    , array([ 2.81494    ,  0.69427    ,  0.0286309  ,  9.35266    ])
636     , -352.091    , array([ 2.19985    ,  0.700923   ,  0.0205407  ,  10.6196    ])
637     , -348.641    , array([ 2.00762    ,  0.674967   ,  0.0224415  ,  9.50333    ])
638     , -497.023    , array([ 1.33913    ,  0.662443   ,  0.0155163  ,  10.2624    ])
639     , -393.302    , array([ 1.66014    ,  0.688961   ,  0.0211212  ,  12.316     ])
likelihood = -348.64
theta = 103.01
Optimized parameters = [2.00762193 0.6749673  0.02244147 9.50333465]

Round_3_Replicate_2
640     , -1249.68    , array([ 2.48263    ,  0.153717   ,  0.221885   ,  1.26445    ])
641     , -1276.81    , array([ 2.59811    ,  0.153717   ,  0.221885   ,  1.26445    ])
642     , -1247.98    , array([ 2.48263    ,  0.139977   ,  0.221885   ,  1.26445    ])
643     , -1212.53    , array([ 2.48263    ,  0.153717   ,  0.205795   ,  1.26445    ])
644     , -1248.43    , array([ 2.48263    ,  0.153717   ,  0.221885   ,  1.27937    ])
645     , -1201.8     , array([ 2.37228    ,  0.146686   ,  0.213688   ,  1.27189    ])
646     , -1165.05    , array([ 2.26684    ,  0.143292   ,  0.209704   ,  1.27562    ])
647     , -1188.3     , array([ 2.37228    ,  0.141625   ,  0.20774    ,  1.2775     ])
648     , -1162.87    , array([ 2.31896    ,  0.135941   ,  0.20101    ,  1.26167    ])
649     , -1127.16    , array([ 2.24122    ,  0.127839   ,  0.191321   ,  1.25291    ])
650     , -1099.44    , array([ 2.20333    ,  0.142665   ,  0.186653   ,  1.27072    ])
651     , -1031.62    , array([ 2.07569    ,  0.144028   ,  0.171194   ,  1.27387    ])
652     , -1046.73    , array([ 2.01468    ,  0.125752   ,  0.18355    ,  1.27545    ])
653     , -1001.37    , array([ 1.94299    ,  0.128613   ,  0.170917   ,  1.26141    ])
654     , -921.423    , array([ 1.75842    ,  0.122562   ,  0.155031   ,  1.25344    ])
655     , -924.127    , array([ 1.79088    ,  0.117562   ,  0.145581   ,  1.25223    ])
656     , -842.173    , array([ 1.61918    ,  0.126366   ,  0.139194   ,  1.27458    ])
657     , -724.426    , array([ 1.37626    ,  0.125636   ,  0.118727   ,  1.28556    ])
658     , -767.773    , array([ 1.48875    ,  0.128404   ,  0.116688   ,  1.25701    ])
likelihood = -724.43
theta = 314.52
Optimized parameters = [1.37626205 0.12563579 0.11872694 1.28555755]

Round_3_Replicate_3
659     , -466.781    , array([ 1.82849    ,  0.506993   ,  0.0353554  ,  3.3974     ])
660     , -476.105    , array([ 1.8845     ,  0.506993   ,  0.0353554  ,  3.3974     ])
661     , -464.43     , array([ 1.82849    ,  0.490063   ,  0.0353554  ,  3.3974     ])
662     , -466.788    , array([ 1.82849    ,  0.506993   ,  0.0299143  ,  3.3974     ])
663     , -449.982    , array([ 1.82849    ,  0.506993   ,  0.0353554  ,  3.61163    ])
664     , -448.526    , array([ 1.77414    ,  0.498456   ,  0.0325213  ,  3.50288    ])
665     , -437.3      , array([ 1.7214     ,  0.494242   ,  0.0311906  ,  3.55684    ])
666     , -443.488    , array([ 1.77414    ,  0.492148   ,  0.0392479  ,  3.58413    ])
667     , -430.654    , array([ 1.74757    ,  0.48489    ,  0.0349881  ,  3.68131    ])
668     , -415.522    , array([ 1.70847    ,  0.474202   ,  0.0348058  ,  3.83205    ])
669     , -409.943    , array([ 1.68924    ,  0.493456   ,  0.0347151  ,  3.90971    ])
670     , -388.968    , array([ 1.62365    ,  0.495161   ,  0.0343992  ,  4.19416    ])
671     , -394.711    , array([ 1.59181    ,  0.471379   ,  0.0342424  ,  3.96331    ])
672     , -390.287    , array([ 1.554      ,  0.475241   ,  0.0288123  ,  4.19967    ])
673     , -365.397    , array([ 1.52173    ,  0.464042   ,  0.0348456  ,  4.59844    ])
674     , -345.986    , array([ 1.43076    ,  0.449641   ,  0.0368307  ,  5.22857    ])
675     , -357.493    , array([ 1.40312    ,  0.470961   ,  0.0321217  ,  4.98562    ])
676     , -354.13     , array([ 1.41387    ,  0.473571   ,  0.031623   ,  5.40658    ])
likelihood = -345.99
theta = 160.85
Optimized parameters = [1.43075661 0.44964125 0.03683075 5.22857191]

Round_3_Replicate_4
677     , -2090.04    , array([ 2.17335    ,  0.582722   ,  0.332271   ,  5.85305    ])
678     , -2126.12    , array([ 2.25936    ,  0.582722   ,  0.332271   ,  5.85305    ])
679     , -2061.73    , array([ 2.17335    ,  0.567198   ,  0.332271   ,  5.85305    ])
680     , -1987.48    , array([ 2.17335    ,  0.582722   ,  0.314461   ,  5.85305    ])
681     , -2083.93    , array([ 2.17335    ,  0.582722   ,  0.332271   ,  6.39369    ])
682     , -1985.59    , array([ 2.09061    ,  0.574908   ,  0.323243   ,  6.1174     ])
683     , -1916.91    , array([ 2.01102    ,  0.57104    ,  0.318822   ,  6.25402    ])
684     , -1935.48    , array([ 2.09061    ,  0.569116   ,  0.316634   ,  6.32347    ])
685     , -1870.54    , array([ 2.05043    ,  0.562432   ,  0.309094   ,  5.75689    ])
686     , -1770.62    , array([ 1.9916     ,  0.552553   ,  0.298118   ,  5.46269    ])
687     , -1747.64    , array([ 1.96282    ,  0.570317   ,  0.292778   ,  6.07532    ])
688     , -1601.82    , array([ 1.86533    ,  0.571884   ,  0.274828   ,  6.1896     ])
689     , -1627.62    , array([ 1.81842    ,  0.549937   ,  0.289209   ,  6.24755    ])
690     , -1532.56    , array([ 1.76304    ,  0.553516   ,  0.274503   ,  5.74796    ])
691     , -1355.42    , array([ 1.61904    ,  0.545877   ,  0.255589   ,  5.48016    ])
692     , -1295.57    , array([ 1.64452    ,  0.539359   ,  0.244092   ,  5.44035    ])
693     , -1052.32    , array([ 1.48714    ,  0.524185   ,  0.213578   ,  5.07412    ])
694     , -1073.86    , array([ 1.43492    ,  0.542907   ,  0.220952   ,  6.00283    ])
695     , -959.275    , array([ 1.39605    ,  0.541993   ,  0.199076   ,  5.1449     ])
696     , -737.857    , array([ 1.22322    ,  0.538064   ,  0.165166   ,  4.66885    ])
likelihood = -737.86
theta = 186.46
Optimized parameters = [1.22322004 0.53806368 0.16516639 4.66885363]

Round_3_Replicate_5
697     , -784.988    , array([ 1.12016    ,  2.16656    ,  0.037753   ,  13.8833    ])
698     , -782.912    , array([ 1.12653    ,  2.16656    ,  0.037753   ,  13.8833    ])
699     , -813.199    , array([ 1.12016    ,  2.25195    ,  0.037753   ,  13.8833    ])
700     , -752.055    , array([ 1.12016    ,  2.16656    ,  0.0320478  ,  13.8833    ])
701     , -774.545    , array([ 1.12016    ,  2.16656    ,  0.037753   ,  15.835     ])
702     , -735.03     , array([ 1.12334    ,  2.0844     ,  0.0347836  ,  14.8271    ])
703     , -702.455    , array([ 1.12493    ,  2.00536    ,  0.0333877  ,  15.3228    ])
704     , -721.365    , array([ 1.12573    ,  2.0844     ,  0.0327109  ,  15.5768    ])
705     , -701.986    , array([ 1.11896    ,  2.0445     ,  0.0304483  ,  16.4995    ])
706     , -681.489    , array([ 1.1152     ,  1.98608    ,  0.0273445  ,  17.987     ])
707     , -673.128    , array([ 1.12284    ,  1.95749    ,  0.0259133  ,  15.4175    ])
708     , -658.161    , array([ 1.12418    ,  1.86065    ,  0.0214689  ,  15.2129    ])
709     , -641.975    , array([ 1.12486    ,  1.81405    ,  0.0249851  ,  18.4077    ])
710     , -633.422    , array([ 1.12722    ,  1.65992    ,  0.0220608  ,  21.1959    ])
711     , -646.719    , array([ 1.12003    ,  1.68263    ,  0.0201025  ,  19.1383    ])
712     , -709.022    , array([ 1.11837    ,  1.60205    ,  0.0152823  ,  21.7433    ])
713     , -657.591    , array([ 1.12329    ,  1.89589    ,  0.0274623  ,  16.7238    ])
714     , -633.724    , array([ 1.13221    ,  1.58045    ,  0.0186999  ,  17.8605    ])
715     , -623.243    , array([ 1.12717    ,  1.55478    ,  0.0222288  ,  22.8811    ])
716     , -622.485    , array([ 1.12867    ,  1.42126    ,  0.0226187  ,  28.0614    ])
likelihood = -622.49
theta = 62.52
Optimized parameters = [1.12866678e+00 1.42125706e+00 2.26187428e-02 2.80614428e+01]

Round_4_Replicate_1
717     , -537.374    , array([ 1.13991    ,  0.253017   ,  0.0285539  ,  8.72651    ])
718     , -535.985    , array([ 1.1474     ,  0.253017   ,  0.0285539  ,  8.72651    ])
719     , -556.227    , array([ 1.13991    ,  0.236215   ,  0.0285539  ,  8.72651    ])
720     , -588.36     , array([ 1.13991    ,  0.253017   ,  0.0239028  ,  8.72651    ])
721     , -557.257    , array([ 1.13991    ,  0.253017   ,  0.0285539  ,  9.72485    ])
722     , -504.989    , array([ 1.14365    ,  0.244471   ,  0.03411    ,  9.21217    ])
723     , -465.09     , array([ 1.14552    ,  0.240308   ,  0.0407473  ,  9.46504    ])
724     , -493.307    , array([ 1.14646    ,  0.238252   ,  0.03411    ,  8.15529    ])
725     , -461.916    , array([ 1.14975    ,  0.256298   ,  0.0372813  ,  8.78579    ])
726     , -420.449    , array([ 1.1547     ,  0.266971   ,  0.0425994  ,  8.81558    ])
727     , -424.129    , array([ 1.15718    ,  0.245787   ,  0.0455365  ,  8.83051    ])
728     , -382.533    , array([ 1.15452    ,  0.24225    ,  0.0575051  ,  8.88298    ])
729     , -350.12     , array([ 1.1581     ,  0.23704    ,  0.0816069  ,  8.96226    ])
730     , -345.617    , array([ 1.16132    ,  0.256608   ,  0.0744581  ,  9.96435    ])
731     , -354.254    , array([ 1.16882    ,  0.266309   ,  0.110009   ,  11.0142    ])
732     , -336.242    , array([ 1.17026    ,  0.2629     ,  0.0842562  ,  8.80906    ])
733     , -377.043    , array([ 1.18282    ,  0.27498    ,  0.121158   ,  8.49832    ])
734     , -345.354    , array([ 1.16499    ,  0.265836   ,  0.102556   ,  9.43056    ])
735     , -485.811    , array([ 1.17269    ,  0.244221   ,  0.170098   ,  9.77047    ])
736     , -361.967    , array([ 1.15917    ,  0.261092   ,  0.0602181  ,  9.04518    ])
737     , -374.127    , array([ 1.16816    ,  0.24972    ,  0.12033    ,  9.52247    ])
738     , -345.136    , array([ 1.16141    ,  0.258201   ,  0.071596   ,  9.16221    ])
739     , -327.781    , array([ 1.17091    ,  0.287074   ,  0.0831679  ,  9.71718    ])
740     , -321.185    , array([ 1.17737    ,  0.315921   ,  0.0839595  ,  10.1182    ])
741     , -334.978    , array([ 1.17571    ,  0.29424    ,  0.0967942  ,  8.80715    ])
742     , -328.423    , array([ 1.17738    ,  0.298814   ,  0.068272   ,  8.99282    ])
743     , -331.495    , array([ 1.1891     ,  0.330961   ,  0.0954977  ,  9.17025    ])
likelihood = -321.18
theta = 157.79
Optimized parameters = [ 1.1773695   0.31592142  0.08395953 10.11816667]

Round_4_Replicate_2
744     , -419.336    , array([ 0.857832   ,  0.576407   ,  0.0342671  ,  3.85903    ])
745     , -420.782    , array([ 0.85128    ,  0.576407   ,  0.0342671  ,  3.85903    ])
746     , -415.136    , array([ 0.857832   ,  0.560745   ,  0.0342671  ,  3.85903    ])
747     , -436.615    , array([ 0.857832   ,  0.576407   ,  0.0289482  ,  3.85903    ])
748     , -416.593    , array([ 0.857832   ,  0.576407   ,  0.0342671  ,  4.1286     ])
749     , -402.21     , array([ 0.85455    ,  0.568522   ,  0.0405633  ,  3.99154    ])
750     , -391.001    , array([ 0.852913   ,  0.56462    ,  0.0480164  ,  4.05949    ])
751     , -397.637    , array([ 0.861953   ,  0.562679   ,  0.0405633  ,  4.0939     ])
752     , -389.269    , array([ 0.857421   ,  0.555938   ,  0.0441328  ,  4.21664    ])
753     , -377.305    , array([ 0.857216   ,  0.545979   ,  0.0500845  ,  4.40768    ])
754     , -378.769    , array([ 0.857113   ,  0.541066   ,  0.0533549  ,  4.07236    ])
755     , -376.686    , array([ 0.856754   ,  0.546331   ,  0.0665768  ,  4.47562    ])
756     , -405.536    , array([ 0.856215   ,  0.539264   ,  0.0927996  ,  4.81994    ])
757     , -378.865    , array([ 0.850082   ,  0.536486   ,  0.0720547  ,  4.41117    ])
758     , -369.731    , array([ 0.857665   ,  0.521151   ,  0.0745662  ,  4.63725    ])
759     , -381.155    , array([ 0.860051   ,  0.500688   ,  0.092922   ,  4.95627    ])
760     , -374.406    , array([ 0.864351   ,  0.540586   ,  0.0505487  ,  4.37554    ])
761     , -365.31     , array([ 0.860872   ,  0.535772   ,  0.0664454  ,  4.91283    ])
762     , -364.473    , array([ 0.862758   ,  0.533144   ,  0.0741498  ,  5.39603    ])
763     , -381.046    , array([ 0.863548   ,  0.524673   ,  0.0861269  ,  5.02227    ])
764     , -370.009    , array([ 0.858794   ,  0.540573   ,  0.0573538  ,  4.55389    ])
765     , -357.566    , array([ 0.865042   ,  0.521564   ,  0.0601366  ,  4.98908    ])
766     , -352.662    , array([ 0.869216   ,  0.509605   ,  0.057154   ,  5.26749    ])
767     , -364.978    , array([ 0.859848   ,  0.51178    ,  0.0842211  ,  5.59924    ])
768     , -363.196    , array([ 0.865942   ,  0.497976   ,  0.0899492  ,  5.96556    ])
769     , -346.226    , array([ 0.871256   ,  0.504918   ,  0.075988   ,  6.6446     ])
770     , -340.804    , array([ 0.878133   ,  0.496993   ,  0.0767091  ,  7.95378    ])
likelihood = -340.8
theta = 165.98
Optimized parameters = [0.87813258 0.49699267 0.07670906 7.95378068]

Round_4_Replicate_3
771     , -392.259    , array([ 2.69669    ,  0.61434    ,  0.0266212  ,  7.50725    ])
772     , -404.474    , array([ 2.83382    ,  0.61434    ,  0.0266212  ,  7.50725    ])
773     , -393.714    , array([ 2.69669    ,  0.599556   ,  0.0266212  ,  7.50725    ])
774     , -397.397    , array([ 2.69669    ,  0.61434    ,  0.0222069  ,  7.50725    ])
775     , -377.303    , array([ 2.69669    ,  0.61434    ,  0.0266212  ,  8.30338    ])
776     , -378.036    , array([ 2.56619    ,  0.606903   ,  0.0243141  ,  7.89529    ])
777     , -376.489    , array([ 2.63063    ,  0.603218   ,  0.0304987  ,  8.09676    ])
778     , -374.569    , array([ 2.59821    ,  0.597733   ,  0.0357419  ,  8.40866    ])
779     , -363.627    , array([ 2.58215    ,  0.617153   ,  0.0294793  ,  8.56908    ])
780     , -351.665    , array([ 2.52672    ,  0.626144   ,  0.0310215  ,  9.15505    ])
781     , -348.414    , array([ 2.49946    ,  0.608059   ,  0.0318226  ,  9.4629     ])
782     , -334.941    , array([ 2.40632    ,  0.604943   ,  0.0347928  ,  10.6242    ])
783     , -357.007    , array([ 2.54342    ,  0.614516   ,  0.0416793  ,  10.4376    ])
784     , -350.785    , array([ 2.35056    ,  0.607163   ,  0.0476319  ,  11.1272    ])
785     , -325.353    , array([ 2.32047    ,  0.628936   ,  0.0409551  ,  12.64      ])
786     , -316.875    , array([ 2.19293    ,  0.645143   ,  0.0438403  ,  15.4973    ])
787     , -317.177    , array([ 2.20107    ,  0.626819   ,  0.0360198  ,  12.4079    ])
788     , -325.338    , array([ 2.06792    ,  0.615509   ,  0.0521481  ,  16.4687    ])
789     , -315.228    , array([ 2.08498    ,  0.639099   ,  0.0355364  ,  16.4842    ])
790     , -340.809    , array([ 1.96367    ,  0.655691   ,  0.0306946  ,  20.0635    ])
791     , -313.813    , array([ 1.89581    ,  0.659304   ,  0.049167   ,  21.5053    ])
793     , -318.282    , array([ 2.11225    ,  0.670643   ,  0.0318524  ,  15.8535    ])
794     , -312.325    , array([ 2.10108    ,  0.656413   ,  0.0360302  ,  16.0051    ])
795     , -313.378    , array([ 1.93887    ,  0.67391    ,  0.0461214  ,  23.8982    ])
796     , -323.916    , array([ 1.82987    ,  0.669207   ,  0.0388673  ,  23.7608    ])
797     , -311.431    , array([ 2.09592    ,  0.651077   ,  0.0425404  ,  17.2448    ])
likelihood = -311.43
theta = 86.98
Optimized parameters = [ 2.09591614  0.65107661  0.0425404  17.24477473]

Round_4_Replicate_4
798     , -507.745    , array([ 2.37655    ,  0.417051   ,  0.0573131  ,  4.80716    ])
799     , -527.236    , array([ 2.48167    ,  0.417051   ,  0.0573131  ,  4.80716    ])
800     , -508.576    , array([ 2.37655    ,  0.399208   ,  0.0573131  ,  4.80716    ])
801     , -487.669    , array([ 2.37655    ,  0.417051   ,  0.0496782  ,  4.80716    ])
802     , -491.318    , array([ 2.37655    ,  0.417051   ,  0.0573131  ,  5.19976    ])
803     , -471.209    , array([ 2.27588    ,  0.408032   ,  0.0533593  ,  4.99961    ])
804     , -447.113    , array([ 2.17947    ,  0.403596   ,  0.0514859  ,  5.0987     ])
805     , -457.246    , array([ 2.27588    ,  0.428606   ,  0.050574   ,  5.14898    ])
806     , -437.887    , array([ 2.22715    ,  0.415913   ,  0.0475077  ,  5.3289     ])
807     , -412.759    , array([ 2.15602    ,  0.415345   ,  0.0432533  ,  5.61064    ])
808     , -421.568    , array([ 2.12131    ,  0.415062   ,  0.0412712  ,  5.1175     ])
809     , -389.869    , array([ 2.00416    ,  0.41407    ,  0.0433985  ,  5.71133    ])
810     , -361.58     , array([ 1.84045    ,  0.412588   ,  0.0405628  ,  6.22531    ])
811     , -377.171    , array([ 1.88199    ,  0.395306   ,  0.0381781  ,  5.86305    ])
812     , -369.38     , array([ 1.82619    ,  0.415469   ,  0.0322936  ,  6.34918    ])
813     , -355.488    , array([ 1.74087    ,  0.404191   ,  0.0356363  ,  7.04611    ])
814     , -362.844    , array([ 1.57706    ,  0.398863   ,  0.0331142  ,  8.2679     ])
815     , -369.307    , array([ 1.53913    ,  0.398454   ,  0.0308643  ,  7.20218    ])
816     , -359.955    , array([ 1.59456    ,  0.420317   ,  0.03144    ,  7.63875    ])
817     , -347.487    , array([ 1.53552    ,  0.402244   ,  0.0366744  ,  7.73714    ])
818     , -346.968    , array([ 1.40803    ,  0.39579    ,  0.0390829  ,  8.54105    ])
819     , -339.182    , array([ 1.74259    ,  0.418017   ,  0.0431806  ,  7.42777    ])
820     , -347.636    , array([ 1.8542     ,  0.428155   ,  0.0510746  ,  7.5432     ])
821     , -370.324    , array([ 1.41802    ,  0.406345   ,  0.0338998  ,  9.38663    ])
822     , -347.682    , array([ 1.72431    ,  0.411018   ,  0.0387834  ,  6.8984     ])
823     , -340.599    , array([ 1.70198    ,  0.394436   ,  0.0485763  ,  7.26962    ])
likelihood = -339.18
theta = 134.18
Optimized parameters = [1.74259444 0.41801677 0.0431806  7.42776734]

Round_4_Replicate_5
824     , -422.001    , array([ 1.16127    ,  0.342326   ,  0.0255649  ,  4.87544    ])
825     , -421.322    , array([ 1.16998    ,  0.342326   ,  0.0255649  ,  4.87544    ])
826     , -430.145    , array([ 1.16127    ,  0.324461   ,  0.0255649  ,  4.87544    ])
827     , -453.866    , array([ 1.16127    ,  0.342326   ,  0.0212826  ,  4.87544    ])
828     , -427.245    , array([ 1.16127    ,  0.342326   ,  0.0255649  ,  5.27733    ])
829     , -397.097    , array([ 1.16562    ,  0.333274   ,  0.0307087  ,  5.0724     ])
830     , -371.421    , array([ 1.1678     ,  0.328838   ,  0.0368875  ,  5.17385    ])
831     , -390.077    , array([ 1.16889    ,  0.353988   ,  0.0307087  ,  5.22533    ])
832     , -378.262    , array([ 1.17272    ,  0.341181   ,  0.0336566  ,  4.80356    ])
833     , -360.537    , array([ 1.17848    ,  0.34061    ,  0.0386174  ,  5.16106    ])
834     , -337.598    , array([ 1.18719    ,  0.339756   ,  0.0474628  ,  5.31009    ])
835     , -328.987    , array([ 1.17828    ,  0.339329   ,  0.0526185  ,  5.38621    ])
836     , -322.344    , array([ 1.18245    ,  0.337841   ,  0.0754895  ,  5.66132    ])
837     , -325.276    , array([ 1.1862     ,  0.320578   ,  0.0686805  ,  5.231      ])
838     , -335.471    , array([ 1.18911    ,  0.322412   ,  0.0895171  ,  5.93807    ])
839     , -419.043    , array([ 1.20496    ,  0.33123    ,  0.127236   ,  5.90624    ])
840     , -335.12     , array([ 1.17698    ,  0.329434   ,  0.0502704  ,  5.34796    ])
841     , -354.141    , array([ 1.18017    ,  0.315679   ,  0.101769   ,  5.77519    ])
842     , -325.182    , array([ 1.18543    ,  0.33357    ,  0.057434   ,  5.42273    ])
843     , -347.941    , array([ 1.17645    ,  0.338368   ,  0.043221   ,  4.93524    ])
844     , -323.032    , array([ 1.18593    ,  0.326329   ,  0.0746196  ,  5.66972    ])
845     , -345.172    , array([ 1.19308    ,  0.329591   ,  0.0937689  ,  5.64225    ])
846     , -324.826    , array([ 1.18098    ,  0.329473   ,  0.0587488  ,  5.42006    ])
847     , -317.947    , array([ 1.1812     ,  0.343363   ,  0.0634776  ,  5.87173    ])
848     , -316.007    , array([ 1.1787     ,  0.355356   ,  0.0610258  ,  6.22096    ])
849     , -320.955    , array([ 1.1786     ,  0.340596   ,  0.078245   ,  6.0667     ])
850     , -330.094    , array([ 1.18185    ,  0.350602   ,  0.0882788  ,  6.42155    ])
851     , -319.907    , array([ 1.1812     ,  0.334633   ,  0.0650449  ,  5.65475    ])
likelihood = -316.01
theta = 171.69
Optimized parameters = [1.17870071 0.35535584 0.06102582 6.22095751]

Round_1_Replicate_1
1725    , -12419.5    , array([ 0.83814    ,  0.486361   ,  7.08056    ,  0.192798   ])
1726    , -12404      , array([ 0.830774   ,  0.486361   ,  7.08056    ,  0.192798   ])
1727    , -12287.8    , array([ 0.83814    ,  0.469145   ,  7.08056    ,  0.192798   ])
1728    , -12916.6    , array([ 0.83814    ,  0.486361   ,  7.80856    ,  0.192798   ])
1729    , -12429.2    , array([ 0.83814    ,  0.486361   ,  7.08056    ,  0.177565   ])
1730    , -11857.7    , array([ 0.834449   ,  0.477675   ,  6.42043    ,  0.185025   ])
1731    , -11338.8    , array([ 0.832609   ,  0.473391   ,  5.82185    ,  0.181256   ])
1732    , -11788.8    , array([ 0.831691   ,  0.471263   ,  6.42043    ,  0.202975   ])
likelihood = -11338.78
theta = 340.76
Optimized parameters = [0.83260919 0.47339075 5.821848   0.18125631]

Round_1_Replicate_2
1733    , -6146.79    , array([ 4.75969    ,  0.233029   ,  2.46633    ,  3.64147    ])
1734    , -6172.62    , array([ 5.14586    ,  0.233029   ,  2.46633    ,  3.64147    ])
1735    , -5929.55    , array([ 4.75969    ,  0.216661   ,  2.46633    ,  3.64147    ])
1736    , -6301.44    , array([ 4.75969    ,  0.233029   ,  2.5802     ,  3.64147    ])
1737    , -6146.82    , array([ 4.75969    ,  0.233029   ,  2.46633    ,  3.88455    ])
1738    , -5902.06    , array([ 4.94901    ,  0.224696   ,  2.35748    ,  3.76105    ])
1739    , -5713       , array([ 5.04647    ,  0.220642   ,  2.25344    ,  3.8223     ])
1740    , -5794.06    , array([ 4.5332     ,  0.218642   ,  2.35748    ,  3.8533     ])
likelihood = -5713.0
theta = 242.47
Optimized parameters = [5.04647429 0.22064186 2.25344073 3.82229927]

Round_1_Replicate_3
1741    , -5443.6     , array([ 0.811225   ,  1.12976    ,  0.872039   ,  0.693572   ])
1742    , -5427.68    , array([ 0.802783   ,  1.12976    ,  0.872039   ,  0.693572   ])
1743    , -5458.61    , array([ 0.811225   ,  1.13668    ,  0.872039   ,  0.693572   ])
1744    , -5421.64    , array([ 0.811225   ,  1.12976    ,  0.866089   ,  0.693572   ])
1745    , -5453.21    , array([ 0.811225   ,  1.12976    ,  0.872039   ,  0.680999   ])
1746    , -5414.43    , array([ 0.806993   ,  1.12289    ,  0.869059   ,  0.687257   ])
1747    , -5392.43    , array([ 0.804885   ,  1.11606    ,  0.867573   ,  0.684121   ])
1748    , -5389.66    , array([ 0.803834   ,  1.12289    ,  0.866831   ,  0.701548   ])
1749    , -5358.31    , array([ 0.800163   ,  1.11947    ,  0.864239   ,  0.712054   ])
likelihood = -5358.31
theta = 233.76
Optimized parameters = [0.80016321 1.1194714  0.86423851 0.7120545 ]

Round_1_Replicate_4
1750    , -1109.16    , array([ 0.607898   ,  0.15971    ,  0.231494   ,  0.266775   ])
1751    , -1094       , array([ 0.592956   ,  0.15971    ,  0.231494   ,  0.266775   ])
1752    , -1043.92    , array([ 0.607898   ,  0.145713   ,  0.231494   ,  0.266775   ])
1753    , -1092.24    , array([ 0.607898   ,  0.15971    ,  0.215163   ,  0.266775   ])
1754    , -1178.5     , array([ 0.607898   ,  0.15971    ,  0.231494   ,  0.24972    ])
1755    , -998.712    , array([ 0.600381   ,  0.152551   ,  0.223179   ,  0.284995   ])
1756    , -922.656    , array([ 0.596657   ,  0.149093   ,  0.219134   ,  0.30446    ])
1757    , -966.367    , array([ 0.594804   ,  0.147394   ,  0.217139   ,  0.284995   ])
likelihood = -922.66
theta = 474.23
Optimized parameters = [0.59665685 0.14909318 0.21913422 0.30446033]

Round_1_Replicate_5
1758    , -12689.8    , array([ 1.7532     ,  0.578849   ,  5.21043    ,  0.189125   ])
1759    , -12724.9    , array([ 1.80311    ,  0.578849   ,  5.21043    ,  0.189125   ])
1760    , -12574.5    , array([ 1.7532     ,  0.56324    ,  5.21043    ,  0.189125   ])
1761    , -13094.1    , array([ 1.7532     ,  0.578849   ,  5.65871    ,  0.189125   ])
1762    , -12718.7    , array([ 1.7532     ,  0.578849   ,  5.21043    ,  0.174014   ])
1763    , -12268      , array([ 1.77798    ,  0.570991   ,  4.79767    ,  0.181412   ])
1764    , -11871.9    , array([ 1.7905     ,  0.567102   ,  4.4176     ,  0.177675   ])
1765    , -12199.9    , array([ 1.72271    ,  0.565167   ,  4.79767    ,  0.175835   ])
likelihood = -11871.89
theta = 304.42
Optimized parameters = [1.79050399 0.56710191 4.41759898 0.17767489]

Round_1_Replicate_6
1766    , -11930.7    , array([ 0.182023   ,  2.53945    ,  7.23211    ,  0.434885   ])
1767    , -11702.6    , array([ 0.167161   ,  2.53945    ,  7.23211    ,  0.434885   ])
1768    , -11964      , array([ 0.182023   ,  2.66058    ,  7.23211    ,  0.434885   ])
1769    , -12296.6    , array([ 0.182023   ,  2.53945    ,  7.98414    ,  0.434885   ])
1770    , -11932.3    , array([ 0.182023   ,  2.53945    ,  7.23211    ,  0.417151   ])
1771    , -11476      , array([ 0.174434   ,  2.59931    ,  6.55091    ,  0.425925   ])
1772    , -11078.8    , array([ 0.170758   ,  2.62977    ,  5.93388    ,  0.421515   ])
1773    , -11355.1    , array([ 0.16895    ,  2.46656    ,  6.55091    ,  0.419327   ])
likelihood = -11078.8
theta = 261.27
Optimized parameters = [0.17075844 2.62976575 5.93387732 0.42151519]

Round_1_Replicate_7
1774    , -9836.62    , array([ 0.905333   ,  5.91624    ,  0.91869    ,  0.284066   ])
1775    , -9819.52    , array([ 0.900842   ,  5.91624    ,  0.91869    ,  0.284066   ])
1776    , -9929.97    , array([ 0.905333   ,  6.46619    ,  0.91869    ,  0.284066   ])
1777    , -9825.42    , array([ 0.905333   ,  5.91624    ,  0.914803   ,  0.284066   ])
1778    , -9948.71    , array([ 0.905333   ,  5.91624    ,  0.91869    ,  0.266741   ])
1779    , -9768.25    , array([ 0.903085   ,  6.18511    ,  0.916745   ,  0.302516   ])
1780    , -9692.76    , array([ 0.901963   ,  6.32409    ,  0.915773   ,  0.322164   ])
1781    , -9647.17    , array([ 0.901402   ,  5.59654    ,  0.915288   ,  0.302516   ])
1782    , -9501.64    , array([ 0.899443   ,  5.20661    ,  0.913592   ,  0.312185   ])
likelihood = -9501.64
theta = 171.89
Optimized parameters = [0.89944348 5.20661198 0.91359171 0.31218524]

Round_1_Replicate_8
1783    , -5190.44    , array([ 0.213707   ,  1.68039    ,  0.971165   ,  0.501825   ])
1784    , -5145.31    , array([ 0.197838   ,  1.68039    ,  0.971165   ,  0.501825   ])
1785    , -5233.17    , array([ 0.213707   ,  1.72457    ,  0.971165   ,  0.501825   ])
1786    , -5186.74    , array([ 0.213707   ,  1.68039    ,  0.969745   ,  0.501825   ])
1787    , -5188.33    , array([ 0.213707   ,  1.68039    ,  0.971165   ,  0.484819   ])
1788    , -5121.52    , array([ 0.205619   ,  1.63735    ,  0.970455   ,  0.493249   ])
1789    , -5066.13    , array([ 0.201691   ,  1.5954     ,  0.9701     ,  0.489016   ])
1790    , -5102.88    , array([ 0.199755   ,  1.63735    ,  0.969923   ,  0.486913   ])
likelihood = -5066.13
theta = 254.35
Optimized parameters = [0.20169096 1.59540126 0.97009993 0.48901561]

Round_1_Replicate_9
1791    , -8817.02    , array([ 4.38662    ,  0.195433   ,  5.72897    ,  1.48276    ])
1792    , -8837.59    , array([ 4.7232     ,  0.195433   ,  5.72897    ,  1.48276    ])
1793    , -8475.04    , array([ 4.38662    ,  0.180114   ,  5.72897    ,  1.48276    ])
1794    , -9215.18    , array([ 4.38662    ,  0.195433   ,  6.25145    ,  1.48276    ])
1795    , -8817.07    , array([ 4.38662    ,  0.195433   ,  5.72897    ,  1.51225    ])
1796    , -8273.67    , array([ 4.5518     ,  0.187617   ,  5.25017    ,  1.49743    ])
1797    , -7830.11    , array([ 4.63671    ,  0.183827   ,  4.81138    ,  1.50482    ])
1798    , -8127.31    , array([ 4.18854    ,  0.181961   ,  5.25017    ,  1.50853    ])
likelihood = -7830.11
theta = 335.03
Optimized parameters = [4.63670626 0.18382705 4.81137509 1.50482134]

Round_1_Replicate_10
1799    , -3400.84    , array([ 0.266846   ,  1.683      ,  0.403606   ,  1.96827    ])
1800    , -3403.91    , array([ 0.249789   ,  1.683      ,  0.403606   ,  1.96827    ])
1801    , -3447.96    , array([ 0.266846   ,  1.72738    ,  0.403606   ,  1.96827    ])
1802    , -3317.1     , array([ 0.266846   ,  1.683      ,  0.385705   ,  1.96827    ])
1803    , -3402.26    , array([ 0.266846   ,  1.683      ,  0.403606   ,  2.03605    ])
1804    , -3314.04    , array([ 0.258176   ,  1.63976    ,  0.394554   ,  2.00187    ])
1805    , -3247.98    , array([ 0.253948   ,  1.59763    ,  0.390104   ,  2.01889    ])
1806    , -3279.27    , array([ 0.278093   ,  1.63976    ,  0.387899   ,  2.02745    ])
likelihood = -3247.98
theta = 198.93
Optimized parameters = [0.25394794 1.59762986 0.39010448 2.01888676]

Round_2_Replicate_1
1807    , -6343.79    , array([ 1.04721    ,  0.518468   ,  0.651818   ,  0.137318   ])
1808    , -6347.23    , array([ 1.04963    ,  0.518468   ,  0.651818   ,  0.137318   ])
1809    , -6233.24    , array([ 1.04721    ,  0.501716   ,  0.651818   ,  0.137318   ])
1810    , -6321.98    , array([ 1.04721    ,  0.518468   ,  0.638018   ,  0.137318   ])
1811    , -6710.43    , array([ 1.04721    ,  0.518468   ,  0.651818   ,  0.124341   ])
1812    , -5933.42    , array([ 1.04842    ,  0.510023   ,  0.644881   ,  0.15165    ])
1813    , -5576.72    , array([ 1.04902    ,  0.505853   ,  0.64144    ,  0.167477   ])
1814    , -5880.82    , array([ 1.0457     ,  0.50378    ,  0.639727   ,  0.15165    ])
1815    , -5661.68    , array([ 1.04736    ,  0.496593   ,  0.633766   ,  0.159367   ])
1816    , -5377.31    , array([ 1.04744    ,  0.486004   ,  0.645313   ,  0.171685   ])
1817    , -4956.1     , array([ 1.04755    ,  0.470543   ,  0.648991   ,  0.191971   ])
likelihood = -4956.1
theta = 338.18
Optimized parameters = [1.04754943 0.47054263 0.64899125 0.1919712 ]

Round_2_Replicate_2
1818    , -4226.62    , array([ 1.733      ,  0.144286   ,  0.740446   ,  0.0793886  ])
1819    , -4236.35    , array([ 1.78131    ,  0.144286   ,  0.740446   ,  0.0793886  ])
1820    , -3925.97    , array([ 1.733      ,  0.130975   ,  0.740446   ,  0.0793886  ])
1821    , -4218.44    , array([ 1.733      ,  0.144286   ,  0.729404   ,  0.0793886  ])
1822    , -4619.48    , array([ 1.733      ,  0.144286   ,  0.740446   ,  0.0699433  ])
1823    , -3732.35    , array([ 1.75699    ,  0.137469   ,  0.734904   ,  0.0901094  ])
1824    , -3366.81    , array([ 1.76911    ,  0.134183   ,  0.732149   ,  0.102278   ])
1825    , -3617       , array([ 1.70348    ,  0.132569   ,  0.730775   ,  0.0901094  ])
1826    , -3358.54    , array([ 1.73598    ,  0.127072   ,  0.725987   ,  0.0960011  ])
1827    , -3007.21    , array([ 1.73748    ,  0.119251   ,  0.718864   ,  0.105569   ])
1828    , -2864.58    , array([ 1.73822    ,  0.115523   ,  0.731633   ,  0.110704   ])
1829    , -2429.99    , array([ 1.74084    ,  0.103369   ,  0.73275    ,  0.130728   ])
likelihood = -2429.99
theta = 426.81
Optimized parameters = [1.74083803 0.10336869 0.73275037 0.13072785]

Round_2_Replicate_3
1830    , -518.892    , array([ 0.34493    ,  0.0670815  ,  0.0732182  ,  0.42303    ])
1831    , -508.027    , array([ 0.327052   ,  0.0670815  ,  0.0732182  ,  0.42303    ])
1832    , -556.289    , array([ 0.34493    ,  0.0586048  ,  0.0732182  ,  0.42303    ])
1833    , -531.228    , array([ 0.34493    ,  0.0670815  ,  0.0642466  ,  0.42303    ])
1834    , -522.859    , array([ 0.34493    ,  0.0670815  ,  0.0732182  ,  0.405219   ])
1835    , -486.39     , array([ 0.335872   ,  0.0767843  ,  0.0685859  ,  0.414029   ])
1836    , -456.758    , array([ 0.331433   ,  0.0878906  ,  0.0663808  ,  0.4096     ])
1837    , -471.054    , array([ 0.329235   ,  0.0767843  ,  0.0794511  ,  0.407404   ])
1838    , -456.399    , array([ 0.321658   ,  0.08215    ,  0.0726225  ,  0.426456   ])
1839    , -430.675    , array([ 0.310617   ,  0.0909096  ,  0.0723264  ,  0.437488   ])
1840    , -421.089    , array([ 0.30524    ,  0.0956337  ,  0.0721789  ,  0.415423   ])
1841    , -395.107    , array([ 0.287142   ,  0.114187   ,  0.0716647  ,  0.41167    ])
likelihood = -395.11
theta = 624.04
Optimized parameters = [0.28714242 0.11418665 0.07166472 0.41167025]

Round_2_Replicate_4
1842    , -1495.06    , array([ 1.36204    ,  0.133251   ,  0.250463   ,  0.251011   ])
1843    , -1502.22    , array([ 1.38325    ,  0.133251   ,  0.250463   ,  0.251011   ])
1844    , -1430.93    , array([ 1.36204    ,  0.120477   ,  0.250463   ,  0.251011   ])
1845    , -1476.86    , array([ 1.36204    ,  0.133251   ,  0.233712   ,  0.251011   ])
1846    , -1555.05    , array([ 1.36204    ,  0.133251   ,  0.250463   ,  0.234249   ])
1847    , -1405.04    , array([ 1.37261    ,  0.126703   ,  0.241943   ,  0.268973   ])
1848    , -1344.69    , array([ 1.37792    ,  0.123551   ,  0.237792   ,  0.28822    ])
1849    , -1370.59    , array([ 1.34895    ,  0.122004   ,  0.235743   ,  0.268973   ])
1850    , -1326.96    , array([ 1.36336    ,  0.116742   ,  0.228711   ,  0.27843    ])
1851    , -1267.04    , array([ 1.36402    ,  0.109271   ,  0.218554   ,  0.293243   ])
1852    , -1264.19    , array([ 1.36435    ,  0.105717   ,  0.237022   ,  0.300942   ])
1853    , -1213.99    , array([ 1.3655     ,  0.0941633  ,  0.238694   ,  0.329518   ])
likelihood = -1213.99
theta = 411.07
Optimized parameters = [1.36549994 0.09416329 0.23869383 0.32951762]

Round_2_Replicate_5
1854    , -424.682    , array([ 0.261727   ,  0.0751493  ,  0.0993066  ,  0.363827   ])
1855    , -418.31     , array([ 0.24476    ,  0.0751493  ,  0.0993066  ,  0.363827   ])
1856    , -453.92     , array([ 0.261727   ,  0.066027   ,  0.0993066  ,  0.363827   ])
1857    , -434.76     , array([ 0.261727   ,  0.0751493  ,  0.0884763  ,  0.363827   ])
1858    , -426.625    , array([ 0.261727   ,  0.0751493  ,  0.0993066  ,  0.345891   ])
1859    , -402.417    , array([ 0.253101   ,  0.0855321  ,  0.0937352  ,  0.354746   ])
1860    , -387.248    , array([ 0.248896   ,  0.0973493  ,  0.0910678  ,  0.35029    ])
1861    , -391.155    , array([ 0.246819   ,  0.0855321  ,  0.106739   ,  0.348084   ])
1862    , -385.811    , array([ 0.239687   ,  0.0912496  ,  0.0985925  ,  0.367292   ])
1863    , -377.255    , array([ 0.229373   ,  0.10055    ,  0.0982373  ,  0.378484   ])
1864    , -374.686    , array([ 0.224384   ,  0.10555    ,  0.0980602  ,  0.35615    ])
1865    , -387.785    , array([ 0.207761   ,  0.125091   ,  0.0974429  ,  0.352372   ])
likelihood = -374.69
theta = 682.17
Optimized parameters = [0.22438393 0.10555044 0.09806021 0.35614952]

Round_2_Replicate_6
1866    , -856.702    , array([ 0.182869   ,  0.370949   ,  0.0705829  ,  0.697055   ])
1867    , -903.664    , array([ 0.167976   ,  0.370949   ,  0.0705829  ,  0.697055   ])
1868    , -825.699    , array([ 0.182869   ,  0.353005   ,  0.0705829  ,  0.697055   ])
1869    , -864.659    , array([ 0.182869   ,  0.370949   ,  0.0618208  ,  0.697055   ])
1870    , -859.083    , array([ 0.182869   ,  0.370949   ,  0.0705829  ,  0.68459    ])
1871    , -801.22     , array([ 0.199083   ,  0.361866   ,  0.0660568  ,  0.690794   ])
1872    , -754.235    , array([ 0.216734   ,  0.357408   ,  0.0639037  ,  0.687685   ])
1873    , -783.52     , array([ 0.199083   ,  0.355199   ,  0.0766793  ,  0.686136   ])
1874    , -751.588    , array([ 0.207721   ,  0.347577   ,  0.0700006  ,  0.699417   ])
1875    , -702.516    , array([ 0.221386   ,  0.336449   ,  0.0697113  ,  0.706951   ])
1876    , -681.876    , array([ 0.228552   ,  0.331019   ,  0.0695671  ,  0.691769   ])
1877    , -609.424    , array([ 0.25551    ,  0.312696   ,  0.0690646  ,  0.689141   ])
likelihood = -609.42
theta = 476.25
Optimized parameters = [0.25550954 0.31269614 0.0690646  0.68914073]

Round_2_Replicate_7
1878    , -1179.57    , array([ 0.9574     ,  0.0924902  ,  0.0758795  ,  0.202342   ])
1879    , -1178.61    , array([ 0.955319   ,  0.0924902  ,  0.0758795  ,  0.202342   ])
1880    , -1155.55    , array([ 0.9574     ,  0.0821108  ,  0.0758795  ,  0.202342   ])
1881    , -1175.26    , array([ 0.9574     ,  0.0924902  ,  0.0667008  ,  0.202342   ])
1882    , -1236.47    , array([ 0.9574     ,  0.0924902  ,  0.0758795  ,  0.186806   ])
1883    , -1117.6     , array([ 0.956359   ,  0.0871461  ,  0.0711423  ,  0.21917    ])
1884    , -1075.78    , array([ 0.955839   ,  0.084591   ,  0.0688857  ,  0.237398   ])
1885    , -1112.11    , array([ 0.955579   ,  0.0833417  ,  0.0677844  ,  0.21917    ])
1886    , -1093.25    , array([ 0.957791   ,  0.0791126  ,  0.0640668  ,  0.228102   ])
1887    , -1077.23    , array([ 0.955904   ,  0.0731679  ,  0.0714295  ,  0.242187   ])
likelihood = -1075.78
theta = 457.93
Optimized parameters = [0.95583881 0.08459099 0.06888573 0.23739812]

Round_2_Replicate_8
1888    , -789.934    , array([ 0.273924   ,  0.0448742  ,  0.643779   ,  0.165154   ])
1889    , -750.129    , array([ 0.25675    ,  0.0448742  ,  0.643779   ,  0.165154   ])
1890    , -807.03     , array([ 0.273924   ,  0.0384234  ,  0.643779   ,  0.165154   ])
1891    , -785.154    , array([ 0.273924   ,  0.0448742  ,  0.629758   ,  0.165154   ])
1892    , -828.259    , array([ 0.273924   ,  0.0448742  ,  0.643779   ,  0.150932   ])
1893    , -740.558    , array([ 0.265198   ,  0.0415237  ,  0.63673    ,  0.180715   ])
1894    , -703.328    , array([ 0.26094    ,  0.0399435  ,  0.633234   ,  0.197742   ])
1895    , -709.874    , array([ 0.258837   ,  0.0494449  ,  0.631494   ,  0.180715   ])
1896    , -680.832    , array([ 0.251608   ,  0.044441   ,  0.625439   ,  0.189037   ])
1897    , -630.076    , array([ 0.241141   ,  0.044226   ,  0.616466   ,  0.202244   ])
1898    , -611.806    , array([ 0.236072   ,  0.0441189  ,  0.632581   ,  0.20919    ])
1899    , -537.14     , array([ 0.219155   ,  0.043746   ,  0.633997   ,  0.235432   ])
likelihood = -537.14
theta = 774.09
Optimized parameters = [0.21915542 0.04374601 0.63399712 0.23543246]

Round_2_Replicate_9
1900    , -1576.25    , array([ 0.869579   ,  0.179426   ,  0.67204    ,  0.687123   ])
1901    , -1570.48    , array([ 0.863525   ,  0.179426   ,  0.67204    ,  0.687123   ])
1902    , -1519.55    , array([ 0.869579   ,  0.164657   ,  0.67204    ,  0.687123   ])
1903    , -1551.4     , array([ 0.869579   ,  0.179426   ,  0.658817   ,  0.687123   ])
1904    , -1579.23    , array([ 0.869579   ,  0.179426   ,  0.67204    ,  0.674351   ])
1905    , -1529.15    , array([ 0.866547   ,  0.171883   ,  0.665396   ,  0.700136   ])
1906    , -1509.3     , array([ 0.865034   ,  0.168231   ,  0.662098   ,  0.693599   ])
1907    , -1478.02    , array([ 0.862771   ,  0.162898   ,  0.657183   ,  0.69686    ])
1908    , -1471.47    , array([ 0.870719   ,  0.160296   ,  0.654738   ,  0.698496   ])
1909    , -1428.32    , array([ 0.874339   ,  0.15151    ,  0.646255   ,  0.704253   ])
1910    , -1432.99    , array([ 0.86702    ,  0.147299   ,  0.661482   ,  0.70715    ])
likelihood = -1428.32
theta = 418.19
Optimized parameters = [0.87433928 0.1515096  0.64625546 0.70425348]

Round_2_Replicate_10
1911    , -493.947    , array([ 0.428131   ,  0.0733025  ,  0.165425   ,  0.470828   ])
1912    , -477.729    , array([ 0.410351   ,  0.0733025  ,  0.165425   ,  0.470828   ])
1913    , -520.879    , array([ 0.428131   ,  0.0643243  ,  0.165425   ,  0.470828   ])
1914    , -496        , array([ 0.428131   ,  0.0733025  ,  0.151193   ,  0.470828   ])
1915    , -502.263    , array([ 0.428131   ,  0.0733025  ,  0.165425   ,  0.453425   ])
1916    , -468.128    , array([ 0.419147   ,  0.083534   ,  0.158149   ,  0.462045   ])
1917    , -449.622    , array([ 0.414726   ,  0.0951935  ,  0.154632   ,  0.457715   ])
1918    , -454.116    , array([ 0.412533   ,  0.083534   ,  0.152903   ,  0.482043   ])
1919    , -442.737    , array([ 0.404948   ,  0.0891733  ,  0.168239   ,  0.469721   ])
1920    , -424.338    , array([ 0.393831   ,  0.0983542  ,  0.17747    ,  0.469169   ])
1921    , -415.138    , array([ 0.388388   ,  0.103293   ,  0.159265   ,  0.468893   ])
1922    , -397.972    , array([ 0.369922   ,  0.122616   ,  0.156271   ,  0.467928   ])
likelihood = -397.97
theta = 570.66
Optimized parameters = [0.36992195 0.12261644 0.15627089 0.46792802]

Round_3_Replicate_1
1923    , -1496.51    , array([ 0.0866174  ,  0.245166   ,  0.342835   ,  0.164984   ])
1924    , -1540.73    , array([ 0.0766452  ,  0.245166   ,  0.342835   ,  0.164984   ])
1925    , -1411.92    , array([ 0.0866174  ,  0.228525   ,  0.342835   ,  0.164984   ])
1926    , -1483.75    , array([ 0.0866174  ,  0.245166   ,  0.324967   ,  0.164984   ])
1927    , -1564.02    , array([ 0.0866174  ,  0.245166   ,  0.342835   ,  0.15077    ])
1928    , -1413.78    , array([ 0.0814789  ,  0.236699   ,  0.333782   ,  0.180539   ])
1929    , -1366.94    , array([ 0.094939   ,  0.232576   ,  0.329345   ,  0.172586   ])
1930    , -1293.67    , array([ 0.105663   ,  0.226526   ,  0.3228     ,  0.176518   ])
1931    , -1296.32    , array([ 0.0927865  ,  0.22356    ,  0.319577   ,  0.178517   ])
1932    , -1216.63    , array([ 0.0960339  ,  0.213482   ,  0.33434    ,  0.185694   ])
1933    , -1089.85    , array([ 0.101119   ,  0.19921    ,  0.339128   ,  0.197004   ])
1934    , -1157.85    , array([ 0.113731   ,  0.202853   ,  0.328108   ,  0.177265   ])
1935    , -1015.63    , array([ 0.12259    ,  0.197956   ,  0.312507   ,  0.201067   ])
1936    , -852.186    , array([ 0.145842   ,  0.184241   ,  0.298364   ,  0.221967   ])
1937    , -917.883    , array([ 0.143475   ,  0.183698   ,  0.323933   ,  0.207209   ])
1938    , -739.082    , array([ 0.146812   ,  0.163257   ,  0.32126    ,  0.227044   ])
1939    , -550.705    , array([ 0.173053   ,  0.138596   ,  0.320493   ,  0.257496   ])
1940    , -573.548    , array([ 0.168251   ,  0.150693   ,  0.312374   ,  0.272489   ])
likelihood = -550.71
theta = 664.53
Optimized parameters = [0.17305344 0.13859568 0.32049266 0.25749579]

Round_3_Replicate_2
1941    , -1026.92    , array([ 0.0753351  ,  0.160506   ,  0.026891   ,  0.225588   ])
1942    , -1157.07    , array([ 0.0661983  ,  0.160506   ,  0.026891   ,  0.225588   ])
1943    , -975.35     , array([ 0.0753351  ,  0.146476   ,  0.026891   ,  0.225588   ])
1944    , -1032.58    , array([ 0.0753351  ,  0.160506   ,  0.0224434  ,  0.225588   ])
1945    , -1013.23    , array([ 0.0753351  ,  0.160506   ,  0.026891   ,  0.209403   ])
1946    , -879.938    , array([ 0.0857329  ,  0.153331   ,  0.0245668  ,  0.217345   ])
1947    , -770.815    , array([ 0.0975658  ,  0.149864   ,  0.0234811  ,  0.213337   ])
1948    , -851.417    , array([ 0.0857329  ,  0.14816    ,  0.030108   ,  0.211361   ])
1949    , -780.252    , array([ 0.0914582  ,  0.142348   ,  0.0265889  ,  0.204587   ])
1950    , -690.275    , array([ 0.100771   ,  0.134055   ,  0.0264391  ,  0.217851   ])
1951    , -576.103    , array([ 0.116548   ,  0.122512   ,  0.026216   ,  0.222202   ])
1952    , -600.04     , array([ 0.12534    ,  0.134342   ,  0.0261051  ,  0.200698   ])
1953    , -548.326    , array([ 0.133171   ,  0.12647    ,  0.0217106  ,  0.208734   ])
1954    , -495.835    , array([ 0.165974   ,  0.116847   ,  0.018436   ,  0.207433   ])
1955    , -488.499    , array([ 0.168168   ,  0.119262   ,  0.020471   ,  0.21714    ])
1956    , -491.407    , array([ 0.228035   ,  0.109163   ,  0.0179621  ,  0.223702   ])
1957    , -477.415    , array([ 0.206961   ,  0.101055   ,  0.0216437  ,  0.210081   ])
1958    , -588.839    , array([ 0.301429   ,  0.0829823  ,  0.0207796  ,  0.208472   ])
1959    , -454.144    , array([ 0.207014   ,  0.0977714  ,  0.0177266  ,  0.228473   ])
1960    , -510.803    , array([ 0.266045   ,  0.0834087  ,  0.0146075  ,  0.24377    ])
likelihood = -454.14
theta = 677.76
Optimized parameters = [0.20701374 0.09777144 0.0177266  0.22847294]

Round_3_Replicate_3
1961    , -1898.17    , array([ 0.772545   ,  0.0960435  ,  0.269854   ,  0.11043    ])
1962    , -1892.04    , array([ 0.762641   ,  0.0960435  ,  0.269854   ,  0.11043    ])
1963    , -1756.38    , array([ 0.772545   ,  0.0854263  ,  0.269854   ,  0.11043    ])
1964    , -1887.14    , array([ 0.772545   ,  0.0960435  ,  0.252747   ,  0.11043    ])
1965    , -2085.21    , array([ 0.772545   ,  0.0960435  ,  0.269854   ,  0.0989099  ])
1966    , -1661.33    , array([ 0.767577   ,  0.0905795  ,  0.26116    ,  0.123291   ])
1967    , -1497.86    , array([ 0.765105   ,  0.0879651  ,  0.256919   ,  0.13765    ])
1968    , -1612.1     , array([ 0.763872   ,  0.0866864  ,  0.254824   ,  0.123291   ])
1969    , -1506.43    , array([ 0.774417   ,  0.0823555  ,  0.247626   ,  0.130273   ])
1970    , -1378.82    , array([ 0.765414   ,  0.0762614  ,  0.261695   ,  0.141494   ])
1971    , -1243.94    , array([ 0.761873   ,  0.0679553  ,  0.266288   ,  0.160164   ])
1972    , -1223.39    , array([ 0.760108   ,  0.0764711  ,  0.24348    ,  0.170403   ])
1973    , -1080.37    , array([ 0.753965   ,  0.0723519  ,  0.231276   ,  0.211677   ])
1974    , -1117.87    , array([ 0.763737   ,  0.0688473  ,  0.245639   ,  0.199988   ])
1975    , -1044.14    , array([ 0.748126   ,  0.0662587  ,  0.251762   ,  0.234507   ])
1976    , -952.927    , array([ 0.735317   ,  0.0594317  ,  0.253856   ,  0.314635   ])
1977    , -966.76     , array([ 0.742344   ,  0.0509892  ,  0.241206   ,  0.335543   ])
1978    , -864.076    , array([ 0.735877   ,  0.0571734  ,  0.221488   ,  0.417399   ])
1979    , -744.437    , array([ 0.723213   ,  0.052442   ,  0.201999   ,  0.673822   ])
likelihood = -744.44
theta = 486.33
Optimized parameters = [0.72321339 0.05244198 0.20199923 0.67382181]

Round_3_Replicate_4
1980    , -337.565    , array([ 0.204862   ,  0.06899    ,  0.265138   ,  0.409452   ])
1981    , -338.445    , array([ 0.189249   ,  0.06899    ,  0.265138   ,  0.409452   ])
1982    , -355.123    , array([ 0.204862   ,  0.0603567  ,  0.265138   ,  0.409452   ])
1983    , -342.278    , array([ 0.204862   ,  0.06899    ,  0.248111   ,  0.409452   ])
1984    , -338.643    , array([ 0.204862   ,  0.06899    ,  0.265138   ,  0.391574   ])
1985    , -328.693    , array([ 0.196901   ,  0.0788582  ,  0.256483   ,  0.400413   ])
1986    , -327.13     , array([ 0.193037   ,  0.0901379  ,  0.252262   ,  0.395969   ])
1987    , -325.715    , array([ 0.191134   ,  0.0788582  ,  0.276368   ,  0.393765   ])
1988    , -324.074    , array([ 0.184619   ,  0.0843096  ,  0.291682   ,  0.386148   ])
1989    , -327.994    , array([ 0.181445   ,  0.087175   ,  0.271257   ,  0.408882   ])
1990    , -330.012    , array([ 0.192321   ,  0.0979931  ,  0.274369   ,  0.390755   ])
1991    , -367.682    , array([ 0.172141   ,  0.116788   ,  0.279105   ,  0.381729   ])
1992    , -326.446    , array([ 0.19614    ,  0.0786936  ,  0.268563   ,  0.402338   ])
1993    , -333.108    , array([ 0.185177   ,  0.0736822  ,  0.266845   ,  0.40588    ])
1994    , -325.864    , array([ 0.19051    ,  0.0912509  ,  0.272468   ,  0.394483   ])
1995    , -325.827    , array([ 0.20112    ,  0.08474    ,  0.270509   ,  0.380996   ])
1996    , -323.21     , array([ 0.19296    ,  0.0794628  ,  0.301213   ,  0.38591    ])
1997    , -324.063    , array([ 0.192921   ,  0.0746091  ,  0.329144   ,  0.380976   ])
1998    , -327.984    , array([ 0.188361   ,  0.0914626  ,  0.299637   ,  0.371965   ])
1999    , -324.397    , array([ 0.194166   ,  0.0817082  ,  0.276015   ,  0.39452    ])
likelihood = -323.21
theta = 767.7
Optimized parameters = [0.19295982 0.07946275 0.30121344 0.3859097 ]

Round_3_Replicate_5
2000    , -500.351    , array([ 0.499113   ,  0.216174   ,  0.271868   ,  1.19432    ])
2001    , -490.802    , array([ 0.482069   ,  0.216174   ,  0.271868   ,  1.19432    ])
2002    , -475.839    , array([ 0.499113   ,  0.200237   ,  0.271868   ,  1.19432    ])
2003    , -475.901    , array([ 0.499113   ,  0.216174   ,  0.254728   ,  1.19432    ])
2004    , -499.211    , array([ 0.499113   ,  0.216174   ,  0.271868   ,  1.20497    ])
2005    , -470.183    , array([ 0.490517   ,  0.208053   ,  0.263159   ,  1.19963    ])
2006    , -456.253    , array([ 0.486275   ,  0.204107   ,  0.258909   ,  1.2023     ])
2007    , -451.123    , array([ 0.484167   ,  0.202163   ,  0.25681    ,  1.18771    ])
2008    , -430.326    , array([ 0.476863   ,  0.195501   ,  0.249597   ,  1.17917    ])
2009    , -432.179    , array([ 0.498572   ,  0.192254   ,  0.246066   ,  1.19068    ])
2010    , -423.679    , array([ 0.481285   ,  0.181305   ,  0.25812    ,  1.18886    ])
2011    , -403.787    , array([ 0.47261    ,  0.16604    ,  0.259833   ,  1.18614    ])
2012    , -391.269    , array([ 0.468332   ,  0.17824    ,  0.236432   ,  1.18479    ])
2013    , -362.157    , array([ 0.453661   ,  0.168165   ,  0.220486   ,  1.18005    ])
2014    , -367.138    , array([ 0.464297   ,  0.158718   ,  0.229106   ,  1.16598    ])
2015    , -353.579    , array([ 0.437003   ,  0.153105   ,  0.232607   ,  1.16509    ])
2016    , -331.006    , array([ 0.409131   ,  0.13663    ,  0.226156   ,  1.1525     ])
2017    , -330.381    , array([ 0.423207   ,  0.125866   ,  0.218283   ,  1.16308    ])
2018    , -330        , array([ 0.398687   ,  0.100993   ,  0.204132   ,  1.15512    ])
2019    , -320.58     , array([ 0.3922     ,  0.115581   ,  0.185855   ,  1.14102    ])
2020    , -346.881    , array([ 0.357281   ,  0.0964321  ,  0.157186   ,  1.11911    ])
likelihood = -320.58
theta = 520.29
Optimized parameters = [0.39220041 0.11558073 0.18585511 1.14102012]

Round_4_Replicate_1
2021    , -511.95     , array([ 0.568918   ,  0.0985482  ,  0.36328    ,  2.10262    ])
2022    , -498.459    , array([ 0.553098   ,  0.0985482  ,  0.36328    ,  2.10262    ])
2023    , -516.931    , array([ 0.568918   ,  0.087767   ,  0.36328    ,  2.10262    ])
2024    , -491.853    , array([ 0.568918   ,  0.0985482  ,  0.345345   ,  2.10262    ])
2025    , -510.906    , array([ 0.568918   ,  0.0985482  ,  0.36328    ,  2.18222    ])
2026    , -494.231    , array([ 0.560952   ,  0.110654   ,  0.354199   ,  2.14205    ])
2027    , -485.093    , array([ 0.557011   ,  0.104426   ,  0.349744   ,  2.16204    ])
2028    , -472.56     , array([ 0.551151   ,  0.107495   ,  0.343167   ,  2.19238    ])
2029    , -468.217    , array([ 0.548245   ,  0.109063   ,  0.339925   ,  2.08802    ])
2030    , -449.779    , array([ 0.538192   ,  0.114734   ,  0.328816   ,  2.04245    ])
2031    , -456.049    , array([ 0.556275   ,  0.117679   ,  0.323399   ,  2.13584    ])
2032    , -442.061    , array([ 0.546195   ,  0.10808    ,  0.31694    ,  2.09348    ])
2033    , -420.935    , array([ 0.538963   ,  0.106816   ,  0.299807   ,  2.06961    ])
2034    , -414.077    , array([ 0.524178   ,  0.126344   ,  0.302876   ,  2.11594    ])
2035    , -389.289    , array([ 0.503146   ,  0.143057   ,  0.283643   ,  2.12263    ])
2036    , -388.282    , array([ 0.516974   ,  0.133623   ,  0.277107   ,  1.99676    ])
2037    , -362.264    , array([ 0.500689   ,  0.148979   ,  0.249011   ,  1.9056     ])
2038    , -357.814    , array([ 0.485947   ,  0.137336   ,  0.25802    ,  1.936      ])
2039    , -331.695    , array([ 0.454191   ,  0.148363   ,  0.230469   ,  1.8432     ])
2040    , -326.423    , array([ 0.461416   ,  0.16018    ,  0.212456   ,  1.92323    ])
2041    , -320.367    , array([ 0.427238   ,  0.189264   ,  0.170776   ,  1.86625    ])
2042    , -354.117    , array([ 0.410229   ,  0.229023   ,  0.175862   ,  1.80233    ])
2043    , -340.87     , array([ 0.396787   ,  0.216366   ,  0.146367   ,  1.61932    ])
2044    , -382.992    , array([ 0.35496    ,  0.250383   ,  0.127823   ,  1.66274    ])
2045    , -331.226    , array([ 0.459431   ,  0.169627   ,  0.210773   ,  1.84175    ])
2046    , -317.645    , array([ 0.458477   ,  0.140172   ,  0.198142   ,  1.77712    ])
2047    , -340.048    , array([ 0.484689   ,  0.10966    ,  0.210319   ,  1.76465    ])
2048    , -380.368    , array([ 0.509525   ,  0.119422   ,  0.276995   ,  2.07211    ])
2049    , -321.412    , array([ 0.422386   ,  0.186493   ,  0.171672   ,  1.72227    ])
likelihood = -317.65
theta = 441.4
Optimized parameters = [0.45847692 0.14017157 0.19814215 1.77712091]

Round_4_Replicate_2
2050    , -339.443    , array([ 0.287359   ,  0.157362   ,  0.198421   ,  1.80487    ])
2051    , -350.793    , array([ 0.269989   ,  0.157362   ,  0.198421   ,  1.80487    ])
2052    , -333.61     , array([ 0.287359   ,  0.143465   ,  0.198421   ,  1.80487    ])
2053    , -345.104    , array([ 0.287359   ,  0.157362   ,  0.183007   ,  1.80487    ])
2054    , -339.912    , array([ 0.287359   ,  0.157362   ,  0.198421   ,  1.85895    ])
2055    , -329.403    , array([ 0.305846   ,  0.150253   ,  0.190558   ,  1.83171    ])
2056    , -321.807    , array([ 0.325523   ,  0.14682    ,  0.186745   ,  1.84528    ])
2057    , -322.912    , array([ 0.305846   ,  0.145132   ,  0.208708   ,  1.85211    ])
2058    , -320.219    , array([ 0.315532   ,  0.139379   ,  0.197421   ,  1.79491    ])
2059    , -315.114    , array([ 0.330637   ,  0.131173   ,  0.196923   ,  1.76372    ])
2060    , -314.389    , array([ 0.338459   ,  0.127253   ,  0.196674   ,  1.82749    ])
2061    , -315.942    , array([ 0.367322   ,  0.114434   ,  0.195806   ,  1.83891    ])
2062    , -309.928    , array([ 0.367322   ,  0.131458   ,  0.195806   ,  1.83891    ])
2063    , -312.024    , array([ 0.415297   ,  0.125836   ,  0.194512   ,  1.85617    ])
2064    , -315.195    , array([ 0.378216   ,  0.123674   ,  0.18031    ,  1.78562    ])
2065    , -316.132    , array([ 0.383037   ,  0.112203   ,  0.198014   ,  1.763      ])
2066    , -312.879    , array([ 0.36777    ,  0.120005   ,  0.195135   ,  1.78322    ])
2067    , -312.846    , array([ 0.325088   ,  0.131212   ,  0.213345   ,  1.8207     ])
2068    , -310.221    , array([ 0.368734   ,  0.123728   ,  0.203329   ,  1.87284    ])
2069    , -309.14     , array([ 0.375978   ,  0.125761   ,  0.207002   ,  1.82977    ])
2070    , -310.514    , array([ 0.396269   ,  0.125021   ,  0.212367   ,  1.83091    ])
2071    , -309.885    , array([ 0.349853   ,  0.136517   ,  0.214885   ,  1.89951    ])
2072    , -310.937    , array([ 0.410585   ,  0.127356   ,  0.197252   ,  1.90026    ])
2073    , -309.281    , array([ 0.387305   ,  0.128309   ,  0.201157   ,  1.88005    ])
2074    , -308.74     , array([ 0.370989   ,  0.137537   ,  0.20586    ,  1.8509     ])
2075    , -310.062    , array([ 0.372121   ,  0.145009   ,  0.207138   ,  1.84002    ])
2076    , -308.835    , array([ 0.374268   ,  0.132409   ,  0.219189   ,  1.89119    ])
likelihood = -308.74
theta = 470.39
Optimized parameters = [0.37098856 0.1375367  0.2058601  1.85089888]

Round_4_Replicate_3
2077    , -339.248    , array([ 0.385419   ,  0.199982   ,  0.176151   ,  1.46558    ])
2078    , -341.725    , array([ 0.367476   ,  0.199982   ,  0.176151   ,  1.46558    ])
2079    , -327.695    , array([ 0.385419   ,  0.184518   ,  0.176151   ,  1.46558    ])
2080    , -335.889    , array([ 0.385419   ,  0.199982   ,  0.161503   ,  1.46558    ])
2081    , -338.567    , array([ 0.385419   ,  0.199982   ,  0.176151   ,  1.49386    ])
2082    , -329.6      , array([ 0.404237   ,  0.192094   ,  0.168668   ,  1.47965    ])
2083    , -327.035    , array([ 0.394716   ,  0.188268   ,  0.165046   ,  1.48674    ])
2084    , -322.916    , array([ 0.399448   ,  0.182671   ,  0.159759   ,  1.49743    ])
2085    , -322.015    , array([ 0.401835   ,  0.179936   ,  0.15718    ,  1.46034    ])
2086    , -319.082    , array([ 0.410304   ,  0.170679   ,  0.148475   ,  1.44386    ])
2087    , -316.085    , array([ 0.414605   ,  0.166231   ,  0.164376   ,  1.47745    ])
2088    , -313.869    , array([ 0.430017   ,  0.151557   ,  0.165832   ,  1.48341    ])
2089    , -314.85     , array([ 0.407715   ,  0.153716   ,  0.156064   ,  1.46525    ])
2090    , -319.741    , array([ 0.439816   ,  0.146061   ,  0.140656   ,  1.47916    ])
2091    , -323.963    , array([ 0.445297   ,  0.131927   ,  0.145521   ,  1.43883    ])
2092    , -316.968    , array([ 0.410447   ,  0.168398   ,  0.156074   ,  1.48256    ])
2093    , -322.609    , array([ 0.390689   ,  0.177163   ,  0.174108   ,  1.45828    ])
2094    , -316.179    , array([ 0.426984   ,  0.153283   ,  0.148363   ,  1.47391    ])
2095    , -313.493    , array([ 0.427218   ,  0.143675   ,  0.164877   ,  1.5094     ])
2096    , -315.538    , array([ 0.435935   ,  0.131819   ,  0.173746   ,  1.54328    ])
2097    , -317.031    , array([ 0.435706   ,  0.134507   ,  0.161212   ,  1.48324    ])
2098    , -314.756    , array([ 0.416621   ,  0.159198   ,  0.157343   ,  1.48273    ])
2099    , -312.513    , array([ 0.413719   ,  0.150596   ,  0.174649   ,  1.49641    ])
2100    , -312.838    , array([ 0.407242   ,  0.14927    ,  0.18949    ,  1.50778    ])
2101    , -314.023    , array([ 0.43645    ,  0.14864    ,  0.175638   ,  1.52117    ])
2102    , -314.923    , array([ 0.437166   ,  0.13868    ,  0.18406    ,  1.52259    ])
2103    , -313.506    , array([ 0.421665   ,  0.1538     ,  0.163635   ,  1.4926     ])
2104    , -314.037    , array([ 0.410175   ,  0.151087   ,  0.159154   ,  1.47012    ])
2105    , -313.308    , array([ 0.429728   ,  0.149248   ,  0.171363   ,  1.50824    ])
likelihood = -312.51
theta = 461.82
Optimized parameters = [0.4137188  0.15059585 0.17464897 1.49640784]

Round_4_Replicate_4
2106    , -359.916    , array([ 0.364291   ,  0.0783202  ,  0.214562   ,  2.18108    ])
2107    , -359.993    , array([ 0.346354   ,  0.0783202  ,  0.214562   ,  2.18108    ])
2108    , -384.975    , array([ 0.364291   ,  0.0689552  ,  0.214562   ,  2.18108    ])
2109    , -369.826    , array([ 0.364291   ,  0.0783202  ,  0.198669   ,  2.18108    ])
2110    , -361.096    , array([ 0.364291   ,  0.0783202  ,  0.214562   ,  2.26781    ])
2111    , -344.175    , array([ 0.355209   ,  0.088957   ,  0.206463   ,  2.22402    ])
2112    , -330.393    , array([ 0.350754   ,  0.101038   ,  0.202529   ,  2.24581    ])
2113    , -335.647    , array([ 0.348547   ,  0.088957   ,  0.225134   ,  2.25678    ])
2114    , -332.227    , array([ 0.340932   ,  0.0948054  ,  0.213533   ,  2.1652     ])
2115    , -321.936    , array([ 0.35577    ,  0.104307   ,  0.21302    ,  2.24307    ])
2116    , -312.305    , array([ 0.360574   ,  0.120374   ,  0.212253   ,  2.27473    ])
2117    , -313.946    , array([ 0.336523   ,  0.129313   ,  0.21187    ,  2.29072    ])
2118    , -315.313    , array([ 0.345604   ,  0.137267   ,  0.195882   ,  2.23047    ])
2119    , -315.54     , array([ 0.355735   ,  0.154982   ,  0.197805   ,  2.35959    ])
2120    , -330.251    , array([ 0.348221   ,  0.180105   ,  0.206106   ,  2.33182    ])
2121    , -316.665    , array([ 0.348852   ,  0.155871   ,  0.205206   ,  2.31001    ])
2122    , -317.668    , array([ 0.350119   ,  0.116747   ,  0.203417   ,  2.26701    ])
2123    , -313.576    , array([ 0.349168   ,  0.145006   ,  0.204757   ,  2.29918    ])
2124    , -316.067    , array([ 0.340161   ,  0.113575   ,  0.214704   ,  2.19078    ])
2125    , -313.324    , array([ 0.351776   ,  0.143394   ,  0.201901   ,  2.31621    ])
2126    , -310.393    , array([ 0.353246   ,  0.131063   ,  0.220118   ,  2.36173    ])
2127    , -310.055    , array([ 0.35713    ,  0.128066   ,  0.233338   ,  2.43023    ])
2128    , -309.398    , array([ 0.373719   ,  0.138452   ,  0.213569   ,  2.3686     ])
2129    , -309.734    , array([ 0.393832   ,  0.143261   ,  0.214424   ,  2.40853    ])
2130    , -310.889    , array([ 0.372633   ,  0.120646   ,  0.225693   ,  2.39524    ])
2131    , -314.818    , array([ 0.380677   ,  0.111907   ,  0.241997   ,  2.41786    ])
2132    , -310.533    , array([ 0.358789   ,  0.134776   ,  0.211255   ,  2.34121    ])
likelihood = -309.4
theta = 447.19
Optimized parameters = [0.37371939 0.13845214 0.21356925 2.36860098]

Round_4_Replicate_5
2133    , -361.74     , array([ 0.374702   ,  0.110591   ,  0.297323   ,  0.831453   ])
2134    , -350.182    , array([ 0.356756   ,  0.110591   ,  0.297323   ,  0.831453   ])
2135    , -359.869    , array([ 0.374702   ,  0.0990621  ,  0.297323   ,  0.831453   ])
2136    , -353.035    , array([ 0.374702   ,  0.110591   ,  0.279827   ,  0.831453   ])
2137    , -362.561    , array([ 0.374702   ,  0.110591   ,  0.297323   ,  0.823814   ])
2138    , -349.374    , array([ 0.365619   ,  0.104668   ,  0.288443   ,  0.839162   ])
2139    , -344.112    , array([ 0.36116    ,  0.101827   ,  0.284102   ,  0.846942   ])
2140    , -342.774    , array([ 0.358951   ,  0.100435   ,  0.281957   ,  0.839162   ])
2141    , -336.938    , array([ 0.351325   ,  0.0957119  ,  0.274574   ,  0.843043   ])
2142    , -333.033    , array([ 0.347574   ,  0.110212   ,  0.270955   ,  0.84499    ])
2143    , -324.946    , array([ 0.334755   ,  0.116248   ,  0.258662   ,  0.851841   ])
2144    , -324.532    , array([ 0.328524   ,  0.101215   ,  0.276794   ,  0.855288   ])
2145    , -316.609    , array([ 0.307615   ,  0.0968297  ,  0.27529    ,  0.867461   ])
2146    , -319.248    , array([ 0.320406   ,  0.0947087  ,  0.250669   ,  0.873612   ])
2147    , -312.908    , array([ 0.298107   ,  0.0992007  ,  0.246415   ,  0.871033   ])
2148    , -316.82     , array([ 0.270838   ,  0.0979132  ,  0.229489   ,  0.883334   ])
2149    , -311.381    , array([ 0.282289   ,  0.107445   ,  0.241538   ,  0.88947    ])
2150    , -321.852    , array([ 0.253039   ,  0.11384    ,  0.226542   ,  0.913634   ])
2151    , -320.359    , array([ 0.272058   ,  0.0850475  ,  0.247765   ,  0.899515   ])
2152    , -314.462    , array([ 0.286535   ,  0.0919587  ,  0.250445   ,  0.887352   ])
2153    , -311.171    , array([ 0.268797   ,  0.102863   ,  0.255551   ,  0.88397    ])
2154    , -316.336    , array([ 0.246199   ,  0.1072     ,  0.258028   ,  0.889194   ])
2155    , -319.098    , array([ 0.261714   ,  0.103697   ,  0.224197   ,  0.898669   ])
2156    , -312.347    , array([ 0.295435   ,  0.0985028  ,  0.261518   ,  0.87516    ])
2157    , -312.129    , array([ 0.285299   ,  0.113008   ,  0.251827   ,  0.872468   ])
2158    , -312.605    , array([ 0.268268   ,  0.111812   ,  0.258742   ,  0.889545   ])
2159    , -311.167    , array([ 0.275435   ,  0.108516   ,  0.255604   ,  0.88488    ])
2160    , -317.311    , array([ 0.261371   ,  0.118189   ,  0.241027   ,  0.890254   ])
2161    , -310.787    , array([ 0.286524   ,  0.103093   ,  0.256237   ,  0.878909   ])
2162    , -311.812    , array([ 0.271238   ,  0.0983952  ,  0.252484   ,  0.896291   ])
2163    , -311.03     , array([ 0.274687   ,  0.101861   ,  0.25232    ,  0.890275   ])
likelihood = -310.79
theta = 620.94
Optimized parameters = [0.28652406 0.10309331 0.25623719 0.87890906]

Round_1_Replicate_1
3028    , -13812.8    , array([ 0.679927   ,  3.41041    ,  4.21094    ,  1.34828    ])
3029    , -13756.6    , array([ 0.666938   ,  3.41041    ,  4.21094    ,  1.34828    ])
3030    , -13885.1    , array([ 0.679927   ,  3.62616    ,  4.21094    ,  1.34828    ])
3031    , -14120.3    , array([ 0.679927   ,  3.41041    ,  4.52479    ,  1.34828    ])
3032    , -13813.7    , array([ 0.679927   ,  3.41041    ,  4.21094    ,  1.36857    ])
3033    , -13515.2    , array([ 0.673401   ,  3.51663    ,  3.91887    ,  1.35839    ])
3034    , -13214.2    , array([ 0.670162   ,  3.57097    ,  3.64705    ,  1.36347    ])
3035    , -13409.3    , array([ 0.668548   ,  3.28213    ,  3.91887    ,  1.36602    ])
likelihood = -13214.15
theta = 148.66
Optimized parameters = [0.67016181 3.57097143 3.64704787 1.36346915]

Round_1_Replicate_2
3036    , -16861.8    , array([ 2.75695    ,  2.2453     ,  4.11707    ,  1.52376    ])
3037    , -16980.9    , array([ 2.90035    ,  2.2453     ,  4.11707    ,  1.52376    ])
3038    , -16960.3    , array([ 2.75695    ,  2.33797    ,  4.11707    ,  1.52376    ])
3039    , -17170.2    , array([ 2.75695    ,  2.2453     ,  4.41894    ,  1.52376    ])
3040    , -16856.6    , array([ 2.75695    ,  2.2453     ,  4.11707    ,  1.55619    ])
3041    , -16656.4    , array([ 2.82774    ,  2.29117    ,  3.83583    ,  1.53989    ])
3042    , -16393.3    , array([ 2.86382    ,  2.31445    ,  3.5738     ,  1.54802    ])
3043    , -16552.8    , array([ 2.67095    ,  2.32618    ,  3.83583    ,  1.5521     ])
likelihood = -16393.27
theta = 116.53
Optimized parameters = [2.86381773 2.3144483  3.57379533 1.54801978]

Round_1_Replicate_3
3044    , -9282.27    , array([ 0.325535   ,  3.82201    ,  2.03575    ,  2.60505    ])
3045    , -9167.39    , array([ 0.307771   ,  3.82201    ,  2.03575    ,  2.60505    ])
3046    , -9357.08    , array([ 0.325535   ,  4.08702    ,  2.03575    ,  2.60505    ])
3047    , -9401.23    , array([ 0.325535   ,  3.82201    ,  2.10941    ,  2.60505    ])
3048    , -9285.42    , array([ 0.325535   ,  3.82201    ,  2.03575    ,  2.7328     ])
3049    , -9147.01    , array([ 0.316528   ,  3.9523     ,  1.96467    ,  2.66816    ])
3050    , -9023.19    , array([ 0.312119   ,  4.01909    ,  1.89606    ,  2.70028    ])
3051    , -9019.76    , array([ 0.309937   ,  3.66518    ,  1.96467    ,  2.71649    ])
3052    , -8850.44    , array([ 0.302421   ,  3.47088    ,  1.93006    ,  2.77399    ])
likelihood = -8850.44
theta = 154.22
Optimized parameters = [0.30242064 3.47088201 1.93005974 2.77398663]

Round_1_Replicate_4
3053    , -14330.4    , array([ 3.33223    ,  4.21931    ,  1.08799    ,  0.27668    ])
3054    , -14500.7    , array([ 3.53892    ,  4.21931    ,  1.08799    ,  0.27668    ])
3055    , -14511.4    , array([ 3.33223    ,  4.53423    ,  1.08799    ,  0.27668    ])
3056    , -14341.6    , array([ 3.33223    ,  4.21931    ,  1.09259    ,  0.27668    ])
3057    , -14479.9    , array([ 3.33223    ,  4.21931    ,  1.08799    ,  0.259464   ])
3058    , -14304.3    , array([ 3.43402    ,  3.92626    ,  1.09029    ,  0.267933   ])
3059    , -14185.8    , array([ 3.48608    ,  3.65357    ,  1.09144    ,  0.263664   ])
3060    , -14176.2    , array([ 3.20922    ,  3.92626    ,  1.09201    ,  0.261556   ])
3061    , -14015.1    , array([ 3.05607    ,  3.78746    ,  1.09403    ,  0.254306   ])
likelihood = -14015.09
theta = 182.66
Optimized parameters = [3.05606798 3.78746261 1.0940293  0.25430635]

Round_1_Replicate_5
3062    , -8462.18    , array([ 0.623445   ,  0.364551   ,  4.43269    ,  5.9013     ])
3063    , -8426.74    , array([ 0.608889   ,  0.364551   ,  4.43269    ,  5.9013     ])
3064    , -8290.62    , array([ 0.623445   ,  0.346614   ,  4.43269    ,  5.9013     ])
3065    , -8829.3     , array([ 0.623445   ,  0.364551   ,  4.7753     ,  5.9013     ])
3066    , -8462.18    , array([ 0.623445   ,  0.364551   ,  4.43269    ,  6.44904    ])
3067    , -7998.79    , array([ 0.616124   ,  0.355469   ,  4.11466    ,  6.16909    ])
3068    , -7595.08    , array([ 0.612496   ,  0.351014   ,  3.81945    ,  6.30751    ])
3069    , -7922.79    , array([ 0.61069    ,  0.348807   ,  4.11466    ,  5.58284    ])
likelihood = -7595.08
theta = 388.46
Optimized parameters = [0.61249612 0.35101377 3.8194471  6.30750929]

Round_1_Replicate_6
3070    , -8831.81    , array([ 2.75491    ,  0.204851   ,  5.70889    ,  0.4713     ])
3071    , -8854.03    , array([ 2.8981     ,  0.204851   ,  5.70889    ,  0.4713     ])
3072    , -8503.01    , array([ 2.75491    ,  0.189239   ,  5.70889    ,  0.4713     ])
3073    , -9232.55    , array([ 2.75491    ,  0.204851   ,  6.22844    ,  0.4713     ])
3074    , -8831.37    , array([ 2.75491    ,  0.204851   ,  5.70889    ,  0.453902   ])
3075    , -8292.23    , array([ 2.8256     ,  0.196891   ,  5.23268    ,  0.462519   ])
3076    , -7847.72    , array([ 2.86162    ,  0.193027   ,  4.79619    ,  0.45819    ])
3077    , -8148.92    , array([ 2.66903    ,  0.191124   ,  5.23268    ,  0.456041   ])
likelihood = -7847.72
theta = 353.19
Optimized parameters = [2.86161637 0.19302694 4.79618854 0.4581903 ]

Round_1_Replicate_7
3078    , -5779.5     , array([ 3.13403    ,  0.791207   ,  0.472186   ,  0.355105   ])
3079    , -5830.71    , array([ 3.31824    ,  0.791207   ,  0.472186   ,  0.355105   ])
3080    , -5737.01    , array([ 3.13403    ,  0.781997   ,  0.472186   ,  0.355105   ])
3081    , -5721.6     , array([ 3.13403    ,  0.791207   ,  0.454798   ,  0.355105   ])
3082    , -5914       , array([ 3.13403    ,  0.791207   ,  0.472186   ,  0.33719    ])
3083    , -5625.34    , array([ 3.22482    ,  0.786589   ,  0.463411   ,  0.373972   ])
3084    , -5488.57    , array([ 3.2712     ,  0.784289   ,  0.459084   ,  0.393841   ])
3085    , -5529.88    , array([ 3.02412    ,  0.783142   ,  0.456936   ,  0.373972   ])
likelihood = -5488.57
theta = 239.03
Optimized parameters = [3.27119684 0.7842892  0.45908429 0.39384099]

Round_1_Replicate_8
3086    , -8195.92    , array([ 2.95139    ,  1.38947    ,  0.998439   ,  4.24877    ])
3087    , -8276.64    , array([ 3.1155     ,  1.38947    ,  0.998439   ,  4.24877    ])
3088    , -8255.05    , array([ 2.95139    ,  1.41251    ,  0.998439   ,  4.24877    ])
3089    , -8195.55    , array([ 2.95139    ,  1.38947    ,  0.998361   ,  4.24877    ])
3090    , -8178.82    , array([ 2.95139    ,  1.38947    ,  0.998439   ,  4.56748    ])
3091    , -8134.17    , array([ 2.79593    ,  1.40095    ,  0.9984     ,  4.40524    ])
3092    , -8060.73    , array([ 2.64865    ,  1.40672    ,  0.99838    ,  4.48563    ])
3093    , -8062.6     , array([ 2.79593    ,  1.37527    ,  0.998371   ,  4.52637    ])
likelihood = -8060.73
theta = 112.52
Optimized parameters = [2.64864826 1.40671903 0.99838044 4.48562803]

Round_1_Replicate_9
3094    , -9167.68    , array([ 1.24661    ,  0.895955   ,  2.15582    ,  1.3311     ])
3095    , -9188.3     , array([ 1.26042    ,  0.895955   ,  2.15582    ,  1.3311     ])
3096    , -9149.29    , array([ 1.24661    ,  0.891047   ,  2.15582    ,  1.3311     ])
3097    , -9356.67    , array([ 1.24661    ,  0.895955   ,  2.24024    ,  1.3311     ])
3098    , -9165.93    , array([ 1.24661    ,  0.895955   ,  2.15582    ,  1.35027    ])
3099    , -8979.97    , array([ 1.2535     ,  0.893498   ,  2.07459    ,  1.34065    ])
3100    , -8793.27    , array([ 1.25696    ,  0.892271   ,  1.99642    ,  1.34545    ])
3101    , -8949.5     , array([ 1.23805    ,  0.891659   ,  2.07459    ,  1.34786    ])
likelihood = -8793.27
theta = 209.99
Optimized parameters = [1.25695595 0.89227133 1.99641887 1.34545483]

Round_1_Replicate_10
3102    , -4537.89    , array([ 0.621877   ,  0.214043   ,  2.54901    ,  2.33589    ])
3103    , -4511.09    , array([ 0.607281   ,  0.214043   ,  2.54901    ,  2.33589    ])
3104    , -4363.3     , array([ 0.621877   ,  0.198165   ,  2.54901    ,  2.33589    ])
3105    , -4700.21    , array([ 0.621877   ,  0.214043   ,  2.6711     ,  2.33589    ])
3106    , -4538.31    , array([ 0.621877   ,  0.214043   ,  2.54901    ,  2.43711    ])
3107    , -4280.69    , array([ 0.614535   ,  0.205951   ,  2.4325     ,  2.38596    ])
3108    , -4081.29    , array([ 0.610897   ,  0.20202    ,  2.32132    ,  2.4114     ])
3109    , -4207.53    , array([ 0.609086   ,  0.200083   ,  2.4325     ,  2.27477    ])
likelihood = -4081.29
theta = 493.77
Optimized parameters = [0.61089727 0.20202021 2.32131988 2.41139927]

Round_2_Replicate_1
3110    , -4771.59    , array([ 0.218599   ,  0.224568   ,  3.64483    ,  4.70339    ])
3111    , -4694.1     , array([ 0.202596   ,  0.224568   ,  3.64483    ,  4.70339    ])
3112    , -4579.76    , array([ 0.218599   ,  0.208409   ,  3.64483    ,  4.70339    ])
3113    , -5010.23    , array([ 0.218599   ,  0.224568   ,  3.88831    ,  4.70339    ])
3114    , -4771.61    , array([ 0.218599   ,  0.224568   ,  3.64483    ,  5.08196    ])
3115    , -4408.64    , array([ 0.210446   ,  0.216338   ,  3.4166     ,  4.88901    ])
3116    , -4125.41    , array([ 0.206484   ,  0.212336   ,  3.20265    ,  4.98455    ])
3117    , -4311.75    , array([ 0.204531   ,  0.210363   ,  3.4166     ,  4.48124    ])
3118    , -4092.65    , array([ 0.19784    ,  0.203602   ,  3.30789    ,  4.7262     ])
3119    , -3777.63    , array([ 0.188211   ,  0.193864   ,  3.15129    ,  4.73764    ])
3120    , -3721.5     , array([ 0.205749   ,  0.189171   ,  3.07579    ,  4.74338    ])
3121    , -3286.57    , array([ 0.207344   ,  0.173624   ,  2.82551    ,  4.7635     ])
likelihood = -3286.57
theta = 859.43
Optimized parameters = [0.20734403 0.1736235  2.82551271 4.76350291]

Round_2_Replicate_2
3122    , -4929.26    , array([ 0.785179   ,  0.0619194  ,  6.71265    ,  4.72049    ])
3123    , -4922.74    , array([ 0.775741   ,  0.0619194  ,  6.71265    ,  4.72049    ])
3124    , -4617.77    , array([ 0.785179   ,  0.0538788  ,  6.71265    ,  4.72049    ])
3125    , -5210.63    , array([ 0.785179   ,  0.0619194  ,  7.3831     ,  4.72049    ])
3126    , -4929.27    , array([ 0.785179   ,  0.0619194  ,  6.71265    ,  5.10136    ])
3127    , -4511.27    , array([ 0.780446   ,  0.0577594  ,  6.10308    ,  4.90723    ])
3128    , -4201.9     , array([ 0.77809    ,  0.0557854  ,  5.54887    ,  5.00335    ])
3129    , -4402.54    , array([ 0.776915   ,  0.0548238  ,  6.10308    ,  4.49702    ])
3130    , -4166.8     , array([ 0.772816   ,  0.051587   ,  5.81938    ,  4.74343    ])
3131    , -3845.87    , array([ 0.766707   ,  0.0470866  ,  5.41837    ,  4.75495    ])
3132    , -3709.11    , array([ 0.777649   ,  0.0449858  ,  5.22834    ,  4.76072    ])
3133    , -3273.66    , array([ 0.778605   ,  0.0383442  ,  4.61423    ,  4.78096    ])
likelihood = -3273.66
theta = 975.24
Optimized parameters = [0.77860487 0.03834425 4.61422987 4.78096394]

Round_2_Replicate_3
3134    , -3013.54    , array([ 1.04858    ,  0.15646    ,  1.49169    ,  2.47138    ])
3135    , -3015.72    , array([ 1.05107    ,  0.15646    ,  1.49169    ,  2.47138    ])
3136    , -2900.24    , array([ 1.04858    ,  0.142601   ,  1.49169    ,  2.47138    ])
3137    , -3057.64    , array([ 1.04858    ,  0.15646    ,  1.52181    ,  2.47138    ])
3138    , -3013.55    , array([ 1.04858    ,  0.15646    ,  1.49169    ,  2.58575    ])
3139    , -2914.34    , array([ 1.04982    ,  0.14937    ,  1.46215    ,  2.52791    ])
3140    , -2905.08    , array([ 1.04671    ,  0.145947   ,  1.47685    ,  2.55667    ])
3141    , -2855.68    , array([ 1.04827    ,  0.140958   ,  1.46948    ,  2.4298     ])
3142    , -2782.71    , array([ 1.04811    ,  0.133792   ,  1.4585     ,  2.3554     ])
3143    , -2747.68    , array([ 1.04803    ,  0.130348   ,  1.45305    ,  2.48188    ])
3144    , -2632.43    , array([ 1.04776    ,  0.118974   ,  1.4341     ,  2.48715    ])
likelihood = -2632.43
theta = 434.24
Optimized parameters = [1.04776043 0.11897405 1.43410452 2.48714793]

Round_2_Replicate_4
3145    , -3200.79    , array([ 0.469552   ,  0.148721   ,  2.32726    ,  0.807024   ])
3146    , -3159.36    , array([ 0.452135   ,  0.148721   ,  2.32726    ,  0.807024   ])
3147    , -3049.58    , array([ 0.469552   ,  0.135204   ,  2.32726    ,  0.807024   ])
3148    , -3316.35    , array([ 0.469552   ,  0.148721   ,  2.42766    ,  0.807024   ])
3149    , -3200.41    , array([ 0.469552   ,  0.148721   ,  2.32726    ,  0.798419   ])
3150    , -2992.83    , array([ 0.460762   ,  0.141802   ,  2.23102    ,  0.80271    ])
3151    , -2840.41    , array([ 0.456428   ,  0.138464   ,  2.13875    ,  0.800562   ])
3152    , -2923.49    , array([ 0.454276   ,  0.136824   ,  2.23102    ,  0.79949    ])
3153    , -2793.48    , array([ 0.446826   ,  0.131238   ,  2.1844     ,  0.808648   ])
3154    , -2607.81    , array([ 0.435879   ,  0.123283   ,  2.11629    ,  0.813812   ])
3155    , -2578.56    , array([ 0.45562    ,  0.119488   ,  2.08304    ,  0.803383   ])
3156    , -2337.74    , array([ 0.457372   ,  0.107103   ,  1.97071    ,  0.801568   ])
likelihood = -2337.74
theta = 635.9
Optimized parameters = [0.45737243 0.10710276 1.97071023 0.80156809]

Round_2_Replicate_5
3157    , -7525.73    , array([ 0.332363   ,  0.241422   ,  5.89296    ,  2.71392    ])
3158    , -7444.32    , array([ 0.314553   ,  0.241422   ,  5.89296    ,  2.71392    ])
3159    , -7299.86    , array([ 0.332363   ,  0.224862   ,  5.89296    ,  2.71392    ])
3160    , -7944.17    , array([ 0.332363   ,  0.241422   ,  6.43947    ,  2.71392    ])
3161    , -7526.23    , array([ 0.332363   ,  0.241422   ,  5.89296    ,  2.85284    ])
3162    , -6967.19    , array([ 0.323335   ,  0.232995   ,  5.39283    ,  2.78251    ])
3163    , -6499.87    , array([ 0.318914   ,  0.228892   ,  4.93514    ,  2.81745    ])
3164    , -6855.25    , array([ 0.316726   ,  0.226868   ,  5.39283    ,  2.63055    ])
3165    , -6531.09    , array([ 0.309185   ,  0.219923   ,  5.15891    ,  2.7224     ])
3166    , -6166.88    , array([ 0.323892   ,  0.209903   ,  4.82693    ,  2.72665    ])
3167    , -5571.79    , array([ 0.328665   ,  0.195722   ,  4.36857    ,  2.73304    ])
likelihood = -5571.79
theta = 689.46
Optimized parameters = [0.32866548 0.19572209 4.36857187 2.73303882]

Round_2_Replicate_6
3168    , -1853.82    , array([ 0.48127    ,  0.195989   ,  1.07784    ,  2.68903    ])
3169    , -1824.54    , array([ 0.463989   ,  0.195989   ,  1.07784    ,  2.68903    ])
3170    , -1766.9     , array([ 0.48127    ,  0.180652   ,  1.07784    ,  2.68903    ])
3171    , -1860.96    , array([ 0.48127    ,  0.195989   ,  1.08189    ,  2.68903    ])
3172    , -1853.95    , array([ 0.48127    ,  0.195989   ,  1.07784    ,  2.82537    ])
3173    , -1787.82    , array([ 0.47255    ,  0.188164   ,  1.07381    ,  2.75636    ])
3174    , -1762.22    , array([ 0.46825    ,  0.18437    ,  1.07582    ,  2.59111    ])
3175    , -1717.88    , array([ 0.461873   ,  0.178821   ,  1.07481    ,  2.48137    ])
3176    , -1696.47    , array([ 0.458717   ,  0.17611    ,  1.07431    ,  2.61525    ])
3177    , -1622.62    , array([ 0.447841   ,  0.16694    ,  1.07255    ,  2.57912    ])
3178    , -1630.52    , array([ 0.467448   ,  0.162535   ,  1.07167    ,  2.56125    ])
likelihood = -1622.62
theta = 546.6
Optimized parameters = [0.44784062 0.16693979 1.07254941 2.57912351]

Round_2_Replicate_7
3179    , -5222.6     , array([ 0.305977   ,  0.263357   ,  3.32677    ,  6.87579    ])
3180    , -5154.23    , array([ 0.288386   ,  0.263357   ,  3.32677    ,  6.87579    ])
3181    , -5043.99    , array([ 0.305977   ,  0.246361   ,  3.32677    ,  6.87579    ])
3182    , -5458.11    , array([ 0.305977   ,  0.263357   ,  3.53284    ,  6.87579    ])
3183    , -5222.61    , array([ 0.305977   ,  0.263357   ,  3.32677    ,  7.57162    ])
3184    , -4872.3     , array([ 0.297051   ,  0.254717   ,  3.13272    ,  7.21533    ])
3185    , -4593.86    , array([ 0.292686   ,  0.250504   ,  2.94999    ,  7.39133    ])
3186    , -4782.9     , array([ 0.290528   ,  0.248424   ,  3.13272    ,  6.47376    ])
3187    , -4571.54    , array([ 0.283098   ,  0.241278   ,  3.03999    ,  6.91735    ])
3188    , -4265.29    , array([ 0.272309   ,  0.230943   ,  2.906      ,  6.93822    ])
3189    , -4205.91    , array([ 0.291875   ,  0.225942   ,  2.84124    ,  6.94867    ])
3190    , -3775.93    , array([ 0.293636   ,  0.209278   ,  2.62573    ,  6.9854     ])
likelihood = -3775.93
theta = 675.29
Optimized parameters = [0.29363568 0.20927836 2.62572903 6.98540411]

Round_2_Replicate_8
3191    , -3165.61    , array([ 0.174175   ,  0.163793   ,  2.96827    ,  2.03772    ])
3192    , -3103.82    , array([ 0.1596     ,  0.163793   ,  2.96827    ,  2.03772    ])
3193    , -2983.78    , array([ 0.174175   ,  0.149627   ,  2.96827    ,  2.03772    ])
3194    , -3320.97    , array([ 0.174175   ,  0.163793   ,  3.13422    ,  2.03772    ])
3195    , -3166.33    , array([ 0.174175   ,  0.163793   ,  2.96827    ,  2.11155    ])
3196    , -2896.19    , array([ 0.166728   ,  0.156549   ,  2.81112    ,  2.07431    ])
3197    , -2698.79    , array([ 0.163125   ,  0.153049   ,  2.66228    ,  2.09285    ])
3198    , -2807.95    , array([ 0.161353   ,  0.151328   ,  2.81112    ,  1.99289    ])
3199    , -2641       , array([ 0.155301   ,  0.145456   ,  2.73569    ,  2.04226    ])
3200    , -2403.48    , array([ 0.146646   ,  0.137073   ,  2.62632    ,  2.04453    ])
3201    , -2366.11    , array([ 0.162459   ,  0.133064   ,  2.57329    ,  2.04567    ])
3202    , -2051.35    , array([ 0.163907   ,  0.119934   ,  2.39596    ,  2.04965    ])
likelihood = -2051.35
theta = 1097.09
Optimized parameters = [0.16390687 0.1199345  2.39596138 2.04965336]

Round_2_Replicate_9
3203    , -6287.56    , array([ 0.65802    ,  0.236842   ,  3.71334    ,  0.691023   ])
3204    , -6261.44    , array([ 0.644393   ,  0.236842   ,  3.71334    ,  0.691023   ])
3205    , -6070.36    , array([ 0.65802    ,  0.220385   ,  3.71334    ,  0.691023   ])
3206    , -6565.59    , array([ 0.65802    ,  0.236842   ,  3.96509    ,  0.691023   ])
3207    , -6287.12    , array([ 0.65802    ,  0.236842   ,  3.71334    ,  0.678371   ])
3208    , -5897.34    , array([ 0.651171   ,  0.228466   ,  3.47757    ,  0.684668   ])
3209    , -5579.63    , array([ 0.647773   ,  0.224389   ,  3.25678    ,  0.681512   ])
3210    , -5809.41    , array([ 0.646081   ,  0.222378   ,  3.47757    ,  0.67994    ])
3211    , -5580.68    , array([ 0.640193   ,  0.215481   ,  3.36537    ,  0.693422   ])
3212    , -5285.57    , array([ 0.651597   ,  0.205534   ,  3.20381    ,  0.681906   ])
3213    , -4844.91    , array([ 0.655229   ,  0.191467   ,  2.97589    ,  0.677392   ])
likelihood = -4844.91
theta = 471.46
Optimized parameters = [0.65522887 0.19146729 2.97589002 0.67739238]

Round_2_Replicate_10
3214    , -3255.65    , array([ 1.24486    ,  0.577082   ,  0.632101   ,  1.04524    ])
3215    , -3266.86    , array([ 1.25856    ,  0.577082   ,  0.632101   ,  1.04524    ])
3216    , -3199.98    , array([ 1.24486    ,  0.561435   ,  0.632101   ,  1.04524    ])
3217    , -3200.54    , array([ 1.24486    ,  0.577082   ,  0.617768   ,  1.04524    ])
3218    , -3254.84    , array([ 1.24486    ,  0.577082   ,  0.632101   ,  1.04755    ])
3219    , -3188.66    , array([ 1.2313     ,  0.569205   ,  0.624894   ,  1.0464     ])
3220    , -3150.02    , array([ 1.21789    ,  0.565306   ,  0.621321   ,  1.04697    ])
3221    , -3147.37    , array([ 1.2313     ,  0.563367   ,  0.619542   ,  1.04726    ])
3222    , -3094.29    , array([ 1.22458    ,  0.556633   ,  0.613356   ,  1.04828    ])
3223    , -3069.22    , array([ 1.22123    ,  0.553296   ,  0.610287   ,  1.04531    ])
3224    , -2979.63    , array([ 1.20958    ,  0.541773   ,  0.599664   ,  1.04419    ])
3225    , -3012.03    , array([ 1.2038     ,  0.536102   ,  0.615228   ,  1.0471     ])
likelihood = -2979.63
theta = 262.35
Optimized parameters = [1.20958105 0.5417728  0.59966393 1.04419158]

Round_3_Replicate_1
3226    , -604.131    , array([ 0.196918   ,  0.062369   ,  1.13075    ,  2.15951    ])
3227    , -570.931    , array([ 0.181552   ,  0.062369   ,  1.13075    ,  2.15951    ])
3228    , -570.145    , array([ 0.196918   ,  0.0542897  ,  1.13075    ,  2.15951    ])
3229    , -608.604    , array([ 0.196918   ,  0.062369   ,  1.13772    ,  2.15951    ])
3230    , -604.512    , array([ 0.196918   ,  0.062369   ,  1.13075    ,  2.24426    ])
3231    , -564.277    , array([ 0.189079   ,  0.0581893  ,  1.12383    ,  2.20148    ])
3232    , -543.859    , array([ 0.185277   ,  0.0562057  ,  1.11694    ,  2.22277    ])
3233    , -539.307    , array([ 0.183405   ,  0.0552394  ,  1.12383    ,  2.10817    ])
3234    , -510.836    , array([ 0.177      ,  0.0519863  ,  1.12038    ,  2.04326    ])
3235    , -498.068    , array([ 0.173882   ,  0.0504323  ,  1.11866    ,  2.13112    ])
3236    , -457.124    , array([ 0.163395   ,  0.0453501  ,  1.11266    ,  2.11707    ])
3237    , -484.639    , array([ 0.17892    ,  0.0430045  ,  1.10968    ,  2.11008    ])
3238    , -435.281    , array([ 0.157239   ,  0.0439707  ,  1.09928    ,  2.08579    ])
3239    , -388.877    , array([ 0.140507   ,  0.0395718  ,  1.08388    ,  2.04988    ])
3240    , -397.893    , array([ 0.145534   ,  0.0356372  ,  1.09628    ,  1.94603    ])
3241    , -380.627    , array([ 0.138136   ,  0.0319008  ,  1.0811     ,  2.06601    ])
3242    , -366.898    , array([ 0.122032   ,  0.0249896  ,  1.06198    ,  2.07747    ])
3243    , -340.97     , array([ 0.112857   ,  0.0293968  ,  1.06781    ,  1.98507    ])
3244    , -337.761    , array([ 0.0896318  ,  0.0243049  ,  1.04748    ,  1.92537    ])
3245    , -363.455    , array([ 0.0915293  ,  0.0204076  ,  1.03328    ,  1.88681    ])
likelihood = -337.76
theta = 1693.2
Optimized parameters = [0.08963179 0.02430485 1.04747733 1.9253654 ]

Round_3_Replicate_2
3246    , -1992.67    , array([ 1.14221    ,  0.0417641  ,  1.18009    ,  2.85602    ])
3247    , -1997.78    , array([ 1.14983    ,  0.0417641  ,  1.18009    ,  2.85602    ])
3248    , -1989.04    , array([ 1.14221    ,  0.0356322  ,  1.18009    ,  2.85602    ])
3249    , -1999.7     , array([ 1.14221    ,  0.0417641  ,  1.1899     ,  2.85602    ])
3250    , -1992.67    , array([ 1.14221    ,  0.0417641  ,  1.18009    ,  3.00988    ])
3251    , -1985.37    , array([ 1.14601    ,  0.0385765  ,  1.17036    ,  2.93194    ])
3252    , -1979.72    , array([ 1.14792    ,  0.0370752  ,  1.16071    ,  2.97066    ])
3253    , -1979.27    , array([ 1.13747    ,  0.0363465  ,  1.17036    ,  2.99021    ])
3254    , -1973.43    , array([ 1.13134    ,  0.0339073  ,  1.16552    ,  3.05964    ])
3255    , -1978.92    , array([ 1.1396     ,  0.0327498  ,  1.16311    ,  3.09496    ])
3256    , -1981.76    , array([ 1.1383     ,  0.0290008  ,  1.15472    ,  2.97797    ])
3257    , -1968.03    , array([ 1.13635    ,  0.0306658  ,  1.14224    ,  3.20471    ])
3258    , -1962.08    , array([ 1.13343    ,  0.0284485  ,  1.12377    ,  3.3947     ])
3259    , -1966.73    , array([ 1.13781    ,  0.0373174  ,  1.15159    ,  3.28148    ])
3260    , -1962.56    , array([ 1.1233     ,  0.0292855  ,  1.14113    ,  3.45738    ])
3261    , -1948.54    , array([ 1.12338    ,  0.031351   ,  1.12796    ,  3.50743    ])
3262    , -1933.97    , array([ 1.11535    ,  0.0306741  ,  1.11078    ,  3.73384    ])
3263    , -1938.85    , array([ 1.12355    ,  0.0288009  ,  1.09887    ,  3.91937    ])
likelihood = -1933.97
theta = 483.61
Optimized parameters = [1.11535198 0.03067413 1.11077956 3.7338363 ]

Round_3_Replicate_3
3264    , -2223.69    , array([ 1.15571    ,  0.0496283  ,  1.45829    ,  2.88291    ])
3265    , -2228.82    , array([ 1.1641     ,  0.0496283  ,  1.45829    ,  2.88291    ])
3266    , -2188.44    , array([ 1.15571    ,  0.0427086  ,  1.45829    ,  2.88291    ])
3267    , -2242.61    , array([ 1.15571    ,  0.0496283  ,  1.48606    ,  2.88291    ])
3268    , -2223.4     , array([ 1.15571    ,  0.0496283  ,  1.45829    ,  3.03965    ])
3269    , -2189.03    , array([ 1.1599     ,  0.0460387  ,  1.43104    ,  2.96024    ])
3270    , -2183.29    , array([ 1.14945    ,  0.0443424  ,  1.4446     ,  2.99968    ])
3271    , -2163.8     , array([ 1.1422     ,  0.0419145  ,  1.43781    ,  3.05983    ])
3272    , -2162.45    , array([ 1.15101    ,  0.0407508  ,  1.43442    ,  3.09035    ])
3273    , -2141.22    , array([ 1.14867    ,  0.0369267  ,  1.42263    ,  3.19961    ])
3274    , -2133.22    , array([ 1.1475     ,  0.0351514  ,  1.41677    ,  3.00714    ])
3275    , -2114.32    , array([ 1.14343    ,  0.0295834  ,  1.39646    ,  2.99101    ])
3276    , -2123.97    , array([ 1.13521    ,  0.0303747  ,  1.4262     ,  3.1038     ])
3277    , -2100.52    , array([ 1.12918    ,  0.0276132  ,  1.38406    ,  3.3069     ])
3278    , -2093.82    , array([ 1.11615    ,  0.0222033  ,  1.34838    ,  3.54173    ])
3279    , -2117.69    , array([ 1.12943    ,  0.0204783  ,  1.35943    ,  3.35209    ])
3280    , -2130.37    , array([ 1.11362    ,  0.0173099  ,  1.34306    ,  3.28114    ])
3281    , -2111.74    , array([ 1.12228    ,  0.0209198  ,  1.36253    ,  3.26057    ])
3282    , -2119.81    , array([ 1.12039    ,  0.0174641  ,  1.30945    ,  3.46678    ])
3283    , -2108.76    , array([ 1.12408    ,  0.0200557  ,  1.33771    ,  3.37224    ])
likelihood = -2093.82
theta = 537.7
Optimized parameters = [1.11614834 0.02220326 1.34837783 3.54173449]

Round_3_Replicate_4
3284    , -1519.53    , array([ 0.255624   ,  0.0629455  ,  2.16865    ,  1.79959    ])
3285    , -1461.06    , array([ 0.238771   ,  0.0629455  ,  2.16865    ,  1.79959    ])
3286    , -1434.65    , array([ 0.255624   ,  0.0548167  ,  2.16865    ,  1.79959    ])
3287    , -1580.49    , array([ 0.255624   ,  0.0629455  ,  2.25423    ,  1.79959    ])
3288    , -1520       , array([ 0.255624   ,  0.0629455  ,  2.16865    ,  1.85324    ])
3289    , -1388.96    , array([ 0.247054   ,  0.0587407  ,  2.08632    ,  1.82622    ])
3290    , -1300.92    , array([ 0.242877   ,  0.0567448  ,  2.00711    ,  1.83968    ])
3291    , -1337.43    , array([ 0.240815   ,  0.0557725  ,  2.08632    ,  1.76685    ])
3292    , -1255.21    , array([ 0.233736   ,  0.0524985  ,  2.04633    ,  1.8029     ])
3293    , -1141.27    , array([ 0.223505   ,  0.0479444  ,  1.98778    ,  1.80456    ])
3294    , -1171.84    , array([ 0.242102   ,  0.0458177  ,  1.95914    ,  1.80538    ])
3295    , -1053.18    , array([ 0.220078   ,  0.0481001  ,  1.8621     ,  1.80829    ])
3296    , -894.614    , array([ 0.204204   ,  0.0450569  ,  1.72547    ,  1.81265    ])
3297    , -936.537    , array([ 0.215122   ,  0.0424923  ,  1.76026    ,  1.86551    ])
3298    , -826.271    , array([ 0.200738   ,  0.0361406  ,  1.71352    ,  1.80419    ])
3299    , -679.878    , array([ 0.182495   ,  0.0288423  ,  1.58324    ,  1.78671    ])
3300    , -667.284    , array([ 0.174842   ,  0.0355129  ,  1.5781     ,  1.82893    ])
3301    , -504.813    , array([ 0.148583   ,  0.0312653  ,  1.41635    ,  1.84082    ])
3302    , -487.904    , array([ 0.154418   ,  0.0274059  ,  1.3129     ,  1.84807    ])
3303    , -405.951    , array([ 0.128352   ,  0.0207204  ,  1.067      ,  1.87022    ])
likelihood = -405.95
theta = 1512.85
Optimized parameters = [0.12835191 0.02072038 1.06700122 1.87022103]

Round_3_Replicate_5
3304    , -555.005    , array([ 0.488561   ,  0.0425716  ,  0.268967   ,  7.04544    ])
3305    , -546.063    , array([ 0.471373   ,  0.0425716  ,  0.268967   ,  7.04544    ])
3306    , -605.933    , array([ 0.488561   ,  0.036356   ,  0.268967   ,  7.04544    ])
3307    , -559.047    , array([ 0.488561   ,  0.0425716  ,  0.251874   ,  7.04544    ])
3308    , -555.621    , array([ 0.488561   ,  0.0425716  ,  0.268967   ,  7.7679     ])
3309    , -505.357    , array([ 0.47989    ,  0.0498499  ,  0.26028    ,  7.39785    ])
3310    , -461.321    , array([ 0.475613   ,  0.0583725  ,  0.256043   ,  7.58062    ])
3311    , -499.82     , array([ 0.473488   ,  0.0498499  ,  0.280234   ,  7.67369    ])
3312    , -475.25     , array([ 0.466127   ,  0.0539431  ,  0.267865   ,  6.91766    ])
3313    , -440.895    , array([ 0.455299   ,  0.0607217  ,  0.267316   ,  7.55753    ])
3314    , -395.788    , array([ 0.439528   ,  0.0725197  ,  0.266495   ,  7.82737    ])
3315    , -385.629    , array([ 0.455682   ,  0.0792524  ,  0.266085   ,  7.96588    ])
3316    , -343.049    , array([ 0.448033   ,  0.108133   ,  0.264656   ,  8.47025    ])
3317    , -346.572    , array([ 0.441284   ,  0.0996816  ,  0.248187   ,  7.68394    ])
3318    , -328.098    , array([ 0.436143   ,  0.125223   ,  0.249927   ,  8.98341    ])
3319    , -344.088    , array([ 0.421883   ,  0.19079    ,  0.241414   ,  10.2372    ])
3320    , -338.462    , array([ 0.409325   ,  0.169491   ,  0.258327   ,  8.92409    ])
3321    , -361.771    , array([ 0.427441   ,  0.208567   ,  0.244362   ,  9.22841    ])
3322    , -330.85     , array([ 0.430431   ,  0.160158   ,  0.249716   ,  8.85623    ])
likelihood = -328.1
theta = 381.1
Optimized parameters = [0.43614334 0.12522258 0.24992748 8.98340938]

Round_4_Replicate_1
3323    , -378.221    , array([ 0.352372   ,  0.154589   ,  0.167143   ,  11.5155    ])
3324    , -390.055    , array([ 0.334466   ,  0.154589   ,  0.167143   ,  11.5155    ])
3325    , -385.451    , array([ 0.352372   ,  0.140812   ,  0.167143   ,  11.5155    ])
3326    , -403.854    , array([ 0.352372   ,  0.154589   ,  0.152842   ,  11.5155    ])
3327    , -379.662    , array([ 0.352372   ,  0.154589   ,  0.167143   ,  13.012     ])
3328    , -364.739    , array([ 0.343303   ,  0.14754    ,  0.182782   ,  12.2409    ])
3329    , -349.525    , array([ 0.338855   ,  0.144136   ,  0.199885   ,  12.6206    ])
3330    , -356.863    , array([ 0.364048   ,  0.142464   ,  0.182782   ,  12.8148    ])
3331    , -350.103    , array([ 0.351226   ,  0.157319   ,  0.191142   ,  13.5185    ])
3332    , -340.511    , array([ 0.350654   ,  0.144557   ,  0.204405   ,  12.1942    ])
3333    , -328.835    , array([ 0.349798   ,  0.139788   ,  0.226043   ,  11.8048    ])
3334    , -325.337    , array([ 0.34937    ,  0.137463   ,  0.237707   ,  13.9511    ])
3335    , -323.438    , array([ 0.347879   ,  0.129625   ,  0.283478   ,  15.3558    ])
3336    , -327.206    , array([ 0.330571   ,  0.142283   ,  0.270701   ,  13.7232    ])
3337    , -325.52     , array([ 0.332411   ,  0.122536   ,  0.308059   ,  13.1071    ])
3338    , -355.701    , array([ 0.341254   ,  0.123314   ,  0.365712   ,  14.3076    ])
3339    , -329.24     , array([ 0.339454   ,  0.138622   ,  0.232471   ,  13.0227    ])
3340    , -331.426    , array([ 0.340653   ,  0.128219   ,  0.314448   ,  13.8658    ])
3341    , -324.245    , array([ 0.339753   ,  0.135945   ,  0.250706   ,  13.2286    ])
3342    , -338.417    , array([ 0.325798   ,  0.12539    ,  0.340575   ,  16.1925    ])
3343    , -323.651    , array([ 0.343637   ,  0.136041   ,  0.250436   ,  12.7754    ])
3344    , -321.322    , array([ 0.351495   ,  0.120459   ,  0.273538   ,  13.4392    ])
3345    , -324.033    , array([ 0.362448   ,  0.110837   ,  0.274967   ,  13.2995    ])
3346    , -326.86     , array([ 0.359442   ,  0.138682   ,  0.226498   ,  14.2482    ])
3347    , -322.531    , array([ 0.338972   ,  0.126387   ,  0.285261   ,  13.3835    ])
3348    , -324.47     , array([ 0.351271   ,  0.120528   ,  0.296875   ,  14.1998    ])
3349    , -322.297    , array([ 0.342597   ,  0.131915   ,  0.261527   ,  13.465     ])
3350    , -325.14     , array([ 0.346774   ,  0.118603   ,  0.303704   ,  15.0951    ])
3351    , -322.034    , array([ 0.344419   ,  0.131454   ,  0.262806   ,  13.3195    ])
likelihood = -321.32
theta = 428.78
Optimized parameters = [ 0.35149463  0.12045937  0.27353788 13.43924214]

Round_4_Replicate_2
3352    , -361.885    , array([ 0.409654   ,  0.0999947  ,  0.188798   ,  5.04216    ])
3353    , -364.312    , array([ 0.391776   ,  0.0999947  ,  0.188798   ,  5.04216    ])
3354    , -382.957    , array([ 0.409654   ,  0.0891202  ,  0.188798   ,  5.04216    ])
3355    , -377.365    , array([ 0.409654   ,  0.0999947  ,  0.173699   ,  5.04216    ])
3356    , -364.508    , array([ 0.409654   ,  0.0999947  ,  0.188798   ,  5.46698    ])
3357    , -353.998    , array([ 0.400616   ,  0.112196   ,  0.181092   ,  5.25027    ])
3358    , -344.831    , array([ 0.396171   ,  0.125887   ,  0.177357   ,  5.35753    ])
3359    , -341.184    , array([ 0.393968   ,  0.112196   ,  0.198895   ,  5.41198    ])
3360    , -328.822    , array([ 0.386351   ,  0.118844   ,  0.212832   ,  5.60694    ])
3361    , -335.247    , array([ 0.382598   ,  0.122315   ,  0.194286   ,  5.05492    ])
3362    , -325.497    , array([ 0.395344   ,  0.135279   ,  0.19709    ,  5.48775    ])
3363    , -320.306    , array([ 0.397139   ,  0.157346   ,  0.201371   ,  5.7251     ])
3364    , -327.727    , array([ 0.37227    ,  0.169695   ,  0.203546   ,  5.8476     ])
3365    , -321.846    , array([ 0.373147   ,  0.156499   ,  0.232124   ,  5.74957    ])
3366    , -334.557    , array([ 0.381583   ,  0.182192   ,  0.231615   ,  6.499      ])
3367    , -323.364    , array([ 0.381836   ,  0.164918   ,  0.221659   ,  6.10328    ])
3368    , -360.024    , array([ 0.375662   ,  0.220889   ,  0.215773   ,  6.11299    ])
3369    , -320.629    , array([ 0.383651   ,  0.138764   ,  0.213563   ,  5.72938    ])
3370    , -317.569    , array([ 0.395786   ,  0.13989    ,  0.231101   ,  5.80186    ])
3371    , -320.684    , array([ 0.408095   ,  0.127012   ,  0.246247   ,  5.77913    ])
3372    , -319.524    , array([ 0.392855   ,  0.132571   ,  0.216689   ,  5.4198     ])
3373    , -325.804    , array([ 0.412482   ,  0.12858    ,  0.199922   ,  5.5858     ])
3374    , -318.793    , array([ 0.382615   ,  0.148997   ,  0.223617   ,  5.70818    ])
3375    , -317.363    , array([ 0.400647   ,  0.150265   ,  0.222354   ,  5.5951     ])
3376    , -318.69     , array([ 0.409426   ,  0.156368   ,  0.226884   ,  5.52915    ])
3377    , -318.463    , array([ 0.388745   ,  0.129503   ,  0.247798   ,  5.53536    ])
3378    , -322.168    , array([ 0.390924   ,  0.151915   ,  0.246256   ,  5.90916    ])
3379    , -317.69     , array([ 0.392371   ,  0.137163   ,  0.22373    ,  5.53821    ])
likelihood = -317.36
theta = 375.54
Optimized parameters = [0.40064732 0.15026511 0.22235372 5.59510352]

Round_4_Replicate_3
3380    , -701.735    , array([ 0.827484   ,  0.109376   ,  0.359041   ,  6.74776    ])
3381    , -695.429    , array([ 0.819686   ,  0.109376   ,  0.359041   ,  6.74776    ])
3382    , -707.71     , array([ 0.827484   ,  0.0979189  ,  0.359041   ,  6.74776    ])
3383    , -670.481    , array([ 0.827484   ,  0.109376   ,  0.341116   ,  6.74776    ])
3384    , -701.389    , array([ 0.827484   ,  0.109376   ,  0.359041   ,  7.42366    ])
3385    , -680.509    , array([ 0.823576   ,  0.122173   ,  0.349964   ,  7.07765    ])
3386    , -671.336    , array([ 0.821629   ,  0.115597   ,  0.345512   ,  7.24859    ])
3387    , -657.352    , array([ 0.818717   ,  0.11884    ,  0.338939   ,  6.51048    ])
3388    , -636.763    , array([ 0.814368   ,  0.123874   ,  0.329314   ,  6.09692    ])
3389    , -634.336    , array([ 0.82382    ,  0.126471   ,  0.324604   ,  6.80842    ])
3390    , -606.397    , array([ 0.825894   ,  0.135996   ,  0.308645   ,  6.83896    ])
3391    , -612.907    , array([ 0.821082   ,  0.119457   ,  0.312747   ,  6.3807     ])
3392    , -592.703    , array([ 0.822754   ,  0.128343   ,  0.301384   ,  5.84536    ])
3393    , -558.113    , array([ 0.823317   ,  0.135234   ,  0.28148    ,  5.24916    ])
3394    , -544.664    , array([ 0.814873   ,  0.150829   ,  0.277302   ,  5.53821    ])
3395    , -498.771    , array([ 0.808639   ,  0.177119   ,  0.250022   ,  5.01735    ])
3396    , -502.056    , array([ 0.82508    ,  0.159245   ,  0.250282   ,  5.56033    ])
3397    , -483.077    , array([ 0.820322   ,  0.190659   ,  0.235757   ,  4.95974    ])
3398    , -452.21     , array([ 0.819943   ,  0.240869   ,  0.204692   ,  4.37275    ])
3399    , -427.376    , array([ 0.812599   ,  0.22288    ,  0.194545   ,  3.70015    ])
3400    , -412.416    , array([ 0.806032   ,  0.285328   ,  0.154454   ,  2.72166    ])
3401    , -424.947    , array([ 0.80654    ,  0.325567   ,  0.158018   ,  3.47129    ])
3402    , -479.4      , array([ 0.795724   ,  0.395321   ,  0.141209   ,  2.58927    ])
3403    , -573.05     , array([ 0.805392   ,  0.530997   ,  0.106232   ,  2.06136    ])
3404    , -440.738    , array([ 0.807826   ,  0.233062   ,  0.201859   ,  4.01693    ])
3405    , -461.868    , array([ 0.824665   ,  0.18267    ,  0.224887   ,  4.9752     ])
3406    , -432.669    , array([ 0.817332   ,  0.221559   ,  0.200188   ,  4.22573    ])
likelihood = -412.42
theta = 283.84
Optimized parameters = [0.80603153 0.28532757 0.15445422 2.72166007]

Round_4_Replicate_4
3407    , -408.806    , array([ 0.410207   ,  0.123622   ,  0.384408   ,  5.56262    ])
3408    , -397.409    , array([ 0.392332   ,  0.123622   ,  0.384408   ,  5.56262    ])
3409    , -399.679    , array([ 0.410207   ,  0.111353   ,  0.384408   ,  5.56262    ])
3410    , -391.74     , array([ 0.410207   ,  0.123622   ,  0.366465   ,  5.56262    ])
3411    , -408.561    , array([ 0.410207   ,  0.123622   ,  0.384408   ,  6.06098    ])
3412    , -389.447    , array([ 0.40117    ,  0.117327   ,  0.375329   ,  5.80646    ])
3413    , -381.038    , array([ 0.396726   ,  0.114301   ,  0.37087    ,  5.93236    ])
3414    , -377.401    , array([ 0.394523   ,  0.112817   ,  0.368661   ,  5.27217    ])
3415    , -365.458    , array([ 0.386907   ,  0.107774   ,  0.361031   ,  4.91714    ])
3416    , -368.763    , array([ 0.383154   ,  0.123219   ,  0.357275   ,  5.40094    ])
3417    , -359.778    , array([ 0.395898   ,  0.110809   ,  0.344436   ,  5.32188    ])
3418    , -349.378    , array([ 0.397694   ,  0.104909   ,  0.326037   ,  5.20544    ])
3419    , -345.575    , array([ 0.372826   ,  0.102078   ,  0.340789   ,  5.14819    ])
3420    , -336.367    , array([ 0.355434   ,  0.0927574  ,  0.328634   ,  4.9527     ])
3421    , -333.231    , array([ 0.364882   ,  0.099455   ,  0.316987   ,  4.41076    ])
3422    , -327.794    , array([ 0.349932   ,  0.0927716  ,  0.293056   ,  3.80327    ])
3423    , -346.312    , array([ 0.361057   ,  0.0800511  ,  0.298012   ,  4.06551    ])
3424    , -349.847    , array([ 0.345404   ,  0.078878   ,  0.26794    ,  4.06044    ])
3425    , -337.973    , array([ 0.355342   ,  0.0852798  ,  0.288678   ,  4.25949    ])
3426    , -352.364    , array([ 0.317639   ,  0.0730595  ,  0.279184   ,  3.46959    ])
3427    , -338.101    , array([ 0.375963   ,  0.0958359  ,  0.313633   ,  4.70341    ])
3428    , -328.49     , array([ 0.35702    ,  0.104761   ,  0.31334    ,  4.77826    ])
3429    , -326.602    , array([ 0.334115   ,  0.0914908  ,  0.297594   ,  4.16294    ])
3430    , -326.537    , array([ 0.314971   ,  0.0893927  ,  0.289885   ,  3.91647    ])
3431    , -324.78     , array([ 0.332817   ,  0.105266   ,  0.323995   ,  4.40782    ])
3432    , -332.906    , array([ 0.322096   ,  0.116952   ,  0.343242   ,  4.4839     ])
3433    , -317.71     , array([ 0.321972   ,  0.103099   ,  0.282587   ,  3.57627    ])
3434    , -317.219    , array([ 0.306442   ,  0.108694   ,  0.262043   ,  3.03896    ])
3435    , -324.224    , array([ 0.29697    ,  0.0929832  ,  0.271037   ,  2.95617    ])
likelihood = -317.22
theta = 494.64
Optimized parameters = [0.30644168 0.10869441 0.26204313 3.03896146]

Round_4_Replicate_5
3436    , -654.619    , array([ 0.420471   ,  0.239892   ,  0.405532   ,  8.43571    ])
3437    , -645.672    , array([ 0.402645   ,  0.239892   ,  0.405532   ,  8.43571    ])
3438    , -616.879    , array([ 0.420471   ,  0.223366   ,  0.405532   ,  8.43571    ])
3439    , -620.845    , array([ 0.420471   ,  0.239892   ,  0.387638   ,  8.43571    ])
3440    , -654.408    , array([ 0.420471   ,  0.239892   ,  0.405532   ,  9.38486    ])
3441    , -613.966    , array([ 0.411461   ,  0.231481   ,  0.396484   ,  8.89764    ])
3442    , -594.781    , array([ 0.407029   ,  0.227387   ,  0.392036   ,  9.138      ])
3443    , -585.825    , array([ 0.404831   ,  0.225367   ,  0.389831   ,  7.89188    ])
3444    , -555.036    , array([ 0.397231   ,  0.218438   ,  0.38221    ,  7.23697    ])
3445    , -551.833    , array([ 0.419902   ,  0.215054   ,  0.378456   ,  8.13212    ])
3446    , -513.13     , array([ 0.428806   ,  0.203617   ,  0.365603   ,  7.98445    ])
3447    , -520.99     , array([ 0.406066   ,  0.198129   ,  0.384508   ,  7.91162    ])
3448    , -482.665    , array([ 0.39905    ,  0.200407   ,  0.357887   ,  7.66192    ])
3449    , -432.191    , array([ 0.388753   ,  0.189828   ,  0.336207   ,  7.30206    ])
3450    , -430.383    , array([ 0.402867   ,  0.17987    ,  0.342835   ,  6.32274    ])
3451    , -379.539    , array([ 0.400801   ,  0.159976   ,  0.320601   ,  5.25935    ])
3452    , -385.269    , array([ 0.414655   ,  0.160236   ,  0.322063   ,  6.80593    ])
3453    , -355.957    , array([ 0.4099     ,  0.158872   ,  0.292992   ,  5.77417    ])
3454    , -323.836    , array([ 0.41183    ,  0.142265   ,  0.255759   ,  4.93289    ])
3455    , -317.945    , array([ 0.380402   ,  0.129218   ,  0.257728   ,  4.49716    ])
3456    , -332.118    , array([ 0.35829    ,  0.102938   ,  0.21639    ,  3.37509    ])
3457    , -323.069    , array([ 0.415064   ,  0.114355   ,  0.245382   ,  3.85909    ])
3458    , -317.574    , array([ 0.389329   ,  0.114447   ,  0.223594   ,  3.11775    ])
3459    , -340.869    , array([ 0.377252   ,  0.096723   ,  0.186303   ,  2.11017    ])
3460    , -351.497    , array([ 0.396979   ,  0.0969584  ,  0.187578   ,  3.10635    ])
3461    , -325.456    , array([ 0.397931   ,  0.109889   ,  0.214476   ,  3.54341    ])
3462    , -333.229    , array([ 0.399842   ,  0.141152   ,  0.280394   ,  4.61065    ])
3463    , -318.829    , array([ 0.398408   ,  0.116987   ,  0.229338   ,  3.78448    ])
3464    , -329.669    , array([ 0.38       ,  0.0988698  ,  0.222658   ,  2.9009     ])
3465    , -318.099    , array([ 0.403631   ,  0.129894   ,  0.247049   ,  4.31976    ])
likelihood = -317.57
theta = 435.15
Optimized parameters = [0.38932859 0.1144475  0.22359365 3.11774756]
