
Round_1_Replicate_1
1       , -1389.48    , array([ 6.98668    ,  0.452522   ,  2.56176    ])
2       , -1433.29    , array([ 7.69988    ,  0.452522   ,  2.56176    ])
3       , -1399.84    , array([ 6.98668    ,  0.434932   ,  2.56176    ])
4       , -1392.15    , array([ 6.98668    ,  0.452522   ,  2.68513    ])
5       , -1352.46    , array([ 6.33953    ,  0.440718   ,  2.64336    ])
6       , -1309.23    , array([ 5.75233    ,  0.434932   ,  2.68513    ])
7       , -1327.07    , array([ 6.13742    ,  0.458542   ,  2.72756    ])
likelihood = -1309.23
theta = 128.66
Optimized parameters = [5.7523278  0.43493227 2.68513294]

Round_1_Replicate_2
8       , -2946.6     , array([ 2.37005    ,  0.300116   ,  0.206706   ])
9       , -2966.2     , array([ 2.47454    ,  0.300116   ,  0.206706   ])
10      , -2804.32    , array([ 2.37005    ,  0.282588   ,  0.206706   ])
11      , -3163.15    , array([ 2.37005    ,  0.300116   ,  0.191038   ])
12      , -2667.97    , array([ 2.43921    ,  0.288314   ,  0.223658   ])
13      , -2452.15    , array([ 2.47454    ,  0.282588   ,  0.242001   ])
14      , -2503.61    , array([ 2.33621    ,  0.276976   ,  0.229613   ])
likelihood = -2452.15
theta = 334.88
Optimized parameters = [2.47454274 0.28258787 0.2420013 ]

Round_1_Replicate_3
15      , -2875.78    , array([ 0.276837   ,  6.38494    ,  2.55984    ])
16      , -2929.73    , array([ 0.259619   ,  6.38494    ,  2.55984    ])
17      , -2947.03    , array([ 0.276837   ,  7.0051     ,  2.55984    ])
18      , -2882.2     , array([ 0.276837   ,  6.38494    ,  2.68301    ])
19      , -2844.01    , array([ 0.265236   ,  5.81968    ,  2.64131    ])
20      , -2791.65    , array([ 0.259619   ,  5.30446    ,  2.68301    ])
21      , -2769.66    , array([ 0.282827   ,  5.6426     ,  2.72538    ])
22      , -2688.68    , array([ 0.295198   ,  5.30446    ,  2.81212    ])
likelihood = -2688.68
theta = 88.22
Optimized parameters = [0.29519797 5.30445725 2.81211904]

Round_1_Replicate_4
23      , -1975.25    , array([ 0.380312   ,  2.72071    ,  3.84492    ])
24      , -2015.41    , array([ 0.362366   ,  2.72071    ,  3.84492    ])
25      , -2012.25    , array([ 0.380312   ,  2.86033    ,  3.84492    ])
26      , -1984.4     , array([ 0.380312   ,  2.72071    ,  4.11275    ])
27      , -1965.39    , array([ 0.399148   ,  2.81301    ,  4.02146    ])
28      , -1940.74    , array([ 0.418916   ,  2.86033    ,  4.11275    ])
29      , -1922.32    , array([ 0.405631   ,  2.6757     ,  4.2061     ])
30      , -1879.91    , array([ 0.418916   ,  2.58791    ,  4.39923    ])
likelihood = -1879.91
theta = 110.47
Optimized parameters = [0.41891558 2.58790545 4.39922554]

Round_1_Replicate_5
31      , -2108.81    , array([ 3.07311    ,  0.17453    ,  0.19391    ])
32      , -2123.6     , array([ 3.25055    ,  0.17453    ,  0.19391    ])
33      , -1986.79    , array([ 3.07311    ,  0.159942   ,  0.19391    ])
34      , -2249.81    , array([ 3.07311    ,  0.17453    ,  0.178641   ])
35      , -1917.25    , array([ 3.19029    ,  0.164664   ,  0.210484   ])
36      , -1786.13    , array([ 3.25055    ,  0.159942   ,  0.228476   ])
37      , -1801.57    , array([ 3.01614    ,  0.155356   ,  0.216318   ])
likelihood = -1786.13
theta = 357.1
Optimized parameters = [3.25054572 0.15994197 0.22847574]

Round_1_Replicate_6
38      , -2498.2     , array([ 0.263857   ,  3.64328    ,  3.26519    ])
39      , -2556.64    , array([ 0.246852   ,  3.64328    ,  3.26519    ])
40      , -2551.01    , array([ 0.263857   ,  3.88658    ,  3.26519    ])
41      , -2504.38    , array([ 0.263857   ,  3.64328    ,  3.46421    ])
42      , -2479.23    , array([ 0.282033   ,  3.80373    ,  3.39656    ])
43      , -2440.8     , array([ 0.301461   ,  3.88658    ,  3.46421    ])
44      , -2411.41    , array([ 0.288366   ,  3.56562    ,  3.53321    ])
45      , -2342.3     , array([ 0.301461   ,  3.41522    ,  3.67536    ])
likelihood = -2342.3
theta = 102.81
Optimized parameters = [0.30146129 3.41521588 3.67535662]

Round_1_Replicate_7
46      , -2200.63    , array([ 0.245383   ,  2.42757    ,  2.30908    ])
47      , -2259.35    , array([ 0.228737   ,  2.42757    ,  2.30908    ])
48      , -2235.59    , array([ 0.245383   ,  2.53764    ,  2.30908    ])
49      , -2204.05    , array([ 0.245383   ,  2.42757    ,  2.40774    ])
50      , -2168.37    , array([ 0.26324    ,  2.50041    ,  2.37439    ])
51      , -2124.41    , array([ 0.282397   ,  2.53764    ,  2.40774    ])
52      , -2116.51    , array([ 0.269477   ,  2.39195    ,  2.44156    ])
53      , -2057.77    , array([ 0.282397   ,  2.32227    ,  2.51063    ])
likelihood = -2057.77
theta = 142.54
Optimized parameters = [0.28239701 2.32227089 2.5106254 ]

Round_1_Replicate_8
54      , -1003.44    , array([ 1.29391    ,  0.137104   ,  0.401632   ])
55      , -1009.01    , array([ 1.31069    ,  0.137104   ,  0.401632   ])
56      , -1011.64    , array([ 1.29391    ,  0.124137   ,  0.401632   ])
57      , -1018.29    , array([ 1.29391    ,  0.137104   ,  0.383725   ])
58      , -1000.87    , array([ 1.30507    ,  0.128317   ,  0.420375   ])
59      , -999.448    , array([ 1.31069    ,  0.124137   ,  0.439993   ])
60      , -991.578    , array([ 1.31633    ,  0.14172    ,  0.426815   ])
61      , -984.196    , array([ 1.32768    ,  0.151425   ,  0.439993   ])
likelihood = -984.2
theta = 375.32
Optimized parameters = [1.32768431 0.15142454 0.43999255]

Round_1_Replicate_9
62      , -2043.3     , array([ 1.73784    ,  6.86995    ,  3.41573    ])
63      , -2049.93    , array([ 1.78653    ,  6.86995    ,  3.41573    ])
64      , -2122.1     , array([ 1.73784    ,  7.56487    ,  3.41573    ])
65      , -1994.06    , array([ 1.73784    ,  6.86995    ,  3.6321     ])
66      , -1933.61    , array([ 1.77015    ,  6.23887    ,  3.55849    ])
67      , -1838.08    , array([ 1.78653    ,  5.66576    ,  3.6321     ])
68      , -1871.34    , array([ 1.72191    ,  6.04167    ,  3.70722    ])
likelihood = -1838.08
theta = 68.79
Optimized parameters = [1.78653055 5.66576294 3.63209753]

Round_1_Replicate_10
69      , -2110.97    , array([ 0.578604   ,  3.30265    ,  1.15409    ])
70      , -2109.77    , array([ 0.56299    ,  3.30265    ,  1.15409    ])
71      , -2160.97    , array([ 0.578604   ,  3.50594    ,  1.15409    ])
72      , -2105.85    , array([ 0.578604   ,  3.30265    ,  1.16239    ])
73      , -2056.53    , array([ 0.568147   ,  3.11114    ,  1.15961    ])
74      , -2004.26    , array([ 0.56299    ,  2.93073    ,  1.16239    ])
75      , -2036.38    , array([ 0.557879   ,  3.0498     ,  1.16517    ])
likelihood = -2004.26
theta = 147.12
Optimized parameters = [0.56298965 2.93072969 1.16238586]

Round_2_Replicate_1
76      , -1424.84    , array([ 2.83499    ,  0.116515   ,  1.31255    ])
77      , -1448.72    , array([ 2.98662    ,  0.116515   ,  1.31255    ])
78      , -1480.12    , array([ 2.83499    ,  0.10464    ,  1.31255    ])
79      , -1427.14    , array([ 2.83499    ,  0.116515   ,  1.33052    ])
80      , -1389.09    , array([ 2.9352     ,  0.129736   ,  1.3245     ])
81      , -1346.46    , array([ 2.98662    ,  0.144458   ,  1.33052    ])
82      , -1349.3     , array([ 2.78618    ,  0.134469   ,  1.33656    ])
83      , -1321.31    , array([ 2.90141    ,  0.14795    ,  1.3225     ])
84      , -1272.7     , array([ 2.9352     ,  0.166718   ,  1.31851    ])
85      , -1230.52    , array([ 2.96938    ,  0.187867   ,  1.34467    ])
86      , -1155.76    , array([ 3.03894    ,  0.238554   ,  1.36102    ])
likelihood = -1155.76
theta = 216.86
Optimized parameters = [3.03894212 0.23855404 1.36101736]

Round_2_Replicate_2
87      , -1413.16    , array([ 1.05947    ,  0.0408741  ,  0.439563   ])
88      , -1414.39    , array([ 1.06253    ,  0.0408741  ,  0.439563   ])
89      , -1505.69    , array([ 1.05947    ,  0.0348354  ,  0.439563   ])
90      , -1410.16    , array([ 1.05947    ,  0.0408741  ,  0.421863   ])
91      , -1320.22    , array([ 1.06151    ,  0.0479596  ,  0.427683   ])
92      , -1230.69    , array([ 1.06253    ,  0.0562734  ,  0.421863   ])
93      , -1286.83    , array([ 1.05845    ,  0.0505846  ,  0.416123   ])
94      , -1207.77    , array([ 1.06083    ,  0.0583085  ,  0.401196   ])
95      , -1118.03    , array([ 1.06151    ,  0.0696423  ,  0.383287   ])
96      , -1041.51    , array([ 1.06219    ,  0.0831793  ,  0.392139   ])
97      , -946.649    , array([ 1.06355    ,  0.118658   ,  0.378072   ])
likelihood = -946.65
theta = 416.23
Optimized parameters = [1.06355451 0.11865845 0.37807212]

Round_2_Replicate_3
98      , -1343.14    , array([ 0.69448    ,  0.180042   ,  0.214313   ])
99      , -1332.48    , array([ 0.681934   ,  0.180042   ,  0.214313   ])
100     , -1259.59    , array([ 0.69448    ,  0.16525    ,  0.214313   ])
101     , -1462.31    , array([ 0.69448    ,  0.180042   ,  0.198427   ])
102     , -1178.02    , array([ 0.686091   ,  0.170041   ,  0.231471   ])
103     , -1063.68    , array([ 0.681934   ,  0.16525    ,  0.250002   ])
104     , -1096.96    , array([ 0.677803   ,  0.160595   ,  0.23749    ])
105     , -988.96     , array([ 0.687482   ,  0.148812   ,  0.254318   ])
106     , -887.049    , array([ 0.690272   ,  0.135291   ,  0.277039   ])
107     , -831.84     , array([ 0.672333   ,  0.14189    ,  0.30179    ])
108     , -738.732    , array([ 0.661527   ,  0.13148    ,  0.358123   ])
likelihood = -738.73
theta = 468.66
Optimized parameters = [0.66152669 0.13147963 0.35812343]

Round_2_Replicate_4
109     , -1770.16    , array([ 3.79183    ,  0.0426565  ,  0.341367   ])
110     , -1784.19    , array([ 4.05314    ,  0.0426565  ,  0.341367   ])
111     , -1861.47    , array([ 3.79183    ,  0.0364321  ,  0.341367   ])
112     , -1757.2     , array([ 3.79183    ,  0.0426565  ,  0.323507   ])
113     , -1685.58    , array([ 3.9641     ,  0.0499443  ,  0.329354   ])
114     , -1610.41    , array([ 4.05314    ,  0.0584772  ,  0.323507   ])
115     , -1638.16    , array([ 3.70853    ,  0.0526404  ,  0.317763   ])
116     , -1578.28    , array([ 3.90582    ,  0.0605632  ,  0.302941   ])
117     , -1515.24    , array([ 3.9641     ,  0.0721641  ,  0.285381   ])
118     , -1478.36    , array([ 4.02324    ,  0.085987   ,  0.29403    ])
119     , -1512.45    , array([ 4.14419    ,  0.122083   ,  0.280315   ])
likelihood = -1478.36
theta = 351.74
Optimized parameters = [4.023239   0.08598701 0.29403011]

Round_2_Replicate_5
120     , -1138.27    , array([ 3.50944    ,  0.422705   ,  1.3892     ])
121     , -1165.59    , array([ 3.7368     ,  0.422705   ,  1.3892     ])
122     , -1135.6     , array([ 3.50944    ,  0.404893   ,  1.3892     ])
123     , -1134.33    , array([ 3.50944    ,  0.422705   ,  1.41222    ])
124     , -1106.25    , array([ 3.29591    ,  0.410745   ,  1.40451    ])
125     , -1076.63    , array([ 3.09538    ,  0.404893   ,  1.41222    ])
126     , -1093.94    , array([ 3.22766    ,  0.399123   ,  1.41998    ])
127     , -1066.65    , array([ 3.0525     ,  0.412715   ,  1.44088    ])
128     , -1031.5     , array([ 2.84685    ,  0.416682   ,  1.46744    ])
129     , -1001.97    , array([ 2.65506    ,  0.391559   ,  1.4541     ])
130     , -938.781    , array([ 2.30936    ,  0.376857   ,  1.4755     ])
likelihood = -938.78
theta = 215.58
Optimized parameters = [2.30936059 0.37685671 1.47549738]

Round_2_Replicate_6
131     , -1154.25    , array([ 0.515975   ,  0.051404   ,  0.79106    ])
132     , -1152.59    , array([ 0.499184   ,  0.051404   ,  0.79106    ])
133     , -1240.33    , array([ 0.515975   ,  0.0443146  ,  0.79106    ])
134     , -1149       , array([ 0.515975   ,  0.051404   ,  0.781843   ])
135     , -1064.67    , array([ 0.504719   ,  0.0596276  ,  0.784903   ])
136     , -985.671    , array([ 0.499184   ,  0.0691667  ,  0.781843   ])
137     , -1034.23    , array([ 0.493709   ,  0.0626514  ,  0.778795   ])
138     , -964.321    , array([ 0.506578   ,  0.0714858  ,  0.770724   ])
139     , -880.968    , array([ 0.510316   ,  0.0843006  ,  0.760754   ])
140     , -808.828    , array([ 0.486502   ,  0.0994127  ,  0.765723   ])
141     , -678.685    , array([ 0.472403   ,  0.13825    ,  0.757788   ])
likelihood = -678.69
theta = 490.13
Optimized parameters = [0.47240318 0.13824983 0.7577877 ]

Round_2_Replicate_7
142     , -4329.76    , array([ 2.28745    ,  0.341495   ,  0.149357   ])
143     , -4352.87    , array([ 2.38407    ,  0.341495   ,  0.149357   ])
144     , -4153.68    , array([ 2.28745    ,  0.323634   ,  0.149357   ])
145     , -4688.29    , array([ 2.28745    ,  0.341495   ,  0.135812   ])
146     , -3894.77    , array([ 2.35142    ,  0.329481   ,  0.164254   ])
147     , -3538.89    , array([ 2.38407    ,  0.323634   ,  0.180636   ])
148     , -3660.52    , array([ 2.25612    ,  0.31789    ,  0.169542   ])
149     , -3281.6     , array([ 2.3299     ,  0.303067   ,  0.184493   ])
150     , -2845.2     , array([ 2.35142    ,  0.285506   ,  0.205048   ])
151     , -2654.69    , array([ 2.37314    ,  0.294156   ,  0.227894   ])
152     , -2124.36    , array([ 2.41718    ,  0.280439   ,  0.281504   ])
likelihood = -2124.36
theta = 328.11
Optimized parameters = [2.41717934 0.2804391  0.28150404]

Round_2_Replicate_8
153     , -1721.13    , array([ 3.75726    ,  0.22378    ,  0.337064   ])
154     , -1740.2     , array([ 4.01435    ,  0.22378    ,  0.337064   ])
155     , -1653.16    , array([ 3.75726    ,  0.207641   ,  0.337064   ])
156     , -1782.76    , array([ 3.75726    ,  0.22378    ,  0.319226   ])
157     , -1634.95    , array([ 3.92676    ,  0.212887   ,  0.355899   ])
158     , -1575.79    , array([ 4.01435    ,  0.207641   ,  0.375787   ])
159     , -1562.79    , array([ 3.67528    ,  0.202524   ,  0.362409   ])
160     , -1491       , array([ 3.51664    ,  0.192665   ,  0.375787   ])
161     , -1462.22    , array([ 3.75726    ,  0.183287   ,  0.389659   ])
162     , -1394.58    , array([ 3.75726    ,  0.165877   ,  0.418958   ])
163     , -1372.78    , array([ 3.75726    ,  0.170068   ,  0.45046    ])
164     , -1334.82    , array([ 3.75726    ,  0.153913   ,  0.520748   ])
likelihood = -1334.82
theta = 291.39
Optimized parameters = [3.75726418 0.15391349 0.52074805]

Round_2_Replicate_9
165     , -840.33     , array([ 0.791048   ,  0.566601   ,  0.889518   ])
166     , -837.261    , array([ 0.781831   ,  0.566601   ,  0.889518   ])
167     , -822.75     , array([ 0.791048   ,  0.550733   ,  0.889518   ])
168     , -843.847    , array([ 0.791048   ,  0.566601   ,  0.884326   ])
169     , -823.158    , array([ 0.784891   ,  0.555973   ,  0.894741   ])
170     , -815.323    , array([ 0.780813   ,  0.548998   ,  0.892996   ])
171     , -803.348    , array([ 0.775746   ,  0.540402   ,  0.894741   ])
172     , -796.416    , array([ 0.785914   ,  0.531941   ,  0.896488   ])
173     , -777.62     , array([ 0.787963   ,  0.515415   ,  0.899993   ])
174     , -779.582    , array([ 0.784891   ,  0.515415   ,  0.894741   ])
likelihood = -777.62
theta = 300.02
Optimized parameters = [0.78796322 0.51541495 0.89999347]

Round_2_Replicate_10
175     , -3754.2     , array([ 0.50672    ,  0.55242    ,  0.157584   ])
176     , -3697.73    , array([ 0.489786   ,  0.55242    ,  0.157584   ])
177     , -3694.95    , array([ 0.50672    ,  0.53627    ,  0.157584   ])
178     , -4080.63    , array([ 0.50672    ,  0.55242    ,  0.143677   ])
179     , -3372.89    , array([ 0.495366   ,  0.5416     ,  0.172837   ])
180     , -3052.26    , array([ 0.489786   ,  0.53627    ,  0.189566   ])
181     , -3204.93    , array([ 0.484268   ,  0.530992   ,  0.178243   ])
182     , -2947.57    , array([ 0.497241   ,  0.51717    ,  0.193498   ])
183     , -2611.88    , array([ 0.501011   ,  0.500397   ,  0.214417   ])
184     , -2318.94    , array([ 0.477007   ,  0.508714   ,  0.237598   ])
185     , -1800.87    , array([ 0.462811   ,  0.495472   ,  0.291748   ])
likelihood = -1800.87
theta = 366.15
Optimized parameters = [0.46281061 0.49547199 0.29174816]

Round_3_Replicate_1
186     , -1591.43    , array([ 0.224078   ,  0.150458   ,  2.01534    ])
187     , -1639.12    , array([ 0.207931   ,  0.150458   ,  2.01534    ])
188     , -1622.4     , array([ 0.224078   ,  0.136863   ,  2.01534    ])
189     , -1615.8     , array([ 0.224078   ,  0.150458   ,  2.08721    ])
190     , -1581.88    , array([ 0.241479   ,  0.141253   ,  2.06297    ])
191     , -1555.94    , array([ 0.260231   ,  0.136863   ,  2.08721    ])
192     , -1551.74    , array([ 0.247574   ,  0.155284   ,  2.11173    ])
193     , -1517.58    , array([ 0.260231   ,  0.165404   ,  2.16164    ])
194     , -1494.21    , array([ 0.273535   ,  0.150458   ,  2.08721    ])
195     , -1436.92    , array([ 0.302217   ,  0.150458   ,  2.08721    ])
196     , -1421.36    , array([ 0.333907   ,  0.150458   ,  2.21273    ])
197     , -1349.81    , array([ 0.407605   ,  0.150458   ,  2.31856    ])
198     , -1310.62    , array([ 0.387781   ,  0.176183   ,  2.29163    ])
199     , -1196.94    , array([ 0.473369   ,  0.199896   ,  2.40124    ])
200     , -1176.21    , array([ 0.577847   ,  0.165404   ,  2.37335    ])
201     , -1094.29    , array([ 0.861073   ,  0.165404   ,  2.48687    ])
202     , -1057.01    , array([ 1          ,  0.193684   ,  2.76251    ])
203     , -1080.83    , array([ 1.81903    ,  0.219752   ,  3.17815    ])
204     , -976.427    , array([ 1.34872    ,  0.229199   ,  2.79497    ])
205     , -1046.05    , array([ 2.45336    ,  0.282886   ,  3.06872    ])
206     , -1216.69    , array([ 2.33403    ,  0.188987   ,  2.98621    ])
207     , -1076.92    , array([ 0.705385   ,  0.197111   ,  2.53575    ])
likelihood = -976.43
theta = 224.39
Optimized parameters = [1.34871504 0.22919892 2.7949693 ]

Round_3_Replicate_2
208     , -1112       , array([ 0.120527   ,  0.181941   ,  0.519077   ])
209     , -1207.95    , array([ 0.108427   ,  0.181941   ,  0.519077   ])
210     , -1112.89    , array([ 0.120527   ,  0.167081   ,  0.519077   ])
211     , -1089.64    , array([ 0.120527   ,  0.181941   ,  0.502335   ])
212     , -1001.72    , array([ 0.133977   ,  0.171894   ,  0.507855   ])
213     , -903.787    , array([ 0.148928   ,  0.167081   ,  0.502335   ])
214     , -957.521    , array([ 0.138786   ,  0.187182   ,  0.496875   ])
215     , -855.489    , array([ 0.152471   ,  0.17518    ,  0.482604   ])
216     , -742.213    , array([ 0.171489   ,  0.171894   ,  0.46534    ])
217     , -677.274    , array([ 0.19288    ,  0.16867    ,  0.473893   ])
218     , -555.628    , array([ 0.244      ,  0.162402   ,  0.460282   ])
219     , -556.801    , array([ 0.244      ,  0.149138   ,  0.45528    ])
220     , -495.52     , array([ 0.316011   ,  0.154894   ,  0.42175    ])
221     , -570.52     , array([ 0.460325   ,  0.149138   ,  0.386444   ])
222     , -533.72     , array([ 0.412493   ,  0.140459   ,  0.426385   ])
223     , -527.247    , array([ 0.411417   ,  0.155547   ,  0.417166   ])
224     , -659.792    , array([ 0.582833   ,  0.138794   ,  0.386444   ])
225     , -502.792    , array([ 0.303339   ,  0.156148   ,  0.440595   ])
likelihood = -495.52
theta = 565.92
Optimized parameters = [0.31601053 0.15489398 0.42175018]

Round_3_Replicate_3
226     , -2412.62    , array([ 0.120397   ,  0.041907   ,  1.92119    ])
227     , -2481.89    , array([ 0.108305   ,  0.041907   ,  1.92119    ])
228     , -2469.87    , array([ 0.120397   ,  0.0357603  ,  1.92119    ])
229     , -2434.35    , array([ 0.120397   ,  0.041907   ,  1.98495    ])
230     , -2397.21    , array([ 0.13384    ,  0.0377019  ,  1.96347    ])
231     , -2357.31    , array([ 0.148784   ,  0.0357603  ,  1.98495    ])
232     , -2332.12    , array([ 0.138647   ,  0.0441824  ,  2.00667    ])
233     , -2260.15    , array([ 0.148784   ,  0.0491103  ,  2.05082    ])
234     , -2256.25    , array([ 0.159662   ,  0.041907   ,  1.98495    ])
235     , -2171.53    , array([ 0.183863   ,  0.041907   ,  1.98495    ])
236     , -2124.95    , array([ 0.211732   ,  0.041907   ,  2.09595    ])
237     , -1998.56    , array([ 0.280783   ,  0.041907   ,  2.1892     ])
238     , -1910.52    , array([ 0.261652   ,  0.0545879  ,  2.16551    ])
239     , -1695.17    , array([ 0.346983   ,  0.0674441  ,  2.26185    ])
240     , -1712.57    , array([ 0.460143   ,  0.0491103  ,  2.23737    ])
241     , -1522.53    , array([ 0.686363   ,  0.0639709  ,  2.50366    ])
242     , -1421.9     , array([ 1.32612    ,  0.0790369  ,  2.81182    ])
243     , -1296.33    , array([ 1.26518    ,  0.0976511  ,  2.6823     ])
244     , -1348.42    , array([ 2.68562    ,  0.149064   ,  2.96906    ])
245     , -1210.11    , array([ 1.51521    ,  0.131763   ,  2.96189    ])
246     , -1236.61    , array([ 2.74954    ,  0.215827   ,  3.40788    ])
likelihood = -1210.11
theta = 218.11
Optimized parameters = [1.51520512 0.13176332 2.96188768]

Round_3_Replicate_4
247     , -939.176    , array([ 1.21421    ,  0.363364   ,  0.682199   ])
248     , -943.917    , array([ 1.22605    ,  0.363364   ,  0.682199   ])
249     , -914.392    , array([ 1.21421    ,  0.345429   ,  0.682199   ])
250     , -953.059    , array([ 1.21421    ,  0.363364   ,  0.669278   ])
251     , -912.73     , array([ 1.22209    ,  0.351307   ,  0.69537    ])
252     , -894.756    , array([ 1.22605    ,  0.345429   ,  0.708794   ])
253     , -889.383    , array([ 1.21029    ,  0.33965    ,  0.699816   ])
254     , -865.918    , array([ 1.20248    ,  0.328379   ,  0.708794   ])
255     , -852.286    , array([ 1.21421    ,  0.317483   ,  0.717888   ])
256     , -822.834    , array([ 1.21421    ,  0.296763   ,  0.736426   ])
257     , -815.986    , array([ 1.21421    ,  0.301813   ,  0.755443   ])
258     , -787.993    , array([ 1.21421    ,  0.282116   ,  0.794963   ])
259     , -779.881    , array([ 1.19473    ,  0.263704   ,  0.784893   ])
260     , -769.926    , array([ 1.17937    ,  0.230407   ,  0.825954   ])
261     , -780.286    , array([ 1.20248    ,  0.219034   ,  0.869162   ])
262     , -795.01     , array([ 1.18319    ,  0.197946   ,  0.934272   ])
263     , -775.775    , array([ 1.19087    ,  0.219034   ,  0.880313   ])
264     , -823.938    , array([ 1.16798    ,  0.175895   ,  0.926365   ])
265     , -771.75     , array([ 1.20248    ,  0.250688   ,  0.825954   ])
266     , -765.708    , array([ 1.17937    ,  0.247884   ,  0.818964   ])
267     , -767.337    , array([ 1.16798    ,  0.263704   ,  0.794963   ])
likelihood = -765.71
theta = 327.08
Optimized parameters = [1.17936759 0.24788401 0.81896391]

Round_3_Replicate_5
268     , -2170.68    , array([ 0.81491    ,  0.259857   ,  0.192798   ])
269     , -2163.13    , array([ 0.806613   ,  0.259857   ,  0.192798   ])
270     , -2051.92    , array([ 0.81491    ,  0.242924   ,  0.192798   ])
271     , -2371.29    , array([ 0.81491    ,  0.259857   ,  0.177565   ])
272     , -1906.45    , array([ 0.80937    ,  0.248442   ,  0.209338   ])
273     , -1706.32    , array([ 0.806613   ,  0.242924   ,  0.227296   ])
274     , -1776.87    , array([ 0.803866   ,  0.237529   ,  0.21516    ])
275     , -1564.7     , array([ 0.81029    ,  0.22372    ,  0.231492   ])
276     , -1336.47    , array([ 0.812135   ,  0.207582   ,  0.25366    ])
277     , -1239.41    , array([ 0.800218   ,  0.2155     ,  0.277951   ])
278     , -984.493    , array([ 0.792972   ,  0.202972   ,  0.333735   ])
279     , -978.656    , array([ 0.803866   ,  0.198464   ,  0.333735   ])
280     , -793.12     , array([ 0.803866   ,  0.181411   ,  0.415644   ])
281     , -735.44     , array([ 0.799309   ,  0.159731   ,  0.472416   ])
282     , -765.515    , array([ 0.795682   ,  0.129523   ,  0.681068   ])
283     , -698.142    , array([ 0.785494   ,  0.156964   ,  0.640786   ])
284     , -811.977    , array([ 0.772502   ,  0.136492   ,  1.01846    ])
285     , -763.046    , array([ 0.79941    ,  0.135249   ,  0.75238    ])
286     , -822.717    , array([ 0.785659   ,  0.124419   ,  0.897281   ])
287     , -718.72     , array([ 0.799275   ,  0.165089   ,  0.503817   ])
likelihood = -698.14
theta = 415.46
Optimized parameters = [0.78549354 0.15696443 0.64078589]

Round_4_Replicate_1
288     , -765.389    , array([ 0.435055   ,  0.101044   ,  0.695081   ])
289     , -767.685    , array([ 0.417322   ,  0.101044   ,  0.695081   ])
290     , -814.087    , array([ 0.435055   ,  0.0901025  ,  0.695081   ])
291     , -757.991    , array([ 0.435055   ,  0.101044   ,  0.682555   ])
292     , -716.193    , array([ 0.423151   ,  0.113315   ,  0.686705   ])
293     , -672.947    , array([ 0.417322   ,  0.127075   ,  0.682555   ])
294     , -695.133    , array([ 0.441132   ,  0.117727   ,  0.678429   ])
295     , -653.941    , array([ 0.427083   ,  0.130353   ,  0.66755    ])
296     , -607.897    , array([ 0.423151   ,  0.148056   ,  0.654197   ])
297     , -581.05     , array([ 0.419256   ,  0.168163   ,  0.66084    ])
298     , -548.138    , array([ 0.411573   ,  0.216941   ,  0.650243   ])
299     , -550.924    , array([ 0.394798   ,  0.216941   ,  0.646313   ])
300     , -580.04     , array([ 0.402167   ,  0.287086   ,  0.61946    ])
301     , -699.159    , array([ 0.383404   ,  0.383151   ,  0.623227   ])
302     , -556.797    , array([ 0.412844   ,  0.187785   ,  0.646313   ])
303     , -621.449    , array([ 0.410517   ,  0.148896   ,  0.67706    ])
304     , -550.177    , array([ 0.404239   ,  0.243629   ,  0.633384   ])
305     , -569.086    , array([ 0.394325   ,  0.270777   ,  0.640247   ])
306     , -548.817    , array([ 0.408134   ,  0.205778   ,  0.644791   ])
307     , -543.793    , array([ 0.421584   ,  0.226276   ,  0.639241   ])
308     , -542.868    , array([ 0.435652   ,  0.231094   ,  0.635735   ])
309     , -553.157    , array([ 0.432801   ,  0.194516   ,  0.653903   ])
310     , -545.779    , array([ 0.411198   ,  0.230296   ,  0.638452   ])
311     , -549.297    , array([ 0.430813   ,  0.248243   ,  0.638118   ])
312     , -545.608    , array([ 0.413689   ,  0.21566    ,  0.643116   ])
313     , -542.943    , array([ 0.428676   ,  0.234543   ,  0.628136   ])
314     , -541.014    , array([ 0.441141   ,  0.223649   ,  0.632826   ])
315     , -540.782    , array([ 0.456921   ,  0.220397   ,  0.630031   ])
likelihood = -540.78
theta = 460.95
Optimized parameters = [0.45692122 0.22039741 0.63003107]

Round_4_Replicate_2
316     , -679.912    , array([ 0.31912    ,  0.152513   ,  0.690946   ])
317     , -700.946    , array([ 0.301406   ,  0.152513   ,  0.690946   ])
318     , -705.83     , array([ 0.31912    ,  0.138826   ,  0.690946   ])
319     , -669.581    , array([ 0.31912    ,  0.152513   ,  0.678291   ])
320     , -665.054    , array([ 0.307199   ,  0.167549   ,  0.682483   ])
321     , -652.672    , array([ 0.301406   ,  0.184067   ,  0.678291   ])
322     , -632.568    , array([ 0.325253   ,  0.172883   ,  0.674125   ])
323     , -605.022    , array([ 0.337875   ,  0.184067   ,  0.665868   ])
324     , -609.298    , array([ 0.31912    ,  0.195974   ,  0.657713   ])
325     , -604.035    , array([ 0.31912    ,  0.23163    ,  0.656363   ])
326     , -628.072    , array([ 0.31912    ,  0.285455   ,  0.645667   ])
327     , -569.301    , array([ 0.350987   ,  0.223702   ,  0.64214    ])
328     , -556.797    , array([ 0.378757   ,  0.246614   ,  0.624794   ])
329     , -562.805    , array([ 0.371615   ,  0.244902   ,  0.639946   ])
330     , -617.555    , array([ 0.373981   ,  0.315423   ,  0.615595   ])
331     , -578.12     , array([ 0.346561   ,  0.210599   ,  0.652927   ])
332     , -543.053    , array([ 0.418346   ,  0.235243   ,  0.622328   ])
333     , -547.151    , array([ 0.47899    ,  0.23707    ,  0.605977   ])
334     , -571.415    , array([ 0.436731   ,  0.278545   ,  0.6059     ])
335     , -556.106    , array([ 0.412197   ,  0.259738   ,  0.61733    ])
336     , -548.332    , array([ 0.436423   ,  0.249107   ,  0.603539   ])
337     , -552.251    , array([ 0.470621   ,  0.249043   ,  0.604075   ])
338     , -543.103    , array([ 0.472394   ,  0.229923   ,  0.602596   ])
339     , -539.711    , array([ 0.414789   ,  0.227361   ,  0.614813   ])
340     , -543.596    , array([ 0.389408   ,  0.217238   ,  0.620253   ])
341     , -538.701    , array([ 0.432385   ,  0.213873   ,  0.622998   ])
342     , -544.464    , array([ 0.43038    ,  0.198172   ,  0.632962   ])
likelihood = -538.7
theta = 472.28
Optimized parameters = [0.43238464 0.21387317 0.62299828]

Round_4_Replicate_3
343     , -940.905    , array([ 0.268322   ,  0.107984   ,  0.780823   ])
344     , -975.88     , array([ 0.25124    ,  0.107984   ,  0.780823   ])
345     , -982.151    , array([ 0.268322   ,  0.0966112  ,  0.780823   ])
346     , -932.441    , array([ 0.268322   ,  0.107984   ,  0.771223   ])
347     , -920.556    , array([ 0.25681    ,  0.120696   ,  0.77441    ])
348     , -895.879    , array([ 0.25124    ,  0.134904   ,  0.771223   ])
349     , -868.475    , array([ 0.27427    ,  0.125257   ,  0.76805    ])
350     , -818.6      , array([ 0.286565   ,  0.134904   ,  0.761742   ])
351     , -824.803    , array([ 0.268322   ,  0.145293   ,  0.755486   ])
352     , -778.236    , array([ 0.268322   ,  0.17708    ,  0.754448   ])
353     , -743.22     , array([ 0.268322   ,  0.226763   ,  0.746198   ])
354     , -690.72     , array([ 0.299411   ,  0.200388   ,  0.738037   ])
355     , -633.873    , array([ 0.326857   ,  0.244227   ,  0.721984   ])
356     , -651.447    , array([ 0.319768   ,  0.263036   ,  0.730971   ])
357     , -804.544    , array([ 0.322114   ,  0.442145   ,  0.705309   ])
358     , -695.916    , array([ 0.312833   ,  0.328609   ,  0.719013   ])
359     , -636.437    , array([ 0.381079   ,  0.336837   ,  0.702407   ])
360     , -590.273    , array([ 0.372814   ,  0.236305   ,  0.717696   ])
361     , -582.89     , array([ 0.406988   ,  0.200388   ,  0.717039   ])
362     , -559.822    , array([ 0.428352   ,  0.246249   ,  0.696957   ])
363     , -551.877    , array([ 0.495774   ,  0.238262   ,  0.680549   ])
364     , -629.332    , array([ 0.428352   ,  0.15266    ,  0.710173   ])
365     , -634.366    , array([ 0.598071   ,  0.153924   ,  0.683361   ])
366     , -585.607    , array([ 0.380151   ,  0.217607   ,  0.712128   ])
367     , -597.085    , array([ 0.421451   ,  0.311893   ,  0.696      ])
368     , -565.766    , array([ 0.423166   ,  0.260877   ,  0.699517   ])
369     , -555.388    , array([ 0.510067   ,  0.246927   ,  0.68587    ])
likelihood = -551.88
theta = 438.72
Optimized parameters = [0.49577352 0.23826151 0.68054913]

Round_4_Replicate_4
370     , -525.451    , array([ 0.395812   ,  0.152136   ,  0.485661   ])
371     , -521.858    , array([ 0.377888   ,  0.152136   ,  0.485661   ])
372     , -541.631    , array([ 0.395812   ,  0.138466   ,  0.485661   ])
373     , -521.619    , array([ 0.395812   ,  0.152136   ,  0.468436   ])
374     , -512.119    , array([ 0.38377    ,  0.167155   ,  0.474109   ])
375     , -511.496    , array([ 0.377888   ,  0.183657   ,  0.468436   ])
376     , -508.031    , array([ 0.372095   ,  0.172484   ,  0.462831   ])
377     , -508.767    , array([ 0.360776   ,  0.183657   ,  0.451821   ])
378     , -518.219    , array([ 0.385751   ,  0.18754    ,  0.44821    ])
379     , -536.357    , array([ 0.362016   ,  0.215611   ,  0.451217   ])
380     , -512.23     , array([ 0.387078   ,  0.165994   ,  0.464071   ])
381     , -513.858    , array([ 0.372308   ,  0.161239   ,  0.482639   ])
382     , -510.32     , array([ 0.375625   ,  0.167447   ,  0.473792   ])
383     , -508.982    , array([ 0.363677   ,  0.183231   ,  0.472631   ])
384     , -508.346    , array([ 0.363123   ,  0.165352   ,  0.471019   ])
385     , -506.762    , array([ 0.357159   ,  0.179843   ,  0.463875   ])
386     , -508.137    , array([ 0.348269   ,  0.186381   ,  0.458995   ])
387     , -507.146    , array([ 0.364472   ,  0.162319   ,  0.459253   ])
388     , -507.431    , array([ 0.365932   ,  0.177664   ,  0.453119   ])
389     , -504.27     , array([ 0.353153   ,  0.17371    ,  0.454661   ])
390     , -503        , array([ 0.344046   ,  0.174327   ,  0.45063    ])
391     , -504.69     , array([ 0.344636   ,  0.166527   ,  0.462704   ])
392     , -507.281    , array([ 0.333346   ,  0.185407   ,  0.458809   ])
393     , -504.931    , array([ 0.356428   ,  0.167806   ,  0.459142   ])
394     , -502.976    , array([ 0.339707   ,  0.159788   ,  0.451141   ])
395     , -504.558    , array([ 0.331304   ,  0.150616   ,  0.444906   ])
likelihood = -502.98
theta = 550.2
Optimized parameters = [0.33970706 0.1597881  0.45114148]

Round_4_Replicate_5
396     , -615.037    , array([ 0.166292   ,  0.140254   ,  0.363915   ])
397     , -668.373    , array([ 0.152025   ,  0.140254   ,  0.363915   ])
398     , -618.712    , array([ 0.166292   ,  0.127134   ,  0.363915   ])
399     , -590.386    , array([ 0.166292   ,  0.140254   ,  0.345979   ])
400     , -556.674    , array([ 0.181898   ,  0.131365   ,  0.351857   ])
401     , -520.012    , array([ 0.198969   ,  0.127134   ,  0.345979   ])
402     , -535.822    , array([ 0.187419   ,  0.144922   ,  0.340199   ])
403     , -496.913    , array([ 0.202975   ,  0.134263   ,  0.325254   ])
404     , -475.119    , array([ 0.224247   ,  0.131365   ,  0.307492   ])
405     , -473.337    , array([ 0.247749   ,  0.128529   ,  0.316248   ])
406     , -499.502    , array([ 0.3024     ,  0.123039   ,  0.302355   ])
407     , -479.501    , array([ 0.26477    ,  0.114822   ,  0.306343   ])
408     , -516.531    , array([ 0.301731   ,  0.122295   ,  0.277755   ])
409     , -484.033    , array([ 0.271901   ,  0.123487   ,  0.293433   ])
410     , -483.443    , array([ 0.220797   ,  0.125906   ,  0.327494   ])
411     , -474.732    , array([ 0.232594   ,  0.125297   ,  0.318625   ])
412     , -496.326    , array([ 0.207981   ,  0.143523   ,  0.322023   ])
413     , -472.926    , array([ 0.249263   ,  0.121409   ,  0.31019    ])
414     , -478.873    , array([ 0.263502   ,  0.119028   ,  0.322693   ])
415     , -472.842    , array([ 0.233476   ,  0.128166   ,  0.311223   ])
416     , -474.183    , array([ 0.254688   ,  0.126689   ,  0.306576   ])
417     , -472.772    , array([ 0.248975   ,  0.12634    ,  0.309545   ])
418     , -470.984    , array([ 0.239897   ,  0.122098   ,  0.3045     ])
419     , -470.041    , array([ 0.236065   ,  0.119004   ,  0.298791   ])
420     , -471.831    , array([ 0.229947   ,  0.127545   ,  0.302795   ])
421     , -470.912    , array([ 0.243016   ,  0.120431   ,  0.296316   ])
422     , -468.175    , array([ 0.224237   ,  0.118332   ,  0.289372   ])
423     , -466.821    , array([ 0.212805   ,  0.114521   ,  0.279785   ])
likelihood = -466.82
theta = 665.06
Optimized parameters = [0.21280536 0.1145211  0.27978459]

Round_1_Replicate_1
1301    , -8282.54    , array([ 5.37953    ,  0.796887   ,  0.150302   ])
1302    , -8337.17    , array([ 5.85169    ,  0.796887   ,  0.150302   ])
1303    , -8230.14    , array([ 5.37953    ,  0.787892   ,  0.150302   ])
1304    , -8759.72    , array([ 5.37953    ,  0.796887   ,  0.136714   ])
1305    , -7816.66    , array([ 5.68987    ,  0.790879   ,  0.16524    ])
1306    , -7360.59    , array([ 5.85169    ,  0.787892   ,  0.181663   ])
1307    , -7574.39    , array([ 5.23077    ,  0.784916   ,  0.170543   ])
likelihood = -7360.59
theta = 276.32
Optimized parameters = [5.85169356 0.78789222 0.18166341]

Round_1_Replicate_2
1308    , -2046.25    , array([ 3.17656    ,  1.09136    ,  1.092      ])
1309    , -2085.08    , array([ 3.36554    ,  1.09136    ,  1.092      ])
1310    , -2053.01    , array([ 3.17656    ,  1.09614    ,  1.092      ])
1311    , -2038.67    , array([ 3.17656    ,  1.09136    ,  1.09682    ])
1312    , -2006.14    , array([ 2.99819    ,  1.09455    ,  1.09521    ])
1313    , -1965.66    , array([ 2.82984    ,  1.09614    ,  1.09682    ])
1314    , -1981.3     , array([ 2.94099    ,  1.08977    ,  1.09843    ])
likelihood = -1965.66
theta = 171.82
Optimized parameters = [2.82983881 1.09614477 1.09681803]

Round_1_Replicate_3
1315    , -958.671    , array([ 0.24161    ,  0.225088   ,  0.953437   ])
1316    , -1006.48    , array([ 0.225045   ,  0.225088   ,  0.953437   ])
1317    , -967.674    , array([ 0.24161    ,  0.208915   ,  0.953437   ])
1318    , -957.194    , array([ 0.24161    ,  0.225088   ,  0.951166   ])
1319    , -917.712    , array([ 0.259393   ,  0.214173   ,  0.951922   ])
1320    , -877.397    , array([ 0.278486   ,  0.208915   ,  0.951166   ])
1321    , -893.215    , array([ 0.265607   ,  0.230753   ,  0.950411   ])
likelihood = -877.4
theta = 499.54
Optimized parameters = [0.27848554 0.20891525 0.95116615]

Round_1_Replicate_4
1322    , -1576.38    , array([ 1.25433    ,  4.59184    ,  4.94983    ])
1323    , -1571.39    , array([ 1.26862    ,  4.59184    ,  4.94983    ])
1324    , -1636.94    , array([ 1.25433    ,  4.95548    ,  4.94983    ])
1325    , -1558.32    , array([ 1.25433    ,  4.59184    ,  5.36191    ])
1326    , -1501.63    , array([ 1.26384    ,  4.25488    ,  5.22087    ])
1327    , -1437.54    , array([ 1.26862    ,  3.94265    ,  5.36191    ])
1328    , -1468.55    , array([ 1.27342    ,  4.14815    ,  5.50676    ])
likelihood = -1437.54
theta = 75.93
Optimized parameters = [1.26862134 3.94264653 5.36191067]

Round_1_Replicate_5
1329    , -1496.34    , array([ 2.30239    ,  0.132131   ,  5.97916    ])
1330    , -1499.83    , array([ 2.40042    ,  0.132131   ,  5.97916    ])
1331    , -1542.88    , array([ 2.30239    ,  0.119414   ,  5.97916    ])
1332    , -1529.69    , array([ 2.30239    ,  0.132131   ,  6.53841    ])
1333    , -1472       , array([ 2.36729    ,  0.146202   ,  6.34641    ])
1334    , -1434.54    , array([ 2.40042    ,  0.161772   ,  6.53841    ])
1335    , -1422.92    , array([ 2.43402    ,  0.151218   ,  5.80358    ])
1336    , -1374.73    , array([ 2.50263    ,  0.161772   ,  5.46774    ])
likelihood = -1374.73
theta = 135.57
Optimized parameters = [2.50263103 0.16177237 5.467741  ]

Round_1_Replicate_6
1337    , -3248.32    , array([ 5.58629    ,  5.28747    ,  2.82659    ])
1338    , -3372.99    , array([ 6.08807    ,  5.28747    ,  2.82659    ])
1339    , -3379.57    , array([ 5.58629    ,  5.74659    ,  2.82659    ])
1340    , -3120.86    , array([ 5.58629    ,  5.28747    ,  2.97732    ])
1341    , -3107.7     , array([ 5.91599    ,  4.86503    ,  2.92621    ])
1342    , -2963.29    , array([ 6.08807    ,  4.47634    ,  2.97732    ])
1343    , -2870.66    , array([ 5.4284     ,  4.73185    ,  3.02933    ])
1344    , -2640.89    , array([ 5.12587    ,  4.47634    ,  3.1361     ])
likelihood = -2640.89
theta = 68.05
Optimized parameters = [5.12586764 4.47633962 3.13609554]

Round_1_Replicate_7
1345    , -10877.6    , array([ 4.67153    ,  5.34716    ,  0.371105   ])
1346    , -11086.8    , array([ 5.04583    ,  5.34716    ,  0.371105   ])
1347    , -11112.4    , array([ 4.67153    ,  5.81473    ,  0.371105   ])
1348    , -11125.5    , array([ 4.67153    ,  5.34716    ,  0.35316    ])
1349    , -10931.6    , array([ 4.91784    ,  5.6545     ,  0.389962   ])
1350    , -10800.7    , array([ 5.08922    ,  5.10385    ,  0.383572   ])
1351    , -10653      , array([ 5.31187    ,  4.78169    ,  0.389962   ])
likelihood = -10653.0
theta = 148.16
Optimized parameters = [5.31187071 4.78169364 0.38996206]

Round_1_Replicate_8
1352    , -1231.45    , array([ 0.722066   ,  1.66727    ,  4.28673    ])
1353    , -1241.57    , array([ 0.710404   ,  1.66727    ,  4.28673    ])
1354    , -1242.97    , array([ 0.722066   ,  1.71043    ,  4.28673    ])
1355    , -1246.75    , array([ 0.722066   ,  1.66727    ,  4.61033    ])
1356    , -1233.83    , array([ 0.71427    ,  1.69592    ,  3.98584    ])
1357    , -1227.39    , array([ 0.70912    ,  1.64376    ,  4.08371    ])
1358    , -1219.65    , array([ 0.702735   ,  1.61141    ,  3.98584    ])
likelihood = -1219.65
theta = 137.12
Optimized parameters = [0.70273458 1.61140868 3.98583967]

Round_1_Replicate_9
1359    , -1800.64    , array([ 0.471541   ,  0.353439   ,  7.06812    ])
1360    , -1826.08    , array([ 0.454146   ,  0.353439   ,  7.06812    ])
1361    , -1818.06    , array([ 0.471541   ,  0.335529   ,  7.06812    ])
1362    , -1894.17    , array([ 0.471541   ,  0.353439   ,  7.79415    ])
1363    , -1741.41    , array([ 0.459871   ,  0.341396   ,  6.40971    ])
1364    , -1708.83    , array([ 0.454146   ,  0.335529   ,  5.81264    ])
1365    , -1699.63    , array([ 0.477486   ,  0.329763   ,  6.20417    ])
1366    , -1677.18    , array([ 0.489602   ,  0.318527   ,  5.81264    ])
likelihood = -1677.18
theta = 184.75
Optimized parameters = [0.48960193 0.31852669 5.81263907]

Round_1_Replicate_10
1367    , -1565.76    , array([ 1.4532     ,  0.758993   ,  0.76911    ])
1368    , -1578.68    , array([ 1.48061    ,  0.758993   ,  0.76911    ])
1369    , -1548.79    , array([ 1.4532     ,  0.7486     ,  0.76911    ])
1370    , -1585.6     , array([ 1.4532     ,  0.758993   ,  0.759081   ])
1371    , -1543.49    , array([ 1.47141    ,  0.752048   ,  0.779272   ])
1372    , -1522.96    , array([ 1.48061    ,  0.7486     ,  0.789568   ])
1373    , -1513.36    , array([ 1.44417    ,  0.745167   ,  0.782689   ])
1374    , -1481.66    , array([ 1.42629    ,  0.738349   ,  0.789568   ])
likelihood = -1481.66
theta = 238.99
Optimized parameters = [1.42629062 0.73834885 0.78956828]

Round_2_Replicate_1
1375    , -2291.86    , array([ 0.0975064  ,  0.394563   ,  3.40489    ])
1376    , -2383.75    , array([ 0.086793   ,  0.394563   ,  3.40489    ])
1377    , -2296.94    , array([ 0.0975064  ,  0.376636   ,  3.40489    ])
1378    , -2336.72    , array([ 0.0975064  ,  0.394563   ,  3.62       ])
1379    , -2232.12    , array([ 0.109542   ,  0.38252    ,  3.54682    ])
1380    , -2206.6     , array([ 0.123064   ,  0.376636   ,  3.62       ])
1381    , -2210.59    , array([ 0.113876   ,  0.370844   ,  3.33606    ])
1382    , -2158.08    , array([ 0.126288   ,  0.384501   ,  3.49887    ])
1383    , -2061.71    , array([ 0.143723   ,  0.388495   ,  3.54682    ])
1384    , -1977.38    , array([ 0.163566   ,  0.363258   ,  3.59544    ])
1385    , -1870.02    , array([ 0.211847   ,  0.34855    ,  3.69468    ])
likelihood = -1870.02
theta = 260.02
Optimized parameters = [0.21184693 0.3485502  3.69467633]

Round_2_Replicate_2
1386    , -862.588    , array([ 0.59974    ,  0.0753088  ,  0.488995   ])
1387    , -854.12     , array([ 0.584603   ,  0.0753088  ,  0.488995   ])
1388    , -926.728    , array([ 0.59974    ,  0.0661741  ,  0.488995   ])
1389    , -858.315    , array([ 0.59974    ,  0.0753088  ,  0.471813   ])
1390    , -794.26     , array([ 0.589606   ,  0.0857044  ,  0.477472   ])
1391    , -736.214    , array([ 0.584603   ,  0.0975351  ,  0.471813   ])
1392    , -767.517    , array([ 0.579643   ,  0.0894793  ,  0.466221   ])
1393    , -716.202    , array([ 0.566621   ,  0.100378   ,  0.479374   ])
1394    , -657.421    , array([ 0.550753   ,  0.115888   ,  0.483199   ])
1395    , -623.527    , array([ 0.558631   ,  0.133794   ,  0.458868   ])
1396    , -601.638    , array([ 0.54608    ,  0.178332   ,  0.444507   ])
likelihood = -601.64
theta = 466.45
Optimized parameters = [0.54608013 0.17833246 0.44450708]

Round_2_Replicate_3
1397    , -676.224    , array([ 0.341044   ,  0.0786515  ,  0.409307   ])
1398    , -671.806    , array([ 0.323185   ,  0.0786515  ,  0.409307   ])
1399    , -734.643    , array([ 0.341044   ,  0.0692616  ,  0.409307   ])
1400    , -663.843    , array([ 0.341044   ,  0.0786515  ,  0.391428   ])
1401    , -611.058    , array([ 0.329031   ,  0.0893145  ,  0.397299   ])
1402    , -560.096    , array([ 0.323185   ,  0.101423   ,  0.391428   ])
1403    , -583.776    , array([ 0.317442   ,  0.0931808  ,  0.385643   ])
1404    , -543.401    , array([ 0.331004   ,  0.104329   ,  0.370632   ])
1405    , -511.234    , array([ 0.334984   ,  0.120159   ,  0.352688   ])
1406    , -489.116    , array([ 0.309943   ,  0.13839    ,  0.361549   ])
1407    , -531.846    , array([ 0.295473   ,  0.183571   ,  0.347476   ])
likelihood = -489.12
theta = 581.49
Optimized parameters = [0.30994337 0.13839026 0.36154877]

Round_2_Replicate_4
1408    , -1477.51    , array([ 0.350252   ,  0.264494   ,  3.20372    ])
1409    , -1509.99    , array([ 0.332353   ,  0.264494   ,  3.20372    ])
1410    , -1495.24    , array([ 0.350252   ,  0.247478   ,  3.20372    ])
1411    , -1519.22    , array([ 0.350252   ,  0.264494   ,  3.39576    ])
1412    , -1469.44    , array([ 0.338216   ,  0.253025   ,  3.02254    ])
1413    , -1445.38    , array([ 0.332353   ,  0.247478   ,  2.8516     ])
1414    , -1436.11    , array([ 0.35643    ,  0.242053   ,  2.96445    ])
1415    , -1401.15    , array([ 0.369115   ,  0.231557   ,  2.8516     ])
1416    , -1386.93    , array([ 0.350252   ,  0.247478   ,  2.74305    ])
1417    , -1332.92    , array([ 0.350252   ,  0.247478   ,  2.53819    ])
1418    , -1309.92    , array([ 0.350252   ,  0.221516   ,  2.34862    ])
1419    , -1227.92    , array([ 0.350252   ,  0.202721   ,  2.01091    ])
likelihood = -1227.92
theta = 370.96
Optimized parameters = [0.35025241 0.20272109 2.01091066]

Round_2_Replicate_5
1420    , -2459.18    , array([ 0.138417   ,  0.0650756  ,  3.01184    ])
1421    , -2525.93    , array([ 0.125386   ,  0.0650756  ,  3.01184    ])
1422    , -2507.32    , array([ 0.138417   ,  0.0567661  ,  3.01184    ])
1423    , -2501.87    , array([ 0.138417   ,  0.0650756  ,  3.18253    ])
1424    , -2453.66    , array([ 0.152802   ,  0.0594109  ,  3.12459    ])
1425    , -2419.83    , array([ 0.168683   ,  0.0567661  ,  3.18253    ])
1426    , -2412.03    , array([ 0.157922   ,  0.0681075  ,  3.24156    ])
1427    , -2365.48    , array([ 0.168683   ,  0.0746015  ,  3.3629     ])
1428    , -2360       , array([ 0.180176   ,  0.0650756  ,  3.18253    ])
1429    , -2271.97    , array([ 0.205566   ,  0.0650756  ,  3.18253    ])
1430    , -2259.2     , array([ 0.234534   ,  0.0650756  ,  3.4888     ])
1431    , -2157.19    , array([ 0.305291   ,  0.0650756  ,  3.75489    ])
likelihood = -2157.19
theta = 291.02
Optimized parameters = [0.30529078 0.06507565 3.75489348]

Round_2_Replicate_6
1432    , -1095.92    , array([ 0.718542   ,  0.293195   ,  3.33363    ])
1433    , -1102.89    , array([ 0.706765   ,  0.293195   ,  3.33363    ])
1434    , -1117.28    , array([ 0.718542   ,  0.275749   ,  3.33363    ])
1435    , -1135.94    , array([ 0.718542   ,  0.293195   ,  3.54049    ])
1436    , -1074.99    , array([ 0.710669   ,  0.281446   ,  3.13886    ])
1437    , -1045.44    , array([ 0.706765   ,  0.275749   ,  2.95546    ])
1438    , -1046.05    , array([ 0.702882   ,  0.299252   ,  3.07649    ])
1439    , -1022.77    , array([ 0.711975   ,  0.285309   ,  2.91619    ])
1440    , -985.246    , array([ 0.714595   ,  0.281446   ,  2.7275     ])
1441    , -959.161    , array([ 0.697738   ,  0.277635   ,  2.55102    ])
1442    , -899.469    , array([ 0.687563   ,  0.270167   ,  2.23158    ])
likelihood = -899.47
theta = 293.38
Optimized parameters = [0.68756336 0.27016747 2.23157512]

Round_2_Replicate_7
1443    , -1789.73    , array([ 0.274795   ,  0.225952   ,  3.70184    ])
1444    , -1833.4     , array([ 0.257608   ,  0.225952   ,  3.70184    ])
1445    , -1812.39    , array([ 0.274795   ,  0.209757   ,  3.70184    ])
1446    , -1842.52    , array([ 0.274795   ,  0.225952   ,  3.95219    ])
1447    , -1781.52    , array([ 0.263214   ,  0.215022   ,  3.46734    ])
1448    , -1751.74    , array([ 0.257608   ,  0.209757   ,  3.2477     ])
1449    , -1736.86    , array([ 0.280776   ,  0.204621   ,  3.39252    ])
1450    , -1690.8     , array([ 0.293129   ,  0.194723   ,  3.2477     ])
1451    , -1674.71    , array([ 0.274795   ,  0.209757   ,  3.10905    ])
1452    , -1608.56    , array([ 0.274795   ,  0.209757   ,  2.84927    ])
1453    , -1581.94    , array([ 0.274795   ,  0.185304   ,  2.61119    ])
1454    , -1490.15    , array([ 0.274795   ,  0.167811   ,  2.19306    ])
likelihood = -1490.15
theta = 379.64
Optimized parameters = [0.27479542 0.1678107  2.19305895]

Round_2_Replicate_8
1455    , -1264.02    , array([ 1.10215    ,  0.538213   ,  0.634434   ])
1456    , -1266.95    , array([ 1.10752    ,  0.538213   ,  0.634434   ])
1457    , -1232.78    , array([ 1.10215    ,  0.521797   ,  0.634434   ])
1458    , -1293.1     , array([ 1.10215    ,  0.538213   ,  0.620163   ])
1459    , -1217.32    , array([ 1.10573    ,  0.527213   ,  0.649033   ])
1460    , -1181.65    , array([ 1.10752    ,  0.521797   ,  0.663969   ])
1461    , -1185.74    , array([ 1.10037    ,  0.516437   ,  0.653974   ])
1462    , -1139.8     , array([ 1.10454    ,  0.502412   ,  0.667334   ])
1463    , -1084.17    , array([ 1.10573    ,  0.485415   ,  0.684419   ])
1464    , -1073.41    , array([ 1.10693    ,  0.49384    ,  0.701941   ])
1465    , -1005.57    , array([ 1.10932    ,  0.480429   ,  0.738342   ])
likelihood = -1005.57
theta = 289.8
Optimized parameters = [1.10932016 0.48042886 0.73834192]

Round_2_Replicate_9
1466    , -577.342    , array([ 0.542661   ,  0.202549   ,  0.510094   ])
1467    , -568.992    , array([ 0.526326   ,  0.202549   ,  0.510094   ])
1468    , -572.937    , array([ 0.542661   ,  0.187007   ,  0.510094   ])
1469    , -585.096    , array([ 0.542661   ,  0.202549   ,  0.493211   ])
1470    , -563.58     , array([ 0.531715   ,  0.19205    ,  0.527555   ])
1471    , -558.592    , array([ 0.526326   ,  0.187007   ,  0.545614   ])
1472    , -558.427    , array([ 0.520991   ,  0.182096   ,  0.533507   ])
1473    , -557.412    , array([ 0.510483   ,  0.172657   ,  0.545614   ])
1474    , -547.733    , array([ 0.500187   ,  0.187007   ,  0.557995   ])
1475    , -543.364    , array([ 0.480213   ,  0.187007   ,  0.583607   ])
1476    , -569.043    , array([ 0.48513    ,  0.163707   ,  0.610394   ])
1477    , -555.182    , array([ 0.51571    ,  0.19205    ,  0.533507   ])
likelihood = -543.36
theta = 474.42
Optimized parameters = [0.48021296 0.18700676 0.5836068 ]

Round_2_Replicate_10
1478    , -889.891    , array([ 0.228558   ,  0.0549651  ,  0.423114   ])
1479    , -912.381    , array([ 0.212299   ,  0.0549651  ,  0.423114   ])
1480    , -961.893    , array([ 0.228558   ,  0.0475435  ,  0.423114   ])
1481    , -865.318    , array([ 0.228558   ,  0.0549651  ,  0.405304   ])
1482    , -817.518    , array([ 0.217586   ,  0.0635452  ,  0.411155   ])
1483    , -750.341    , array([ 0.212299   ,  0.0734647  ,  0.405304   ])
1484    , -759.014    , array([ 0.234251   ,  0.0666932  ,  0.399535   ])
1485    , -692.334    , array([ 0.221184   ,  0.0758713  ,  0.38455    ])
1486    , -604.442    , array([ 0.217586   ,  0.08914    ,  0.366607   ])
1487    , -569.42     , array([ 0.214047   ,  0.104729   ,  0.375471   ])
1488    , -521.561    , array([ 0.20714    ,  0.144563   ,  0.361389   ])
likelihood = -521.56
theta = 644.61
Optimized parameters = [0.20713994 0.14456334 0.36138882]

Round_3_Replicate_1
1489    , -2549.76    , array([ 1.21946    ,  0.464776   ,  0.296559   ])
1490    , -2558.18    , array([ 1.23162    ,  0.464776   ,  0.296559   ])
1491    , -2472.84    , array([ 1.21946    ,  0.447307   ,  0.296559   ])
1492    , -2709.01    , array([ 1.21946    ,  0.464776   ,  0.279073   ])
1493    , -2354.8     , array([ 1.22756    ,  0.453056   ,  0.315142   ])
1494    , -2193.18    , array([ 1.23162    ,  0.447307   ,  0.334889   ])
1495    , -2251.65    , array([ 1.21544    ,  0.441631   ,  0.321591   ])
1496    , -2077.31    , array([ 1.22485    ,  0.426845   ,  0.339442   ])
1497    , -1872.21    , array([ 1.22756    ,  0.409057   ,  0.363156   ])
1498    , -1778.96    , array([ 1.23027    ,  0.417856   ,  0.388526   ])
1499    , -1509.5     , array([ 1.2357     ,  0.403867   ,  0.444707   ])
1500    , -1500.17    , array([ 1.24802    ,  0.398742   ,  0.444707   ])
1501    , -1237.74    , array([ 1.26464    ,  0.378886   ,  0.522949   ])
1502    , -1076.59    , array([ 1.25354    ,  0.352437   ,  0.574801   ])
1503    , -843.786    , array([ 1.26464    ,  0.312838   ,  0.753054   ])
1504    , -803.051    , array([ 1.28289    ,  0.322299   ,  0.861946   ])
1505    , -757.932    , array([ 1.31149    ,  0.286087   ,  1.32793    ])
1506    , -790.137    , array([ 1.32603    ,  0.259405   ,  1.45959    ])
1507    , -959.615    , array([ 1.33728    ,  0.214794   ,  2.46053    ])
1508    , -818.629    , array([ 1.31874    ,  0.247539   ,  1.67065    ])
likelihood = -757.93
theta = 278.47
Optimized parameters = [1.31148877 0.28608658 1.32792627]

Round_3_Replicate_2
1509    , -1677       , array([ 0.0889059  ,  0.124223   ,  0.779827   ])
1510    , -1775.02    , array([ 0.0787729  ,  0.124223   ,  0.779827   ])
1511    , -1704.2     , array([ 0.0889059  ,  0.111921   ,  0.779827   ])
1512    , -1669.11    , array([ 0.0889059  ,  0.124223   ,  0.770191   ])
1513    , -1594.26    , array([ 0.100342   ,  0.11588    ,  0.77339    ])
1514    , -1508.43    , array([ 0.11325    ,  0.111921   ,  0.770191   ])
1515    , -1531.07    , array([ 0.104472   ,  0.128617   ,  0.767005   ])
1516    , -1462.17    , array([ 0.116336   ,  0.118597   ,  0.758575   ])
1517    , -1358.02    , array([ 0.133079   ,  0.11588    ,  0.748167   ])
1518    , -1269.23    , array([ 0.15223    ,  0.113226   ,  0.753353   ])
1519    , -1084.58    , array([ 0.199199   ,  0.108097   ,  0.745072   ])
1520    , -1117.28    , array([ 0.199199   ,  0.0973925  ,  0.74199    ])
1521    , -907.957    , array([ 0.267763   ,  0.102013   ,  0.720772   ])
1522    , -785.313    , array([ 0.411726   ,  0.0973925  ,  0.697265   ])
1523    , -833.939    , array([ 0.483815   ,  0.0877477  ,  0.707942   ])
1524    , -802.626    , array([ 0.584022   ,  0.0973925  ,  0.691827   ])
1525    , -1123.86    , array([ 1.19635    ,  0.0818545  ,  0.655739   ])
1526    , -849.807    , array([ 0.311838   ,  0.100838   ,  0.721658   ])
likelihood = -785.31
theta = 543.76
Optimized parameters = [0.41172555 0.0973925  0.69726498]

Round_3_Replicate_3
1527    , -4010.64    , array([ 0.807632   ,  0.462944   ,  0.1602     ])
1528    , -3996.25    , array([ 0.79905    ,  0.462944   ,  0.1602     ])
1529    , -3913.32    , array([ 0.807632   ,  0.445456   ,  0.1602     ])
1530    , -4352.26    , array([ 0.807632   ,  0.462944   ,  0.146182   ])
1531    , -3615.6     , array([ 0.8019     ,  0.451211   ,  0.175561   ])
1532    , -3279.21    , array([ 0.79905    ,  0.445456   ,  0.192396   ])
1533    , -3443.6     , array([ 0.79621    ,  0.439775   ,  0.181002   ])
1534    , -3115.15    , array([ 0.802853   ,  0.424977   ,  0.196351   ])
1535    , -2726.27    , array([ 0.804761   ,  0.407177   ,  0.217379   ])
1536    , -2477.74    , array([ 0.792439   ,  0.415982   ,  0.24066    ])
1537    , -1927.27    , array([ 0.78495    ,  0.401984   ,  0.294968   ])
1538    , -1918.64    , array([ 0.79621    ,  0.396857   ,  0.294968   ])
1539    , -1397.93    , array([ 0.79621    ,  0.376995   ,  0.376547   ])
1540    , -1119.28    , array([ 0.791499   ,  0.350548   ,  0.434189   ])
1541    , -709.465    , array([ 0.78775    ,  0.31097    ,  0.65226    ])
1542    , -642.471    , array([ 0.774768   ,  0.320424   ,  0.799451   ])
1543    , -709.492    , array([ 0.760193   ,  0.284247   ,  1.53313    ])
1544    , -639.412    , array([ 0.787438   ,  0.279026   ,  1.14529    ])
1545    , -916.756    , array([ 0.788685   ,  0.232467   ,  2.25675    ])
1546    , -823.169    , array([ 0.77059    ,  0.243438   ,  1.88335    ])
1547    , -661.983    , array([ 0.776916   ,  0.271566   ,  1.25937    ])
likelihood = -639.41
theta = 340.69
Optimized parameters = [0.78743807 0.2790258  1.14528607]

Round_3_Replicate_4
1548    , -1202.2     , array([ 0.531377   ,  0.136276   ,  0.17585    ])
1549    , -1184.11    , array([ 0.514841   ,  0.136276   ,  0.17585    ])
1550    , -1122.86    , array([ 0.531377   ,  0.123351   ,  0.17585    ])
1551    , -1326       , array([ 0.531377   ,  0.136276   ,  0.161212   ])
1552    , -1034.52    , array([ 0.520295   ,  0.127517   ,  0.191816   ])
1553    , -923.624    , array([ 0.514841   ,  0.123351   ,  0.209232   ])
1554    , -955.843    , array([ 0.509444   ,  0.11932    ,  0.197454   ])
1555    , -869.579    , array([ 0.522126   ,  0.109206   ,  0.213312   ])
1556    , -798.894    , array([ 0.525807   ,  0.097759   ,  0.234937   ])
1557    , -735.571    , array([ 0.502336   ,  0.103324   ,  0.258754   ])
1558    , -685.498    , array([ 0.488416   ,  0.094565   ,  0.313878   ])
1559    , -711.628    , array([ 0.509444   ,  0.0914754  ,  0.313878   ])
1560    , -794.669    , array([ 0.500575   ,  0.072497   ,  0.388169   ])
1561    , -795.376    , array([ 0.474326   ,  0.0749456  ,  0.483145   ])
1562    , -744.098    , array([ 0.486704   ,  0.0800938  ,  0.403456   ])
1563    , -671.116    , array([ 0.488989   ,  0.108003   ,  0.300048   ])
1564    , -737.272    , array([ 0.483296   ,  0.131824   ,  0.2638     ])
1565    , -802.702    , array([ 0.504497   ,  0.11932    ,  0.236962   ])
1566    , -700.528    , array([ 0.491092   ,  0.0884867  ,  0.353197   ])
likelihood = -671.12
theta = 527.11
Optimized parameters = [0.48898853 0.108003   0.30004781]

Round_3_Replicate_5
1567    , -1383.38    , array([ 0.119717   ,  0.410641   ,  0.463875   ])
1568    , -1480.44    , array([ 0.107663   ,  0.410641   ,  0.463875   ])
1569    , -1353.28    , array([ 0.119717   ,  0.392767   ,  0.463875   ])
1570    , -1378.5     , array([ 0.119717   ,  0.410641   ,  0.446397   ])
1571    , -1266.46    , array([ 0.133122   ,  0.398637   ,  0.452149   ])
1572    , -1168.28    , array([ 0.148027   ,  0.392767   ,  0.446397   ])
1573    , -1213.35    , array([ 0.137916   ,  0.386984   ,  0.440719   ])
1574    , -1113.99    , array([ 0.15156    ,  0.371974   ,  0.454082   ])
1575    , -996.118    , array([ 0.170529   ,  0.354029   ,  0.457975   ])
1576    , -941.5      , array([ 0.191872   ,  0.362891   ,  0.43326    ])
1577    , -830.238    , array([ 0.242906   ,  0.348816   ,  0.418718   ])
1578    , -804.857    , array([ 0.242906   ,  0.34368    ,  0.440719   ])
1579    , -726.646    , array([ 0.322367   ,  0.323881   ,  0.440719   ])
1580    , -699.634    , array([ 0.380233   ,  0.297768   ,  0.431415   ])
1581    , -786.309    , array([ 0.609401   ,  0.259269   ,  0.424113   ])
1582    , -874.075    , array([ 0.563328   ,  0.294353   ,  0.404089   ])
1583    , -766.1      , array([ 0.41785    ,  0.308255   ,  0.416935   ])
1584    , -760.077    , array([ 0.567774   ,  0.275118   ,  0.440719   ])
1585    , -658.839    , array([ 0.404914   ,  0.288588   ,  0.459279   ])
1586    , -619.325    , array([ 0.398598   ,  0.27923    ,  0.482038   ])
likelihood = -619.32
theta = 451.95
Optimized parameters = [0.39859765 0.27922994 0.48203805]

Round_4_Replicate_1
1587    , -946.818    , array([ 0.280356   ,  0.0834213  ,  0.699633   ])
1588    , -974.629    , array([ 0.263085   ,  0.0834213  ,  0.699633   ])
1589    , -1000.46    , array([ 0.280356   ,  0.0736785  ,  0.699633   ])
1590    , -935.117    , array([ 0.280356   ,  0.0834213  ,  0.687248   ])
1591    , -907.217    , array([ 0.26872    ,  0.0944524  ,  0.691352   ])
1592    , -866.929    , array([ 0.263085   ,  0.106942   ,  0.687248   ])
1593    , -856.535    , array([ 0.286362   ,  0.0984446  ,  0.683169   ])
1594    , -801.972    , array([ 0.298762   ,  0.106942   ,  0.675083   ])
1595    , -789.834    , array([ 0.280356   ,  0.116173   ,  0.667093   ])
1596    , -722.7      , array([ 0.280356   ,  0.137095   ,  0.651395   ])
1597    , -685.664    , array([ 0.280356   ,  0.161784   ,  0.655284   ])
1598    , -642.664    , array([ 0.280356   ,  0.225303   ,  0.639864   ])
1599    , -591.881    , array([ 0.311698   ,  0.2074     ,  0.624807   ])
1600    , -604.856    , array([ 0.339276   ,  0.288827   ,  0.595747   ])
1601    , -700.244    , array([ 0.282344   ,  0.322539   ,  0.60408    ])
1602    , -847.083    , array([ 0.3023     ,  0.445058   ,  0.595353   ])
1603    , -640.655    , array([ 0.285688   ,  0.184022   ,  0.636908   ])
1604    , -721.4      , array([ 0.302538   ,  0.130131   ,  0.665037   ])
1605    , -633.888    , array([ 0.287262   ,  0.257058   ,  0.618774   ])
1606    , -587.495    , array([ 0.309666   ,  0.203411   ,  0.613972   ])
1607    , -568.063    , array([ 0.32545    ,  0.193276   ,  0.601422   ])
1608    , -580.172    , array([ 0.331467   ,  0.257321   ,  0.593692   ])
1609    , -547.651    , array([ 0.362655   ,  0.184336   ,  0.594464   ])
1610    , -559.319    , array([ 0.407476   ,  0.156099   ,  0.582669   ])
1611    , -532.533    , array([ 0.369724   ,  0.211203   ,  0.569506   ])
1612    , -526.781    , array([ 0.402671   ,  0.213131   ,  0.543719   ])
1613    , -559.31     , array([ 0.395834   ,  0.150135   ,  0.56523    ])
1614    , -540.372    , array([ 0.45936    ,  0.168907   ,  0.535349   ])
likelihood = -526.78
theta = 485.96
Optimized parameters = [0.40267057 0.21313096 0.54371935]

Round_4_Replicate_2
1615    , -572.741    , array([ 0.431806   ,  0.120453   ,  0.370669   ])
1616    , -560.236    , array([ 0.41405    ,  0.120453   ,  0.370669   ])
1617    , -594.545    , array([ 0.431806   ,  0.108357   ,  0.370669   ])
1618    , -577.85     , array([ 0.431806   ,  0.120453   ,  0.352724   ])
1619    , -557.471    , array([ 0.419886   ,  0.133898   ,  0.358607   ])
1620    , -559.345    , array([ 0.41405    ,  0.148845   ,  0.352724   ])
1621    , -547.278    , array([ 0.412123   ,  0.129257   ,  0.38103    ])
1622    , -535.188    , array([ 0.402621   ,  0.133898   ,  0.396023   ])
1623    , -529.672    , array([ 0.393337   ,  0.138706   ,  0.378935   ])
1624    , -516.361    , array([ 0.375408   ,  0.148845   ,  0.383136   ])
1625    , -522.874    , array([ 0.384268   ,  0.159725   ,  0.387385   ])
1626    , -502.852    , array([ 0.357183   ,  0.161615   ,  0.421559   ])
1627    , -504.347    , array([ 0.329436   ,  0.177555   ,  0.457065   ])
1628    , -517.003    , array([ 0.343919   ,  0.183211   ,  0.397969   ])
1629    , -499.031    , array([ 0.334657   ,  0.168295   ,  0.41422    ])
1630    , -499.335    , array([ 0.312307   ,  0.17275    ,  0.428327   ])
1631    , -513.744    , array([ 0.367175   ,  0.138646   ,  0.414108   ])
1632    , -502.604    , array([ 0.33144    ,  0.162768   ,  0.453018   ])
1633    , -513.604    , array([ 0.316513   ,  0.194465   ,  0.444997   ])
1634    , -502.646    , array([ 0.328482   ,  0.178693   ,  0.437065   ])
1635    , -505.609    , array([ 0.307695   ,  0.178382   ,  0.447785   ])
1636    , -499.93     , array([ 0.344111   ,  0.165653   ,  0.427968   ])
1637    , -500.445    , array([ 0.34511    ,  0.153386   ,  0.425885   ])
1638    , -504.782    , array([ 0.35137    ,  0.161857   ,  0.394313   ])
1639    , -499.401    , array([ 0.336314   ,  0.16254    ,  0.437569   ])
1640    , -502.939    , array([ 0.331694   ,  0.178526   ,  0.427071   ])
1641    , -498.875    , array([ 0.341706   ,  0.159318   ,  0.426181   ])
likelihood = -498.87
theta = 549.48
Optimized parameters = [0.34170596 0.15931763 0.42618149]

Round_4_Replicate_3
1642    , -760.244    , array([ 0.254477   ,  0.268203   ,  0.322304   ])
1643    , -759.249    , array([ 0.237647   ,  0.268203   ,  0.322304   ])
1644    , -713.352    , array([ 0.254477   ,  0.251123   ,  0.322304   ])
1645    , -798.911    , array([ 0.254477   ,  0.268203   ,  0.304564   ])
1646    , -699.353    , array([ 0.243129   ,  0.256692   ,  0.341077   ])
1647    , -666.627    , array([ 0.237647   ,  0.251123   ,  0.360944   ])
1648    , -668.848    , array([ 0.232287   ,  0.245675   ,  0.347575   ])
1649    , -615.486    , array([ 0.244985   ,  0.231718   ,  0.365513   ])
1650    , -570.575    , array([ 0.248739   ,  0.215381   ,  0.389244   ])
1651    , -607.586    , array([ 0.225329   ,  0.2234     ,  0.414515   ])
1652    , -576.101    , array([ 0.2419     ,  0.214334   ,  0.432267   ])
1653    , -574.02     , array([ 0.239258   ,  0.188669   ,  0.469429   ])
1654    , -533.151    , array([ 0.262631   ,  0.189489   ,  0.444109   ])
1655    , -518.318    , array([ 0.283537   ,  0.174515   ,  0.459689   ])
1656    , -517.327    , array([ 0.271963   ,  0.172215   ,  0.443695   ])
1657    , -512.862    , array([ 0.288369   ,  0.154369   ,  0.449522   ])
1658    , -498.257    , array([ 0.311411   ,  0.171145   ,  0.396936   ])
1659    , -520.265    , array([ 0.355278   ,  0.163004   ,  0.365003   ])
1660    , -552.465    , array([ 0.347951   ,  0.128617   ,  0.484993   ])
1661    , -514.538    , array([ 0.319944   ,  0.14631    ,  0.459047   ])
1662    , -499.886    , array([ 0.330847   ,  0.141135   ,  0.410287   ])
1663    , -493.811    , array([ 0.299823   ,  0.164348   ,  0.381226   ])
1664    , -515.064    , array([ 0.290242   ,  0.174184   ,  0.347413   ])
1665    , -522.655    , array([ 0.341405   ,  0.162411   ,  0.348801   ])
1666    , -496.1      , array([ 0.3008     ,  0.156341   ,  0.421898   ])
1667    , -519.439    , array([ 0.27927    ,  0.190182   ,  0.389331   ])
1668    , -492.57     , array([ 0.317122   ,  0.152061   ,  0.404945   ])
likelihood = -492.57
theta = 567.37
Optimized parameters = [0.31712225 0.15206097 0.40494492]

Round_4_Replicate_4
1669    , -831.571    , array([ 0.173619   ,  0.273232   ,  0.441646   ])
1670    , -892.626    , array([ 0.159065   ,  0.273232   ,  0.441646   ])
1671    , -801.882    , array([ 0.173619   ,  0.256069   ,  0.441646   ])
1672    , -824.066    , array([ 0.173619   ,  0.273232   ,  0.423963   ])
1673    , -753.3      , array([ 0.189503   ,  0.261667   ,  0.429777   ])
1674    , -698.404    , array([ 0.206841   ,  0.256069   ,  0.423963   ])
1675    , -714.549    , array([ 0.195115   ,  0.250592   ,  0.418228   ])
1676    , -658.233    , array([ 0.210904   ,  0.23655    ,  0.431733   ])
1677    , -597.223    , array([ 0.23245    ,  0.2201     ,  0.435671   ])
1678    , -582.946    , array([ 0.256197   ,  0.228177   ,  0.410701   ])
1679    , -554.751    , array([ 0.311218   ,  0.215392   ,  0.396051   ])
1680    , -536.602    , array([ 0.311218   ,  0.210784   ,  0.418228   ])
1681    , -538.407    , array([ 0.393053   ,  0.193318   ,  0.418228   ])
1682    , -527.925    , array([ 0.38548    ,  0.181176   ,  0.40884    ])
1683    , -608.263    , array([ 0.526242   ,  0.152395   ,  0.401482   ])
1684    , -618.731    , array([ 0.48057    ,  0.185136   ,  0.381346   ])
1685    , -542.189    , array([ 0.278732   ,  0.210784   ,  0.421404   ])
1686    , -507.605    , array([ 0.333507   ,  0.186475   ,  0.437213   ])
1687    , -504.008    , array([ 0.345243   ,  0.173507   ,  0.459371   ])
1688    , -532.784    , array([ 0.429478   ,  0.167365   ,  0.435232   ])
1689    , -564.661    , array([ 0.476776   ,  0.143511   ,  0.450346   ])
1690    , -515.653    , array([ 0.34624    ,  0.191469   ,  0.426036   ])
1691    , -519.769    , array([ 0.299269   ,  0.197702   ,  0.426633   ])
1692    , -530.288    , array([ 0.281648   ,  0.193577   ,  0.467257   ])
1693    , -513.019    , array([ 0.356392   ,  0.184199   ,  0.422721   ])
1694    , -520.347    , array([ 0.407591   ,  0.169222   ,  0.445029   ])
1695    , -510.417    , array([ 0.323298   ,  0.190162   ,  0.431159   ])
1696    , -502.244    , array([ 0.336559   ,  0.173935   ,  0.449219   ])
1697    , -504.483    , array([ 0.33182    ,  0.165779   ,  0.461279   ])
likelihood = -502.24
theta = 540.49
Optimized parameters = [0.33655863 0.17393478 0.44921857]

Round_4_Replicate_5
1698    , -837.352    , array([ 0.286078   ,  0.0731472  ,  0.538636   ])
1699    , -853.782    , array([ 0.268726   ,  0.0731472  ,  0.538636   ])
1700    , -897.343    , array([ 0.286078   ,  0.0641812  ,  0.538636   ])
1701    , -820.414    , array([ 0.286078   ,  0.0731472  ,  0.522228   ])
1702    , -779.24     , array([ 0.27439    ,  0.0833658  ,  0.527641   ])
1703    , -725.936    , array([ 0.268726   ,  0.0950119  ,  0.522228   ])
1704    , -734.891    , array([ 0.292108   ,  0.0870799  ,  0.516871   ])
1705    , -684.063    , array([ 0.278232   ,  0.0978133  ,  0.502851   ])
1706    , -617.733    , array([ 0.27439    ,  0.113109   ,  0.48586    ])
1707    , -588.947    , array([ 0.270601   ,  0.130797   ,  0.494283   ])
1708    , -547.71     , array([ 0.263179   ,  0.174903   ,  0.480876   ])
1709    , -563.432    , array([ 0.247215   ,  0.174903   ,  0.475943   ])
1710    , -602.202    , array([ 0.254187   ,  0.240779   ,  0.442798   ])
1711    , -792.361    , array([ 0.236565   ,  0.334692   ,  0.447388   ])
1712    , -553.55     , array([ 0.264401   ,  0.148349   ,  0.475943   ])
1713    , -660.407    , array([ 0.262164   ,  0.113842   ,  0.515097   ])
1714    , -553.776    , array([ 0.256158   ,  0.199659   ,  0.459861   ])
1715    , -527.822    , array([ 0.27602    ,  0.171179   ,  0.468369   ])
1716    , -515.973    , array([ 0.291657   ,  0.169346   ,  0.464628   ])
1717    , -561.124    , array([ 0.290458   ,  0.134364   ,  0.488092   ])
1718    , -538.339    , array([ 0.264333   ,  0.180837   ,  0.466762   ])
1719    , -539.515    , array([ 0.281354   ,  0.206359   ,  0.465516   ])
1720    , -519.92     , array([ 0.29553    ,  0.195431   ,  0.450876   ])
1721    , -515.951    , array([ 0.285648   ,  0.15974    ,  0.455936   ])
1722    , -524.602    , array([ 0.287819   ,  0.140543   ,  0.45122    ])
1723    , -501.388    , array([ 0.320173   ,  0.167817   ,  0.44766    ])
1724    , -502.087    , array([ 0.352371   ,  0.161662   ,  0.438404   ])
likelihood = -501.39
theta = 553.21
Optimized parameters = [0.32017266 0.16781663 0.44766021]

Round_1_Replicate_1
2610    , -1098.11    , array([ 1.19886    ,  2.1172     ,  5.94482    ])
2611    , -1093.43    , array([ 1.20978    ,  2.1172     ,  5.94482    ])
2612    , -1113.66    , array([ 1.19886    ,  2.19811    ,  5.94482    ])
2613    , -1113.2     , array([ 1.19886    ,  2.1172     ,  6.49898    ])
2614    , -1090.66    , array([ 1.20613    ,  2.03926    ,  6.30875    ])
2615    , -1082.81    , array([ 1.20978    ,  1.9642     ,  6.49898    ])
2616    , -1068.07    , array([ 1.21344    ,  2.01393    ,  5.7708     ])
2617    , -1047.98    , array([ 1.2208     ,  1.9642     ,  5.4379     ])
likelihood = -1047.98
theta = 104.52
Optimized parameters = [1.22080026 1.96419937 5.4379036 ]

Round_1_Replicate_2
2618    , -1477.23    , array([ 1.97369    ,  2.47693    ,  2.54758    ])
2619    , -1493.59    , array([ 2.04194    ,  2.47693    ,  2.54758    ])
2620    , -1519.79    , array([ 1.97369    ,  2.59185    ,  2.54758    ])
2621    , -1427.87    , array([ 1.97369    ,  2.47693    ,  2.66953    ])
2622    , -1412.55    , array([ 2.01893    ,  2.36711    ,  2.62824    ])
2623    , -1360.72    , array([ 2.04194    ,  2.26216    ,  2.66953    ])
2624    , -1354       , array([ 1.95145    ,  2.3316     ,  2.71146    ])
2625    , -1291.51    , array([ 1.90772    ,  2.26216    ,  2.79731    ])
likelihood = -1291.51
theta = 111.26
Optimized parameters = [1.90771793 2.26215822 2.79731069]

Round_1_Replicate_3
2626    , -14146.8    , array([ 5.87807    ,  4.81322    ,  0.204598   ])
2627    , -14362.6    , array([ 6.42238    ,  4.81322    ,  0.204598   ])
2628    , -14355.9    , array([ 5.87807    ,  5.20664    ,  0.204598   ])
2629    , -14521.8    , array([ 5.87807    ,  4.81322    ,  0.188993   ])
2630    , -14053.1    , array([ 6.23556    ,  5.07205    ,  0.221491   ])
2631    , -13826.6    , array([ 6.42238    ,  5.20664    ,  0.239779   ])
2632    , -13842.1    , array([ 5.70708    ,  5.3448     ,  0.227426   ])
likelihood = -13826.65
theta = 175.43
Optimized parameters = [6.4223827  5.20664053 0.23977875]

Round_1_Replicate_4
2633    , -2571.01    , array([ 0.404367   ,  6.18001    ,  3.33292    ])
2634    , -2606.88    , array([ 0.386469   ,  6.18001    ,  3.33292    ])
2635    , -2643.43    , array([ 0.404367   ,  6.76922    ,  3.33292    ])
2636    , -2575.36    , array([ 0.404367   ,  6.18001    ,  3.5397     ])
2637    , -2524.47    , array([ 0.392345   ,  5.64209    ,  3.46938    ])
2638    , -2463.85    , array([ 0.386469   ,  5.15099    ,  3.5397     ])
2639    , -2466.07    , array([ 0.410516   ,  5.47339    ,  3.61144    ])
likelihood = -2463.85
theta = 82.36
Optimized parameters = [0.38646903 5.15098704 3.53969704]

Round_1_Replicate_5
2640    , -985.969    , array([ 1.13616    ,  0.390806   ,  4.24261    ])
2641    , -984.176    , array([ 1.14343    ,  0.390806   ,  4.24261    ])
2642    , -1002.16    , array([ 1.13616    ,  0.372871   ,  4.24261    ])
2643    , -1028.33    , array([ 1.13616    ,  0.390806   ,  4.56053    ])
2644    , -955.367    , array([ 1.141      ,  0.378756   ,  3.94686    ])
2645    , -922.744    , array([ 1.14343    ,  0.372871   ,  3.67172    ])
2646    , -926.733    , array([ 1.14587    ,  0.396973   ,  3.85293    ])
likelihood = -922.74
theta = 197.58
Optimized parameters = [1.14343368 0.3728711  3.67172415]

Round_1_Replicate_6
2647    , -1047.13    , array([ 1.30958    ,  0.139784   ,  1.694      ])
2648    , -1051.03    , array([ 1.32736    ,  0.139784   ,  1.694      ])
2649    , -1096.18    , array([ 1.30958    ,  0.126686   ,  1.694      ])
2650    , -1053.61    , array([ 1.30958    ,  0.139784   ,  1.73924    ])
2651    , -1007.88    , array([ 1.32141    ,  0.154235   ,  1.72403    ])
2652    , -967.609    , array([ 1.32736    ,  0.170181   ,  1.73924    ])
2653    , -990.17     , array([ 1.33334    ,  0.159377   ,  1.67918    ])
likelihood = -967.61
theta = 275.43
Optimized parameters = [1.32736222 0.17018081 1.73923781]

Round_1_Replicate_7
2654    , -15345.6    , array([ 7.59621    ,  5.86179    ,  0.20341    ])
2655    , -15573.9    , array([ 8.40673    ,  5.86179    ,  0.20341    ])
2656    , -15566      , array([ 7.59621    ,  6.40372    ,  0.20341    ])
2657    , -15688.5    , array([ 7.59621    ,  5.86179    ,  0.187841   ])
2658    , -15296.5    , array([ 8.12738    ,  6.21773    ,  0.220269   ])
2659    , -15098.5    , array([ 8.40673    ,  6.40372    ,  0.238526   ])
2660    , -15087.4    , array([ 7.34379    ,  6.59527    ,  0.226194   ])
2661    , -14809      , array([ 6.86384    ,  6.99574    ,  0.238526   ])
likelihood = -14808.95
theta = 167.79
Optimized parameters = [6.86384119 6.99573865 0.23852582]

Round_1_Replicate_8
2662    , -2848.29    , array([ 0.182886   ,  2.90422    ,  0.347514   ])
2663    , -2850.06    , array([ 0.167993   ,  2.90422    ,  0.347514   ])
2664    , -2885.88    , array([ 0.182886   ,  3.06324    ,  0.347514   ])
2665    , -2890.17    , array([ 0.182886   ,  2.90422    ,  0.329625   ])
2666    , -2838.62    , array([ 0.172817   ,  3.00929    ,  0.366373   ])
2667    , -2824.53    , array([ 0.167993   ,  3.06324    ,  0.386256   ])
2668    , -2799.53    , array([ 0.163303   ,  2.85307    ,  0.372884   ])
2669    , -2771.48    , array([ 0.154312   ,  2.75346    ,  0.386256   ])
likelihood = -2771.48
theta = 211.17
Optimized parameters = [0.15431186 2.75345753 0.38625554]

Round_1_Replicate_9
2670    , -1788.73    , array([ 0.189844   ,  1.12097    ,  1.30068    ])
2671    , -1854.21    , array([ 0.174709   ,  1.12097    ,  1.30068    ])
2672    , -1792.8     , array([ 0.189844   ,  1.12739    ,  1.30068    ])
2673    , -1789.55    , array([ 0.189844   ,  1.12097    ,  1.31789    ])
2674    , -1727.47    , array([ 0.206289   ,  1.12525    ,  1.31213    ])
2675    , -1665.59    , array([ 0.224159   ,  1.12739    ,  1.31789    ])
2676    , -1702.68    , array([ 0.212082   ,  1.11884    ,  1.32368    ])
likelihood = -1665.59
theta = 246.77
Optimized parameters = [0.22415906 1.12739264 1.31788921]

Round_1_Replicate_10
2677    , -2505.55    , array([ 2.74898    ,  7.71134    ,  3.16395    ])
2678    , -2557.09    , array([ 2.89155    ,  7.71134    ,  3.16395    ])
2679    , -2597.06    , array([ 2.74898    ,  8.54056    ,  3.16395    ])
2680    , -2416.33    , array([ 2.74898    ,  7.71134    ,  3.35151    ])
2681    , -2383.8     , array([ 2.84323    ,  6.96263    ,  3.28779    ])
2682    , -2273.68    , array([ 2.89155    ,  6.28662    ,  3.35151    ])
2683    , -2250.97    , array([ 2.70304    ,  6.72958    ,  3.41647    ])
2684    , -2111.3     , array([ 2.61345    ,  6.28662    ,  3.55019    ])
likelihood = -2111.3
theta = 62.8
Optimized parameters = [2.61344719 6.28661573 3.55019431]

Round_2_Replicate_1
2685    , -1106.58    , array([ 0.646134   ,  0.442599   ,  3.73522    ])
2686    , -1118.24    , array([ 0.632177   ,  0.442599   ,  3.73522    ])
2687    , -1115.49    , array([ 0.646134   ,  0.424924   ,  3.73522    ])
2688    , -1150.37    , array([ 0.646134   ,  0.442599   ,  3.98963    ])
2689    , -1077.47    , array([ 0.636795   ,  0.430736   ,  3.49704    ])
2690    , -1043.04    , array([ 0.632177   ,  0.424924   ,  3.27405    ])
2691    , -1058.16    , array([ 0.650854   ,  0.41919    ,  3.42107    ])
2692    , -1024.92    , array([ 0.639893   ,  0.432691   ,  3.22646    ])
2693    , -984.129    , array([ 0.636795   ,  0.436627   ,  2.99868    ])
2694    , -955.76     , array([ 0.633712   ,  0.411666   ,  2.78699    ])
2695    , -890.59     , array([ 0.627592   ,  0.39702    ,  2.40738    ])
likelihood = -890.59
theta = 269.77
Optimized parameters = [0.62759171 0.39701968 2.40737851]

Round_2_Replicate_2
2696    , -899.348    , array([ 1.78893    ,  0.270454   ,  1.85977    ])
2697    , -910.301    , array([ 1.84172    ,  0.270454   ,  1.85977    ])
2698    , -921.079    , array([ 1.78893    ,  0.253337   ,  1.85977    ])
2699    , -901.74     , array([ 1.78893    ,  0.270454   ,  1.91837    ])
2700    , -887.519    , array([ 1.82396    ,  0.288728   ,  1.89863    ])
2701    , -872.571    , array([ 1.84172    ,  0.308237   ,  1.91837    ])
2702    , -871.806    , array([ 1.77168    ,  0.29509    ,  1.93831    ])
2703    , -853.888    , array([ 1.73766    ,  0.308237   ,  1.97881    ])
2704    , -850.257    , array([ 1.78893    ,  0.32197    ,  1.91837    ])
2705    , -829.15     , array([ 1.78893    ,  0.351298   ,  1.91837    ])
2706    , -811.718    , array([ 1.78893    ,  0.383297   ,  2.02016    ])
2707    , -783.823    , array([ 1.78893    ,  0.456306   ,  2.10548    ])
likelihood = -783.82
theta = 203.01
Optimized parameters = [1.7889341  0.45630635 2.10547619]

Round_2_Replicate_3
2708    , -2138.23    , array([ 0.477067   ,  0.224313   ,  8.98416    ])
2709    , -2161.68    , array([ 0.459735   ,  0.224313   ,  8.98416    ])
2710    , -2162.56    , array([ 0.477067   ,  0.20816    ,  8.98416    ])
2711    , -2233.87    , array([ 0.477067   ,  0.224313   ,  10.0265    ])
2712    , -2106.33    , array([ 0.465441   ,  0.213411   ,  8.05014    ])
2713    , -2022.95    , array([ 0.459735   ,  0.20816    ,  7.21323    ])
2714    , -2064.06    , array([ 0.454099   ,  0.229971   ,  7.76091    ])
2715    , -1973.98    , array([ 0.467359   ,  0.216985   ,  7.0394     ])
2716    , -1861.51    , array([ 0.471218   ,  0.213411   ,  6.2311     ])
2717    , -1792.62    , array([ 0.446692   ,  0.209896   ,  5.51561    ])
2718    , -1627.53    , array([ 0.432238   ,  0.203038   ,  4.32167    ])
likelihood = -1627.53
theta = 238.2
Optimized parameters = [0.43223791 0.20303822 4.32167106]

Round_2_Replicate_4
2719    , -1105.98    , array([ 3.63698    ,  0.653432   ,  11.4782    ])
2720    , -1104.29    , array([ 3.87952    ,  0.653432   ,  11.4782    ])
2721    , -1113.92    , array([ 3.63698    ,  0.639676   ,  11.4782    ])
2722    , -1115.41    , array([ 3.63698    ,  0.653432   ,  12.9678    ])
2723    , -1066.32    , array([ 3.79693    ,  0.644229   ,  10.1597    ])
2724    , -1032.64    , array([ 3.87952    ,  0.639676   ,  8.99262    ])
2725    , -1047.95    , array([ 3.96391    ,  0.658082   ,  9.75473    ])
2726    , -1032.49    , array([ 4.19803    ,  0.647282   ,  8.75205    ])
2727    , -1025.36    , array([ 4.51022    ,  0.644229   ,  7.64237    ])
2728    , -1002.07    , array([ 4.35133    ,  0.64119    ,  6.67338    ])
2729    , -1035.76    , array([ 4.60833    ,  0.635156   ,  5.08841    ])
likelihood = -1002.07
theta = 91.28
Optimized parameters = [4.35132931 0.64119028 6.67338189]

Round_2_Replicate_5
2730    , -1921.46    , array([ 0.375256   ,  0.179576   ,  5.25474    ])
2731    , -1953.52    , array([ 0.357309   ,  0.179576   ,  5.25474    ])
2732    , -1957.19    , array([ 0.375256   ,  0.164802   ,  5.25474    ])
2733    , -1997.92    , array([ 0.375256   ,  0.179576   ,  5.70925    ])
2734    , -1889.95    , array([ 0.363194   ,  0.169586   ,  4.83642    ])
2735    , -1839.65    , array([ 0.357309   ,  0.164802   ,  4.4514     ])
2736    , -1853.35    , array([ 0.351519   ,  0.18479    ,  4.70451    ])
2737    , -1791.38    , array([ 0.365177   ,  0.172853   ,  4.37009    ])
2738    , -1713.7     , array([ 0.369175   ,  0.169586   ,  3.98529    ])
2739    , -1698.07    , array([ 0.343945   ,  0.166381   ,  3.63437    ])
2740    , -1595.13    , array([ 0.329284   ,  0.160152   ,  3.02251    ])
likelihood = -1595.13
theta = 313.4
Optimized parameters = [0.32928416 0.16015187 3.02250896]

Round_2_Replicate_6
2741    , -819.914    , array([ 2.3329     ,  1.44271    ,  7.64037    ])
2742    , -811.654    , array([ 2.43384    ,  1.44271    ,  7.64037    ])
2743    , -820.121    , array([ 2.3329     ,  1.46939    ,  7.64037    ])
2744    , -846.386    , array([ 2.3329     ,  1.44271    ,  8.45805    ])
2745    , -798.028    , array([ 2.39972    ,  1.46044    ,  6.90174    ])
2746    , -789.428    , array([ 2.43384    ,  1.46939    ,  6.23452    ])
2747    , -790.199    , array([ 2.46845    ,  1.43392    ,  6.67176    ])
2748    , -785.645    , array([ 2.56315    ,  1.4545     ,  6.09524    ])
2749    , -795.648    , array([ 2.68666    ,  1.46044    ,  5.44413    ])
2750    , -797.646    , array([ 2.54313    ,  1.46242    ,  5.24294    ])
2751    , -788.017    , array([ 2.51535    ,  1.45747    ,  5.76049    ])
likelihood = -785.65
theta = 95.08
Optimized parameters = [2.56315242 1.4545039  6.09523752]

Round_2_Replicate_7
2752    , -2283.03    , array([ 0.596848   ,  0.133802   ,  9.81265    ])
2753    , -2298.66    , array([ 0.581643   ,  0.133802   ,  9.81265    ])
2754    , -2320.08    , array([ 0.596848   ,  0.121      ,  9.81265    ])
2755    , -2389.67    , array([ 0.596848   ,  0.133802   ,  10.9996    ])
2756    , -2218.72    , array([ 0.586668   ,  0.125126   ,  8.75381    ])
2757    , -2139.82    , array([ 0.581643   ,  0.121      ,  7.80922    ])
2758    , -2160.19    , array([ 0.576662   ,  0.138364   ,  8.42689    ])
2759    , -2092.4     , array([ 0.588352   ,  0.127953   ,  7.61356    ])
2760    , -1996.11    , array([ 0.591736   ,  0.125126   ,  6.70639    ])
2761    , -1927       , array([ 0.570086   ,  0.12236    ,  5.90731    ])
2762    , -1750.84    , array([ 0.557158   ,  0.117011   ,  4.58343    ])
likelihood = -1750.84
theta = 228.71
Optimized parameters = [0.55715833 0.11701137 4.58343438]

Round_2_Replicate_8
2763    , -951.678    , array([ 3.25674    ,  1.24927    ,  12.705     ])
2764    , -938.67     , array([ 3.45479    ,  1.24927    ,  12.705     ])
2765    , -948.704    , array([ 3.25674    ,  1.26325    ,  12.705     ])
2766    , -1019.51    , array([ 3.25674    ,  1.24927    ,  14.427     ])
2767    , -885.271    , array([ 3.38747    ,  1.25858    ,  11.1886    ])
2768    , -840.907    , array([ 3.45479    ,  1.26325    ,  9.85322    ])
2769    , -863.582    , array([ 3.52345    ,  1.26795    ,  10.7245    ])
2770    , -832.94     , array([ 3.71329    ,  1.25702    ,  9.57882    ])
2771    , -819.541    , array([ 3.96503    ,  1.25392    ,  8.31725    ])
2772    , -811.779    , array([ 3.83709    ,  1.27424    ,  7.22184    ])
2773    , -870.977    , array([ 4.04383    ,  1.2869     ,  5.44483    ])
likelihood = -811.78
theta = 81.88
Optimized parameters = [3.83709243 1.27423523 7.22184132]

Round_2_Replicate_9
2774    , -1356.78    , array([ 1.91774    ,  0.105836   ,  2.80636    ])
2775    , -1367.6     , array([ 1.9812     ,  0.105836   ,  2.80636    ])
2776    , -1411.39    , array([ 1.91774    ,  0.0945946  ,  2.80636    ])
2777    , -1366.34    , array([ 1.91774    ,  0.105836   ,  2.95495    ])
2778    , -1316       , array([ 1.95982    ,  0.118414   ,  2.90457    ])
2779    , -1270.06    , array([ 1.9812     ,  0.132486   ,  2.95495    ])
2780    , -1294.87    , array([ 1.89704    ,  0.12293    ,  3.00621    ])
2781    , -1249.53    , array([ 1.94569    ,  0.135834   ,  2.88796    ])
2782    , -1205.07    , array([ 1.95982    ,  0.153885   ,  2.85504    ])
2783    , -1205.53    , array([ 1.97405    ,  0.174334   ,  3.07594    ])
likelihood = -1205.07
theta = 200.96
Optimized parameters = [1.95981744 0.15388472 2.85504129]

Round_2_Replicate_10
2784    , -1607.97    , array([ 2.52706    ,  0.220507   ,  12.1154    ])
2785    , -1597.75    , array([ 2.64696    ,  0.220507   ,  12.1154    ])
2786    , -1635.51    , array([ 2.52706    ,  0.204453   ,  12.1154    ])
2787    , -1680.15    , array([ 2.52706    ,  0.220507   ,  13.7248    ])
2788    , -1554.19    , array([ 2.60637    ,  0.20967    ,  10.6948    ])
2789    , -1492.82    , array([ 2.64696    ,  0.204453   ,  9.44071    ])
2790    , -1489.31    , array([ 2.68817    ,  0.226134   ,  10.2593    ])
2791    , -1417.09    , array([ 2.77254    ,  0.237822   ,  9.44071    ])
2792    , -1410.91    , array([ 2.85955    ,  0.220507   ,  8.68747    ])
2793    , -1348.79    , array([ 3.04186    ,  0.220507   ,  7.35649    ])
2794    , -1295.81    , array([ 2.99522    ,  0.220507   ,  6.22943    ])
2795    , -1272.07    , array([ 3.18618    ,  0.220507   ,  4.46687    ])
likelihood = -1272.07
theta = 135.06
Optimized parameters = [3.18617726 0.22050694 4.46686726]

Round_3_Replicate_1
2796    , -1445.28    , array([ 5.02014    ,  0.132497   ,  0.617723   ])
2797    , -1466.95    , array([ 5.44192    ,  0.132497   ,  0.617723   ])
2798    , -1477.6     , array([ 5.02014    ,  0.119761   ,  0.617723   ])
2799    , -1442.91    , array([ 5.02014    ,  0.132497   ,  0.603022   ])
2800    , -1433.32    , array([ 5.29753    ,  0.146587   ,  0.607883   ])
2801    , -1423.54    , array([ 5.44192    ,  0.162175   ,  0.603022   ])
2802    , -1404.47    , array([ 4.88694    ,  0.151609   ,  0.5982     ])
2803    , -1380.11    , array([ 4.63106    ,  0.162175   ,  0.588671   ])
2804    , -1399.36    , array([ 5.02014    ,  0.173478   ,  0.579294   ])
2805    , -1411.16    , array([ 5.02014    ,  0.207621   ,  0.577746   ])
2806    , -1374.51    , array([ 4.38857    ,  0.199993   ,  0.561487   ])
2807    , -1377.26    , array([ 3.94102    ,  0.222091   ,  0.541805   ])
2808    , -1371.18    , array([ 4.34941    ,  0.152368   ,  0.575004   ])
2809    , -1382.28    , array([ 4.04844    ,  0.130528   ,  0.573638   ])
2810    , -1333.16    , array([ 3.95281    ,  0.167244   ,  0.570632   ])
2811    , -1297.49    , array([ 3.50753    ,  0.164212   ,  0.56635    ])
2812    , -1306.49    , array([ 3.56032    ,  0.180394   ,  0.547256   ])
2813    , -1303.74    , array([ 3.26807    ,  0.136562   ,  0.564015   ])
likelihood = -1297.49
theta = 286.09
Optimized parameters = [3.50752971 0.16421153 0.56634966]

Round_3_Replicate_2
2814    , -848.143    , array([ 0.626802   ,  0.144479   ,  1.24653    ])
2815    , -850.135    , array([ 0.612332   ,  0.144479   ,  1.24653    ])
2816    , -886.491    , array([ 0.626802   ,  0.131158   ,  1.24653    ])
2817    , -852.874    , array([ 0.626802   ,  0.144479   ,  1.26034    ])
2818    , -816.917    , array([ 0.617118   ,  0.159153   ,  1.25572    ])
2819    , -786.302    , array([ 0.612332   ,  0.175317   ,  1.26034    ])
2820    , -802.552    , array([ 0.607583   ,  0.164368   ,  1.24196    ])
2821    , -775.627    , array([ 0.618722   ,  0.179127   ,  1.25265    ])
2822    , -743.402    , array([ 0.621941   ,  0.199452   ,  1.25572    ])
2823    , -720.259    , array([ 0.601309   ,  0.222083   ,  1.2588     ])
2824    , -682.861    , array([ 0.588954   ,  0.275341   ,  1.26498    ])
2825    , -681.324    , array([ 0.607583   ,  0.275341   ,  1.27899    ])
2826    , -663.779    , array([ 0.607583   ,  0.356366   ,  1.29792    ])
2827    , -670.116    , array([ 0.59975    ,  0.414233   ,  1.28527    ])
2828    , -763.807    , array([ 0.576354   ,  0.592702   ,  1.31016    ])
2829    , -686.116    , array([ 0.610217   ,  0.261871   ,  1.26911    ])
2830    , -687.462    , array([ 0.587427   ,  0.451426   ,  1.29633    ])
2831    , -669.975    , array([ 0.604438   ,  0.300063   ,  1.27586    ])
2832    , -678.608    , array([ 0.619257   ,  0.454672   ,  1.30802    ])
2833    , -665.533    , array([ 0.611538   ,  0.40109    ,  1.29712    ])
likelihood = -663.78
theta = 337.16
Optimized parameters = [0.60758336 0.35636595 1.29791854]

Round_3_Replicate_3
2834    , -1406.3     , array([ 4.70401    ,  0.240934   ,  5.67497    ])
2835    , -1446.6     , array([ 5.08267    ,  0.240934   ,  5.67497    ])
2836    , -1439.61    , array([ 4.70401    ,  0.224385   ,  5.67497    ])
2837    , -1408.16    , array([ 4.70401    ,  0.240934   ,  6.18958    ])
2838    , -1393.74    , array([ 4.35356    ,  0.229771   ,  6.01306    ])
2839    , -1374.96    , array([ 4.02923    ,  0.224385   ,  6.18958    ])
2840    , -1353.73    , array([ 4.24265    ,  0.246718   ,  6.37129    ])
2841    , -1318.84    , array([ 4.02923    ,  0.258704   ,  6.75087    ])
2842    , -1322.58    , array([ 3.82654    ,  0.240934   ,  6.18958    ])
2843    , -1311.89    , array([ 3.3345     ,  0.240934   ,  7.15306    ])
2844    , -1334.32    , array([ 2.80745    ,  0.240934   ,  8.03075    ])
2845    , -1265.49    , array([ 3.4315     ,  0.271273   ,  7.22238    ])
2846    , -1232.06    , array([ 3.16676    ,  0.298273   ,  7.80171    ])
2847    , -1269.73    , array([ 3.18497    ,  0.291281   ,  8.42751    ])
2848    , -1296.74    , array([ 2.58591    ,  0.293593   ,  8.95834    ])
2849    , -1252.18    , array([ 2.6375     ,  0.359652   ,  9.8232     ])
2850    , -1207.68    , array([ 3.44611    ,  0.337904   ,  8.34066    ])
2851    , -1193.41    , array([ 3.9782     ,  0.362507   ,  8.04798    ])
likelihood = -1193.41
theta = 90.23
Optimized parameters = [3.97820223 0.36250716 8.04797851]

Round_3_Replicate_4
2852    , -1139.1     , array([ 1.27529    ,  0.529574   ,  6.81867    ])
2853    , -1134.3     , array([ 1.29089    ,  0.529574   ,  6.81867    ])
2854    , -1148.63    , array([ 1.27529    ,  0.513006   ,  6.81867    ])
2855    , -1201.21    , array([ 1.27529    ,  0.529574   ,  7.50558    ])
2856    , -1081.69    , array([ 1.28566    ,  0.51847    ,  6.19462    ])
2857    , -1024.06    , array([ 1.29089    ,  0.513006   ,  5.62768    ])
2858    , -1048.88    , array([ 1.29613    ,  0.535214   ,  5.99956    ])
2859    , -1000.89    , array([ 1.31021    ,  0.522145   ,  5.50892    ])
2860    , -939.27     , array([ 1.32803    ,  0.51847    ,  4.95165    ])
2861    , -890.421    , array([ 1.31909    ,  0.514821   ,  4.45075    ])
2862    , -808.48     , array([ 1.33343    ,  0.5076     ,  3.59583    ])
2863    , -814.534    , array([ 1.33884    ,  0.49172    ,  3.59583    ])
2864    , -749.486    , array([ 1.37737    ,  0.498715   ,  2.84383    ])
2865    , -720.883    , array([ 1.42276    ,  0.49172    ,  2.02157    ])
2866    , -722.182    , array([ 1.40177    ,  0.476337   ,  1.77873    ])
2867    , -748.715    , array([ 1.43369    ,  0.49172    ,  1.53203    ])
2868    , -1008.46    , array([ 1.5108     ,  0.46635    ,  0.86745    ])
2869    , -730.463    , array([ 1.37571    ,  0.496957   ,  2.52006    ])
likelihood = -720.88
theta = 217.32
Optimized parameters = [1.42275732 0.49171998 2.02157475]

Round_3_Replicate_5
2870    , -758.688    , array([ 0.465629   ,  0.474461   ,  0.734672   ])
2871    , -761.263    , array([ 0.448169   ,  0.474461   ,  0.734672   ])
2872    , -737.532    , array([ 0.465629   ,  0.457099   ,  0.734672   ])
2873    , -763.596    , array([ 0.465629   ,  0.474461   ,  0.723433   ])
2874    , -742.115    , array([ 0.453915   ,  0.462815   ,  0.746086   ])
2875    , -731.413    , array([ 0.475621   ,  0.45521    ,  0.742262   ])
2876    , -718.049    , array([ 0.489971   ,  0.445879   ,  0.746086   ])
2877    , -707.41     , array([ 0.473605   ,  0.43674    ,  0.74993    ])
2878    , -684.945    , array([ 0.477645   ,  0.419019   ,  0.757677   ])
2879    , -686.864    , array([ 0.502615   ,  0.419019   ,  0.746086   ])
2880    , -660.969    , array([ 0.515586   ,  0.400356   ,  0.765504   ])
2881    , -633.151    , array([ 0.54254    ,  0.374683   ,  0.781402   ])
2882    , -625.169    , array([ 0.524418   ,  0.365486   ,  0.777397   ])
2883    , -597.25     , array([ 0.54254    ,  0.330901   ,  0.793542   ])
2884    , -597.493    , array([ 0.537952   ,  0.332274   ,  0.810023   ])
2885    , -583.289    , array([ 0.612773   ,  0.284668   ,  0.833957   ])
2886    , -609.05     , array([ 0.694059   ,  0.234634   ,  0.874931   ])
2887    , -580.349    , array([ 0.585084   ,  0.265068   ,  0.844499   ])
2888    , -603.695    , array([ 0.60759    ,  0.222948   ,  0.877934   ])
likelihood = -580.35
theta = 397.31
Optimized parameters = [0.58508351 0.26506799 0.84449945]

Round_4_Replicate_1
2889    , -774.348    , array([ 0.431184   ,  0.502307   ,  0.831075   ])
2890    , -784.388    , array([ 0.413424   ,  0.502307   ,  0.831075   ])
2891    , -756.535    , array([ 0.431184   ,  0.485309   ,  0.831075   ])
2892    , -775.545    , array([ 0.431184   ,  0.502307   ,  0.823421   ])
2893    , -754.86     , array([ 0.449707   ,  0.49091    ,  0.825965   ])
2894    , -742.953    , array([ 0.469025   ,  0.485309   ,  0.823421   ])
2895    , -739.516    , array([ 0.456056   ,  0.479771   ,  0.833642   ])
2896    , -723.137    , array([ 0.469025   ,  0.468885   ,  0.838799   ])
2897    , -709.923    , array([ 0.482363   ,  0.458246   ,  0.831075   ])
2898    , -684.38     , array([ 0.510188   ,  0.437687   ,  0.831075   ])
2899    , -687.032    , array([ 0.539617   ,  0.442739   ,  0.831075   ])
2900    , -659.34     , array([ 0.544685   ,  0.416454   ,  0.843989   ])
2901    , -632.393    , array([ 0.586975   ,  0.385781   ,  0.854465   ])
2902    , -634.635    , array([ 0.632549   ,  0.378473   ,  0.838799   ])
2903    , -616.803    , array([ 0.611238   ,  0.361032   ,  0.851834   ])
2904    , -601.527    , array([ 0.650537   ,  0.326021   ,  0.862407   ])
2905    , -616.542    , array([ 0.760199   ,  0.300089   ,  0.873111   ])
2906    , -599.633    , array([ 0.693083   ,  0.297296   ,  0.888503   ])
2907    , -608.537    , array([ 0.725489   ,  0.263492   ,  0.914449   ])
2908    , -641.997    , array([ 0.834391   ,  0.24516    ,  0.895226   ])
2909    , -609.038    , array([ 0.640925   ,  0.344444   ,  0.864478   ])
2910    , -604.168    , array([ 0.574975   ,  0.345503   ,  0.870323   ])
2911    , -591.193    , array([ 0.634352   ,  0.301629   ,  0.882973   ])
2912    , -589.459    , array([ 0.631091   ,  0.28226    ,  0.892368   ])
2913    , -613.624    , array([ 0.752402   ,  0.262788   ,  0.891791   ])
2914    , -595.325    , array([ 0.614964   ,  0.322656   ,  0.875641   ])
2915    , -592.465    , array([ 0.640539   ,  0.276572   ,  0.909161   ])
likelihood = -589.46
theta = 379.64
Optimized parameters = [0.63109077 0.28226019 0.89236794]

Round_4_Replicate_2
2916    , -730.405    , array([ 0.343945   ,  0.381871   ,  0.820137   ])
2917    , -754.222    , array([ 0.326072   ,  0.381871   ,  0.820137   ])
2918    , -716.052    , array([ 0.343945   ,  0.363925   ,  0.820137   ])
2919    , -728.376    , array([ 0.343945   ,  0.381871   ,  0.812047   ])
2920    , -698.064    , array([ 0.362798   ,  0.369811   ,  0.814735   ])
2921    , -674.455    , array([ 0.382684   ,  0.363925   ,  0.812047   ])
2922    , -681.292    , array([ 0.369309   ,  0.358133   ,  0.809367   ])
2923    , -656.439    , array([ 0.387249   ,  0.343133   ,  0.815633   ])
2924    , -629.108    , array([ 0.410904   ,  0.325264   ,  0.817432   ])
2925    , -618.853    , array([ 0.436005   ,  0.334079   ,  0.805809   ])
2926    , -593.802    , array([ 0.490899   ,  0.320087   ,  0.798739   ])
2927    , -592.039    , array([ 0.490899   ,  0.314992   ,  0.809367   ])
2928    , -580.391    , array([ 0.565971   ,  0.295412   ,  0.809367   ])
2929    , -580.347    , array([ 0.614957   ,  0.269738   ,  0.804922   ])
2930    , -629.491    , array([ 0.779556   ,  0.232224   ,  0.801383   ])
2931    , -615.742    , array([ 0.749342   ,  0.266393   ,  0.79144    ])
2932    , -587.969    , array([ 0.64483    ,  0.280028   ,  0.797859   ])
2933    , -616.171    , array([ 0.75231    ,  0.247616   ,  0.809367   ])
2934    , -580.959    , array([ 0.54619    ,  0.30019    ,  0.801383   ])
2935    , -581.61     , array([ 0.512715   ,  0.296467   ,  0.812643   ])
2936    , -578.518    , array([ 0.542961   ,  0.292269   ,  0.808922   ])
2937    , -579.148    , array([ 0.602922   ,  0.271668   ,  0.814137   ])
2938    , -578.919    , array([ 0.606907   ,  0.261064   ,  0.809268   ])
2939    , -576.323    , array([ 0.553677   ,  0.27975    ,  0.816665   ])
2940    , -578.675    , array([ 0.525367   ,  0.284895   ,  0.8226     ])
2941    , -576.133    , array([ 0.533544   ,  0.283245   ,  0.809092   ])
2942    , -579.635    , array([ 0.501909   ,  0.289216   ,  0.806582   ])
2943    , -591.586    , array([ 0.486416   ,  0.311216   ,  0.813841   ])
2944    , -575.777    , array([ 0.574241   ,  0.272789   ,  0.810409   ])
likelihood = -575.78
theta = 398.76
Optimized parameters = [0.57424058 0.2727886  0.81040918]

Round_4_Replicate_3
2945    , -675.209    , array([ 1.06644    ,  0.444138   ,  1.46495    ])
2946    , -675.719    , array([ 1.06987    ,  0.444138   ,  1.46495    ])
2947    , -673.474    , array([ 1.06644    ,  0.426475   ,  1.46495    ])
2948    , -674.685    , array([ 1.06644    ,  0.444138   ,  1.49318    ])
2949    , -673.241    , array([ 1.06301    ,  0.432283   ,  1.48371    ])
2950    , -672.43     , array([ 1.0596     ,  0.426475   ,  1.49318    ])
2951    , -672.652    , array([ 1.06187    ,  0.420745   ,  1.50271    ])
2952    , -672.077    , array([ 1.05884    ,  0.405838   ,  1.48057    ])
2953    , -672.614    , array([ 1.05506    ,  0.387946   ,  1.4743     ])
2954    , -672.145    , array([ 1.05381    ,  0.4089     ,  1.51981    ])
2955    , -671.474    , array([ 1.05297    ,  0.406653   ,  1.49283    ])
2956    , -671.104    , array([ 1.04855    ,  0.399784   ,  1.48791    ])
2957    , -672.984    , array([ 1.04788    ,  0.38427    ,  1.49882    ])
2958    , -671.826    , array([ 1.05666    ,  0.415508   ,  1.49459    ])
2959    , -671.287    , array([ 1.05554    ,  0.405094   ,  1.45623    ])
2960    , -670.531    , array([ 1.04834    ,  0.40765    ,  1.4784     ])
2961    , -669.787    , array([ 1.04312    ,  0.408559   ,  1.47731    ])
2962    , -669.623    , array([ 1.04151    ,  0.393711   ,  1.45322    ])
2963    , -668.805    , array([ 1.03402    ,  0.383245   ,  1.43296    ])
2964    , -668.899    , array([ 1.0284     ,  0.389179   ,  1.47557    ])
2965    , -666.834    , array([ 1.02195    ,  0.387341   ,  1.43615    ])
2966    , -664.687    , array([ 1.00891    ,  0.381266   ,  1.41095    ])
2967    , -666.182    , array([ 1.00468    ,  0.361949   ,  1.40281    ])
2968    , -664.116    , array([ 1.00333    ,  0.362037   ,  1.35791    ])
2969    , -662.055    , array([ 0.991023   ,  0.349184   ,  1.30264    ])
2970    , -659.51     , array([ 0.970012   ,  0.345523   ,  1.31217    ])
2971    , -655.165    , array([ 0.939508   ,  0.328078   ,  1.25565    ])
likelihood = -655.16
theta = 305.44
Optimized parameters = [0.93950775 0.32807848 1.25564699]

Round_4_Replicate_4
2972    , -596.998    , array([ 0.59832    ,  0.182053   ,  0.528776   ])
2973    , -589.171    , array([ 0.58315    ,  0.182053   ,  0.528776   ])
2974    , -602.913    , array([ 0.59832    ,  0.167189   ,  0.528776   ])
2975    , -601.777    , array([ 0.59832    ,  0.182053   ,  0.512195   ])
2976    , -596.614    , array([ 0.588163   ,  0.198239   ,  0.517664   ])
2977    , -585.265    , array([ 0.581488   ,  0.19269    ,  0.538219   ])
2978    , -578.23     , array([ 0.573251   ,  0.198239   ,  0.551722   ])
2979    , -579.641    , array([ 0.56513    ,  0.203947   ,  0.536317   ])
2980    , -570.819    , array([ 0.55978    ,  0.190875   ,  0.560912   ])
2981    , -564.799    , array([ 0.546106   ,  0.187296   ,  0.583873   ])
2982    , -559.497    , array([ 0.540422   ,  0.211816   ,  0.586636   ])
2983    , -553.227    , array([ 0.520247   ,  0.228475   ,  0.617898   ])
2984    , -555.451    , array([ 0.527723   ,  0.203947   ,  0.635646   ])
2985    , -552.828    , array([ 0.492324   ,  0.21383    ,  0.679068   ])
2986    , -573.277    , array([ 0.456251   ,  0.222079   ,  0.753373   ])
2987    , -556.402    , array([ 0.482281   ,  0.247223   ,  0.709652   ])
2988    , -550.895    , array([ 0.497502   ,  0.230647   ,  0.675871   ])
2989    , -552.247    , array([ 0.479841   ,  0.246444   ,  0.679068   ])
2990    , -566.672    , array([ 0.461196   ,  0.231376   ,  0.74395    ])
2991    , -549.45     , array([ 0.504811   ,  0.229197   ,  0.647252   ])
2992    , -557.757    , array([ 0.49556    ,  0.25893    ,  0.655622   ])
2993    , -550.155    , array([ 0.493131   ,  0.224309   ,  0.673129   ])
2994    , -552.982    , array([ 0.517797   ,  0.211001   ,  0.651794   ])
2995    , -550.245    , array([ 0.489061   ,  0.237061   ,  0.672144   ])
2996    , -548.015    , array([ 0.493751   ,  0.229612   ,  0.652468   ])
2997    , -546.909    , array([ 0.491886   ,  0.229096   ,  0.641073   ])
2998    , -547.971    , array([ 0.504205   ,  0.218368   ,  0.635707   ])
likelihood = -546.91
theta = 446.26
Optimized parameters = [0.49188594 0.22909632 0.64107265]

Round_4_Replicate_5
2999    , -593.349    , array([ 0.353217   ,  0.242254   ,  0.692587   ])
3000    , -608.91     , array([ 0.335308   ,  0.242254   ,  0.692587   ])
3001    , -592.38     , array([ 0.353217   ,  0.225676   ,  0.692587   ])
3002    , -587.694    , array([ 0.353217   ,  0.242254   ,  0.679983   ])
3003    , -575.663    , array([ 0.372083   ,  0.231072   ,  0.684158   ])
3004    , -564.193    , array([ 0.391956   ,  0.225676   ,  0.679983   ])
3005    , -568.867    , array([ 0.378593   ,  0.220405   ,  0.675833   ])
3006    , -557.406    , array([ 0.396515   ,  0.232899   ,  0.664889   ])
3007    , -548.624    , array([ 0.420115   ,  0.236597   ,  0.651458   ])
3008    , -546.858    , array([ 0.44512    ,  0.21357    ,  0.658139   ])
3009    , -552.105    , array([ 0.499683   ,  0.200527   ,  0.647482   ])
3010    , -544.939    , array([ 0.462611   ,  0.229861   ,  0.650573   ])
3011    , -551.753    , array([ 0.511373   ,  0.234741   ,  0.638299   ])
3012    , -547.475    , array([ 0.499041   ,  0.227261   ,  0.627821   ])
3013    , -552.824    , array([ 0.522218   ,  0.21103    ,  0.639361   ])
3014    , -544.526    , array([ 0.443598   ,  0.229929   ,  0.648413   ])
3015    , -558.546    , array([ 0.406429   ,  0.221415   ,  0.677862   ])
3016    , -543.992    , array([ 0.474077   ,  0.225785   ,  0.639973   ])
3017    , -548.888    , array([ 0.475217   ,  0.24451    ,  0.63468    ])
3018    , -544.534    , array([ 0.452461   ,  0.220917   ,  0.652194   ])
3019    , -542.743    , array([ 0.450536   ,  0.221248   ,  0.643129   ])
3020    , -542.011    , array([ 0.444617   ,  0.217063   ,  0.639439   ])
3021    , -541.959    , array([ 0.455304   ,  0.22752    ,  0.633137   ])
3022    , -541.877    , array([ 0.456733   ,  0.230896   ,  0.623818   ])
3023    , -541.422    , array([ 0.473524   ,  0.219216   ,  0.620623   ])
3024    , -543.167    , array([ 0.489237   ,  0.214048   ,  0.607178   ])
3025    , -537.817    , array([ 0.442736   ,  0.218887   ,  0.616067   ])
3026    , -535.188    , array([ 0.427852   ,  0.215517   ,  0.604451   ])
3027    , -539.872    , array([ 0.460129   ,  0.2266     ,  0.593881   ])
likelihood = -535.19
theta = 473.76
Optimized parameters = [0.427852   0.21551677 0.60445145]
