
Round_1_Replicate_1
1       , -67520.9    , array([ 0.708812   ,  0.150553   ,  0.298904   ])
2       , -66977.8    , array([ 0.696719   ,  0.150553   ,  0.298904   ])
3       , -66737.9    , array([ 0.708812   ,  0.136954   ,  0.298904   ])
4       , -69999.5    , array([ 0.708812   ,  0.150553   ,  0.281389   ])
5       , -64373.2    , array([ 0.700727   ,  0.141345   ,  0.317508   ])
6       , -61976.1    , array([ 0.696719   ,  0.136954   ,  0.33727    ])
7       , -63064.1    , array([ 0.692734   ,  0.132699   ,  0.323963   ])
likelihood = -61976.15
theta = 18077.37
Optimized parameters = [0.69671942 0.13695371 0.33727031]

Round_1_Replicate_2
8       , -9264.19    , array([ 0.129126   ,  0.144585   ,  1.36861    ])
9       , -8917.62    , array([ 0.116564   ,  0.144585   ,  1.36861    ])
10      , -10362.9    , array([ 0.129126   ,  0.131259   ,  1.36861    ])
11      , -9335.46    , array([ 0.129126   ,  0.144585   ,  1.39025    ])
12      , -8034.39    , array([ 0.120609   ,  0.159264   ,  1.383      ])
13      , -6970.31    , array([ 0.116564   ,  0.175433   ,  1.39025    ])
14      , -7422.18    , array([ 0.112654   ,  0.164481   ,  1.36147    ])
likelihood = -6970.31
theta = 18471.42
Optimized parameters = [0.11656352 0.17543263 1.39025073]

Round_1_Replicate_3
15      , -106568     , array([ 0.350126   ,  0.26021    ,  0.14187    ])
16      , -104045     , array([ 0.332228   ,  0.26021    ,  0.14187    ])
17      , -103543     , array([ 0.350126   ,  0.243271   ,  0.14187    ])
18      , -115282     , array([ 0.350126   ,  0.26021    ,  0.128672   ])
19      , -94607.5    , array([ 0.33809    ,  0.248791   ,  0.156421   ])
20      , -84972.5    , array([ 0.332228   ,  0.243271   ,  0.172465   ])
21      , -88483.4    , array([ 0.326467   ,  0.237873   ,  0.161596   ])
likelihood = -84972.52
theta = 18889.53
Optimized parameters = [0.33222782 0.24327093 0.17246495]

Round_1_Replicate_4
22      , -300555     , array([ 5.99513    ,  1.51562    ,  0.154002   ])
23      , -301884     , array([ 6.55675    ,  1.51562    ,  0.154002   ])
24      , -301751     , array([ 5.99513    ,  1.54747    ,  0.154002   ])
25      , -306553     , array([ 5.99513    ,  1.51562    ,  0.14025    ])
26      , -296078     , array([ 6.36393    ,  1.53678    ,  0.169103   ])
27      , -290546     , array([ 6.55675    ,  1.54747    ,  0.185684   ])
28      , -293331     , array([ 5.81882    ,  1.55823    ,  0.174458   ])
likelihood = -290545.79
theta = 12670.22
Optimized parameters = [6.55674666 1.5474652  0.18568393]

Round_1_Replicate_5
29      , -29790.3    , array([ 0.208005   ,  6.24709    ,  3.84394    ])
30      , -29650.6    , array([ 0.1923     ,  6.24709    ,  3.84394    ])
31      , -31333.9    , array([ 0.208005   ,  6.84639    ,  3.84394    ])
32      , -28693      , array([ 0.208005   ,  6.24709    ,  4.11164    ])
33      , -27371.7    , array([ 0.197398   ,  5.70025    ,  4.0204     ])
34      , -24966.9    , array([ 0.1923     ,  5.20128    ,  4.11164    ])
35      , -25521.9    , array([ 0.187332   ,  5.52882    ,  4.20496    ])
likelihood = -24966.93
theta = 4481.59
Optimized parameters = [0.1922996  5.20127565 4.11164246]

Round_1_Replicate_6
36      , -9864.78    , array([ 0.266225   ,  0.327624   ,  4.92973    ])
37      , -9679.07    , array([ 0.249179   ,  0.327624   ,  4.92973    ])
38      , -10509.6    , array([ 0.266225   ,  0.309845   ,  4.92973    ])
39      , -10450.3    , array([ 0.266225   ,  0.327624   ,  5.33905    ])
40      , -9491.25    , array([ 0.254736   ,  0.346423   ,  5.19897    ])
41      , -9006.1     , array([ 0.249179   ,  0.366301   ,  5.33905    ])
42      , -8608.33    , array([ 0.243743   ,  0.352927   ,  4.80039    ])
43      , -7753.39    , array([ 0.233224   ,  0.366301   ,  4.55179    ])
likelihood = -7753.39
theta = 8109.44
Optimized parameters = [0.2332244  0.36630133 4.55178806]

Round_1_Replicate_7
44      , -103762     , array([ 4.5922     ,  5.00075    ,  3.79581    ])
45      , -107745     , array([ 4.95589    ,  5.00075    ,  3.79581    ])
46      , -107186     , array([ 4.5922     ,  5.41984    ,  3.79581    ])
47      , -98476.3    , array([ 4.5922     ,  5.00075    ,  4.0576     ])
48      , -98359.1    , array([ 4.2552     ,  5.27638    ,  3.96839    ])
49      , -93493.8    , array([ 3.94293    ,  5.41984    ,  4.0576     ])
50      , -90478.2    , array([ 4.14845    ,  4.86838    ,  4.14882    ])
51      , -82661.6    , array([ 3.94293    ,  4.61406    ,  4.33745    ])
likelihood = -82661.63
theta = 3250.28
Optimized parameters = [3.94292816 4.61405994 4.33745337]

Round_1_Replicate_8
52      , -197132     , array([ 3.03262    ,  2.28391    ,  0.59688    ])
53      , -199756     , array([ 3.20559    ,  2.28391    ,  0.59688    ])
54      , -199560     , array([ 3.03262    ,  2.3802     ,  0.59688    ])
55      , -199420     , array([ 3.03262    ,  2.28391    ,  0.581676   ])
56      , -197532     , array([ 2.86897    ,  2.34766    ,  0.5867     ])
57      , -196533     , array([ 2.92252    ,  2.23211    ,  0.580011   ])
58      , -195020     , array([ 2.86897    ,  2.16156    ,  0.571756   ])
likelihood = -195020.07
theta = 9245.53
Optimized parameters = [2.86897386 2.16155762 0.571756  ]

Round_1_Replicate_9
59      , -22795.9    , array([ 0.892523   ,  1.0748     ,  2.44667    ])
60      , -22666.9    , array([ 0.887463   ,  1.0748     ,  2.44667    ])
61      , -22841.4    , array([ 0.892523   ,  1.07868    ,  2.44667    ])
62      , -21602.9    , array([ 0.892523   ,  1.0748     ,  2.55862    ])
63      , -21867.2    , array([ 0.889146   ,  1.07093    ,  2.52074    ])
64      , -21308.6    , array([ 0.886903   ,  1.07222    ,  2.57137    ])
65      , -20597.7    , array([ 0.884106   ,  1.07093    ,  2.63607    ])
likelihood = -20597.75
theta = 7771.08
Optimized parameters = [0.88410584 1.07092721 2.63607424]

Round_1_Replicate_10
66      , -177385     , array([ 1.8823     ,  2.01958    ,  0.520591   ])
67      , -179183     , array([ 1.94278    ,  2.01958    ,  0.520591   ])
68      , -179145     , array([ 1.8823     ,  2.09182    ,  0.520591   ])
69      , -180340     , array([ 1.8823     ,  2.01958    ,  0.503874   ])
70      , -176828     , array([ 1.9224     ,  2.06746    ,  0.537864   ])
71      , -175084     , array([ 1.94278    ,  2.09182    ,  0.555709   ])
72      , -175173     , array([ 1.86256    ,  2.11647    ,  0.543747   ])
likelihood = -175084.45
theta = 9713.57
Optimized parameters = [1.94277565 2.0918179  0.55570891]

Round_2_Replicate_1
73      , -20239.2    , array([ 0.054186   ,  0.536534   ,  0.38571    ])
74      , -19970.2    , array([ 0.0468362  ,  0.536534   ,  0.38571    ])
75      , -19513.5    , array([ 0.054186   ,  0.520088   ,  0.38571    ])
76      , -21300.5    , array([ 0.054186   ,  0.536534   ,  0.367768   ])
77      , -18543.2    , array([ 0.0491681  ,  0.525513   ,  0.404527   ])
78      , -17239.1    , array([ 0.0468362  ,  0.520088   ,  0.424262   ])
79      , -17601.9    , array([ 0.0446148  ,  0.514719   ,  0.411001   ])
80      , -16247.9    , array([ 0.0499709  ,  0.500671   ,  0.428777   ])
81      , -14464.5    , array([ 0.0516161  ,  0.483649   ,  0.452082   ])
82      , -13606.3    , array([ 0.0418161  ,  0.492086   ,  0.476653   ])
83      , -11106.3    , array([ 0.0367343  ,  0.478656   ,  0.529875   ])
likelihood = -11106.31
theta = 20369.82
Optimized parameters = [0.03673431 0.47865568 0.52987519]

Round_2_Replicate_2
84      , -6709.03    , array([ 0.0371688  ,  0.609582   ,  0.936742   ])
85      , -6684.89    , array([ 0.0315273  ,  0.609582   ,  0.936742   ])
86      , -6320.47    , array([ 0.0371688  ,  0.594681   ,  0.936742   ])
87      , -6749.88    , array([ 0.0371688  ,  0.609582   ,  0.933686   ])
88      , -6388.57    , array([ 0.0333056  ,  0.599607   ,  0.939808   ])
89      , -6227.98    , array([ 0.0309559  ,  0.593048   ,  0.938785   ])
90      , -6011.06    , array([ 0.0282505  ,  0.584949   ,  0.939808   ])
91      , -5791.36    , array([ 0.0339204  ,  0.576962   ,  0.940832   ])
92      , -5370.84    , array([ 0.0351842  ,  0.561312   ,  0.942883   ])
93      , -5399.87    , array([ 0.0333056  ,  0.561312   ,  0.939808   ])
likelihood = -5370.84
theta = 17391.09
Optimized parameters = [0.03518422 0.56131201 0.94288333]

Round_2_Replicate_3
94      , -21175.2    , array([ 0.0990614  ,  0.0734097  ,  2.30492    ])
95      , -21019.1    , array([ 0.0882469  ,  0.0734097  ,  2.30492    ])
96      , -23138.1    , array([ 0.0990614  ,  0.064423   ,  2.30492    ])
97      , -21568.9    , array([ 0.0990614  ,  0.0734097  ,  2.40319    ])
98      , -19404.9    , array([ 0.0917138  ,  0.08365    ,  2.36998    ])
99      , -17607      , array([ 0.0882469  ,  0.0953187  ,  2.40319    ])
100     , -18295.6    , array([ 0.0849111  ,  0.0873715  ,  2.27306    ])
101     , -16848.4    , array([ 0.0766193  ,  0.0981252  ,  2.34809    ])
102     , -14844.5    , array([ 0.0673837  ,  0.113447   ,  2.36998    ])
103     , -13024.6    , array([ 0.0718533  ,  0.131162   ,  2.39207    ])
104     , -9525.57    , array([ 0.0648366  ,  0.175322   ,  2.43687    ])
likelihood = -9525.57
theta = 13820.78
Optimized parameters = [0.06483658 0.17532166 2.43686979]

Round_2_Replicate_4
105     , -2277.57    , array([ 0.0463206  ,  0.294508   ,  0.621649   ])
106     , -2226.98    , array([ 0.0397249  ,  0.294508   ,  0.621649   ])
107     , -1886.06    , array([ 0.0463206  ,  0.277046   ,  0.621649   ])
108     , -2412.83    , array([ 0.0463206  ,  0.294508   ,  0.607047   ])
109     , -1862.17    , array([ 0.0418119  ,  0.282749   ,  0.636602   ])
110     , -1651.88    , array([ 0.0397249  ,  0.277046   ,  0.651914   ])
111     , -1602.14    , array([ 0.0377421  ,  0.271459   ,  0.641666   ])
112     , -1406.46    , array([ 0.0340684  ,  0.26062    ,  0.651914   ])
113     , -1299.21    , array([ 0.0397249  ,  0.250213   ,  0.662327   ])
114     , -1268.64    , array([ 0.0397249  ,  0.230631   ,  0.683654   ])
115     , -809.32     , array([ 0.0307523  ,  0.235378   ,  0.705667   ])
116     , -1071.82    , array([ 0.025057   ,  0.216956   ,  0.751843   ])
likelihood = -809.32
theta = 24128.35
Optimized parameters = [0.03075226 0.2353776  0.70566692]

Round_2_Replicate_5
117     , -12950.3    , array([ 0.14129    ,  0.0919718  ,  0.42644    ])
118     , -11589.8    , array([ 0.12812    ,  0.0919718  ,  0.42644    ])
119     , -14558.4    , array([ 0.14129    ,  0.0816277  ,  0.42644    ])
120     , -13100.9    , array([ 0.14129    ,  0.0919718  ,  0.408649   ])
121     , -10582.7    , array([ 0.132367   ,  0.103627   ,  0.414495   ])
122     , -8878.36    , array([ 0.12812    ,  0.116759   ,  0.408649   ])
123     , -9208.62    , array([ 0.124008   ,  0.107831   ,  0.432541   ])
124     , -7146.71    , array([ 0.113679   ,  0.119896   ,  0.418439   ])
125     , -5087.24    , array([ 0.101968   ,  0.136892   ,  0.414495   ])
126     , -5048.26    , array([ 0.107664   ,  0.156298   ,  0.410589   ])
127     , -4996.1     , array([ 0.0986956  ,  0.203753   ,  0.402886   ])
likelihood = -4996.1
theta = 25916.68
Optimized parameters = [0.09869558 0.20375259 0.40288554]

Round_2_Replicate_6
128     , -8351.81    , array([ 0.0640089  ,  0.0870461  ,  0.49504    ])
129     , -8060.24    , array([ 0.0557894  ,  0.0870461  ,  0.49504    ])
130     , -9929.39    , array([ 0.0640089  ,  0.0770436  ,  0.49504    ])
131     , -8165.57    , array([ 0.0640089  ,  0.0870461  ,  0.477939   ])
132     , -6489.95    , array([ 0.0584047  ,  0.0983472  ,  0.483573   ])
133     , -4904.15    , array([ 0.0557894  ,  0.111115   ,  0.477939   ])
134     , -5691.8     , array([ 0.0532913  ,  0.102431   ,  0.472371   ])
135     , -4459.68    , array([ 0.0471628  ,  0.114171   ,  0.485465   ])
136     , -3043.82    , array([ 0.0404837  ,  0.130755   ,  0.489273   ])
137     , -1874.2     , array([ 0.0436958  ,  0.149748   ,  0.465048   ])
138     , -1400.06    , array([ 0.0386709  ,  0.196411   ,  0.45074    ])
likelihood = -1400.06
theta = 27360.2
Optimized parameters = [0.03867088 0.19641117 0.45073967]

Round_2_Replicate_7
139     , -37952.6    , array([ 0.253741   ,  0.0505216  ,  5.34935    ])
140     , -37784.1    , array([ 0.236925   ,  0.0505216  ,  5.34935    ])
141     , -40404      , array([ 0.253741   ,  0.0435162  ,  5.34935    ])
142     , -38944.1    , array([ 0.253741   ,  0.0505216  ,  5.81723    ])
143     , -36062.8    , array([ 0.242403   ,  0.0586548  ,  5.65689    ])
144     , -33925.8    , array([ 0.236925   ,  0.0680972  ,  5.81723    ])
145     , -34161.9    , array([ 0.231571   ,  0.061647   ,  5.20191    ])
146     , -32663.8    , array([ 0.217877   ,  0.0703939  ,  5.55247    ])
147     , -30100.9    , array([ 0.201894   ,  0.083093   ,  5.65689    ])
148     , -27763.8    , array([ 0.209733   ,  0.0980829  ,  5.76329    ])
149     , -22991.1    , array([ 0.197331   ,  0.136663   ,  5.98212    ])
likelihood = -22991.12
theta = 7045.08
Optimized parameters = [0.19733137 0.13666315 5.98211545]

Round_2_Replicate_8
150     , -30010.1    , array([ 0.445379   ,  0.0820209  ,  3.91629    ])
151     , -29716.2    , array([ 0.427727   ,  0.0820209  ,  3.91629    ])
152     , -31966.2    , array([ 0.445379   ,  0.0723804  ,  3.91629    ])
153     , -30469      , array([ 0.445379   ,  0.0820209  ,  4.19294    ])
154     , -28184.1    , array([ 0.433532   ,  0.0929455  ,  4.09861    ])
155     , -26334.2    , array([ 0.427727   ,  0.105325   ,  4.19294    ])
156     , -26907.6    , array([ 0.422      ,  0.0969013  ,  3.82819    ])
157     , -25326.7    , array([ 0.407099   ,  0.108293   ,  4.03691    ])
158     , -23073.6    , array([ 0.389211   ,  0.124433   ,  4.09861    ])
159     , -21292.7    , array([ 0.398054   ,  0.14298    ,  4.16126    ])
160     , -17389.3    , array([ 0.383999   ,  0.188777   ,  4.28943    ])
likelihood = -17389.31
theta = 8535.22
Optimized parameters = [0.38399933 0.18877728 4.28942854]

Round_2_Replicate_9
161     , -4412.51    , array([ 0.136729   ,  0.265956   ,  1.58399    ])
162     , -4114.13    , array([ 0.123781   ,  0.265956   ,  1.58399    ])
163     , -4892.16    , array([ 0.136729   ,  0.248914   ,  1.58399    ])
164     , -4474.5     , array([ 0.136729   ,  0.265956   ,  1.62083    ])
165     , -3814.52    , array([ 0.127955   ,  0.284164   ,  1.60846    ])
166     , -3350.84    , array([ 0.123781   ,  0.303618   ,  1.62083    ])
167     , -3445.03    , array([ 0.119744   ,  0.290506   ,  1.57189    ])
168     , -2948.96    , array([ 0.109609   ,  0.308119   ,  1.60026    ])
169     , -2397.14    , array([ 0.0981384  ,  0.331646   ,  1.60846    ])
170     , -2227.95    , array([ 0.103715   ,  0.356968   ,  1.6167     ])
171     , -1770.44    , array([ 0.0949372  ,  0.413561   ,  1.63331    ])
likelihood = -1770.44
theta = 15174.38
Optimized parameters = [0.09493721 0.41356079 1.63330711]

Round_2_Replicate_10
172     , -902.78     , array([ 0.0538448  ,  0.526499   ,  2.38095    ])
173     , -916.499    , array([ 0.0465265  ,  0.526499   ,  2.38095    ])
174     , -946.919    , array([ 0.0538448  ,  0.50988    ,  2.38095    ])
175     , -947.133    , array([ 0.0538448  ,  0.526499   ,  2.48649    ])
176     , -894.869    , array([ 0.0488482  ,  0.515361   ,  2.27988    ])
177     , -879.895    , array([ 0.0465265  ,  0.50988    ,  2.18311    ])
178     , -880.771    , array([ 0.0443152  ,  0.532159   ,  2.24716    ])
179     , -864.152    , array([ 0.0496475  ,  0.519047   ,  2.16216    ])
180     , -864.923    , array([ 0.0512856  ,  0.515361   ,  2.06043    ])
181     , -760.938    , array([ 0.0406403  ,  0.514138   ,  2.0276     ])
182     , -820.256    , array([ 0.0353073  ,  0.508066   ,  1.8711     ])
likelihood = -760.94
theta = 13315.96
Optimized parameters = [0.04064033 0.51413758 2.02759549]

Round_3_Replicate_1
183     , -4300.65    , array([ 0.0116351  ,  0.501863   ,  0.949766   ])
185     , -3902.93    , array([ 0.0116351  ,  0.484858   ,  0.949766   ])
186     , -4322.71    , array([ 0.0116351  ,  0.501863   ,  0.947321   ])
187     , -3873.59    , array([ 0.0145373  ,  0.490461   ,  0.948135   ])
188     , -3607.49    , array([ 0.0181633  ,  0.484858   ,  0.947321   ])
189     , -3544.52    , array([ 0.0156574  ,  0.479319   ,  0.950582   ])
190     , -3195.4     , array([ 0.0181633  ,  0.468429   ,  0.952216   ])
191     , -2906.88    , array([ 0.0210702  ,  0.457787   ,  0.949766   ])
192     , -2390       , array([ 0.0283542  ,  0.437222   ,  0.949766   ])
193     , -2513.5     , array([ 0.0381562  ,  0.442275   ,  0.949766   ])
194     , -1999       , array([ 0.0400919  ,  0.415985   ,  0.953854   ])
195     , -2095.58    , array([ 0.0595646  ,  0.385309   ,  0.957137   ])
196     , -2451.15    , array([ 0.0679671  ,  0.397806   ,  0.950038   ])
197     , -2114.13    , array([ 0.0475426  ,  0.392592   ,  0.952671   ])
198     , -2358.49    , array([ 0.0210316  ,  0.432657   ,  0.954157   ])
199     , -1568.76    , array([ 0.0413102  ,  0.390907   ,  0.95737    ])
200     , -1765.28    , array([ 0.049863   ,  0.369622   ,  0.961195   ])
likelihood = -1568.76
theta = 19312.59
Optimized parameters = [0.04131025 0.39090659 0.95737016]

Round_3_Replicate_2
201     , -11178.7    , array([ 0.0808191  ,  0.32923    ,  6.36169    ])
202     , -11248.7    , array([ 0.0712672  ,  0.32923    ,  6.36169    ])
203     , -11874.4    , array([ 0.0808191  ,  0.31144    ,  6.36169    ])
204     , -12233.3    , array([ 0.0808191  ,  0.32923    ,  6.97832    ])
205     , -10660.1    , array([ 0.0743186  ,  0.317261   ,  5.79954    ])
206     , -9922.6     , array([ 0.0712672  ,  0.31144    ,  5.28707    ])
207     , -9711.12    , array([ 0.068341   ,  0.335384   ,  5.62343    ])
208     , -8703.77    , array([ 0.0628442  ,  0.348037   ,  5.28707    ])
209     , -8659.37    , array([ 0.0712672  ,  0.32923    ,  4.97084    ])
210     , -7510.13    , array([ 0.0712672  ,  0.32923    ,  4.39398    ])
211     , -6497.34    , array([ 0.0577895  ,  0.32923    ,  3.88406    ])
212     , -4361.14    , array([ 0.0488671  ,  0.32923    ,  3.03489    ])
213     , -3981.73    , array([ 0.0509595  ,  0.361167   ,  3.22797    ])
214     , -2158.7     , array([ 0.0430916  ,  0.388933   ,  2.52224    ])
215     , -1790.42    , array([ 0.0449366  ,  0.348037   ,  1.9708     ])
216     , -739.117    , array([ 0.0379986  ,  0.348037   ,  1.20325    ])
217     , -1242.57    , array([ 0.0260552  ,  0.381798   ,  1          ])
218     , -4757.71    , array([ 0.0249854  ,  0.421427   ,  0.690694   ])
219     , -1994.61    , array([ 0.0413223  ,  0.350191   ,  2.09618    ])
220     , -1740.23    , array([ 0.0275532  ,  0.332635   ,  0.734634   ])
likelihood = -739.12
theta = 18411.61
Optimized parameters = [0.03799865 0.34803669 1.20325381]

Round_3_Replicate_3
221     , -2135.44    , array([ 0.0243226  ,  0.746683   ,  4.73636    ])
222     , -2319.83    , array([ 0.0201981  ,  0.746683   ,  4.73636    ])
223     , -2189.96    , array([ 0.0243226  ,  0.735856   ,  4.73636    ])
224     , -2460.36    , array([ 0.0243226  ,  0.746683   ,  5.11938    ])
225     , -2015.69    , array([ 0.0214887  ,  0.739448   ,  4.382      ])
226     , -1866.36    , array([ 0.0201981  ,  0.735856   ,  4.05415    ])
227     , -1786.72    , array([ 0.0258767  ,  0.732282   ,  4.26987    ])
228     , -1557.97    , array([ 0.0292893  ,  0.725187   ,  4.05415    ])
229     , -1574.57    , array([ 0.0243226  ,  0.735856   ,  3.84933    ])
230     , -1401.27    , array([ 0.0243226  ,  0.71816    ,  3.35232    ])
231     , -1245.17    , array([ 0.0243226  ,  0.704309   ,  2.82031    ])
232     , -1122       , array([ 0.0331519  ,  0.707747   ,  3.07483    ])
233     , -926.754    , array([ 0.0424725  ,  0.694097   ,  2.67782    ])
234     , -980.346    , array([ 0.0399216  ,  0.680711   ,  2.54253    ])
235     , -2069.33    , array([ 0.0407544  ,  0.662188   ,  1.76874    ])
236     , -1178.09    , array([ 0.0318109  ,  0.708896   ,  3.29489    ])
237     , -902.656    , array([ 0.0586928  ,  0.684773   ,  2.82031    ])
238     , -1008.39    , array([ 0.0911744  ,  0.67521    ,  2.82031    ])
239     , -1263.3     , array([ 0.0675085  ,  0.66482    ,  2.17632    ])
240     , -1027.44    , array([ 0.0383947  ,  0.69761    ,  2.97038    ])
likelihood = -902.66
theta = 10424.52
Optimized parameters = [0.05869282 0.68477335 2.82030775]

Round_3_Replicate_4
241     , -8171       , array([ 0.0112879  ,  0.322114   ,  3.79508    ])
243     , -8781       , array([ 0.0112879  ,  0.304376   ,  3.79508    ])
244     , -8817.28    , array([ 0.0112879  ,  0.322114   ,  4.05679    ])
245     , -8699.52    , array([ 0.0141249  ,  0.310177   ,  3.96761    ])
246     , -8305.8     , array([ 0.0131077  ,  0.302466   ,  3.65706    ])
247     , -8023.16    , array([ 0.0144811  ,  0.318753   ,  3.81388    ])
248     , -7549.16    , array([ 0.016402   ,  0.326194   ,  3.82331    ])
249     , -7039.1     , array([ 0.0127852  ,  0.323468   ,  3.55904    ])
250     , -6460.34    , array([ 0.0121639  ,  0.330326   ,  3.37082    ])
251     , -6449.89    , array([ 0.0131077  ,  0.351784   ,  3.65706    ])
252     , -5786.27    , array([ 0.0131077  ,  0.379381   ,  3.65706    ])
253     , -5251.2     , array([ 0.0168157  ,  0.3684     ,  3.43808    ])
254     , -4143.33    , array([ 0.0205242  ,  0.39398    ,  3.27238    ])
255     , -3673.39    , array([ 0.0134384  ,  0.41259    ,  3.07643    ])
256     , -2607.68    , array([ 0.0121639  ,  0.464023   ,  2.75964    ])
257     , -2200.69    , array([ 0.0181206  ,  0.511035   ,  3.05372    ])
258     , -1268.53    , array([ 0.0221168  ,  0.635629   ,  2.90655    ])
259     , -1175.28    , array([ 0.023833   ,  0.627679   ,  2.41507    ])
260     , -3188.93    , array([ 0.032137   ,  0.807362   ,  1.96259    ])
likelihood = -1175.28
theta = 11673.69
Optimized parameters = [0.02383302 0.62767865 2.41506987]

Round_3_Replicate_5
261     , -1899.06    , array([ 0.0132639  ,  0.443367   ,  2.27436    ])
262     , -2117.65    , array([ 0.0106857  ,  0.443367   ,  2.27436    ])
263     , -2163.1     , array([ 0.0132639  ,  0.425698   ,  2.27436    ])
264     , -2151.1     , array([ 0.0132639  ,  0.443367   ,  2.36975    ])
265     , -2000.63    , array([ 0.011484   ,  0.461769   ,  2.33751    ])
266     , -2003.69    , array([ 0.0104322  ,  0.455552   ,  2.22304    ])
267     , -1819.87    , array([ 0.0127435  ,  0.463861   ,  2.28129    ])
268     , -1683.88    , array([ 0.0139165  ,  0.47446    ,  2.28477    ])
269     , -1845.78    , array([ 0.0158181  ,  0.463861   ,  2.37697    ])
270     , -1665.78    , array([ 0.0177887  ,  0.458996   ,  2.28592    ])
271     , -1466.97    , array([ 0.0221395  ,  0.457615   ,  2.26056    ])
272     , -1408.88    , array([ 0.0216719  ,  0.488234   ,  2.33989    ])
273     , -1172.83    , array([ 0.027702   ,  0.512343   ,  2.37336    ])
274     , -1155.13    , array([ 0.0264029  ,  0.498639   ,  2.23661    ])
275     , -957.579    , array([ 0.0341116  ,  0.516994   ,  2.16957    ])
276     , -883.168    , array([ 0.054558   ,  0.516216   ,  2.24798    ])
277     , -1719.2     , array([ 0.108025   ,  0.538453   ,  2.22981    ])
278     , -920.259    , array([ 0.0625671  ,  0.579988   ,  2.26362    ])
likelihood = -883.17
theta = 12563.55
Optimized parameters = [0.05455799 0.51621624 2.24798073]

Round_4_Replicate_1
279     , -12410.8    , array([ 0.039225   ,  0.627128   ,  0.678768   ])
280     , -12422      , array([ 0.0333611  ,  0.627128   ,  0.678768   ])
281     , -11940.1    , array([ 0.039225   ,  0.612666   ,  0.678768   ])
282     , -12737.7    , array([ 0.039225   ,  0.627128   ,  0.665744   ])
283     , -11778.2    , array([ 0.0352113  ,  0.61745    ,  0.692047   ])
284     , -11333.4    , array([ 0.0333611  ,  0.612666   ,  0.705585   ])
285     , -11373.7    , array([ 0.0414003  ,  0.60792    ,  0.69653    ])
286     , -10685.1    , array([ 0.0365013  ,  0.595443   ,  0.708629   ])
287     , -9876.88    , array([ 0.0352113  ,  0.580206   ,  0.724049   ])
288     , -9365.39    , array([ 0.0339668  ,  0.587775   ,  0.739804   ])
289     , -8311.14    , array([ 0.0316082  ,  0.575712   ,  0.77235    ])
290     , -8163.96    , array([ 0.026883   ,  0.571252   ,  0.77235    ])
291     , -6980.77    , array([ 0.0216629  ,  0.553755   ,  0.813301   ])
292     , -5877.19    , array([ 0.0250164  ,  0.529882   ,  0.838185   ])
293     , -4026.26    , array([ 0.0216629  ,  0.492784   ,  0.913556   ])
294     , -3980.36    , array([ 0.0171451  ,  0.501808   ,  0.953746   ])
295     , -2582.28    , array([ 0.0119638  ,  0.466676   ,  1.09462    ])
297     , -5973.42    , array([ 0.0237019  ,  0.538188   ,  0.849081   ])
298     , -2054.56    , array([ 0.0154833  ,  0.44849    ,  1.10251    ])
299     , -1338.95    , array([ 0.0130899  ,  0.403618   ,  1.28365    ])
301     , -3674.11    , array([ 0.0188717  ,  0.493637   ,  0.960614   ])
303     , -2915.17    , array([ 0.0176317  ,  0.472492   ,  1.0048     ])
304     , -1529.79    , array([ 0.0104293  ,  0.403812   ,  1.31012    ])
306     , -2063.67    , array([ 0.0144098  ,  0.447429   ,  1.10971    ])
307     , -1287.31    , array([ 0.0131229  ,  0.374025   ,  1.38477    ])
308     , -1706.59    , array([ 0.0137439  ,  0.334845   ,  1.55753    ])
likelihood = -1287.31
theta = 17271.95
Optimized parameters = [0.01312291 0.37402513 1.3847732 ]

Round_4_Replicate_2
309     , -2449.49    , array([ 0.0244456  ,  0.308861   ,  1.86719    ])
310     , -2573.49    , array([ 0.0203054  ,  0.308861   ,  1.86719    ])
311     , -2817.53    , array([ 0.0244456  ,  0.29124    ,  1.86719    ])
312     , -2588.51    , array([ 0.0244456  ,  0.308861   ,  1.92641    ])
313     , -2283.76    , array([ 0.021601   ,  0.327548   ,  1.90646    ])
314     , -2067.32    , array([ 0.0203054  ,  0.347366   ,  1.92641    ])
315     , -2147.76    , array([ 0.0190874  ,  0.334025   ,  1.84786    ])
316     , -1883.92    , array([ 0.022051   ,  0.35193    ,  1.89328    ])
317     , -1607.8     , array([ 0.0229793  ,  0.375667   ,  1.90646    ])
318     , -1483.34    , array([ 0.0175764  ,  0.401004   ,  1.91974    ])
319     , -1392.07    , array([ 0.0149037  ,  0.456922   ,  1.94656    ])
320     , -1225.88    , array([ 0.0190874  ,  0.456922   ,  2.00829    ])
321     , -1202.41    , array([ 0.0190874  ,  0.534409   ,  2.09366    ])
322     , -1464.84    , array([ 0.0172177  ,  0.585543   ,  2.03636    ])
323     , -2588.13    , array([ 0.0125509  ,  0.727859   ,  2.15009    ])
324     , -1210.35    , array([ 0.0197548  ,  0.443214   ,  1.96465    ])
325     , -1747.91    , array([ 0.0183584  ,  0.387847   ,  1.96541    ])
326     , -1266.4     , array([ 0.0174961  ,  0.528244   ,  2.01838    ])
327     , -1061.76    , array([ 0.0236018  ,  0.547485   ,  2.10634    ])
328     , -1032.63    , array([ 0.029701   ,  0.599291   ,  2.19109    ])
329     , -916.705    , array([ 0.0286101  ,  0.515129   ,  2.14568    ])
330     , -951.728    , array([ 0.0365856  ,  0.508694   ,  2.2123     ])
331     , -1229.25    , array([ 0.0324355  ,  0.678689   ,  2.33777    ])
332     , -1060.81    , array([ 0.0223619  ,  0.493035   ,  2.05194    ])
333     , -795.36     , array([ 0.0373066  ,  0.533434   ,  2.16447    ])
334     , -862.701    , array([ 0.052156   ,  0.532947   ,  2.20077    ])
335     , -851.78     , array([ 0.0447928  ,  0.609365   ,  2.28851    ])
336     , -897.931    , array([ 0.0443512  ,  0.506927   ,  2.20624    ])
likelihood = -795.36
theta = 12786.61
Optimized parameters = [0.03730657 0.53343376 2.16447492]

Round_4_Replicate_3
337     , -1725.32    , array([ 0.0502062  ,  0.342029   ,  0.873194   ])
338     , -1691.99    , array([ 0.043231   ,  0.342029   ,  0.873194   ])
339     , -1526.44    , array([ 0.0502062  ,  0.324165   ,  0.873194   ])
340     , -1747.59    , array([ 0.0502062  ,  0.342029   ,  0.867294   ])
341     , -1534.69    , array([ 0.0454411  ,  0.330013   ,  0.879134   ])
342     , -1469.23    , array([ 0.0425184  ,  0.322238   ,  0.87715    ])
343     , -903.816    , array([ 0.0391279  ,  0.312777   ,  0.879134   ])
344     , -1336.95    , array([ 0.0462026  ,  0.303593   ,  0.881123   ])
345     , -1313.68    , array([ 0.0444452  ,  0.297621   ,  0.876489   ])
346     , -782.666    , array([ 0.0370876  ,  0.286216   ,  0.88467    ])
347     , -792.401    , array([ 0.031876   ,  0.268942   ,  0.890465   ])
348     , -780.692    , array([ 0.0348091  ,  0.293835   ,  0.879061   ])
349     , -748.847    , array([ 0.0302139  ,  0.289074   ,  0.878031   ])
350     , -757.365    , array([ 0.0279763  ,  0.293964   ,  0.884744   ])
351     , -805.056    , array([ 0.0254095  ,  0.268388   ,  0.885831   ])
352     , -753.227    , array([ 0.0283054  ,  0.278857   ,  0.884152   ])
353     , -798.327    , array([ 0.022388   ,  0.288245   ,  0.879944   ])
354     , -750.606    , array([ 0.0326908  ,  0.286722   ,  0.883486   ])
355     , -762.073    , array([ 0.0329264  ,  0.276019   ,  0.879036   ])
356     , -747.821    , array([ 0.0291392  ,  0.289372   ,  0.883314   ])
357     , -778.074    , array([ 0.0331796  ,  0.298242   ,  0.879069   ])
358     , -745.693    , array([ 0.0294523  ,  0.283582   ,  0.882879   ])
359     , -754.816    , array([ 0.0267985  ,  0.287939   ,  0.879328   ])
360     , -746.633    , array([ 0.0311062  ,  0.287026   ,  0.882445   ])
361     , -745.471    , array([ 0.0295635  ,  0.284246   ,  0.887754   ])
362     , -749        , array([ 0.0292436  ,  0.281863   ,  0.892656   ])
363     , -749.405    , array([ 0.0309507  ,  0.280591   ,  0.885399   ])
364     , -745.575    , array([ 0.0295819  ,  0.287151   ,  0.883835   ])
likelihood = -745.47
theta = 21586.2
Optimized parameters = [0.02956354 0.28424635 0.88775386]

Round_4_Replicate_4
365     , -5447.2     , array([ 0.0691882  ,  0.669933   ,  1.26219    ])
366     , -5386.84    , array([ 0.0605388  ,  0.669933   ,  1.26219    ])
367     , -5190.65    , array([ 0.0691882  ,  0.656648   ,  1.26219    ])
368     , -5330.74    , array([ 0.0691882  ,  0.669933   ,  1.27697    ])
369     , -5152.95    , array([ 0.0632946  ,  0.661047   ,  1.27202    ])
370     , -5021.1     , array([ 0.0605388  ,  0.656648   ,  1.27697    ])
371     , -4996.59    , array([ 0.0723377  ,  0.652279   ,  1.28194    ])
372     , -4857.94    , array([ 0.0790734  ,  0.643627   ,  1.29192    ])
373     , -4674.48    , array([ 0.0691882  ,  0.63509    ,  1.27697    ])
374     , -4368.02    , array([ 0.0691882  ,  0.618354   ,  1.27697    ])
375     , -4278.37    , array([ 0.0691882  ,  0.622496   ,  1.30199    ])
376     , -3870.94    , array([ 0.0691882  ,  0.606093   ,  1.32236    ])
377     , -3876.7     , array([ 0.0864363  ,  0.590121   ,  1.31724    ])
378     , -3285.27    , array([ 0.0702225  ,  0.568212   ,  1.31894    ])
379     , -2691.8     , array([ 0.0661758  ,  0.533886   ,  1.33266    ])
380     , -2681.96    , array([ 0.0779088  ,  0.536268   ,  1.37291    ])
381     , -2169.97    , array([ 0.0826729  ,  0.499406   ,  1.42355    ])
382     , -1548.94    , array([ 0.0605388  ,  0.502752   ,  1.40162    ])
383     , -1013.29    , array([ 0.0506644  ,  0.464045   ,  1.44582    ])
384     , -1015.64    , array([ 0.0614438  ,  0.409672   ,  1.48179    ])
385     , -1042.75    , array([ 0.0611406  ,  0.389808   ,  1.57808    ])
386     , -1134.77    , array([ 0.0400231  ,  0.353273   ,  1.5824     ])
387     , -929.975    , array([ 0.0479815  ,  0.385209   ,  1.54109    ])
388     , -950.414    , array([ 0.046044   ,  0.449032   ,  1.40505    ])
389     , -908.776    , array([ 0.0377997  ,  0.454206   ,  1.44423    ])
390     , -1152.14    , array([ 0.0296478  ,  0.478257   ,  1.4258     ])
391     , -739.522    , array([ 0.0377098  ,  0.395298   ,  1.47908    ])
392     , -863.342    , array([ 0.0325334  ,  0.364844   ,  1.49599    ])
likelihood = -739.52
theta = 16415.12
Optimized parameters = [0.03770976 0.39529782 1.47907534]

Round_4_Replicate_5
393     , -2960.31    , array([ 0.0429427  ,  0.251689   ,  1.60895    ])
394     , -2964.52    , array([ 0.0366888  ,  0.251689   ,  1.60895    ])
395     , -3475.87    , array([ 0.0429427  ,  0.234913   ,  1.60895    ])
396     , -3068.02    , array([ 0.0429427  ,  0.251689   ,  1.64767    ])
397     , -2556.56    , array([ 0.038665   ,  0.269662   ,  1.63466    ])
398     , -2166.19    , array([ 0.0366888  ,  0.28892    ,  1.64767    ])
399     , -2326.01    , array([ 0.0348135  ,  0.275935   ,  1.59625    ])
400     , -2021.08    , array([ 0.0393472  ,  0.293383   ,  1.62605    ])
401     , -1640.74    , array([ 0.0407478  ,  0.316752   ,  1.63466    ])
402     , -1367.38    , array([ 0.0324615  ,  0.341983   ,  1.64332    ])
403     , -904.17     , array([ 0.0282233  ,  0.398635   ,  1.66078    ])
404     , -988.327    , array([ 0.0348135  ,  0.398635   ,  1.70075    ])
405     , -831.104    , array([ 0.0318987  ,  0.47185    ,  1.68287    ])
406     , -1717.53    , array([ 0.0297435  ,  0.602999   ,  1.70075    ])
407     , -1393.89    , array([ 0.0243958  ,  0.561371   ,  1.72945    ])
408     , -924.256    , array([ 0.027734   ,  0.486539   ,  1.70525    ])
409     , -1123.99    , array([ 0.0245384  ,  0.509435   ,  1.66518    ])
410     , -804.947    , array([ 0.0318987  ,  0.423842   ,  1.69179    ])
411     , -1044.24    , array([ 0.0338135  ,  0.380719   ,  1.65203    ])
412     , -835.311    , array([ 0.0291428  ,  0.457604   ,  1.69179    ])
413     , -930.959    , array([ 0.0339451  ,  0.509435   ,  1.71731    ])
414     , -826.505    , array([ 0.0295563  ,  0.423842   ,  1.67474    ])
415     , -788.726    , array([ 0.0331843  ,  0.421682   ,  1.67449    ])
416     , -809.264    , array([ 0.0354105  ,  0.404793   ,  1.66591    ])
417     , -1105.37    , array([ 0.0311265  ,  0.379424   ,  1.67777    ])
418     , -792.063    , array([ 0.0317039  ,  0.446821   ,  1.68159    ])
419     , -761.075    , array([ 0.0352015  ,  0.437534   ,  1.69052    ])
420     , -743.802    , array([ 0.0384165  ,  0.444544   ,  1.69846    ])
421     , -755.303    , array([ 0.0369206  ,  0.451667   ,  1.67788    ])
likelihood = -743.8
theta = 15008.3
Optimized parameters = [0.03841646 0.44454421 1.69846213]

Round_1_Replicate_1
1292    , -94146      , array([ 0.716511   ,  0.196209   ,  0.2038     ])
1293    , -93620      , array([ 0.704668   ,  0.196209   ,  0.2038     ])
1294    , -91242.6    , array([ 0.716511   ,  0.180865   ,  0.2038     ])
1295    , -99459.3    , array([ 0.716511   ,  0.196209   ,  0.18822    ])
1296    , -86950.8    , array([ 0.708594   ,  0.185842   ,  0.220671   ])
1297    , -81387.7    , array([ 0.704668   ,  0.180865   ,  0.238938   ])
1298    , -83439.8    , array([ 0.700763   ,  0.176022   ,  0.226599   ])
likelihood = -81387.74
theta = 17586.87
Optimized parameters = [0.70466763 0.18086531 0.23893772]

Round_1_Replicate_2
1299    , -228304     , array([ 0.829117   ,  2.35872    ,  0.175102   ])
1300    , -227606     , array([ 0.821385   ,  2.35872    ,  0.175102   ])
1301    , -229397     , array([ 0.829117   ,  2.46213    ,  0.175102   ])
1302    , -236181     , array([ 0.829117   ,  2.35872    ,  0.160493   ])
1303    , -220586     , array([ 0.823954   ,  2.42717    ,  0.191041   ])
1304    , -212653     , array([ 0.821385   ,  2.46213    ,  0.208431   ])
1305    , -216298     , array([ 0.818824   ,  2.32523    ,  0.196671   ])
likelihood = -212652.59
theta = 13113.82
Optimized parameters = [0.82138507 2.46213085 0.20843125]

Round_1_Replicate_3
1306    , -128787     , array([ 0.314374   ,  0.382089   ,  0.12627    ])
1307    , -125399     , array([ 0.296701   ,  0.382089   ,  0.12627    ])
1308    , -126711     , array([ 0.314374   ,  0.364144   ,  0.12627    ])
1309    , -138778     , array([ 0.314374   ,  0.382089   ,  0.113858   ])
1310    , -115488     , array([ 0.302479   ,  0.37003    ,  0.140034   ])
1311    , -104370     , array([ 0.296701   ,  0.364144   ,  0.155299   ])
1312    , -108845     , array([ 0.291033   ,  0.358351   ,  0.144948   ])
likelihood = -104370.22
theta = 17903.04
Optimized parameters = [0.29670074 0.36414395 0.15529916]

Round_1_Replicate_4
1313    , -23692.2    , array([ 0.222382   ,  1.26934    ,  1.11846    ])
1314    , -23003.3    , array([ 0.206279   ,  1.26934    ,  1.11846    ])
1315    , -23949.4    , array([ 0.222382   ,  1.28457    ,  1.11846    ])
1316    , -23559.6    , array([ 0.222382   ,  1.26934    ,  1.12473    ])
1317    , -22881.6    , array([ 0.211513   ,  1.25429    ,  1.12264    ])
1318    , -22364.7    , array([ 0.206279   ,  1.23942    ,  1.12473    ])
1319    , -22283.7    , array([ 0.201174   ,  1.24932    ,  1.12683    ])
1320    , -21638.8    , array([ 0.191342   ,  1.23942    ,  1.13105    ])
likelihood = -21638.78
theta = 12033.52
Optimized parameters = [0.1913416  1.23942447 1.1310467 ]

Round_1_Replicate_5
1321    , -65477.9    , array([ 0.767077   ,  0.430265   ,  0.509392   ])
1322    , -64960.4    , array([ 0.756974   ,  0.430265   ,  0.509392   ])
1323    , -64252.5    , array([ 0.767077   ,  0.412499   ,  0.509392   ])
1324    , -67473.9    , array([ 0.767077   ,  0.430265   ,  0.492498   ])
1325    , -62397.2    , array([ 0.760327   ,  0.418338   ,  0.526865   ])
1326    , -59989.3    , array([ 0.756974   ,  0.412499   ,  0.544938   ])
1327    , -60676.8    , array([ 0.753636   ,  0.406742   ,  0.532822   ])
likelihood = -59989.27
theta = 14565.21
Optimized parameters = [0.75697411 0.41249923 0.54493776]

Round_1_Replicate_6
1328    , -118053     , array([ 2.35236    ,  1.05028    ,  0.766136   ])
1329    , -119547     , array([ 2.45515    ,  1.05028    ,  0.766136   ])
1330    , -118189     , array([ 2.35236    ,  1.05286    ,  0.766136   ])
1331    , -119071     , array([ 2.35236    ,  1.05028    ,  0.755999   ])
1332    , -117289     , array([ 2.25387    ,  1.052      ,  0.759363   ])
1333    , -116101     , array([ 2.1595     ,  1.05286    ,  0.755999   ])
1334    , -115843     , array([ 2.22196    ,  1.05372    ,  0.769546   ])
1335    , -114206     , array([ 2.1595     ,  1.05544    ,  0.776409   ])
likelihood = -114206.26
theta = 9550.58
Optimized parameters = [2.15950043 1.05544126 0.7764094 ]

Round_1_Replicate_7
1336    , -73794.1    , array([ 1.72595    ,  1.02024    ,  1.21738    ])
1337    , -74821.2    , array([ 1.7737     ,  1.02024    ,  1.21738    ])
1338    , -73829.9    , array([ 1.72595    ,  1.02126    ,  1.21738    ])
1339    , -73214.7    , array([ 1.72595    ,  1.02024    ,  1.22942    ])
1340    , -72397.4    , array([ 1.67949    ,  1.02092    ,  1.22539    ])
1341    , -71176.7    , array([ 1.63428    ,  1.02126    ,  1.22942    ])
1342    , -71633.2    , array([ 1.66428    ,  1.0199     ,  1.23345    ])
likelihood = -71176.72
theta = 8809.12
Optimized parameters = [1.63427984 1.02126368 1.22941695]

Round_1_Replicate_8
1343    , -40840.4    , array([ 0.13431    ,  1.55058    ,  0.543308   ])
1344    , -39744.8    , array([ 0.121483   ,  1.55058    ,  0.543308   ])
1345    , -41261.3    , array([ 0.13431    ,  1.58496    ,  0.543308   ])
1346    , -41653.6    , array([ 0.13431    ,  1.55058    ,  0.526985   ])
1347    , -39604.8    , array([ 0.125616   ,  1.57341    ,  0.560136   ])
1348    , -38679.3    , array([ 0.121483   ,  1.58496    ,  0.577486   ])
1349    , -38305      , array([ 0.117485   ,  1.53928    ,  0.565861   ])
1350    , -37007.8    , array([ 0.10988    ,  1.51694    ,  0.577486   ])
likelihood = -37007.83
theta = 13834.93
Optimized parameters = [0.10988017 1.51693954 0.57748564]

Round_1_Replicate_9
1351    , -24080.5    , array([ 0.135989   ,  4.30392    ,  3.39378    ])
1352    , -23957.3    , array([ 0.123078   ,  4.30392    ,  3.39378    ])
1353    , -25410.8    , array([ 0.135989   ,  4.62975    ,  3.39378    ])
1354    , -23053.5    , array([ 0.135989   ,  4.30392    ,  3.60759    ])
1355    , -21958.8    , array([ 0.127239   ,  4.00103    ,  3.53487    ])
1356    , -20206.5    , array([ 0.123078   ,  3.71945    ,  3.60759    ])
1357    , -20753      , array([ 0.119052   ,  3.90487    ,  3.68182    ])
likelihood = -20206.53
theta = 5387.07
Optimized parameters = [0.12307762 3.71944501 3.60759401]

Round_1_Replicate_10
1358    , -126104     , array([ 0.153937   ,  6.47512    ,  0.127896   ])
1359    , -119500     , array([ 0.140187   ,  6.47512    ,  0.127896   ])
1360    , -126442     , array([ 0.153937   ,  7.10903    ,  0.127896   ])
1361    , -133705     , array([ 0.153937   ,  6.47512    ,  0.115398   ])
1362    , -114993     , array([ 0.144628   ,  6.89112    ,  0.141747   ])
1363    , -106796     , array([ 0.140187   ,  7.10903    ,  0.157098   ])
1364    , -108550     , array([ 0.135883   ,  6.27664    ,  0.14669    ])
likelihood = -106795.96
theta = 14995.24
Optimized parameters = [0.14018738 7.10903251 0.15709829]

Round_2_Replicate_1
1365    , -2855.43    , array([ 0.138225   ,  1.48283    ,  4.53532    ])
1366    , -2794.7     , array([ 0.125204   ,  1.48283    ,  4.53532    ])
1367    , -3020.23    , array([ 0.138225   ,  1.51233    ,  4.53532    ])
1368    , -2332.34    , array([ 0.138225   ,  1.48283    ,  4.89146    ])
1369    , -2318.49    , array([ 0.129402   ,  1.45391    ,  4.76975    ])
1370    , -2021.63    , array([ 0.125204   ,  1.42555    ,  4.89146    ])
1371    , -1951.36    , array([ 0.121142   ,  1.44439    ,  5.01629    ])
1372    , -1613.15    , array([ 0.113409   ,  1.42555    ,  5.27557    ])
1373    , -1367.14    , array([ 0.125204   ,  1.40695    ,  5.54825    ])
1374    , -1004.28    , array([ 0.125204   ,  1.37048    ,  6.13663    ])
1375    , -992.31     , array([ 0.106169   ,  1.33495    ,  5.98393    ])
1376    , -912.183    , array([ 0.0930477  ,  1.26664    ,  6.61851    ])
likelihood = -912.18
theta = 5338.4
Optimized parameters = [0.09304769 1.26664381 6.61851421]

Round_2_Replicate_2
1377    , -45693.4    , array([ 0.096365   ,  7.50314    ,  1.28837    ])
1378    , -45440      , array([ 0.0857265  ,  7.50314    ,  1.28837    ])
1379    , -46705.8    , array([ 0.096365   ,  8.29861    ,  1.28837    ])
1380    , -45541.9    , array([ 0.096365   ,  7.50314    ,  1.3048     ])
1381    , -44339.6    , array([ 0.0891353  ,  6.78392    ,  1.2993     ])
1382    , -43064.7    , array([ 0.0857265  ,  6.13365    ,  1.3048     ])
1383    , -43716      , array([ 0.0824481  ,  6.55985    ,  1.31032    ])
1384    , -42637.1    , array([ 0.0743056  ,  5.99783    ,  1.29747    ])
1385    , -41154.6    , array([ 0.0652488  ,  5.36252    ,  1.29383    ])
1386    , -39527.3    , array([ 0.0696301  ,  4.79451    ,  1.31772    ])
1387    , -35770      , array([ 0.0627535  ,  3.83262    ,  1.33264    ])
likelihood = -35770.01
theta = 8608.76
Optimized parameters = [0.06275346 3.83261694 1.33264354]

Round_2_Replicate_3
1388    , -21136.5    , array([ 0.151707   ,  1.28667    ,  1.12178    ])
1389    , -20676.5    , array([ 0.138056   ,  1.28667    ,  1.12178    ])
1390    , -21401.9    , array([ 0.151707   ,  1.30299    ,  1.12178    ])
1391    , -21019.6    , array([ 0.151707   ,  1.28667    ,  1.12824    ])
1392    , -20480.3    , array([ 0.142464   ,  1.27056    ,  1.12608    ])
1393    , -20034.1    , array([ 0.138056   ,  1.25465    ,  1.12824    ])
1394    , -20036.6    , array([ 0.133785   ,  1.26523    ,  1.1304     ])
1395    , -19557.7    , array([ 0.123029   ,  1.25114    ,  1.12536    ])
1396    , -18937.8    , array([ 0.110792   ,  1.23374    ,  1.12393    ])
1397    , -18658.9    , array([ 0.11675    ,  1.21658    ,  1.13329    ])
1398    , -17729.9    , array([ 0.107364   ,  1.18298    ,  1.1391     ])
likelihood = -17729.86
theta = 12567.61
Optimized parameters = [0.10736366 1.18298389 1.13909543]

Round_2_Replicate_4
1399    , -41123.4    , array([ 0.106465   ,  11.948     ,  3.00824    ])
1400    , -41015      , array([ 0.0951851  ,  11.948     ,  3.00824    ])
1401    , -42573.5    , array([ 0.106465   ,  13.5257    ,  3.00824    ])
1402    , -40517.2    , array([ 0.106465   ,  11.948     ,  3.17854    ])
1403    , -39086.9    , array([ 0.0988057  ,  10.5543    ,  3.12073    ])
1404    , -37181.4    , array([ 0.0951851  ,  9.32323    ,  3.17854    ])
1405    , -38059.4    , array([ 0.0916971  ,  10.1269    ,  3.23742    ])
1406    , -35989.5    , array([ 0.100043   ,  9.06977    ,  3.39983    ])
1407    , -33146.1    , array([ 0.102564   ,  7.90218    ,  3.61435    ])
1408    , -31320.1    , array([ 0.0872445  ,  6.88489    ,  3.50545    ])
1409    , -25911      , array([ 0.0789774  ,  5.22634    ,  3.68131    ])
likelihood = -25911.03
theta = 4802.76
Optimized parameters = [0.07897742 5.22633617 3.68130981]

Round_2_Replicate_5
1410    , -28254.7    , array([ 0.0435813  ,  12.8083    ,  9.11786    ])
1411    , -28395.9    , array([ 0.0372619  ,  12.8083    ,  9.11786    ])
1412    , -30445.5    , array([ 0.0435813  ,  14.5501    ,  9.11786    ])
1413    , -26564      , array([ 0.0435813  ,  12.8083    ,  10.1833    ])
1414    , -24956.7    , array([ 0.0392594  ,  11.275     ,  9.81498    ])
1415    , -22099      , array([ 0.0372619  ,  9.92527    ,  10.1833    ])
1416    , -22867.9    , array([ 0.0459176  ,  10.8058    ,  10.5654    ])
1417    , -19298.3    , array([ 0.0406502  ,  9.64799    ,  11.656     ])
1418    , -14744.3    , array([ 0.0392594  ,  8.37355    ,  13.1788    ])
1419    , -13222.9    , array([ 0.0379162  ,  7.26745    ,  12.394     ])
1420    , -7496.64    , array([ 0.0353661  ,  5.47429    ,  13.6733    ])
likelihood = -7496.64
theta = 2239.48
Optimized parameters = [ 0.0353661   5.47428771 13.67330014]

Round_2_Replicate_6
1421    , -11664.3    , array([ 0.108809   ,  7.66246    ,  13.6773    ])
1422    , -11747.6    , array([ 0.0973859  ,  7.66246    ,  13.6773    ])
1423    , -13458      , array([ 0.108809   ,  8.48372    ,  13.6773    ])
1424    , -9699.54    , array([ 0.108809   ,  7.66246    ,  15.5884    ])
1425    , -8764.48    , array([ 0.101054   ,  6.92069    ,  14.9234    ])
1426    , -6747.29    , array([ 0.0973859  ,  6.25074    ,  15.5884    ])
1427    , -7028.25    , array([ 0.112906   ,  6.68976    ,  16.283     ])
1428    , -4691.56    , array([ 0.103575   ,  6.1109     ,  18.2904    ])
1429    , -2779.67    , array([ 0.101054   ,  5.45724    ,  21.1512    ])
1430    , -2472.18    , array([ 0.0985935  ,  4.87351    ,  19.6689    ])
1431    , -1695.48    , array([ 0.0938514  ,  3.88668    ,  22.0937    ])
likelihood = -1695.48
theta = 1770.47
Optimized parameters = [ 0.09385137  3.88667956 22.09368645]

Round_2_Replicate_7
1432    , -19497.3    , array([ 0.0617169  ,  6.39397    ,  7.02469    ])
1433    , -19596.9    , array([ 0.0536938  ,  6.39397    ,  7.02469    ])
1434    , -21221.7    , array([ 0.0617169  ,  7.0155     ,  7.02469    ])
1435    , -17920.9    , array([ 0.0617169  ,  6.39397    ,  7.74388    ])
1436    , -16786.2    , array([ 0.056245   ,  5.82749    ,  7.49632    ])
1437    , -14595.2    , array([ 0.0536938  ,  5.31121    ,  7.74388    ])
1438    , -15069.8    , array([ 0.0646493  ,  5.65005    ,  7.99962    ])
1439    , -12319.6    , array([ 0.0580128  ,  5.20284    ,  8.72363    ])
1440    , -9072.45    , array([ 0.056245   ,  4.69327    ,  9.72147    ])
1441    , -8235.11    , array([ 0.0545311  ,  4.2336     ,  9.20904    ])
1442    , -4677.82    , array([ 0.0512583  ,  3.44493    ,  10.0425    ])
likelihood = -4677.82
theta = 3142.62
Optimized parameters = [ 0.05125828  3.44492889 10.04251224]

Round_2_Replicate_8
1443    , -45364.8    , array([ 0.339383   ,  2.46109    ,  1.06473    ])
1444    , -44236.4    , array([ 0.321532   ,  2.46109    ,  1.06473    ])
1445    , -46235.3    , array([ 0.339383   ,  2.57445    ,  1.06473    ])
1446    , -45261.3    , array([ 0.339383   ,  2.46109    ,  1.06807    ])
1447    , -43654.3    , array([ 0.327376   ,  2.35273    ,  1.06695    ])
1448    , -42362      , array([ 0.321532   ,  2.24913    ,  1.06807    ])
1449    , -42574.7    , array([ 0.315793   ,  2.31768    ,  1.06919    ])
1450    , -40956.4    , array([ 0.300985   ,  2.22674    ,  1.06658    ])
1451    , -38938.1    , array([ 0.283447   ,  2.11807    ,  1.06584    ])
1452    , -38288.6    , array([ 0.292084   ,  2.0147     ,  1.07068    ])
1453    , -35342.7    , array([ 0.278388   ,  1.82285    ,  1.07367    ])
likelihood = -35342.67
theta = 10591.95
Optimized parameters = [0.2783878  1.82285417 1.07366597]

Round_2_Replicate_9
1454    , -36938.4    , array([ 0.12174    ,  9.1692     ,  3.24315    ])
1455    , -36819.4    , array([ 0.109573   ,  9.1692     ,  3.24315    ])
1456    , -38453.8    , array([ 0.12174    ,  10.2435    ,  3.24315    ])
1457    , -36172.8    , array([ 0.12174    ,  9.1692     ,  3.43965    ])
1458    , -34742.3    , array([ 0.113487   ,  8.20757    ,  3.37286    ])
1459    , -32753.2    , array([ 0.109573   ,  7.3468     ,  3.43965    ])
1460    , -33592.2    , array([ 0.105794   ,  7.90999    ,  3.50777    ])
1461    , -31374.1    , array([ 0.114823   ,  7.16812    ,  3.69607    ])
1462    , -28371.3    , array([ 0.117541   ,  6.33786    ,  3.94573    ])
1463    , -26650.6    , array([ 0.100957   ,  5.60376    ,  3.81886    ])
1464    , -21311.5    , array([ 0.091937   ,  4.38081    ,  4.02387    ])
likelihood = -21311.46
theta = 4843.17
Optimized parameters = [0.09193702 4.38080734 4.02386815]

Round_2_Replicate_10
1465    , -49417.8    , array([ 0.0336613  ,  13.6847    ,  1.20864    ])
1466    , -49345.2    , array([ 0.0284111  ,  13.6847    ,  1.20864    ])
1467    , -50225.8    , array([ 0.0336613  ,  15.5972    ,  1.20864    ])
1468    , -49347.1    , array([ 0.0336613  ,  13.6847    ,  1.22015    ])
1469    , -48427      , array([ 0.0300632  ,  12.0067    ,  1.2163     ])
1470    , -47403      , array([ 0.0284111  ,  10.5344    ,  1.22015    ])
1471    , -48027.5    , array([ 0.0268497  ,  11.4944    ,  1.22401    ])
1472    , -47176.9    , array([ 0.0230929  ,  10.2326    ,  1.21502    ])
1473    , -45989.7    , array([ 0.0191273  ,  8.84834    ,  1.21247    ])
1474    , -44509.6    , array([ 0.0210168  ,  7.65134    ,  1.22918    ])
1475    , -41378.5    , array([ 0.0180761  ,  5.72123    ,  1.23957    ])
likelihood = -41378.46
theta = 8193.83
Optimized parameters = [0.01807611 5.72123011 1.23957105]

Round_3_Replicate_1
1476    , -23314.8    , array([ 0.229071   ,  2.54589    ,  2.24182    ])
1477    , -22975.2    , array([ 0.212799   ,  2.54589    ,  2.24182    ])
1478    , -24228.1    , array([ 0.229071   ,  2.66766    ,  2.24182    ])
1479    , -22525.9    , array([ 0.229071   ,  2.54589    ,  2.33416    ])
1480    , -21648.9    , array([ 0.21809    ,  2.42967    ,  2.30296    ])
1481    , -20371.7    , array([ 0.212799   ,  2.31876    ,  2.33416    ])
1482    , -20633.5    , array([ 0.207636   ,  2.39212    ,  2.36577    ])
1483    , -19368.4    , array([ 0.219883   ,  2.29481    ,  2.4522     ])
1484    , -17588.8    , array([ 0.223513   ,  2.17871    ,  2.56468    ])
1485    , -16622.7    , array([ 0.200946   ,  2.06849    ,  2.50781    ])
1486    , -13858.8    , array([ 0.188206   ,  1.86449    ,  2.59942    ])
1487    , -13920.3    , array([ 0.207636   ,  1.86449    ,  2.63463    ])
1488    , -10313.9    , array([ 0.199307   ,  1.66325    ,  2.89483    ])
1489    , -6398.3     , array([ 0.192886   ,  1.40866    ,  3.22381    ])
1490    , -5959.53    , array([ 0.171997   ,  1.32358    ,  3.06863    ])
1491    , -2408.61    , array([ 0.150879   ,  1.03164    ,  3.3566     ])
1492    , -2194.41    , array([ 0.149649   ,  1.04241    ,  3.51057    ])
1493    , -1088.5     , array([ 0.127045   ,  0.779428   ,  4.05235    ])
1494    , -2787.31    , array([ 0.127045   ,  0.582794   ,  4.78382    ])
likelihood = -1088.5
theta = 8073.46
Optimized parameters = [0.12704534 0.77942841 4.05234778]

Round_3_Replicate_2
1495    , -1736.03    , array([ 0.304819   ,  1.45228    ,  6.77084    ])
1496    , -1615.95    , array([ 0.287239   ,  1.45228    ,  6.77084    ])
1497    , -1766.93    , array([ 0.304819   ,  1.47963    ,  6.77084    ])
1498    , -1500.81    , array([ 0.304819   ,  1.45228    ,  7.45032    ])
1499    , -1481.79    , array([ 0.292983   ,  1.42543    ,  7.21657    ])
1500    , -1401.78    , array([ 0.287239   ,  1.39909    ,  7.45032    ])
1501    , -1334.26    , array([ 0.281607   ,  1.4166     ,  7.69164    ])
1502    , -1262.73    , array([ 0.270673   ,  1.39909    ,  8.19798    ])
1503    , -1413.65    , array([ 0.287239   ,  1.38179    ,  8.73766    ])
1504    , -1426.35    , array([ 0.260164   ,  1.33671    ,  8.831      ])
1505    , -1338.9     , array([ 0.270673   ,  1.36471    ,  8.46352    ])
1506    , -1265.71    , array([ 0.265367   ,  1.3933     ,  7.37157    ])
1507    , -1273.38    , array([ 0.251718   ,  1.37228    ,  8.58428    ])
1508    , -1184.88    , array([ 0.254503   ,  1.41204    ,  7.62833    ])
1509    , -1198.2     , array([ 0.246783   ,  1.43631    ,  7.24217    ])
1510    , -1454.64    , array([ 0.275682   ,  1.43125    ,  6.95175    ])
1511    , -1219.94    , array([ 0.257506   ,  1.38679    ,  8.14332    ])
1512    , -1243.56    , array([ 0.256313   ,  1.40526    ,  8.65098    ])
likelihood = -1184.88
theta = 4652.99
Optimized parameters = [0.25450254 1.41203597 7.62833205]

Round_3_Replicate_3
1513    , -3282.28    , array([ 0.0461118  ,  0.620173   ,  5.32196    ])
1514    , -3426.65    , array([ 0.0395369  ,  0.620173   ,  5.32196    ])
1515    , -3447.65    , array([ 0.0461118  ,  0.605534   ,  5.32196    ])
1516    , -3853.14    , array([ 0.0461118  ,  0.620173   ,  5.78596    ])
1517    , -2958.7     , array([ 0.0416172  ,  0.610375   ,  4.89517    ])
1518    , -2467.86    , array([ 0.0395369  ,  0.605534   ,  4.50261    ])
1519    , -2620.7     , array([ 0.0375606  ,  0.625131   ,  4.76066    ])
1520    , -2253.97    , array([ 0.0423346  ,  0.613624   ,  4.41974    ])
1521    , -1839.79    , array([ 0.0438069  ,  0.610375   ,  4.02772    ])
1522    , -1654.06    , array([ 0.0350784  ,  0.607144   ,  3.67048    ])
1523    , -1276.03    , array([ 0.0305952  ,  0.600732   ,  3.04823    ])
1524    , -1195.73    , array([ 0.0375606  ,  0.586552   ,  3.04823    ])
1525    , -950.114    , array([ 0.0375606  ,  0.568164   ,  2.43915    ])
1526    , -919.48     , array([ 0.0344839  ,  0.580357   ,  2.14174    ])
1527    , -1937.7     , array([ 0.032205   ,  0.568164   ,  1.47712    ])
1528    , -1614.79    , array([ 0.0265334  ,  0.55672    ,  1.57148    ])
1529    , -1037.05    , array([ 0.0300767  ,  0.569674   ,  1.98837    ])
1530    , -1422.25    , array([ 0.0375606  ,  0.545988   ,  1.56178    ])
1531    , -1050.68    , array([ 0.032205   ,  0.586552   ,  2.57894    ])
1532    , -1049.06    , array([ 0.0356832  ,  0.559188   ,  1.84598    ])
1533    , -943.592    , array([ 0.0347799  ,  0.565907   ,  2.00692    ])
likelihood = -919.48
theta = 12616.29
Optimized parameters = [0.03448393 0.5803574  2.14173633]

Round_3_Replicate_4
1534    , -2678.62    , array([ 0.0459449  ,  4.02631    ,  25.3863    ])
1535    , -2852.53    , array([ 0.0393867  ,  4.02631    ,  25.3863    ])
1536    , -2610.91    , array([ 0.0459449  ,  4.31671    ,  25.3863    ])
1537    , -3745.01    , array([ 0.0459449  ,  4.02631    ,  29.8421    ])
1538    , -2627.24    , array([ 0.0414615  ,  4.21765    ,  21.5958    ])
1539    , -2444.5     , array([ 0.0500492  ,  4.35024    ,  22.7918    ])
1540    , -2440.58    , array([ 0.0564185  ,  4.52185    ,  21.5958    ])
1541    , -2856.97    , array([ 0.0492     ,  4.70023    ,  20.4625    ])
1542    , -2526.73    , array([ 0.0467379  ,  4.18514    ,  24.0541    ])
1543    , -2344.14    , array([ 0.0590528  ,  4.46391    ,  25.8465    ])
1544    , -2281.9     , array([ 0.0704754  ,  4.59237    ,  28.2761    ])
1545    , -2115.53    , array([ 0.0708786  ,  4.54524    ,  23.6257    ])
1546    , -1971.77    , array([ 0.0880347  ,  4.664      ,  22.7918    ])
1547    , -1905.06    , array([ 0.106269   ,  5.03923    ,  24.0541    ])
1548    , -1880       , array([ 0.160241   ,  5.52957    ,  24.0541    ])
1549    , -1379.03    , array([ 0.176559   ,  5.33345    ,  28.7887    ])
1551    , -2210.85    , array([ 0.26072    ,  5.80232    ,  22.2523    ])
1552    , -1777.71    , array([ 0.187992   ,  5.47281    ,  23.6257    ])
1553    , -1435.3     , array([ 0.346111   ,  6.35597    ,  28.2761    ])
likelihood = -1379.03
theta = 1351.44
Optimized parameters = [ 0.1765587   5.33345495 28.78870887]

Round_3_Replicate_5
1554    , -9100.31    , array([ 0.0589158  ,  0.516715   ,  8.3556     ])
1555    , -9244.78    , array([ 0.0511379  ,  0.516715   ,  8.3556     ])
1556    , -9474.82    , array([ 0.0589158  ,  0.499935   ,  8.3556     ])
1557    , -10294.3    , array([ 0.0589158  ,  0.516715   ,  9.2913     ])
1558    , -8303.71    , array([ 0.0536092  ,  0.505467   ,  7.51413    ])
1559    , -7394.09    , array([ 0.0511379  ,  0.499935   ,  6.7574     ])
1560    , -7686.78    , array([ 0.0487806  ,  0.522432   ,  7.25291    ])
1561    , -6922.9     , array([ 0.0544592  ,  0.509189   ,  6.59987    ])
1562    , -5898.83    , array([ 0.0561999  ,  0.505467   ,  5.86563    ])
1563    , -4773.16    , array([ 0.0458056  ,  0.501772   ,  5.21307    ])
1564    , -3318.46    , array([ 0.0403889  ,  0.494464   ,  4.11767    ])
1565    , -3413.26    , array([ 0.0487806  ,  0.478406   ,  4.11767    ])
1566    , -1934.99    , array([ 0.0450907  ,  0.485477   ,  3.17662    ])
1567    , -965.358    , array([ 0.0423407  ,  0.478406   ,  2.178      ])
1568    , -801.952    , array([ 0.0339711  ,  0.46287    ,  1.89057    ])
1569    , -1815.08    , array([ 0.0264117  ,  0.442938   ,  1.07333    ])
1570    , -915.431    , array([ 0.0307497  ,  0.478406   ,  1.60282    ])
1571    , -3553.98    , array([ 0.0309654  ,  0.452794   ,  0.854487   ])
1572    , -1533.95    , array([ 0.0377934  ,  0.4837     ,  2.77917    ])
likelihood = -801.95
theta = 14146.23
Optimized parameters = [0.03397112 0.46287031 1.89057232]

Round_4_Replicate_1
1573    , -910.858    , array([ 0.0450198  ,  0.290644   ,  1.04448    ])
1574    , -847.458    , array([ 0.0385544  ,  0.290644   ,  1.04448    ])
1575    , -1187.55    , array([ 0.0450198  ,  0.273231   ,  1.04448    ])
1576    , -912.943    , array([ 0.0450198  ,  0.290644   ,  1.04675    ])
1577    , -783.514    , array([ 0.0405992  ,  0.309167   ,  1.04599    ])
1578    , -764.292    , array([ 0.0385544  ,  0.328871   ,  1.04675    ])
1579    , -747.783    , array([ 0.0366126  ,  0.3156     ,  1.04372    ])
1580    , -746.747    , array([ 0.0330175  ,  0.328871   ,  1.04221    ])
1581    , -794.72     , array([ 0.0297754  ,  0.3427     ,  1.04448    ])
1582    , -1097.13    , array([ 0.0292669  ,  0.382485   ,  1.04448    ])
1583    , -750.554    , array([ 0.0359873  ,  0.311297   ,  1.04448    ])
1584    , -822.418    , array([ 0.0429986  ,  0.304255   ,  1.04448    ])
1585    , -754.055    , array([ 0.0326405  ,  0.332655   ,  1.04448    ])
1586    , -742.138    , array([ 0.0297185  ,  0.319476   ,  1.0407     ])
1587    , -767.487    , array([ 0.0260917  ,  0.314879   ,  1.03768    ])
1588    , -749.91     , array([ 0.0329754  ,  0.307443   ,  1.04045    ])
1589    , -755.808    , array([ 0.0282157  ,  0.325819   ,  1.03777    ])
1590    , -739.665    , array([ 0.0338637  ,  0.314866   ,  1.0428     ])
1591    , -763.036    , array([ 0.0313435  ,  0.335193   ,  1.04336    ])
1592    , -738.944    , array([ 0.0325596  ,  0.314157   ,  1.04117    ])
1593    , -761.003    , array([ 0.0310134  ,  0.303935   ,  1.0409     ])
1594    , -738.083    , array([ 0.0325047  ,  0.322452   ,  1.04188    ])
1595    , -748.203    , array([ 0.0365774  ,  0.314814   ,  1.0432     ])
1596    , -737.777    , array([ 0.0313021  ,  0.318304   ,  1.04132    ])
1597    , -740.695    , array([ 0.03046    ,  0.321744   ,  1.04012    ])
1598    , -737.456    , array([ 0.0329787  ,  0.316571   ,  1.04213    ])
1599    , -739.64     , array([ 0.0319513  ,  0.324119   ,  1.04238    ])
1600    , -737.279    , array([ 0.0324065  ,  0.316619   ,  1.04148    ])
1601    , -741.739    , array([ 0.0319409  ,  0.311962   ,  1.0414     ])
1602    , -736.9      , array([ 0.0323628  ,  0.319797   ,  1.04176    ])
likelihood = -736.9
theta = 19866.54
Optimized parameters = [0.03236279 0.3197966  1.04176217]

Round_4_Replicate_2
1603    , -1162.16    , array([ 0.0494096  ,  0.389907   ,  1.8516     ])
1604    , -1158.81    , array([ 0.0425111  ,  0.389907   ,  1.8516     ])
1605    , -1320.04    , array([ 0.0494096  ,  0.371971   ,  1.8516     ])
1606    , -1226.78    , array([ 0.0494096  ,  0.389907   ,  1.90952    ])
1607    , -1065.47    , array([ 0.0446963  ,  0.408708   ,  1.89001    ])
1608    , -980.597    , array([ 0.0425111  ,  0.428416   ,  1.90952    ])
1609    , -988.939    , array([ 0.0404326  ,  0.415175   ,  1.83268    ])
1610    , -977.52     , array([ 0.0353736  ,  0.432923   ,  1.87712    ])
1611    , -863.354    , array([ 0.0299305  ,  0.456178   ,  1.89001    ])
1612    , -811.39     , array([ 0.0325384  ,  0.480683   ,  1.90299    ])
1613    , -961.271    , array([ 0.0284671  ,  0.533713   ,  1.92922    ])
1614    , -866.345    , array([ 0.0295989  ,  0.497747   ,  1.9715     ])
1615    , -1114.53    , array([ 0.0221151  ,  0.533093   ,  1.9329     ])
1616    , -935.836    , array([ 0.0361034  ,  0.45248    ,  1.91534    ])
1617    , -942.52     , array([ 0.02604    ,  0.504741   ,  1.92702    ])
1618    , -816.464    , array([ 0.0332715  ,  0.465015   ,  1.91825    ])
1619    , -945.704    , array([ 0.0343383  ,  0.438495   ,  1.83827    ])
1620    , -841.87     , array([ 0.0307186  ,  0.482223   ,  1.93731    ])
1621    , -797.398    , array([ 0.0345515  ,  0.496494   ,  1.94938    ])
1622    , -795.229    , array([ 0.037123   ,  0.51797    ,  1.97976    ])
1623    , -764.587    , array([ 0.038195   ,  0.492613   ,  1.92947    ])
1624    , -748.766    , array([ 0.0425901  ,  0.497892   ,  1.92556    ])
1625    , -816.773    , array([ 0.0415745  ,  0.534645   ,  1.95359    ])
1626    , -786.22     , array([ 0.0351771  ,  0.481522   ,  1.92702    ])
1627    , -757.052    , array([ 0.0447794  ,  0.517819   ,  1.98579    ])
1628    , -862.646    , array([ 0.0444756  ,  0.48045    ,  1.91267    ])
1629    , -772.087    , array([ 0.0388385  ,  0.508324   ,  1.96277    ])
1630    , -791.171    , array([ 0.0501386  ,  0.53582    ,  1.98924    ])
1631    , -763.999    , array([ 0.038436   ,  0.494558   ,  1.94239    ])
likelihood = -748.77
theta = 13753.27
Optimized parameters = [0.04259006 0.49789155 1.92555977]

Round_4_Replicate_3
1632    , -1063.16    , array([ 0.0351029  ,  0.468527   ,  2.18032    ])
1633    , -1143.75    , array([ 0.02969    ,  0.468527   ,  2.18032    ])
1634    , -1147.15    , array([ 0.0351029  ,  0.451099   ,  2.18032    ])
1635    , -1134.21    , array([ 0.0351029  ,  0.468527   ,  2.26698    ])
1636    , -1089.19    , array([ 0.0313946  ,  0.486629   ,  2.23772    ])
1637    , -1050.86    , array([ 0.0385257  ,  0.480519   ,  2.27682    ])
1638    , -1023.89    , array([ 0.0438854  ,  0.486629   ,  2.32665    ])
1639    , -982.19     , array([ 0.0378154  ,  0.492817   ,  2.22805    ])
1640    , -931.503    , array([ 0.0392493  ,  0.50543    ,  2.20883    ])
1641    , -951.084    , array([ 0.0490692  ,  0.486629   ,  2.23772    ])
1642    , -905.527    , array([ 0.0548652  ,  0.518366   ,  2.33675    ])
1643    , -918.681    , array([ 0.0685921  ,  0.54524    ,  2.41912    ])
1644    , -866.557    , array([ 0.0509297  ,  0.520554   ,  2.19612    ])
1645    , -876.528    , array([ 0.0548652  ,  0.538394   ,  2.13362    ])
1646    , -870.431    , array([ 0.0466937  ,  0.544475   ,  2.25501    ])
1647    , -895.342    , array([ 0.065542   ,  0.550883   ,  2.31623    ])
1648    , -890.279    , array([ 0.0527881  ,  0.55937    ,  2.1766     ])
1649    , -786.929    , array([ 0.0382523  ,  0.531744   ,  2.10672    ])
1650    , -897.573    , array([ 0.0292231  ,  0.522426   ,  2.00919    ])
1651    , -931.976    , array([ 0.0383168  ,  0.50629    ,  2.19363    ])
1652    , -871.287    , array([ 0.0487247  ,  0.5456     ,  2.18084    ])
1653    , -892.989    , array([ 0.0415122  ,  0.519068   ,  2.18936    ])
1654    , -869.387    , array([ 0.0468118  ,  0.538842   ,  2.18297    ])
1655    , -873.06     , array([ 0.0433908  ,  0.516546   ,  2.07201    ])
1656    , -870.956    , array([ 0.0458451  ,  0.537354   ,  2.2078     ])
1657    , -873.582    , array([ 0.0441382  ,  0.52612    ,  2.15096    ])
1658    , -885.751    , array([ 0.0423162  ,  0.535281   ,  2.14451    ])
1659    , -886.348    , array([ 0.0422627  ,  0.538072   ,  2.17961    ])
1660    , -764.335    , array([ 0.0407406  ,  0.52409    ,  2.08929    ])
1661    , -765.874    , array([ 0.0400002  ,  0.517236   ,  2.04555    ])
likelihood = -764.33
theta = 13058.67
Optimized parameters = [0.04074062 0.52408986 2.08929405]

Round_4_Replicate_4
1662    , -1437.64    , array([ 0.0361843  ,  0.793361   ,  2.681      ])
1663    , -1535.33    , array([ 0.0306511  ,  0.793361   ,  2.681      ])
1664    , -1386.36    , array([ 0.0361843  ,  0.784231   ,  2.681      ])
1665    , -1299.25    , array([ 0.0361843  ,  0.793361   ,  2.81652    ])
1666    , -1232.86    , array([ 0.0427164  ,  0.787263   ,  2.7706     ])
1667    , -1121.21    , array([ 0.0504276  ,  0.784231   ,  2.81652    ])
1668    , -1102.48    , array([ 0.045146   ,  0.781212   ,  2.86319    ])
1669    , -1100.32    , array([ 0.0504276  ,  0.775207   ,  2.95888    ])
1670    , -1045.08    , array([ 0.0563271  ,  0.784231   ,  3.05776    ])
1671    , -931.758    , array([ 0.0702775  ,  0.784231   ,  3.26555    ])
1672    , -970.903    , array([ 0.0876829  ,  0.769249   ,  3.21232    ])
1673    , -905.066    , array([ 0.090977   ,  0.76826    ,  3.50663    ])
1674    , -1075.33    , array([ 0.122198   ,  0.760397   ,  3.91271    ])
1675    , -1145.86    , array([ 0.134826   ,  0.772553   ,  3.73809    ])
1676    , -963.364    , array([ 0.0644829  ,  0.774543   ,  3.13695    ])
1677    , -900.136    , array([ 0.0631752  ,  0.782105   ,  3.3891     ])
1678    , -933.907    , array([ 0.0536244  ,  0.788614   ,  3.4811     ])
1679    , -876.717    , array([ 0.0847393  ,  0.781807   ,  3.65409    ])
1680    , -922.904    , array([ 0.0971416  ,  0.785465   ,  3.9438     ])
1681    , -894.588    , array([ 0.088083   ,  0.770557   ,  3.78337    ])
1682    , -875.064    , array([ 0.0665914  ,  0.788142   ,  3.70628    ])
1683    , -921.628    , array([ 0.0569719  ,  0.798276   ,  3.81033    ])
1684    , -963.308    , array([ 0.0993231  ,  0.778169   ,  4.07049    ])
1685    , -869.079    , array([ 0.0707412  ,  0.781119   ,  3.54793    ])
1686    , -903.915    , array([ 0.0615495  ,  0.797034   ,  3.49341    ])
1687    , -871.276    , array([ 0.0805333  ,  0.777092   ,  3.7087     ])
1688    , -886.866    , array([ 0.0618432  ,  0.782402   ,  3.65295    ])
1689    , -866.826    , array([ 0.0783225  ,  0.781956   ,  3.65381    ])
1690    , -888.665    , array([ 0.0876877  ,  0.772047   ,  3.56743    ])
1691    , -866.616    , array([ 0.0713342  ,  0.784087   ,  3.67107    ])
likelihood = -866.62
theta = 8659.05
Optimized parameters = [0.07133424 0.78408732 3.6710709 ]

Round_4_Replicate_5
1692    , -3005.83    , array([ 0.0492955  ,  0.377026   ,  2.90424    ])
1693    , -3055.22    , array([ 0.042408   ,  0.377026   ,  2.90424    ])
1694    , -3359.89    , array([ 0.0492955  ,  0.359079   ,  2.90424    ])
1695    , -3305.42    , array([ 0.0492955  ,  0.377026   ,  3.06326    ])
1696    , -2893.01    , array([ 0.0445897  ,  0.39587    ,  3.00931    ])
1697    , -2684.94    , array([ 0.042408   ,  0.415656   ,  3.06326    ])
1698    , -2551.69    , array([ 0.0403331  ,  0.402359   ,  2.85309    ])
1699    , -2238.14    , array([ 0.0364828  ,  0.415656   ,  2.75347    ])
1700    , -2227.45    , array([ 0.042408   ,  0.429393   ,  2.90424    ])
1701    , -1881.61    , array([ 0.042408   ,  0.458244   ,  2.90424    ])
1702    , -1715.65    , array([ 0.0330001  ,  0.489034   ,  2.90424    ])
1703    , -1423.47    , array([ 0.0270003  ,  0.556958   ,  2.90424    ])
1704    , -1265.91    , array([ 0.0283893  ,  0.53914    ,  2.65734    ])
1705    , -1154.46    , array([ 0.0232279  ,  0.614024   ,  2.47501    ])
1706    , -1247.25    , array([ 0.0244228  ,  0.69931    ,  2.75347    ])
1707    , -2709.55    , array([ 0.0145435  ,  0.840791   ,  2.51939    ])
1708    , -1321.55    , array([ 0.0324528  ,  0.533329   ,  2.80284    ])
1709    , -1245.35    , array([ 0.0258228  ,  0.672064   ,  2.4604     ])
1710    , -2651.7     , array([ 0.0184481  ,  0.818808   ,  2.33728    ])
1711    , -1160.93    , array([ 0.0281791  ,  0.593665   ,  2.67841    ])
1712    , -989.22     , array([ 0.0269669  ,  0.559873   ,  2.33574    ])
1713    , -937.513    , array([ 0.0283366  ,  0.500955   ,  2.15128    ])
1714    , -1336.26    , array([ 0.0271344  ,  0.478932   ,  2.39017    ])
1715    , -1077.33    , array([ 0.0261446  ,  0.617485   ,  2.44265    ])
1716    , -1091.82    , array([ 0.0236537  ,  0.556586   ,  2.06482    ])
1717    , -880.341    , array([ 0.0290454  ,  0.504026   ,  1.98023    ])
1718    , -793.71     , array([ 0.0324797  ,  0.456653   ,  1.77127    ])
1719    , -977.214    , array([ 0.0352368  ,  0.487314   ,  2.14296    ])
likelihood = -793.71
theta = 14654.11
Optimized parameters = [0.03247965 0.4566529  1.77126896]

Round_1_Replicate_1
2597    , -105104     , array([ 1.22731    ,  0.517763   ,  0.409863   ])
2598    , -105472     , array([ 1.23995    ,  0.517763   ,  0.409863   ])
2599    , -103519     , array([ 1.22731    ,  0.501      ,  0.409863   ])
2600    , -108465     , array([ 1.22731    ,  0.517763   ,  0.391986   ])
2601    , -101029     , array([ 1.23572    ,  0.506526   ,  0.428555   ])
2602    , -97469.8    , array([ 1.23995    ,  0.501      ,  0.4481     ])
2603    , -98591.7    , array([ 1.22313    ,  0.495534   ,  0.434973   ])
likelihood = -97469.76
theta = 13209.5
Optimized parameters = [1.23994811 0.50099986 0.44809963]

Round_1_Replicate_2
2604    , -24519.1    , array([ 0.348335   ,  4.66677    ,  4.20714    ])
2605    , -24302.4    , array([ 0.330443   ,  4.66677    ,  4.20714    ])
2606    , -25955.2    , array([ 0.348335   ,  5.04043    ,  4.20714    ])
2607    , -23115.8    , array([ 0.348335   ,  4.66677    ,  4.5205     ])
2608    , -21987.6    , array([ 0.336302   ,  4.32082    ,  4.41354    ])
2609    , -19993.3    , array([ 0.330443   ,  4.00051    ,  4.5205     ])
2610    , -20450.2    , array([ 0.324686   ,  4.2113     ,  4.63006    ])
likelihood = -19993.32
theta = 4561.1
Optimized parameters = [0.33044301 4.00050824 4.52049914]

Round_1_Replicate_3
2611    , -89418.3    , array([ 0.510183   ,  5.21191    ,  0.724988   ])
2612    , -87663.3    , array([ 0.493301   ,  5.21191    ,  0.724988   ])
2613    , -90500.1    , array([ 0.510183   ,  5.66039    ,  0.724988   ])
2614    , -90332      , array([ 0.510183   ,  5.21191    ,  0.713424   ])
2615    , -87707.1    , array([ 0.498865   ,  4.79896    ,  0.717258   ])
2616    , -86230.5    , array([ 0.49146    ,  4.93284    ,  0.731494   ])
2617    , -84236.7    , array([ 0.482358   ,  4.79896    ,  0.7407     ])
likelihood = -84236.7
theta = 9344.5
Optimized parameters = [0.4823581  4.79895613 0.74069978]

Round_1_Replicate_4
2618    , -295654     , array([ 3.7504     ,  3.7748     ,  0.271699   ])
2619    , -298305     , array([ 4.00665    ,  3.7748     ,  0.271699   ])
2620    , -298261     , array([ 3.7504     ,  4.03403    ,  0.271699   ])
2621    , -299936     , array([ 3.7504     ,  3.7748     ,  0.254561   ])
2622    , -294866     , array([ 3.91935    ,  3.9457     ,  0.28999    ])
2623    , -292274     , array([ 4.00665    ,  4.03403    ,  0.309513   ])
2624    , -292393     , array([ 3.66868    ,  4.12433    ,  0.296357   ])
likelihood = -292273.61
theta = 10668.67
Optimized parameters = [4.00665116 4.0340255  0.30951322]

Round_1_Replicate_5
2625    , -44201.6    , array([ 0.138844   ,  2.53298    ,  0.68509    ])
2626    , -43312.1    , array([ 0.125792   ,  2.53298    ,  0.68509    ])
2627    , -44931.8    , array([ 0.138844   ,  2.65346    ,  0.68509    ])
2628    , -44624.1    , array([ 0.138844   ,  2.53298    ,  0.672257   ])
2629    , -43120.9    , array([ 0.13       ,  2.41796    ,  0.676508   ])
2630    , -42214      , array([ 0.125792   ,  2.30817    ,  0.672257   ])
2631    , -41926.3    , array([ 0.12172    ,  2.3808     ,  0.689422   ])
2632    , -40689.4    , array([ 0.113967   ,  2.30817    ,  0.698169   ])
likelihood = -40689.45
theta = 11984.71
Optimized parameters = [0.11396716 2.30817135 0.69816867]

Round_1_Replicate_6
2633    , -128244     , array([ 3.58829    ,  0.213367   ,  0.20727    ])
2634    , -128860     , array([ 3.825      ,  0.213367   ,  0.20727    ])
2635    , -124469     , array([ 3.58829    ,  0.197507   ,  0.20727    ])
2636    , -133074     , array([ 3.58829    ,  0.213367   ,  0.191586   ])
2637    , -121724     , array([ 3.74441    ,  0.202658   ,  0.224238   ])
2638    , -116773     , array([ 3.825      ,  0.197507   ,  0.242595   ])
2639    , -117524     , array([ 3.51268    ,  0.192487   ,  0.230197   ])
likelihood = -116772.81
theta = 14561.08
Optimized parameters = [3.82500106 0.19750708 0.24259545]

Round_1_Replicate_7
2640    , -10775      , array([ 0.467655   ,  0.349028   ,  3.75204    ])
2641    , -10481.5    , array([ 0.450217   ,  0.349028   ,  3.75204    ])
2642    , -11310.4    , array([ 0.467655   ,  0.331133   ,  3.75204    ])
2643    , -10912.8    , array([ 0.467655   ,  0.349028   ,  4.00849    ])
2644    , -10145.3    , array([ 0.455956   ,  0.367889   ,  3.92112    ])
2645    , -9590.83    , array([ 0.450217   ,  0.38777    ,  4.00849    ])
2646    , -9671.13    , array([ 0.44455    ,  0.3744     ,  3.67026    ])
likelihood = -9590.83
theta = 8323.24
Optimized parameters = [0.45021714 0.3877697  4.00849184]

Round_1_Replicate_8
2647    , -5819.4     , array([ 0.204465   ,  0.532713   ,  1.35085    ])
2648    , -5338.51    , array([ 0.188865   ,  0.532713   ,  1.35085    ])
2649    , -5617.67    , array([ 0.204465   ,  0.5162     ,  1.35085    ])
2650    , -5692.97    , array([ 0.204465   ,  0.532713   ,  1.37131    ])
2651    , -5277.23    , array([ 0.193928   ,  0.521647   ,  1.36446    ])
2652    , -5024.55    , array([ 0.188865   ,  0.5162     ,  1.37131    ])
2653    , -4961.76    , array([ 0.183934   ,  0.510811   ,  1.34409    ])
2654    , -4629.03    , array([ 0.174454   ,  0.500199   ,  1.33069    ])
likelihood = -4629.03
theta = 15192.95
Optimized parameters = [0.17445438 0.50019917 1.33068679]

Round_1_Replicate_9
2655    , -18970.1    , array([ 0.174626   ,  4.64596    ,  5.06207    ])
2656    , -18882.2    , array([ 0.160035   ,  4.64596    ,  5.06207    ])
2657    , -20416.5    , array([ 0.174626   ,  5.01682    ,  5.06207    ])
2658    , -17560.6    , array([ 0.174626   ,  4.64596    ,  5.48965    ])
2659    , -16530.2    , array([ 0.164758   ,  4.3025     ,  5.34325    ])
2660    , -14614.8    , array([ 0.160035   ,  3.98444    ,  5.48965    ])
2661    , -15089.8    , array([ 0.155447   ,  4.19376    ,  5.64005    ])
likelihood = -14614.77
theta = 4209.32
Optimized parameters = [0.16003467 3.98444208 5.48964531]

Round_1_Replicate_10
2662    , -331006     , array([ 7.42898    ,  2.84589    ,  0.16611    ])
2663    , -332579     , array([ 8.21251    ,  2.84589    ,  0.16611    ])
2664    , -333129     , array([ 7.42898    ,  2.99867    ,  0.16611    ])
2665    , -335268     , array([ 7.42898    ,  2.84589    ,  0.15185    ])
2666    , -329157     , array([ 7.94256    ,  2.94686    ,  0.181709   ])
2667    , -325935     , array([ 8.21251    ,  2.99867    ,  0.198772   ])
2668    , -326384     , array([ 8.49163    ,  2.79671    ,  0.187227   ])
likelihood = -325935.14
theta = 12069.92
Optimized parameters = [8.21250753 2.99867415 0.19877245]

Round_2_Replicate_1
2669    , -13636.8    , array([ 0.308911   ,  0.255276   ,  5.10407    ])
2670    , -13435.9    , array([ 0.29129    ,  0.255276   ,  5.10407    ])
2671    , -14522.6    , array([ 0.308911   ,  0.23843    ,  5.10407    ])
2672    , -14293.2    , array([ 0.308911   ,  0.255276   ,  5.53748    ])
2673    , -13063.1    , array([ 0.297049   ,  0.273313   ,  5.38907    ])
2674    , -12362.1    , array([ 0.29129    ,  0.292624   ,  5.53748    ])
2675    , -12018.1    , array([ 0.285642   ,  0.279604   ,  4.96727    ])
2676    , -10945.5    , array([ 0.274674   ,  0.292624   ,  4.70458    ])
2677    , -10883.7    , array([ 0.264126   ,  0.30625    ,  5.10407    ])
2678    , -9615.11    , array([ 0.244231   ,  0.335435   ,  5.10407    ])
2679    , -8649.53    , array([ 0.24906    ,  0.367402   ,  5.10407    ])
2680    , -6597.05    , array([ 0.230299   ,  0.440764   ,  5.10407    ])
likelihood = -6597.05
theta = 7351.92
Optimized parameters = [0.23029901 0.44076411 5.10406918]

Round_2_Replicate_2
2681    , -5874.34    , array([ 0.0445029  ,  0.387682   ,  4.38638    ])
2682    , -6004.38    , array([ 0.0380897  ,  0.387682   ,  4.38638    ])
2683    , -6562.63    , array([ 0.0445029  ,  0.369743   ,  4.38638    ])
2684    , -6742.33    , array([ 0.0445029  ,  0.387682   ,  4.72294    ])
2685    , -5490.22    , array([ 0.0401176  ,  0.375628   ,  4.07382    ])
2686    , -5091.9     , array([ 0.0380897  ,  0.369743   ,  3.78352    ])
2687    , -4956.89    , array([ 0.0361644  ,  0.393853   ,  3.97466    ])
2688    , -4418.02    , array([ 0.0326007  ,  0.406492   ,  3.78352    ])
2689    , -4321.51    , array([ 0.0380897  ,  0.387682   ,  3.60157    ])
2690    , -3661.67    , array([ 0.0380897  ,  0.387682   ,  3.26351    ])
2691    , -3167.91    , array([ 0.0293882  ,  0.387682   ,  2.95718    ])
2692    , -2327.57    , array([ 0.0238817  ,  0.387682   ,  2.42809    ])
likelihood = -2327.57
theta = 12808.21
Optimized parameters = [0.02388173 0.38768219 2.42808559]

Round_2_Replicate_3
2693    , -1629.05    , array([ 0.074483   ,  0.346061   ,  1.32742    ])
2694    , -1535.14    , array([ 0.0654124  ,  0.346061   ,  1.32742    ])
2695    , -1741.19    , array([ 0.074483   ,  0.328178   ,  1.32742    ])
2696    , -1640.41    , array([ 0.074483   ,  0.346061   ,  1.34635    ])
2697    , -1500.76    , array([ 0.068306   ,  0.364917   ,  1.34001    ])
2698    , -1464.47    , array([ 0.0654124  ,  0.384802   ,  1.34635    ])
2699    , -1440.89    , array([ 0.0626413  ,  0.371429   ,  1.32117    ])
2700    , -904.594    , array([ 0.0574464  ,  0.384802   ,  1.30875    ])
2701    , -864.064    , array([ 0.0526823  ,  0.398656   ,  1.32742    ])
2702    , -925.372    , array([ 0.0443066  ,  0.42788    ,  1.32742    ])
2703    , -1053.63    , array([ 0.0519276  ,  0.438089   ,  1.32742    ])
likelihood = -864.06
theta = 17045.99
Optimized parameters = [0.05268228 0.39865625 1.32741684]

Round_2_Replicate_4
2704    , -3407.05    , array([ 0.120798   ,  0.353182   ,  2.32667    ])
2705    , -2884.3     , array([ 0.108684   ,  0.353182   ,  2.32667    ])
2706    , -3748.02    , array([ 0.120798   ,  0.335273   ,  2.32667    ])
2707    , -3550.49    , array([ 0.120798   ,  0.353182   ,  2.42701    ])
2708    , -2716.27    , array([ 0.112581   ,  0.372048   ,  2.39309    ])
2709    , -2388.78    , array([ 0.108684   ,  0.391922   ,  2.42701    ])
2710    , -2366.35    , array([ 0.104922   ,  0.378558   ,  2.29415    ])
2711    , -2019.48    , array([ 0.0977839  ,  0.391922   ,  2.23048    ])
2712    , -1875.5     , array([ 0.0911317  ,  0.405757   ,  2.32667    ])
2713    , -1454.87    , array([ 0.0791541  ,  0.43491    ,  2.32667    ])
2714    , -1256.83    , array([ 0.0819922  ,  0.466158   ,  2.32667    ])
2715    , -937.213    , array([ 0.0712158  ,  0.535549   ,  2.32667    ])
likelihood = -937.21
theta = 12181.2
Optimized parameters = [0.07121585 0.53554933 2.32667094]

Round_2_Replicate_5
2716    , -7242.19    , array([ 0.0959428  ,  0.376337   ,  5.02636    ])
2717    , -7252.45    , array([ 0.0853322  ,  0.376337   ,  5.02636    ])
2718    , -7764.22    , array([ 0.0959428  ,  0.35839    ,  5.02636    ])
2719    , -7973.42    , array([ 0.0959428  ,  0.376337   ,  5.44899    ])
2720    , -6885.09    , array([ 0.0887318  ,  0.364275   ,  4.63651    ])
2721    , -6382.53    , array([ 0.0853322  ,  0.35839    ,  4.27689    ])
2722    , -6175.65    , array([ 0.0820628  ,  0.382517   ,  4.51339    ])
2723    , -5229.69    , array([ 0.0758951  ,  0.395183   ,  4.27689    ])
2724    , -5121.13    , array([ 0.0853322  ,  0.376337   ,  4.05278    ])
2725    , -4372.27    , array([ 0.0853322  ,  0.376337   ,  3.63917    ])
2726    , -3668.3     , array([ 0.0701909  ,  0.376337   ,  3.26778    ])
2727    , -2512.3     , array([ 0.0600364  ,  0.376337   ,  2.63483    ])
likelihood = -2512.3
theta = 12125.69
Optimized parameters = [0.06003643 0.3763373  2.63482667]

Round_2_Replicate_6
2728    , -1701.11    , array([ 0.0439682  ,  0.793691   ,  5.12391    ])
2729    , -1821.41    , array([ 0.0376093  ,  0.793691   ,  5.12391    ])
2730    , -1744.78    , array([ 0.0439682  ,  0.784574   ,  5.12391    ])
2731    , -2037.14    , array([ 0.0439682  ,  0.793691   ,  5.56009    ])
2732    , -1527.33    , array([ 0.0396196  ,  0.787601   ,  4.72195    ])
2733    , -1358.28    , array([ 0.0376093  ,  0.784574   ,  4.35153    ])
2734    , -1361.46    , array([ 0.0463183  ,  0.781558   ,  4.5951     ])
2735    , -1247.96    , array([ 0.0410191  ,  0.788613   ,  4.27324    ])
2736    , -1129.93    , array([ 0.0396196  ,  0.79064    ,  3.90243    ])
2737    , -1094.29    , array([ 0.0382678  ,  0.777555   ,  3.56379    ])
2738    , -1103.59    , array([ 0.0357011  ,  0.769611   ,  2.97213    ])
likelihood = -1094.29
theta = 8891.02
Optimized parameters = [0.03826781 0.77755549 3.56379268]

Round_2_Replicate_7
2739    , -5391.09    , array([ 0.126276   ,  0.168752   ,  0.546864   ])
2740    , -4603.43    , array([ 0.113864   ,  0.168752   ,  0.546864   ])
2741    , -5956.14    , array([ 0.126276   ,  0.154387   ,  0.546864   ])
2742    , -5435.23    , array([ 0.126276   ,  0.168752   ,  0.530608   ])
2743    , -4504.92    , array([ 0.117859   ,  0.184453   ,  0.535972   ])
2744    , -4143.19    , array([ 0.113864   ,  0.201615   ,  0.530608   ])
2745    , -3896.66    , array([ 0.110004   ,  0.190005   ,  0.552393   ])
2746    , -3353.29    , array([ 0.102672   ,  0.201615   ,  0.563619   ])
2747    , -3060.8     , array([ 0.0958286  ,  0.213935   ,  0.546864   ])
2748    , -2806.16    , array([ 0.0834801  ,  0.240879   ,  0.546864   ])
2749    , -3644.34    , array([ 0.0864094  ,  0.271216   ,  0.546864   ])
likelihood = -2806.16
theta = 24349.2
Optimized parameters = [0.08348014 0.240879   0.54686422]

Round_2_Replicate_8
2750    , -11204.1    , array([ 0.0652628  ,  0.136738   ,  2.06559    ])
2751    , -11144.3    , array([ 0.0569376  ,  0.136738   ,  2.06559    ])
2752    , -12464.5    , array([ 0.0652628  ,  0.12379    ,  2.06559    ])
2753    , -11497.7    , array([ 0.0652628  ,  0.136738   ,  2.14189    ])
2754    , -10137.4    , array([ 0.0595874  ,  0.151041   ,  2.11615    ])
2755    , -9047.02    , array([ 0.0569376  ,  0.166841   ,  2.14189    ])
2756    , -9434.43    , array([ 0.0544056  ,  0.156134   ,  2.04077    ])
2757    , -8533.59    , array([ 0.0481906  ,  0.17057    ,  2.09916    ])
2758    , -7110.12    , array([ 0.0414105  ,  0.190506   ,  2.11615    ])
2759    , -6013.16    , array([ 0.0446721  ,  0.212772   ,  2.13328    ])
2760    , -4096.2     , array([ 0.039569   ,  0.265416   ,  2.16794    ])
likelihood = -4096.2
theta = 14374.19
Optimized parameters = [0.03956896 0.26541605 2.1679438 ]

Round_2_Replicate_9
2761    , -8319.51    , array([ 0.146872   ,  0.138905   ,  0.684126   ])
2762    , -7582.91    , array([ 0.13344    ,  0.138905   ,  0.684126   ])
2763    , -9344.18    , array([ 0.146872   ,  0.12585    ,  0.684126   ])
2764    , -8300.95    , array([ 0.146872   ,  0.138905   ,  0.671264   ])
2765    , -6863.1     , array([ 0.137775   ,  0.153314   ,  0.675524   ])
2766    , -5810.6     , array([ 0.13344    ,  0.169218   ,  0.671264   ])
2767    , -6103.22    , array([ 0.129242   ,  0.158442   ,  0.66703    ])
2768    , -4916.35    , array([ 0.11868    ,  0.17297    ,  0.67695    ])
2769    , -3698.48    , array([ 0.106683   ,  0.193018   ,  0.679812   ])
2770    , -3523.88    , array([ 0.112522   ,  0.21539    ,  0.661427   ])
2771    , -3263.31    , array([ 0.103327   ,  0.268212   ,  0.650361   ])
likelihood = -3263.31
theta = 22633.15
Optimized parameters = [0.10332651 0.26821235 0.65036087]

Round_2_Replicate_10
2772    , -3260.82    , array([ 0.209397   ,  0.94486    ,  3.16103    ])
2773    , -3058.36    , array([ 0.19365    ,  0.94486    ,  3.16103    ])
2774    , -3246.38    , array([ 0.209397   ,  0.942184   ,  3.16103    ])
2775    , -2936.14    , array([ 0.209397   ,  0.94486    ,  3.34827    ])
2776    , -2899.71    , array([ 0.198763   ,  0.943075   ,  3.28465    ])
2777    , -2738.88    , array([ 0.19365    ,  0.942184   ,  3.34827    ])
2778    , -2610.5     , array([ 0.188669   ,  0.945753   ,  3.41311    ])
2779    , -2365.68    , array([ 0.179088   ,  0.947543   ,  3.5466     ])
2780    , -2345.21    , array([ 0.19365    ,  0.94486    ,  3.6853     ])
2781    , -2101.99    , array([ 0.19365    ,  0.94486    ,  3.97919    ])
2782    , -1563.98    , array([ 0.169993   ,  0.94486    ,  3.90359    ])
2783    , -1208.93    , array([ 0.153166   ,  0.94486    ,  4.21489    ])
likelihood = -1208.93
theta = 7527.85
Optimized parameters = [0.15316634 0.94485962 4.2148873 ]

Round_3_Replicate_1
2784    , -32710.2    , array([ 0.017479   ,  1.17613    ,  0.456944   ])
2785    , -32743.2    , array([ 0.0142771  ,  1.17613    ,  0.456944   ])
2786    , -32864.6    , array([ 0.017479   ,  1.18571    ,  0.456944   ])
2787    , -33454.3    , array([ 0.017479   ,  1.17613    ,  0.439396   ])
2788    , -32091.1    , array([ 0.0152733  ,  1.1825     ,  0.475193   ])
2789    , -31424.9    , array([ 0.0142771  ,  1.18571    ,  0.494171   ])
2790    , -31730.5    , array([ 0.013346   ,  1.17295    ,  0.481437   ])
2791    , -31148.5    , array([ 0.0156206  ,  1.18037    ,  0.49849    ])
2792    , -30353.3    , array([ 0.0163389  ,  1.1825     ,  0.520658   ])
2793    , -29684.7    , array([ 0.0121982  ,  1.18464    ,  0.543813   ])
2794    , -28254.9    , array([ 0.0101902  ,  1.18892    ,  0.593256   ])
2795    , -28257.6    , array([ 0.013346   ,  1.1986     ,  0.593256   ])
2796    , -26489.5    , array([ 0.011927   ,  1.19429    ,  0.652852   ])
2797    , -24110.9    , array([ 0.0109012  ,  1.1986     ,  0.750383   ])
2799    , -28568.8    , array([ 0.0136494  ,  1.18892    ,  0.577969   ])
2801    , -27703      , array([ 0.0124755  ,  1.19213    ,  0.608948   ])
2803    , -27459.1    , array([ 0.0121982  ,  1.1959     ,  0.619639   ])
likelihood = -24110.85
theta = 14432.13
Optimized parameters = [0.01090123 1.19859895 0.75038345]

Round_3_Replicate_2
2804    , -9734.99    , array([ 0.0605419  ,  0.997911   ,  1.41434    ])
2805    , -9640.71    , array([ 0.052621   ,  0.997911   ,  1.41434    ])
2806    , -9733.14    , array([ 0.0605419  ,  0.997807   ,  1.41434    ])
2807    , -9481.84    , array([ 0.0605419  ,  0.997911   ,  1.43907    ])
2808    , -9500.72    , array([ 0.0551389  ,  0.997842   ,  1.43078    ])
2809    , -9364.07    , array([ 0.0518075  ,  0.997969   ,  1.44185    ])
2810    , -9203.34    , array([ 0.0479249  ,  0.99805    ,  1.4558     ])
2811    , -9135.29    , array([ 0.0560047  ,  0.997957   ,  1.46989    ])
2812    , -8888.89    , array([ 0.0577773  ,  0.997981   ,  1.49847    ])
2813    , -8865       , array([ 0.0551389  ,  0.99812    ,  1.49847    ])
2814    , -8555.97    , array([ 0.0551389  ,  0.998259   ,  1.5335     ])
2815    , -8325.98    , array([ 0.047184   ,  0.998282   ,  1.55432    ])
2816    , -7825.46    , array([ 0.0416547  ,  0.998468   ,  1.61536    ])
2817    , -7626.65    , array([ 0.0542865  ,  0.998421   ,  1.64677    ])
2818    , -6895.63    , array([ 0.0577773  ,  0.998607   ,  1.75145    ])
2819    , -6693.72    , array([ 0.0450293  ,  0.998909   ,  1.77522    ])
2820    , -5777.64    , array([ 0.0397525  ,  0.999373   ,  1.93221    ])
2821    , -5316.13    , array([ 0.0379372  ,  0.999373   ,  2.02362    ])
2822    , -4141.72    , array([ 0.031468   ,  0.99993    ,  2.32461    ])
2823    , -3597.69    , array([ 0.0416547  ,  1.00014    ,  2.44869    ])
2824    , -2240.08    , array([ 0.0416547  ,  1.00098    ,  3.01486    ])
likelihood = -2240.08
theta = 9154.21
Optimized parameters = [0.04165466 1.00097631 3.01486098]

Round_3_Replicate_3
2825    , -12712.5    , array([ 0.0374804  ,  1.44207    ,  1.81525    ])
2826    , -12762.4    , array([ 0.0318049  ,  1.44207    ,  1.81525    ])
2827    , -13057.3    , array([ 0.0374804  ,  1.46871    ,  1.81525    ])
2828    , -12272.3    , array([ 0.0374804  ,  1.44207    ,  1.87018    ])
2829    , -12110.3    , array([ 0.0335942  ,  1.41592    ,  1.85169    ])
2830    , -11651      , array([ 0.0318049  ,  1.39023    ,  1.87018    ])
2831    , -11665.2    , array([ 0.039589   ,  1.4073     ,  1.88885    ])
2832    , -11026.4    , array([ 0.0348426  ,  1.38459    ,  1.93958    ])
2833    , -10221.2    , array([ 0.0335942  ,  1.35672    ,  2.0049     ])
2834    , -10105.5    , array([ 0.0323905  ,  1.3294     ,  1.97197    ])
2835    , -9094.63    , array([ 0.030111   ,  1.27641    ,  2.02492    ])
2836    , -9062.86    , array([ 0.0255514  ,  1.27641    ,  2.04514    ])
2837    , -7949.7     , array([ 0.0205275  ,  1.21561    ,  2.12807    ])
2838    , -6777.45    , array([ 0.0237532  ,  1.18148    ,  2.25134    ])
2839    , -4918.09    , array([ 0.0205275  ,  1.08917    ,  2.47013    ])
2840    , -4852.01    , array([ 0.0161932  ,  1.04576    ,  2.41351    ])
2841    , -3360.3     , array([ 0.0112426  ,  0.918128   ,  2.64807    ])
2843    , -6856.57    , array([ 0.022488   ,  1.16715    ,  2.20704    ])
2844    , -2802.87    , array([ 0.0146027  ,  0.911924   ,  2.78603    ])
2845    , -2018.19    , array([ 0.0123164  ,  0.789845   ,  3.18777    ])
likelihood = -2018.19
theta = 9508.9
Optimized parameters = [0.01231636 0.78984482 3.18776713]

Round_3_Replicate_4
2846    , -3349.33    , array([ 0.052961   ,  0.231517   ,  1.50748    ])
2847    , -3292.46    , array([ 0.0457251  ,  0.231517   ,  1.50748    ])
2848    , -3929.56    , array([ 0.052961   ,  0.215185   ,  1.50748    ])
2849    , -3440.33    , array([ 0.052961   ,  0.231517   ,  1.53874    ])
2850    , -2831.85    , array([ 0.04802    ,  0.249089   ,  1.52825    ])
2851    , -2362.37    , array([ 0.0457251  ,  0.267994   ,  1.53874    ])
2852    , -2559.91    , array([ 0.0435399  ,  0.255238   ,  1.49721    ])
2853    , -2204.87    , array([ 0.0382097  ,  0.272386   ,  1.5213     ])
2854    , -1793.92    , array([ 0.0324551  ,  0.295452   ,  1.52825    ])
2855    , -1418.67    , array([ 0.035215   ,  0.32047    ,  1.53524    ])
2856    , -866.803    , array([ 0.030904   ,  0.377042   ,  1.5493     ])
2857    , -913.384    , array([ 0.0294271  ,  0.377042   ,  1.58143    ])
2858    , -1029.71    , array([ 0.020887   ,  0.45087    ,  1.56707    ])
2859    , -1514.91    , array([ 0.0219353  ,  0.542084   ,  1.60443    ])
2860    , -984.142    , array([ 0.0241924  ,  0.46577    ,  1.58504    ])
2861    , -1057.63    , array([ 0.0375911  ,  0.363007   ,  1.57663    ])
2862    , -895.079    , array([ 0.0241924  ,  0.427088   ,  1.56945    ])
2863    , -1325.67    , array([ 0.0324551  ,  0.331659   ,  1.54852    ])
2864    , -857.938    , array([ 0.0260363  ,  0.42786    ,  1.57583    ])
likelihood = -857.94
theta = 15741.66
Optimized parameters = [0.02603631 0.42786    1.5758271 ]

Round_3_Replicate_5
2865    , -20316.4    , array([ 0.193531   ,  0.858885   ,  0.852418   ])
2866    , -19519      , array([ 0.178274   ,  0.858885   ,  0.852418   ])
2867    , -20151.5    , array([ 0.193531   ,  0.852377   ,  0.852418   ])
2868    , -20509.6    , array([ 0.193531   ,  0.858885   ,  0.84564    ])
2869    , -19477.7    , array([ 0.183221   ,  0.854541   ,  0.859251   ])
2870    , -18991.3    , array([ 0.178274   ,  0.852377   ,  0.866139   ])
2871    , -18819.6    , array([ 0.173461   ,  0.850218   ,  0.861541   ])
2872    , -18152.5    , array([ 0.16422    ,  0.845918   ,  0.866139   ])
2873    , -17800.5    , array([ 0.155472   ,  0.852377   ,  0.870761   ])
2874    , -16894.9    , array([ 0.139348   ,  0.852377   ,  0.88008    ])
2875    , -16574.2    , array([ 0.143215   ,  0.84164    ,  0.889499   ])
2876    , -15375.4    , array([ 0.128363   ,  0.833147   ,  0.90864    ])
2877    , -15055.1    , array([ 0.11505    ,  0.835262   ,  0.903816   ])
2878    , -13765.9    , array([ 0.0924248  ,  0.826834   ,  0.923265   ])
2879    , -13262.6    , array([ 0.0851385  ,  0.828933   ,  0.943132   ])
2880    , -11938.1    , array([ 0.0613022  ,  0.820569   ,  0.984159   ])
2881    , -11213.6    , array([ 0.0580365  ,  0.802058   ,  1          ])
2882    , -9103.73    , array([ 0.0374543  ,  0.778023   ,  1.06596    ])
2883    , -9097.14    , array([ 0.0277165  ,  0.783963   ,  1.07736    ])
2884    , -7913.24    , array([ 0.0128792  ,  0.760471   ,  1.17313    ])
2885    , -7150.59    , array([ 0.0103464  ,  0.747094   ,  1.24387    ])
likelihood = -7150.59
theta = 14743.74
Optimized parameters = [0.01034641 0.74709374 1.24386891]

Round_4_Replicate_1
2887    , -2852.27    , array([ 0.0416952  ,  0.44221    ,  0.911217   ])
2888    , -2792.72    , array([ 0.0355705  ,  0.44221    ,  0.911217   ])
2889    , -2469.64    , array([ 0.0416952  ,  0.424531   ,  0.911217   ])
2890    , -2887.77    , array([ 0.0416952  ,  0.44221    ,  0.906991   ])
2891    , -2514.38    , array([ 0.037505   ,  0.430344   ,  0.915463   ])
2892    , -2346.44    , array([ 0.0349482  ,  0.422611   ,  0.914045   ])
2893    , -2135.05    , array([ 0.0319958  ,  0.41314    ,  0.915463   ])
2894    , -1987.08    , array([ 0.0381729  ,  0.403881   ,  0.916882   ])
2895    , -1663.3     , array([ 0.0395446  ,  0.385981   ,  0.919728   ])
2896    , -1670.29    , array([ 0.037505   ,  0.385981   ,  0.915463   ])
2897    , -1309.81    , array([ 0.031436   ,  0.367206   ,  0.922583   ])
2898    , -991.698    , array([ 0.0272959  ,  0.341515   ,  0.928319   ])
2899    , -925.756    , array([ 0.0368488  ,  0.332352   ,  0.926882   ])
2900    , -792.293    , array([ 0.0395446  ,  0.298091   ,  0.932645   ])
2901    , -743.782    , array([ 0.0325656  ,  0.299445   ,  0.938444   ])
2902    , -909.425    , array([ 0.0303455  ,  0.26375    ,  0.950149   ])
2903    , -1037.2     , array([ 0.0271358  ,  0.252824   ,  0.94672    ])
2904    , -776.433    , array([ 0.0298146  ,  0.281031   ,  0.939899   ])
2905    , -1248.27    , array([ 0.0416952  ,  0.250921   ,  0.945743   ])
2906    , -789.689    , array([ 0.0303455  ,  0.316185   ,  0.932645   ])
2907    , -779.036    , array([ 0.0241232  ,  0.298993   ,  0.941356   ])
2908    , -849.601    , array([ 0.0269766  ,  0.271569   ,  0.947209   ])
2909    , -749.72     , array([ 0.0294658  ,  0.304387   ,  0.936265   ])
2910    , -789.064    , array([ 0.0387766  ,  0.290628   ,  0.935057   ])
2911    , -751.68     , array([ 0.0271624  ,  0.296879   ,  0.939777   ])
2912    , -809.061    , array([ 0.029485   ,  0.320721   ,  0.936426   ])
2913    , -747.96     , array([ 0.0297318  ,  0.290468   ,  0.939029   ])
2914    , -750.399    , array([ 0.0343741  ,  0.299213   ,  0.93605    ])
2915    , -743.363    , array([ 0.032409   ,  0.298628   ,  0.93698    ])
likelihood = -743.36
theta = 20936.28
Optimized parameters = [0.03240899 0.29862812 0.93698036]

Round_4_Replicate_2
2916    , -2159.48    , array([ 0.0227338  ,  0.733455   ,  2.12763    ])
2917    , -2308.35    , array([ 0.0188151  ,  0.733455   ,  2.12763    ])
2918    , -2060.75    , array([ 0.0227338  ,  0.722175   ,  2.12763    ])
2919    , -2002.84    , array([ 0.0227338  ,  0.733455   ,  2.20949    ])
2920    , -1860.91    , array([ 0.0274688  ,  0.725916   ,  2.18186    ])
2921    , -1676.34    , array([ 0.0331899  ,  0.722175   ,  2.20949    ])
2922    , -1669.19    , array([ 0.0292569  ,  0.718453   ,  2.23747    ])
2923    , -1462.64    , array([ 0.0331899  ,  0.711068   ,  2.29449    ])
2924    , -1397.21    , array([ 0.0376516  ,  0.722175   ,  2.35297    ])
2925    , -1169.61    , array([ 0.0484549  ,  0.722175   ,  2.47443    ])
2926    , -1103.08    , array([ 0.0623582  ,  0.703758   ,  2.44349    ])
2927    , -1335.09    , array([ 0.103277   ,  0.689364   ,  2.56963    ])
2928    , -1064.67    , array([ 0.0650358  ,  0.702547   ,  2.61311    ])
2929    , -1024.43    , array([ 0.0910387  ,  0.692934   ,  2.84178    ])
2930    , -1364.89    , array([ 0.127438   ,  0.701338   ,  2.90201    ])
2931    , -1112.7     , array([ 0.0910387  ,  0.703758   ,  2.7365     ])
2932    , -1419.03    , array([ 0.13291    ,  0.678761   ,  2.87776    ])
2933    , -1130.71    , array([ 0.0623582  ,  0.711068   ,  2.56963    ])
2934    , -1156.33    , array([ 0.103277   ,  0.689364   ,  2.77115    ])
2935    , -1089.89    , array([ 0.0707409  ,  0.705579   ,  2.61859    ])
2936    , -984.835    , array([ 0.0597908  ,  0.697724   ,  2.52688    ])
2937    , -1076.53    , array([ 0.0484549  ,  0.694727   ,  2.42817    ])
2938    , -964.068    , array([ 0.0848778  ,  0.69373    ,  2.8939     ])
2939    , -988.82     , array([ 0.0990249  ,  0.68877    ,  3.14935    ])
2940    , -952.234    , array([ 0.0844822  ,  0.684173   ,  2.88649    ])
2941    , -962.144    , array([ 0.0923235  ,  0.673715   ,  3.03055    ])
2942    , -971.645    , array([ 0.0624553  ,  0.690772   ,  2.68763    ])
2943    , -984.713    , array([ 0.0979005  ,  0.681465   ,  3.14943    ])
2944    , -939.028    , array([ 0.0865461  ,  0.685494   ,  2.98071    ])
2945    , -1121.98    , array([ 0.116493   ,  0.684813   ,  3.17259    ])
2946    , -938.239    , array([ 0.0729882  ,  0.689278   ,  2.80143    ])
likelihood = -938.24
theta = 10410.94
Optimized parameters = [0.07298818 0.68927753 2.80143342]

Round_4_Replicate_3
2947    , -14332      , array([ 0.0459334  ,  0.846042   ,  0.873087   ])
2948    , -13881.6    , array([ 0.0393763  ,  0.846042   ,  0.873087   ])
2949    , -14161.2    , array([ 0.0459334  ,  0.838999   ,  0.873087   ])
2950    , -14445.6    , array([ 0.0459334  ,  0.846042   ,  0.867182   ])
2951    , -14015.9    , array([ 0.0414508  ,  0.84134    ,  0.879032   ])
2952    , -13608.9    , array([ 0.0387082  ,  0.83822    ,  0.877046   ])
2953    , -13421.6    , array([ 0.0355336  ,  0.834336   ,  0.879032   ])
2954    , -13551.3    , array([ 0.0326194  ,  0.842122   ,  0.881023   ])
2955    , -13588.1    , array([ 0.0308107  ,  0.840299   ,  0.876385   ])
2956    , -13228.5    , array([ 0.0275408  ,  0.831843   ,  0.884573   ])
2957    , -12983.9    , array([ 0.0230328  ,  0.824833   ,  0.890372   ])
2958    , -13002.7    , array([ 0.0289917  ,  0.82722    ,  0.890596   ])
2959    , -12703.1    , array([ 0.0253142  ,  0.815663   ,  0.892313   ])
2960    , -12316.7    , array([ 0.0223001  ,  0.802746   ,  0.898013   ])
2961    , -12269.3    , array([ 0.0170338  ,  0.80236    ,  0.907163   ])
2962    , -11901.2    , array([ 0.0117937  ,  0.786834   ,  0.921564   ])
2963    , -11914.2    , array([ 0.011462   ,  0.782704   ,  0.916022   ])
2965    , -12467.2    , array([ 0.0182407  ,  0.807594   ,  0.901027   ])
2966    , -11595      , array([ 0.0114402  ,  0.774188   ,  0.922723   ])
2969    , -12016.3    , array([ 0.0160587  ,  0.791912   ,  0.908988   ])
2971    , -11900.6    , array([ 0.0136274  ,  0.78655    ,  0.914526   ])
2972    , -11681.7    , array([ 0.0130939  ,  0.7823     ,  0.923186   ])
likelihood = -11595.0
theta = 15845.24
Optimized parameters = [0.01144023 0.77418829 0.92272254]

Round_4_Replicate_4
2973    , -1938.35    , array([ 0.0406135  ,  0.741962   ,  2.12445    ])
2974    , -1994.23    , array([ 0.0346022  ,  0.741962   ,  2.12445    ])
2975    , -1839.65    , array([ 0.0406135  ,  0.730972   ,  2.12445    ])
2976    , -1763.16    , array([ 0.0406135  ,  0.741962   ,  2.20602    ])
2977    , -1725.75    , array([ 0.0476691  ,  0.734617   ,  2.17849    ])
2978    , -1638.82    , array([ 0.0559505  ,  0.730972   ,  2.20602    ])
2979    , -1554.23    , array([ 0.0502836  ,  0.727345   ,  2.2339     ])
2980    , -1402.56    , array([ 0.0559505  ,  0.720145   ,  2.29072    ])
2981    , -1394.93    , array([ 0.062256   ,  0.730972   ,  2.34899    ])
2982    , -1285.17    , array([ 0.0770791  ,  0.730972   ,  2.47       ])
2983    , -1517.51    , array([ 0.0954315  ,  0.713016   ,  2.43917    ])
2984    , -1322.97    , array([ 0.0988897  ,  0.711834   ,  2.60814    ])
2985    , -1205.12    , array([ 0.0593703  ,  0.728955   ,  2.46655    ])
2986    , -1253.17    , array([ 0.0468282  ,  0.737057   ,  2.48036    ])
2987    , -1289.58    , array([ 0.10535    ,  0.727613   ,  2.75914    ])
2988    , -1248.07    , array([ 0.062174   ,  0.746945   ,  2.51599    ])
2989    , -1713.83    , array([ 0.0410622  ,  0.743634   ,  2.23644    ])
2990    , -1267.28    , array([ 0.0832408  ,  0.731586   ,  2.618      ])
2991    , -1112.94    , array([ 0.0590753  ,  0.740632   ,  2.59707    ])
2992    , -1079.96    , array([ 0.0517179  ,  0.745509   ,  2.66303    ])
2993    , -1379.77    , array([ 0.0398299  ,  0.74937    ,  2.47827    ])
2994    , -1252.14    , array([ 0.0692316  ,  0.735992   ,  2.58235    ])
2995    , -1253.8     , array([ 0.0478896  ,  0.744884   ,  2.51249    ])
2996    , -1141.72    , array([ 0.0631377  ,  0.738205   ,  2.5647     ])
2997    , -1042.9     , array([ 0.0538754  ,  0.728224   ,  2.61192    ])
2998    , -974.211    , array([ 0.0501511  ,  0.71904    ,  2.66125    ])
2999    , -950.779    , array([ 0.0504163  ,  0.739415   ,  2.80269    ])
3000    , -1022.56    , array([ 0.0464592  ,  0.744701   ,  2.98756    ])
likelihood = -950.78
theta = 10290.63
Optimized parameters = [0.05041631 0.73941462 2.80268764]

Round_4_Replicate_5
3001    , -1194.23    , array([ 0.0216108  ,  0.423444   ,  1.22424    ])
3002    , -1309.4     , array([ 0.0178404  ,  0.423444   ,  1.22424    ])
3003    , -1055.87    , array([ 0.0216108  ,  0.405635   ,  1.22424    ])
3004    , -1171.68    , array([ 0.0216108  ,  0.423444   ,  1.23669    ])
3005    , -999.397    , array([ 0.026178   ,  0.411487   ,  1.23252    ])
3006    , -903.561    , array([ 0.0317105  ,  0.405635   ,  1.23669    ])
3007    , -893.104    , array([ 0.0279057  ,  0.399867   ,  1.24086    ])
3008    , -801.728    , array([ 0.0317105  ,  0.388576   ,  1.24926    ])
3009    , -763.058    , array([ 0.0360342  ,  0.377603   ,  1.23669    ])
3010    , -785.749    , array([ 0.0465304  ,  0.356579   ,  1.23669    ])
3011    , -838.628    , array([ 0.0506692  ,  0.375805   ,  1.25771    ])
3012    , -789.232    , array([ 0.0471959  ,  0.357147   ,  1.25913    ])
3013    , -784.862    , array([ 0.0281711  ,  0.372629   ,  1.23901    ])
3014    , -755.231    , array([ 0.0415986  ,  0.350453   ,  1.24055    ])
3015    , -850.251    , array([ 0.0476449  ,  0.332818   ,  1.23622    ])
3016    , -834.215    , array([ 0.0256937  ,  0.376514   ,  1.2187     ])
3017    , -744.475    , array([ 0.0405401  ,  0.361893   ,  1.2489     ])
3018    , -1007.01    , array([ 0.0548674  ,  0.353906   ,  1.24507    ])
3019    , -743.963    , array([ 0.0332799  ,  0.367857   ,  1.24052    ])
3020    , -767.652    , array([ 0.0406802  ,  0.343208   ,  1.24998    ])
3021    , -742.765    , array([ 0.0371434  ,  0.368694   ,  1.24       ])
3022    , -778.135    , array([ 0.0326754  ,  0.38252    ,  1.24571    ])
3023    , -739.583    , array([ 0.0391619  ,  0.358208   ,  1.24184    ])
3024    , -747.643    , array([ 0.0327642  ,  0.367909   ,  1.23273    ])
3025    , -738.508    , array([ 0.0384383  ,  0.363388   ,  1.24484    ])
3026    , -763.923    , array([ 0.0439364  ,  0.359006   ,  1.24393    ])
3027    , -737.587    , array([ 0.0356732  ,  0.365624   ,  1.24137    ])
3028    , -737.762    , array([ 0.0383206  ,  0.356201   ,  1.24537    ])
likelihood = -737.59
theta = 17997.98
Optimized parameters = [0.03567324 0.3656241  1.24137178]
