
Round_1_Replicate_1
857     , -3623.6     , array([ 1.30741    ,  0.794228   ,  0.322492   ,  0.148876   ,  0.229204   ])
858     , -3641.74    , array([ 1.32505    ,  0.794228   ,  0.322492   ,  0.148876   ,  0.229204   ])
859     , -3599.08    , array([ 1.30741    ,  0.785132   ,  0.322492   ,  0.148876   ,  0.229204   ])
860     , -3568.1     , array([ 1.30741    ,  0.794228   ,  0.304751   ,  0.148876   ,  0.229204   ])
861     , -3714.91    , array([ 1.30741    ,  0.794228   ,  0.322492   ,  0.135352   ,  0.229204   ])
862     , -3710.89    , array([ 1.30741    ,  0.794228   ,  0.322492   ,  0.148876   ,  0.212929   ])
863     , -3536.03    , array([ 1.31444    ,  0.790577   ,  0.315275   ,  0.16375    ,  0.22255    ])
864     , -3438.28    , array([ 1.31797    ,  0.788758   ,  0.311727   ,  0.180111   ,  0.219295   ])
865     , -3446.93    , array([ 1.31867    ,  0.788395   ,  0.311023   ,  0.160661   ,  0.242401   ])
likelihood = -3438.28
theta = 133.41
Optimized parameters = [1.31796698 0.78875796 0.31172729 0.18011144 0.2192955 ]

Round_1_Replicate_2
866     , -2387.22    , array([ 1.31455    ,  0.359969   ,  0.621082   ,  6.09938    ,  1.43263    ])
867     , -2405.79    , array([ 1.33265    ,  0.359969   ,  0.621082   ,  6.09938    ,  1.43263    ])
868     , -2350.31    , array([ 1.31455    ,  0.342042   ,  0.621082   ,  6.09938    ,  1.43263    ])
869     , -2332.55    , array([ 1.31455    ,  0.359969   ,  0.606466   ,  6.09938    ,  1.43263    ])
870     , -2383.26    , array([ 1.31455    ,  0.359969   ,  0.621082   ,  6.67652    ,  1.43263    ])
871     , -2391.99    , array([ 1.31455    ,  0.359969   ,  0.621082   ,  6.09938    ,  1.45861    ])
872     , -2332.33    , array([ 1.2967     ,  0.352688   ,  0.615194   ,  6.32399    ,  1.44297    ])
873     , -2296.27    , array([ 1.27909    ,  0.349103   ,  0.61227    ,  6.43938    ,  1.44816    ])
874     , -2307.75    , array([ 1.30025    ,  0.34839    ,  0.611687   ,  6.46271    ,  1.41319    ])
likelihood = -2296.27
theta = 85.96
Optimized parameters = [1.27908686 0.34910303 0.61227038 6.43938299 1.4481628 ]

Round_1_Replicate_3
875     , -10092.1    , array([ 0.6474     ,  0.548073   ,  4.0299     ,  0.405429   ,  7.92178    ])
876     , -10027.3    , array([ 0.633478   ,  0.548073   ,  4.0299     ,  0.405429   ,  7.92178    ])
877     , -9972.64    , array([ 0.6474     ,  0.531839   ,  4.0299     ,  0.405429   ,  7.92178    ])
878     , -10584.8    , array([ 0.6474     ,  0.548073   ,  4.32075    ,  0.405429   ,  7.92178    ])
879     , -10092.1    , array([ 0.6474     ,  0.548073   ,  4.0299     ,  0.387535   ,  7.92178    ])
880     , -10092.1    , array([ 0.6474     ,  0.548073   ,  4.0299     ,  0.405429   ,  8.78545    ])
881     , -9543.97    , array([ 0.641795   ,  0.541521   ,  3.75863    ,  0.398175   ,  8.25656    ])
882     , -9050.89    , array([ 0.639011   ,  0.538274   ,  3.50562    ,  0.394596   ,  8.42922    ])
883     , -9594.78    , array([ 0.638455   ,  0.537627   ,  3.81138    ,  0.41958    ,  8.46418    ])
likelihood = -9050.89
theta = 166.71
Optimized parameters = [0.63901073 0.53827448 3.50562125 0.39459593 8.42922075]

Round_1_Replicate_4
884     , -5377.62    , array([ 5.78353    ,  0.489787   ,  0.779736   ,  0.391407   ,  2.05359    ])
885     , -5464.84    , array([ 6.31397    ,  0.489787   ,  0.779736   ,  0.391407   ,  2.05359    ])
886     , -5300.4     , array([ 5.78353    ,  0.472616   ,  0.779736   ,  0.391407   ,  2.05359    ])
887     , -5337.38    , array([ 5.78353    ,  0.489787   ,  0.770096   ,  0.391407   ,  2.05359    ])
888     , -5377.38    , array([ 5.78353    ,  0.489787   ,  0.779736   ,  0.373473   ,  2.05359    ])
889     , -5378.42    , array([ 5.78353    ,  0.489787   ,  0.779736   ,  0.391407   ,  2.12882    ])
890     , -5240.62    , array([ 5.29765    ,  0.482845   ,  0.775865   ,  0.384132   ,  2.08335    ])
891     , -5124.36    , array([ 4.85259    ,  0.479411   ,  0.773937   ,  0.380546   ,  2.0984     ])
892     , -5230.21    , array([ 5.39144    ,  0.478727   ,  0.773552   ,  0.379833   ,  1.99819    ])
likelihood = -5124.36
theta = 67.08
Optimized parameters = [4.85258853 0.47941083 0.77393747 0.38054589 2.09839995]

Round_1_Replicate_5
893     , -3070.61    , array([ 0.582135   ,  0.217723   ,  1.55065    ,  1.07159    ,  4.01632    ])
894     , -3032.91    , array([ 0.566598   ,  0.217723   ,  1.55065    ,  1.07159    ,  4.01632    ])
895     , -2977.99    , array([ 0.582135   ,  0.201744   ,  1.55065    ,  1.07159    ,  4.01632    ])
896     , -3129.31    , array([ 0.582135   ,  0.217723   ,  1.58504    ,  1.07159    ,  4.01632    ])
897     , -3070.61    , array([ 0.582135   ,  0.217723   ,  1.55065    ,  1.0753     ,  4.01632    ])
898     , -3071.02    , array([ 0.582135   ,  0.217723   ,  1.55065    ,  1.07159    ,  4.30546    ])
899     , -2961.13    , array([ 0.57587    ,  0.211185   ,  1.51701    ,  1.07307    ,  4.12957    ])
900     , -2880.19    , array([ 0.572762   ,  0.20799    ,  1.4841     ,  1.07381    ,  4.18738    ])
901     , -2941.21    , array([ 0.572143   ,  0.207357   ,  1.52368    ,  1.07396    ,  3.80963    ])
likelihood = -2880.19
theta = 249.76
Optimized parameters = [0.57276236 0.20798999 1.48409742 1.07381338 4.18738326]

Round_1_Replicate_6
902     , -2318.11    , array([ 0.209431   ,  0.217957   ,  1.89481    ,  2.26512    ,  1.17256    ])
903     , -2258.64    , array([ 0.193683   ,  0.217957   ,  1.89481    ,  2.26512    ,  1.17256    ])
904     , -2213.29    , array([ 0.209431   ,  0.201971   ,  1.89481    ,  2.26512    ,  1.17256    ])
905     , -2390.89    , array([ 0.209431   ,  0.217957   ,  1.95634    ,  2.26512    ,  1.17256    ])
906     , -2316.17    , array([ 0.209431   ,  0.217957   ,  1.89481    ,  2.35964    ,  1.17256    ])
907     , -2318.92    , array([ 0.209431   ,  0.217957   ,  1.89481    ,  2.26512    ,  1.18193    ])
908     , -2181.29    , array([ 0.202984   ,  0.211416   ,  1.83522    ,  2.30246    ,  1.1763     ])
909     , -2082.54    , array([ 0.199835   ,  0.20822    ,  1.7775     ,  2.32136    ,  1.17818    ])
910     , -2154.92    , array([ 0.199211   ,  0.207586   ,  1.84699    ,  2.32516    ,  1.16549    ])
likelihood = -2082.54
theta = 351.11
Optimized parameters = [0.19983497 0.20821991 1.77750049 2.32136326 1.17817525]

Round_1_Replicate_7
911     , -2813.86    , array([ 0.653547   ,  0.679055   ,  0.735579   ,  0.892058   ,  0.814587   ])
912     , -2792.6     , array([ 0.639795   ,  0.679055   ,  0.735579   ,  0.892058   ,  0.814587   ])
913     , -2782.8     , array([ 0.653547   ,  0.66604    ,  0.735579   ,  0.892058   ,  0.814587   ])
914     , -2774.85    , array([ 0.653547   ,  0.679055   ,  0.724371   ,  0.892058   ,  0.814587   ])
915     , -2814.8     , array([ 0.653547   ,  0.679055   ,  0.735579   ,  0.886978   ,  0.814587   ])
916     , -2811.43    , array([ 0.653547   ,  0.679055   ,  0.735579   ,  0.892058   ,  0.806277   ])
917     , -2775.39    , array([ 0.648011   ,  0.673819   ,  0.731075   ,  0.897168   ,  0.811253   ])
918     , -2761.06    , array([ 0.64581    ,  0.671736   ,  0.729281   ,  0.894099   ,  0.809923   ])
919     , -2734.98    , array([ 0.641975   ,  0.668106   ,  0.726153   ,  0.89512    ,  0.807601   ])
likelihood = -2734.98
theta = 146.35
Optimized parameters = [0.64197545 0.66810558 0.72615272 0.89512037 0.8076007 ]

Round_1_Replicate_8
920     , -8508.54    , array([ 4.18053    ,  1.95912    ,  0.681819   ,  0.697256   ,  4.13024    ])
921     , -8662.89    , array([ 4.49048    ,  1.95912    ,  0.681819   ,  0.697256   ,  4.13024    ])
922     , -8643.04    , array([ 4.18053    ,  2.02611    ,  0.681819   ,  0.697256   ,  4.13024    ])
923     , -8395.58    , array([ 4.18053    ,  1.95912    ,  0.668886   ,  0.697256   ,  4.13024    ])
924     , -8509.02    , array([ 4.18053    ,  1.95912    ,  0.681819   ,  0.684797   ,  4.13024    ])
925     , -8497.99    , array([ 4.18053    ,  1.95912    ,  0.681819   ,  0.697256   ,  4.43378    ])
926     , -8353.64    , array([ 3.89197    ,  1.98564    ,  0.676616   ,  0.692245   ,  4.24908    ])
927     , -8192.59    , array([ 3.62333    ,  1.99904    ,  0.67403    ,  0.689753   ,  4.30977    ])
928     , -8205.77    , array([ 3.94805    ,  1.90968    ,  0.673513   ,  0.689256   ,  4.32202    ])
likelihood = -8192.59
theta = 44.77
Optimized parameters = [3.62333313 1.99904124 0.67402955 0.68975325 4.30977343]

Round_1_Replicate_9
929     , -5856.92    , array([ 1.07458    ,  2.22924    ,  0.724028   ,  4.65048    ,  1.17718    ])
930     , -5862.63    , array([ 1.07846    ,  2.22924    ,  0.724028   ,  4.65048    ,  1.17718    ])
931     , -5968.68    , array([ 1.07458    ,  2.32041    ,  0.724028   ,  4.65048    ,  1.17718    ])
932     , -5778.82    , array([ 1.07458    ,  2.22924    ,  0.712432   ,  4.65048    ,  1.17718    ])
933     , -5844.39    , array([ 1.07458    ,  2.22924    ,  0.724028   ,  5.02195    ,  1.17718    ])
934     , -5862.46    , array([ 1.07458    ,  2.22924    ,  0.724028   ,  4.65048    ,  1.18683    ])
935     , -5714.09    , array([ 1.07613    ,  2.14165    ,  0.719367   ,  4.79565    ,  1.18103    ])
936     , -5588.26    , array([ 1.0769     ,  2.05751    ,  0.717048   ,  4.86993    ,  1.18296    ])
937     , -5709.41    , array([ 1.07165    ,  2.15889    ,  0.716585   ,  4.88492    ,  1.18335    ])
likelihood = -5588.26
theta = 59.41
Optimized parameters = [1.07690498 2.05750655 0.71704787 4.86992949 1.18295963]

Round_1_Replicate_10
938     , -17816.1    , array([ 3.60971    ,  0.914761   ,  4.12245    ,  4.97818    ,  2.27807    ])
939     , -17947.5    , array([ 3.84898    ,  0.914761   ,  4.12245    ,  4.97818    ,  2.27807    ])
940     , -17783.8    , array([ 3.60971    ,  0.910695   ,  4.12245    ,  4.97818    ,  2.27807    ])
941     , -18480.9    , array([ 3.60971    ,  0.914761   ,  4.425      ,  4.97818    ,  2.27807    ])
942     , -17813.9    , array([ 3.60971    ,  0.914761   ,  4.12245    ,  5.39417    ,  2.27807    ])
943     , -17816.3    , array([ 3.60971    ,  0.914761   ,  4.12245    ,  4.97818    ,  2.3738     ])
944     , -17202.6    , array([ 3.70358    ,  0.913132   ,  3.84058    ,  5.14058    ,  2.31589    ])
945     , -16581.6    , array([ 3.75143    ,  0.912319   ,  3.57799    ,  5.22376    ,  2.33503    ])
946     , -17167.3    , array([ 3.43786    ,  0.912157   ,  3.89537    ,  5.24055    ,  2.33888    ])
likelihood = -16581.64
theta = 55.04
Optimized parameters = [3.75142838 0.9123191  3.57799399 5.22375647 2.33503378]

Round_2_Replicate_1
947     , -2765.1     , array([ 0.0772203  ,  0.465041   ,  1.41985    ,  8.15804    ,  0.541382   ])
948     , -2797.63    , array([ 0.0679388  ,  0.465041   ,  1.41985    ,  8.15804    ,  0.541382   ])
949     , -2694.2     , array([ 0.0772203  ,  0.447575   ,  1.41985    ,  8.15804    ,  0.541382   ])
950     , -2802.07    , array([ 0.0772203  ,  0.465041   ,  1.44495    ,  8.15804    ,  0.541382   ])
951     , -2780.71    , array([ 0.0772203  ,  0.465041   ,  1.41985    ,  9.06078    ,  0.541382   ])
952     , -2755.55    , array([ 0.0772203  ,  0.465041   ,  1.41985    ,  8.15804    ,  0.525023   ])
953     , -2715.64    , array([ 0.0733645  ,  0.457975   ,  1.39518    ,  8.50781    ,  0.534778   ])
954     , -2690.61    , array([ 0.0859897  ,  0.455178   ,  1.40993    ,  8.65188    ,  0.532159   ])
955     , -2644.48    , array([ 0.0967411  ,  0.450325   ,  1.405      ,  8.9099     ,  0.527607   ])
956     , -2647.81    , array([ 0.0827914  ,  0.449361   ,  1.40401    ,  7.73774    ,  0.526701   ])
957     , -2615.77    , array([ 0.0851308  ,  0.443238   ,  1.39772    ,  8.41404    ,  0.520941   ])
958     , -2543.54    , array([ 0.0893849  ,  0.432722   ,  1.38679    ,  8.54504    ,  0.511012   ])
likelihood = -2543.54
theta = 113.16
Optimized parameters = [0.0893849  0.43272219 1.38679253 8.54503609 0.51101237]

Round_2_Replicate_2
959     , -1918.99    , array([ 0.0718574  ,  0.52441    ,  0.706145   ,  3.93886    ,  2.39517    ])
960     , -1962.37    , array([ 0.0629934  ,  0.52441    ,  0.706145   ,  3.93886    ,  2.39517    ])
961     , -1874.55    , array([ 0.0718574  ,  0.507756   ,  0.706145   ,  3.93886    ,  2.39517    ])
962     , -1900.54    , array([ 0.0718574  ,  0.52441    ,  0.693967   ,  3.93886    ,  2.39517    ])
963     , -1919.71    , array([ 0.0718574  ,  0.52441    ,  0.706145   ,  4.21832    ,  2.39517    ])
964     , -1918.27    , array([ 0.0718574  ,  0.52441    ,  0.706145   ,  3.93886    ,  2.50209    ])
965     , -1854.24    , array([ 0.0819687  ,  0.517684   ,  0.701248   ,  4.04835    ,  2.43738    ])
966     , -1806.52    , array([ 0.0935028  ,  0.514353   ,  0.698813   ,  4.10423    ,  2.45876    ])
967     , -1846.19    , array([ 0.0798386  ,  0.513689   ,  0.698327   ,  3.73892    ,  2.46306    ])
968     , -1818.28    , array([ 0.083274   ,  0.509463   ,  0.695224   ,  3.92162    ,  2.49075    ])
969     , -1779.83    , array([ 0.0883333  ,  0.503604   ,  0.690902   ,  3.91475    ,  2.37999    ])
970     , -1714.39    , array([ 0.0979379  ,  0.493512   ,  0.683405   ,  3.90274    ,  2.32119    ])
likelihood = -1714.39
theta = 234.45
Optimized parameters = [0.09793786 0.49351204 0.68340467 3.90274258 2.3211874 ]

Round_2_Replicate_3
971     , -2359.45    , array([ 0.422735   ,  0.691957   ,  0.691779   ,  7.09053    ,  3.78306    ])
972     , -2337.13    , array([ 0.404922   ,  0.691957   ,  0.691779   ,  7.09053    ,  3.78306    ])
973     , -2330.56    , array([ 0.422735   ,  0.679334   ,  0.691779   ,  7.09053    ,  3.78306    ])
974     , -2320.13    , array([ 0.422735   ,  0.691957   ,  0.67915    ,  7.09053    ,  3.78306    ])
975     , -2355.45    , array([ 0.422735   ,  0.691957   ,  0.691779   ,  7.82011    ,  3.78306    ])
976     , -2364.89    , array([ 0.422735   ,  0.691957   ,  0.691779   ,  7.09053    ,  4.04329    ])
977     , -2315.97    , array([ 0.415518   ,  0.68688    ,  0.686699   ,  7.37382    ,  3.53957    ])
978     , -2291.7     , array([ 0.411955   ,  0.684355   ,  0.684173   ,  7.51967    ,  3.31176    ])
979     , -2294.61    , array([ 0.411246   ,  0.683851   ,  0.683669   ,  7.54919    ,  3.58698    ])
980     , -2274.92    , array([ 0.406739   ,  0.680636   ,  0.680452   ,  6.74903    ,  3.51143    ])
981     , -2236.04    , array([ 0.39897    ,  0.675045   ,  0.674859   ,  6.26983    ,  3.38301    ])
982     , -2251.83    , array([ 0.422124   ,  0.673932   ,  0.673746   ,  7.08609    ,  3.3579     ])
likelihood = -2236.04
theta = 142.49
Optimized parameters = [0.39896959 0.67504475 0.67485881 6.26983449 3.3830147 ]

Round_2_Replicate_4
983     , -4179.84    , array([ 0.421608   ,  0.322165   ,  2.12284    ,  1.22702    ,  1.36121    ])
984     , -4112.53    , array([ 0.403789   ,  0.322165   ,  2.12284    ,  1.22702    ,  1.36121    ])
985     , -4065.55    , array([ 0.421608   ,  0.304426   ,  2.12284    ,  1.22702    ,  1.36121    ])
986     , -4317.47    , array([ 0.421608   ,  0.322165   ,  2.20426    ,  1.22702    ,  1.36121    ])
987     , -4179.45    , array([ 0.421608   ,  0.322165   ,  2.12284    ,  1.23963    ,  1.36121    ])
988     , -4180.63    , array([ 0.421608   ,  0.322165   ,  2.12284    ,  1.22702    ,  1.38236    ])
989     , -3974.54    , array([ 0.414388   ,  0.314949   ,  2.04442    ,  1.23205    ,  1.36963    ])
990     , -3811.42    , array([ 0.410825   ,  0.311401   ,  1.96891    ,  1.23457    ,  1.37387    ])
991     , -3957.15    , array([ 0.410116   ,  0.310697   ,  2.05987    ,  1.23508    ,  1.34536    ])
992     , -3871.59    , array([ 0.405607   ,  0.306224   ,  2.03521    ,  1.23831    ,  1.35987    ])
993     , -3754.05    , array([ 0.399378   ,  0.300071   ,  2.00118    ,  1.22519    ,  1.35933    ])
994     , -3554.85    , array([ 0.388706   ,  0.2896     ,  1.94299    ,  1.21803    ,  1.3584     ])
likelihood = -3554.85
theta = 253.68
Optimized parameters = [0.38870557 0.28959963 1.94299281 1.2180325  1.35839572]

Round_2_Replicate_5
995     , -759.151    , array([ 0.415597   ,  0.275303   ,  0.46802    ,  5.42579    ,  0.454664   ])
996     , -752.933    , array([ 0.397746   ,  0.275303   ,  0.46802    ,  5.42579    ,  0.454664   ])
997     , -738.847    , array([ 0.415597   ,  0.258108   ,  0.46802    ,  5.42579    ,  0.454664   ])
998     , -735.281    , array([ 0.415597   ,  0.275303   ,  0.450586   ,  5.42579    ,  0.454664   ])
999     , -764.036    , array([ 0.415597   ,  0.275303   ,  0.46802    ,  5.90454    ,  0.454664   ])
1000    , -754.879    , array([ 0.415597   ,  0.275303   ,  0.46802    ,  5.42579    ,  0.437094   ])
1001    , -732.901    , array([ 0.408363   ,  0.268292   ,  0.460967   ,  4.98586    ,  0.447553   ])
1002    , -718.721    , array([ 0.404793   ,  0.264854   ,  0.45748    ,  4.58159    ,  0.444039   ])
1003    , -721.079    , array([ 0.404083   ,  0.264171   ,  0.456786   ,  5.07089    ,  0.44334    ])
1004    , -711.931    , array([ 0.399567   ,  0.259846   ,  0.452369   ,  4.93552    ,  0.463785   ])
1005    , -691.87     , array([ 0.391785   ,  0.252445   ,  0.44474    ,  4.70726    ,  0.477736   ])
1006    , -691.354    , array([ 0.414985   ,  0.250991   ,  0.44323    ,  4.66289    ,  0.454779   ])
1007    , -664.952    , array([ 0.423882   ,  0.239652   ,  0.431332   ,  4.32266    ,  0.454836   ])
likelihood = -664.95
theta = 137.84
Optimized parameters = [0.42388184 0.23965154 0.43133178 4.32266063 0.45483617]

Round_2_Replicate_6
1008    , -5554.52    , array([ 0.759363   ,  0.0805346  ,  5.30572    ,  1.10303    ,  1.93618    ])
1009    , -5538.56    , array([ 0.748982   ,  0.0805346  ,  5.30572    ,  1.10303    ,  1.93618    ])
1010    , -5279.17    , array([ 0.759363   ,  0.0710038  ,  5.30572    ,  1.10303    ,  1.93618    ])
1011    , -5846.56    , array([ 0.759363   ,  0.0805346  ,  5.76742    ,  1.10303    ,  1.93618    ])
1012    , -5554.53    , array([ 0.759363   ,  0.0805346  ,  5.30572    ,  1.10846    ,  1.93618    ])
1013    , -5553.86    , array([ 0.759363   ,  0.0805346  ,  5.30572    ,  1.10303    ,  2.00121    ])
1014    , -5165.42    , array([ 0.755193   ,  0.0765777  ,  4.88098    ,  1.1052     ,  1.96193    ])
1015    , -4858.33    , array([ 0.753117   ,  0.0746727  ,  4.49025    ,  1.10628    ,  1.97494    ])
1016    , -5152.43    , array([ 0.752703   ,  0.0742974  ,  4.96312    ,  1.09893    ,  1.97755    ])
1017    , -5002.31    , array([ 0.750055   ,  0.07194    ,  4.83236    ,  1.10269    ,  1.99434    ])
1018    , -4802.92    , array([ 0.746364   ,  0.0687647  ,  4.65505    ,  1.10255    ,  1.92689    ])
1019    , -4479.34    , array([ 0.739949   ,  0.0635415  ,  4.36028    ,  1.10231    ,  1.89077    ])
likelihood = -4479.34
theta = 362.77
Optimized parameters = [0.73994911 0.06354148 4.36028302 1.10230748 1.89076694]

Round_2_Replicate_7
1020    , -2971.66    , array([ 0.729174   ,  0.138069   ,  1.60627    ,  0.680565   ,  0.8771     ])
1021    , -2949.77    , array([ 0.71775    ,  0.138069   ,  1.60627    ,  0.680565   ,  0.8771     ])
1022    , -2887.76    , array([ 0.729174   ,  0.125055   ,  1.60627    ,  0.680565   ,  0.8771     ])
1023    , -3026.75    , array([ 0.729174   ,  0.138069   ,  1.64479    ,  0.680565   ,  0.8771     ])
1024    , -2971.67    , array([ 0.729174   ,  0.138069   ,  1.60627    ,  0.667595   ,  0.8771     ])
1025    , -2971.48    , array([ 0.729174   ,  0.138069   ,  1.60627    ,  0.680565   ,  0.871368   ])
1026    , -2875.06    , array([ 0.724583   ,  0.132708   ,  1.56866    ,  0.675347   ,  0.874803   ])
1027    , -2802.41    , array([ 0.722298   ,  0.130106   ,  1.53193    ,  0.672753   ,  0.873656   ])
1028    , -2860.9     , array([ 0.721842   ,  0.129592   ,  1.57611    ,  0.69059    ,  0.873427   ])
1029    , -2818.5     , array([ 0.718929   ,  0.126349   ,  1.56421    ,  0.681404   ,  0.871962   ])
1030    , -2761.17    , array([ 0.714872   ,  0.121945   ,  1.54769    ,  0.681739   ,  0.877938   ])
1031    , -2665.41    , array([ 0.707826   ,  0.114603   ,  1.5192     ,  0.682327   ,  0.881241   ])
likelihood = -2665.41
theta = 238.51
Optimized parameters = [0.70782616 0.11460304 1.51920112 0.68232729 0.88124128]

Round_2_Replicate_8
1032    , -4894.47    , array([ 0.19519    ,  0.346737   ,  3.31518    ,  0.890482   ,  2.0792     ])
1033    , -4779.33    , array([ 0.179879   ,  0.346737   ,  3.31518    ,  0.890482   ,  2.0792     ])
1034    , -4768.1     , array([ 0.19519    ,  0.328851   ,  3.31518    ,  0.890482   ,  2.0792     ])
1035    , -5130.09    , array([ 0.19519    ,  0.346737   ,  3.51992    ,  0.890482   ,  2.0792     ])
1036    , -4894.49    , array([ 0.19519    ,  0.346737   ,  3.31518    ,  0.885332   ,  2.0792     ])
1037    , -4895.15    , array([ 0.19519    ,  0.346737   ,  3.31518    ,  0.890482   ,  2.15671    ])
1038    , -4574.74    , array([ 0.188915   ,  0.339469   ,  3.12235    ,  0.888418   ,  2.10987    ])
1039    , -4316.58    , array([ 0.185854   ,  0.335892   ,  2.94074    ,  0.887388   ,  2.12537    ])
1040    , -4562.29    , array([ 0.185247   ,  0.335181   ,  3.16       ,  0.887183   ,  2.02217    ])
1041    , -4435.82    , array([ 0.181414   ,  0.330668   ,  3.09998    ,  0.893088   ,  2.07434    ])
1042    , -4263.41    , array([ 0.176179   ,  0.32445    ,  3.01786    ,  0.888963   ,  2.0724     ])
1043    , -3976.18    , array([ 0.16738    ,  0.31385    ,  2.87936    ,  0.888204   ,  2.069      ])
likelihood = -3976.18
theta = 382.85
Optimized parameters = [0.16738014 0.31385049 2.8793557  0.88820407 2.06900191]

Round_2_Replicate_9
1044    , -2706.33    , array([ 0.280585   ,  0.56946    ,  1.0201     ,  1.73255    ,  4.61132    ])
1045    , -2671.75    , array([ 0.26331    ,  0.56946    ,  1.0201     ,  1.73255    ,  4.61132    ])
1046    , -2658.4     , array([ 0.280585   ,  0.553651   ,  1.0201     ,  1.73255    ,  4.61132    ])
1047    , -2708.61    , array([ 0.280585   ,  0.56946    ,  1.02111    ,  1.73255    ,  4.61132    ])
1048    , -2706.24    , array([ 0.280585   ,  0.56946    ,  1.0201     ,  1.78082    ,  4.61132    ])
1049    , -2707.02    , array([ 0.280585   ,  0.56946    ,  1.0201     ,  1.73255    ,  4.97756    ])
1050    , -2670.94    , array([ 0.273543   ,  0.563083   ,  1.01908    ,  1.7517     ,  4.75447    ])
1051    , -2658.1     , array([ 0.270776   ,  0.560552   ,  1.01969    ,  1.75942    ,  4.32459    ])
1052    , -2633.89    , array([ 0.266001   ,  0.556151   ,  1.01949    ,  1.77301    ,  4.03096    ])
1053    , -2630.45    , array([ 0.265056   ,  0.555275   ,  1.01945    ,  1.77574    ,  4.42353    ])
1054    , -2593.71    , array([ 0.257617   ,  0.548315   ,  1.01912    ,  1.79773    ,  4.33253    ])
1055    , -2586.6     , array([ 0.256154   ,  0.546934   ,  1.01906    ,  1.73415    ,  4.31455    ])
1056    , -2529.81    , array([ 0.244749   ,  0.536007   ,  1.01854    ,  1.71127    ,  4.17341    ])
likelihood = -2529.81
theta = 225.72
Optimized parameters = [0.24474866 0.53600692 1.0185407  1.71127452 4.17340831]

Round_2_Replicate_10
1057    , -1366.27    , array([ 0.407042   ,  0.391909   ,  0.574621   ,  1.87802    ,  3.49458    ])
1058    , -1346.48    , array([ 0.389154   ,  0.391909   ,  0.574621   ,  1.87802    ,  3.49458    ])
1059    , -1325.65    , array([ 0.407042   ,  0.373977   ,  0.574621   ,  1.87802    ,  3.49458    ])
1060    , -1329.66    , array([ 0.407042   ,  0.391909   ,  0.558921   ,  1.87802    ,  3.49458    ])
1061    , -1365.58    , array([ 0.407042   ,  0.391909   ,  0.574621   ,  1.93814    ,  3.49458    ])
1062    , -1368.07    , array([ 0.407042   ,  0.391909   ,  0.574621   ,  1.87802    ,  3.72019    ])
1063    , -1324.93    , array([ 0.39979    ,  0.384635   ,  0.568289   ,  1.90184    ,  3.28266    ])
1064    , -1303.53    , array([ 0.396213   ,  0.381049   ,  0.565149   ,  1.91387    ,  3.08358    ])
1065    , -1302.25    , array([ 0.395501   ,  0.380336   ,  0.564523   ,  1.91628    ,  3.32399    ])
1066    , -1271.27    , array([ 0.389854   ,  0.374678   ,  0.559541   ,  1.9357     ,  3.24184    ])
1067    , -1266.25    , array([ 0.388734   ,  0.373557   ,  0.55855    ,  1.8559     ,  3.22565    ])
1068    , -1219.36    , array([ 0.379892   ,  0.364705   ,  0.550683   ,  1.8161     ,  3.09905    ])
1069    , -1234.8     , array([ 0.402704   ,  0.36296    ,  0.549123   ,  1.8898     ,  3.07434    ])
likelihood = -1219.36
theta = 208.16
Optimized parameters = [0.37989162 0.36470523 0.55068331 1.8160999  3.09905446]

Round_3_Replicate_1
1070    , -1979.96    , array([ 0.236549   ,  0.418988   ,  0.961835   ,  2.28012    ,  1.59842    ])
1071    , -1955.91    , array([ 0.220098   ,  0.418988   ,  0.961835   ,  2.28012    ,  1.59842    ])
1072    , -1918.35    , array([ 0.236549   ,  0.401154   ,  0.961835   ,  2.28012    ,  1.59842    ])
1073    , -1976.46    , array([ 0.236549   ,  0.418988   ,  0.959965   ,  2.28012    ,  1.59842    ])
1074    , -1978.3     , array([ 0.236549   ,  0.418988   ,  0.961835   ,  2.37605    ,  1.59842    ])
1075    , -1981.41    , array([ 0.236549   ,  0.418988   ,  0.961835   ,  2.28012    ,  1.63635    ])
1076    , -1941.52    , array([ 0.229826   ,  0.411761   ,  0.961087   ,  2.31802    ,  1.56138    ])
1077    , -1927.86    , array([ 0.227191   ,  0.408906   ,  0.960787   ,  2.33336    ,  1.5835     ])
1078    , -1909.75    , array([ 0.223552   ,  0.404941   ,  0.960369   ,  2.22297    ,  1.57757    ])
1079    , -1876.66    , array([ 0.217324   ,  0.398095   ,  0.959637   ,  2.15017    ,  1.56724    ])
1080    , -1872.57    , array([ 0.216099   ,  0.39674    ,  0.962107   ,  2.26275    ,  1.56519    ])
1081    , -1823.44    , array([ 0.206547   ,  0.386063   ,  0.96318    ,  2.25411    ,  1.54883    ])
1082    , -1839.33    , array([ 0.226422   ,  0.383962   ,  0.960774   ,  2.25239    ,  1.54558    ])
1083    , -1812.9     , array([ 0.215547   ,  0.379928   ,  0.961397   ,  2.19026    ,  1.57583    ])
1084    , -1751.65    , array([ 0.208744   ,  0.364947   ,  0.961553   ,  2.12904    ,  1.58311    ])
1085    , -1756.81    , array([ 0.210786   ,  0.365567   ,  0.962003   ,  2.09755    ,  1.55366    ])
1086    , -1708.22    , array([ 0.193321   ,  0.359038   ,  0.961023   ,  2.07604    ,  1.52176    ])
1087    , -1616.35    , array([ 0.174767   ,  0.339668   ,  0.960617   ,  1.98096    ,  1.48482    ])
1088    , -1639.3     , array([ 0.192856   ,  0.339541   ,  0.963617   ,  2.13051    ,  1.51886    ])
likelihood = -1616.35
theta = 277.67
Optimized parameters = [0.17476682 0.33966848 0.96061668 1.98095528 1.48482441]

Round_3_Replicate_2
1089    , -617.051    , array([ 0.725912   ,  0.621715   ,  0.200039   ,  8.76872    ,  0.466772   ])
1090    , -617.636    , array([ 0.714378   ,  0.621715   ,  0.200039   ,  8.76872    ,  0.466772   ])
1091    , -611.451    , array([ 0.725912   ,  0.607115   ,  0.200039   ,  8.76872    ,  0.466772   ])
1092    , -589.032    , array([ 0.725912   ,  0.621715   ,  0.184574   ,  8.76872    ,  0.466772   ])
1093    , -625.567    , array([ 0.725912   ,  0.621715   ,  0.200039   ,  9.77424    ,  0.466772   ])
1094    , -613.332    , array([ 0.725912   ,  0.621715   ,  0.200039   ,  8.76872    ,  0.449325   ])
1095    , -595.54     , array([ 0.721276   ,  0.615833   ,  0.193703   ,  7.86664    ,  0.459713   ])
1096    , -592.476    , array([ 0.735744   ,  0.613496   ,  0.191226   ,  8.39609    ,  0.45692    ])
1097    , -583.972    , array([ 0.727961   ,  0.610239   ,  0.18781    ,  8.25152    ,  0.453037   ])
1098    , -569.146    , array([ 0.728988   ,  0.604581   ,  0.181979   ,  8.00447    ,  0.446322   ])
1099    , -570.622    , array([ 0.729194   ,  0.603455   ,  0.180834   ,  7.95596    ,  0.469368   ])
1100    , -558.415    , array([ 0.73051    ,  0.616475   ,  0.173679   ,  7.65235    ,  0.452827   ])
1101    , -537.803    , array([ 0.73282    ,  0.621209   ,  0.161832   ,  7.14866    ,  0.446012   ])
1102    , -549.23     , array([ 0.73989    ,  0.609864   ,  0.166915   ,  8.20949    ,  0.454249   ])
1103    , -537.03     , array([ 0.726972   ,  0.610735   ,  0.160128   ,  7.62296    ,  0.455956   ])
1104    , -517.339    , array([ 0.722625   ,  0.609359   ,  0.14653    ,  7.26351    ,  0.455476   ])
1105    , -514.263    , array([ 0.735482   ,  0.597842   ,  0.151267   ,  6.76938    ,  0.44198    ])
1106    , -491.044    , array([ 0.740315   ,  0.586251   ,  0.13694    ,  5.94779    ,  0.430082   ])
1107    , -499.553    , array([ 0.736619   ,  0.608847   ,  0.138144   ,  6.64137    ,  0.424432   ])
likelihood = -491.04
theta = 89.59
Optimized parameters = [0.7403145  0.58625148 0.13694    5.94778632 0.4300818 ]

Round_3_Replicate_3
1108    , -909.763    , array([ 0.210667   ,  0.109185   ,  1.11859    ,  5.30292    ,  0.421695   ])
1109    , -882.712    , array([ 0.194884   ,  0.109185   ,  1.11859    ,  5.30292    ,  0.421695   ])
1110    , -877.137    , array([ 0.210667   ,  0.0977401  ,  1.11859    ,  5.30292    ,  0.421695   ])
1111    , -914.312    , array([ 0.210667   ,  0.109185   ,  1.12487    ,  5.30292    ,  0.421695   ])
1112    , -916.161    , array([ 0.210667   ,  0.109185   ,  1.11859    ,  5.76422    ,  0.421695   ])
1113    , -908.704    , array([ 0.210667   ,  0.109185   ,  1.11859    ,  5.30292    ,  0.403876   ])
1114    , -879.718    , array([ 0.204206   ,  0.104455   ,  1.1211     ,  4.87853    ,  0.414475   ])
1115    , -868.386    , array([ 0.201678   ,  0.10262    ,  1.11334    ,  5.1289     ,  0.411622   ])
1116    , -847.13     , array([ 0.197328   ,  0.0994872  ,  1.10761    ,  5.04405    ,  0.406676   ])
1117    , -848.521    , array([ 0.196469   ,  0.0988722  ,  1.11518    ,  5.02725    ,  0.405694   ])
1118    , -826.502    , array([ 0.191061   ,  0.0950251  ,  1.11383    ,  4.92104    ,  0.424354   ])
1119    , -789.922    , array([ 0.181954   ,  0.0886492  ,  1.11145    ,  4.74054    ,  0.434979   ])
1120    , -819.242    , array([ 0.20094    ,  0.0874264  ,  1.11098    ,  4.70524    ,  0.411497   ])
1121    , -797.567    , array([ 0.190535   ,  0.0851069  ,  1.10448    ,  5.04109    ,  0.417459   ])
1122    , -768.239    , array([ 0.177417   ,  0.0860552  ,  1.10135    ,  4.54467    ,  0.408657   ])
1123    , -724.039    , array([ 0.162816   ,  0.0807475  ,  1.09282    ,  4.20723    ,  0.402291   ])
1124    , -745.214    , array([ 0.176466   ,  0.0784508  ,  1.09579    ,  4.4643     ,  0.423347   ])
1125    , -714.269    , array([ 0.168018   ,  0.0708983  ,  1.09856    ,  4.23734    ,  0.429166   ])
1126    , -669.51     , array([ 0.155038   ,  0.0598508  ,  1.09407    ,  3.88375    ,  0.440874   ])
likelihood = -669.51
theta = 253.7
Optimized parameters = [0.15503819 0.05985084 1.094067   3.88374685 0.44087372]

Round_3_Replicate_4
1127    , -1482.39    , array([ 0.135723   ,  0.677958   ,  0.742561   ,  1.78116    ,  0.131816   ])
1128    , -1502.35    , array([ 0.122825   ,  0.677958   ,  0.742561   ,  1.78116    ,  0.131816   ])
1129    , -1463.08    , array([ 0.135723   ,  0.66491    ,  0.742561   ,  1.78116    ,  0.131816   ])
1130    , -1467.6     , array([ 0.135723   ,  0.677958   ,  0.731592   ,  1.78116    ,  0.131816   ])
1131    , -1477.84    , array([ 0.135723   ,  0.677958   ,  0.742561   ,  1.83332    ,  0.131816   ])
1132    , -1441.69    , array([ 0.135723   ,  0.677958   ,  0.742561   ,  1.78116    ,  0.119115   ])
1133    , -1432.67    , array([ 0.149976   ,  0.672709   ,  0.738154   ,  1.80185    ,  0.126581   ])
1134    , -1400.87    , array([ 0.165725   ,  0.670099   ,  0.73596    ,  1.81228    ,  0.124042   ])
1135    , -1417.29    , array([ 0.147011   ,  0.669578   ,  0.735522   ,  1.81437    ,  0.12354    ])
1136    , -1398.27    , array([ 0.151784   ,  0.666256   ,  0.732725   ,  1.75544    ,  0.120377   ])
1137    , -1360.15    , array([ 0.160514   ,  0.66048    ,  0.727856   ,  1.71775    ,  0.115035   ])
1138    , -1365.66    , array([ 0.162319   ,  0.659331   ,  0.74219    ,  1.78084    ,  0.113996   ])
1139    , -1331.65    , array([ 0.174363   ,  0.670008   ,  0.73108    ,  1.7807     ,  0.107562   ])
1140    , -1269.21    , array([ 0.197631   ,  0.672571   ,  0.725406   ,  1.78047    ,  0.0971629  ])
1141    , -1290.93    , array([ 0.202644   ,  0.655019   ,  0.724276   ,  1.78043    ,  0.109716   ])
1142    , -1262.29    , array([ 0.212713   ,  0.65741    ,  0.726715   ,  1.73469    ,  0.100883   ])
1143    , -1195.94    , array([ 0.255869   ,  0.651409   ,  0.722352   ,  1.69616    ,  0.0911632  ])
1144    , -1193.01    , array([ 0.224495   ,  0.649508   ,  0.720881   ,  1.6913     ,  0.0888293  ])
1145    , -1101.04    , array([ 0.261285   ,  0.639451   ,  0.713458   ,  1.63387    ,  0.0751709  ])
1146    , -1129.74    , array([ 0.277284   ,  0.652081   ,  0.70363    ,  1.66287    ,  0.0818276  ])
likelihood = -1101.04
theta = 177.58
Optimized parameters = [0.26128472 0.63945074 0.71345801 1.63386648 0.07517089]

Round_3_Replicate_5
1147    , -473.909    , array([ 0.523365   ,  0.223931   ,  0.239093   ,  2.40777    ,  0.377376   ])
1148    , -471.339    , array([ 0.506693   ,  0.223931   ,  0.239093   ,  2.40777    ,  0.377376   ])
1149    , -470.48     , array([ 0.523365   ,  0.207788   ,  0.239093   ,  2.40777    ,  0.377376   ])
1150    , -464.491    , array([ 0.523365   ,  0.223931   ,  0.222585   ,  2.40777    ,  0.377376   ])
1151    , -472.622    , array([ 0.523365   ,  0.223931   ,  0.239093   ,  2.51592    ,  0.377376   ])
1152    , -471.424    , array([ 0.523365   ,  0.223931   ,  0.239093   ,  2.40777    ,  0.359429   ])
1153    , -466.098    , array([ 0.516632   ,  0.217328   ,  0.232348   ,  2.45046    ,  0.370092   ])
1154    , -465.011    , array([ 0.513962   ,  0.214742   ,  0.229703   ,  2.32053    ,  0.367218   ])
1155    , -463.766    , array([ 0.510249   ,  0.211173   ,  0.226051   ,  2.38923    ,  0.388875   ])
1156    , -461.037    , array([ 0.503814   ,  0.205069   ,  0.2198     ,  2.38001    ,  0.40449    ])
1157    , -461.098    , array([ 0.525838   ,  0.20387    ,  0.21857    ,  2.37817    ,  0.380804   ])
1158    , -457.756    , array([ 0.510048   ,  0.218042   ,  0.210863   ,  2.36643    ,  0.382184   ])
1159    , -454.008    , array([ 0.503517   ,  0.223358   ,  0.198024   ,  2.34602    ,  0.384611   ])
1160    , -456.691    , array([ 0.511409   ,  0.210765   ,  0.203545   ,  2.28504    ,  0.395751   ])
1161    , -454.839    , array([ 0.513041   ,  0.211714   ,  0.196169   ,  2.39816    ,  0.410967   ])
1162    , -454.029    , array([ 0.499825   ,  0.198521   ,  0.192466   ,  2.30757    ,  0.413781   ])
1163    , -452.986    , array([ 0.487481   ,  0.21575    ,  0.186279   ,  2.3083     ,  0.423907   ])
1164    , -453.416    , array([ 0.469364   ,  0.221946   ,  0.171969   ,  2.27414    ,  0.447254   ])
likelihood = -452.99
theta = 176.31
Optimized parameters = [0.48748072 0.21574957 0.18627931 2.30829921 0.42390653]

Round_4_Replicate_1
1165    , -498.96     , array([ 0.395907   ,  0.32603    ,  0.22438    ,  3.17551    ,  0.336997   ])
1166    , -503.47     , array([ 0.377983   ,  0.32603    ,  0.22438    ,  3.17551    ,  0.336997   ])
1167    , -491.423    , array([ 0.395907   ,  0.308262   ,  0.22438    ,  3.17551    ,  0.336997   ])
1168    , -491.637    , array([ 0.395907   ,  0.32603    ,  0.208226   ,  3.17551    ,  0.336997   ])
1169    , -500.31     , array([ 0.395907   ,  0.32603    ,  0.22438    ,  3.36437    ,  0.336997   ])
1170    , -496.923    , array([ 0.395907   ,  0.32603    ,  0.22438    ,  3.17551    ,  0.319159   ])
1171    , -488.338    , array([ 0.41468    ,  0.318803   ,  0.217773   ,  3.24975    ,  0.329745   ])
1172    , -481.676    , array([ 0.434344   ,  0.31525    ,  0.214543   ,  3.28752    ,  0.326178   ])
1173    , -484.073    , array([ 0.410856   ,  0.314544   ,  0.213903   ,  3.0391     ,  0.325469   ])
1174    , -479.868    , array([ 0.416992   ,  0.310064   ,  0.20985    ,  3.16379    ,  0.320969   ])
1175    , -472.111    , array([ 0.427952   ,  0.302376   ,  0.202942   ,  3.15795    ,  0.313244   ])
1176    , -472.673    , array([ 0.430178   ,  0.300862   ,  0.201588   ,  3.15678    ,  0.336382   ])
1177    , -470.389    , array([ 0.444704   ,  0.291348   ,  0.21443    ,  3.14932    ,  0.318344   ])
1178    , -463.266    , array([ 0.471313   ,  0.275416   ,  0.217602   ,  3.1363     ,  0.309408   ])
1179    , -459.749    , array([ 0.476823   ,  0.294562   ,  0.196565   ,  3.13371    ,  0.307651   ])
1180    , -449.529    , array([ 0.523287   ,  0.287941   ,  0.183978   ,  3.11301    ,  0.293951   ])
1181    , -453.61     , array([ 0.506153   ,  0.278653   ,  0.194131   ,  3.30599    ,  0.30583    ])
1182    , -447.952    , array([ 0.508998   ,  0.264639   ,  0.185964   ,  3.06303    ,  0.297403   ])
1183    , -443.08     , array([ 0.551008   ,  0.242468   ,  0.173135   ,  2.95661    ,  0.283982   ])
1184    , -443.049    , array([ 0.567421   ,  0.254364   ,  0.18623    ,  3.10739    ,  0.269495   ])
1185    , -443.488    , array([ 0.651679   ,  0.233884   ,  0.178995   ,  3.08298    ,  0.241219   ])
1186    , -444.676    , array([ 0.638503   ,  0.236178   ,  0.178736   ,  3.08625    ,  0.272502   ])
1187    , -443.878    , array([ 0.65462    ,  0.243836   ,  0.154078   ,  3.08761    ,  0.262214   ])
1188    , -448.373    , array([ 0.675617   ,  0.228474   ,  0.157459   ,  2.85015    ,  0.249446   ])
1189    , -460.321    , array([ 0.723812   ,  0.201562   ,  0.156119   ,  2.92189    ,  0.243032   ])
1190    , -442.802    , array([ 0.567494   ,  0.263378   ,  0.176579   ,  3.06409    ,  0.280299   ])
1191    , -449.644    , array([ 0.522842   ,  0.26889    ,  0.190969   ,  3.28511    ,  0.300067   ])
1192    , -443.382    , array([ 0.633677   ,  0.237969   ,  0.16524    ,  2.95317    ,  0.261238   ])
likelihood = -442.8
theta = 149.37
Optimized parameters = [0.56749427 0.26337849 0.17657891 3.06409034 0.28029901]

Round_4_Replicate_2
1193    , -560.349    , array([ 0.375677   ,  0.246563   ,  0.100162   ,  3.76316    ,  0.377875   ])
1194    , -571.881    , array([ 0.35773    ,  0.246563   ,  0.100162   ,  3.76316    ,  0.377875   ])
1195    , -565.892    , array([ 0.375677   ,  0.229892   ,  0.100162   ,  3.76316    ,  0.377875   ])
1196    , -583.183    , array([ 0.375677   ,  0.246563   ,  0.0892768  ,  3.76316    ,  0.377875   ])
1197    , -567.83     , array([ 0.375677   ,  0.246563   ,  0.100162   ,  4.02097    ,  0.377875   ])
1198    , -561.565    , array([ 0.375677   ,  0.246563   ,  0.100162   ,  3.76316    ,  0.359928   ])
1199    , -549.085    , array([ 0.368393   ,  0.239754   ,  0.112375   ,  3.86424    ,  0.370591   ])
1200    , -534.659    , array([ 0.364804   ,  0.23642    ,  0.126076   ,  3.91579    ,  0.367002   ])
1201    , -543.995    , array([ 0.389917   ,  0.235759   ,  0.109818   ,  3.92618    ,  0.366288   ])
1202    , -538.333    , array([ 0.376856   ,  0.231572   ,  0.113937   ,  3.63956    ,  0.361754   ])
1203    , -531.051    , array([ 0.377328   ,  0.249089   ,  0.119963   ,  3.83729    ,  0.3555     ])
1204    , -517.609    , array([ 0.378157   ,  0.25928    ,  0.131287   ,  3.8749     ,  0.344814   ])
1205    , -517.633    , array([ 0.378323   ,  0.236967   ,  0.133677   ,  3.88247    ,  0.366876   ])
1206    , -505.896    , array([ 0.379386   ,  0.233234   ,  0.150036   ,  3.93125    ,  0.345347   ])
1207    , -491.325    , array([ 0.381254   ,  0.226842   ,  0.183629   ,  4.01808    ,  0.330149   ])
1208    , -499.211    , array([ 0.362261   ,  0.240188   ,  0.168086   ,  3.80305    ,  0.341771   ])
1209    , -498.033    , array([ 0.368941   ,  0.248131   ,  0.189273   ,  4.17529    ,  0.338278   ])
1210    , -486.992    , array([ 0.382853   ,  0.247787   ,  0.201234   ,  3.98165    ,  0.322746   ])
1211    , -494.912    , array([ 0.39221    ,  0.253674   ,  0.254236   ,  4.015      ,  0.302661   ])
1212    , -494.109    , array([ 0.370934   ,  0.251672   ,  0.223531   ,  4.05655    ,  0.306723   ])
1213    , -506.117    , array([ 0.368245   ,  0.227289   ,  0.281592   ,  4.13964    ,  0.311419   ])
1214    , -492.95     , array([ 0.370698   ,  0.234896   ,  0.232686   ,  4.07181    ,  0.319452   ])
1215    , -498.828    , array([ 0.38796    ,  0.243179   ,  0.250499   ,  4.33464    ,  0.305818   ])
1216    , -492.655    , array([ 0.381369   ,  0.242428   ,  0.226719   ,  4.19516    ,  0.314435   ])
1217    , -486.517    , array([ 0.386018   ,  0.233215   ,  0.239115   ,  3.9557     ,  0.300073   ])
1218    , -488.256    , array([ 0.39485    ,  0.226097   ,  0.268761   ,  3.85027    ,  0.282621   ])
1219    , -484.095    , array([ 0.390114   ,  0.223035   ,  0.208001   ,  4.03069    ,  0.328056   ])
1220    , -481.94     , array([ 0.400073   ,  0.209963   ,  0.200645   ,  4.01782    ,  0.339272   ])
likelihood = -481.94
theta = 146.08
Optimized parameters = [0.4000727  0.20996284 0.20064496 4.01782102 0.33927212]

Round_4_Replicate_3
1221    , -469.745    , array([ 0.729662   ,  0.248169   ,  0.140324   ,  2.77804    ,  0.59561    ])
1222    , -468.081    , array([ 0.718254   ,  0.248169   ,  0.140324   ,  2.77804    ,  0.59561    ])
1223    , -471.907    , array([ 0.729662   ,  0.231465   ,  0.140324   ,  2.77804    ,  0.59561    ])
1224    , -467.52     , array([ 0.729662   ,  0.248169   ,  0.1272     ,  2.77804    ,  0.59561    ])
1225    , -467.107    , array([ 0.729662   ,  0.248169   ,  0.140324   ,  2.92365    ,  0.59561    ])
1226    , -469.037    , array([ 0.729662   ,  0.248169   ,  0.140324   ,  2.77804    ,  0.580377   ])
1227    , -465.149    , array([ 0.725077   ,  0.266079   ,  0.13492    ,  2.83539    ,  0.58947    ])
1228    , -463.355    , array([ 0.722796   ,  0.285281   ,  0.132296   ,  2.86451    ,  0.586423   ])
1229    , -463.589    , array([ 0.72234    ,  0.262396   ,  0.131777   ,  2.87037    ,  0.585816   ])
1230    , -462.457    , array([ 0.719432   ,  0.268313   ,  0.128506   ,  2.90816    ,  0.603439   ])
1231    , -460.336    , array([ 0.714371   ,  0.27899    ,  0.122976   ,  2.97549    ,  0.615311   ])
1232    , -460.575    , array([ 0.729276   ,  0.281176   ,  0.121899   ,  2.98914    ,  0.595709   ])
1233    , -459.827    , array([ 0.717722   ,  0.295577   ,  0.132204   ,  3.078      ,  0.595749   ])
1234    , -459.986    , array([ 0.711825   ,  0.322576   ,  0.13478    ,  3.23992    ,  0.595818   ])
1235    , -459.335    , array([ 0.713      ,  0.316986   ,  0.117017   ,  2.98551    ,  0.595804   ])
1236    , -461.842    , array([ 0.704813   ,  0.358249   ,  0.106858   ,  3.01693    ,  0.595901   ])
1237    , -458.759    , array([ 0.716488   ,  0.323342   ,  0.118824   ,  3.08915    ,  0.609876   ])
1238    , -459.758    , array([ 0.71358    ,  0.358934   ,  0.112832   ,  3.20471    ,  0.622274   ])
1239    , -457.062    , array([ 0.713531   ,  0.312682   ,  0.113381   ,  3.19037    ,  0.618876   ])
1240    , -457.091    , array([ 0.708943   ,  0.327354   ,  0.104963   ,  3.36695    ,  0.63577    ])
1241    , -458.277    , array([ 0.701043   ,  0.331015   ,  0.119537   ,  3.13808    ,  0.618598   ])
1242    , -459.107    , array([ 0.710299   ,  0.357224   ,  0.117154   ,  3.22029    ,  0.600169   ])
1243    , -460.939    , array([ 0.704049   ,  0.363719   ,  0.103833   ,  3.16982    ,  0.621712   ])
1244    , -458.35     , array([ 0.714279   ,  0.311311   ,  0.124457   ,  3.1007     ,  0.602136   ])
1245    , -456.984    , array([ 0.709219   ,  0.336712   ,  0.120238   ,  3.31788    ,  0.624288   ])
1246    , -456.807    , array([ 0.707335   ,  0.347032   ,  0.121881   ,  3.49769    ,  0.639037   ])
1247    , -457.53     , array([ 0.710727   ,  0.295345   ,  0.122012   ,  3.17936    ,  0.635501   ])
1248    , -455.563    , array([ 0.702315   ,  0.314684   ,  0.121579   ,  3.35271    ,  0.635767   ])
1249    , -454.612    , array([ 0.695334   ,  0.310443   ,  0.12298    ,  3.49281    ,  0.649122   ])
likelihood = -454.61
theta = 126.15
Optimized parameters = [0.69533446 0.31044299 0.1229803  3.49280921 0.64912171]

Round_4_Replicate_4
1250    , -695.158    , array([ 0.315589   ,  0.419133   ,  0.33148    ,  2.99189    ,  0.400783   ])
1251    , -699.439    , array([ 0.297905   ,  0.419133   ,  0.33148    ,  2.99189    ,  0.400783   ])
1252    , -677.917    , array([ 0.315589   ,  0.401301   ,  0.33148    ,  2.99189    ,  0.400783   ])
1253    , -673.052    , array([ 0.315589   ,  0.419133   ,  0.313676   ,  2.99189    ,  0.400783   ])
1254    , -694.234    , array([ 0.315589   ,  0.419133   ,  0.33148    ,  3.1604     ,  0.400783   ])
1255    , -690.233    , array([ 0.315589   ,  0.419133   ,  0.33148    ,  2.99189    ,  0.382873   ])
1256    , -673.343    , array([ 0.334322   ,  0.411907   ,  0.32424    ,  3.05819    ,  0.39352    ])
1257    , -668.427    , array([ 0.322953   ,  0.409052   ,  0.321389   ,  3.08512    ,  0.390652   ])
1258    , -655.882    , array([ 0.326699   ,  0.404102   ,  0.316459   ,  3.13282    ,  0.385684   ])
1259    , -654.492    , array([ 0.327454   ,  0.403119   ,  0.315482   ,  2.91039    ,  0.384697   ])
1260    , -636.384    , array([ 0.333552   ,  0.395343   ,  0.307774   ,  2.7929     ,  0.376899   ])
1261    , -637.321    , array([ 0.334785   ,  0.393806   ,  0.306256   ,  2.99084    ,  0.400168   ])
1262    , -632.913    , array([ 0.342787   ,  0.408216   ,  0.296712   ,  2.99042    ,  0.38205    ])
1263    , -612.733    , array([ 0.357253   ,  0.411718   ,  0.28072    ,  2.98968    ,  0.373015   ])
1264    , -615.497    , array([ 0.33228    ,  0.397631   ,  0.286344   ,  2.8992     ,  0.38086    ])
1265    , -593.733    , array([ 0.359337   ,  0.38263    ,  0.285389   ,  2.92637    ,  0.36641    ])
1266    , -561.203    , array([ 0.383435   ,  0.365588   ,  0.272217   ,  2.89415    ,  0.350345   ])
1267    , -573.296    , array([ 0.370078   ,  0.381277   ,  0.266343   ,  2.70754    ,  0.366396   ])
1268    , -564.477    , array([ 0.375911   ,  0.386218   ,  0.260265   ,  2.72539    ,  0.340897   ])
1269    , -541.789    , array([ 0.395783   ,  0.38114    ,  0.242181   ,  2.89012    ,  0.347696   ])
1270    , -508.326    , array([ 0.431126   ,  0.374231   ,  0.21483    ,  2.93998    ,  0.333955   ])
1271    , -517.357    , array([ 0.440916   ,  0.369864   ,  0.232043   ,  2.79976    ,  0.326458   ])
1272    , -493.035    , array([ 0.446104   ,  0.342215   ,  0.219331   ,  2.64467    ,  0.316015   ])
1273    , -462.423    , array([ 0.498501   ,  0.311996   ,  0.193872   ,  2.48739    ,  0.29087    ])
1274    , -474.92     , array([ 0.485141   ,  0.341052   ,  0.203593   ,  2.82286    ,  0.293348   ])
1275    , -458.965    , array([ 0.528919   ,  0.32035    ,  0.188854   ,  2.84406    ,  0.296903   ])
1276    , -443.371    , array([ 0.627394   ,  0.291756   ,  0.160873   ,  2.90532    ,  0.277083   ])
likelihood = -443.37
theta = 146.05
Optimized parameters = [0.62739431 0.2917563  0.16087269 2.90532054 0.27708276]

Round_4_Replicate_5
1277    , -536.671    , array([ 0.713538   ,  0.190278   ,  0.258003   ,  4.59966    ,  0.498989   ])
1278    , -533.709    , array([ 0.701597   ,  0.190278   ,  0.258003   ,  4.59966    ,  0.498989   ])
1279    , -538.488    , array([ 0.713538   ,  0.175129   ,  0.258003   ,  4.59966    ,  0.498989   ])
1280    , -520.455    , array([ 0.713538   ,  0.190278   ,  0.241105   ,  4.59966    ,  0.498989   ])
1281    , -537.995    , array([ 0.713538   ,  0.190278   ,  0.258003   ,  4.96435    ,  0.498989   ])
1282    , -533.946    , array([ 0.713538   ,  0.190278   ,  0.258003   ,  4.59966    ,  0.481943   ])
1283    , -527.703    , array([ 0.708738   ,  0.206737   ,  0.251106   ,  4.7422     ,  0.4921     ])
1284    , -523.258    , array([ 0.706826   ,  0.196698   ,  0.248399   ,  4.31411    ,  0.489371   ])
1285    , -518.862    , array([ 0.70416    ,  0.199327   ,  0.244658   ,  4.53831    ,  0.485575   ])
1286    , -510.847    , array([ 0.699517   ,  0.204011   ,  0.238247   ,  4.50794    ,  0.479004   ])
1287    , -512.481    , array([ 0.698592   ,  0.204961   ,  0.236985   ,  4.50189    ,  0.501521   ])
1288    , -505.056    , array([ 0.709262   ,  0.211147   ,  0.229066   ,  4.46336    ,  0.48537    ])
1289    , -493.156    , array([ 0.713126   ,  0.222425   ,  0.215838   ,  4.39673    ,  0.4787     ])
1290    , -498.267    , array([ 0.703852   ,  0.200106   ,  0.221532   ,  4.20018    ,  0.486761   ])
1291    , -492.441    , array([ 0.704566   ,  0.211769   ,  0.213923   ,  4.5678     ,  0.488429   ])
1292    , -481.279    , array([ 0.703439   ,  0.219732   ,  0.198524   ,  4.70019    ,  0.487959   ])
1293    , -480.35     , array([ 0.693971   ,  0.231887   ,  0.203913   ,  4.32144    ,  0.47475    ])
1294    , -467.098    , array([ 0.684389   ,  0.255989   ,  0.187527   ,  4.1887     ,  0.463076   ])
1295    , -469.675    , array([ 0.703018   ,  0.235295   ,  0.188915   ,  4.28976    ,  0.457522   ])
1296    , -460.358    , array([ 0.703492   ,  0.250274   ,  0.17126    ,  4.19984    ,  0.470318   ])
1297    , -449.77     , array([ 0.705489   ,  0.277201   ,  0.145201   ,  4.05378    ,  0.466034   ])
1298    , -452.373    , array([ 0.699809   ,  0.290685   ,  0.155546   ,  4.44406    ,  0.454838   ])
1299    , -448.234    , array([ 0.68552    ,  0.291068   ,  0.140043   ,  4.2636     ,  0.453132   ])
1300    , -450.901    , array([ 0.67212    ,  0.332967   ,  0.112804   ,  4.19856    ,  0.440865   ])
1301    , -446.453    , array([ 0.687824   ,  0.329705   ,  0.132421   ,  3.83581    ,  0.431561   ])
1302    , -455.873    , array([ 0.680147   ,  0.40387    ,  0.10815    ,  3.4652     ,  0.405855   ])
1303    , -448.153    , array([ 0.682246   ,  0.352379   ,  0.120719   ,  4.01891    ,  0.44964    ])
likelihood = -446.45
theta = 122.82
Optimized parameters = [0.6878239  0.32970487 0.13242055 3.83580904 0.43156071]

Round_1_Replicate_1
2164    , -2952.82    , array([ 6.35204    ,  0.661697   ,  0.244955   ,  2.28938    ,  2.01254    ])
2165    , -3050.54    , array([ 6.96721    ,  0.661697   ,  0.244955   ,  2.28938    ,  2.01254    ])
2166    , -2935.78    , array([ 6.35204    ,  0.648175   ,  0.244955   ,  2.28938    ,  2.01254    ])
2167    , -2815.88    , array([ 6.35204    ,  0.661697   ,  0.228318   ,  2.28938    ,  2.01254    ])
2168    , -2951.03    , array([ 6.35204    ,  0.661697   ,  0.244955   ,  2.38619    ,  2.01254    ])
2169    , -2957.53    , array([ 6.35204    ,  0.661697   ,  0.244955   ,  2.28938    ,  2.08417    ])
2170    , -2792.99    , array([ 5.79119    ,  0.656255   ,  0.23816    ,  2.32762    ,  2.04089    ])
2171    , -2663.36    , array([ 5.27985    ,  0.653551   ,  0.234833   ,  2.34698    ,  2.05522    ])
2172    , -2769.92    , array([ 5.89925    ,  0.653011   ,  0.234173   ,  2.35087    ,  1.95976    ])
likelihood = -2663.36
theta = 48.51
Optimized parameters = [5.27985436 0.65355051 0.23483307 2.34698272 2.05521731]

Round_1_Replicate_2
2173    , -4467.83    , array([ 0.460548   ,  0.766763   ,  1.25307    ,  0.147674   ,  0.203274   ])
2174    , -4402.9     , array([ 0.443035   ,  0.766763   ,  1.25307    ,  0.147674   ,  0.203274   ])
2175    , -4440.04    , array([ 0.460548   ,  0.756649   ,  1.25307    ,  0.147674   ,  0.203274   ])
2176    , -4500.63    , array([ 0.460548   ,  0.766763   ,  1.26729    ,  0.147674   ,  0.203274   ])
2177    , -4522.74    , array([ 0.460548   ,  0.766763   ,  1.25307    ,  0.134205   ,  0.203274   ])
2178    , -4476.02    , array([ 0.460548   ,  0.766763   ,  1.25307    ,  0.147674   ,  0.18771    ])
2179    , -4388.14    , array([ 0.453461   ,  0.762701   ,  1.25874    ,  0.162494   ,  0.196899   ])
2180    , -4315.55    , array([ 0.449959   ,  0.760678   ,  1.26158    ,  0.178802   ,  0.193787   ])
2181    , -4341.44    , array([ 0.449262   ,  0.760275   ,  1.24238    ,  0.159416   ,  0.193171   ])
likelihood = -4315.55
theta = 176.99
Optimized parameters = [0.44995883 0.76067844 1.26158374 0.1788022  0.19378728]

Round_1_Replicate_3
2182    , -2995.95    , array([ 2.5903     ,  0.160607   ,  1.18751    ,  1.06928    ,  0.149784   ])
2183    , -3046.15    , array([ 2.71655    ,  0.160607   ,  1.18751    ,  1.06928    ,  0.149784   ])
2184    , -2954.95    , array([ 2.5903     ,  0.146573   ,  1.18751    ,  1.06928    ,  0.149784   ])
2185    , -3016.93    , array([ 2.5903     ,  0.160607   ,  1.19775    ,  1.06928    ,  0.149784   ])
2186    , -2994.93    , array([ 2.5903     ,  0.160607   ,  1.18751    ,  1.07287    ,  0.149784   ])
2187    , -2876.5     , array([ 2.5903     ,  0.160607   ,  1.18751    ,  1.06928    ,  0.136219   ])
2188    , -2889.93    , array([ 2.46992    ,  0.154839   ,  1.19159    ,  1.07071    ,  0.144203   ])
2189    , -2869.8     , array([ 2.54146    ,  0.15259    ,  1.17897    ,  1.07129    ,  0.142029   ])
2190    , -2799.29    , array([ 2.51739    ,  0.148733   ,  1.16968    ,  1.07229    ,  0.138304   ])
likelihood = -2799.29
theta = 112.19
Optimized parameters = [2.51738658 0.14873317 1.16968224 1.07229291 0.13830368]

Round_1_Replicate_4
2191    , -13961.5    , array([ 3.67476    ,  7.02764    ,  0.906971   ,  5.02796    ,  0.777255   ])
2192    , -14193.4    , array([ 3.92185    ,  7.02764    ,  0.906971   ,  5.02796    ,  0.777255   ])
2193    , -14353.9    , array([ 3.67476    ,  7.74729    ,  0.906971   ,  5.02796    ,  0.777255   ])
2194    , -13911.7    , array([ 3.67476    ,  7.02764    ,  0.902554   ,  5.02796    ,  0.777255   ])
2195    , -13908.7    , array([ 3.67476    ,  7.02764    ,  0.906971   ,  5.45082    ,  0.777255   ])
2196    , -13919      , array([ 3.67476    ,  7.02764    ,  0.906971   ,  5.02796    ,  0.767523   ])
2197    , -13588.4    , array([ 3.77167    ,  6.37483    ,  0.905202   ,  5.19302    ,  0.773348   ])
2198    , -13187.7    , array([ 3.82108    ,  5.78267    ,  0.904318   ,  5.27757    ,  0.771401   ])
2199    , -13379.4    , array([ 3.49744    ,  6.50035    ,  0.904142   ,  5.29464    ,  0.771013   ])
likelihood = -13187.7
theta = 27.73
Optimized parameters = [3.82107823 5.78266915 0.90431833 5.27756587 0.77140137]

Round_1_Replicate_5
2200    , -6366.22    , array([ 2.14242    ,  0.199663   ,  2.57658    ,  2.6089     ,  5.34676    ])
2201    , -6406.93    , array([ 2.22562    ,  0.199663   ,  2.57658    ,  2.6089     ,  5.34676    ])
2202    , -6151.05    , array([ 2.14242    ,  0.18421    ,  2.57658    ,  2.6089     ,  5.34676    ])
2203    , -6548.95    , array([ 2.14242    ,  0.199663   ,  2.70144    ,  2.6089     ,  5.34676    ])
2204    , -6366.3     , array([ 2.14242    ,  0.199663   ,  2.57658    ,  2.73704    ,  5.34676    ])
2205    , -6365.63    , array([ 2.14242    ,  0.199663   ,  2.57658    ,  2.6089     ,  5.81427    ])
2206    , -6120.21    , array([ 2.17532    ,  0.193332   ,  2.45749    ,  2.65942    ,  5.52907    ])
2207    , -5918.24    , array([ 2.19196    ,  0.190242   ,  2.3439     ,  2.68505    ,  5.62255    ])
2208    , -6057.83    , array([ 2.08128    ,  0.18963    ,  2.48086    ,  2.6902     ,  5.64143    ])
likelihood = -5918.24
theta = 138.7
Optimized parameters = [2.19195663 0.190242   2.34390163 2.68504648 5.62254691]

Round_1_Replicate_6
2209    , -892.04     , array([ 0.395795   ,  1.2714     ,  0.18169    ,  4.53948    ,  0.264218   ])
2210    , -902.977    , array([ 0.377871   ,  1.2714     ,  0.18169    ,  4.53948    ,  0.264218   ])
2211    , -899.091    , array([ 0.395795   ,  1.28675    ,  0.18169    ,  4.53948    ,  0.264218   ])
2212    , -865.779    , array([ 0.395795   ,  1.2714     ,  0.166839   ,  4.53948    ,  0.264218   ])
2213    , -881.849    , array([ 0.395795   ,  1.2714     ,  0.18169    ,  4.89617    ,  0.264218   ])
2214    , -881.838    , array([ 0.395795   ,  1.2714     ,  0.18169    ,  4.53948    ,  0.247207   ])
2215    , -864.737    , array([ 0.414569   ,  1.27752    ,  0.175597   ,  4.67893    ,  0.257277   ])
2216    , -846.278    , array([ 0.434233   ,  1.28059    ,  0.172628   ,  4.75025    ,  0.253876   ])
2217    , -848.3      , array([ 0.410744   ,  1.25985    ,  0.17204    ,  4.76465    ,  0.253201   ])
likelihood = -846.28
theta = 87.43
Optimized parameters = [0.43423349 1.28058905 0.17262797 4.75025254 0.25387578]

Round_1_Replicate_7
2218    , -13914.1    , array([ 6.76949    ,  0.330853   ,  5.63221    ,  0.351545   ,  3.82525    ])
2219    , -13969.3    , array([ 7.44875    ,  0.330853   ,  5.63221    ,  0.351545   ,  3.82525    ])
2220    , -13549.9    , array([ 6.76949    ,  0.313052   ,  5.63221    ,  0.351545   ,  3.82525    ])
2221    , -14553.7    , array([ 6.76949    ,  0.330853   ,  6.14063    ,  0.351545   ,  3.82525    ])
2222    , -13914.1    , array([ 6.76949    ,  0.330853   ,  5.63221    ,  0.333641   ,  3.82525    ])
2223    , -13914.3    , array([ 6.76949    ,  0.330853   ,  5.63221    ,  0.351545   ,  4.09065    ])
2224    , -13179.3    , array([ 7.03342    ,  0.323615   ,  5.16589    ,  0.344271   ,  3.92928    ])
2225    , -12535.7    , array([ 7.16923    ,  0.320055   ,  4.73817    ,  0.340691   ,  3.98235    ])
2226    , -13148.2    , array([ 6.29498    ,  0.319348   ,  5.25595    ,  0.339979   ,  3.99305    ])
likelihood = -12535.67
theta = 93.51
Optimized parameters = [7.16922699 0.32005483 4.73817272 0.34069058 3.98235177]

Round_1_Replicate_8
2227    , -2588.72    , array([ 5.97942    ,  0.327311   ,  0.267089   ,  0.426399   ,  1.596      ])
2228    , -2661.63    , array([ 6.53871    ,  0.327311   ,  0.267089   ,  0.426399   ,  1.596      ])
2229    , -2562.57    , array([ 5.97942    ,  0.309534   ,  0.267089   ,  0.426399   ,  1.596      ])
2230    , -2501.78    , array([ 5.97942    ,  0.327311   ,  0.250028   ,  0.426399   ,  1.596      ])
2231    , -2588.8     , array([ 5.97942    ,  0.327311   ,  0.267089   ,  0.408608   ,  1.596      ])
2232    , -2589.6     , array([ 5.97942    ,  0.327311   ,  0.267089   ,  0.426399   ,  1.63374    ])
2233    , -2469.62    , array([ 5.46797    ,  0.320081   ,  0.260129   ,  0.419192   ,  1.61099    ])
2234    , -2372.93    , array([ 5.00027    ,  0.316526   ,  0.256718   ,  0.415634   ,  1.61854    ])
2235    , -2457.51    , array([ 5.56664    ,  0.31582    ,  0.256041   ,  0.414926   ,  1.56789    ])
likelihood = -2372.93
theta = 67.47
Optimized parameters = [5.00026828 0.31652625 0.25671772 0.41563383 1.6185388 ]

Round_1_Replicate_9
2236    , -17204.7    , array([ 1.16294    ,  1.69861    ,  4.00482    ,  0.193546   ,  0.255128   ])
2237    , -17243.6    , array([ 1.17175    ,  1.69861    ,  4.00482    ,  0.193546   ,  0.255128   ])
2238    , -17317.2    , array([ 1.16294    ,  1.74421    ,  4.00482    ,  0.193546   ,  0.255128   ])
2239    , -17878.9    , array([ 1.16294    ,  1.69861    ,  4.29252    ,  0.193546   ,  0.255128   ])
2240    , -17225.9    , array([ 1.16294    ,  1.69861    ,  4.00482    ,  0.178288   ,  0.255128   ])
2241    , -17145.9    , array([ 1.16294    ,  1.69861    ,  4.00482    ,  0.193546   ,  0.238285   ])
2242    , -16589      , array([ 1.16646    ,  1.71671    ,  3.73641    ,  0.187292   ,  0.248253   ])
2243    , -15962.1    , array([ 1.16822    ,  1.72583    ,  3.48598    ,  0.184241   ,  0.244885   ])
2244    , -16591.2    , array([ 1.16857    ,  1.66476    ,  3.78861    ,  0.183637   ,  0.244217   ])
likelihood = -15962.1
theta = 109.42
Optimized parameters = [1.16822114 1.72582875 3.48598148 0.18424131 0.24488471]

Round_1_Replicate_10
2245    , -5611.55    , array([ 1.94516    ,  1.71219    ,  0.593062   ,  0.576673   ,  7.38436    ])
2246    , -5676.83    , array([ 2.01096    ,  1.71219    ,  0.593062   ,  0.576673   ,  7.38436    ])
2247    , -5682.6     , array([ 1.94516    ,  1.75886    ,  0.593062   ,  0.576673   ,  7.38436    ])
2248    , -5495.63    , array([ 1.94516    ,  1.71219    ,  0.57777    ,  0.576673   ,  7.38436    ])
2249    , -5611.74    , array([ 1.94516    ,  1.71219    ,  0.593062   ,  0.561017   ,  7.38436    ])
2250    , -5603.69    , array([ 1.94516    ,  1.71219    ,  0.593062   ,  0.576673   ,  8.16073    ])
2251    , -5517.48    , array([ 1.97122    ,  1.66677    ,  0.586898   ,  0.570359   ,  7.68563    ])
2252    , -5460.52    , array([ 1.89156    ,  1.69388    ,  0.58445    ,  0.567852   ,  7.80955    ])
2253    , -5355.24    , array([ 1.83454    ,  1.68479    ,  0.58019    ,  0.563493   ,  8.03123    ])
likelihood = -5355.24
theta = 56.74
Optimized parameters = [1.8345423  1.68479125 0.5801904  0.56349286 8.03123335]

Round_2_Replicate_1
2254    , -627.475    , array([ 0.470542   ,  0.59899    ,  0.0647824  ,  1.93079    ,  0.317658   ])
2255    , -634.192    , array([ 0.453136   ,  0.59899    ,  0.0647824  ,  1.93079    ,  0.317658   ])
2256    , -621.744    , array([ 0.470542   ,  0.583835   ,  0.0647824  ,  1.93079    ,  0.317658   ])
2257    , -644.972    , array([ 0.470542   ,  0.59899    ,  0.0564976  ,  1.93079    ,  0.317658   ])
2258    , -623.904    , array([ 0.470542   ,  0.59899    ,  0.0647824  ,  1.99536    ,  0.317658   ])
2259    , -628.283    , array([ 0.470542   ,  0.59899    ,  0.0647824  ,  1.93079    ,  0.299956   ])
2260    , -611.528    , array([ 0.463501   ,  0.592881   ,  0.0742821  ,  1.95636    ,  0.310455   ])
2261    , -598.911    , array([ 0.46002    ,  0.58985    ,  0.0851748  ,  1.96928    ,  0.306915   ])
2262    , -605.079    , array([ 0.484217   ,  0.589246   ,  0.0722767  ,  1.97187    ,  0.306212   ])
2263    , -601.9      , array([ 0.471679   ,  0.585393   ,  0.0755119  ,  1.98855    ,  0.326972   ])
2264    , -593.058    , array([ 0.472134   ,  0.580041   ,  0.0802858  ,  2.01213    ,  0.31234    ])
2265    , -578.615    , array([ 0.472932   ,  0.570793   ,  0.0893778  ,  2.05408    ,  0.309715   ])
likelihood = -578.62
theta = 150.71
Optimized parameters = [0.47293194 0.57079326 0.08937777 2.05407729 0.30971527]

Round_2_Replicate_2
2266    , -1058.44    , array([ 0.230386   ,  0.575527   ,  0.044531   ,  10.8594    ,  0.849683   ])
2267    , -1094.45    , array([ 0.214081   ,  0.575527   ,  0.044531   ,  10.8594    ,  0.849683   ])
2268    , -1059.92    , array([ 0.230386   ,  0.559847   ,  0.044531   ,  10.8594    ,  0.849683   ])
2269    , -1106.34    , array([ 0.230386   ,  0.575527   ,  0.038115   ,  10.8594    ,  0.849683   ])
2270    , -1086.1     , array([ 0.230386   ,  0.575527   ,  0.044531   ,  12.2347    ,  0.849683   ])
2271    , -1058.53    , array([ 0.230386   ,  0.575527   ,  0.044531   ,  10.8594    ,  0.842791   ])
2272    , -1037.59    , array([ 0.22372    ,  0.569203   ,  0.0520271  ,  11.3899    ,  0.846919   ])
2273    , -1005.77    , array([ 0.22046    ,  0.566067   ,  0.060785   ,  11.6648    ,  0.845541   ])
2274    , -1012.72    , array([ 0.243603   ,  0.565442   ,  0.0504331  ,  11.7206    ,  0.845265   ])
2275    , -993.268    , array([ 0.231471   ,  0.561457   ,  0.0530075  ,  10.2259    ,  0.843505   ])
2276    , -950.543    , array([ 0.232015   ,  0.554552   ,  0.0578329  ,  9.3488     ,  0.840433   ])
2277    , -974.873    , array([ 0.232124   ,  0.574993   ,  0.0588494  ,  10.8511    ,  0.83982    ])
likelihood = -950.54
theta = 79.22
Optimized parameters = [0.23201482 0.55455202 0.05783287 9.34880315 0.84043269]

Round_2_Replicate_3
2278    , -1778.18    , array([ 0.86763    ,  0.943656   ,  0.564839   ,  2.49023    ,  0.20971    ])
2279    , -1774.92    , array([ 0.861492   ,  0.943656   ,  0.564839   ,  2.49023    ,  0.20971    ])
2280    , -1775.14    , array([ 0.86763    ,  0.940924   ,  0.564839   ,  2.49023    ,  0.20971    ])
2281    , -1730.54    , array([ 0.86763    ,  0.943656   ,  0.548935   ,  2.49023    ,  0.20971    ])
2282    , -1760.8     , array([ 0.86763    ,  0.943656   ,  0.564839   ,  2.60646    ,  0.20971    ])
2283    , -1724.21    , array([ 0.86763    ,  0.943656   ,  0.564839   ,  2.49023    ,  0.193954   ])
2284    , -1728.07    , array([ 0.865169   ,  0.942562   ,  0.558423   ,  2.53608    ,  0.20326    ])
2285    , -1712.47    , array([ 0.864187   ,  0.945957   ,  0.555877   ,  2.55466    ,  0.200735   ])
2286    , -1681.83    , array([ 0.862471   ,  0.948484   ,  0.551449   ,  2.5875     ,  0.196393   ])
2287    , -1675.9     , array([ 0.87074    ,  0.945146   ,  0.550568   ,  2.59412    ,  0.195536   ])
2288    , -1627.95    , array([ 0.875401   ,  0.945891   ,  0.543568   ,  2.64768    ,  0.188813   ])
2289    , -1638.71    , array([ 0.867669   ,  0.946041   ,  0.542179   ,  2.49405    ,  0.187496   ])
likelihood = -1627.95
theta = 103.09
Optimized parameters = [0.8754009  0.94589137 0.54356836 2.64768232 0.18881287]

Round_2_Replicate_4
2290    , -515.045    , array([ 0.943281   ,  0.841265   ,  0.103093   ,  9.68542    ,  0.103605   ])
2291    , -515.512    , array([ 0.940532   ,  0.841265   ,  0.103093   ,  9.68542    ,  0.103605   ])
2292    , -514.825    , array([ 0.943281   ,  0.834026   ,  0.103093   ,  9.68542    ,  0.103605   ])
2293    , -525.47     , array([ 0.943281   ,  0.841265   ,  0.0920216  ,  9.68542    ,  0.103605   ])
2294    , -530.198    , array([ 0.943281   ,  0.841265   ,  0.103093   ,  10.8499    ,  0.103605   ])
2295    , -524.328    , array([ 0.943281   ,  0.841265   ,  0.103093   ,  9.68542    ,  0.0925013  ])
2296    , -510.73     , array([ 0.942181   ,  0.838362   ,  0.0985129  ,  8.64594    ,  0.0990117  ])
2297    , -506.149    , array([ 0.941631   ,  0.836914   ,  0.0962998  ,  7.71803    ,  0.0967922  ])
2298    , -504.612    , array([ 0.941521   ,  0.836625   ,  0.112389   ,  8.84451    ,  0.0963543  ])
2299    , -497.633    , array([ 0.940641   ,  0.834315   ,  0.124206   ,  8.45184    ,  0.0929217  ])
2300    , -494.9      , array([ 0.940466   ,  0.833853   ,  0.108082   ,  8.37542    ,  0.108116   ])
2301    , -484.829    , array([ 0.939061   ,  0.830172   ,  0.110666   ,  7.78845    ,  0.116886   ])
2302    , -490.982    , array([ 0.942625   ,  0.829437   ,  0.111191   ,  7.67609    ,  0.1013     ])
likelihood = -484.83
theta = 71.06
Optimized parameters = [0.93906086 0.83017164 0.11066635 7.78844855 0.11688551]

Round_2_Replicate_5
2303    , -1518.99    , array([ 0.889801   ,  4.11811    ,  0.177123   ,  7.23704    ,  0.265802   ])
2304    , -1519.68    , array([ 0.884622   ,  4.11811    ,  0.177123   ,  7.23704    ,  0.265802   ])
2305    , -1583.67    , array([ 0.889801   ,  4.42011    ,  0.177123   ,  7.23704    ,  0.265802   ])
2306    , -1447.15    , array([ 0.889801   ,  4.11811    ,  0.162439   ,  7.23704    ,  0.265802   ])
2307    , -1484       , array([ 0.889801   ,  4.11811    ,  0.177123   ,  7.98985    ,  0.265802   ])
2308    , -1486.56    , array([ 0.889801   ,  4.11811    ,  0.177123   ,  7.23704    ,  0.248763   ])
2309    , -1401.03    , array([ 0.887726   ,  3.83675    ,  0.171097   ,  7.52925    ,  0.258851   ])
2310    , -1315.44    , array([ 0.88669    ,  3.57461    ,  0.16816    ,  7.67976    ,  0.255444   ])
2311    , -1380.93    , array([ 0.893758   ,  3.89144    ,  0.167579   ,  7.71022    ,  0.254768   ])
2312    , -1330.24    , array([ 0.890134   ,  3.8043     ,  0.163907   ,  7.90804    ,  0.250483   ])
2313    , -1297.86    , array([ 0.890267   ,  3.68558    ,  0.158901   ,  8.19356    ,  0.268379   ])
2314    , -1211.04    , array([ 0.8905     ,  3.48666    ,  0.150506   ,  8.71823    ,  0.278759   ])
likelihood = -1211.04
theta = 41.28
Optimized parameters = [0.89049973 3.48665875 0.15050585 8.71822864 0.27875872]

Round_2_Replicate_6
2315    , -503.88     , array([ 0.68421    ,  0.610576   ,  0.133683   ,  4.49205    ,  0.0665693  ])
2316    , -506.025    , array([ 0.67135    ,  0.610576   ,  0.133683   ,  4.49205    ,  0.0665693  ])
2317    , -501.979    , array([ 0.68421    ,  0.595699   ,  0.133683   ,  4.49205    ,  0.0665693  ])
2318    , -513.977    , array([ 0.68421    ,  0.610576   ,  0.120887   ,  4.49205    ,  0.0665693  ])
2319    , -505.618    , array([ 0.68421    ,  0.610576   ,  0.133683   ,  4.84247    ,  0.0665693  ])
2320    , -515.219    , array([ 0.68421    ,  0.610576   ,  0.133683   ,  4.49205    ,  0.058135   ])
2321    , -498.192    , array([ 0.679037   ,  0.604581   ,  0.12841    ,  4.62907    ,  0.0762272  ])
2322    , -491.643    , array([ 0.676465   ,  0.601606   ,  0.125851   ,  4.69914    ,  0.0872864  ])
2323    , -491.216    , array([ 0.675952   ,  0.601013   ,  0.144306   ,  4.71328    ,  0.0741896  ])
2324    , -483.953    , array([ 0.67186    ,  0.596287   ,  0.157666   ,  4.82794    ,  0.0783208  ])
2325    , -487.481    , array([ 0.689109   ,  0.595347   ,  0.139397   ,  4.85121    ,  0.0791743  ])
2326    , -482.227    , array([ 0.678089   ,  0.589361   ,  0.14175    ,  4.5034     ,  0.0848611  ])
2327    , -474.548    , array([ 0.675049   ,  0.579032   ,  0.145965   ,  4.34288    ,  0.0958133  ])
likelihood = -474.55
theta = 108.92
Optimized parameters = [0.67504934 0.57903215 0.14596504 4.34288089 0.0958133 ]

Round_2_Replicate_7
2328    , -1140.47    , array([ 0.11607    ,  0.657639   ,  0.0629164  ,  2.4282     ,  0.179887   ])
2329    , -1191.77    , array([ 0.104221   ,  0.657639   ,  0.0629164  ,  2.4282     ,  0.179887   ])
2330    , -1134.88    , array([ 0.11607    ,  0.644002   ,  0.0629164  ,  2.4282     ,  0.179887   ])
2331    , -1171.57    , array([ 0.11607    ,  0.657639   ,  0.0547901  ,  2.4282     ,  0.179887   ])
2332    , -1140.2     , array([ 0.11607    ,  0.657639   ,  0.0629164  ,  2.53833    ,  0.179887   ])
2333    , -1141.75    , array([ 0.11607    ,  0.657639   ,  0.0629164  ,  2.4282     ,  0.165101   ])
2334    , -1100.85    , array([ 0.129265   ,  0.65215    ,  0.0595304  ,  2.47166    ,  0.17382    ])
2335    , -1057.43    , array([ 0.143962   ,  0.649423   ,  0.0579064  ,  2.49369    ,  0.170864   ])
2336    , -1074.92    , array([ 0.126511   ,  0.648878   ,  0.0698893  ,  2.49812    ,  0.170279   ])
2337    , -1076.92    , array([ 0.130947   ,  0.645407   ,  0.0634757  ,  2.52665    ,  0.187834   ])
2338    , -1053.54    , array([ 0.137418   ,  0.640578   ,  0.0637009  ,  2.56714    ,  0.175402   ])
2339    , -1012.01    , array([ 0.149523   ,  0.632214   ,  0.0640968  ,  2.63956    ,  0.173201   ])
likelihood = -1012.01
theta = 160.8
Optimized parameters = [0.14952284 0.6322139  0.06409676 2.63955927 0.1732013 ]

Round_2_Replicate_8
2340    , -1921.51    , array([ 0.901199   ,  0.709328   ,  0.565666   ,  5.0905     ,  0.50504    ])
2341    , -1918.26    , array([ 0.896524   ,  0.709328   ,  0.565666   ,  5.0905     ,  0.50504    ])
2342    , -1904.32    , array([ 0.901199   ,  0.697251   ,  0.565666   ,  5.0905     ,  0.50504    ])
2343    , -1862.6     , array([ 0.901199   ,  0.709328   ,  0.549779   ,  5.0905     ,  0.50504    ])
2344    , -1911.22    , array([ 0.901199   ,  0.709328   ,  0.565666   ,  5.52203    ,  0.50504    ])
2345    , -1900.02    , array([ 0.901199   ,  0.709328   ,  0.565666   ,  5.0905     ,  0.488082   ])
2346    , -1876.94    , array([ 0.899326   ,  0.704472   ,  0.559257   ,  5.25891    ,  0.498187   ])
2347    , -1863.8     , array([ 0.905145   ,  0.702539   ,  0.556713   ,  5.32782    ,  0.495472   ])
2348    , -1853.1     , array([ 0.902025   ,  0.699842   ,  0.553172   ,  4.84164    ,  0.491696   ])
2349    , -1826.22    , array([ 0.902438   ,  0.695147   ,  0.547029   ,  4.53356    ,  0.485156   ])
2350    , -1827.24    , array([ 0.90252    ,  0.711103   ,  0.545809   ,  5.0142     ,  0.483859   ])
likelihood = -1826.22
theta = 92.49
Optimized parameters = [0.90243751 0.6951469  0.54702923 4.53355914 0.48515636]

Round_2_Replicate_9
2351    , -1177.47    , array([ 0.187179   ,  1.40146    ,  0.0921943  ,  3.75182    ,  0.517843   ])
2352    , -1214.75    , array([ 0.172136   ,  1.40146    ,  0.0921943  ,  3.75182    ,  0.517843   ])
2353    , -1187.47    , array([ 0.187179   ,  1.42531    ,  0.0921943  ,  3.75182    ,  0.517843   ])
2354    , -1174.84    , array([ 0.187179   ,  1.40146    ,  0.0818351  ,  3.75182    ,  0.517843   ])
2355    , -1168.36    , array([ 0.187179   ,  1.40146    ,  0.0921943  ,  4.00824    ,  0.517843   ])
2356    , -1175.3     , array([ 0.187179   ,  1.40146    ,  0.0921943  ,  3.75182    ,  0.501081   ])
2357    , -1138.67    , array([ 0.203538   ,  1.41095    ,  0.0879019  ,  3.85236    ,  0.511072   ])
2358    , -1102.2     , array([ 0.221326   ,  1.41572    ,  0.0858312  ,  3.90363    ,  0.50772    ])
2359    , -1131.63    , array([ 0.200156   ,  1.3836     ,  0.085423   ,  3.91397    ,  0.507052   ])
2360    , -1123.46    , array([ 0.205595   ,  1.39995    ,  0.0828558  ,  3.98077    ,  0.502799   ])
2361    , -1105.68    , array([ 0.213458   ,  1.39934    ,  0.0793908  ,  4.07622    ,  0.52033    ])
likelihood = -1102.2
theta = 93.94
Optimized parameters = [0.22132593 1.41572213 0.08583123 3.90363126 0.50771996]

Round_2_Replicate_10
2362    , -1353.53    , array([ 1.33826    ,  0.475957   ,  0.67202    ,  2.45078    ,  0.114522   ])
2363    , -1362.16    , array([ 1.3579     ,  0.475957   ,  0.67202    ,  2.45078    ,  0.114522   ])
2364    , -1335.18    , array([ 1.33826    ,  0.458613   ,  0.67202    ,  2.45078    ,  0.114522   ])
2365    , -1328.6     , array([ 1.33826    ,  0.475957   ,  0.658796   ,  2.45078    ,  0.114522   ])
2366    , -1338.44    , array([ 1.33826    ,  0.475957   ,  0.67202    ,  2.56313    ,  0.114522   ])
2367    , -1287.46    , array([ 1.33826    ,  0.475957   ,  0.67202    ,  2.45078    ,  0.102762   ])
2368    , -1295.45    , array([ 1.3189     ,  0.468942   ,  0.666699   ,  2.49512    ,  0.109665   ])
2369    , -1281.09    , array([ 1.33048    ,  0.466165   ,  0.664582   ,  2.51308    ,  0.10778    ])
2370    , -1246.38    , array([ 1.32661    ,  0.461345   ,  0.660895   ,  2.54481    ,  0.104559   ])
2371    , -1260.22    , array([ 1.32584    ,  0.460387   ,  0.66016    ,  2.39604    ,  0.103927   ])
2372    , -1233.61    , array([ 1.3209     ,  0.478537   ,  0.655474   ,  2.48334    ,  0.0999684  ])
2373    , -1186.26    , array([ 1.31231    ,  0.488821   ,  0.647355   ,  2.49978    ,  0.0934006  ])
likelihood = -1186.26
theta = 109.16
Optimized parameters = [1.31230928 0.48882101 0.64735465 2.49977586 0.0934006 ]

Round_3_Replicate_1
2374    , -713.929    , array([ 0.765269   ,  0.305284   ,  0.0433431  ,  1.25126    ,  0.0769468  ])
2375    , -711.718    , array([ 0.7551     ,  0.305284   ,  0.0433431  ,  1.25126    ,  0.0769468  ])
2376    , -716.064    , array([ 0.765269   ,  0.287699   ,  0.0433431  ,  1.25126    ,  0.0769468  ])
2377    , -737.677    , array([ 0.765269   ,  0.305284   ,  0.0370481  ,  1.25126    ,  0.0769468  ])
2378    , -712.533    , array([ 0.765269   ,  0.305284   ,  0.0433431  ,  1.26536    ,  0.0769468  ])
2379    , -720.866    , array([ 0.765269   ,  0.305284   ,  0.0433431  ,  1.25126    ,  0.0676862  ])
2380    , -692.305    , array([ 0.761185   ,  0.298124   ,  0.0507077  ,  1.25688    ,  0.0730995  ])
2381    , -670.084    , array([ 0.759151   ,  0.294608   ,  0.0593236  ,  1.2597     ,  0.0712486  ])
2382    , -688.582    , array([ 0.758745   ,  0.29391    ,  0.0491409  ,  1.26027    ,  0.0848233  ])
2383    , -683.461    , array([ 0.756152   ,  0.314549   ,  0.0516716  ,  1.26389    ,  0.0775809  ])
2384    , -672.265    , array([ 0.752535   ,  0.299998   ,  0.0554351  ,  1.26897    ,  0.077836   ])
2385    , -658.011    , array([ 0.747501   ,  0.297909   ,  0.061169   ,  1.25626    ,  0.0781945  ])
2386    , -631.983    , array([ 0.738773   ,  0.294289   ,  0.072667   ,  1.25174    ,  0.078826   ])
2387    , -628.041    , array([ 0.750972   ,  0.293571   ,  0.0752139  ,  1.27062    ,  0.0789529  ])
2388    , -591.451    , array([ 0.748916   ,  0.287884   ,  0.0990804  ,  1.28041    ,  0.0799754  ])
2389    , -612.298    , array([ 0.743477   ,  0.302415   ,  0.0878199  ,  1.26956    ,  0.0699551  ])
2390    , -590.124    , array([ 0.740999   ,  0.27816    ,  0.103257   ,  1.2682     ,  0.0733848  ])
2391    , -555.453    , array([ 0.733537   ,  0.261575   ,  0.145967   ,  1.27036    ,  0.0713727  ])
2392    , -560.485    , array([ 0.736984   ,  0.276094   ,  0.141767   ,  1.26366    ,  0.0706514  ])
likelihood = -555.45
theta = 182.6
Optimized parameters = [0.73353737 0.26157547 0.14596682 1.27035568 0.07137265]

Round_3_Replicate_2
2393    , -1243.76    , array([ 0.21448    ,  1.02611    ,  0.462264   ,  12.4639    ,  0.119155   ])
2394    , -1262.78    , array([ 0.19859    ,  1.02611    ,  0.462264   ,  12.4639    ,  0.119155   ])
2395    , -1244.31    , array([ 0.21448    ,  1.02743    ,  0.462264   ,  12.4639    ,  0.119155   ])
2396    , -1218.87    , array([ 0.21448    ,  1.02611    ,  0.444769   ,  12.4639    ,  0.119155   ])
2397    , -1268.16    , array([ 0.21448    ,  1.02611    ,  0.462264   ,  14.1396    ,  0.119155   ])
2398    , -1214.14    , array([ 0.21448    ,  1.02611    ,  0.462264   ,  12.4639    ,  0.107132   ])
2399    , -1208.59    , array([ 0.207977   ,  1.02664    ,  0.455185   ,  10.9868    ,  0.114192   ])
2400    , -1184.22    , array([ 0.204799   ,  1.0269     ,  0.451686   ,  9.68478    ,  0.111788   ])
2401    , -1177.43    , array([ 0.227402   ,  1.02696    ,  0.45099    ,  11.2675    ,  0.111314   ])
2402    , -1135.94    , array([ 0.24334    ,  1.02738    ,  0.445456   ,  10.7131    ,  0.107589   ])
2403    , -1154.08    , array([ 0.221459   ,  1.02561    ,  0.444358   ,  10.6056    ,  0.106859   ])
2404    , -1121.44    , array([ 0.224314   ,  1.02674    ,  0.437391   ,  9.94225    ,  0.102303   ])
2405    , -1067.65    , array([ 0.229399   ,  1.02705    ,  0.42546    ,  8.87972    ,  0.0947932  ])
2406    , -1085.3     , array([ 0.23043    ,  1.02711    ,  0.446596   ,  8.68125    ,  0.0933587  ])
2407    , -1050.63    , array([ 0.237137   ,  1.02751    ,  0.423808   ,  7.51196    ,  0.0982751  ])
2408    , -995.962    , array([ 0.249348   ,  1.02822    ,  0.405797   ,  5.83179    ,  0.0941251  ])
2409    , -985.296    , array([ 0.268689   ,  1.02724    ,  0.415538   ,  7.8923     ,  0.0879203  ])
2410    , -899.556    , array([ 0.307758   ,  1.02741    ,  0.398564   ,  7.12459    ,  0.0779714  ])
2411    , -928.767    , array([ 0.283433   ,  1.02926    ,  0.40441    ,  6.14682    ,  0.0810822  ])
2412    , -897.452    , array([ 0.274174   ,  1.02824    ,  0.388111   ,  4.87261    ,  0.0719171  ])
2413    , -862.456    , array([ 0.291026   ,  1.02867    ,  0.362269   ,  3.28612    ,  0.0587984  ])
likelihood = -862.46
theta = 116.57
Optimized parameters = [0.29102589 1.02866976 0.36226948 3.2861247  0.05879835]

Round_3_Replicate_3
2414    , -1310.77    , array([ 0.497257   ,  0.578411   ,  0.549889   ,  1.88595    ,  0.288189   ])
2415    , -1301.04    , array([ 0.480187   ,  0.578411   ,  0.549889   ,  1.88595    ,  0.288189   ])
2416    , -1287.52    , array([ 0.497257   ,  0.562792   ,  0.549889   ,  1.88595    ,  0.288189   ])
2417    , -1274.18    , array([ 0.497257   ,  0.578411   ,  0.53369    ,  1.88595    ,  0.288189   ])
2418    , -1304.33    , array([ 0.497257   ,  0.578411   ,  0.549889   ,  1.94673    ,  0.288189   ])
2419    , -1286.27    , array([ 0.497257   ,  0.578411   ,  0.549889   ,  1.88595    ,  0.270808   ])
2420    , -1270.71    , array([ 0.490358   ,  0.572112   ,  0.543351   ,  1.91003    ,  0.281107   ])
2421    , -1251.21    , array([ 0.486944   ,  0.568988   ,  0.540111   ,  1.92218    ,  0.277631   ])
2422    , -1256.22    , array([ 0.486264   ,  0.568366   ,  0.539466   ,  1.84102    ,  0.276941   ])
2423    , -1241.8     , array([ 0.50609    ,  0.564397   ,  0.535352   ,  1.88212    ,  0.272566   ])
2424    , -1213.62    , array([ 0.51956    ,  0.557518   ,  0.528228   ,  1.88021    ,  0.265075   ])
2425    , -1225.4     , array([ 0.497369   ,  0.577879   ,  0.526815   ,  1.87983    ,  0.263601   ])
2426    , -1202.94    , array([ 0.497413   ,  0.562068   ,  0.517859   ,  1.87739    ,  0.27751    ])
2427    , -1163.62    , array([ 0.497491   ,  0.554071   ,  0.50255    ,  1.87312    ,  0.280922   ])
2428    , -1170.67    , array([ 0.497507   ,  0.552485   ,  0.520899   ,  1.87227    ,  0.258122   ])
2429    , -1154.53    , array([ 0.513427   ,  0.555912   ,  0.508153   ,  1.93092    ,  0.26115    ])
2430    , -1106.99    , array([ 0.527573   ,  0.549788   ,  0.493185   ,  1.97749    ,  0.253596   ])
2431    , -1105.46    , array([ 0.529412   ,  0.547731   ,  0.489424   ,  1.87049    ,  0.251235   ])
2432    , -1041.75    , array([ 0.552015   ,  0.537402   ,  0.465893   ,  1.84517    ,  0.238993   ])
2433    , -1057.18    , array([ 0.540385   ,  0.523864   ,  0.477708   ,  1.89845    ,  0.254434   ])
likelihood = -1041.75
theta = 153.31
Optimized parameters = [0.55201521 0.53740156 0.46589345 1.84516693 0.2389931 ]

Round_3_Replicate_4
2434    , -578.944    , array([ 0.555229   ,  0.454476   ,  0.07313    ,  3.13429    ,  0.0804059  ])
2435    , -583.365    , array([ 0.539133   ,  0.454476   ,  0.07313    ,  3.13429    ,  0.0804059  ])
2436    , -578.141    , array([ 0.555229   ,  0.436905   ,  0.07313    ,  3.13429    ,  0.0804059  ])
2437    , -603.221    , array([ 0.555229   ,  0.454476   ,  0.0641653  ,  3.13429    ,  0.0804059  ])
2438    , -580.388    , array([ 0.555229   ,  0.454476   ,  0.07313    ,  3.31853    ,  0.0804059  ])
2439    , -590.148    , array([ 0.555229   ,  0.454476   ,  0.07313    ,  3.13429    ,  0.0708847  ])
2440    , -561.909    , array([ 0.548734   ,  0.447364   ,  0.0833471  ,  3.20672    ,  0.0764529  ])
2441    , -543.085    , array([ 0.545515   ,  0.44385    ,  0.0949918  ,  3.24357    ,  0.0745498  ])
2442    , -555.776    , array([ 0.544873   ,  0.443151   ,  0.0811955  ,  3.25099    ,  0.0884885  ])
2443    , -550.902    , array([ 0.563523   ,  0.4387     ,  0.0846654  ,  3.29887    ,  0.0810571  ])
2444    , -542.434    , array([ 0.550441   ,  0.432544   ,  0.089774   ,  3.10833    ,  0.081319   ])
2445    , -525.219    , array([ 0.548063   ,  0.421978   ,  0.0994667  ,  3.00827    ,  0.0817795  ])
2446    , -523.361    , array([ 0.547589   ,  0.419896   ,  0.101527   ,  3.23747    ,  0.0818719  ])
2447    , -499.889    , array([ 0.543808   ,  0.403605   ,  0.119626   ,  3.29032    ,  0.0826149  ])
2448    , -497.071    , array([ 0.543055   ,  0.42315    ,  0.123616   ,  3.301      ,  0.0827643  ])
2449    , -471.335    , array([ 0.537068   ,  0.416436   ,  0.160719   ,  3.38765    ,  0.0839693  ])
2450    , -482.056    , array([ 0.550191   ,  0.406938   ,  0.146303   ,  3.23535    ,  0.073644   ])
2451    , -467.49     , array([ 0.526912   ,  0.398893   ,  0.174622   ,  3.16369    ,  0.0773699  ])
2452    , -459.643    , array([ 0.509508   ,  0.380365   ,  0.250781   ,  3.09819    ,  0.0755896  ])
2453    , -452.766    , array([ 0.52964    ,  0.370657   ,  0.229489   ,  3.15915    ,  0.0845907  ])
2454    , -490.007    , array([ 0.521877   ,  0.33872    ,  0.356697   ,  3.11778    ,  0.0901074  ])
likelihood = -452.77
theta = 145.34
Optimized parameters = [0.5296404  0.37065746 0.22948904 3.15915393 0.08459068]

Round_3_Replicate_5
2455    , -950.701    , array([ 2.54339    ,  1.98959    ,  0.343289   ,  12.4354    ,  0.0916347  ])
2456    , -956.803    , array([ 2.66492    ,  1.98959    ,  0.343289   ,  12.4354    ,  0.0916347  ])
2457    , -963.621    , array([ 2.54339    ,  2.05922    ,  0.343289   ,  12.4354    ,  0.0916347  ])
2458    , -908.712    , array([ 2.54339    ,  1.98959    ,  0.325419   ,  12.4354    ,  0.0916347  ])
2459    , -933.359    , array([ 2.54339    ,  1.98959    ,  0.343289   ,  14.1056    ,  0.0916347  ])
2460    , -894.041    , array([ 2.54339    ,  1.98959    ,  0.343289   ,  12.4354    ,  0.0813136  ])
2461    , -894.056    , array([ 2.59132    ,  1.92232    ,  0.336026   ,  13.0783    ,  0.0873577  ])
2462    , -877.941    , array([ 2.4456     ,  1.96241    ,  0.333164   ,  13.3447    ,  0.0857034  ])
2463    , -844.579    , array([ 2.34281    ,  1.94895    ,  0.328214   ,  13.824     ,  0.0828832  ])
2464    , -842.62     , array([ 2.47962    ,  1.94627    ,  0.327233   ,  13.9219    ,  0.0823304  ])
2465    , -798.587    , array([ 2.44834    ,  1.92497    ,  0.319489   ,  14.7306    ,  0.0780388  ])
2466    , -807.075    , array([ 2.44213    ,  1.92074    ,  0.317962   ,  12.4881    ,  0.0772077  ])
2467    , -791.44     , array([ 2.40277    ,  1.89386    ,  0.332327   ,  14.1895    ,  0.0720943  ])
2468    , -748.617    , array([ 2.3354     ,  1.84774    ,  0.335836   ,  15.1572    ,  0.0639471  ])
2469    , -751.489    , array([ 2.26225    ,  1.92936    ,  0.321764   ,  14.312     ,  0.0667525  ])
2470    , -713.239    , array([ 2.19937    ,  1.84134    ,  0.306904   ,  15.9225    ,  0.0662716  ])
2471    , -669.698    , array([ 2.04523    ,  1.77141    ,  0.290184   ,  18.0171    ,  0.0598287  ])
2472    , -674.911    , array([ 2.2614     ,  1.80928    ,  0.30557    ,  15.9241    ,  0.0570691  ])
2473    , -682.852    , array([ 2.10372    ,  1.79248    ,  0.310446   ,  19.4274    ,  0.0542879  ])
likelihood = -669.7
theta = 33.08
Optimized parameters = [ 2.04522754  1.77141168  0.29018394 18.01714667  0.05982871]

Round_4_Replicate_1
2474    , -621.826    , array([ 0.375507   ,  0.702525   ,  0.215404   ,  5.50085    ,  0.114029   ])
2475    , -633.72     , array([ 0.35756    ,  0.702525   ,  0.215404   ,  5.50085    ,  0.114029   ])
2476    , -618.228    , array([ 0.375507   ,  0.690232   ,  0.215404   ,  5.50085    ,  0.114029   ])
2477    , -616.265    , array([ 0.375507   ,  0.702525   ,  0.199488   ,  5.50085    ,  0.114029   ])
2478    , -628.474    , array([ 0.375507   ,  0.702525   ,  0.215404   ,  5.99034    ,  0.114029   ])
2479    , -618.032    , array([ 0.375507   ,  0.702525   ,  0.215404   ,  5.50085    ,  0.102298   ])
2480    , -607.362    , array([ 0.394355   ,  0.697582   ,  0.208891   ,  5.69166    ,  0.109183   ])
2481    , -595.119    , array([ 0.414149   ,  0.695123   ,  0.205708   ,  5.78952    ,  0.106838   ])
2482    , -600.425    , array([ 0.390511   ,  0.694633   ,  0.205078   ,  5.15577    ,  0.106375   ])
2483    , -597.973    , array([ 0.396679   ,  0.691501   ,  0.201087   ,  5.47092    ,  0.103459   ])
2484    , -594.264    , array([ 0.405479   ,  0.704334   ,  0.19563    ,  5.459      ,  0.0995108  ])
2485    , -585.414    , array([ 0.42135    ,  0.711492   ,  0.186435   ,  5.43819    ,  0.0929605  ])
2486    , -580.163    , array([ 0.424598   ,  0.695528   ,  0.184648   ,  5.43404    ,  0.106756   ])
2487    , -564.042    , array([ 0.4515     ,  0.692055   ,  0.170958   ,  5.40093    ,  0.109058   ])
2488    , -562.435    , array([ 0.457082   ,  0.691363   ,  0.187444   ,  5.39434    ,  0.0940807  ])
2489    , -541.605    , array([ 0.504292   ,  0.685849   ,  0.181697   ,  5.34186    ,  0.0854562  ])
2490    , -555.197    , array([ 0.486853   ,  0.695668   ,  0.173717   ,  5.83759    ,  0.0923928  ])
2491    , -541.089    , array([ 0.520206   ,  0.700501   ,  0.167094   ,  5.64594    ,  0.0907937  ])
2492    , -522.361    , array([ 0.595722   ,  0.705045   ,  0.152317   ,  5.73554    ,  0.085055   ])
2493    , -528.815    , array([ 0.576253   ,  0.700812   ,  0.144841   ,  5.31528    ,  0.0802583  ])
2494    , -506.592    , array([ 0.64197    ,  0.680559   ,  0.144465   ,  5.60717    ,  0.0869747  ])
2495    , -486.971    , array([ 0.792412   ,  0.665601   ,  0.127168   ,  5.69362    ,  0.0841279  ])
2496    , -505.612    , array([ 0.750269   ,  0.688849   ,  0.139957   ,  5.7663     ,  0.0668263  ])
2497    , -497.322    , array([ 0.827189   ,  0.682577   ,  0.126329   ,  5.30882    ,  0.0692931  ])
2498    , -505.005    , array([ 0.973396   ,  0.691027   ,  0.104437   ,  5.78711    ,  0.0688911  ])
2499    , -490.207    , array([ 1.05058    ,  0.672479   ,  0.114948   ,  6.01729    ,  0.069006   ])
likelihood = -486.97
theta = 90.23
Optimized parameters = [0.79241158 0.66560065 0.12716827 5.69362384 0.08412791]

Round_4_Replicate_2
2500    , -573.283    , array([ 0.305599   ,  0.405091   ,  0.43912    ,  3.38278    ,  0.0499557  ])
2501    , -583.735    , array([ 0.288011   ,  0.405091   ,  0.43912    ,  3.38278    ,  0.0499557  ])
2502    , -566.28     , array([ 0.305599   ,  0.387196   ,  0.43912    ,  3.38278    ,  0.0499557  ])
2503    , -568.007    , array([ 0.305599   ,  0.405091   ,  0.421417   ,  3.38278    ,  0.0499557  ])
2504    , -578.592    , array([ 0.305599   ,  0.405091   ,  0.43912    ,  3.59532    ,  0.0499557  ])
2505    , -568.587    , array([ 0.305599   ,  0.405091   ,  0.43912    ,  3.38278    ,  0.0430045  ])
2506    , -558.524    , array([ 0.324261   ,  0.397836   ,  0.431951   ,  3.46625    ,  0.0470496  ])
2507    , -547.328    , array([ 0.344062   ,  0.394257   ,  0.428411   ,  3.50875    ,  0.0456607  ])
2508    , -551.185    , array([ 0.320439   ,  0.393545   ,  0.427707   ,  3.2297     ,  0.0453878  ])
2509    , -548.264    , array([ 0.326575   ,  0.38902    ,  0.423225   ,  3.36962    ,  0.0436799  ])
2510    , -543.612    , array([ 0.335364   ,  0.382771   ,  0.417029   ,  3.36437    ,  0.0510574  ])
2511    , -532.423    , array([ 0.351316   ,  0.372076   ,  0.406404   ,  3.35519    ,  0.0556329  ])
2512    , -531.282    , array([ 0.354597   ,  0.369973   ,  0.428287   ,  3.35336    ,  0.0458867  ])
2513    , -516.579    , array([ 0.381967   ,  0.353573   ,  0.431764   ,  3.33875    ,  0.0439783  ])
2514    , -515.025    , array([ 0.38769    ,  0.37326    ,  0.408253   ,  3.33583    ,  0.0436062  ])
2515    , -497.163    , array([ 0.436667   ,  0.366482   ,  0.393643   ,  3.3126     ,  0.0407409  ])
2516    , -506.104    , array([ 0.418458   ,  0.35692    ,  0.405461   ,  3.52955    ,  0.0459653  ])
2517    , -494.768    , array([ 0.4534     ,  0.348846   ,  0.402787   ,  3.44633    ,  0.048747   ])
2518    , -479.467    , array([ 0.534233   ,  0.330343   ,  0.392941   ,  3.48533    ,  0.0514968  ])
2519    , -473.526    , array([ 0.513175   ,  0.320701   ,  0.38439    ,  3.30081    ,  0.0489308  ])
2520    , -460.526    , array([ 0.62673    ,  0.289241   ,  0.364106   ,  3.20151    ,  0.0506526  ])
2521    , -469.895    , array([ 0.633516   ,  0.307255   ,  0.387779   ,  3.38775    ,  0.0386813  ])
2522    , -463.746    , array([ 0.713382   ,  0.305675   ,  0.349647   ,  3.42433    ,  0.0464835  ])
2523    , -471.549    , array([ 0.806054   ,  0.284606   ,  0.350913   ,  3.20024    ,  0.044674   ])
2524    , -498.057    , array([ 0.987079   ,  0.250518   ,  0.345212   ,  3.36309    ,  0.0522955  ])
2525    , -473.564    , array([ 0.535427   ,  0.333234   ,  0.380933   ,  3.32515    ,  0.0433649  ])
2526    , -473.399    , array([ 0.807531   ,  0.278894   ,  0.341561   ,  3.13683    ,  0.038624   ])
likelihood = -460.53
theta = 144.8
Optimized parameters = [0.62672969 0.28924108 0.36410621 3.20151304 0.05065259]

Round_4_Replicate_3
2527    , -541.719    , array([ 0.962478   ,  0.200134   ,  0.270649   ,  2.42531    ,  0.130601   ])
2528    , -541.148    , array([ 0.96064    ,  0.200134   ,  0.270649   ,  2.42531    ,  0.130601   ])
2529    , -545.278    , array([ 0.962478   ,  0.184666   ,  0.270649   ,  2.42531    ,  0.130601   ])
2530    , -533.099    , array([ 0.962478   ,  0.200134   ,  0.253529   ,  2.42531    ,  0.130601   ])
2531    , -535.848    , array([ 0.962478   ,  0.200134   ,  0.270649   ,  2.53517    ,  0.130601   ])
2532    , -535.638    , array([ 0.962478   ,  0.200134   ,  0.270649   ,  2.42531    ,  0.117962   ])
2533    , -530.379    , array([ 0.961743   ,  0.216897   ,  0.263667   ,  2.46867    ,  0.125391   ])
2534    , -524.586    , array([ 0.961375   ,  0.235065   ,  0.260243   ,  2.49064    ,  0.122864   ])
2535    , -525.877    , array([ 0.961301   ,  0.213436   ,  0.259564   ,  2.49506    ,  0.122365   ])
2536    , -520.833    , array([ 0.963406   ,  0.219001   ,  0.255258   ,  2.52351    ,  0.119218   ])
2537    , -512.063    , array([ 0.964793   ,  0.229092   ,  0.247893   ,  2.57409    ,  0.113904   ])
2538    , -517.848    , array([ 0.96249    ,  0.231165   ,  0.246446   ,  2.42893    ,  0.11287    ])
2539    , -510.352    , array([ 0.962495   ,  0.244885   ,  0.237382   ,  2.54045    ,  0.122776   ])
2540    , -500.578    , array([ 0.962503   ,  0.270884   ,  0.222315   ,  2.60006    ,  0.125256   ])
2541    , -502.276    , array([ 0.962505   ,  0.276406   ,  0.240439   ,  2.61215    ,  0.109057   ])
2542    , -499.673    , array([ 0.964166   ,  0.287417   ,  0.227767   ,  2.58614    ,  0.111158   ])
2543    , -493.56     , array([ 0.965601   ,  0.333531   ,  0.213361   ,  2.63292    ,  0.105945   ])
2544    , -489.128    , array([ 0.965785   ,  0.300173   ,  0.209822   ,  2.64894    ,  0.104336   ])
2545    , -481.497    , array([ 0.967998   ,  0.339206   ,  0.188402   ,  2.73182    ,  0.0961476  ])
2546    , -480.613    , array([ 0.96687    ,  0.355839   ,  0.199      ,  2.84697    ,  0.106519   ])
2547    , -476.241    , array([ 0.969068   ,  0.441489   ,  0.178821   ,  3.08225    ,  0.103478   ])
2548    , -488.333    , array([ 0.96627    ,  0.4668     ,  0.173609   ,  2.88716    ,  0.101576   ])
2549    , -484.144    , array([ 0.970081   ,  0.477118   ,  0.15713    ,  2.96133    ,  0.103117   ])
2550    , -505.722    , array([ 0.973131   ,  0.610557   ,  0.147915   ,  3.13402    ,  0.0830611  ])
2551    , -485.788    , array([ 0.965149   ,  0.331909   ,  0.200784   ,  2.72435    ,  0.113031   ])
2552    , -478.908    , array([ 0.969827   ,  0.494912   ,  0.150422   ,  3.13746    ,  0.100777   ])
2553    , -471.691    , array([ 0.97058    ,  0.361986   ,  0.174562   ,  2.95793    ,  0.104781   ])
2554    , -470.359    , array([ 0.972743   ,  0.318766   ,  0.175041   ,  2.99397    ,  0.106421   ])
likelihood = -470.36
theta = 125.3
Optimized parameters = [0.97274262 0.31876555 0.17504092 2.9939698  0.10642121]

Round_4_Replicate_4
2555    , -595.939    , array([ 0.351617   ,  0.56948    ,  0.329528   ,  4.29086    ,  0.0591312  ])
2556    , -606.396    , array([ 0.333713   ,  0.56948    ,  0.329528   ,  4.29086    ,  0.0591312  ])
2557    , -590.672    , array([ 0.351617   ,  0.553672   ,  0.329528   ,  4.29086    ,  0.0591312  ])
2558    , -590.528    , array([ 0.351617   ,  0.56948    ,  0.311736   ,  4.29086    ,  0.0591312  ])
2559    , -601.3      , array([ 0.351617   ,  0.56948    ,  0.329528   ,  4.61499    ,  0.0591312  ])
2560    , -592.762    , array([ 0.351617   ,  0.56948    ,  0.329528   ,  4.29086    ,  0.0513343  ])
2561    , -582.23     , array([ 0.370481   ,  0.563103   ,  0.322293   ,  4.41769    ,  0.0558795  ])
2562    , -571.332    , array([ 0.390357   ,  0.559942   ,  0.318735   ,  4.4825     ,  0.0543214  ])
2563    , -575.941    , array([ 0.366629   ,  0.559312   ,  0.318028   ,  4.05983    ,  0.054015   ])
2564    , -573.471    , array([ 0.372812   ,  0.555295   ,  0.313541   ,  4.2709     ,  0.0520947  ])
2565    , -567.463    , array([ 0.381643   ,  0.549721   ,  0.307365   ,  4.26295    ,  0.0603612  ])
2566    , -555.609    , array([ 0.397605   ,  0.5401     ,  0.296849   ,  4.24906    ,  0.0654535  ])
2567    , -557.56     , array([ 0.400876   ,  0.559831   ,  0.29479    ,  4.24629    ,  0.0545752  ])
2568    , -545.074    , array([ 0.422461   ,  0.540583   ,  0.304725   ,  4.2286     ,  0.0528526  ])
2569    , -526.793    , array([ 0.463069   ,  0.526688   ,  0.301278   ,  4.19781    ,  0.0499679  ])
2570    , -537.898    , array([ 0.444833   ,  0.537337   ,  0.292301   ,  4.52938    ,  0.056084   ])
2571    , -526.316    , array([ 0.46948    ,  0.534153   ,  0.288281   ,  4.40792    ,  0.0598932  ])
2572    , -506.846    , array([ 0.526843   ,  0.523886   ,  0.276425   ,  4.47807    ,  0.0642199  ])
2573    , -504.855    , array([ 0.505513   ,  0.515803   ,  0.26788    ,  4.19819    ,  0.0614158  ])
2574    , -480.882    , array([ 0.575264   ,  0.495057   ,  0.245581   ,  4.06287    ,  0.0653033  ])
2575    , -488.297    , array([ 0.568757   ,  0.491145   ,  0.269234   ,  4.35413    ,  0.0656799  ])
2576    , -476.459    , array([ 0.661722   ,  0.490102   ,  0.257125   ,  4.39402    ,  0.0548396  ])
2577    , -467.252    , array([ 0.853665   ,  0.466867   ,  0.239303   ,  4.46834    ,  0.0501967  ])
2578    , -461.579    , array([ 0.767655   ,  0.465685   ,  0.241045   ,  4.09976    ,  0.0612241  ])
2579    , -466.217    , array([ 1.00844    ,  0.433526   ,  0.218892   ,  3.90048    ,  0.0639682  ])
2580    , -453.366    , array([ 0.902663   ,  0.452273   ,  0.213901   ,  4.38197    ,  0.0745353  ])
2581    , -471.358    , array([ 1.26028    ,  0.419107   ,  0.180233   ,  4.47706    ,  0.0910327  ])
2582    , -461.957    , array([ 0.984074   ,  0.42873    ,  0.210405   ,  4.07223    ,  0.0615546  ])
likelihood = -453.37
theta = 105.62
Optimized parameters = [0.90266321 0.45227322 0.21390057 4.38197309 0.07453533]

Round_4_Replicate_5
2583    , -529.498    , array([ 0.439915   ,  0.356605   ,  0.133513   ,  2.15135    ,  0.0545597  ])
2584    , -534.574    , array([ 0.422219   ,  0.356605   ,  0.133513   ,  2.15135    ,  0.0545597  ])
2585    , -527.308    , array([ 0.439915   ,  0.338685   ,  0.133513   ,  2.15135    ,  0.0545597  ])
2586    , -544.786    , array([ 0.439915   ,  0.356605   ,  0.120726   ,  2.15135    ,  0.0545597  ])
2587    , -529.808    , array([ 0.439915   ,  0.356605   ,  0.133513   ,  2.23536    ,  0.0545597  ])
2588    , -541.976    , array([ 0.439915   ,  0.356605   ,  0.133513   ,  2.15135    ,  0.0471754  ])
2589    , -520.913    , array([ 0.432749   ,  0.349326   ,  0.147655   ,  2.18457    ,  0.0514765  ])
2590    , -510.366    , array([ 0.42921    ,  0.345742   ,  0.163295   ,  2.20137    ,  0.0500009  ])
2591    , -511.609    , array([ 0.428506   ,  0.34503    ,  0.144712   ,  2.20475    ,  0.0609355  ])
2592    , -508.906    , array([ 0.449114   ,  0.340506   ,  0.14945    ,  2.22647    ,  0.0550698  ])
2593    , -497.544    , array([ 0.463197   ,  0.332732   ,  0.158118   ,  2.26501    ,  0.0553267  ])
2594    , -500.472    , array([ 0.440031   ,  0.331198   ,  0.159911   ,  2.15412    ,  0.0553782  ])
2595    , -490.642    , array([ 0.440077   ,  0.32155    ,  0.171877   ,  2.23939    ,  0.0557091  ])
2596    , -475.143    , array([ 0.440158   ,  0.305336   ,  0.195014   ,  2.28475    ,  0.0562928  ])
2597    , -475.053    , array([ 0.440174   ,  0.324812   ,  0.200002   ,  2.29393    ,  0.0564103  ])
2598    , -460.378    , array([ 0.440304   ,  0.318089   ,  0.244788   ,  2.36873    ,  0.057359   ])
2599    , -467.338    , array([ 0.456831   ,  0.308637   ,  0.227704   ,  2.30355    ,  0.0493006  ])
2600    , -453.959    , array([ 0.467601   ,  0.294327   ,  0.230495   ,  2.34933    ,  0.059744   ])
2601    , -442.208    , array([ 0.488066   ,  0.271562   ,  0.273846   ,  2.427      ,  0.0653059  ])
2602    , -447.689    , array([ 0.475402   ,  0.283797   ,  0.291883   ,  2.51817    ,  0.0576207  ])
2603    , -455.983    , array([ 0.456349   ,  0.265074   ,  0.377222   ,  2.49857    ,  0.0586192  ])
2604    , -462.791    , array([ 0.487224   ,  0.272972   ,  0.398221   ,  2.56723    ,  0.058554   ])
2605    , -478.011    , array([ 0.481695   ,  0.257109   ,  0.426501   ,  2.65909    ,  0.0716209  ])
2606    , -452.584    , array([ 0.462924   ,  0.29486    ,  0.266384   ,  2.38771    ,  0.0541251  ])
2607    , -466.62     , array([ 0.442497   ,  0.29981    ,  0.207645   ,  2.31778    ,  0.0584348  ])
2608    , -450.56     , array([ 0.475636   ,  0.279447   ,  0.338394   ,  2.50246    ,  0.0585242  ])
2609    , -454.024    , array([ 0.505005   ,  0.244295   ,  0.384509   ,  2.56781    ,  0.060134   ])
likelihood = -442.21
theta = 175.09
Optimized parameters = [0.48806623 0.27156219 0.27384641 2.42699504 0.06530588]

Round_1_Replicate_1
3458    , -917.382    , array([ 0.498915   ,  0.135267   ,  0.504714   ,  0.175495   ,  0.654825   ])
3459    , -894.063    , array([ 0.481868   ,  0.135267   ,  0.504714   ,  0.175495   ,  0.654825   ])
3460    , -903.017    , array([ 0.498915   ,  0.122392   ,  0.504714   ,  0.175495   ,  0.654825   ])
3461    , -895.869    , array([ 0.498915   ,  0.135267   ,  0.48775    ,  0.175495   ,  0.654825   ])
3462    , -920.838    , array([ 0.498915   ,  0.135267   ,  0.504714   ,  0.160871   ,  0.654825   ])
3463    , -918.874    , array([ 0.498915   ,  0.135267   ,  0.504714   ,  0.175495   ,  0.641109   ])
3464    , -890.065    , array([ 0.492025   ,  0.129962   ,  0.497859   ,  0.191448   ,  0.649304   ])
3465    , -874.831    , array([ 0.488616   ,  0.127388   ,  0.494466   ,  0.208852   ,  0.646561   ])
3466    , -875.468    , array([ 0.487937   ,  0.126879   ,  0.493791   ,  0.188146   ,  0.665446   ])
likelihood = -874.83
theta = 274.89
Optimized parameters = [0.48861593 0.12738811 0.49446624 0.2088518  0.64656065]

Round_1_Replicate_2
3467    , -4695.11    , array([ 2.99375    ,  2.85063    ,  0.580257   ,  1.73554    ,  0.167066   ])
3468    , -4772.95    , array([ 3.16247    ,  2.85063    ,  0.580257   ,  1.73554    ,  0.167066   ])
3469    , -4797.9     , array([ 2.99375    ,  3.00392    ,  0.580257   ,  1.73554    ,  0.167066   ])
3470    , -4614.56    , array([ 2.99375    ,  2.85063    ,  0.564679   ,  1.73554    ,  0.167066   ])
3471    , -4648.19    , array([ 2.99375    ,  2.85063    ,  0.580257   ,  1.78405    ,  0.167066   ])
3472    , -4543.65    , array([ 2.99375    ,  2.85063    ,  0.580257   ,  1.73554    ,  0.152768   ])
3473    , -4512       , array([ 3.06013    ,  2.70517    ,  0.573975   ,  1.75478    ,  0.161193   ])
3474    , -4371       , array([ 3.09387    ,  2.56712    ,  0.570859   ,  1.76449    ,  0.158334   ])
3475    , -4381.68    , array([ 2.87157    ,  2.73365    ,  0.570238   ,  1.76643    ,  0.157769   ])
likelihood = -4371.0
theta = 53.53
Optimized parameters = [3.09387396 2.5671246  0.57085926 1.76448556 0.15833441]

Round_1_Replicate_3
3476    , -13063.3    , array([ 0.242223   ,  4.42322    ,  5.30893    ,  0.986473   ,  0.436861   ])
3477    , -12722.4    , array([ 0.225645   ,  4.42322    ,  5.30893    ,  0.986473   ,  0.436861   ])
3478    , -13131.2    , array([ 0.242223   ,  4.76459    ,  5.30893    ,  0.986473   ,  0.436861   ])
3479    , -13568.3    , array([ 0.242223   ,  4.42322    ,  5.77108    ,  0.986473   ,  0.436861   ])
3480    , -13063.2    , array([ 0.242223   ,  4.42322    ,  5.30893    ,  0.985802   ,  0.436861   ])
3481    , -13064.5    , array([ 0.242223   ,  4.42322    ,  5.30893    ,  0.986473   ,  0.419141   ])
3482    , -12471.1    , array([ 0.23545    ,  4.55673    ,  4.88378    ,  0.986205   ,  0.429685   ])
3483    , -11956      , array([ 0.232135   ,  4.62499    ,  4.49269    ,  0.98607    ,  0.426141   ])
3484    , -12406.1    , array([ 0.231478   ,  4.18023    ,  4.966      ,  0.986044   ,  0.425436   ])
likelihood = -11955.99
theta = 87.94
Optimized parameters = [0.23213534 4.6249866  4.49268595 0.98607043 0.42614095]

Round_1_Replicate_4
3485    , -10269.2    , array([ 0.428344   ,  3.08456    ,  2.57788    ,  0.610154   ,  0.16897    ])
3486    , -10152.3    , array([ 0.410565   ,  3.08456    ,  2.57788    ,  0.610154   ,  0.16897    ])
3487    , -10393.9    , array([ 0.428344   ,  3.26327    ,  2.57788    ,  0.610154   ,  0.16897    ])
3488    , -10589.2    , array([ 0.428344   ,  3.08456    ,  2.70288    ,  0.610154   ,  0.16897    ])
3489    , -10273.2    , array([ 0.428344   ,  3.08456    ,  2.57788    ,  0.595267   ,  0.16897    ])
3490    , -10090.1    , array([ 0.428344   ,  3.08456    ,  2.57788    ,  0.610154   ,  0.154597   ])
3491    , -9893.48    , array([ 0.421142   ,  3.15484    ,  2.45867    ,  0.604155   ,  0.163067   ])
3492    , -9553.07    , array([ 0.417587   ,  3.19058    ,  2.34497    ,  0.601178   ,  0.160193   ])
3493    , -9739.88    , array([ 0.416879   ,  2.95532    ,  2.48206    ,  0.600584   ,  0.159625   ])
likelihood = -9553.07
theta = 93.44
Optimized parameters = [0.4175865  3.19057758 2.34496794 0.60117781 0.16019317]

Round_1_Replicate_5
3494    , -16147.9    , array([ 7.8558     ,  5.68086    ,  0.726437   ,  0.576018   ,  6.07236    ])
3495    , -16528.7    , array([ 8.70863    ,  5.68086    ,  0.726437   ,  0.576018   ,  6.07236    ])
3496    , -16654.7    , array([ 7.8558     ,  6.19633    ,  0.726437   ,  0.576018   ,  6.07236    ])
3497    , -16002.8    , array([ 7.8558     ,  5.68086    ,  0.714921   ,  0.576018   ,  6.07236    ])
3498    , -16149.2    , array([ 7.8558     ,  5.68086    ,  0.726437   ,  0.560348   ,  6.07236    ])
3499    , -16103.4    , array([ 7.8558     ,  5.68086    ,  0.726437   ,  0.576018   ,  6.64547    ])
3500    , -15695      , array([ 8.18643    ,  5.20827    ,  0.721808   ,  0.569698   ,  6.29542    ])
3501    , -15185.6    , array([ 8.35692    ,  4.77499    ,  0.719505   ,  0.566564   ,  6.41001    ])
3502    , -15327.3    , array([ 7.26396    ,  5.29953    ,  0.719045   ,  0.565939   ,  6.43317    ])
likelihood = -15185.55
theta = 22.7
Optimized parameters = [8.35691939 4.77499046 0.71950515 0.56656406 6.41000703]

Round_1_Replicate_6
3503    , -9159.19    , array([ 0.453228   ,  3.4095     ,  1.77389    ,  0.56697    ,  1.24094    ])
3504    , -9036.39    , array([ 0.435644   ,  3.4095     ,  1.77389    ,  0.56697    ,  1.24094    ])
3505    , -9267.63    , array([ 0.453228   ,  3.62515    ,  1.77389    ,  0.56697    ,  1.24094    ])
3506    , -9304.33    , array([ 0.453228   ,  3.4095     ,  1.82546    ,  0.56697    ,  1.24094    ])
3507    , -9158.56    , array([ 0.453228   ,  3.4095     ,  1.77389    ,  0.55111    ,  1.24094    ])
3508    , -9159.45    , array([ 0.453228   ,  3.4095     ,  1.77389    ,  0.56697    ,  1.25441    ])
3509    , -9010.9     , array([ 0.446111   ,  3.49418    ,  1.72377    ,  0.560572   ,  1.24631    ])
3510    , -8868.17    , array([ 0.442594   ,  3.5373     ,  1.67507    ,  0.5574     ,  1.249      ])
3511    , -8883.11    , array([ 0.441894   ,  3.25424    ,  1.73368    ,  0.556768   ,  1.24954    ])
likelihood = -8868.17
theta = 79.9
Optimized parameters = [0.44259427 3.53730046 1.67507031 0.55739992 1.24900282]

Round_1_Replicate_7
3512    , -2417.84    , array([ 1.76008    ,  0.731174   ,  0.416492   ,  5.25227    ,  1.33711    ])
3513    , -2451.8     , array([ 1.81054    ,  0.731174   ,  0.416492   ,  5.25227    ,  1.33711    ])
3514    , -2402.07    , array([ 1.76008    ,  0.719817   ,  0.416492   ,  5.25227    ,  1.33711    ])
3515    , -2312.05    , array([ 1.76008    ,  0.731174   ,  0.398646   ,  5.25227    ,  1.33711    ])
3516    , -2403       , array([ 1.76008    ,  0.731174   ,  0.416492   ,  5.70643    ,  1.33711    ])
3517    , -2424.69    , array([ 1.76008    ,  0.731174   ,  0.416492   ,  5.25227    ,  1.35667    ])
3518    , -2332.65    , array([ 1.71102    ,  0.72661    ,  0.409259   ,  5.42943    ,  1.3449     ])
3519    , -2322.13    , array([ 1.74029    ,  0.724792   ,  0.406402   ,  5.50195    ,  1.32089    ])
likelihood = -2312.05
theta = 68.27
Optimized parameters = [1.76007778 0.73117432 0.39864554 5.25226849 1.33710948]

Round_1_Replicate_8
3520    , -8845.63    , array([ 0.625401   ,  1.79582    ,  1.80534    ,  5.2369     ,  2.53592    ])
3521    , -8778.84    , array([ 0.610895   ,  1.79582    ,  1.80534    ,  5.2369     ,  2.53592    ])
3522    , -8927.94    , array([ 0.625401   ,  1.84917    ,  1.80534    ,  5.2369     ,  2.53592    ])
3523    , -9014.99    , array([ 0.625401   ,  1.79582    ,  1.85946    ,  5.2369     ,  2.53592    ])
3524    , -8848.35    , array([ 0.625401   ,  1.79582    ,  1.80534    ,  5.68889    ,  2.53592    ])
3525    , -8844.36    , array([ 0.625401   ,  1.79582    ,  1.80534    ,  5.2369     ,  2.6567     ])
3526    , -8685.82    , array([ 0.619558   ,  1.81697    ,  1.75279    ,  5.41322    ,  2.58356    ])
3527    , -8525.46    , array([ 0.616656   ,  1.82764    ,  1.70178    ,  5.50359    ,  2.60772    ])
3528    , -8608.28    , array([ 0.616078   ,  1.75631    ,  1.76318    ,  5.52185    ,  2.61257    ])
likelihood = -8525.46
theta = 77.11
Optimized parameters = [0.61665635 1.82764071 1.70177527 5.5035907  2.60771702]

Round_1_Replicate_9
3529    , -3011.46    , array([ 0.137573   ,  1.2297     ,  0.769292   ,  0.315369   ,  0.24474    ])
3530    , -3005.52    , array([ 0.124583   ,  1.2297     ,  0.769292   ,  0.315369   ,  0.24474    ])
3531    , -3026.26    , array([ 0.137573   ,  1.24248    ,  0.769292   ,  0.315369   ,  0.24474    ])
3532    , -2989.46    , array([ 0.137573   ,  1.2297     ,  0.759269   ,  0.315369   ,  0.24474    ])
3533    , -3020.7     , array([ 0.137573   ,  1.2297     ,  0.769292   ,  0.297688   ,  0.24474    ])
3534    , -2989.84    , array([ 0.137573   ,  1.2297     ,  0.769292   ,  0.315369   ,  0.228108   ])
3535    , -2980.71    , array([ 0.132222   ,  1.21705    ,  0.765267   ,  0.308174   ,  0.237946   ])
3536    , -2958.63    , array([ 0.129625   ,  1.20453    ,  0.763263   ,  0.304638   ,  0.23462    ])
3537    , -2960.98    , array([ 0.129112   ,  1.21957    ,  0.762862   ,  0.329507   ,  0.233961   ])
likelihood = -2958.63
theta = 170.49
Optimized parameters = [0.12962507 1.20453489 0.76326273 0.30463812 0.23462031]

Round_1_Replicate_10
3538    , -2213.87    , array([ 0.517905   ,  0.708006   ,  0.561139   ,  0.207041   ,  1.26746    ])
3539    , -2191.9     , array([ 0.501144   ,  0.708006   ,  0.561139   ,  0.207041   ,  1.26746    ])
3540    , -2189.51    , array([ 0.517905   ,  0.695887   ,  0.561139   ,  0.207041   ,  1.26746    ])
3541    , -2161.21    , array([ 0.517905   ,  0.708006   ,  0.54516    ,  0.207041   ,  1.26746    ])
3542    , -2215.81    , array([ 0.517905   ,  0.708006   ,  0.561139   ,  0.191363   ,  1.26746    ])
3543    , -2212.7     , array([ 0.517905   ,  0.708006   ,  0.561139   ,  0.207041   ,  1.28257    ])
3544    , -2171.62    , array([ 0.511134   ,  0.703134   ,  0.554692   ,  0.224003   ,  1.27349    ])
3545    , -2157.01    , array([ 0.508451   ,  0.701194   ,  0.552134   ,  0.213666   ,  1.2759     ])
3546    , -2129.15    , array([ 0.503789   ,  0.697812   ,  0.547686   ,  0.217057   ,  1.28014    ])
likelihood = -2129.15
theta = 160.26
Optimized parameters = [0.5037886  0.6978124  0.54768587 0.21705714 1.2801443 ]

Round_2_Replicate_1
3547    , -752.991    , array([ 0.197195   ,  0.389555   ,  0.254057   ,  0.0992329  ,  2.11777    ])
3548    , -770.274    , array([ 0.181819   ,  0.389555   ,  0.254057   ,  0.0992329  ,  2.11777    ])
3549    , -729.227    , array([ 0.197195   ,  0.371619   ,  0.254057   ,  0.0992329  ,  2.11777    ])
3550    , -737.277    , array([ 0.197195   ,  0.389555   ,  0.237234   ,  0.0992329  ,  2.11777    ])
3551    , -753.225    , array([ 0.197195   ,  0.389555   ,  0.254057   ,  0.0884074  ,  2.11777    ])
3552    , -751.618    , array([ 0.197195   ,  0.389555   ,  0.254057   ,  0.0992329  ,  2.19874    ])
3553    , -721.082    , array([ 0.21387    ,  0.382279   ,  0.247189   ,  0.0947521  ,  2.14979    ])
3554    , -699.843    , array([ 0.231956   ,  0.378692   ,  0.243825   ,  0.0925882  ,  2.16598    ])
3555    , -714.069    , array([ 0.210426   ,  0.377979   ,  0.243158   ,  0.108339   ,  2.16924    ])
3556    , -699.687    , array([ 0.215964   ,  0.373445   ,  0.23893    ,  0.0999693  ,  2.19017    ])
3557    , -675.472    , array([ 0.226008   ,  0.365641   ,  0.231709   ,  0.100339   ,  2.2273     ])
3558    , -672.838    , array([ 0.228072   ,  0.3641     ,  0.230291   ,  0.100414   ,  2.12044    ])
3559    , -639.702    , array([ 0.245279   ,  0.352004   ,  0.219255   ,  0.101009   ,  2.08235    ])
likelihood = -639.7
theta = 232.99
Optimized parameters = [0.2452795  0.35200358 0.21925464 0.10100933 2.08234786]

Round_2_Replicate_2
3560    , -2166.76    , array([ 0.497761   ,  0.0677519  ,  1.72222    ,  0.217048   ,  1.34223    ])
3561    , -2124.71    , array([ 0.480698   ,  0.0677519  ,  1.72222    ,  0.217048   ,  1.34223    ])
3562    , -2118       , array([ 0.497761   ,  0.0592198  ,  1.72222    ,  0.217048   ,  1.34223    ])
3563    , -2210.74    , array([ 0.497761   ,  0.0677519  ,  1.76967    ,  0.217048   ,  1.34223    ])
3564    , -2166.71    , array([ 0.497761   ,  0.0677519  ,  1.72222    ,  0.201087   ,  1.34223    ])
3565    , -2166.66    , array([ 0.497761   ,  0.0677519  ,  1.72222    ,  0.217048   ,  1.36213    ])
3566    , -2087.16    , array([ 0.490864   ,  0.0642007  ,  1.67604    ,  0.210517   ,  1.35015    ])
3567    , -2028.68    , array([ 0.487452   ,  0.0624955  ,  1.6311     ,  0.207325   ,  1.35413    ])
3568    , -2074.49    , array([ 0.486772   ,  0.06216    ,  1.68517    ,  0.206693   ,  1.35493    ])
3569    , -2039.82    , array([ 0.482445   ,  0.0600546  ,  1.67058    ,  0.225566   ,  1.36004    ])
3570    , -1993.28    , array([ 0.476451   ,  0.0572264  ,  1.65036    ,  0.212222   ,  1.33936    ])
3571    , -1917.04    , array([ 0.46614    ,  0.0525938  ,  1.61556    ,  0.209849   ,  1.32811    ])
likelihood = -1917.04
theta = 380.7
Optimized parameters = [0.46614025 0.05259376 1.61556418 0.20984891 1.32811316]

Round_2_Replicate_3
3572    , -742.333    , array([ 0.822707   ,  0.2105     ,  0.216955   ,  0.0765893  ,  1.89086    ])
3573    , -737.27     , array([ 0.814719   ,  0.2105     ,  0.216955   ,  0.0765893  ,  1.89086    ])
3574    , -738.533    , array([ 0.822707   ,  0.194722   ,  0.216955   ,  0.0765893  ,  1.89086    ])
3575    , -714.167    , array([ 0.822707   ,  0.2105     ,  0.200996   ,  0.0765893  ,  1.89086    ])
3576    , -742.97     , array([ 0.822707   ,  0.2105     ,  0.216955   ,  0.067356   ,  1.89086    ])
3577    , -738.635    , array([ 0.822707   ,  0.2105     ,  0.216955   ,  0.0765893  ,  1.95205    ])
3578    , -724.84     , array([ 0.819503   ,  0.204041   ,  0.210425   ,  0.0870883  ,  1.9151     ])
3579    , -718.979    , array([ 0.818224   ,  0.201513   ,  0.207868   ,  0.0806278  ,  1.92489    ])
3580    , -715.641    , array([ 0.816438   ,  0.198026   ,  0.204341   ,  0.0823022  ,  1.85412    ])
3581    , -706.45     , array([ 0.813943   ,  0.215518   ,  0.199503   ,  0.0847049  ,  1.89916    ])
3582    , -692.369    , array([ 0.809596   ,  0.226735   ,  0.191311   ,  0.0890797  ,  1.90333    ])
likelihood = -692.37
theta = 172.7
Optimized parameters = [0.80959611 0.22673531 0.19131087 0.08907975 1.90332805]

Round_2_Replicate_4
3583    , -1042.26    , array([ 1.09203    ,  0.289084   ,  0.259019   ,  0.124849   ,  2.18565    ])
3584    , -1045.43    , array([ 1.09685    ,  0.289084   ,  0.259019   ,  0.124849   ,  2.18565    ])
3585    , -1029       , array([ 1.09203    ,  0.271691   ,  0.259019   ,  0.124849   ,  2.18565    ])
3586    , -993.079    , array([ 1.09203    ,  0.289084   ,  0.242102   ,  0.124849   ,  2.18565    ])
3587    , -1043.02    , array([ 1.09203    ,  0.289084   ,  0.259019   ,  0.112513   ,  2.18565    ])
3588    , -1037.81    , array([ 1.09203    ,  0.289084   ,  0.259019   ,  0.124849   ,  2.2728     ])
3589    , -1012.17    , array([ 1.08723    ,  0.281997   ,  0.252114   ,  0.11976    ,  2.2201     ])
3590    , -1002.53    , array([ 1.09011    ,  0.279211   ,  0.249405   ,  0.13625    ,  2.23403    ])
3591    , -988.247    , array([ 1.08934    ,  0.275357   ,  0.24566    ,  0.127156   ,  2.25368    ])
3592    , -963.28     , array([ 1.088      ,  0.26874    ,  0.239241   ,  0.128325   ,  2.28849    ])
3593    , -964.804    , array([ 1.08773    ,  0.267436   ,  0.237977   ,  0.12856    ,  2.17325    ])
likelihood = -963.28
theta = 142.49
Optimized parameters = [1.08799946 0.26874031 0.23924065 0.12832525 2.28848784]

Round_2_Replicate_5
3594    , -5073.87    , array([ 0.615809   ,  0.477136   ,  1.75921    ,  0.122625   ,  0.229321   ])
3595    , -5029.35    , array([ 0.60106    ,  0.477136   ,  1.75921    ,  0.122625   ,  0.229321   ])
3596    , -4980.49    , array([ 0.615809   ,  0.459805   ,  1.75921    ,  0.122625   ,  0.229321   ])
3597    , -5178.76    , array([ 0.615809   ,  0.477136   ,  1.8096     ,  0.122625   ,  0.229321   ])
3598    , -5115.5     , array([ 0.615809   ,  0.477136   ,  1.75921    ,  0.11041    ,  0.229321   ])
3599    , -5079.7     , array([ 0.615809   ,  0.477136   ,  1.75921    ,  0.122625   ,  0.213043   ])
3600    , -4937.94    , array([ 0.609866   ,  0.470127   ,  1.71022    ,  0.117584   ,  0.222666   ])
3601    , -4824.3     , array([ 0.606917   ,  0.466661   ,  1.66259    ,  0.115143   ,  0.219411   ])
3602    , -4873.14    , array([ 0.606328   ,  0.465971   ,  1.7199     ,  0.132804   ,  0.218765   ])
3603    , -4832.29    , array([ 0.602577   ,  0.461578   ,  1.70443    ,  0.123451   ,  0.237991   ])
3604    , -4745.16    , array([ 0.597365   ,  0.455498   ,  1.683      ,  0.123783   ,  0.224404   ])
3605    , -4587.96    , array([ 0.588351   ,  0.44505    ,  1.64614    ,  0.124366   ,  0.221985   ])
likelihood = -4587.96
theta = 196.57
Optimized parameters = [0.58835135 0.44504983 1.6461434  0.12436645 0.22198472]

Round_2_Replicate_6
3606    , -1672.68    , array([ 0.295732   ,  0.395695   ,  0.763266   ,  0.177064   ,  1.13339    ])
3607    , -1647.45    , array([ 0.278255   ,  0.395695   ,  0.763266   ,  0.177064   ,  1.13339    ])
3608    , -1619.25    , array([ 0.295732   ,  0.377771   ,  0.763266   ,  0.177064   ,  1.13339    ])
3609    , -1652.66    , array([ 0.295732   ,  0.395695   ,  0.753025   ,  0.177064   ,  1.13339    ])
3610    , -1673.48    , array([ 0.295732   ,  0.395695   ,  0.763266   ,  0.162382   ,  1.13339    ])
3611    , -1672.57    , array([ 0.295732   ,  0.395695   ,  0.763266   ,  0.177064   ,  1.1405     ])
3612    , -1631.85    , array([ 0.288613   ,  0.388426   ,  0.759153   ,  0.193074   ,  1.13623    ])
3613    , -1616.69    , array([ 0.285814   ,  0.385556   ,  0.757514   ,  0.183302   ,  1.13737    ])
3614    , -1589.47    , array([ 0.28098    ,  0.380584   ,  0.754655   ,  0.186503   ,  1.13936    ])
3615    , -1584.2     , array([ 0.280023   ,  0.379597   ,  0.754084   ,  0.18715    ,  1.12982    ])
3616    , -1541.94    , array([ 0.272485   ,  0.371795   ,  0.749535   ,  0.192407   ,  1.12451    ])
3617    , -1559.57    , array([ 0.271001   ,  0.370254   ,  0.76292    ,  0.193476   ,  1.13334    ])
likelihood = -1541.94
theta = 258.21
Optimized parameters = [0.27248465 0.37179499 0.74953454 0.19240669 1.12450983]

Round_2_Replicate_7
3618    , -1129.47    , array([ 1.56946    ,  0.131599   ,  0.124759   ,  0.0541734  ,  0.897673   ])
3619    , -1142.38    , array([ 1.60523    ,  0.131599   ,  0.124759   ,  0.0541734  ,  0.897673   ])
3620    , -1142.49    , array([ 1.56946    ,  0.118909   ,  0.124759   ,  0.0541734  ,  0.897673   ])
3621    , -1116.52    , array([ 1.56946    ,  0.131599   ,  0.112429   ,  0.0541734  ,  0.897673   ])
3622    , -1131.45    , array([ 1.56946    ,  0.131599   ,  0.124759   ,  0.0468247  ,  0.897673   ])
3623    , -1130.67    , array([ 1.56946    ,  0.131599   ,  0.124759   ,  0.0541734  ,  0.892841   ])
3624    , -1119.37    , array([ 1.58367    ,  0.145643   ,  0.119673   ,  0.0511048  ,  0.895737   ])
3625    , -1108.21    , array([ 1.54003    ,  0.137046   ,  0.117696   ,  0.0499266  ,  0.894963   ])
3626    , -1091.9     , array([ 1.50843    ,  0.139854   ,  0.114316   ,  0.0479297  ,  0.893612   ])
3627    , -1103.2     , array([ 1.55034    ,  0.140422   ,  0.113652   ,  0.0583035  ,  0.893342   ])
3628    , -1094.13    , array([ 1.54275    ,  0.144115   ,  0.109491   ,  0.0518976  ,  0.898378   ])
likelihood = -1091.9
theta = 151.31
Optimized parameters = [1.50842597 0.13985391 0.11431632 0.04792972 0.89361196]

Round_2_Replicate_8
3629    , -2454.3     , array([ 1.15111    ,  0.053372   ,  1.15183    ,  0.520722   ,  1.31531    ])
3630    , -2460.79    , array([ 1.15923    ,  0.053372   ,  1.15183    ,  0.520722   ,  1.31531    ])
3631    , -2430.42    , array([ 1.15111    ,  0.0460977  ,  1.15183    ,  0.520722   ,  1.31531    ])
3632    , -2462.64    , array([ 1.15111    ,  0.053372   ,  1.16       ,  0.520722   ,  1.31531    ])
3633    , -2453.57    , array([ 1.15111    ,  0.053372   ,  1.15183    ,  0.504007   ,  1.31531    ])
3634    , -2454.08    , array([ 1.15111    ,  0.053372   ,  1.15183    ,  0.520722   ,  1.33345    ])
3635    , -2437.86    , array([ 1.15435    ,  0.0503338  ,  1.14372    ,  0.513971   ,  1.32254    ])
3636    , -2430.81    , array([ 1.14432    ,  0.0491676  ,  1.14858    ,  0.511294   ,  1.32544    ])
3637    , -2428.6     , array([ 1.14968    ,  0.04758    ,  1.14728    ,  0.507571   ,  1.32951    ])
3638    , -2417.79    , array([ 1.14897    ,  0.0449241  ,  1.14502    ,  0.501121   ,  1.33667    ])
3639    , -2416.13    , array([ 1.14883    ,  0.044411   ,  1.14456    ,  0.499841   ,  1.31268    ])
3640    , -2402.24    , array([ 1.14769    ,  0.0405116  ,  1.14094    ,  0.489716   ,  1.30242    ])
likelihood = -2402.24
theta = 203.55
Optimized parameters = [1.14768909 0.04051161 1.14094388 0.48971609 1.30242139]

Round_2_Replicate_9
3641    , -2044.76    , array([ 0.580572   ,  0.0488967  ,  1.48828    ,  0.250892   ,  1.21521    ])
3642    , -2014.17    , array([ 0.565001   ,  0.0488967  ,  1.48828    ,  0.250892   ,  1.21521    ])
3643    , -2023.11    , array([ 0.580572   ,  0.0420478  ,  1.48828    ,  0.250892   ,  1.21521    ])
3644    , -2070.88    , array([ 0.580572   ,  0.0488967  ,  1.51816    ,  0.250892   ,  1.21521    ])
3645    , -2044.51    , array([ 0.580572   ,  0.0488967  ,  1.48828    ,  0.234132   ,  1.21521    ])
3646    , -2044.58    , array([ 0.580572   ,  0.0488967  ,  1.48828    ,  0.250892   ,  1.22711    ])
3647    , -1997.56    , array([ 0.574293   ,  0.0460325  ,  1.45898    ,  0.244049   ,  1.21996    ])
3648    , -1962.81    , array([ 0.571178   ,  0.044664   ,  1.43026    ,  0.240697   ,  1.22234    ])
3649    , -1990.46    , array([ 0.570558   ,  0.0443952  ,  1.46479    ,  0.240033   ,  1.22281    ])
3650    , -1970.62    , array([ 0.5666     ,  0.0427129  ,  1.4555     ,  0.235822   ,  1.20926    ])
3651    , -1944.22    , array([ 0.561106   ,  0.0404642  ,  1.4426     ,  0.25343    ,  1.2187     ])
3652    , -1901.84    , array([ 0.55162    ,  0.0368101  ,  1.42029    ,  0.263668   ,  1.22045    ])
likelihood = -1901.84
theta = 342.47
Optimized parameters = [0.5516196  0.03681008 1.42028573 0.26366793 1.2204511 ]

Round_2_Replicate_10
3653    , -2014.3     , array([ 1.0756     ,  0.0430723  ,  0.99906    ,  0.622031   ,  0.297669   ])
3654    , -2018.02    , array([ 1.07953    ,  0.0430723  ,  0.99906    ,  0.622031   ,  0.297669   ])
3655    , -2021.55    , array([ 1.0756     ,  0.0368051  ,  0.99906    ,  0.622031   ,  0.297669   ])
3656    , -2014.24    , array([ 1.0756     ,  0.0430723  ,  0.999013   ,  0.622031   ,  0.297669   ])
3657    , -2017.07    , array([ 1.0756     ,  0.0430723  ,  0.99906    ,  0.607439   ,  0.297669   ])
3658    , -1993.67    , array([ 1.0756     ,  0.0430723  ,  0.99906    ,  0.622031   ,  0.280169   ])
3659    , -2008.1     , array([ 1.07717    ,  0.0504067  ,  0.999041   ,  0.616152   ,  0.290542   ])
3660    , -2000.18    , array([ 1.07231    ,  0.0458685  ,  0.999033   ,  0.613817   ,  0.287739   ])
3661    , -1994.14    , array([ 1.07491    ,  0.0470371  ,  0.999023   ,  0.631194   ,  0.28386    ])
3662    , -1989.54    , array([ 1.07463    ,  0.0487234  ,  0.999008   ,  0.620002   ,  0.278517   ])
3663    , -1978.08    , array([ 1.07415    ,  0.0518212  ,  0.998982   ,  0.618991   ,  0.269409   ])
likelihood = -1978.08
theta = 196.62
Optimized parameters = [1.07415259 0.05182119 0.99898222 0.61899062 0.26940856]

Round_3_Replicate_1
3664    , -676.139    , array([ 0.184425   ,  0.201175   ,  0.12648    ,  0.0446882  ,  6.94456    ])
3665    , -706.118    , array([ 0.169477   ,  0.201175   ,  0.12648    ,  0.0446882  ,  6.94456    ])
3666    , -679.309    , array([ 0.184425   ,  0.185675   ,  0.12648    ,  0.0446882  ,  6.94456    ])
3667    , -710.19     , array([ 0.184425   ,  0.201175   ,  0.114058   ,  0.0446882  ,  6.94456    ])
3668    , -676.093    , array([ 0.184425   ,  0.201175   ,  0.12648    ,  0.0382563  ,  6.94456    ])
3669    , -680.527    , array([ 0.184425   ,  0.201175   ,  0.12648    ,  0.0446882  ,  7.65115    ])
3670    , -657.681    , array([ 0.178294   ,  0.194826   ,  0.140256   ,  0.0419949  ,  7.21901    ])
3671    , -633.417    , array([ 0.175305   ,  0.191726   ,  0.155532   ,  0.0407098  ,  7.36027    ])
3672    , -633.357    , array([ 0.196662   ,  0.191112   ,  0.137386   ,  0.0404575  ,  7.38886    ])
3673    , -600.706    , array([ 0.211848   ,  0.186271   ,  0.143186   ,  0.0384948  ,  7.62155    ])
3674    , -625.018    , array([ 0.191026   ,  0.185318   ,  0.144376   ,  0.0381139  ,  6.6961     ])
3675    , -608.132    , array([ 0.193731   ,  0.200634   ,  0.152224   ,  0.0357634  ,  7.27068    ])
3676    , -583.593    , array([ 0.197584   ,  0.184976   ,  0.163933   ,  0.0327143  ,  7.40537    ])
3677    , -545.383    , array([ 0.204511   ,  0.177372   ,  0.186632   ,  0.0279904  ,  7.64712    ])
3678    , -538.567    , array([ 0.205926   ,  0.175889   ,  0.191536   ,  0.0337249  ,  7.69641    ])
3679    , -495.596    , array([ 0.217598   ,  0.164465   ,  0.235703   ,  0.0316646  ,  8.10233    ])
3680    , -516.966    , array([ 0.2362     ,  0.173576   ,  0.183938   ,  0.0286618  ,  7.54615    ])
3681    , -494.188    , array([ 0.235971   ,  0.174937   ,  0.218307   ,  0.0273155  ,  8.70079    ])
3682    , -476.36     , array([ 0.262266   ,  0.169966   ,  0.268445   ,  0.0231244  ,  9.91808    ])
3683    , -469.032    , array([ 0.262644   ,  0.151209   ,  0.259794   ,  0.0244515  ,  9.07291    ])
3684    , -494.554    , array([ 0.305809   ,  0.13127    ,  0.339394   ,  0.020218   ,  10.1352    ])
likelihood = -469.03
theta = 260.43
Optimized parameters = [0.26264379 0.15120909 0.25979443 0.0244515  9.07291496]

Round_3_Replicate_2
3685    , -932.126    , array([ 0.0915124  ,  0.170476   ,  0.136605   ,  0.3762     ,  5.87566    ])
3686    , -987.929    , array([ 0.0811997  ,  0.170476   ,  0.136605   ,  0.3762     ,  5.87566    ])
3687    , -936.332    , array([ 0.0915124  ,  0.156044   ,  0.136605   ,  0.3762     ,  5.87566    ])
3688    , -974.18     , array([ 0.0915124  ,  0.170476   ,  0.123663   ,  0.3762     ,  5.87566    ])
3689    , -931.863    , array([ 0.0915124  ,  0.170476   ,  0.136605   ,  0.358253   ,  5.87566    ])
3690    , -937.16     , array([ 0.0915124  ,  0.170476   ,  0.136605   ,  0.3762     ,  6.41962    ])
3691    , -898.425    , array([ 0.103135   ,  0.16455    ,  0.131273   ,  0.368916   ,  6.08748    ])
3692    , -856.752    , array([ 0.116234   ,  0.161664   ,  0.128686   ,  0.365326   ,  6.19624    ])
3693    , -863.134    , array([ 0.100698   ,  0.161093   ,  0.147339   ,  0.364613   ,  6.21823    ])
3694    , -870.459    , array([ 0.104625   ,  0.157486   ,  0.137478   ,  0.360079   ,  5.61923    ])
3695    , -845.972    , array([ 0.110382   ,  0.172686   ,  0.137829   ,  0.353825   ,  6.03083    ])
3696    , -803.847    , array([ 0.12123    ,  0.181661   ,  0.138445   ,  0.343142   ,  6.10995    ])
3697    , -800.329    , array([ 0.123524   ,  0.162136   ,  0.138568   ,  0.341044   ,  6.1259     ])
3698    , -741.167    , array([ 0.143512   ,  0.15812    ,  0.13956    ,  0.324719   ,  6.25498    ])
3699    , -730.191    , array([ 0.147882   ,  0.157329   ,  0.13976    ,  0.344324   ,  6.28112    ])
3700    , -648.679    , array([ 0.187989   ,  0.151141   ,  0.141364   ,  0.337564   ,  6.49423    ])
3701    , -692.842    , array([ 0.163515   ,  0.167528   ,  0.140429   ,  0.333843   ,  6.95918    ])
3702    , -644.48     , array([ 0.206247   ,  0.166363   ,  0.128537   ,  0.318268   ,  6.57846    ])
3703    , -569.381    , array([ 0.295168   ,  0.169062   ,  0.120056   ,  0.297353   ,  6.76633    ])
3704    , -552.125    , array([ 0.2594     ,  0.168769   ,  0.143139   ,  0.292536   ,  6.83837    ])
3705    , -482.772    , array([ 0.387516   ,  0.172438   ,  0.150963   ,  0.261776   ,  7.18397    ])
likelihood = -482.77
theta = 182.67
Optimized parameters = [0.38751625 0.17243779 0.15096263 0.26177565 7.18396909]

Round_3_Replicate_3
3706    , -1378.95    , array([ 0.130688   ,  1.07266    ,  0.0602481  ,  0.238725   ,  1.85687    ])
3707    , -1428.28    , array([ 0.118045   ,  1.07266    ,  0.0602481  ,  0.238725   ,  1.85687    ])
3708    , -1381.07    , array([ 0.130688   ,  1.07642    ,  0.0602481  ,  0.238725   ,  1.85687    ])
3709    , -1389.03    , array([ 0.130688   ,  1.07266    ,  0.0523529  ,  0.238725   ,  1.85687    ])
3710    , -1380.25    , array([ 0.130688   ,  1.07266    ,  0.0602481  ,  0.222225   ,  1.85687    ])
3711    , -1374.9     , array([ 0.130688   ,  1.07266    ,  0.0602481  ,  0.238725   ,  1.91523    ])
3712    , -1333.92    , array([ 0.144686   ,  1.07416    ,  0.0569564  ,  0.231983   ,  1.88       ])
3713    , -1288.62    , array([ 0.160182   ,  1.07492    ,  0.0553786  ,  0.228684   ,  1.89167    ])
3714    , -1335.74    , array([ 0.141771   ,  1.07507    ,  0.0670356  ,  0.228029   ,  1.89401    ])
3715    , -1321.17    , array([ 0.146463   ,  1.07076    ,  0.0607922  ,  0.223887   ,  1.90908    ])
3716    , -1298.84    , array([ 0.153294   ,  1.07376    ,  0.0610112  ,  0.241228   ,  1.93037    ])
3717    , -1269.07    , array([ 0.163395   ,  1.07421    ,  0.0613191  ,  0.225493   ,  1.96057    ])
3718    , -1216.8     , array([ 0.1827     ,  1.07498    ,  0.0618617  ,  0.219155   ,  2.01457    ])
3719    , -1212.88    , array([ 0.186827   ,  1.07514    ,  0.0619708  ,  0.217909   ,  1.93967    ])
3720    , -1140.34    , array([ 0.223378   ,  1.07638    ,  0.0628505  ,  0.208192   ,  1.95201    ])
3721    , -1171.86    , array([ 0.206572   ,  1.07325    ,  0.0542783  ,  0.219974   ,  1.98521    ])
3722    , -1128.44    , array([ 0.229439   ,  1.07857    ,  0.0571999  ,  0.22247    ,  2.0006     ])
3723    , -1044.74    , array([ 0.287169   ,  1.0825     ,  0.0554842  ,  0.221765   ,  2.04799    ])
3724    , -1053.67    , array([ 0.281785   ,  1.07905    ,  0.0548704  ,  0.199645   ,  2.02591    ])
likelihood = -1044.74
theta = 130.68
Optimized parameters = [0.28716936 1.08249809 0.05548421 0.22176473 2.0479939 ]

Round_3_Replicate_4
3725    , -568.967    , array([ 0.338902   ,  0.0924345  ,  0.138993   ,  0.140763   ,  2.95658    ])
3726    , -572.939    , array([ 0.321053   ,  0.0924345  ,  0.138993   ,  0.140763   ,  2.95658    ])
3727    , -591.947    , array([ 0.338902   ,  0.0820589  ,  0.138993   ,  0.140763   ,  2.95658    ])
3728    , -589.961    , array([ 0.338902   ,  0.0924345  ,  0.125934   ,  0.140763   ,  2.95658    ])
3729    , -568.812    , array([ 0.338902   ,  0.0924345  ,  0.138993   ,  0.127618   ,  2.95658    ])
3730    , -570.581    , array([ 0.338902   ,  0.0924345  ,  0.138993   ,  0.140763   ,  3.12126    ])
3731    , -558.389    , array([ 0.331646   ,  0.104122   ,  0.133614   ,  0.13535    ,  3.02139    ])
3732    , -545.113    , array([ 0.328077   ,  0.117287   ,  0.131004   ,  0.132722   ,  3.05432    ])
3733    , -541.096    , array([ 0.327368   ,  0.101672   ,  0.149817   ,  0.132202   ,  3.06095    ])
3734    , -520.173    , array([ 0.321749   ,  0.106631   ,  0.163406   ,  0.128119   ,  3.1145     ])
3735    , -535.47     , array([ 0.345866   ,  0.107652   ,  0.144817   ,  0.127318   ,  3.12532    ])
3736    , -525.297    , array([ 0.330328   ,  0.114418   ,  0.147214   ,  0.122307   ,  2.96197    ])
3737    , -512.313    , array([ 0.32696    ,  0.124612   ,  0.150637   ,  0.115621   ,  3.12923    ])
3738    , -493.455    , array([ 0.321148   ,  0.144685   ,  0.15682    ,  0.104788   ,  3.21929    ])
3739    , -490.631    , array([ 0.319998   ,  0.149072   ,  0.158087   ,  0.117862   ,  3.23762    ])
3740    , -479.584    , array([ 0.310945   ,  0.189311   ,  0.168595   ,  0.113267   ,  3.38799    ])
3741    , -475.938    , array([ 0.32354    ,  0.142282   ,  0.185537   ,  0.106367   ,  3.26673    ])
3742    , -466.868    , array([ 0.321295   ,  0.15671    ,  0.220802   ,  0.095222   ,  3.37841    ])
3743    , -472.831    , array([ 0.297985   ,  0.18014    ,  0.198686   ,  0.098718   ,  3.29351    ])
3744    , -480.434    , array([ 0.299403   ,  0.203227   ,  0.220356   ,  0.0943221  ,  3.6258     ])
likelihood = -466.87
theta = 248.44
Optimized parameters = [0.3212954  0.15671045 0.22080232 0.095222   3.37841109]

Round_3_Replicate_5
3745    , -981.544    , array([ 0.155243   ,  0.323328   ,  0.52342    ,  0.035551   ,  6.62545    ])
3746    , -992.768    , array([ 0.141437   ,  0.323328   ,  0.52342    ,  0.035551   ,  6.62545    ])
3747    , -938.675    , array([ 0.155243   ,  0.30558    ,  0.52342    ,  0.035551   ,  6.62545    ])
3748    , -960.149    , array([ 0.155243   ,  0.323328   ,  0.506749   ,  0.035551   ,  6.62545    ])
3749    , -981.545    , array([ 0.155243   ,  0.323328   ,  0.52342    ,  0.0300881  ,  6.62545    ])
3750    , -981.482    , array([ 0.155243   ,  0.323328   ,  0.52342    ,  0.035551   ,  7.28243    ])
3751    , -947.758    , array([ 0.170397   ,  0.316108   ,  0.516687   ,  0.033256   ,  6.88082    ])
3752    , -941.859    , array([ 0.161136   ,  0.313266   ,  0.514018   ,  0.0408994  ,  6.9857     ])
3753    , -926.565    , array([ 0.163555   ,  0.309329   ,  0.510305   ,  0.0366104  ,  7.13522    ])
3754    , -900.59     , array([ 0.167877   ,  0.302559   ,  0.50387    ,  0.0371519  ,  7.40463    ])
3755    , -895.621    , array([ 0.168754   ,  0.301223   ,  0.502593   ,  0.0372612  ,  6.53487    ])
3756    , -856.579    , array([ 0.175945   ,  0.290744   ,  0.492493   ,  0.0381468  ,  6.19038    ])
3757    , -876.743    , array([ 0.177419   ,  0.288692   ,  0.513236   ,  0.0383265  ,  6.99035    ])
3758    , -858.759    , array([ 0.164273   ,  0.284761   ,  0.502017   ,  0.0433644  ,  6.77358    ])
3759    , -833.333    , array([ 0.17506    ,  0.276587   ,  0.499877   ,  0.0360955  ,  6.59009    ])
3760    , -786.063    , array([ 0.182467   ,  0.259891   ,  0.492954   ,  0.0339095  ,  6.40077    ])
3761    , -781.962    , array([ 0.193836   ,  0.265758   ,  0.479263   ,  0.0407479  ,  6.85318    ])
3762    , -721.821    , array([ 0.216594   ,  0.247837   ,  0.458601   ,  0.0436246  ,  6.96997    ])
3763    , -743.856    , array([ 0.198481   ,  0.247824   ,  0.479459   ,  0.0415792  ,  5.98544    ])
likelihood = -721.82
theta = 295.14
Optimized parameters = [0.2165936  0.24783684 0.45860132 0.04362456 6.96996558]

Round_4_Replicate_1
3764    , -508.919    , array([ 0.354527   ,  0.132658   ,  0.300177   ,  0.0514604  ,  2.18321    ])
3765    , -499.386    , array([ 0.336614   ,  0.132658   ,  0.300177   ,  0.0514604  ,  2.18321    ])
3766    , -508.468    , array([ 0.354527   ,  0.119914   ,  0.300177   ,  0.0514604  ,  2.18321    ])
3767    , -499.395    , array([ 0.354527   ,  0.132658   ,  0.282648   ,  0.0514604  ,  2.18321    ])
3768    , -509.006    , array([ 0.354527   ,  0.132658   ,  0.300177   ,  0.0443656  ,  2.18321    ])
3769    , -508.073    , array([ 0.354527   ,  0.132658   ,  0.300177   ,  0.0514604  ,  2.27013    ])
3770    , -500.237    , array([ 0.34725    ,  0.127405   ,  0.293038   ,  0.0596897  ,  2.21758    ])
3771    , -497.364    , array([ 0.344381   ,  0.125363   ,  0.290231   ,  0.0546064  ,  2.23147    ])
3772    , -492.9      , array([ 0.339418   ,  0.121868   ,  0.285382   ,  0.0562508  ,  2.256      ])
3773    , -492.902    , array([ 0.338434   ,  0.139586   ,  0.284422   ,  0.0565856  ,  2.26093    ])
3774    , -487.238    , array([ 0.332203   ,  0.128772   ,  0.278354   ,  0.0587758  ,  2.17084    ])
3775    , -480.297    , array([ 0.321574   ,  0.126871   ,  0.268045   ,  0.0628148  ,  2.12283    ])
3776    , -484.891    , array([ 0.328901   ,  0.133855   ,  0.275146   ,  0.0517175  ,  2.18381    ])
3777    , -480.616    , array([ 0.312626   ,  0.129018   ,  0.282208   ,  0.0601077  ,  2.21843    ])
3778    , -476.773    , array([ 0.319669   ,  0.12759    ,  0.259248   ,  0.0639606  ,  2.23267    ])
3779    , -472.883    , array([ 0.311519   ,  0.12513    ,  0.240927   ,  0.0713071  ,  2.25782    ])
3780    , -476.107    , array([ 0.307583   ,  0.11607    ,  0.256035   ,  0.0638044  ,  2.15474    ])
3781    , -470.038    , array([ 0.294844   ,  0.130378   ,  0.244334   ,  0.0675019  ,  2.12015    ])
3782    , -470.422    , array([ 0.274803   ,  0.134853   ,  0.22608    ,  0.0739452  ,  2.05532    ])
3783    , -472.501    , array([ 0.291254   ,  0.117458   ,  0.241666   ,  0.081673   ,  2.16446    ])
3784    , -476.409    , array([ 0.297859   ,  0.117371   ,  0.221445   ,  0.0794413  ,  2.10979    ])
3785    , -478.662    , array([ 0.280833   ,  0.115698   ,  0.215999   ,  0.0835041  ,  2.19937    ])
3786    , -473.978    , array([ 0.290507   ,  0.118396   ,  0.227977   ,  0.0777672  ,  2.17998    ])
3787    , -472.647    , array([ 0.300176   ,  0.125499   ,  0.26451    ,  0.0654672  ,  2.24213    ])
3788    , -469.405    , array([ 0.287866   ,  0.130933   ,  0.231776   ,  0.0823547  ,  2.23055    ])
3789    , -470.27     , array([ 0.278486   ,  0.139065   ,  0.220523   ,  0.0935637  ,  2.26946    ])
likelihood = -469.41
theta = 288.17
Optimized parameters = [0.28786559 0.13093341 0.23177608 0.08235472 2.23055495]

Round_4_Replicate_2
3790    , -546.981    , array([ 0.259129   ,  0.288779   ,  0.187659   ,  0.0528785  ,  2.8903     ])
3791    , -558.282    , array([ 0.24221    ,  0.288779   ,  0.187659   ,  0.0528785  ,  2.8903     ])
3792    , -534.229    , array([ 0.259129   ,  0.27139    ,  0.187659   ,  0.0528785  ,  2.8903     ])
3793    , -545.532    , array([ 0.259129   ,  0.288779   ,  0.172599   ,  0.0528785  ,  2.8903     ])
3794    , -547.03     , array([ 0.259129   ,  0.288779   ,  0.187659   ,  0.0456502  ,  2.8903     ])
3795    , -546.067    , array([ 0.259129   ,  0.288779   ,  0.187659   ,  0.0528785  ,  3.04783    ])
3796    , -530.587    , array([ 0.27723    ,  0.281694   ,  0.181484   ,  0.0498591  ,  2.95231    ])
3797    , -519.122    , array([ 0.296595   ,  0.278216   ,  0.178473   ,  0.0484147  ,  2.98381    ])
3798    , -529.046    , array([ 0.273511   ,  0.277526   ,  0.177876   ,  0.0591282  ,  2.99015    ])
3799    , -522.858    , array([ 0.279485   ,  0.273149   ,  0.174107   ,  0.0533783  ,  3.03105    ])
3800    , -516.104    , array([ 0.288069   ,  0.267136   ,  0.168965   ,  0.0535795  ,  2.86805    ])
3801    , -505.496    , array([ 0.303729   ,  0.256931   ,  0.160328   ,  0.0539335  ,  2.78218    ])
3802    , -501.746    , array([ 0.306962   ,  0.254937   ,  0.178367   ,  0.0540046  ,  2.9786     ])
3803    , -487.863    , array([ 0.334094   ,  0.239533   ,  0.181324   ,  0.0545766  ,  3.02375    ])
3804    , -493.173    , array([ 0.339802   ,  0.258055   ,  0.161815   ,  0.0546917  ,  3.03286    ])
3805    , -486.385    , array([ 0.351129   ,  0.245113   ,  0.164373   ,  0.0474086  ,  2.94827    ])
3806    , -477.716    , array([ 0.397843   ,  0.230355   ,  0.15801    ,  0.042451   ,  2.92754    ])
3807    , -479.145    , array([ 0.395753   ,  0.232633   ,  0.161539   ,  0.0479177  ,  2.86834    ])
3808    , -475.382    , array([ 0.418526   ,  0.212619   ,  0.151428   ,  0.0526127  ,  2.86811    ])
3809    , -486.765    , array([ 0.497166   ,  0.185871   ,  0.139484   ,  0.0548463  ,  2.81196    ])
3810    , -479.388    , array([ 0.464617   ,  0.213444   ,  0.164758   ,  0.046763   ,  3.11362    ])
3811    , -481.979    , array([ 0.470655   ,  0.196977   ,  0.164426   ,  0.0433144  ,  2.88645    ])
3812    , -494.503    , array([ 0.549027   ,  0.196238   ,  0.141104   ,  0.0395729  ,  2.84183    ])
3813    , -478.211    , array([ 0.378268   ,  0.227887   ,  0.170304   ,  0.0503621  ,  2.97721    ])
3814    , -487.721    , array([ 0.357107   ,  0.252962   ,  0.157807   ,  0.0529615  ,  3.0141     ])
3815    , -476.914    , array([ 0.439265   ,  0.209689   ,  0.162746   ,  0.0455475  ,  2.91785    ])
3816    , -483.488    , array([ 0.35372    ,  0.231794   ,  0.156716   ,  0.0485417  ,  2.72254    ])
3817    , -476.474    , array([ 0.433996   ,  0.217891   ,  0.16271    ,  0.0472015  ,  3.01088    ])
likelihood = -475.38
theta = 207.35
Optimized parameters = [0.41852601 0.21261931 0.15142798 0.05261273 2.86811222]

Round_4_Replicate_3
3818    , -482.551    , array([ 0.275952   ,  0.122767   ,  0.202854   ,  0.158089   ,  2.77478    ])
3819    , -487.022    , array([ 0.258747   ,  0.122767   ,  0.202854   ,  0.158089   ,  2.77478    ])
3820    , -490.976    , array([ 0.275952   ,  0.110544   ,  0.202854   ,  0.158089   ,  2.77478    ])
3821    , -492.346    , array([ 0.275952   ,  0.122767   ,  0.187303   ,  0.158089   ,  2.77478    ])
3822    , -482.493    , array([ 0.275952   ,  0.122767   ,  0.202854   ,  0.144161   ,  2.77478    ])
3823    , -483.006    , array([ 0.275952   ,  0.122767   ,  0.202854   ,  0.158089   ,  2.92004    ])
3824    , -478.551    , array([ 0.268937   ,  0.117724   ,  0.219698   ,  0.152364   ,  2.83199    ])
3825    , -473.6      , array([ 0.265496   ,  0.11528    ,  0.237939   ,  0.149579   ,  2.86104    ])
3826    , -474.965    , array([ 0.264814   ,  0.132953   ,  0.216221   ,  0.149028   ,  2.86689    ])
3827    , -473.215    , array([ 0.285052   ,  0.123594   ,  0.221811   ,  0.145551   ,  2.90459    ])
3828    , -470.681    , array([ 0.299192   ,  0.124009   ,  0.231943   ,  0.139659   ,  2.97175    ])
3829    , -470.277    , array([ 0.276066   ,  0.124093   ,  0.234024   ,  0.13851    ,  2.77954    ])
3830    , -467.553    , array([ 0.276123   ,  0.124761   ,  0.251362   ,  0.129649   ,  2.71184    ])
3831    , -467.174    , array([ 0.276134   ,  0.124895   ,  0.25498    ,  0.127946   ,  2.89833    ])
3832    , -468.579    , array([ 0.276225   ,  0.125972   ,  0.285869   ,  0.115104   ,  2.96216    ])
3833    , -467.718    , array([ 0.276207   ,  0.125756   ,  0.279406   ,  0.133768   ,  2.94928    ])
3834    , -474.564    , array([ 0.292715   ,  0.113566   ,  0.290441   ,  0.123927   ,  2.88706    ])
3835    , -469.47     , array([ 0.285476   ,  0.11813    ,  0.269785   ,  0.129775   ,  2.882      ])
3836    , -472.456    , array([ 0.30056    ,  0.132261   ,  0.27753    ,  0.116653   ,  2.90141    ])
3837    , -468.723    , array([ 0.291382   ,  0.127794   ,  0.267054   ,  0.124133   ,  2.89127    ])
3838    , -469.155    , array([ 0.263904   ,  0.124438   ,  0.301219   ,  0.119185   ,  2.76282    ])
3839    , -466.753    , array([ 0.268026   ,  0.133379   ,  0.270639   ,  0.123969   ,  2.80113    ])
3840    , -468.24     , array([ 0.259705   ,  0.141727   ,  0.271068   ,  0.121163   ,  2.76155    ])
3841    , -468.528    , array([ 0.291738   ,  0.13018    ,  0.232236   ,  0.137125   ,  2.93811    ])
3842    , -467.692    , array([ 0.264355   ,  0.127703   ,  0.247711   ,  0.137007   ,  2.82569    ])
3843    , -466.753    , array([ 0.253826   ,  0.124403   ,  0.292295   ,  0.123984   ,  2.73758    ])
3844    , -468.101    , array([ 0.259188   ,  0.128223   ,  0.247372   ,  0.123291   ,  2.64715    ])
3845    , -466.685    , array([ 0.27185    ,  0.126368   ,  0.271028   ,  0.131068   ,  2.87066    ])
likelihood = -466.68
theta = 293.94
Optimized parameters = [0.27185005 0.12636839 0.27102793 0.1310684  2.8706605 ]

Round_4_Replicate_4
3846    , -582.158    , array([ 0.478083   ,  0.27707    ,  0.215571   ,  0.113211   ,  1.83795    ])
3847    , -575.312    , array([ 0.460763   ,  0.27707    ,  0.215571   ,  0.113211   ,  1.83795    ])
3848    , -569.412    , array([ 0.478083   ,  0.259847   ,  0.215571   ,  0.113211   ,  1.83795    ])
3849    , -563.529    , array([ 0.478083   ,  0.27707    ,  0.19965    ,  0.113211   ,  1.83795    ])
3850    , -582.729    , array([ 0.478083   ,  0.27707    ,  0.215571   ,  0.101528   ,  1.83795    ])
3851    , -579.81     , array([ 0.478083   ,  0.27707    ,  0.215571   ,  0.113211   ,  1.89474    ])
3852    , -564.95     , array([ 0.471078   ,  0.270048   ,  0.209056   ,  0.12624    ,  1.86046    ])
3853    , -559.154    , array([ 0.468305   ,  0.267289   ,  0.206505   ,  0.118253   ,  1.86954    ])
3854    , -548.889    , array([ 0.463492   ,  0.262529   ,  0.202116   ,  0.120857   ,  1.88554    ])
3855    , -549.976    , array([ 0.462535   ,  0.261587   ,  0.20125    ,  0.121385   ,  1.80997    ])
3856    , -545.38     , array([ 0.480658   ,  0.255639   ,  0.195791   ,  0.124818   ,  1.85449    ])
3857    , -534.425    , array([ 0.490925   ,  0.245554   ,  0.186593   ,  0.13106    ,  1.86282    ])
3858    , -536.696    , array([ 0.468184   ,  0.266483   ,  0.184806   ,  0.132345   ,  1.86449    ])
3859    , -530.521    , array([ 0.473975   ,  0.255058   ,  0.181395   ,  0.12095    ,  1.84352    ])
3860    , -518.891    , array([ 0.47543    ,  0.247879   ,  0.168968   ,  0.118389   ,  1.83511    ])
3861    , -515.689    , array([ 0.465993   ,  0.237767   ,  0.177677   ,  0.137303   ,  1.86494    ])
3862    , -501.448    , array([ 0.460063   ,  0.220259   ,  0.167614   ,  0.151208   ,  1.87859    ])
3863    , -508.354    , array([ 0.480625   ,  0.235099   ,  0.163831   ,  0.13982    ,  1.92217    ])
3864    , -503.045    , array([ 0.486647   ,  0.22414    ,  0.149985   ,  0.148861   ,  1.85939    ])
3865    , -501.051    , array([ 0.489282   ,  0.206047   ,  0.150892   ,  0.142487   ,  1.87833    ])
3866    , -504.174    , array([ 0.500186   ,  0.181181   ,  0.136346   ,  0.147846   ,  1.88529    ])
3867    , -494.904    , array([ 0.465992   ,  0.208456   ,  0.137276   ,  0.148777   ,  1.88626    ])
3868    , -501.085    , array([ 0.454004   ,  0.192066   ,  0.117746   ,  0.158515   ,  1.89809    ])
3869    , -494.873    , array([ 0.477335   ,  0.192679   ,  0.139509   ,  0.180461   ,  1.93591    ])
3870    , -502.064    , array([ 0.478291   ,  0.169876   ,  0.126765   ,  0.222801   ,  1.98836    ])
3871    , -497.449    , array([ 0.470881   ,  0.18761    ,  0.134925   ,  0.16922    ,  1.8535     ])
3872    , -493.396    , array([ 0.458967   ,  0.183266   ,  0.141273   ,  0.167305   ,  1.91365    ])
3873    , -496.208    , array([ 0.445723   ,  0.165716   ,  0.137109   ,  0.177367   ,  1.94137    ])
likelihood = -493.4
theta = 221.28
Optimized parameters = [0.45896682 0.18326647 0.14127305 0.16730472 1.91364797]

Round_4_Replicate_5
3874    , -517.405    , array([ 0.398245   ,  0.22792    ,  0.235695   ,  0.0689342  ,  2.8933     ])
3875    , -512.664    , array([ 0.380327   ,  0.22792    ,  0.235695   ,  0.0689342  ,  2.8933     ])
3876    , -507.679    , array([ 0.398245   ,  0.211676   ,  0.235695   ,  0.0689342  ,  2.8933     ])
3877    , -503.974    , array([ 0.398245   ,  0.22792    ,  0.219264   ,  0.0689342  ,  2.8933     ])
3878    , -517.519    , array([ 0.398245   ,  0.22792    ,  0.235695   ,  0.0603054  ,  2.8933     ])
3879    , -515.668    , array([ 0.398245   ,  0.22792    ,  0.235695   ,  0.0689342  ,  3.05115    ])
3880    , -505.073    , array([ 0.390978   ,  0.221278   ,  0.22898    ,  0.0787976  ,  2.95543    ])
3881    , -500.779    , array([ 0.388109   ,  0.218676   ,  0.226348   ,  0.072722   ,  2.98066    ])
3882    , -493.819    , array([ 0.383139   ,  0.214195   ,  0.221814   ,  0.0746933  ,  3.02532    ])
3883    , -494.617    , array([ 0.382152   ,  0.21331    ,  0.220918   ,  0.0750939  ,  2.81687    ])
3884    , -491.419    , array([ 0.400923   ,  0.207732   ,  0.21527    ,  0.0777093  ,  2.9389     ])
3885    , -484.919    , array([ 0.411635   ,  0.198318   ,  0.205732   ,  0.0825072  ,  2.96197    ])
3886    , -486.382    , array([ 0.387984   ,  0.217917   ,  0.203875   ,  0.0835018  ,  2.96661    ])
3887    , -482.136    , array([ 0.39398    ,  0.207188   ,  0.200329   ,  0.0747637  ,  2.90863    ])
3888    , -475.978    , array([ 0.39549    ,  0.200483   ,  0.187378   ,  0.0728248  ,  2.8855     ])
3889    , -474.596    , array([ 0.38572    ,  0.19109    ,  0.19646    ,  0.0873588  ,  2.96788    ])
3890    , -470.356    , array([ 0.379606   ,  0.174971   ,  0.185963   ,  0.0983428  ,  3.00589    ])
3891    , -471.84     , array([ 0.400888   ,  0.188621   ,  0.182007   ,  0.0893288  ,  3.12865    ])
3892    , -472.928    , array([ 0.407165   ,  0.178527   ,  0.167483   ,  0.0964714  ,  2.95247    ])
3893    , -476.044    , array([ 0.409917   ,  0.162028   ,  0.168437   ,  0.0914252  ,  3.00515    ])
3894    , -478.548    , array([ 0.385719   ,  0.164213   ,  0.154083   ,  0.096405   ,  3.02733    ])
3895    , -472.869    , array([ 0.392041   ,  0.172146   ,  0.165631   ,  0.0927252  ,  3.01086    ])
3896    , -474.823    , array([ 0.380488   ,  0.205923   ,  0.186939   ,  0.0874939  ,  2.9861     ])
3897    , -472.457    , array([ 0.388315   ,  0.168216   ,  0.167885   ,  0.118207   ,  3.15285    ])
3898    , -481.303    , array([ 0.406926   ,  0.151045   ,  0.161196   ,  0.110972   ,  3.11358    ])
3899    , -471.163    , array([ 0.386932   ,  0.19057    ,  0.180142   ,  0.092851   ,  3.01747    ])
likelihood = -470.36
theta = 226.38
Optimized parameters = [0.37960554 0.17497073 0.18596293 0.0983428  3.00589229]
