
Round_1_Replicate_1
429     , -10004.7    , array([ 1.47223    ,  4.04095    ,  0.950798   ,  2.19939    ])
430     , -10076.3    , array([ 1.50098    ,  4.04095    ,  0.950798   ,  2.19939    ])
431     , -10188.4    , array([ 1.47223    ,  4.33319    ,  0.950798   ,  2.19939    ])
432     , -9989.02    , array([ 1.47223    ,  4.04095    ,  0.948403   ,  2.19939    ])
433     , -10000.9    , array([ 1.47223    ,  4.04095    ,  0.950798   ,  2.2878     ])
434     , -9842.84    , array([ 1.48653    ,  3.76842    ,  0.9496     ,  2.24316    ])
435     , -9664.24    , array([ 1.49374    ,  3.51427    ,  0.949001   ,  2.26537    ])
436     , -9757.08    , array([ 1.45454    ,  3.76842    ,  0.948702   ,  2.27656    ])
likelihood = -9664.24
theta = 56.82
Optimized parameters = [1.49373637 3.51426949 0.94900111 2.26536867]

Round_1_Replicate_2
437     , -4549.58    , array([ 6.32416    ,  0.304182   ,  0.796736   ,  0.839528   ])
438     , -4615.48    , array([ 6.93511    ,  0.304182   ,  0.796736   ,  0.839528   ])
439     , -4452.84    , array([ 6.32416    ,  0.286609   ,  0.796736   ,  0.839528   ])
440     , -4521.46    , array([ 6.32416    ,  0.304182   ,  0.787735   ,  0.839528   ])
441     , -4548.97    , array([ 6.32416    ,  0.304182   ,  0.796736   ,  0.832218   ])
442     , -4418.15    , array([ 5.76704    ,  0.295265   ,  0.792222   ,  0.835865   ])
443     , -4316.36    , array([ 5.25899    ,  0.290905   ,  0.789975   ,  0.83404    ])
444     , -4372.51    , array([ 5.76704    ,  0.288749   ,  0.788854   ,  0.833128   ])
likelihood = -4316.36
theta = 88.57
Optimized parameters = [5.25899361 0.29090483 0.78997539 0.83403963]

Round_1_Replicate_3
445     , -28893.5    , array([ 1.58389    ,  6.21761    ,  7.05369    ,  0.407513   ])
446     , -29013.9    , array([ 1.62074    ,  6.21761    ,  7.05369    ,  0.407513   ])
447     , -29018.1    , array([ 1.58389    ,  6.81247    ,  7.05369    ,  0.407513   ])
448     , -29681.1    , array([ 1.58389    ,  6.21761    ,  7.77745    ,  0.407513   ])
449     , -28896.7    , array([ 1.58389    ,  6.21761    ,  7.05369    ,  0.389627   ])
450     , -27673.4    , array([ 1.60221    ,  6.50824    ,  6.39729    ,  0.39847    ])
451     , -27294.2    , array([ 1.61145    ,  6.65862    ,  5.80196    ,  0.394024   ])
452     , -27614.8    , array([ 1.61609    ,  5.87249    ,  6.39729    ,  0.391819   ])
likelihood = -27294.24
theta = 75.45
Optimized parameters = [1.61144722 6.65861807 5.80196364 0.39402357]

Round_1_Replicate_4
453     , -17118.8    , array([ 1.29137    ,  3.9378     ,  2.68551    ,  7.49413    ])
454     , -17193.2    , array([ 1.30799    ,  3.9378     ,  2.68551    ,  7.49413    ])
455     , -17310.4    , array([ 1.29137    ,  4.21712    ,  2.68551    ,  7.49413    ])
456     , -17550.6    , array([ 1.29137    ,  3.9378     ,  2.82149    ,  7.49413    ])
457     , -17120.4    , array([ 1.29137    ,  3.9378     ,  2.68551    ,  8.28814    ])
458     , -16826.8    , array([ 1.29966    ,  4.07507    ,  2.55608    ,  7.88114    ])
459     , -16471.8    , array([ 1.30382    ,  4.14549    ,  2.4329     ,  8.08208    ])
460     , -16632.6    , array([ 1.3059     ,  3.7727     ,  2.55608    ,  8.18446    ])
likelihood = -16471.77
theta = 46.4
Optimized parameters = [1.30381635 4.14548611 2.43289784 8.08207994]

Round_1_Replicate_5
461     , -5319.12    , array([ 0.304096   ,  2.36179    ,  0.971861   ,  4.44384    ])
462     , -5246.77    , array([ 0.286524   ,  2.36179    ,  0.971861   ,  4.44384    ])
463     , -5391.7     , array([ 0.304096   ,  2.46549    ,  0.971861   ,  4.44384    ])
464     , -5314.88    , array([ 0.304096   ,  2.36179    ,  0.970475   ,  4.44384    ])
465     , -5321.36    , array([ 0.304096   ,  2.36179    ,  0.971861   ,  4.78792    ])
466     , -5208.83    , array([ 0.295179   ,  2.26245    ,  0.971167   ,  4.61267    ])
467     , -5117.3     , array([ 0.290819   ,  2.16729    ,  0.970821   ,  4.69948    ])
468     , -5178.45    , array([ 0.288664   ,  2.26245    ,  0.970648   ,  4.24147    ])
likelihood = -5117.3
theta = 96.97
Optimized parameters = [0.29081937 2.16729022 0.97082097 4.69947923]

Round_1_Replicate_6
469     , -5487.01    , array([ 3.03221    ,  0.361935   ,  1.21547    ,  2.14567    ])
470     , -5552.23    , array([ 3.20514    ,  0.361935   ,  1.21547    ,  2.14567    ])
471     , -5373.63    , array([ 3.03221    ,  0.344003   ,  1.21547    ,  2.14567    ])
472     , -5521.31    , array([ 3.03221    ,  0.361935   ,  1.22738    ,  2.14567    ])
473     , -5487.85    , array([ 3.03221    ,  0.361935   ,  1.21547    ,  2.22916    ])
474     , -5381.13    , array([ 2.86861    ,  0.352855   ,  1.22141    ,  2.18702    ])
475     , -5344.66    , array([ 2.94928    ,  0.348401   ,  1.20661    ,  2.20799    ])
476     , -5258.66    , array([ 2.90866    ,  0.341825   ,  1.19635    ,  2.23982    ])
likelihood = -5258.66
theta = 96.18
Optimized parameters = [2.90866349 0.34182517 1.19634895 2.23982416]

Round_1_Replicate_7
477     , -4541.41    , array([ 0.386717   ,  0.150909   ,  3.69349    ,  0.497921   ])
478     , -4456.52    , array([ 0.368776   ,  0.150909   ,  3.69349    ,  0.497921   ])
479     , -4365.7     , array([ 0.386717   ,  0.137293   ,  3.69349    ,  0.497921   ])
480     , -4787.39    , array([ 0.386717   ,  0.150909   ,  3.94284    ,  0.497921   ])
481     , -4540.26    , array([ 0.386717   ,  0.150909   ,  3.69349    ,  0.48086    ])
482     , -4179.46    , array([ 0.37764    ,  0.14394    ,  3.45991    ,  0.489316   ])
483     , -3900.33    , array([ 0.373181   ,  0.140577   ,  3.24111    ,  0.48507    ])
484     , -4087.53    , array([ 0.370972   ,  0.138926   ,  3.45991    ,  0.48296    ])
likelihood = -3900.33
theta = 330.65
Optimized parameters = [0.37318135 0.14057739 3.24110536 0.48506964]

Round_1_Replicate_8
485     , -4965.24    , array([ 0.911202   ,  1.16421    ,  0.870646   ,  3.0882     ])
486     , -4957.39    , array([ 0.906976   ,  1.16421    ,  0.870646   ,  3.0882     ])
487     , -4983.6     , array([ 0.911202   ,  1.1731     ,  0.870646   ,  3.0882     ])
488     , -4937.85    , array([ 0.911202   ,  1.16421    ,  0.864637   ,  3.0882     ])
489     , -4960.27    , array([ 0.911202   ,  1.16421    ,  0.870646   ,  3.26731    ])
490     , -4926.82    , array([ 0.909087   ,  1.1554     ,  0.867636   ,  3.17649    ])
491     , -4898.6     , array([ 0.908031   ,  1.14665    ,  0.866135   ,  3.22158    ])
492     , -4911.84    , array([ 0.907503   ,  1.1554     ,  0.865386   ,  3.24437    ])
likelihood = -4898.6
theta = 99.73
Optimized parameters = [0.9080305  1.14664549 0.86613541 3.22158243]

Round_1_Replicate_9
493     , -10662.4    , array([ 0.149032   ,  1.16581    ,  7.00113    ,  2.82899    ])
494     , -10302.6    , array([ 0.135501   ,  1.16581    ,  7.00113    ,  2.82899    ])
495     , -10675.9    , array([ 0.149032   ,  1.17479    ,  7.00113    ,  2.82899    ])
496     , -11220.9    , array([ 0.149032   ,  1.16581    ,  7.71661    ,  2.82899    ])
497     , -10662.1    , array([ 0.149032   ,  1.16581    ,  7.00113    ,  2.97998    ])
498     , -9963.17    , array([ 0.142106   ,  1.17029    ,  6.35199    ,  2.9035     ])
499     , -9386.65    , array([ 0.138764   ,  1.17254    ,  5.76304    ,  2.94149    ])
500     , -9823       , array([ 0.137123   ,  1.16024    ,  6.35199    ,  2.96067    ])
likelihood = -9386.65
theta = 225.78
Optimized parameters = [0.13876404 1.17253892 5.76303711 2.9414901 ]

Round_1_Replicate_10
501     , -27534.9    , array([ 5.83126    ,  3.35491    ,  3.95265    ,  6.22402    ])
502     , -27554.4    , array([ 6.36869    ,  3.35491    ,  3.95265    ,  6.22402    ])
503     , -27481.7    , array([ 5.83126    ,  3.56423    ,  3.95265    ,  6.22402    ])
504     , -28913.3    , array([ 5.83126    ,  3.35491    ,  4.23382    ,  6.22402    ])
505     , -27465.3    , array([ 5.83126    ,  3.35491    ,  3.95265    ,  6.81985    ])
506     , -27493.8    , array([ 6.09405    ,  3.45799    ,  3.69015    ,  6.51513    ])
507     , -27432.5    , array([ 5.45816    ,  3.51071    ,  3.81915    ,  6.66575    ])
508     , -27271.8    , array([ 5.05294    ,  3.59129    ,  3.75409    ,  6.89823    ])
likelihood = -27271.84
theta = 30.34
Optimized parameters = [5.05293768 3.59129478 3.75409326 6.89823026]

Round_2_Replicate_1
509     , -4031.08    , array([ 0.29917    ,  0.0400226  ,  6.94444    ,  0.50598    ])
510     , -3950.07    , array([ 0.281652   ,  0.0400226  ,  6.94444    ,  0.50598    ])
511     , -3828.72    , array([ 0.29917    ,  0.0340738  ,  6.94444    ,  0.50598    ])
512     , -4292.87    , array([ 0.29917    ,  0.0400226  ,  7.65101    ,  0.50598    ])
513     , -4034.76    , array([ 0.29917    ,  0.0400226  ,  6.94444    ,  0.489035   ])
514     , -3654.22    , array([ 0.290279   ,  0.0369286  ,  6.30312    ,  0.497435   ])
515     , -3374.41    , array([ 0.285933   ,  0.0354725  ,  5.72102    ,  0.493217   ])
516     , -3556.44    , array([ 0.283785   ,  0.0347661  ,  6.30312    ,  0.516867   ])
517     , -3350.41    , array([ 0.276391   ,  0.0324027  ,  6.00502    ,  0.504903   ])
518     , -3067.08    , array([ 0.265661   ,  0.0291555  ,  5.5841     ,  0.504366   ])
519     , -3048.49    , array([ 0.285126   ,  0.027656   ,  5.38483    ,  0.504098   ])
520     , -2737.76    , array([ 0.286878   ,  0.0229896  ,  4.74176    ,  0.50316    ])
likelihood = -2737.76
theta = 626.27
Optimized parameters = [0.28687812 0.02298957 4.74176293 0.50315976]

Round_2_Replicate_2
521     , -2181.92    , array([ 1.05729    ,  0.041934   ,  1.02317    ,  0.35924    ])
522     , -2184.17    , array([ 1.06024    ,  0.041934   ,  1.02317    ,  0.35924    ])
523     , -2181.5     , array([ 1.05729    ,  0.0357844  ,  1.02317    ,  0.35924    ])
524     , -2183.07    , array([ 1.05729    ,  0.041934   ,  1.02434    ,  0.35924    ])
525     , -2180.46    , array([ 1.05729    ,  0.041934   ,  1.02317    ,  0.341314   ])
526     , -2178.54    , array([ 1.05435    ,  0.0387374  ,  1.02376    ,  0.350163   ])
527     , -2176.45    , array([ 1.05142    ,  0.0372316  ,  1.02405    ,  0.34571    ])
528     , -2177.21    , array([ 1.05435    ,  0.0365009  ,  1.02244    ,  0.343505   ])
529     , -2178       , array([ 1.05288    ,  0.0340543  ,  1.02325    ,  0.335898   ])
530     , -2173.29    , array([ 1.05068    ,  0.0389298  ,  1.02328    ,  0.324802   ])
531     , -2169.59    , array([ 1.0474     ,  0.0406047  ,  1.02334    ,  0.308841   ])
likelihood = -2169.59
theta = 225.37
Optimized parameters = [1.04739649 0.0406047  1.02333683 0.30884103]

Round_2_Replicate_3
532     , -1617.55    , array([ 0.693256   ,  0.0697799  ,  0.849958   ,  0.569055   ])
533     , -1599.41    , array([ 0.680672   ,  0.0697799  ,  0.849958   ,  0.569055   ])
534     , -1611.35    , array([ 0.693256   ,  0.0610825  ,  0.849958   ,  0.569055   ])
535     , -1609.24    , array([ 0.693256   ,  0.0697799  ,  0.843077   ,  0.569055   ])
536     , -1619.06    , array([ 0.693256   ,  0.0697799  ,  0.849958   ,  0.553238   ])
537     , -1599.1     , array([ 0.686935   ,  0.0652865  ,  0.846511   ,  0.585324   ])
538     , -1589.81    , array([ 0.683796   ,  0.0631495  ,  0.844792   ,  0.602059   ])
539     , -1587.56    , array([ 0.682233   ,  0.0621074  ,  0.843934   ,  0.585324   ])
540     , -1574.55    , array([ 0.676787   ,  0.0585936  ,  0.840938   ,  0.593632   ])
541     , -1574.14    , array([ 0.67408    ,  0.0694902  ,  0.839445   ,  0.597831   ])
542     , -1557.12    , array([ 0.664693   ,  0.0741186  ,  0.834237   ,  0.61276    ])
543     , -1549.64    , array([ 0.660048   ,  0.0626915  ,  0.841847   ,  0.620363   ])
544     , -1521.45    , array([ 0.644046   ,  0.059422   ,  0.841232   ,  0.647727   ])
likelihood = -1521.45
theta = 274.59
Optimized parameters = [0.64404566 0.05942205 0.84123224 0.64772735]

Round_2_Replicate_4
545     , -3867.73    , array([ 0.135174   ,  0.0524861  ,  8.7896     ,  0.243147   ])
546     , -3693.52    , array([ 0.122303   ,  0.0524861  ,  8.7896     ,  0.243147   ])
547     , -3656.97    , array([ 0.135174   ,  0.0452946  ,  8.7896     ,  0.243147   ])
548     , -4238.53    , array([ 0.135174   ,  0.0524861  ,  9.79868    ,  0.243147   ])
549     , -3867.34    , array([ 0.135174   ,  0.0524861  ,  8.7896     ,  0.226549   ])
550     , -3340.92    , array([ 0.128578   ,  0.048758   ,  7.88444    ,  0.234701   ])
551     , -2953.11    , array([ 0.125401   ,  0.0469944  ,  7.07249    ,  0.230589   ])
552     , -3210.79    , array([ 0.123842   ,  0.0461367  ,  7.88444    ,  0.22856    ])
553     , -2919.68    , array([ 0.118538   ,  0.0432561  ,  7.46744    ,  0.246392   ])
554     , -2525.09    , array([ 0.111004   ,  0.0392689  ,  6.88292    ,  0.256956   ])
555     , -2563.8     , array([ 0.124814   ,  0.0374153  ,  6.60805    ,  0.236001   ])
likelihood = -2525.09
theta = 787.45
Optimized parameters = [0.11100439 0.03926892 6.88291885 0.25695589]

Round_2_Replicate_5
556     , -8939.71    , array([ 0.477481   ,  0.172387   ,  7.79033    ,  0.162111   ])
557     , -8857.35    , array([ 0.460155   ,  0.172387   ,  7.79033    ,  0.162111   ])
558     , -8598.97    , array([ 0.477481   ,  0.157881   ,  7.79033    ,  0.162111   ])
559     , -9586.02    , array([ 0.477481   ,  0.172387   ,  8.63244    ,  0.162111   ])
560     , -8940.91    , array([ 0.477481   ,  0.172387   ,  7.79033    ,  0.148014   ])
561     , -8128.03    , array([ 0.468738   ,  0.164975   ,  7.03036    ,  0.154902   ])
562     , -7472.26    , array([ 0.464427   ,  0.161389   ,  6.34454    ,  0.151419   ])
563     , -7980.15    , array([ 0.462286   ,  0.159625   ,  7.03036    ,  0.171595   ])
564     , -7533.03    , array([ 0.454871   ,  0.153603   ,  6.67865    ,  0.161192   ])
565     , -7011.39    , array([ 0.46928    ,  0.144993   ,  6.1838     ,  0.160734   ])
566     , -6231.25    , array([ 0.47391    ,  0.132975   ,  5.50942    ,  0.16005    ])
likelihood = -6231.25
theta = 271.39
Optimized parameters = [0.47391003 0.13297505 5.50941625 0.16005016]

Round_2_Replicate_6
567     , -3593.4     , array([ 0.538517   ,  0.0460814  ,  4.11394    ,  1.37543    ])
568     , -3560.53    , array([ 0.522107   ,  0.0460814  ,  4.11394    ,  1.37543    ])
569     , -3441.93    , array([ 0.538517   ,  0.0395096  ,  4.11394    ,  1.37543    ])
570     , -3743.99    , array([ 0.538517   ,  0.0460814  ,  4.41541    ,  1.37543    ])
571     , -3592.87    , array([ 0.538517   ,  0.0460814  ,  4.11394    ,  1.39753    ])
572     , -3361.03    , array([ 0.530248   ,  0.0426691  ,  3.83306    ,  1.38644    ])
573     , -3189.57    , array([ 0.526162   ,  0.041059   ,  3.57135    ,  1.39197    ])
574     , -3298.7     , array([ 0.52413    ,  0.0402768  ,  3.83306    ,  1.39475    ])
575     , -3168.45    , array([ 0.517082   ,  0.0376547  ,  3.69989    ,  1.37133    ])
576     , -2990.92    , array([ 0.506686   ,  0.0340382  ,  3.50876    ,  1.35841    ])
577     , -2953.88    , array([ 0.525399   ,  0.0323624  ,  3.41693    ,  1.38471    ])
578     , -2740.2     , array([ 0.527053   ,  0.0271205  ,  3.11405    ,  1.38938    ])
likelihood = -2740.2
theta = 462.33
Optimized parameters = [0.52705298 0.02712047 3.11405309 1.38937627]

Round_2_Replicate_7
579     , -494.745    , array([ 0.112049   ,  0.0376762  ,  0.933815   ,  0.545071   ])
580     , -482.338    , array([ 0.100433   ,  0.0376762  ,  0.933815   ,  0.545071   ])
581     , -506.874    , array([ 0.112049   ,  0.0319794  ,  0.933815   ,  0.545071   ])
582     , -494.432    , array([ 0.112049   ,  0.0376762  ,  0.930623   ,  0.545071   ])
583     , -495.123    , array([ 0.112049   ,  0.0376762  ,  0.933815   ,  0.528781   ])
584     , -483.698    , array([ 0.106082   ,  0.0443878  ,  0.932218   ,  0.536864   ])
585     , -481.56     , array([ 0.103219   ,  0.0408945  ,  0.93142    ,  0.557617   ])
586     , -477.359    , array([ 0.0990684  ,  0.0426054  ,  0.930225   ,  0.572619   ])
587     , -476.244    , array([ 0.0970562  ,  0.0434875  ,  0.929628   ,  0.554454   ])
588     , -474.594    , array([ 0.09033    ,  0.046721   ,  0.927542   ,  0.559205   ])
589     , -475.903    , array([ 0.0871438  ,  0.0484269  ,  0.931271   ,  0.561596   ])
likelihood = -474.59
theta = 723.81
Optimized parameters = [0.09033003 0.04672104 0.92754163 0.55920533]

Round_2_Replicate_8
590     , -6100.09    , array([ 0.905764   ,  0.305788   ,  2.46947    ,  0.346211   ])
591     , -6091.17    , array([ 0.901292   ,  0.305788   ,  2.46947    ,  0.346211   ])
592     , -5934.46    , array([ 0.905764   ,  0.288199   ,  2.46947    ,  0.346211   ])
593     , -6301.47    , array([ 0.905764   ,  0.305788   ,  2.58365    ,  0.346211   ])
594     , -6108.01    , array([ 0.905764   ,  0.305788   ,  2.46947    ,  0.328328   ])
595     , -5823.25    , array([ 0.903525   ,  0.296863   ,  2.36033    ,  0.337151   ])
596     , -5598.32    , array([ 0.902408   ,  0.292499   ,  2.25602    ,  0.33271    ])
597     , -5752.32    , array([ 0.90185    ,  0.290341   ,  2.36033    ,  0.357879   ])
598     , -5592.04    , array([ 0.899899   ,  0.282912   ,  2.30759    ,  0.345065   ])
599     , -5354.19    , array([ 0.896982   ,  0.272124   ,  2.23067    ,  0.344494   ])
600     , -5251.36    , array([ 0.902199   ,  0.266885   ,  2.19318    ,  0.344208   ])
601     , -4877.96    , array([ 0.902652   ,  0.249331   ,  2.06685    ,  0.343211   ])
likelihood = -4877.96
theta = 198.0
Optimized parameters = [0.90265218 0.24933128 2.06685313 0.34321127]

Round_2_Replicate_9
602     , -6990.27    , array([ 0.145712   ,  0.177996   ,  8.92803    ,  0.274998   ])
603     , -6780       , array([ 0.132334   ,  0.177996   ,  8.92803    ,  0.274998   ])
604     , -6722.01    , array([ 0.145712   ,  0.163279   ,  8.92803    ,  0.274998   ])
605     , -7594.01    , array([ 0.145712   ,  0.177996   ,  9.96078    ,  0.274998   ])
606     , -6989.01    , array([ 0.145712   ,  0.177996   ,  8.92803    ,  0.257808   ])
607     , -6196.8     , array([ 0.138862   ,  0.170479   ,  8.00236    ,  0.266264   ])
608     , -5575.45    , array([ 0.135558   ,  0.16684    ,  7.17266    ,  0.262002   ])
609     , -6031.48    , array([ 0.133936   ,  0.16505    ,  8.00236    ,  0.259896   ])
610     , -5593.22    , array([ 0.12841    ,  0.158934   ,  7.57616    ,  0.278346   ])
611     , -5220.98    , array([ 0.13928    ,  0.150183   ,  6.97904    ,  0.262531   ])
612     , -4548.04    , array([ 0.142889   ,  0.137952   ,  6.17043    ,  0.256511   ])
likelihood = -4548.04
theta = 438.05
Optimized parameters = [0.14288934 0.13795192 6.17043288 0.2565107 ]

Round_2_Replicate_10
613     , -2946.33    , array([ 0.76755    ,  0.0468096  ,  2.29839    ,  0.896835   ])
614     , -2933.69    , array([ 0.757464   ,  0.0468096  ,  2.29839    ,  0.896835   ])
615     , -2870.57    , array([ 0.76755    ,  0.0401653  ,  2.29839    ,  0.896835   ])
616     , -3010.56    , array([ 0.76755    ,  0.0468096  ,  2.39604    ,  0.896835   ])
617     , -2946.62    , array([ 0.76755    ,  0.0468096  ,  2.29839    ,  0.891965   ])
618     , -2840.5     , array([ 0.76249    ,  0.0433604  ,  2.20471    ,  0.894397   ])
619     , -2762.46    , array([ 0.759973   ,  0.0417323  ,  2.11486    ,  0.89318    ])
620     , -2810.23    , array([ 0.758717   ,  0.0409413  ,  2.20471    ,  0.899891   ])
621     , -2750.21    , array([ 0.754339   ,  0.0382891  ,  2.15932    ,  0.89653    ])
622     , -2668.72    , array([ 0.747819   ,  0.0346295  ,  2.09297    ,  0.896377   ])
623     , -2649.24    , array([ 0.759502   ,  0.032933   ,  2.06056    ,  0.896301   ])
624     , -2551.02    , array([ 0.760523   ,  0.0276235  ,  1.95105    ,  0.896034   ])
likelihood = -2551.02
theta = 306.07
Optimized parameters = [0.76052263 0.02762352 1.95104758 0.89603398]

Round_3_Replicate_1
625     , -517.417    , array([ 0.152125   ,  0.0491464  ,  0.796706   ,  0.734441   ])
626     , -498.403    , array([ 0.138456   ,  0.0491464  ,  0.796706   ,  0.734441   ])
627     , -524.058    , array([ 0.152125   ,  0.0422733  ,  0.796706   ,  0.734441   ])
628     , -515.302    , array([ 0.152125   ,  0.0491464  ,  0.787704   ,  0.734441   ])
629     , -517.483    , array([ 0.152125   ,  0.0491464  ,  0.796706   ,  0.723194   ])
630     , -506.928    , array([ 0.14513    ,  0.057137   ,  0.792192   ,  0.728796   ])
631     , -500.777    , array([ 0.141754   ,  0.0529913  ,  0.789945   ,  0.742991   ])
632     , -494.622    , array([ 0.136836   ,  0.0550251  ,  0.786586   ,  0.735859   ])
633     , -488.025    , array([ 0.129778   ,  0.0582231  ,  0.781574   ,  0.736569   ])
634     , -488.472    , array([ 0.126386   ,  0.0598912  ,  0.792473   ,  0.736924   ])
635     , -481.064    , array([ 0.123628   ,  0.0527424  ,  0.788123   ,  0.746763   ])
636     , -473.685    , array([ 0.114103   ,  0.0506736  ,  0.786097   ,  0.755912   ])
637     , -475.563    , array([ 0.113558   ,  0.0556111  ,  0.788438   ,  0.738837   ])
638     , -480.449    , array([ 0.105292   ,  0.0637835  ,  0.777681   ,  0.749672   ])
639     , -470.579    , array([ 0.105282   ,  0.0540145  ,  0.774503   ,  0.75358    ])
640     , -469.66     , array([ 0.0960912  ,  0.0512961  ,  0.765671   ,  0.762048   ])
641     , -473.488    , array([ 0.0882261  ,  0.0521522  ,  0.777273   ,  0.766872   ])
likelihood = -469.66
theta = 685.84
Optimized parameters = [0.09609122 0.05129612 0.76567058 0.76204813]

Round_3_Replicate_2
642     , -786.268    , array([ 0.0470267  ,  0.0611663  ,  2.10012    ,  2.15397    ])
643     , -789.723    , array([ 0.040361   ,  0.0611663  ,  2.10012    ,  2.15397    ])
644     , -712.684    , array([ 0.0470267  ,  0.0531909  ,  2.10012    ,  2.15397    ])
645     , -808.624    , array([ 0.0470267  ,  0.0611663  ,  2.1795     ,  2.15397    ])
646     , -786.344    , array([ 0.0470267  ,  0.0611663  ,  2.10012    ,  2.23821    ])
647     , -729.049    , array([ 0.0435666  ,  0.0570394  ,  2.02363    ,  2.19569    ])
648     , -725.536    , array([ 0.052739   ,  0.0550816  ,  2.06152    ,  2.21685    ])
649     , -691.072    , array([ 0.0479339  ,  0.0522701  ,  2.04249    ,  2.1232     ])
650     , -651.075    , array([ 0.048394   ,  0.0483197  ,  2.01427    ,  2.06793    ])
651     , -633.008    , array([ 0.0486257  ,  0.0464579  ,  2.00031    ,  2.16173    ])
652     , -578.465    , array([ 0.0494455  ,  0.0404886  ,  1.95219    ,  2.16562    ])
653     , -618.004    , array([ 0.055917   ,  0.0419735  ,  2.03894    ,  2.10609    ])
654     , -564.528    , array([ 0.0475632  ,  0.0379428  ,  1.99048    ,  2.03321    ])
655     , -515.244    , array([ 0.0451691  ,  0.0314913  ,  1.95588    ,  1.94717    ])
656     , -510.068    , array([ 0.0522765  ,  0.0302325  ,  1.8856     ,  1.98957    ])
657     , -484.52     , array([ 0.0551173  ,  0.0227925  ,  1.7867     ,  1.91214    ])
658     , -487.881    , array([ 0.0542136  ,  0.0228571  ,  1.85158    ,  1.99276    ])
659     , -468.969    , array([ 0.0461996  ,  0.0194175  ,  1.74311    ,  1.90329    ])
660     , -504.78     , array([ 0.0419938  ,  0.0132069  ,  1.6117     ,  1.80934    ])
likelihood = -468.97
theta = 1681.39
Optimized parameters = [0.04619961 0.01941746 1.74311123 1.90329043]

Round_3_Replicate_3
661     , -606.772    , array([ 0.141615   ,  0.0301407  ,  1.11356    ,  1.37287    ])
662     , -571.697    , array([ 0.128429   ,  0.0301407  ,  1.11356    ,  1.37287    ])
663     , -624.309    , array([ 0.141615   ,  0.0252994  ,  1.11356    ,  1.37287    ])
664     , -608.448    , array([ 0.141615   ,  0.0301407  ,  1.11957    ,  1.37287    ])
665     , -606.938    , array([ 0.141615   ,  0.0301407  ,  1.11356    ,  1.39479    ])
666     , -580.42     , array([ 0.134861   ,  0.0359083  ,  1.11656    ,  1.38379    ])
667     , -573.437    , array([ 0.131606   ,  0.0328984  ,  1.10908    ,  1.38928    ])
668     , -560.356    , array([ 0.12687    ,  0.0343704  ,  1.11281    ,  1.36473    ])
669     , -542.27     , array([ 0.120083   ,  0.0367029  ,  1.11244    ,  1.34995    ])
670     , -534.806    , array([ 0.116828   ,  0.0379279  ,  1.11225    ,  1.37491    ])
671     , -515.219    , array([ 0.106112   ,  0.0425463  ,  1.1116     ,  1.37593    ])
672     , -517.354    , array([ 0.108819   ,  0.0346537  ,  1.1068     ,  1.36018    ])
673     , -503.681    , array([ 0.101399   ,  0.0388202  ,  1.11312    ,  1.34054    ])
674     , -488.173    , array([ 0.0890048  ,  0.0421696  ,  1.11514    ,  1.31681    ])
675     , -500.339    , array([ 0.0865007  ,  0.050119   ,  1.10942    ,  1.32858    ])
676     , -489.958    , array([ 0.078518   ,  0.0480957  ,  1.10904    ,  1.3404     ])
677     , -527.321    , array([ 0.0735998  ,  0.0600117  ,  1.11581    ,  1.32061    ])
678     , -498.873    , array([ 0.0986845  ,  0.0397531  ,  1.10904    ,  1.35018    ])
likelihood = -488.17
theta = 891.17
Optimized parameters = [0.08900478 0.04216964 1.11514159 1.3168133 ]

Round_3_Replicate_4
679     , -761.029    , array([ 0.0570507  ,  0.128674   ,  0.380483   ,  1.66251    ])
680     , -819.232    , array([ 0.0494395  ,  0.128674   ,  0.380483   ,  1.66251    ])
681     , -743.278    , array([ 0.0570507  ,  0.116136   ,  0.380483   ,  1.66251    ])
682     , -769.351    , array([ 0.0570507  ,  0.128674   ,  0.362537   ,  1.66251    ])
683     , -761.315    , array([ 0.0570507  ,  0.128674   ,  0.380483   ,  1.70531    ])
684     , -701.945    , array([ 0.0658337  ,  0.122244   ,  0.371402   ,  1.68377    ])
685     , -650.39     , array([ 0.0759688  ,  0.119151   ,  0.366943   ,  1.69451    ])
686     , -686.877    , array([ 0.0658337  ,  0.117634   ,  0.392148   ,  1.6999     ])
687     , -660.857    , array([ 0.0707199  ,  0.112474   ,  0.379336   ,  1.65461    ])
688     , -618.766    , array([ 0.0787375  ,  0.105156   ,  0.378764   ,  1.69316    ])
689     , -565.479    , array([ 0.0925001  ,  0.0950611  ,  0.377907   ,  1.7087     ])
690     , -552.491    , array([ 0.100259   ,  0.105409   ,  0.377479   ,  1.71652    ])
691     , -494.388    , array([ 0.132909   ,  0.100422   ,  0.375986   ,  1.74418    ])
692     , -509.648    , array([ 0.123449   ,  0.0961523  ,  0.358624   ,  1.70049    ])
693     , -479.181    , array([ 0.151833   ,  0.0929808  ,  0.360473   ,  1.77109    ])
694     , -473.044    , array([ 0.222474   ,  0.0845403  ,  0.351396   ,  1.83238    ])
695     , -490.116    , array([ 0.241878   ,  0.0739317  ,  0.364669   ,  1.79837    ])
696     , -529.096    , array([ 0.32123    ,  0.0817222  ,  0.347831   ,  1.82963    ])
697     , -477.209    , array([ 0.235314   ,  0.0848703  ,  0.355118   ,  1.79862    ])
likelihood = -473.04
theta = 382.23
Optimized parameters = [0.2224744  0.08454034 0.35139632 1.83237813]

Round_3_Replicate_5
698     , -554.213    , array([ 0.0457297  ,  0.0228712  ,  2.86726    ,  0.353523   ])
699     , -533.031    , array([ 0.039193   ,  0.0228712  ,  2.86726    ,  0.353523   ])
700     , -537.802    , array([ 0.0457297  ,  0.0189345  ,  2.86726    ,  0.353523   ])
701     , -571.424    , array([ 0.0457297  ,  0.0228712  ,  3.02232    ,  0.353523   ])
702     , -555.149    , array([ 0.0457297  ,  0.0228712  ,  2.86726    ,  0.335613   ])
703     , -520.958    , array([ 0.0423354  ,  0.02081    ,  2.72016    ,  0.344452   ])
704     , -507.015    , array([ 0.0407339  ,  0.0198501  ,  2.5806     ,  0.340004   ])
705     , -508.157    , array([ 0.039956   ,  0.0193869  ,  2.72016    ,  0.365199   ])
706     , -498.669    , array([ 0.0373486  ,  0.0178491  ,  2.64946    ,  0.352377   ])
707     , -495.985    , array([ 0.033753   ,  0.0157682  ,  2.54685    ,  0.351804   ])
708     , -501.009    , array([ 0.0320871  ,  0.0196751  ,  2.49704    ,  0.351519   ])
709     , -504.206    , array([ 0.0338752  ,  0.0151076  ,  2.33026    ,  0.350521   ])
710     , -516.461    , array([ 0.0305955  ,  0.0157333  ,  2.27343    ,  0.332425   ])
711     , -497.703    , array([ 0.0373767  ,  0.0184008  ,  2.60086    ,  0.356715   ])
712     , -508.909    , array([ 0.028748   ,  0.0147946  ,  2.40576    ,  0.365728   ])
713     , -497.9      , array([ 0.0373352  ,  0.0184437  ,  2.53574    ,  0.34626    ])
714     , -514.158    , array([ 0.036291   ,  0.0214781  ,  2.7792     ,  0.352592   ])
715     , -496.877    , array([ 0.0344637  ,  0.0164966  ,  2.43519    ,  0.351038   ])
716     , -503.291    , array([ 0.0397069  ,  0.0151013  ,  2.56125    ,  0.351351   ])
717     , -496.507    , array([ 0.0338427  ,  0.0184158  ,  2.51294    ,  0.351477   ])
likelihood = -495.99
theta = 1582.98
Optimized parameters = [0.03375297 0.01576817 2.54684553 0.35180449]

Round_4_Replicate_1
718     , -608.881    , array([ 0.0569831  ,  0.0123074  ,  2.77045    ,  1.08131    ])
719     , -558.879    , array([ 0.049378   ,  0.0123074  ,  2.77045    ,  1.08131    ])
721     , -626.399    , array([ 0.0569831  ,  0.0123074  ,  2.91526    ,  1.08131    ])
722     , -608.92     , array([ 0.0569831  ,  0.0123074  ,  2.77045    ,  1.08555    ])
723     , -583.281    , array([ 0.0530444  ,  0.0153341  ,  2.84193    ,  1.08343    ])
724     , -554.141    , array([ 0.0511784  ,  0.0137377  ,  2.66658    ,  1.08449    ])
725     , -526.501    , array([ 0.0485017  ,  0.014514   ,  2.55031    ,  1.08608    ])
726     , -531.861    , array([ 0.0472163  ,  0.0149184  ,  2.69218    ,  1.08052    ])
727     , -508.098    , array([ 0.0429798  ,  0.0164248  ,  2.65387    ,  1.08435    ])
728     , -490.928    , array([ 0.0373271  ,  0.0189743  ,  2.59744    ,  1.08588    ])
729     , -480.779    , array([ 0.0387314  ,  0.0146643  ,  2.47333    ,  1.08346    ])
730     , -468.592    , array([ 0.033096   ,  0.0143405  ,  2.30736    ,  1.08348    ])
731     , -474.212    , array([ 0.0340636  ,  0.0197221  ,  2.31541    ,  1.08667    ])
732     , -472.882    , array([ 0.0302574  ,  0.0187073  ,  2.20972    ,  1.09055    ])
733     , -517.312    , array([ 0.023265   ,  0.0218304  ,  2.1713     ,  1.0872     ])
734     , -481.575    , array([ 0.0279555  ,  0.0197125  ,  2.26042    ,  1.08692    ])
735     , -494.93     , array([ 0.0261612  ,  0.0170203  ,  1.9888     ,  1.08792    ])
736     , -474.087    , array([ 0.0341533  ,  0.0184657  ,  2.42972    ,  1.08639    ])
737     , -475.457    , array([ 0.0386098  ,  0.0158564  ,  2.36936    ,  1.08661    ])
738     , -469.392    , array([ 0.0356156  ,  0.0167432  ,  2.34164    ,  1.08669    ])
739     , -467.666    , array([ 0.0324003  ,  0.0146029  ,  2.32614    ,  1.08688    ])
740     , -474.058    , array([ 0.0315993  ,  0.0125656  ,  2.33153    ,  1.08699    ])
741     , -473.701    , array([ 0.031475   ,  0.0138695  ,  2.16895    ,  1.08741    ])
742     , -468.505    , array([ 0.0321242  ,  0.0148983  ,  2.23139    ,  1.08715    ])
743     , -482.201    , array([ 0.0366072  ,  0.0122174  ,  2.39655    ,  1.08157    ])
744     , -467.508    , array([ 0.0317333  ,  0.0168172  ,  2.25502    ,  1.0883     ])
745     , -474.916    , array([ 0.0293559  ,  0.0136807  ,  2.21932    ,  1.08621    ])
746     , -467.136    , array([ 0.0339355  ,  0.0159186  ,  2.31044    ,  1.08657    ])
likelihood = -467.14
theta = 2172.57
Optimized parameters = [0.03393547 0.01591865 2.31044139 1.08657103]

Round_4_Replicate_2
747     , -574.845    , array([ 0.0880669  ,  0.0163795  ,  0.883155   ,  3.46198    ])
748     , -569.731    , array([ 0.0779926  ,  0.0163795  ,  0.883155   ,  3.46198    ])
749     , -620.205    , array([ 0.0880669  ,  0.0133357  ,  0.883155   ,  3.46198    ])
750     , -575.71     , array([ 0.0880669  ,  0.0163795  ,  0.877685   ,  3.46198    ])
751     , -574.796    , array([ 0.0880669  ,  0.0163795  ,  0.883155   ,  3.68376    ])
752     , -533.195    , array([ 0.0828768  ,  0.0201181  ,  0.880415   ,  3.57115    ])
753     , -501.606    , array([ 0.0803976  ,  0.0247099  ,  0.879049   ,  3.62701    ])
754     , -531.054    , array([ 0.079186   ,  0.0201181  ,  0.886591   ,  3.65527    ])
755     , -515.401    , array([ 0.0750872  ,  0.0222961  ,  0.882812   ,  3.75593    ])
756     , -498.173    , array([ 0.0693334  ,  0.0260131  ,  0.88264    ,  3.56422    ])
757     , -489.742    , array([ 0.0615188  ,  0.0327822  ,  0.882383   ,  3.50592    ])
758     , -474.334    , array([ 0.0695311  ,  0.0368011  ,  0.882255   ,  3.81654    ])
759     , -498.787    , array([ 0.0656511  ,  0.0551621  ,  0.881805   ,  4.00722    ])
760     , -481.891    , array([ 0.0641726  ,  0.0405241  ,  0.876684   ,  3.6936     ])
761     , -493.849    , array([ 0.0625639  ,  0.0492961  ,  0.877376   ,  3.56466    ])
762     , -560.711    , array([ 0.0515451  ,  0.0628263  ,  0.880293   ,  3.65949    ])
763     , -480.235    , array([ 0.0719414  ,  0.0312025  ,  0.87936    ,  3.63511    ])
764     , -501.258    , array([ 0.0710287  ,  0.0250546  ,  0.882968   ,  3.76012    ])
765     , -481.399    , array([ 0.0645805  ,  0.0416228  ,  0.878771   ,  3.61255    ])
766     , -470.374    , array([ 0.0740111  ,  0.0424531  ,  0.876158   ,  3.88082    ])
767     , -470.811    , array([ 0.0811786  ,  0.0483109  ,  0.873062   ,  4.08304    ])
768     , -471.038    , array([ 0.0761954  ,  0.0351505  ,  0.881589   ,  3.77583    ])
769     , -476.592    , array([ 0.0822414  ,  0.0314495  ,  0.880905   ,  3.94682    ])
770     , -467.269    , array([ 0.0789348  ,  0.0421181  ,  0.881088   ,  4.08704    ])
771     , -471.394    , array([ 0.0826825  ,  0.0489338  ,  0.881953   ,  4.33367    ])
772     , -483.013    , array([ 0.0676466  ,  0.0483584  ,  0.879634   ,  3.83054    ])
773     , -470.54     , array([ 0.0783212  ,  0.035021   ,  0.880587   ,  3.91742    ])
likelihood = -467.27
theta = 882.87
Optimized parameters = [0.07893482 0.04211814 0.88108779 4.08704445]

Round_4_Replicate_3
774     , -603.28     , array([ 0.0640137  ,  0.0380441  ,  2.00683    ,  1.41034    ])
775     , -580.384    , array([ 0.0557939  ,  0.0380441  ,  2.00683    ,  1.41034    ])
776     , -569.986    , array([ 0.0640137  ,  0.0323074  ,  2.00683    ,  1.41034    ])
777     , -619.657    , array([ 0.0640137  ,  0.0380441  ,  2.07796    ,  1.41034    ])
778     , -603.516    , array([ 0.0640137  ,  0.0380441  ,  2.00683    ,  1.43479    ])
779     , -558.663    , array([ 0.0597627  ,  0.0350586  ,  1.93814    ,  1.42251    ])
780     , -534.44     , array([ 0.0577442  ,  0.0336549  ,  1.8718     ,  1.42864    ])
781     , -539.314    , array([ 0.0567607  ,  0.0329743  ,  1.93814    ,  1.39527    ])
782     , -515.516    , array([ 0.0534484  ,  0.0306986  ,  1.90468    ,  1.41185    ])
783     , -489.074    , array([ 0.0488389  ,  0.0275762  ,  1.85558    ,  1.41261    ])
784     , -498.569    , array([ 0.0573734  ,  0.0261362  ,  1.8315     ,  1.41299    ])
785     , -479.784    , array([ 0.0473416  ,  0.0276821  ,  1.74966    ,  1.41432    ])
786     , -473.625    , array([ 0.0407125  ,  0.025624   ,  1.63371    ,  1.41632    ])
787     , -467.622    , array([ 0.0452177  ,  0.023909   ,  1.66332    ,  1.44034    ])
788     , -475.855    , array([ 0.0403589  ,  0.0203589  ,  1.54088    ,  1.46343    ])
789     , -473.483    , array([ 0.0393322  ,  0.0197444  ,  1.62352    ,  1.41245    ])
790     , -495.878    , array([ 0.0327766  ,  0.0220979  ,  1.5622     ,  1.42781    ])
791     , -475.583    , array([ 0.0377008  ,  0.0230448  ,  1.62557    ,  1.42409    ])
792     , -509.488    , array([ 0.03383    ,  0.019146   ,  1.4432     ,  1.43399    ])
793     , -471.685    , array([ 0.0445553  ,  0.0251722  ,  1.74257    ,  1.41793    ])
794     , -469.346    , array([ 0.0476421  ,  0.0239449  ,  1.70567    ,  1.41935    ])
795     , -469.009    , array([ 0.047725   ,  0.0208172  ,  1.73414    ,  1.42866    ])
796     , -493.571    , array([ 0.0544158  ,  0.0277405  ,  1.80349    ,  1.44078    ])
797     , -467.182    , array([ 0.0426572  ,  0.0214962  ,  1.66676    ,  1.41948    ])
798     , -468.686    , array([ 0.0470023  ,  0.0201075  ,  1.64332    ,  1.43599    ])
799     , -469.442    , array([ 0.0436608  ,  0.0193704  ,  1.6479     ,  1.44295    ])
800     , -467.362    , array([ 0.046614   ,  0.0227088  ,  1.69104    ,  1.42521    ])
likelihood = -467.18
theta = 1638.54
Optimized parameters = [0.04265718 0.02149619 1.66675653 1.41947701]

Round_4_Replicate_4
801     , -571.037    , array([ 0.0362503  ,  0.0179051  ,  1.16383    ,  1.07816    ])
802     , -608.913    , array([ 0.0307098  ,  0.0179051  ,  1.16383    ,  1.07816    ])
803     , -600.136    , array([ 0.0362503  ,  0.0146429  ,  1.16383    ,  1.07816    ])
804     , -568.512    , array([ 0.0362503  ,  0.0179051  ,  1.17269    ,  1.07816    ])
805     , -570.892    , array([ 0.0362503  ,  0.0179051  ,  1.16383    ,  1.08222    ])
806     , -555.188    , array([ 0.0427903  ,  0.016192   ,  1.16825    ,  1.08019    ])
807     , -544.862    , array([ 0.0505103  ,  0.015398   ,  1.17047    ,  1.0812     ])
808     , -525.672    , array([ 0.0427903  ,  0.0203035  ,  1.17158    ,  1.08171    ])
809     , -499.989    , array([ 0.0464904  ,  0.0239081  ,  1.17547    ,  1.08349    ])
810     , -515.403    , array([ 0.0484587  ,  0.0191869  ,  1.17742    ,  1.08439    ])
811     , -500.472    , array([ 0.0560276  ,  0.0198617  ,  1.18428    ,  1.08139    ])
812     , -496.388    , array([ 0.0696541  ,  0.0209188  ,  1.18113    ,  1.0871     ])
813     , -531.084    , array([ 0.0965527  ,  0.0226109  ,  1.18537    ,  1.0916     ])
814     , -471.705    , array([ 0.0587031  ,  0.0283523  ,  1.18875    ,  1.08699    ])
815     , -475.187    , array([ 0.0632852  ,  0.0384725  ,  1.19799    ,  1.08989    ])
816     , -471.911    , array([ 0.0673465  ,  0.0276592  ,  1.18739    ,  1.08509    ])
817     , -468.4      , array([ 0.0638618  ,  0.031531   ,  1.18206    ,  1.08996    ])
818     , -475.878    , array([ 0.0681807  ,  0.0397281  ,  1.18096    ,  1.09427    ])
819     , -496.326    , array([ 0.0902026  ,  0.030082   ,  1.19426    ,  1.09109    ])
820     , -479.85     , array([ 0.0685128  ,  0.0412286  ,  1.19513    ,  1.08946    ])
821     , -495.211    , array([ 0.0461079  ,  0.0335641  ,  1.18242    ,  1.08467    ])
822     , -475.46     , array([ 0.0545301  ,  0.0326575  ,  1.18537    ,  1.08627    ])
823     , -493.169    , array([ 0.0541571  ,  0.0217959  ,  1.17672    ,  1.0847     ])
824     , -470.039    , array([ 0.0646015  ,  0.0351555  ,  1.1905     ,  1.08827    ])
825     , -475.039    , array([ 0.0740617  ,  0.0285493  ,  1.18898    ,  1.08888    ])
826     , -470.114    , array([ 0.0686048  ,  0.0295252  ,  1.18807    ,  1.08823    ])
827     , -471.156    , array([ 0.060525   ,  0.034827   ,  1.18729    ,  1.09163    ])
likelihood = -468.4
theta = 1071.29
Optimized parameters = [0.06386182 0.03153098 1.1820632  1.08995776]

Round_4_Replicate_5
828     , -577.53     , array([ 0.0352011  ,  0.0225874  ,  1.05803    ,  1.36009    ])
829     , -622.026    , array([ 0.0297772  ,  0.0225874  ,  1.05803    ,  1.36009    ])
830     , -597.703    , array([ 0.0352011  ,  0.0186878  ,  1.05803    ,  1.36009    ])
831     , -576.594    , array([ 0.0352011  ,  0.0225874  ,  1.06102    ,  1.36009    ])
832     , -577.124    , array([ 0.0352011  ,  0.0225874  ,  1.05803    ,  1.38116    ])
833     , -550.641    , array([ 0.0416129  ,  0.0205453  ,  1.05952    ,  1.37059    ])
834     , -530.572    , array([ 0.0491927  ,  0.0195946  ,  1.06027    ,  1.37586    ])
835     , -531.539    , array([ 0.0416129  ,  0.0254277  ,  1.06065    ,  1.37851    ])
836     , -526.788    , array([ 0.0452444  ,  0.0223214  ,  1.06196    ,  1.38782    ])
837     , -510.022    , array([ 0.0512942  ,  0.0221896  ,  1.06392    ,  1.40189    ])
838     , -504.343    , array([ 0.0546161  ,  0.022124   ,  1.06491    ,  1.37686    ])
839     , -496.459    , array([ 0.0680304  ,  0.0218959  ,  1.06836    ,  1.37471    ])
840     , -500.766    , array([ 0.0759266  ,  0.0217827  ,  1.06558    ,  1.40569    ])
841     , -542.587    , array([ 0.086757   ,  0.017909   ,  1.06843    ,  1.4005     ])
842     , -508.73     , array([ 0.0500032  ,  0.0232943  ,  1.06259    ,  1.38398    ])
843     , -482.773    , array([ 0.0739914  ,  0.0253396  ,  1.06997    ,  1.40733    ])
844     , -489.888    , array([ 0.0907447  ,  0.0288159  ,  1.07485    ,  1.42333    ])
845     , -499.192    , array([ 0.0852254  ,  0.0239118  ,  1.06932    ,  1.38388    ])
846     , -557.803    , array([ 0.114137   ,  0.0230778  ,  1.07406    ,  1.40174    ])
847     , -491.653    , array([ 0.0614617  ,  0.02324    ,  1.06544    ,  1.3884     ])
848     , -480.675    , array([ 0.0676293  ,  0.0254914  ,  1.07098    ,  1.37158    ])
849     , -475.832    , array([ 0.0638271  ,  0.0275762  ,  1.07369    ,  1.35483    ])
850     , -497.014    , array([ 0.0521408  ,  0.0249376  ,  1.0694     ,  1.3785     ])
851     , -487.633    , array([ 0.0589557  ,  0.0246771  ,  1.06938    ,  1.37984    ])
852     , -475.419    , array([ 0.0608072  ,  0.0289114  ,  1.07087    ,  1.39028    ])
853     , -476.087    , array([ 0.0574885  ,  0.0332218  ,  1.07213    ,  1.39813    ])
854     , -469.863    , array([ 0.0669466  ,  0.0303818  ,  1.07654    ,  1.3775     ])
855     , -467.283    , array([ 0.06987    ,  0.0347378  ,  1.08213    ,  1.37208    ])
856     , -468.7      , array([ 0.0759785  ,  0.0339476  ,  1.07895    ,  1.38214    ])
likelihood = -467.28
theta = 1006.97
Optimized parameters = [0.06987003 0.03473781 1.08212941 1.37208408]

Round_1_Replicate_1
1731    , -7038.08    , array([ 0.389224   ,  0.921932   ,  1.70686    ,  0.131008   ])
1732    , -6883.05    , array([ 0.371287   ,  0.921932   ,  1.70686    ,  0.131008   ])
1733    , -7029.28    , array([ 0.389224   ,  0.918193   ,  1.70686    ,  0.131008   ])
1734    , -7116.21    , array([ 0.389224   ,  0.921932   ,  1.75311    ,  0.131008   ])
1735    , -7301.94    , array([ 0.389224   ,  0.921932   ,  1.70686    ,  0.118348   ])
1736    , -6768.08    , array([ 0.38015    ,  0.920061   ,  1.72983    ,  0.145021   ])
1737    , -6555.57    , array([ 0.375692   ,  0.919126   ,  1.74143    ,  0.160534   ])
1738    , -6620.82    , array([ 0.373483   ,  0.918659   ,  1.67858    ,  0.145021   ])
likelihood = -6555.57
theta = 179.89
Optimized parameters = [0.37569215 0.91912616 1.74142829 0.1605341 ]

Round_1_Replicate_2
1739    , -906.182    , array([ 0.250246   ,  0.439918   ,  0.192948   ,  0.640101   ])
1740    , -909.986    , array([ 0.233499   ,  0.439918   ,  0.192948   ,  0.640101   ])
1741    , -878.935    , array([ 0.250246   ,  0.422222   ,  0.192948   ,  0.640101   ])
1742    , -893.301    , array([ 0.250246   ,  0.439918   ,  0.17771    ,  0.640101   ])
1743    , -913.788    , array([ 0.250246   ,  0.439918   ,  0.192948   ,  0.625981   ])
1744    , -880.627    , array([ 0.241727   ,  0.430979   ,  0.185173   ,  0.65454    ])
1745    , -870.982    , array([ 0.263589   ,  0.426578   ,  0.181403   ,  0.64728    ])
1746    , -854.868    , array([ 0.280059   ,  0.42006    ,  0.175892   ,  0.6509     ])
likelihood = -854.87
theta = 242.73
Optimized parameters = [0.28005869 0.42006025 0.17589228 0.6509001 ]

Round_1_Replicate_3
1747    , -4322.85    , array([ 0.333581   ,  3.87675    ,  0.500933   ,  0.759429   ])
1748    , -4276.96    , array([ 0.315763   ,  3.87675    ,  0.500933   ,  0.759429   ])
1749    , -4408.23    , array([ 0.333581   ,  4.1485     ,  0.500933   ,  0.759429   ])
1750    , -4247.69    , array([ 0.333581   ,  3.87675    ,  0.483914   ,  0.759429   ])
1751    , -4322.78    , array([ 0.333581   ,  3.87675    ,  0.500933   ,  0.749051   ])
1752    , -4176.1     , array([ 0.32455    ,  3.6228     ,  0.49235    ,  0.754222   ])
1753    , -4060       , array([ 0.320127   ,  3.38549    ,  0.488114   ,  0.751633   ])
1754    , -4132.66    , array([ 0.317938   ,  3.6228     ,  0.486009   ,  0.750341   ])
likelihood = -4060.0
theta = 92.49
Optimized parameters = [0.32012665 3.38548712 0.48811374 0.75163251]

Round_1_Replicate_4
1755    , -27899.3    , array([ 7.93607    ,  2.5074     ,  4.34218    ,  2.10969    ])
1756    , -28002      , array([ 8.80209    ,  2.5074     ,  4.34218    ,  2.10969    ])
1757    , -27908      , array([ 7.93607    ,  2.62534    ,  4.34218    ,  2.10969    ])
1758    , -29250.6    , array([ 7.93607    ,  2.5074     ,  4.67297    ,  2.10969    ])
1759    , -27911.7    , array([ 7.93607    ,  2.5074     ,  4.34218    ,  2.18992    ])
1760    , -27735.7    , array([ 8.35787    ,  2.56569    ,  4.0348     ,  2.14943    ])
1761    , -27320.9    , array([ 8.57711    ,  2.59534    ,  3.74918    ,  2.16958    ])
1762    , -27620      , array([ 7.43863    ,  2.6103     ,  4.0348     ,  2.17973    ])
likelihood = -27320.92
theta = 39.77
Optimized parameters = [8.57710582 2.59534173 3.74918483 2.16958316]

Round_1_Replicate_5
1763    , -12317.5    , array([ 0.653295   ,  5.57692    ,  2.07375    ,  3.38347    ])
1764    , -12220.7    , array([ 0.639536   ,  5.57692    ,  2.07375    ,  3.38347    ])
1765    , -12453.5    , array([ 0.653295   ,  6.07735    ,  2.07375    ,  3.38347    ])
1766    , -12547.4    , array([ 0.653295   ,  5.57692    ,  2.15077    ,  3.38347    ])
1767    , -12320.5    , array([ 0.653295   ,  5.57692    ,  2.07375    ,  3.59609    ])
1768    , -12113.5    , array([ 0.646379   ,  5.82176    ,  1.99948    ,  3.48816    ])
1769    , -11902.1    , array([ 0.642948   ,  5.94819    ,  1.92788    ,  3.54171    ])
1770    , -11921.9    , array([ 0.64124    ,  5.2853     ,  1.99948    ,  3.5688     ])
likelihood = -11902.1
theta = 55.96
Optimized parameters = [0.64294812 5.94818532 1.92787968 3.54171431]

Round_1_Replicate_6
1771    , -13502.2    , array([ 1.34632    ,  0.312015   ,  7.17413    ,  0.702067   ])
1772    , -13530.3    , array([ 1.36649    ,  0.312015   ,  7.17413    ,  0.702067   ])
1773    , -13155.2    , array([ 1.34632    ,  0.294364   ,  7.17413    ,  0.702067   ])
1774    , -14294.1    , array([ 1.34632    ,  0.312015   ,  7.91694    ,  0.702067   ])
1775    , -13502.3    , array([ 1.34632    ,  0.312015   ,  7.17413    ,  0.689759   ])
1776    , -12588.3    , array([ 1.35636    ,  0.303061   ,  6.50101    ,  0.695886   ])
1777    , -11794      , array([ 1.36142    ,  0.298681   ,  5.89104    ,  0.692816   ])
1778    , -12434.4    , array([ 1.33386    ,  0.296514   ,  6.50101    ,  0.691286   ])
likelihood = -11794.0
theta = 170.22
Optimized parameters = [1.36141542 0.29868056 5.89104191 0.69281599]

Round_1_Replicate_7
1779    , -755.835    , array([ 0.69795    ,  0.257066   ,  0.153134   ,  0.886781   ])
1780    , -747.925    , array([ 0.685512   ,  0.257066   ,  0.153134   ,  0.886781   ])
1781    , -744.675    , array([ 0.69795    ,  0.240186   ,  0.153134   ,  0.886781   ])
1782    , -742.488    , array([ 0.69795    ,  0.257066   ,  0.13942    ,  0.886781   ])
1783    , -757.715    , array([ 0.69795    ,  0.257066   ,  0.153134   ,  0.88147    ])
1784    , -737.428    , array([ 0.691703   ,  0.248483   ,  0.146116   ,  0.892125   ])
1785    , -728.216    , array([ 0.688601   ,  0.244299   ,  0.142729   ,  0.897501   ])
1786    , -726.463    , array([ 0.687055   ,  0.242234   ,  0.141065   ,  0.892125   ])
1787    , -714.302    , array([ 0.681671   ,  0.235141   ,  0.135391   ,  0.894809   ])
likelihood = -714.3
theta = 206.79
Optimized parameters = [0.68167128 0.23514133 0.13539146 0.89480881]

Round_1_Replicate_8
1788    , -804.833    , array([ 0.167861   ,  0.209009   ,  0.498157   ,  0.384956   ])
1789    , -800.154    , array([ 0.153531   ,  0.209009   ,  0.498157   ,  0.384956   ])
1790    , -756.408    , array([ 0.167861   ,  0.193274   ,  0.498157   ,  0.384956   ])
1791    , -793.141    , array([ 0.167861   ,  0.209009   ,  0.4811     ,  0.384956   ])
1792    , -819.358    , array([ 0.167861   ,  0.209009   ,  0.498157   ,  0.367013   ])
1793    , -759.231    , array([ 0.160536   ,  0.200987   ,  0.489554   ,  0.403776   ])
1794    , -749.942    , array([ 0.156994   ,  0.197093   ,  0.485308   ,  0.394254   ])
1795    , -725.885    , array([ 0.151828   ,  0.191392   ,  0.479009   ,  0.398986   ])
likelihood = -725.88
theta = 384.59
Optimized parameters = [0.15182806 0.1913919  0.47900876 0.3989865 ]

Round_1_Replicate_9
1796    , -3941.45    , array([ 0.397828   ,  0.441332   ,  1.66926    ,  1.03909    ])
1797    , -3879.13    , array([ 0.379909   ,  0.441332   ,  1.66926    ,  1.03909    ])
1798    , -3856.6     , array([ 0.397828   ,  0.423647   ,  1.66926    ,  1.03909    ])
1799    , -4028.07    , array([ 0.397828   ,  0.441332   ,  1.71257    ,  1.03909    ])
1800    , -3941.44    , array([ 0.397828   ,  0.441332   ,  1.66926    ,  1.04109    ])
1801    , -3783.78    , array([ 0.388765   ,  0.432399   ,  1.62703    ,  1.04009    ])
1802    , -3666.35    , array([ 0.384312   ,  0.428001   ,  1.58588    ,  1.04059    ])
1803    , -3730.06    , array([ 0.382104   ,  0.425818   ,  1.62703    ,  1.04084    ])
likelihood = -3666.35
theta = 226.3
Optimized parameters = [0.38431185 0.42800066 1.58588108 1.04058755]

Round_1_Replicate_10
1804    , -1860.08    , array([ 0.909245   ,  0.334756   ,  0.572591   ,  7.2616     ])
1805    , -1855.1     , array([ 0.90493    ,  0.334756   ,  0.572591   ,  7.2616     ])
1806    , -1822.95    , array([ 0.909245   ,  0.316931   ,  0.572591   ,  7.2616     ])
1807    , -1812.14    , array([ 0.909245   ,  0.334756   ,  0.556849   ,  7.2616     ])
1808    , -1859.49    , array([ 0.909245   ,  0.334756   ,  0.572591   ,  8.01833    ])
1809    , -1814.63    , array([ 0.907085   ,  0.325722   ,  0.564665   ,  7.63059    ])
1810    , -1793.49    , array([ 0.906007   ,  0.321296   ,  0.560743   ,  6.7413     ])
1811    , -1761.95    , array([ 0.904393   ,  0.314771   ,  0.554911   ,  6.18121    ])
likelihood = -1761.95
theta = 150.56
Optimized parameters = [0.90439252 0.3147708  0.55491132 6.18121076]

Round_2_Replicate_1
1812    , -593.081    , array([ 0.393069   ,  0.0673967  ,  0.185036   ,  1.48922    ])
1813    , -586.078    , array([ 0.375139   ,  0.0673967  ,  0.185036   ,  1.48922    ])
1814    , -621.071    , array([ 0.393069   ,  0.0588939  ,  0.185036   ,  1.48922    ])
1815    , -600.643    , array([ 0.393069   ,  0.0673967  ,  0.170067   ,  1.48922    ])
1816    , -592.542    , array([ 0.393069   ,  0.0673967  ,  0.185036   ,  1.51917    ])
1817    , -567.466    , array([ 0.384      ,  0.077127   ,  0.177394   ,  1.50412    ])
1818    , -545.132    , array([ 0.379544   ,  0.0882622  ,  0.173692   ,  1.51163    ])
1819    , -557.745    , array([ 0.377335   ,  0.077127   ,  0.195054   ,  1.5154     ])
1820    , -547.773    , array([ 0.369706   ,  0.082507   ,  0.184063   ,  1.52866    ])
1821    , -529.677    , array([ 0.35855    ,  0.0912886  ,  0.183579   ,  1.50319    ])
1822    , -507.384    , array([ 0.342444   ,  0.106244   ,  0.182854   ,  1.49526    ])
likelihood = -507.38
theta = 294.84
Optimized parameters = [0.34244443 0.10624435 0.18285422 1.49525896]

Round_2_Replicate_2
1823    , -905.576    , array([ 0.411826   ,  0.539167   ,  0.20315    ,  1.1373     ])
1824    , -900.439    , array([ 0.393957   ,  0.539167   ,  0.20315    ,  1.1373     ])
1825    , -885.292    , array([ 0.411826   ,  0.522769   ,  0.20315    ,  1.1373     ])
1826    , -877.193    , array([ 0.411826   ,  0.539167   ,  0.187589   ,  1.1373     ])
1827    , -903.866    , array([ 0.411826   ,  0.539167   ,  0.20315    ,  1.14464    ])
1828    , -877.535    , array([ 0.402793   ,  0.530905   ,  0.195215   ,  1.14096    ])
1829    , -866.865    , array([ 0.398351   ,  0.526821   ,  0.191364   ,  1.13182    ])
1830    , -850.176    , array([ 0.391779   ,  0.520754   ,  0.18573    ,  1.12547    ])
1831    , -845.892    , array([ 0.415265   ,  0.517747   ,  0.182975   ,  1.13319    ])
1832    , -822.164    , array([ 0.426348   ,  0.507358   ,  0.173652   ,  1.13114    ])
1833    , -831.446    , array([ 0.404191   ,  0.526059   ,  0.16917    ,  1.13012    ])
likelihood = -822.16
theta = 193.09
Optimized parameters = [0.42634768 0.50735839 0.17365217 1.13114215]

Round_2_Replicate_3
1834    , -2109.29    , array([ 0.41726    ,  0.708697   ,  0.429827   ,  0.492975   ])
1835    , -2076.42    , array([ 0.399418   ,  0.708697   ,  0.429827   ,  0.492975   ])
1836    , -2087.54    , array([ 0.41726    ,  0.6966     ,  0.429827   ,  0.492975   ])
1837    , -2065.66    , array([ 0.41726    ,  0.708697   ,  0.412058   ,  0.492975   ])
1838    , -2137.49    , array([ 0.41726    ,  0.708697   ,  0.429827   ,  0.475846   ])
1839    , -2033.49    , array([ 0.408241   ,  0.702622   ,  0.420849   ,  0.510721   ])
1840    , -1984.56    , array([ 0.403805   ,  0.699605   ,  0.416431   ,  0.529105   ])
1841    , -1997.86    , array([ 0.401605   ,  0.698101   ,  0.414239   ,  0.510721   ])
1842    , -1976.27    , array([ 0.394      ,  0.710988   ,  0.406658   ,  0.519832   ])
1843    , -1925.28    , array([ 0.38286    ,  0.718293   ,  0.395546   ,  0.533804   ])
1844    , -1910.38    , array([ 0.402979   ,  0.703568   ,  0.390104   ,  0.540931   ])
1845    , -1832.46    , array([ 0.404772   ,  0.701017   ,  0.371641   ,  0.56663    ])
likelihood = -1832.46
theta = 182.49
Optimized parameters = [0.40477153 0.70101749 0.37164074 0.5666304 ]

Round_2_Replicate_4
1846    , -534.28     , array([ 0.273337   ,  0.0617522  ,  0.282252   ,  3.55542    ])
1847    , -530.548    , array([ 0.256173   ,  0.0617522  ,  0.282252   ,  3.55542    ])
1848    , -559.83     , array([ 0.273337   ,  0.0537261  ,  0.282252   ,  3.55542    ])
1849    , -540.789    , array([ 0.273337   ,  0.0617522  ,  0.264953   ,  3.55542    ])
1850    , -534.678    , array([ 0.273337   ,  0.0617522  ,  0.282252   ,  3.78822    ])
1851    , -513.338    , array([ 0.264616   ,  0.0709774  ,  0.273466   ,  3.66997    ])
1852    , -495.643    , array([ 0.26036    ,  0.0815807  ,  0.269176   ,  3.72863    ])
1853    , -506.104    , array([ 0.258258   ,  0.0709774  ,  0.293633   ,  3.75831    ])
1854    , -499.101    , array([ 0.251034   ,  0.0760946  ,  0.281138   ,  3.51339    ])
1855    , -487.162    , array([ 0.240574   ,  0.0844703  ,  0.280583   ,  3.72125    ])
1856    , -475.987    , array([ 0.225696   ,  0.0987939  ,  0.279753   ,  3.80704    ])
likelihood = -475.99
theta = 321.71
Optimized parameters = [0.22569604 0.09879388 0.27975261 3.80703818]

Round_2_Replicate_5
1857    , -867.421    , array([ 0.292855   ,  0.572967   ,  0.0412644  ,  1.347      ])
1858    , -885.832    , array([ 0.275414   ,  0.572967   ,  0.0412644  ,  1.347      ])
1859    , -857.824    , array([ 0.292855   ,  0.557232   ,  0.0412644  ,  1.347      ])
1860    , -890.905    , array([ 0.292855   ,  0.572967   ,  0.0351847  ,  1.347      ])
1861    , -865.385    , array([ 0.292855   ,  0.572967   ,  0.0412644  ,  1.36721    ])
1862    , -848.517    , array([ 0.284001   ,  0.565045   ,  0.0483946  ,  1.35707    ])
1863    , -830.136    , array([ 0.279674   ,  0.561125   ,  0.0567568  ,  1.36213    ])
1864    , -824.866    , array([ 0.304313   ,  0.559175   ,  0.0483946  ,  1.36467    ])
1865    , -797.279    , array([ 0.31988    ,  0.552404   ,  0.0524092  ,  1.37359    ])
1866    , -806.882    , array([ 0.299103   ,  0.54905    ,  0.0545397  ,  1.37807    ])
1867    , -783.012    , array([ 0.302276   ,  0.537468   ,  0.062702   ,  1.36308    ])
1868    , -750.459    , array([ 0.307099   ,  0.520552   ,  0.0772919  ,  1.36102    ])
likelihood = -750.46
theta = 200.28
Optimized parameters = [0.3070993  0.52055161 0.07729191 1.36102302]

Round_2_Replicate_6
1869    , -764.283    , array([ 0.888666   ,  0.0895377  ,  0.116854   ,  1.87724    ])
1870    , -761.901    , array([ 0.883436   ,  0.0895377  ,  0.116854   ,  1.87724    ])
1871    , -791.626    , array([ 0.888666   ,  0.0793608  ,  0.116854   ,  1.87724    ])
1872    , -764.816    , array([ 0.888666   ,  0.0895377  ,  0.10496    ,  1.87724    ])
1873    , -760.363    , array([ 0.888666   ,  0.0895377  ,  0.116854   ,  1.93729    ])
1874    , -735.16     , array([ 0.886047   ,  0.10102    ,  0.110747   ,  1.90703    ])
1875    , -709.741    , array([ 0.884741   ,  0.113974   ,  0.107815   ,  1.9221     ])
1876    , -735.32     , array([ 0.884088   ,  0.10102    ,  0.124962   ,  1.92968    ])
1877    , -718.516    , array([ 0.881809   ,  0.107301   ,  0.116072   ,  1.95645    ])
1878    , -700.84     , array([ 0.886211   ,  0.117464   ,  0.115684   ,  1.9973     ])
1879    , -674.416    , array([ 0.887601   ,  0.134541   ,  0.115103   ,  2.06019    ])
likelihood = -674.42
theta = 171.8
Optimized parameters = [0.88760101 0.13454106 0.11510305 2.06018527]

Round_2_Replicate_7
1880    , -1611.17    , array([ 0.285094   ,  0.916875   ,  0.261827   ,  0.724681   ])
1881    , -1606.09    , array([ 0.267755   ,  0.916875   ,  0.261827   ,  0.724681   ])
1882    , -1606.74    , array([ 0.285094   ,  0.912905   ,  0.261827   ,  0.724681   ])
1883    , -1570.1     , array([ 0.285094   ,  0.916875   ,  0.244859   ,  0.724681   ])
1884    , -1617.2     , array([ 0.285094   ,  0.916875   ,  0.261827   ,  0.713106   ])
1885    , -1579.58    , array([ 0.276288   ,  0.914888   ,  0.253201   ,  0.736444   ])
1886    , -1570.42    , array([ 0.271988   ,  0.913896   ,  0.248995   ,  0.730539   ])
1887    , -1558.37    , array([ 0.265663   ,  0.918368   ,  0.242816   ,  0.733485   ])
1888    , -1538.1     , array([ 0.25645    ,  0.921112   ,  0.233835   ,  0.737927   ])
1889    , -1523.64    , array([ 0.276831   ,  0.916502   ,  0.22947    ,  0.740158   ])
1890    , -1486.49    , array([ 0.281483   ,  0.916316   ,  0.214823   ,  0.748021   ])
likelihood = -1486.49
theta = 171.27
Optimized parameters = [0.28148339 0.91631562 0.21482295 0.74802065]

Round_2_Replicate_8
1891    , -602.063    , array([ 0.253714   ,  0.223162   ,  0.361727   ,  1.80035    ])
1892    , -599.404    , array([ 0.236898   ,  0.223162   ,  0.361727   ,  1.80035    ])
1893    , -578.598    , array([ 0.253714   ,  0.207038   ,  0.361727   ,  1.80035    ])
1894    , -586.512    , array([ 0.253714   ,  0.223162   ,  0.343795   ,  1.80035    ])
1895    , -601.265    , array([ 0.253714   ,  0.223162   ,  0.361727   ,  1.85407    ])
1896    , -580.487    , array([ 0.245162   ,  0.214949   ,  0.352647   ,  1.82701    ])
1897    , -571.833    , array([ 0.240994   ,  0.210957   ,  0.348193   ,  1.76109    ])
1898    , -559.297    , array([ 0.234876   ,  0.205107   ,  0.341617   ,  1.71637    ])
1899    , -555.144    , array([ 0.256997   ,  0.202243   ,  0.338376   ,  1.77083    ])
1900    , -538.026    , array([ 0.267677   ,  0.19253    ,  0.327272   ,  1.75625    ])
1901    , -541.474    , array([ 0.246479   ,  0.187851   ,  0.347364   ,  1.749      ])
likelihood = -538.03
theta = 297.99
Optimized parameters = [0.2676774  0.19253047 0.32727208 1.75624543]

Round_2_Replicate_9
1902    , -992.196    , array([ 1.03042    ,  0.485479   ,  0.0445157  ,  0.944751   ])
1903    , -992.838    , array([ 1.03196    ,  0.485479   ,  0.0445157  ,  0.944751   ])
1904    , -978.663    , array([ 1.03042    ,  0.468251   ,  0.0445157  ,  0.944751   ])
1905    , -994.266    , array([ 1.03042    ,  0.485479   ,  0.0381012  ,  0.944751   ])
1906    , -993.857    , array([ 1.03042    ,  0.485479   ,  0.0445157  ,  0.94207    ])
1907    , -987.207    , array([ 1.03119    ,  0.476787   ,  0.0520101  ,  0.943409   ])
1908    , -981.069    , array([ 1.03158    ,  0.4725     ,  0.0481172  ,  0.946766   ])
1909    , -976.481    , array([ 1.02984    ,  0.466141   ,  0.0500258  ,  0.945086   ])
1910    , -969.031    , array([ 1.02878    ,  0.456763   ,  0.0530315  ,  0.945254   ])
1911    , -966.489    , array([ 1.03056    ,  0.452145   ,  0.0546015  ,  0.945338   ])
1912    , -956.089    , array([ 1.03064    ,  0.436346   ,  0.0604714  ,  0.945632   ])
likelihood = -956.09
theta = 150.62
Optimized parameters = [1.03063502 0.43634645 0.06047141 0.94563212]

Round_2_Replicate_10
1913    , -868.059    , array([ 0.280834   ,  0.310631   ,  0.0470227  ,  0.424624   ])
1914    , -866.379    , array([ 0.263556   ,  0.310631   ,  0.0470227  ,  0.424624   ])
1915    , -843.657    , array([ 0.280834   ,  0.292993   ,  0.0470227  ,  0.424624   ])
1916    , -877.438    , array([ 0.280834   ,  0.310631   ,  0.0403574  ,  0.424624   ])
1917    , -885.744    , array([ 0.280834   ,  0.310631   ,  0.0470227  ,  0.406822   ])
1918    , -844.99     , array([ 0.272058   ,  0.301683   ,  0.0435628  ,  0.443205   ])
1919    , -832.892    , array([ 0.267773   ,  0.297306   ,  0.0527347  ,  0.433815   ])
1920    , -811.11     , array([ 0.261472   ,  0.29086    ,  0.0602813  ,  0.438485   ])
1921    , -816.979    , array([ 0.258377   ,  0.287689   ,  0.0512447  ,  0.440838   ])
1922    , -793.451    , array([ 0.272598   ,  0.276861   ,  0.0534958  ,  0.449176   ])
1923    , -761.067    , array([ 0.277235   ,  0.261379   ,  0.0570592  ,  0.46198    ])
likelihood = -761.07
theta = 288.7
Optimized parameters = [0.27723502 0.26137941 0.0570592  0.46197958]

Round_3_Replicate_1
1924    , -766.023    , array([ 0.179511   ,  0.133391   ,  0.83154    ,  5.0378     ])
1925    , -746.577    , array([ 0.164739   ,  0.133391   ,  0.83154    ,  5.0378     ])
1926    , -725.571    , array([ 0.179511   ,  0.12061    ,  0.83154    ,  5.0378     ])
1927    , -759.765    , array([ 0.179511   ,  0.133391   ,  0.823906   ,  5.0378     ])
1928    , -766.062    , array([ 0.179511   ,  0.133391   ,  0.83154    ,  5.46201    ])
1929    , -731.553    , array([ 0.171966   ,  0.12684    ,  0.827714   ,  4.64653    ])
1930    , -715.302    , array([ 0.168314   ,  0.123686   ,  0.825808   ,  4.83821    ])
1931    , -692.003    , array([ 0.16298    ,  0.119101   ,  0.822956   ,  4.7414     ])
1932    , -688.676    , array([ 0.160377   ,  0.116873   ,  0.83298    ,  4.69372    ])
1933    , -657.394    , array([ 0.151588   ,  0.109398   ,  0.837554   ,  4.5306     ])
1934    , -661.779    , array([ 0.167638   ,  0.105841   ,  0.828311   ,  4.45118    ])
1935    , -639.893    , array([ 0.158558   ,  0.101678   ,  0.83244    ,  4.72347    ])
1936    , -603.114    , array([ 0.152251   ,  0.0910353  ,  0.834813   ,  4.76241    ])
1937    , -590.796    , array([ 0.139886   ,  0.0928988  ,  0.830238   ,  4.23586    ])
1938    , -543.958    , array([ 0.123485   ,  0.081531   ,  0.829588   ,  3.88412    ])
1939    , -550.202    , array([ 0.134113   ,  0.0778361  ,  0.842271   ,  4.07351    ])
1940    , -527.371    , array([ 0.116623   ,  0.0751115  ,  0.843849   ,  4.15094    ])
1941    , -492.502    , array([ 0.097273   ,  0.063275   ,  0.851727   ,  4.0085     ])
1942    , -479.269    , array([ 0.103313   ,  0.0552669  ,  0.841568   ,  3.836      ])
1943    , -467.523    , array([ 0.0852901  ,  0.039282   ,  0.843581   ,  3.52972    ])
likelihood = -467.52
theta = 853.0
Optimized parameters = [0.08529006 0.039282   0.84358135 3.5297212 ]

Round_3_Replicate_2
1944    , -1009.79    , array([ 0.0761515  ,  0.099244   ,  0.161551   ,  14.001     ])
1945    , -1070.41    , array([ 0.0669518  ,  0.099244   ,  0.161551   ,  14.001     ])
1946    , -1026.97    , array([ 0.0761515  ,  0.0884177  ,  0.161551   ,  14.001     ])
1947    , -1064.32    , array([ 0.0761515  ,  0.099244   ,  0.147478   ,  14.001     ])
1948    , -1010.96    , array([ 0.0761515  ,  0.099244   ,  0.161551   ,  15.976     ])
1949    , -987.401    , array([ 0.0866153  ,  0.0936746  ,  0.154354   ,  14.9559    ])
1950    , -949.366    , array([ 0.0985168  ,  0.0910082  ,  0.150877   ,  15.4575    ])
1951    , -934.312    , array([ 0.0866153  ,  0.0897036  ,  0.171022   ,  15.7146    ])
1952    , -872.941    , array([ 0.0923746  ,  0.0852831  ,  0.184168   ,  16.6485    ])
1953    , -893.926    , array([ 0.0953963  ,  0.0988864  ,  0.166693   ,  17.1361    ])
1954    , -855.889    , array([ 0.106772   ,  0.0879403  ,  0.169325   ,  15.5534    ])
1955    , -789.291    , array([ 0.126429   ,  0.0827808  ,  0.173351   ,  15.3464    ])
1956    , -759.853    , array([ 0.137576   ,  0.0803157  ,  0.1754     ,  18.5805    ])
1957    , -674.115    , array([ 0.184916   ,  0.0722518  ,  0.182763   ,  21.4046    ])
1958    , -669.23     , array([ 0.145694   ,  0.0780384  ,  0.206705   ,  19.8044    ])
1959    , -575.484    , array([ 0.177178   ,  0.0722641  ,  0.241944   ,  22.4167    ])
1960    , -604.417    , array([ 0.20505    ,  0.0613968  ,  0.2254     ,  20.4323    ])
1961    , -582.589    , array([ 0.315496   ,  0.0604033  ,  0.225699   ,  23.2984    ])
1963    , -671.683    , array([ 0.164704   ,  0.0741032  ,  0.194301   ,  18.3165    ])
likelihood = -575.48
theta = 318.35
Optimized parameters = [ 0.17717775  0.07226407  0.24194425 22.41665601]

Round_3_Replicate_3
1964    , -753.976    , array([ 0.191271   ,  0.381369   ,  0.0971515  ,  5.93188    ])
1965    , -787.073    , array([ 0.176089   ,  0.381369   ,  0.0971515  ,  5.93188    ])
1966    , -748.249    , array([ 0.191271   ,  0.363423   ,  0.0971515  ,  5.93188    ])
1967    , -780.316    , array([ 0.191271   ,  0.381369   ,  0.0864613  ,  5.93188    ])
1968    , -757.891    , array([ 0.191271   ,  0.381369   ,  0.0971515  ,  6.48413    ])
1969    , -734.041    , array([ 0.207762   ,  0.372288   ,  0.0916507  ,  6.20186    ])
1970    , -709.56     , array([ 0.225675   ,  0.367829   ,  0.0890182  ,  6.34143    ])
1971    , -705.37     , array([ 0.207762   ,  0.36562    ,  0.104494   ,  6.41238    ])
1972    , -671.368    , array([ 0.216534   ,  0.35799    ,  0.114875   ,  6.66704    ])
1973    , -683.188    , array([ 0.221057   ,  0.354236   ,  0.101124   ,  5.9484     ])
1974    , -654.088    , array([ 0.237647   ,  0.341402   ,  0.10317    ,  6.51124    ])
1975    , -610.745    , array([ 0.264895   ,  0.323017   ,  0.106318   ,  6.82181    ])
1976    , -595.963    , array([ 0.27967    ,  0.337758   ,  0.107928   ,  6.98261    ])
1977    , -538.044    , array([ 0.338176   ,  0.325613   ,  0.113756   ,  7.57584    ])
1978    , -549.709    , array([ 0.290162   ,  0.313978   ,  0.133153   ,  7.13912    ])
1979    , -515.385    , array([ 0.33938    ,  0.306942   ,  0.134501   ,  8.33785    ])
1980    , -478.007    , array([ 0.420511   ,  0.285719   ,  0.155119   ,  9.87144    ])
1981    , -467.998    , array([ 0.482828   ,  0.271338   ,  0.137585   ,  9.05201    ])
1982    , -503.69     , array([ 0.720984   ,  0.236228   ,  0.150572   ,  10.5475    ])
1983    , -483.493    , array([ 0.532847   ,  0.275613   ,  0.169112   ,  10.1906    ])
likelihood = -468.0
theta = 147.95
Optimized parameters = [0.48282784 0.27133818 0.13758524 9.05201184]

Round_3_Replicate_4
1984    , -780.554    , array([ 0.095767   ,  0.117355   ,  0.156672   ,  1.70149    ])
1985    , -827.332    , array([ 0.0851681  ,  0.117355   ,  0.156672   ,  1.70149    ])
1986    , -787.535    , array([ 0.095767   ,  0.105433   ,  0.156672   ,  1.70149    ])
1987    , -809.684    , array([ 0.095767   ,  0.117355   ,  0.142804   ,  1.70149    ])
1988    , -782.422    , array([ 0.095767   ,  0.117355   ,  0.156672   ,  1.74731    ])
1989    , -755.062    , array([ 0.107685   ,  0.111234   ,  0.149577   ,  1.72424    ])
1990    , -723.263    , array([ 0.121086   ,  0.108294   ,  0.146151   ,  1.73574    ])
1991    , -726.497    , array([ 0.107685   ,  0.106854   ,  0.166015   ,  1.74151    ])
1992    , -718.384    , array([ 0.114189   ,  0.119736   ,  0.155767   ,  1.76188    ])
1993    , -686.901    , array([ 0.124689   ,  0.127599   ,  0.155316   ,  1.79288    ])
1994    , -678.679    , array([ 0.130296   ,  0.112169   ,  0.155092   ,  1.7379     ])
1995    , -635.737    , array([ 0.151981   ,  0.109663   ,  0.154308   ,  1.73322    ])
1996    , -618.764    , array([ 0.164141   ,  0.10843    ,  0.153917   ,  1.80127    ])
1997    , -567.578    , array([ 0.214891   ,  0.104226   ,  0.152558   ,  1.85334    ])
1998    , -582.952    , array([ 0.20621    ,  0.117613   ,  0.139243   ,  1.81549    ])
1999    , -533.034    , array([ 0.23932    ,  0.120938   ,  0.154384   ,  1.86291    ])
2000    , -498.138    , array([ 0.336451   ,  0.127803   ,  0.158673   ,  1.92995    ])
2001    , -535.693    , array([ 0.381761   ,  0.102723   ,  0.146836   ,  1.87121    ])
2002    , -543.9      , array([ 0.496401   ,  0.115681   ,  0.144173   ,  2.0112     ])
likelihood = -498.14
theta = 270.05
Optimized parameters = [0.33645119 0.1278028  0.15867331 1.92994841]

Round_3_Replicate_5
2003    , -634.118    , array([ 0.147677   ,  0.0753592  ,  0.214453   ,  4.28856    ])
2004    , -659.786    , array([ 0.134208   ,  0.0753592  ,  0.214453   ,  4.28856    ])
2005    , -655.066    , array([ 0.147677   ,  0.0662206  ,  0.214453   ,  4.28856    ])
2006    , -661.961    , array([ 0.147677   ,  0.0753592  ,  0.198564   ,  4.28856    ])
2007    , -636.748    , array([ 0.147677   ,  0.0753592  ,  0.214453   ,  4.6124     ])
2008    , -629.816    , array([ 0.140782   ,  0.0706423  ,  0.231615   ,  4.44753    ])
2009    , -613.801    , array([ 0.137456   ,  0.0683957  ,  0.25015    ,  4.52922    ])
2010    , -613.152    , array([ 0.156774   ,  0.0672994  ,  0.231615   ,  4.57062    ])
2011    , -595.396    , array([ 0.169442   ,  0.0635987  ,  0.240704   ,  4.71853    ])
2012    , -584.928    , array([ 0.152613   ,  0.0750554  ,  0.245381   ,  4.79427    ])
2013    , -554.705    , array([ 0.155142   ,  0.0799054  ,  0.26248    ,  5.06907    ])
2014    , -562.505    , array([ 0.156423   ,  0.0679139  ,  0.27147    ,  4.67313    ])
2015    , -534.593    , array([ 0.160988   ,  0.0644718  ,  0.305434   ,  5.24653    ])
2016    , -503.804    , array([ 0.168086   ,  0.059633   ,  0.36451    ,  5.80299    ])
2017    , -508.259    , array([ 0.191261   ,  0.0663294  ,  0.316086   ,  5.62308    ])
2018    , -480.857    , array([ 0.164845   ,  0.0728476  ,  0.37643    ,  5.89216    ])
2019    , -466.459    , array([ 0.162593   ,  0.0779648  ,  0.470743   ,  6.58428    ])
2020    , -470.426    , array([ 0.182052   ,  0.0730929  ,  0.439516   ,  7.06194    ])
2021    , -517.109    , array([ 0.198837   ,  0.0594165  ,  0.588223   ,  7.68424    ])
2022    , -480.96     , array([ 0.186877   ,  0.0639844  ,  0.480762   ,  6.92521    ])
likelihood = -466.46
theta = 457.65
Optimized parameters = [0.16259308 0.07796483 0.47074328 6.58428222]

Round_4_Replicate_1
2023    , -611.694    , array([ 0.0952236  ,  0.141829   ,  0.502005   ,  7.49077    ])
2024    , -639.747    , array([ 0.0846607  ,  0.141829   ,  0.502005   ,  7.49077    ])
2025    , -584.224    , array([ 0.0952236  ,  0.128633   ,  0.502005   ,  7.49077    ])
2026    , -609.155    , array([ 0.0952236  ,  0.141829   ,  0.485002   ,  7.49077    ])
2027    , -611.693    , array([ 0.0952236  ,  0.141829   ,  0.502005   ,  8.28424    ])
2028    , -572.743    , array([ 0.107104   ,  0.13507    ,  0.493431   ,  7.87752    ])
2029    , -546.977    , array([ 0.120468   ,  0.131812   ,  0.489198   ,  8.07832    ])
2030    , -562.504    , array([ 0.107104   ,  0.130213   ,  0.487096   ,  8.18063    ])
2031    , -541.844    , array([ 0.11359    ,  0.124767   ,  0.479808   ,  7.35068    ])
2032    , -515.69     , array([ 0.124061   ,  0.117022   ,  0.46908    ,  6.92413    ])
2033    , -507.457    , array([ 0.129654   ,  0.113332   ,  0.488409   ,  7.8158     ])
2034    , -482.832    , array([ 0.151288   ,  0.101308   ,  0.490121   ,  7.98356    ])
2035    , -487.045    , array([ 0.163423   ,  0.110894   ,  0.466247   ,  8.06879    ])
2036    , -479.616    , array([ 0.179475   ,  0.101096   ,  0.470123   ,  7.33768    ])
2037    , -497.583    , array([ 0.232329   ,  0.0890781  ,  0.461859   ,  6.94936    ])
2038    , -474.576    , array([ 0.194764   ,  0.0874619  ,  0.458885   ,  7.0818     ])
2039    , -509.614    , array([ 0.247645   ,  0.0712443  ,  0.44444    ,  6.63063    ])
2040    , -505.406    , array([ 0.236963   ,  0.0851695  ,  0.473337   ,  8.35582    ])
2041    , -482.792    , array([ 0.201567   ,  0.0922104  ,  0.472269   ,  7.97229    ])
2042    , -480.985    , array([ 0.199781   ,  0.0819558  ,  0.479278   ,  7.12743    ])
2043    , -506.166    , array([ 0.247993   ,  0.0806885  ,  0.450861   ,  6.80632    ])
2044    , -476.075    , array([ 0.171184   ,  0.0957052  ,  0.479997   ,  7.67142    ])
2045    , -471.172    , array([ 0.171533   ,  0.0903137  ,  0.471716   ,  6.68609    ])
2046    , -469.806    , array([ 0.158238   ,  0.08938    ,  0.47144    ,  6.12304    ])
2047    , -482.601    , array([ 0.154024   ,  0.106117   ,  0.461001   ,  6.93171    ])
2048    , -474.94     , array([ 0.187203   ,  0.087424   ,  0.474642   ,  7.07798    ])
2049    , -468.925    , array([ 0.175103   ,  0.0799983  ,  0.472233   ,  6.61286    ])
2050    , -469.836    , array([ 0.172957   ,  0.071163   ,  0.473292   ,  6.27775    ])
2051    , -470.99     , array([ 0.185674   ,  0.0772591  ,  0.458763   ,  5.87258    ])
likelihood = -468.92
theta = 443.74
Optimized parameters = [0.17510293 0.07999825 0.472233   6.61285775]

Round_4_Replicate_2
2052    , -762.187    , array([ 0.171742   ,  0.142662   ,  0.80266    ,  4.97786    ])
2053    , -746.609    , array([ 0.157261   ,  0.142662   ,  0.80266    ,  4.97786    ])
2054    , -720.244    , array([ 0.171742   ,  0.129427   ,  0.80266    ,  4.97786    ])
2055    , -754.97     , array([ 0.171742   ,  0.142662   ,  0.793886   ,  4.97786    ])
2056    , -762.226    , array([ 0.171742   ,  0.142662   ,  0.80266    ,  5.3938     ])
2057    , -728.483    , array([ 0.164342   ,  0.135883   ,  0.798261   ,  4.59399    ])
2058    , -712.629    , array([ 0.160762   ,  0.132616   ,  0.79607    ,  4.78207    ])
2059    , -689.936    , array([ 0.155539   ,  0.127861   ,  0.792796   ,  4.68709    ])
2060    , -688.079    , array([ 0.152991   ,  0.125548   ,  0.804316   ,  4.64031    ])
2061    , -658.639    , array([ 0.144398   ,  0.117777   ,  0.809582   ,  4.48022    ])
2062    , -656.919    , array([ 0.1601     ,  0.114074   ,  0.798946   ,  4.40225    ])
2063    , -623.192    , array([ 0.161539   ,  0.102006   ,  0.797096   ,  4.13991    ])
2064    , -620.043    , array([ 0.151889   ,  0.103767   ,  0.802763   ,  4.52822    ])
2065    , -579.157    , array([ 0.146021   ,  0.0906783  ,  0.805024   ,  4.49569    ])
2066    , -565.818    , array([ 0.13402    ,  0.0911884  ,  0.799538   ,  3.97148    ])
2067    , -517.377    , array([ 0.11839    ,  0.0765416  ,  0.797982   ,  3.54738    ])
2068    , -519.53     , array([ 0.129106   ,  0.0714175  ,  0.81213    ,  3.66939    ])
2069    , -499.822    , array([ 0.131497   ,  0.0603746  ,  0.796541   ,  3.47413    ])
2070    , -487.568    , array([ 0.125486   ,  0.0432267  ,  0.7901     ,  3.05928    ])
2071    , -469.364    , array([ 0.1036     ,  0.0453789  ,  0.80546    ,  3.23197    ])
2072    , -488.171    , array([ 0.0829663  ,  0.0302669  ,  0.809675   ,  2.85565    ])
2073    , -475.289    , array([ 0.0965366  ,  0.0361119  ,  0.797744   ,  2.52347    ])
2074    , -484.247    , array([ 0.0944139  ,  0.0326041  ,  0.78373    ,  2.56391    ])
2075    , -556.192    , array([ 0.0919447  ,  0.0198549  ,  0.790469   ,  2.25469    ])
2076    , -476.27     , array([ 0.111139   ,  0.0546248  ,  0.796097   ,  3.1674     ])
2077    , -471.599    , array([ 0.0816361  ,  0.0395213  ,  0.801379   ,  2.66021    ])
2078    , -477.991    , array([ 0.100894   ,  0.0576887  ,  0.816939   ,  3.23325    ])
2079    , -468.885    , array([ 0.0992334  ,  0.0500191  ,  0.808507   ,  3.05109    ])
likelihood = -468.89
theta = 754.72
Optimized parameters = [0.09923339 0.05001913 0.80850698 3.05109112]

Round_4_Replicate_3
2080    , -466.208    , array([ 0.291194   ,  0.135764   ,  0.248872   ,  3.99441    ])
2081    , -466.376    , array([ 0.273774   ,  0.135764   ,  0.248872   ,  3.99441    ])
2082    , -468.758    , array([ 0.291194   ,  0.122864   ,  0.248872   ,  3.99441    ])
2083    , -467.473    , array([ 0.291194   ,  0.135764   ,  0.232153   ,  3.99441    ])
2084    , -466.162    , array([ 0.291194   ,  0.135764   ,  0.248872   ,  4.2808     ])
2085    , -466.692    , array([ 0.28235    ,  0.150019   ,  0.240367   ,  4.13512    ])
2086    , -466.471    , array([ 0.278029   ,  0.142714   ,  0.262196   ,  4.20733    ])
2087    , -467.006    , array([ 0.284536   ,  0.12597    ,  0.264485   ,  4.09949    ])
2088    , -466.066    , array([ 0.282895   ,  0.143607   ,  0.246182   ,  4.12619    ])
2089    , -467.648    , array([ 0.291475   ,  0.132831   ,  0.234945   ,  3.99009    ])
2090    , -465.947    , array([ 0.281331   ,  0.140176   ,  0.255101   ,  4.15194    ])
2091    , -466.438    , array([ 0.300063   ,  0.141882   ,  0.250602   ,  4.28485    ])
2092    , -466.027    , array([ 0.280122   ,  0.137269   ,  0.249303   ,  4.06512    ])
2093    , -466.179    , array([ 0.276696   ,  0.142665   ,  0.250819   ,  4.32261    ])
2094    , -465.971    , array([ 0.280252   ,  0.140908   ,  0.250331   ,  4.23812    ])
2095    , -466.766    , array([ 0.271448   ,  0.145343   ,  0.251553   ,  4.01327    ])
2096    , -465.927    , array([ 0.286127   ,  0.138098   ,  0.249539   ,  4.21229    ])
2097    , -465.928    , array([ 0.281003   ,  0.134744   ,  0.256029   ,  4.20687    ])
2098    , -465.947    , array([ 0.284231   ,  0.139663   ,  0.256212   ,  4.34387    ])
2099    , -466.09     , array([ 0.286109   ,  0.135454   ,  0.25814    ,  4.21822    ])
2100    , -465.891    , array([ 0.281705   ,  0.139524   ,  0.252261   ,  4.23313    ])
2101    , -465.976    , array([ 0.2852     ,  0.135843   ,  0.251899   ,  4.34768    ])
2102    , -465.893    , array([ 0.282294   ,  0.13908    ,  0.254296   ,  4.20003    ])
2103    , -466.032    , array([ 0.281327   ,  0.136058   ,  0.249868   ,  4.08619    ])
2104    , -465.888    , array([ 0.283502   ,  0.138753   ,  0.254611   ,  4.27797    ])
2105    , -465.947    , array([ 0.285821   ,  0.143108   ,  0.249352   ,  4.25477    ])
2106    , -465.889    , array([ 0.2822     ,  0.136788   ,  0.254343   ,  4.21879    ])
2107    , -465.936    , array([ 0.278769   ,  0.138968   ,  0.258288   ,  4.25257    ])
2108    , -465.889    , array([ 0.28427    ,  0.138315   ,  0.251698   ,  4.22232    ])
likelihood = -465.89
theta = 268.53
Optimized parameters = [0.28350203 0.138753   0.25461081 4.27796634]

Round_4_Replicate_4
2109    , -534.725    , array([ 0.132135   ,  0.0624483  ,  0.343366   ,  3.8479     ])
2110    , -552.708    , array([ 0.119418   ,  0.0624483  ,  0.343366   ,  3.8479     ])
2111    , -552.132    , array([ 0.132135   ,  0.0543622  ,  0.343366   ,  3.8479     ])
2112    , -548.855    , array([ 0.132135   ,  0.0624483  ,  0.325495   ,  3.8479     ])
2113    , -535.344    , array([ 0.132135   ,  0.0624483  ,  0.343366   ,  4.1161     ])
2114    , -535.594    , array([ 0.146207   ,  0.0582651  ,  0.334311   ,  3.97974    ])
2115    , -526.28     , array([ 0.138993   ,  0.0692929  ,  0.329874   ,  4.04734    ])
2116    , -516.879    , array([ 0.142554   ,  0.0782321  ,  0.323328   ,  4.15091    ])
2117    , -512.245    , array([ 0.144369   ,  0.0675145  ,  0.346824   ,  4.20368    ])
2118    , -497.616    , array([ 0.150904   ,  0.0701996  ,  0.358007   ,  4.39372    ])
2119    , -511.713    , array([ 0.132554   ,  0.0794277  ,  0.349441   ,  4.27059    ])
2120    , -497.063    , array([ 0.146902   ,  0.0835767  ,  0.343222   ,  4.20589    ])
2121    , -486.748    , array([ 0.154893   ,  0.0966869  ,  0.343151   ,  4.25152    ])
2122    , -484.369    , array([ 0.15905    ,  0.103994   ,  0.343115   ,  4.72911    ])
2123    , -488.705    , array([ 0.174499   ,  0.1342     ,  0.34299    ,  5.24273    ])
2124    , -477.333    , array([ 0.155722   ,  0.0957098  ,  0.375363   ,  4.67928    ])
2125    , -475.013    , array([ 0.162755   ,  0.105863   ,  0.404441   ,  4.96817    ])
2126    , -469.698    , array([ 0.185571   ,  0.108832   ,  0.373648   ,  4.90556    ])
2127    , -483.321    , array([ 0.219568   ,  0.127393   ,  0.386373   ,  5.25762    ])
2128    , -507.839    , array([ 0.180761   ,  0.153321   ,  0.372589   ,  5.03817    ])
2129    , -480.649    , array([ 0.157871   ,  0.0853398  ,  0.361598   ,  4.54666    ])
2130    , -470.219    , array([ 0.17779    ,  0.104583   ,  0.399031   ,  5.38436    ])
2131    , -469.939    , array([ 0.18306    ,  0.0975094  ,  0.430364   ,  5.16507    ])
2132    , -501.723    , array([ 0.198596   ,  0.127014   ,  0.445507   ,  5.72606    ])
2133    , -470.621    , array([ 0.167193   ,  0.0942598  ,  0.380963   ,  4.81652    ])
2134    , -466.364    , array([ 0.195245   ,  0.0966167  ,  0.386579   ,  5.15964    ])
2135    , -468.417    , array([ 0.213847   ,  0.0923011  ,  0.377946   ,  5.25813    ])
2136    , -476.682    , array([ 0.205389   ,  0.109858   ,  0.413417   ,  5.50841    ])
2137    , -468.047    , array([ 0.176019   ,  0.0979383  ,  0.38883    ,  4.98088    ])
likelihood = -466.36
theta = 378.52
Optimized parameters = [0.19524525 0.09661666 0.38657916 5.159643  ]

Round_4_Replicate_5
2138    , -513.218    , array([ 0.0945549  ,  0.041905   ,  0.546132   ,  8.20328    ])
2139    , -529.931    , array([ 0.0840365  ,  0.041905   ,  0.546132   ,  8.20328    ])
2140    , -532.443    , array([ 0.0945549  ,  0.0357585  ,  0.546132   ,  8.20328    ])
2141    , -520.217    , array([ 0.0945549  ,  0.041905   ,  0.529861   ,  8.20328    ])
2142    , -513.218    , array([ 0.0945549  ,  0.041905   ,  0.546132   ,  9.11353    ])
2143    , -511.255    , array([ 0.0891407  ,  0.049108   ,  0.537935   ,  8.64644    ])
2144    , -510.821    , array([ 0.086551   ,  0.0575492  ,  0.533883   ,  8.87691    ])
2145    , -496.057    , array([ 0.101787   ,  0.049108   ,  0.531868   ,  8.99445    ])
2146    , -483.784    , array([ 0.112023   ,  0.0531613  ,  0.524877   ,  9.4182     ])
2147    , -489.052    , array([ 0.0984667  ,  0.0553118  ,  0.545616   ,  9.63751    ])
2148    , -488.366    , array([ 0.100483   ,  0.0635468  ,  0.529111   ,  10.4461    ])
2149    , -491.935    , array([ 0.103585   ,  0.0782541  ,  0.5208     ,  10.0667    ])
2150    , -469.641    , array([ 0.1238     ,  0.0664458  ,  0.526181   ,  11.0059    ])
2151    , -466.686    , array([ 0.148062   ,  0.0713974  ,  0.522372   ,  12.2548    ])
2152    , -485.084    , array([ 0.123672   ,  0.0466753  ,  0.540212   ,  10.708     ])
2153    , -469.863    , array([ 0.145803   ,  0.0606613  ,  0.513082   ,  11.7897    ])
2154    , -491.295    , array([ 0.172108   ,  0.0515876  ,  0.521012   ,  11.5555    ])
2155    , -475.687    , array([ 0.114953   ,  0.0603193  ,  0.527074   ,  10.713     ])
2156    , -470.183    , array([ 0.134818   ,  0.0798428  ,  0.504062   ,  11.2755    ])
2157    , -473.25     , array([ 0.16328    ,  0.0859107  ,  0.508398   ,  14.0269    ])
2158    , -483.3      , array([ 0.189639   ,  0.0903612  ,  0.497227   ,  14.1104    ])
2159    , -468.008    , array([ 0.130278   ,  0.0667326  ,  0.519449   ,  11.4768    ])
2160    , -477.436    , array([ 0.119257   ,  0.0559161  ,  0.521066   ,  9.74813    ])
2161    , -467.507    , array([ 0.150946   ,  0.0771649  ,  0.511536   ,  12.8071    ])
2162    , -472.11     , array([ 0.152828   ,  0.059148   ,  0.52943    ,  12.9242    ])
2163    , -466.997    , array([ 0.139111   ,  0.0740733  ,  0.510288   ,  11.6668    ])
likelihood = -466.69
theta = 504.12
Optimized parameters = [ 0.14806215  0.07139736  0.52237156 12.25478248]

Round_1_Replicate_1
3025    , -18064.9    , array([ 4.85592    ,  6.16648    ,  0.750122   ,  0.369732   ])
3026    , -18499.8    , array([ 5.25515    ,  6.16648    ,  0.750122   ,  0.369732   ])
3027    , -18477.9    , array([ 4.85592    ,  6.75366    ,  0.750122   ,  0.369732   ])
3028    , -17992.7    , array([ 4.85592    ,  6.16648    ,  0.739415   ,  0.369732   ])
3029    , -18302.1    , array([ 4.85592    ,  6.16648    ,  0.750122   ,  0.351789   ])
3030    , -17898.8    , array([ 4.48702    ,  6.4534     ,  0.744749   ,  0.360649   ])
3031    , -17566.9    , array([ 4.14614    ,  6.60182    ,  0.742077   ,  0.356191   ])
3032    , -17507.8    , array([ 4.48702    ,  5.82571    ,  0.740745   ,  0.353983   ])
3033    , -17028.5    , array([ 4.31321    ,  5.4107     ,  0.736101   ,  0.346362   ])
likelihood = -17028.49
theta = 68.28
Optimized parameters = [4.31321221 5.41070104 0.73610064 0.34636175]

Round_1_Replicate_2
3034    , -9298.56    , array([ 1.13325    ,  0.448313   ,  3.21831    ,  0.369138   ])
3035    , -9312.56    , array([ 1.14037    ,  0.448313   ,  3.21831    ,  0.369138   ])
3036    , -9128.43    , array([ 1.13325    ,  0.430685   ,  3.21831    ,  0.369138   ])
3037    , -9669.03    , array([ 1.13325    ,  0.448313   ,  3.412      ,  0.369138   ])
3038    , -9303.93    , array([ 1.13325    ,  0.448313   ,  3.21831    ,  0.351195   ])
3039    , -8867       , array([ 1.1368     ,  0.439411   ,  3.03561    ,  0.360054   ])
3040    , -8488.76    , array([ 1.13858    ,  0.435026   ,  2.86329    ,  0.355597   ])
3041    , -8792.48    , array([ 1.12883    ,  0.43285    ,  3.03561    ,  0.353389   ])
likelihood = -8488.76
theta = 164.01
Optimized parameters = [1.13858343 0.43502625 2.8632865  0.35559692]

Round_1_Replicate_3
3042    , -1996.41    , array([ 1.88334    ,  0.704331   ,  0.280682   ,  3.59315    ])
3043    , -2029.33    , array([ 1.94391    ,  0.704331   ,  0.280682   ,  3.59315    ])
3044    , -1981.81    , array([ 1.88334    ,  0.692095   ,  0.280682   ,  3.59315    ])
3045    , -1893.37    , array([ 1.88334    ,  0.704331   ,  0.263406   ,  3.59315    ])
3046    , -1987.12    , array([ 1.88334    ,  0.704331   ,  0.280682   ,  3.83045    ])
3047    , -1900.22    , array([ 1.82466    ,  0.698186   ,  0.271907   ,  3.7099     ])
3048    , -1884.92    , array([ 1.85377    ,  0.695134   ,  0.267623   ,  3.76969    ])
3049    , -1831.16    , array([ 1.83916    ,  0.69058    ,  0.261322   ,  3.86119    ])
likelihood = -1831.16
theta = 83.93
Optimized parameters = [1.83915934 0.69058023 0.26132241 3.86118874]

Round_1_Replicate_4
3050    , -7887.67    , array([ 6.36158    ,  0.214009   ,  2.87551    ,  3.71598    ])
3051    , -7935.99    , array([ 6.9782     ,  0.214009   ,  2.87551    ,  3.71598    ])
3052    , -7617.23    , array([ 6.36158    ,  0.198132   ,  2.87551    ,  3.71598    ])
3053    , -8109.39    , array([ 6.36158    ,  0.214009   ,  3.03145    ,  3.71598    ])
3054    , -7887.8     , array([ 6.36158    ,  0.214009   ,  2.87551    ,  3.96805    ])
3055    , -7564.87    , array([ 6.66276    ,  0.205918   ,  2.72759    ,  3.83995    ])
3056    , -7310.28    , array([ 6.81866    ,  0.201987   ,  2.58728    ,  3.90348    ])
3057    , -7412.51    , array([ 6.00418    ,  0.20005    ,  2.72759    ,  3.93563    ])
likelihood = -7310.28
theta = 92.05
Optimized parameters = [6.81865947 0.20198715 2.58728123 3.90347552]

Round_1_Replicate_5
3058    , -6095.66    , array([ 3.8505     ,  5.75297    ,  0.13385    ,  1.33406    ])
3059    , -6280.83    , array([ 4.11901    ,  5.75297    ,  0.13385    ,  1.33406    ])
3060    , -6287.13    , array([ 3.8505     ,  6.27894    ,  0.13385    ,  1.33406    ])
3061    , -5902.11    , array([ 3.8505     ,  5.75297    ,  0.121046   ,  1.33406    ])
3062    , -6060.09    , array([ 3.8505     ,  5.75297    ,  0.13385    ,  1.35342    ])
3063    , -5872.9     , array([ 3.9825     ,  5.27105    ,  0.127287   ,  1.3437     ])
3064    , -5659.39    , array([ 4.05018    ,  4.82951    ,  0.124127   ,  1.34855    ])
3065    , -5597.38    , array([ 3.69164    ,  5.27105    ,  0.122577   ,  1.35099    ])
3066    , -5280.83    , array([ 3.49489    ,  5.04545    ,  0.117301   ,  1.35953    ])
likelihood = -5280.83
theta = 45.25
Optimized parameters = [3.49488816 5.0454511  0.11730113 1.35953028]

Round_1_Replicate_6
3067    , -9074.51    , array([ 0.422901   ,  6.57094    ,  1.49181    ,  1.41489    ])
3068    , -8940.67    , array([ 0.40509    ,  6.57094    ,  1.49181    ,  1.41489    ])
3069    , -9184.16    , array([ 0.422901   ,  7.21952    ,  1.49181    ,  1.41489    ])
3070    , -9164.26    , array([ 0.422901   ,  6.57094    ,  1.52195    ,  1.41489    ])
3071    , -9075.74    , array([ 0.422901   ,  6.57094    ,  1.49181    ,  1.43966    ])
3072    , -8937.21    , array([ 0.4139     ,  5.98061    ,  1.50681    ,  1.42722    ])
3073    , -8805.61    , array([ 0.409471   ,  5.44333    ,  1.51436    ,  1.43343    ])
3074    , -8789.49    , array([ 0.407274   ,  5.98061    ,  1.47328    ,  1.43654    ])
3075    , -8604.54    , array([ 0.399679   ,  5.70565    ,  1.44954    ,  1.44749    ])
likelihood = -8604.54
theta = 68.06
Optimized parameters = [0.3996787  5.70565023 1.44953579 1.44748841]

Round_1_Replicate_7
3076    , -741.49     , array([ 0.197479   ,  0.238022   ,  0.203673   ,  0.375157   ])
3077    , -742.218    , array([ 0.182094   ,  0.238022   ,  0.203673   ,  0.375157   ])
3078    , -706.538    , array([ 0.197479   ,  0.221538   ,  0.203673   ,  0.375157   ])
3079    , -738.699    , array([ 0.197479   ,  0.238022   ,  0.188096   ,  0.375157   ])
3080    , -760.812    , array([ 0.197479   ,  0.238022   ,  0.203673   ,  0.35721    ])
3081    , -706.151    , array([ 0.189631   ,  0.229632   ,  0.19573    ,  0.394006   ])
3082    , -684.616    , array([ 0.185824   ,  0.225549   ,  0.191875   ,  0.413801   ])
3083    , -693.149    , array([ 0.207747   ,  0.223535   ,  0.189976   ,  0.394006   ])
likelihood = -684.62
theta = 340.76
Optimized parameters = [0.1858244  0.225549   0.19187502 0.41380136]

Round_1_Replicate_8
3084    , -985.222    , array([ 1.47546    ,  0.520077   ,  0.153369   ,  3.1133     ])
3085    , -997.292    , array([ 1.50443    ,  0.520077   ,  0.153369   ,  3.1133     ])
3086    , -975.114    , array([ 1.47546    ,  0.503351   ,  0.153369   ,  3.1133     ])
3087    , -928.079    , array([ 1.47546    ,  0.520077   ,  0.139644   ,  3.1133     ])
3088    , -973.571    , array([ 1.47546    ,  0.520077   ,  0.153369   ,  3.2952     ])
3089    , -933.38     , array([ 1.44704    ,  0.511646   ,  0.146346   ,  3.20296    ])
3090    , -919.982    , array([ 1.46118    ,  0.507482   ,  0.142956   ,  3.24875    ])
3091    , -889.701    , array([ 1.45409    ,  0.501299   ,  0.138018   ,  3.31867    ])
likelihood = -889.7
theta = 101.21
Optimized parameters = [1.45409192 0.50129873 0.13801757 3.31867129]

Round_1_Replicate_9
3092    , -2893.37    , array([ 0.22769    ,  1.54592    ,  0.503483   ,  0.884825   ])
3093    , -2879.3     , array([ 0.211452   ,  1.54592    ,  0.503483   ,  0.884825   ])
3094    , -2923.69    , array([ 0.22769    ,  1.57996    ,  0.503483   ,  0.884825   ])
3095    , -2839.01    , array([ 0.22769    ,  1.54592    ,  0.486501   ,  0.884825   ])
3096    , -2893.54    , array([ 0.22769    ,  1.54592    ,  0.503483   ,  0.879428   ])
3097    , -2829.01    , array([ 0.219421   ,  1.51261    ,  0.494919   ,  0.882123   ])
3098    , -2782.9     , array([ 0.215399   ,  1.48002    ,  0.490692   ,  0.880774   ])
3099    , -2804.51    , array([ 0.213416   ,  1.51261    ,  0.488592   ,  0.888215   ])
likelihood = -2782.9
theta = 139.92
Optimized parameters = [0.21539944 1.48002026 0.4906921  0.88077427]

Round_1_Replicate_10
3100    , -9678.42    , array([ 0.210228   ,  1.07534    ,  4.84291    ,  7.40213    ])
3101    , -9420.77    , array([ 0.194458   ,  1.07534    ,  4.84291    ,  7.40213    ])
3102    , -9686.43    , array([ 0.210228   ,  1.07925    ,  4.84291    ,  7.40213    ])
3103    , -10125.2    , array([ 0.210228   ,  1.07534    ,  5.24036    ,  7.40213    ])
3104    , -9678.47    , array([ 0.210228   ,  1.07534    ,  4.84291    ,  8.18134    ])
3105    , -9128.89    , array([ 0.20219    ,  1.0773     ,  4.47559    ,  7.78199    ])
3106    , -8665.87    , array([ 0.198286   ,  1.07828    ,  4.13614    ,  7.97917    ])
3107    , -9029.68    , array([ 0.196363   ,  1.0729     ,  4.47559    ,  8.07962    ])
likelihood = -8665.87
theta = 196.48
Optimized parameters = [0.19828617 1.07827542 4.13614174 7.97916916]

Round_2_Replicate_1
3108    , -1163.54    , array([ 0.637059   ,  0.0992603  ,  0.256273   ,  0.250778   ])
3109    , -1150.64    , array([ 0.622857   ,  0.0992603  ,  0.256273   ,  0.250778   ])
3110    , -1151.19    , array([ 0.637059   ,  0.088433   ,  0.256273   ,  0.250778   ])
3111    , -1153.76    , array([ 0.637059   ,  0.0992603  ,  0.239408   ,  0.250778   ])
3112    , -1199.9     , array([ 0.637059   ,  0.0992603  ,  0.256273   ,  0.23402    ])
3113    , -1113.32    , array([ 0.629918   ,  0.0936904  ,  0.247697   ,  0.268735   ])
3114    , -1077.56    , array([ 0.626378   ,  0.0910237  ,  0.243517   ,  0.287979   ])
3115    , -1103.02    , array([ 0.624615   ,  0.089719   ,  0.241453   ,  0.268735   ])
3116    , -1091.83    , array([ 0.618484   ,  0.085298   ,  0.259565   ,  0.278191   ])
3117    , -1056.1     , array([ 0.609401   ,  0.0940291  ,  0.244035   ,  0.293001   ])
3118    , -1010.16    , array([ 0.596026   ,  0.0969586  ,  0.238138   ,  0.316708   ])
likelihood = -1010.16
theta = 261.59
Optimized parameters = [0.59602618 0.09695863 0.23813766 0.31670813]

Round_2_Replicate_2
3119    , -2070.99    , array([ 0.10135    ,  0.691442   ,  0.620756   ,  1.15853    ])
3120    , -2095.9     , array([ 0.0903893  ,  0.691442   ,  0.620756   ,  1.15853    ])
3121    , -2045.87    , array([ 0.10135    ,  0.678803   ,  0.620756   ,  1.15853    ])
3122    , -2044.19    , array([ 0.10135    ,  0.691442   ,  0.606131   ,  1.15853    ])
3123    , -2070.75    , array([ 0.10135    ,  0.691442   ,  0.620756   ,  1.16709    ])
3124    , -2023.53    , array([ 0.113641   ,  0.685093   ,  0.6134     ,  1.1628     ])
3125    , -1993.19    , array([ 0.127422   ,  0.681941   ,  0.609755   ,  1.16494    ])
3126    , -2003.72    , array([ 0.113641   ,  0.68037    ,  0.60794    ,  1.16601    ])
3127    , -1971.82    , array([ 0.120334   ,  0.6749     ,  0.601632   ,  1.15693    ])
3128    , -1925.48    , array([ 0.13112    ,  0.666779   ,  0.592293   ,  1.15189    ])
3129    , -1939.9     , array([ 0.136871   ,  0.681351   ,  0.587677   ,  1.16213    ])
likelihood = -1925.48
theta = 224.56
Optimized parameters = [0.13112042 0.66677855 0.59229275 1.15189087]

Round_2_Replicate_3
3130    , -4291.31    , array([ 0.562673   ,  0.5629     ,  0.365471   ,  0.144619   ])
3131    , -4236.79    , array([ 0.546725   ,  0.5629     ,  0.365471   ,  0.144619   ])
3132    , -4231.11    , array([ 0.562673   ,  0.546957   ,  0.365471   ,  0.144619   ])
3133    , -4260.82    , array([ 0.562673   ,  0.5629     ,  0.347533   ,  0.144619   ])
3134    , -4614.88    , array([ 0.562673   ,  0.5629     ,  0.365471   ,  0.131291   ])
3135    , -3921.49    , array([ 0.554641   ,  0.554871   ,  0.356389   ,  0.159299   ])
3136    , -3614.17    , array([ 0.550669   ,  0.5509     ,  0.351933   ,  0.17547    ])
3137    , -3869.71    , array([ 0.548693   ,  0.548925   ,  0.349726   ,  0.159299   ])
3138    , -3718.71    , array([ 0.541834   ,  0.542068   ,  0.368937   ,  0.167189   ])
3139    , -3499.07    , array([ 0.55514    ,  0.531942   ,  0.352487   ,  0.179763   ])
3140    , -3177.24    , array([ 0.559396   ,  0.517108   ,  0.346169   ,  0.200418   ])
likelihood = -3177.24
theta = 193.55
Optimized parameters = [0.55939591 0.51710794 0.34616931 0.20041821]

Round_2_Replicate_4
3141    , -1899.95    , array([ 0.158619   ,  0.548789   ,  0.701602   ,  0.633726   ])
3142    , -1899.06    , array([ 0.144668   ,  0.548789   ,  0.701602   ,  0.633726   ])
3143    , -1859.63    , array([ 0.158619   ,  0.532568   ,  0.701602   ,  0.633726   ])
3144    , -1878.79    , array([ 0.158619   ,  0.548789   ,  0.689279   ,  0.633726   ])
3145    , -1902.89    , array([ 0.158619   ,  0.548789   ,  0.701602   ,  0.619436   ])
3146    , -1865.58    , array([ 0.151483   ,  0.540618   ,  0.695413   ,  0.648345   ])
3147    , -1851.88    , array([ 0.148036   ,  0.536578   ,  0.692339   ,  0.640994   ])
3148    , -1829.44    , array([ 0.143013   ,  0.530575   ,  0.687754   ,  0.644659   ])
3149    , -1817.86    , array([ 0.161381   ,  0.527599   ,  0.685473   ,  0.6465     ])
3150    , -1779.66    , array([ 0.170448   ,  0.517312   ,  0.677548   ,  0.652983   ])
3151    , -1786.62    , array([ 0.152576   ,  0.512245   ,  0.691765   ,  0.656249   ])
likelihood = -1779.66
theta = 250.84
Optimized parameters = [0.17044753 0.51731232 0.67754814 0.65298284]

Round_2_Replicate_5
3152    , -1035.88    , array([ 0.486003   ,  0.0576221  ,  0.659786   ,  1.14189    ])
3153    , -1006.84    , array([ 0.468782   ,  0.0576221  ,  0.659786   ,  1.14189    ])
3154    , -1048.53    , array([ 0.486003   ,  0.0499596  ,  0.659786   ,  1.14189    ])
3155    , -1021.84    , array([ 0.486003   ,  0.0576221  ,  0.64621    ,  1.14189    ])
3156    , -1035.68    , array([ 0.486003   ,  0.0576221  ,  0.659786   ,  1.14949    ])
3157    , -1006.61    , array([ 0.477315   ,  0.0664599  ,  0.652963   ,  1.14568    ])
3158    , -994.023    , array([ 0.47303    ,  0.0766532  ,  0.649577   ,  1.14759    ])
3159    , -990.43     , array([ 0.470901   ,  0.0664599  ,  0.647891   ,  1.14854    ])
3160    , -970.041    , array([ 0.463527   ,  0.0713748  ,  0.642024   ,  1.15188    ])
3161    , -960.788    , array([ 0.459883   ,  0.0739669  ,  0.639111   ,  1.14213    ])
3162    , -931.036    , array([ 0.447355   ,  0.0838034  ,  0.629018   ,  1.13846    ])
3163    , -939.992    , array([ 0.441219   ,  0.0892019  ,  0.6438     ,  1.148      ])
likelihood = -931.04
theta = 313.2
Optimized parameters = [0.44735452 0.08380344 0.62901755 1.13846184]

Round_2_Replicate_6
3164    , -803.869    , array([ 0.183051   ,  0.292284   ,  0.0709776  ,  0.564807   ])
3165    , -830.702    , array([ 0.168152   ,  0.292284   ,  0.0709776  ,  0.564807   ])
3166    , -783.741    , array([ 0.183051   ,  0.27485    ,  0.0709776  ,  0.564807   ])
3167    , -821.668    , array([ 0.183051   ,  0.292284   ,  0.0621838  ,  0.564807   ])
3168    , -807.155    , array([ 0.183051   ,  0.292284   ,  0.0709776  ,  0.548902   ])
3169    , -780.189    , array([ 0.199271   ,  0.283433   ,  0.0664354  ,  0.556797   ])
3170    , -760.394    , array([ 0.216928   ,  0.279108   ,  0.0642744  ,  0.552836   ])
3171    , -755.7      , array([ 0.199271   ,  0.276971   ,  0.0770946  ,  0.550865   ])
3172    , -727.265    , array([ 0.207912   ,  0.269618   ,  0.0858414  ,  0.544024   ])
3173    , -730.569    , array([ 0.212372   ,  0.266015   ,  0.0742793  ,  0.564303   ])
3174    , -704.882    , array([ 0.228749   ,  0.253779   ,  0.0759873  ,  0.548167   ])
3175    , -673.247    , array([ 0.255714   ,  0.236473   ,  0.0786232  ,  0.540033   ])
likelihood = -673.25
theta = 306.26
Optimized parameters = [0.25571356 0.23647314 0.07862317 0.54003262]

Round_2_Replicate_7
3176    , -3403.22    , array([ 0.25979    ,  0.631478   ,  0.106414   ,  0.110739   ])
3177    , -3274.85    , array([ 0.242859   ,  0.631478   ,  0.106414   ,  0.110739   ])
3178    , -3375.63    , array([ 0.25979    ,  0.617129   ,  0.106414   ,  0.110739   ])
3179    , -3390.2     , array([ 0.25979    ,  0.631478   ,  0.0951368  ,  0.110739   ])
3180    , -3738.25    , array([ 0.25979    ,  0.631478   ,  0.106414   ,  0.0992005  ])
3181    , -3022.39    , array([ 0.251182   ,  0.624262   ,  0.100617   ,  0.123619   ])
3182    , -2721.91    , array([ 0.246985   ,  0.620685   ,  0.0978388  ,  0.137997   ])
3183    , -2966.32    , array([ 0.244913   ,  0.618905   ,  0.0964783  ,  0.123619   ])
3184    , -2790.36    , array([ 0.237797   ,  0.612712   ,  0.108673   ,  0.13061    ])
3185    , -2555.99    , array([ 0.22751    ,  0.624711   ,  0.0981819  ,  0.141845   ])
3186    , -2248.58    , array([ 0.212906   ,  0.628536   ,  0.0943078  ,  0.160536   ])
likelihood = -2248.58
theta = 217.31
Optimized parameters = [0.21290607 0.62853644 0.09430781 0.1605364 ]

Round_2_Replicate_8
3187    , -616.491    , array([ 0.39267    ,  0.32095    ,  0.072826   ,  1.1266     ])
3188    , -619.359    , array([ 0.37474    ,  0.32095    ,  0.072826   ,  1.1266     ])
3189    , -608.186    , array([ 0.39267    ,  0.303221   ,  0.072826   ,  1.1266     ])
3190    , -631.07     , array([ 0.39267    ,  0.32095    ,  0.0638853  ,  1.1266     ])
3191    , -615.783    , array([ 0.39267    ,  0.32095    ,  0.072826   ,  1.13333    ])
3192    , -600.127    , array([ 0.3836     ,  0.31196    ,  0.083018   ,  1.12996    ])
3193    , -587.752    , array([ 0.379144   ,  0.30756    ,  0.0946363  ,  1.13164    ])
3194    , -594.997    , array([ 0.40431    ,  0.305383   ,  0.083018   ,  1.13249    ])
3195    , -586.196    , array([ 0.391525   ,  0.297884   ,  0.088637   ,  1.13544    ])
3196    , -573.125    , array([ 0.390954   ,  0.286981   ,  0.0977866  ,  1.13989    ])
3197    , -568.2      , array([ 0.390668   ,  0.28168    ,  0.10271    ,  1.13196    ])
3198    , -551.608    , array([ 0.389671   ,  0.263885   ,  0.121976   ,  1.13127    ])
likelihood = -551.61
theta = 243.66
Optimized parameters = [0.38967088 0.26388459 0.12197584 1.13127419]

Round_2_Replicate_9
3199    , -2383.35    , array([ 0.269149   ,  0.88529    ,  0.262264   ,  0.245111   ])
3200    , -2323.78    , array([ 0.252053   ,  0.88529    ,  0.262264   ,  0.245111   ])
3201    , -2377.19    , array([ 0.269149   ,  0.879913   ,  0.262264   ,  0.245111   ])
3202    , -2352.99    , array([ 0.269149   ,  0.88529    ,  0.245288   ,  0.245111   ])
3203    , -2482.7     , array([ 0.269149   ,  0.88529    ,  0.262264   ,  0.228471   ])
3204    , -2245.79    , array([ 0.260461   ,  0.882598   ,  0.253634   ,  0.262964   ])
3205    , -2143.39    , array([ 0.256223   ,  0.881255   ,  0.249426   ,  0.282116   ])
3206    , -2212.91    , array([ 0.254129   ,  0.880584   ,  0.247348   ,  0.262964   ])
3207    , -2145.51    , array([ 0.246937   ,  0.886302   ,  0.240212   ,  0.272371   ])
3208    , -2082.64    , array([ 0.236528   ,  0.881422   ,  0.254165   ,  0.287118   ])
3209    , -1985.08    , array([ 0.221732   ,  0.879495   ,  0.258724   ,  0.310748   ])
likelihood = -1985.08
theta = 190.54
Optimized parameters = [0.22173159 0.8794947  0.25872351 0.31074815]

Round_2_Replicate_10
3210    , -551.133    , array([ 0.203616   ,  0.0955623  ,  0.250251   ,  0.319605   ])
3211    , -538.604    , array([ 0.188041   ,  0.0955623  ,  0.250251   ,  0.319605   ])
3212    , -552.08     , array([ 0.203616   ,  0.0849769  ,  0.250251   ,  0.319605   ])
3213    , -553.98     , array([ 0.203616   ,  0.0955623  ,  0.233504   ,  0.319605   ])
3214    , -562.883    , array([ 0.203616   ,  0.0955623  ,  0.250251   ,  0.301887   ])
3215    , -537.047    , array([ 0.195673   ,  0.0901143  ,  0.241733   ,  0.338363   ])
3216    , -529.784    , array([ 0.191819   ,  0.0875079  ,  0.237583   ,  0.358222   ])
3217    , -529.551    , array([ 0.189921   ,  0.0862331  ,  0.261323   ,  0.338363   ])
3218    , -520.409    , array([ 0.183422   ,  0.0819158  ,  0.276451   ,  0.348151   ])
3219    , -519.336    , array([ 0.180257   ,  0.0952123  ,  0.256281   ,  0.353151   ])
3220    , -512.388    , array([ 0.169603   ,  0.100783   ,  0.25935    ,  0.371222   ])
3221    , -509.811    , array([ 0.164514   ,  0.0869479  ,  0.260899   ,  0.380601   ])
3222    , -511.596    , array([ 0.147876   ,  0.0829364  ,  0.266391   ,  0.415335   ])
likelihood = -509.81
theta = 461.19
Optimized parameters = [0.16451415 0.08694786 0.26089863 0.38060111]

Round_3_Replicate_1
3223    , -1378.73    , array([ 0.163189   ,  0.142844   ,  0.446759   ,  0.113425   ])
3224    , -1323.4     , array([ 0.149048   ,  0.142844   ,  0.446759   ,  0.113425   ])
3225    , -1292.99    , array([ 0.163189   ,  0.1296     ,  0.446759   ,  0.113425   ])
3226    , -1370.91    , array([ 0.163189   ,  0.142844   ,  0.429118   ,  0.113425   ])
3227    , -1528.63    , array([ 0.163189   ,  0.142844   ,  0.446759   ,  0.101729   ])
3228    , -1177.18    , array([ 0.155958   ,  0.136061   ,  0.437849   ,  0.126466   ])
3229    , -1035.87    , array([ 0.152464   ,  0.132791   ,  0.433462   ,  0.141006   ])
3230    , -1129.04    , array([ 0.150746   ,  0.131186   ,  0.431284   ,  0.126466   ])
3231    , -1032.22    , array([ 0.144885   ,  0.125719   ,  0.450146   ,  0.133538   ])
3232    , -900.43     , array([ 0.136518   ,  0.117942   ,  0.461044   ,  0.144895   ])
3233    , -881.752    , array([ 0.151817   ,  0.114236   ,  0.43923    ,  0.150931   ])
3234    , -733.363    , array([ 0.153221   ,  0.102158   ,  0.435513   ,  0.174106   ])
3235    , -698.171    , array([ 0.13436    ,  0.111788   ,  0.433666   ,  0.186995   ])
3236    , -569.383    , array([ 0.121916   ,  0.103822   ,  0.427265   ,  0.240099   ])
3237    , -570.805    , array([ 0.130804   ,  0.0982457  ,  0.447128   ,  0.231087   ])
3238    , -509.295    , array([ 0.119792   ,  0.083484   ,  0.451841   ,  0.265325   ])
3239    , -491.422    , array([ 0.106184   ,  0.0661942  ,  0.46132    ,  0.363956   ])
3240    , -486.723    , array([ 0.117989   ,  0.0704173  ,  0.424937   ,  0.409223   ])
3241    , -519.59     , array([ 0.10969    ,  0.0544108  ,  0.407958   ,  0.687722   ])
3242    , -521.765    , array([ 0.0922512  ,  0.0674959  ,  0.444352   ,  0.522125   ])
likelihood = -486.72
theta = 546.64
Optimized parameters = [0.11798874 0.07041732 0.4249367  0.4092228 ]

Round_3_Replicate_2
3243    , -557.406    , array([ 0.0623019  ,  0.0271695  ,  0.741437   ,  0.942664   ])
3244    , -584.41     , array([ 0.0542284  ,  0.0271695  ,  0.741437   ,  0.942664   ])
3245    , -584.97     , array([ 0.0623019  ,  0.0226875  ,  0.741437   ,  0.942664   ])
3246    , -561.532    , array([ 0.0623019  ,  0.0271695  ,  0.730429   ,  0.942664   ])
3247    , -557.461    , array([ 0.0623019  ,  0.0271695  ,  0.741437   ,  0.939885   ])
3248    , -551.758    , array([ 0.0581252  ,  0.032537   ,  0.735913   ,  0.941273   ])
3249    , -547.439    , array([ 0.056143   ,  0.0389649  ,  0.733166   ,  0.940579   ])
3250    , -525.377    , array([ 0.0679475  ,  0.032537   ,  0.731796   ,  0.940232   ])
3251    , -503.254    , array([ 0.0760583  ,  0.0356062  ,  0.727023   ,  0.939018   ])
3252    , -517.775    , array([ 0.0653463  ,  0.0372477  ,  0.741091   ,  0.938412   ])
3253    , -509.662    , array([ 0.0669238  ,  0.0436123  ,  0.729917   ,  0.940449   ])
3254    , -507.332    , array([ 0.0693618  ,  0.0552551  ,  0.724224   ,  0.936574   ])
3255    , -477.591    , array([ 0.0855538  ,  0.0458806  ,  0.727915   ,  0.936649   ])
3256    , -467.917    , array([ 0.105611   ,  0.049786   ,  0.725304   ,  0.934691   ])
3257    , -472.75     , array([ 0.0934455  ,  0.055489   ,  0.71242    ,  0.936949   ])
3258    , -467.683    , array([ 0.107817   ,  0.0534561  ,  0.714604   ,  0.933179   ])
3259    , -481.1      , array([ 0.136849   ,  0.0591823  ,  0.707068   ,  0.929565   ])
3260    , -487.232    , array([ 0.129697   ,  0.0414999  ,  0.715421   ,  0.93534    ])
likelihood = -467.68
theta = 651.88
Optimized parameters = [0.10781709 0.05345613 0.71460357 0.93317901]

Round_3_Replicate_3
3261    , -1141.47    , array([ 0.0842965  ,  0.0654546  ,  0.0660274  ,  0.983111   ])
3262    , -1195.43    , array([ 0.0744904  ,  0.0654546  ,  0.0660274  ,  0.983111   ])
3263    , -1169.98    , array([ 0.0842965  ,  0.0571133  ,  0.0660274  ,  0.983111   ])
3264    , -1185.57    , array([ 0.0842965  ,  0.0654546  ,  0.0576382  ,  0.983111   ])
3265    , -1141.35    , array([ 0.0842965  ,  0.0654546  ,  0.0660274  ,  0.982274   ])
3266    , -1126.02    , array([ 0.0953936  ,  0.0611419  ,  0.0616904  ,  0.982693   ])
3267    , -1095.28    , array([ 0.107952   ,  0.0590933  ,  0.0596299  ,  0.982483   ])
3268    , -1087.17    , array([ 0.0953936  ,  0.0580949  ,  0.07188    ,  0.982379   ])
3269    , -1039.52    , array([ 0.101478   ,  0.0547314  ,  0.0802706  ,  0.982013   ])
3270    , -1039.06    , array([ 0.104665   ,  0.0651764  ,  0.0691847  ,  0.98183    ])
3271    , -977.9      , array([ 0.116626   ,  0.0696253  ,  0.0708196  ,  0.98119    ])
3272    , -990.424    , array([ 0.12311    ,  0.0586544  ,  0.0716514  ,  0.98087    ])
3273    , -928.366    , array([ 0.148778   ,  0.055524   ,  0.0746406  ,  0.981004   ])
3274    , -855.631    , array([ 0.197652   ,  0.0511388  ,  0.0793598  ,  0.980369   ])
3275    , -831.52     , array([ 0.157201   ,  0.0572123  ,  0.0953462  ,  0.979739   ])
3276    , -724.548    , array([ 0.189701   ,  0.0562943  ,  0.120566   ,  0.97837    ])
3277    , -756.473    , array([ 0.228643   ,  0.0626476  ,  0.0868049  ,  0.978389   ])
3278    , -697.985    , array([ 0.256843   ,  0.0604147  ,  0.107037   ,  0.978289   ])
3279    , -662.086    , array([ 0.370983   ,  0.0613146  ,  0.130825   ,  0.977001   ])
3280    , -763.982    , array([ 0.483552   ,  0.0477612  ,  0.147189   ,  0.975881   ])
likelihood = -662.09
theta = 320.19
Optimized parameters = [0.3709826  0.0613146  0.13082519 0.97700122]

Round_3_Replicate_4
3281    , -560.745    , array([ 0.353109   ,  0.236568   ,  0.0889011  ,  1.25638    ])
3282    , -565.178    , array([ 0.3352     ,  0.236568   ,  0.0889011  ,  1.25638    ])
3283    , -558.303    , array([ 0.353109   ,  0.220117   ,  0.0889011  ,  1.25638    ])
3284    , -577.392    , array([ 0.353109   ,  0.236568   ,  0.0787685  ,  1.25638    ])
3285    , -560.154    , array([ 0.353109   ,  0.236568   ,  0.0889011  ,  1.2708     ])
3286    , -545.747    , array([ 0.344038   ,  0.228194   ,  0.100337   ,  1.26357    ])
3287    , -532.538    , array([ 0.33959    ,  0.224119   ,  0.113244   ,  1.26718    ])
3288    , -541.309    , array([ 0.364785   ,  0.222109   ,  0.100337   ,  1.26899    ])
3289    , -534.797    , array([ 0.351962   ,  0.215215   ,  0.106596   ,  1.27534    ])
3290    , -524.577    , array([ 0.35139    ,  0.205272   ,  0.116723   ,  1.26312    ])
3291    , -511.281    , array([ 0.350534   ,  0.191213   ,  0.133745   ,  1.2593     ])
3292    , -509.258    , array([ 0.350107   ,  0.205619   ,  0.143166   ,  1.2791     ])
3293    , -502.995    , array([ 0.348615   ,  0.198732   ,  0.18168    ,  1.29061    ])
3294    , -499.115    , array([ 0.331304   ,  0.192753   ,  0.170691   ,  1.27714    ])
3295    , -496.699    , array([ 0.315735   ,  0.179564   ,  0.22263    ,  1.28123    ])
3296    , -503.458    , array([ 0.325223   ,  0.181706   ,  0.232196   ,  1.2737     ])
3297    , -532.331    , array([ 0.329863   ,  0.157111   ,  0.312965   ,  1.2852     ])
3298    , -503.987    , array([ 0.332269   ,  0.171702   ,  0.242731   ,  1.28067    ])
3299    , -569.337    , array([ 0.311128   ,  0.174502   ,  0.356991   ,  1.30417    ])
3300    , -498.251    , array([ 0.340238   ,  0.186891   ,  0.170952   ,  1.27037    ])
likelihood = -496.7
theta = 288.26
Optimized parameters = [0.31573471 0.17956398 0.22262981 1.2812264 ]

Round_3_Replicate_5
3301    , -646.263    , array([ 0.0868726  ,  0.11358    ,  0.851434   ,  0.830659   ])
3302    , -661.394    , array([ 0.0768824  ,  0.11358    ,  0.851434   ,  0.830659   ])
3303    , -604.173    , array([ 0.0868726  ,  0.101875   ,  0.851434   ,  0.830659   ])
3304    , -643.85     , array([ 0.0868726  ,  0.11358    ,  0.844614   ,  0.830659   ])
3305    , -646.198    , array([ 0.0868726  ,  0.11358    ,  0.851434   ,  0.822989   ])
3306    , -614.805    , array([ 0.0981609  ,  0.107568   ,  0.848017   ,  0.826815   ])
3307    , -607.515    , array([ 0.0923444  ,  0.104683   ,  0.846314   ,  0.824899   ])
3308    , -590.689    , array([ 0.0952083  ,  0.100499   ,  0.843766   ,  0.833554   ])
3309    , -568.386    , array([ 0.0996714  ,  0.0945348  ,  0.839957   ,  0.838887   ])
3310    , -561.559    , array([ 0.101981   ,  0.0916868  ,  0.84823    ,  0.829937   ])
3311    , -536.213    , array([ 0.110493   ,  0.0823777  ,  0.850044   ,  0.829576   ])
3312    , -541.209    , array([ 0.095755   ,  0.0847203  ,  0.845835   ,  0.835186   ])
3313    , -523.04     , array([ 0.103649   ,  0.0783164  ,  0.847298   ,  0.842329   ])
3314    , -500.465    , array([ 0.10981    ,  0.0677395  ,  0.847791   ,  0.851181   ])
3315    , -504.926    , array([ 0.123872   ,  0.0656221  ,  0.8404     ,  0.846759   ])
3316    , -494.391    , array([ 0.120361   ,  0.0589187  ,  0.852106   ,  0.842379   ])
3317    , -502.642    , array([ 0.132265   ,  0.046514   ,  0.858246   ,  0.84413    ])
3318    , -514.181    , array([ 0.140461   ,  0.0548264  ,  0.849315   ,  0.849746   ])
likelihood = -494.39
theta = 639.71
Optimized parameters = [0.12036105 0.05891871 0.8521059  0.84237851]

Round_4_Replicate_1
3319    , -603.332    , array([ 0.18506    ,  0.0388612  ,  0.833376   ,  1.74069    ])
3320    , -573.289    , array([ 0.17009    ,  0.0388612  ,  0.833376   ,  1.74069    ])
3321    , -620.154    , array([ 0.18506    ,  0.0330363  ,  0.833376   ,  1.74069    ])
3322    , -600.689    , array([ 0.18506    ,  0.0388612  ,  0.825815   ,  1.74069    ])
3323    , -603.485    , array([ 0.18506    ,  0.0388612  ,  0.833376   ,  1.78961    ])
3324    , -576.782    , array([ 0.177417   ,  0.045713   ,  0.829587   ,  1.76498    ])
3325    , -572.775    , array([ 0.173715   ,  0.0421481  ,  0.827699   ,  1.70488    ])
3326    , -559.28     , array([ 0.168306   ,  0.0438944  ,  0.824875   ,  1.66404    ])
3327    , -553.232    , array([ 0.165665   ,  0.0447945  ,  0.823466   ,  1.71377    ])
3328    , -533.96     , array([ 0.156743   ,  0.0480927  ,  0.818556   ,  1.70046    ])
3329    , -529.087    , array([ 0.152464   ,  0.0498317  ,  0.827345   ,  1.69385    ])
3330    , -510.765    , array([ 0.138387   ,  0.0564288  ,  0.828111   ,  1.6709     ])
3331    , -509.454    , array([ 0.140454   ,  0.0470666  ,  0.822851   ,  1.6254     ])
3332    , -488.122    , array([ 0.12497    ,  0.0477583  ,  0.819504   ,  1.55981    ])
3333    , -496.581    , array([ 0.125579   ,  0.0613766  ,  0.812264   ,  1.5601     ])
3334    , -489.749    , array([ 0.109624   ,  0.064255   ,  0.814338   ,  1.58018    ])
3335    , -494.414    , array([ 0.0984401  ,  0.0677877  ,  0.818507   ,  1.49065    ])
3336    , -484.29     , array([ 0.094038   ,  0.0633218  ,  0.804357   ,  1.43286    ])
3337    , -504.376    , array([ 0.0775188  ,  0.0670779  ,  0.792737   ,  1.32688    ])
3338    , -479.668    , array([ 0.089676   ,  0.0591326  ,  0.816049   ,  1.4707     ])
3339    , -489.441    , array([ 0.0757803  ,  0.0580415  ,  0.817948   ,  1.42794    ])
3340    , -472.888    , array([ 0.109187   ,  0.0500054  ,  0.808608   ,  1.5289     ])
3341    , -478.089    , array([ 0.114993   ,  0.0429487  ,  0.803704   ,  1.54839    ])
3342    , -467.554    , array([ 0.0978531  ,  0.0465389  ,  0.809883   ,  1.41867    ])
3343    , -470.483    , array([ 0.0924506  ,  0.0396069  ,  0.807665   ,  1.34422    ])
3344    , -496.075    , array([ 0.0759552  ,  0.0618099  ,  0.80004    ,  1.37064    ])
3345    , -474.661    , array([ 0.110343   ,  0.0509391  ,  0.814594   ,  1.5102     ])
3346    , -475.52     , array([ 0.10934    ,  0.0418121  ,  0.820276   ,  1.53182    ])
likelihood = -467.55
theta = 745.08
Optimized parameters = [0.0978531  0.0465389  0.80988325 1.41867134]

Round_4_Replicate_2
3347    , -553.614    , array([ 0.120083   ,  0.0559045  ,  1.10202    ,  0.687172   ])
3348    , -532.845    , array([ 0.108008   ,  0.0559045  ,  1.10202    ,  0.687172   ])
3349    , -539.778    , array([ 0.120083   ,  0.0483971  ,  1.10202    ,  0.687172   ])
3350    , -555.267    , array([ 0.120083   ,  0.0559045  ,  1.10739    ,  0.687172   ])
3351    , -553.43     , array([ 0.120083   ,  0.0559045  ,  1.10202    ,  0.674402   ])
3352    , -532.641    , array([ 0.113886   ,  0.0520155  ,  1.09668    ,  0.680757   ])
3353    , -522.856    , array([ 0.110908   ,  0.0501737  ,  1.09137    ,  0.677572   ])
3354    , -520.17     , array([ 0.109448   ,  0.0492774  ,  1.09668    ,  0.675985   ])
3355    , -507.235    , array([ 0.104489   ,  0.0462645  ,  1.09402    ,  0.67046    ])
3356    , -501.744    , array([ 0.102095   ,  0.0448279  ,  1.0927     ,  0.686769   ])
3357    , -486.746    , array([ 0.0941382  ,  0.040142   ,  1.08806    ,  0.693038   ])
3358    , -490.096    , array([ 0.0903954  ,  0.0471591  ,  1.08575    ,  0.676877   ])
3359    , -482.885    , array([ 0.0919428  ,  0.0374971  ,  1.07771    ,  0.671788   ])
3360    , -482.594    , array([ 0.0848299  ,  0.0307095  ,  1.06575    ,  0.664225   ])
3361    , -475.515    , array([ 0.0783077  ,  0.0326864  ,  1.07538    ,  0.674563   ])
3362    , -490.574    , array([ 0.0658     ,  0.0263823  ,  1.06747    ,  0.673063   ])
3363    , -479.345    , array([ 0.0719549  ,  0.0297957  ,  1.06359    ,  0.6838     ])
3364    , -502.935    , array([ 0.0742068  ,  0.0232344  ,  1.06069    ,  0.680773   ])
3365    , -477.822    , array([ 0.086044   ,  0.03951    ,  1.07943    ,  0.677849   ])
3366    , -488.94     , array([ 0.0681242  ,  0.0270802  ,  1.05424    ,  0.657572   ])
3367    , -478.192    , array([ 0.086826   ,  0.03638    ,  1.0795     ,  0.683996   ])
3368    , -473.062    , array([ 0.0764837  ,  0.0385276  ,  1.08323    ,  0.696231   ])
3369    , -477.917    , array([ 0.0726238  ,  0.0431541  ,  1.09208    ,  0.712808   ])
3370    , -490.965    , array([ 0.0929633  ,  0.0451544  ,  1.09541    ,  0.68242    ])
3371    , -474.483    , array([ 0.0767138  ,  0.0330591  ,  1.07146    ,  0.683455   ])
3372    , -472.928    , array([ 0.0724159  ,  0.0352538  ,  1.07523    ,  0.681955   ])
3373    , -476.072    , array([ 0.0661342  ,  0.0347039  ,  1.0731     ,  0.680937   ])
3374    , -478.7      , array([ 0.0670378  ,  0.0306627  ,  1.07321    ,  0.69022    ])
3375    , -474.073    , array([ 0.0808389  ,  0.0370837  ,  1.07787    ,  0.680921   ])
3376    , -473.358    , array([ 0.0748417  ,  0.0394784  ,  1.0785     ,  0.696844   ])
likelihood = -472.93
theta = 886.6
Optimized parameters = [0.07241592 0.03525382 1.07523048 0.68195524]

Round_4_Replicate_3
3377    , -549.752    , array([ 0.160935   ,  0.0385202  ,  0.816739   ,  0.897687   ])
3378    , -525.978    , array([ 0.146887   ,  0.0385202  ,  0.816739   ,  0.897687   ])
3379    , -567.023    , array([ 0.160935   ,  0.032732   ,  0.816739   ,  0.897687   ])
3380    , -547.864    , array([ 0.160935   ,  0.0385202  ,  0.808514   ,  0.897687   ])
3381    , -549.75     , array([ 0.160935   ,  0.0385202  ,  0.816739   ,  0.892855   ])
3382    , -526.136    , array([ 0.153751   ,  0.0453319  ,  0.812616   ,  0.895267   ])
3383    , -524.328    , array([ 0.15028    ,  0.0417875  ,  0.810563   ,  0.89406    ])
3384    , -513.646    , array([ 0.14522    ,  0.0435236  ,  0.807492   ,  0.892253   ])
3385    , -508.824    , array([ 0.142754   ,  0.0444185  ,  0.805961   ,  0.898595   ])
3386    , -494.622    , array([ 0.134449   ,  0.0476982  ,  0.800625   ,  0.901479   ])
3387    , -491.15     , array([ 0.130479   ,  0.0494278  ,  0.810178   ,  0.895645   ])
3388    , -481.452    , array([ 0.117486   ,  0.0559903  ,  0.811011   ,  0.894626   ])
3389    , -479.756    , array([ 0.119387   ,  0.0466778  ,  0.805292   ,  0.897743   ])
3390    , -470.173    , array([ 0.105203   ,  0.0473657  ,  0.801655   ,  0.898984   ])
3391    , -478.652    , array([ 0.105758   ,  0.0609135  ,  0.793793   ,  0.895971   ])
3392    , -485.25     , array([ 0.0912883  ,  0.0637781  ,  0.796044   ,  0.903303   ])
3393    , -500.878    , array([ 0.0812483  ,  0.0672944  ,  0.800572   ,  0.894962   ])
3394    , -478.452    , array([ 0.118542   ,  0.0519842  ,  0.800612   ,  0.899846   ])
3395    , -499.483    , array([ 0.136359   ,  0.045437   ,  0.807485   ,  0.891444   ])
3396    , -475.735    , array([ 0.100921   ,  0.0585944  ,  0.798889   ,  0.900324   ])
3397    , -469.838    , array([ 0.0982001  ,  0.0529468  ,  0.786637   ,  0.902952   ])
3398    , -471.421    , array([ 0.0897791  ,  0.0514876  ,  0.774726   ,  0.907144   ])
3399    , -470.559    , array([ 0.105119   ,  0.0453734  ,  0.80007    ,  0.905102   ])
3400    , -471.033    , array([ 0.0883144  ,  0.0496717  ,  0.792987   ,  0.903834   ])
3401    , -472.338    , array([ 0.0970387  ,  0.0405743  ,  0.791756   ,  0.905113   ])
3402    , -469.15     , array([ 0.0979951  ,  0.0444787  ,  0.793533   ,  0.903913   ])
3403    , -477.545    , array([ 0.11681    ,  0.0452918  ,  0.797923   ,  0.901638   ])
3404    , -468.626    , array([ 0.0947096  ,  0.0485385  ,  0.794218   ,  0.903284   ])
likelihood = -468.63
theta = 714.48
Optimized parameters = [0.09470964 0.04853854 0.79421835 0.90328402]

Round_4_Replicate_4
3405    , -572.546    , array([ 0.178473   ,  0.03153    ,  0.57966    ,  0.661707   ])
3406    , -555.888    , array([ 0.163739   ,  0.03153    ,  0.57966    ,  0.661707   ])
3407    , -606.394    , array([ 0.178473   ,  0.0265253  ,  0.57966    ,  0.661707   ])
3408    , -572.131    , array([ 0.178473   ,  0.03153    ,  0.564069   ,  0.661707   ])
3409    , -573.058    , array([ 0.178473   ,  0.03153    ,  0.57966    ,  0.648185   ])
3410    , -535.14     , array([ 0.170947   ,  0.037479   ,  0.571812   ,  0.654912   ])
3411    , -508.598    , array([ 0.167304   ,  0.0445505  ,  0.567927   ,  0.65154    ])
3412    , -529.141    , array([ 0.165512   ,  0.037479   ,  0.565995   ,  0.670301   ])
3413    , -511.82     , array([ 0.159389   ,  0.0408621  ,  0.559283   ,  0.660854   ])
3414    , -490.469    , array([ 0.150626   ,  0.0465177  ,  0.572299   ,  0.660428   ])
3415    , -471.02     , array([ 0.138377   ,  0.0565021  ,  0.576459   ,  0.659789   ])
3416    , -472.359    , array([ 0.150931   ,  0.0622713  ,  0.555366   ,  0.65947    ])
3417    , -469.226    , array([ 0.142585   ,  0.0675265  ,  0.563409   ,  0.645733   ])
3418    , -486.856    , array([ 0.132341   ,  0.0906395  ,  0.56212    ,  0.633789   ])
3419    , -476.047    , array([ 0.14004    ,  0.0796195  ,  0.572269   ,  0.647428   ])
3420    , -500.776    , array([ 0.122061   ,  0.0976273  ,  0.565709   ,  0.654608   ])
3421    , -475.186    , array([ 0.132071   ,  0.0802401  ,  0.566262   ,  0.65384    ])
3422    , -473.433    , array([ 0.141615   ,  0.0548391  ,  0.558463   ,  0.662019   ])
3423    , -497.273    , array([ 0.15549    ,  0.0449849  ,  0.560486   ,  0.659615   ])
3424    , -468.442    , array([ 0.137573   ,  0.0694321  ,  0.564813   ,  0.655279   ])
3425    , -472.518    , array([ 0.142927   ,  0.0740635  ,  0.571536   ,  0.64814    ])
3426    , -469.779    , array([ 0.142598   ,  0.068703   ,  0.568239   ,  0.651582   ])
3427    , -468.334    , array([ 0.130351   ,  0.0685093  ,  0.581346   ,  0.646743   ])
3428    , -471.574    , array([ 0.121138   ,  0.0718588  ,  0.594788   ,  0.640472   ])
3429    , -477.842    , array([ 0.137992   ,  0.0831409  ,  0.562443   ,  0.640008   ])
3430    , -468.507    , array([ 0.13828    ,  0.0622304  ,  0.572923   ,  0.654787   ])
3431    , -467.239    , array([ 0.131864   ,  0.0650755  ,  0.572926   ,  0.64966    ])
3432    , -467.045    , array([ 0.126804   ,  0.0633343  ,  0.575283   ,  0.648701   ])
likelihood = -467.05
theta = 563.48
Optimized parameters = [0.12680433 0.0633343  0.57528346 0.64870111]

Round_4_Replicate_5
3433    , -753.443    , array([ 0.205489   ,  0.0326945  ,  1.05589    ,  0.801357   ])
3434    , -709.192    , array([ 0.189857   ,  0.0326945  ,  1.05589    ,  0.801357   ])
3435    , -773.228    , array([ 0.205489   ,  0.0275549  ,  1.05589    ,  0.801357   ])
3436    , -754.715    , array([ 0.205489   ,  0.0326945  ,  1.05876    ,  0.801357   ])
3437    , -753.461    , array([ 0.205489   ,  0.0326945  ,  1.05589    ,  0.792533   ])
3438    , -719.181    , array([ 0.197518   ,  0.0387928  ,  1.05733    ,  0.796933   ])
3439    , -711.929    , array([ 0.19365    ,  0.0356134  ,  1.05374    ,  0.79473    ])
3440    , -694.219    , array([ 0.187989   ,  0.0371691  ,  1.05553    ,  0.804691   ])
3441    , -668.769    , array([ 0.179806   ,  0.0396311  ,  1.05535    ,  0.81084    ])
3442    , -657.018    , array([ 0.175849   ,  0.0409225  ,  1.05526    ,  0.800526   ])
3443    , -621.965    , array([ 0.162673   ,  0.0457832  ,  1.05495    ,  0.80011    ])
3444    , -633.299    , array([ 0.166026   ,  0.0374683  ,  1.05264    ,  0.806573   ])
3445    , -607.376    , array([ 0.156799   ,  0.0418627  ,  1.05568    ,  0.814813   ])
3446    , -570.516    , array([ 0.141094   ,  0.0453873  ,  1.05665    ,  0.825044   ])
3447    , -571.67     , array([ 0.137872   ,  0.0537273  ,  1.0539     ,  0.81993    ])
3448    , -546.91     , array([ 0.127477   ,  0.0516077  ,  1.05372    ,  0.81487    ])
3449    , -527.955    , array([ 0.107336   ,  0.0588916  ,  1.0529     ,  0.816893   ])
3450    , -560.881    , array([ 0.111006   ,  0.0684354  ,  1.05656    ,  0.824405   ])
3451    , -543.661    , array([ 0.0935884  ,  0.068474   ,  1.05505    ,  0.843587   ])
3452    , -533.916    , array([ 0.0909783  ,  0.0658722  ,  1.05668    ,  0.834987   ])
3453    , -652.082    , array([ 0.0713871  ,  0.0939391  ,  1.05395    ,  0.834796   ])
3454    , -536.937    , array([ 0.118997   ,  0.0544393  ,  1.05597    ,  0.827471   ])
3455    , -505.748    , array([ 0.093945   ,  0.0555669  ,  1.05374    ,  0.836995   ])
3456    , -488.343    , array([ 0.0864244  ,  0.0500707  ,  1.05234    ,  0.843362   ])
3457    , -505.693    , array([ 0.10708    ,  0.0474898  ,  1.05389    ,  0.817854   ])
likelihood = -488.34
theta = 797.68
Optimized parameters = [0.08642441 0.05007068 1.05233772 0.84336206]
