
Round_1_Replicate_1
1       , -60821.5    , array([ 0.254198   ,  4.31002    ,  0.481121   ])
2       , -60367.4    , array([ 0.237372   ,  4.31002    ,  0.481121   ])
3       , -61815.2    , array([ 0.254198   ,  4.63664    ,  0.481121   ])
4       , -61278.7    , array([ 0.254198   ,  4.31002    ,  0.463839   ])
5       , -59747.7    , array([ 0.242853   ,  4.00641    ,  0.469529   ])
6       , -58715.6    , array([ 0.237372   ,  3.72419    ,  0.463839   ])
7       , -58839.6    , array([ 0.232015   ,  3.91004    ,  0.487024   ])
likelihood = -58715.6
theta = 4243.83
Optimized parameters = [0.23737246 3.72418673 0.46383862]

Round_1_Replicate_2
8       , -48952.8    , array([ 0.198646   ,  1.13938    ,  1.07295    ])
9       , -50305.9    , array([ 0.183224   ,  1.13938    ,  1.07295    ])
10      , -49019.3    , array([ 0.198646   ,  1.14684    ,  1.07295    ])
11      , -49000.5    , array([ 0.198646   ,  1.13938    ,  1.07674    ])
12      , -47708.1    , array([ 0.215365   ,  1.14435    ,  1.07547    ])
13      , -46463.3    , array([ 0.233492   ,  1.14684    ,  1.07674    ])
14      , -47244.5    , array([ 0.221245   ,  1.13691    ,  1.078      ])
likelihood = -46463.26
theta = 5920.96
Optimized parameters = [0.23349161 1.1468422  1.07673619]

Round_1_Replicate_3
15      , -125302     , array([ 4.36481    ,  1.83899    ,  0.811434   ])
16      , -128268     , array([ 4.69854    ,  1.83899    ,  0.811434   ])
17      , -127530     , array([ 4.36481    ,  1.89586    ,  0.811434   ])
18      , -126326     , array([ 4.36481    ,  1.83899    ,  0.803001   ])
19      , -124373     , array([ 4.05478    ,  1.87671    ,  0.805802   ])
20      , -122233     , array([ 3.76677    ,  1.89586    ,  0.803001   ])
21      , -121867     , array([ 3.9564     ,  1.82041    ,  0.800209   ])
22      , -119081     , array([ 3.76677    ,  1.78381    ,  0.794655   ])
likelihood = -119081.35
theta = 2508.45
Optimized parameters = [3.76676505 1.78381311 0.79465512]

Round_1_Replicate_4
23      , -72167      , array([ 0.225367   ,  0.521233   ,  0.132066   ])
24      , -68450.2    , array([ 0.209187   ,  0.521233   ,  0.132066   ])
25      , -71238.3    , array([ 0.225367   ,  0.504526   ,  0.132066   ])
26      , -80132.7    , array([ 0.225367   ,  0.521233   ,  0.119352   ])
27      , -62311.9    , array([ 0.214447   ,  0.510034   ,  0.146134   ])
28      , -55179.2    , array([ 0.209187   ,  0.504526   ,  0.1617     ])
29      , -57726.4    , array([ 0.204056   ,  0.499077   ,  0.151149   ])
likelihood = -55179.22
theta = 9018.23
Optimized parameters = [0.20918717 0.50452582 0.1617004 ]

Round_1_Replicate_5
30      , -70862.9    , array([ 0.28069    ,  7.03793    ,  1.2763     ])
31      , -72040.9    , array([ 0.263414   ,  7.03793    ,  1.2763     ])
32      , -72325.6    , array([ 0.28069    ,  7.7592     ,  1.2763     ])
33      , -71045.3    , array([ 0.28069    ,  7.03793    ,  1.29197    ])
34      , -70294.5    , array([ 0.269051   ,  6.3837     ,  1.28672    ])
35      , -69273.6    , array([ 0.263414   ,  5.79029    ,  1.29197    ])
36      , -68759.2    , array([ 0.286697   ,  6.17943    ,  1.29723    ])
37      , -67146.1    , array([ 0.299099   ,  5.79029    ,  1.30782    ])
likelihood = -67146.07
theta = 2601.09
Optimized parameters = [0.29909941 5.79028922 1.30782373]

Round_1_Replicate_6
38      , -61619.5    , array([ 0.366018   ,  5.52599    ,  0.875691   ])
39      , -61690.7    , array([ 0.348078   ,  5.52599    ,  0.875691   ])
40      , -62859.8    , array([ 0.366018   ,  6.01908    ,  0.875691   ])
41      , -61635.2    , array([ 0.366018   ,  5.52599    ,  0.869899   ])
42      , -60416.1    , array([ 0.353958   ,  5.07329    ,  0.871825   ])
43      , -59200.8    , array([ 0.348078   ,  4.65767    ,  0.869899   ])
44      , -59974.7    , array([ 0.3722     ,  4.93078    ,  0.867976   ])
likelihood = -59200.76
theta = 3179.33
Optimized parameters = [0.34807839 4.65767172 0.86989867]

Round_1_Replicate_7
45      , -64928.7    , array([ 0.588706   ,  1.70029    ,  7.03825    ])
46      , -65352.7    , array([ 0.573315   ,  1.70029    ,  7.03825    ])
47      , -64679.6    , array([ 0.588706   ,  1.74602    ,  7.03825    ])
48      , -67505.1    , array([ 0.588706   ,  1.70029    ,  7.75958    ])
49      , -62697      , array([ 0.5784     ,  1.73064    ,  6.38398    ])
50      , -60569.9    , array([ 0.573315   ,  1.74602    ,  5.79053    ])
51      , -61416.1    , array([ 0.593928   ,  1.76154    ,  6.1797     ])
likelihood = -60569.88
theta = 2716.46
Optimized parameters = [0.5733152  1.74602247 5.79053037]

Round_1_Replicate_8
52      , -66795.1    , array([ 0.278628   ,  3.24643    ,  2.38907    ])
53      , -68011.8    , array([ 0.261383   ,  3.24643    ,  2.38907    ])
54      , -67843.2    , array([ 0.278628   ,  3.44331    ,  2.38907    ])
55      , -67210.5    , array([ 0.278628   ,  3.24643    ,  2.4954     ])
56      , -66587.5    , array([ 0.297012   ,  3.37639    ,  2.45944    ])
57      , -65920.7    , array([ 0.316609   ,  3.44331    ,  2.4954     ])
58      , -65408.7    , array([ 0.303406   ,  3.18334    ,  2.53188    ])
59      , -64195.5    , array([ 0.316609   ,  3.0608     ,  2.60646    ])
likelihood = -64195.46
theta = 2890.63
Optimized parameters = [0.31660879 3.06080461 2.6064592 ]

Round_1_Replicate_9
60      , -121266     , array([ 0.839647   ,  1.79385    ,  0.318716   ])
61      , -120566     , array([ 0.832341   ,  1.79385    ,  0.318716   ])
62      , -122495     , array([ 0.839647   ,  1.84704    ,  0.318716   ])
63      , -127681     , array([ 0.839647   ,  1.79385    ,  0.301005   ])
64      , -115521     , array([ 0.834769   ,  1.82914    ,  0.337469   ])
65      , -109913     , array([ 0.832341   ,  1.84704    ,  0.357325   ])
66      , -111969     , array([ 0.82992    ,  1.77647    ,  0.343962   ])
likelihood = -109913.2
theta = 4583.86
Optimized parameters = [0.83234134 1.84704072 0.35732502]

Round_1_Replicate_10
67      , -87169.3    , array([ 2.1782     ,  2.22828    ,  1.01993    ])
68      , -88829.6    , array([ 2.26465    ,  2.22828    ,  1.01993    ])
69      , -88736.1    , array([ 2.1782     ,  2.31937    ,  1.01993    ])
70      , -87105.6    , array([ 2.1782     ,  2.22828    ,  1.02093    ])
71      , -86491      , array([ 2.09504    ,  2.2886     ,  1.0206     ])
72      , -85291.6    , array([ 2.01506    ,  2.31937    ,  1.02093    ])
73      , -84399.3    , array([ 2.06803    ,  2.19873    ,  1.02127    ])
74      , -82316.1    , array([ 2.01506    ,  2.14078    ,  1.02194    ])
likelihood = -82316.11
theta = 2803.44
Optimized parameters = [2.01505668 2.14078002 1.0219425 ]

Round_2_Replicate_1
75      , -75039.6    , array([ 0.137071   ,  0.605842   ,  2.77797    ])
76      , -77224.8    , array([ 0.124106   ,  0.605842   ,  2.77797    ])
77      , -75354.7    , array([ 0.137071   ,  0.590851   ,  2.77797    ])
78      , -76618.4    , array([ 0.137071   ,  0.605842   ,  2.92358    ])
79      , -74390.8    , array([ 0.15139    ,  0.595806   ,  2.87421    ])
80      , -75313.5    , array([ 0.167205   ,  0.590851   ,  2.92358    ])
81      , -75674.2    , array([ 0.146458   ,  0.589208   ,  2.70024    ])
82      , -74179.3    , array([ 0.144053   ,  0.593323   ,  2.75442    ])
83      , -73657.3    , array([ 0.15139    ,  0.605842   ,  2.82568    ])
84      , -75050.7    , array([ 0.159101   ,  0.61348    ,  2.84985    ])
85      , -75290.7    , array([ 0.161758   ,  0.590851   ,  2.85795    ])
86      , -74456      , array([ 0.142865   ,  0.602059   ,  2.79775    ])
likelihood = -73657.3
theta = 6267.28
Optimized parameters = [0.15139007 0.60584235 2.82568377]

Round_2_Replicate_2
87      , -33167.5    , array([ 0.247669   ,  0.462838   ,  0.590341   ])
88      , -33570.8    , array([ 0.230975   ,  0.462838   ,  0.590341   ])
89      , -33213.9    , array([ 0.247669   ,  0.445349   ,  0.590341   ])
90      , -32851.2    , array([ 0.247669   ,  0.462838   ,  0.574987   ])
91      , -32726.6    , array([ 0.26557    ,  0.451104   ,  0.580061   ])
92      , -32550.7    , array([ 0.284764   ,  0.445349   ,  0.574987   ])
93      , -32496.5    , array([ 0.271819   ,  0.468819   ,  0.569959   ])
94      , -32361      , array([ 0.284764   ,  0.481014   ,  0.560033   ])
95      , -32267      , array([ 0.298324   ,  0.462838   ,  0.55028    ])
96      , -32495.7    , array([ 0.327414   ,  0.462838   ,  0.53128    ])
97      , -32707.8    , array([ 0.337728   ,  0.462838   ,  0.548671   ])
98      , -32422      , array([ 0.312531   ,  0.462838   ,  0.555135   ])
likelihood = -32266.99
theta = 8747.2
Optimized parameters = [0.29832448 0.46283786 0.55027987]

Round_2_Replicate_3
99      , -51287.3    , array([ 0.24171    ,  1.1193     ,  1.60423    ])
100     , -52386.8    , array([ 0.225143   ,  1.1193     ,  1.60423    ])
101     , -51318.2    , array([ 0.24171    ,  1.12562    ,  1.60423    ])
102     , -51631.8    , array([ 0.24171    ,  1.1193     ,  1.64259    ])
103     , -50476.7    , array([ 0.259495   ,  1.12351    ,  1.62971    ])
104     , -49579.9    , array([ 0.278589   ,  1.12562    ,  1.64259    ])
105     , -49814.2    , array([ 0.26571    ,  1.12774    ,  1.59164    ])
106     , -49159      , array([ 0.28302    ,  1.12281    ,  1.62117    ])
107     , -48152.2    , array([ 0.306252   ,  1.1214     ,  1.62971    ])
108     , -47230.8    , array([ 0.33139    ,  1.13057    ,  1.63829    ])
109     , -45484.5    , array([ 0.388028   ,  1.13624    ,  1.65559    ])
likelihood = -45484.52
theta = 5049.21
Optimized parameters = [0.38802771 1.13624257 1.65558502]

Round_2_Replicate_4
110     , -51407.3    , array([ 0.734403   ,  1.87783    ,  4.15647    ])
111     , -51556.5    , array([ 0.723155   ,  1.87783    ,  4.15647    ])
112     , -51416      , array([ 0.734403   ,  1.93793    ,  4.15647    ])
113     , -52310.8    , array([ 0.734403   ,  1.87783    ,  4.46335    ])
114     , -50713.1    , array([ 0.726885   ,  1.91769    ,  3.87069    ])
115     , -50060.4    , array([ 0.723155   ,  1.93793    ,  3.60456    ])
116     , -50368.2    , array([ 0.738191   ,  1.95839    ,  3.77987    ])
117     , -49788.2    , array([ 0.729382   ,  1.91098    ,  3.54795    ])
118     , -49044.9    , array([ 0.726885   ,  1.89765    ,  3.27796    ])
119     , -48605.8    , array([ 0.724396   ,  1.98601    ,  3.02852    ])
120     , -47627.5    , array([ 0.719444   ,  2.04241    ,  2.58514    ])
likelihood = -47627.54
theta = 3120.9
Optimized parameters = [0.7194436  2.04241067 2.58513532]

Round_2_Replicate_5
121     , -55276.3    , array([ 0.125045   ,  0.72666    ,  1.1535     ])
122     , -57352.8    , array([ 0.112699   ,  0.72666    ,  1.1535     ])
123     , -55253.1    , array([ 0.125045   ,  0.715151   ,  1.1535     ])
124     , -55423.1    , array([ 0.125045   ,  0.72666    ,  1.16176    ])
125     , -53428.3    , array([ 0.138744   ,  0.718967   ,  1.159      ])
126     , -51673.4    , array([ 0.153943   ,  0.715151   ,  1.16176    ])
127     , -52666.9    , array([ 0.143635   ,  0.711355   ,  1.15075    ])
128     , -51206.6    , array([ 0.15754    ,  0.701332   ,  1.15716    ])
129     , -49407.7    , array([ 0.17683    ,  0.689001   ,  1.159      ])
130     , -47702.7    , array([ 0.198481   ,  0.695139   ,  1.16084    ])
131     , -44617.6    , array([ 0.25006    ,  0.685344   ,  1.16453    ])
likelihood = -44617.56
theta = 7276.79
Optimized parameters = [0.25005986 0.6853438  1.16453025]

Round_2_Replicate_6
132     , -62291      , array([ 0.085371   ,  1.64287    ,  0.599976   ])
133     , -64917.5    , array([ 0.0754876  ,  1.64287    ,  0.599976   ])
134     , -62644.9    , array([ 0.085371   ,  1.68416    ,  0.599976   ])
135     , -61954.7    , array([ 0.085371   ,  1.64287    ,  0.584845   ])
136     , -59728.8    , array([ 0.0965483  ,  1.67028    ,  0.589846   ])
137     , -57199.2    , array([ 0.109189   ,  1.68416    ,  0.584845   ])
138     , -58307.2    , array([ 0.10059    ,  1.62933    ,  0.579886   ])
139     , -56037.7    , array([ 0.112216   ,  1.6611     ,  0.566868   ])
140     , -53062      , array([ 0.128655   ,  1.67028    ,  0.551006   ])
141     , -50869.1    , array([ 0.147502   ,  1.67952    ,  0.558881   ])
142     , -47323.6    , array([ 0.193883   ,  1.69815    ,  0.546334   ])
likelihood = -47323.63
theta = 5623.56
Optimized parameters = [0.19388319 1.69815371 0.54633427]

Round_2_Replicate_7
143     , -64362.5    , array([ 0.294217   ,  4.12853    ,  1.51277    ])
144     , -65478      , array([ 0.276759   ,  4.12853    ,  1.51277    ])
145     , -65444.2    , array([ 0.294217   ,  4.43185    ,  1.51277    ])
146     , -64649.1    , array([ 0.294217   ,  4.12853    ,  1.5444     ])
147     , -64175.6    , array([ 0.312777   ,  4.32835    ,  1.53379    ])
148     , -63554.4    , array([ 0.332508   ,  4.43185    ,  1.5444     ])
149     , -62929.6    , array([ 0.31922    ,  4.03211    ,  1.5551     ])
150     , -61693.8    , array([ 0.332508   ,  3.84597    ,  1.5767     ])
151     , -61795.7    , array([ 0.346348   ,  4.12853    ,  1.5444     ])
152     , -60482.2    , array([ 0.386138   ,  4.12853    ,  1.59861    ])
153     , -58841.7    , array([ 0.442363   ,  4.12853    ,  1.64334    ])
likelihood = -58841.67
theta = 2734.06
Optimized parameters = [0.44236307 4.1285299  1.64333714]

Round_2_Replicate_8
154     , -46517.3    , array([ 0.379668   ,  1.45053    ,  0.553361   ])
155     , -45874.4    , array([ 0.361721   ,  1.45053    ,  0.553361   ])
156     , -46820      , array([ 0.379668   ,  1.47776    ,  0.553361   ])
157     , -47113.3    , array([ 0.379668   ,  1.45053    ,  0.537228   ])
158     , -45760.8    , array([ 0.367607   ,  1.46863    ,  0.569978   ])
159     , -45213.8    , array([ 0.361721   ,  1.47776    ,  0.587094   ])
160     , -44957.3    , array([ 0.355929   ,  1.44157    ,  0.575627   ])
161     , -44198.9    , array([ 0.344623   ,  1.42381    ,  0.587094   ])
162     , -44013.8    , array([ 0.333675   ,  1.45053    ,  0.598789   ])
163     , -43378.1    , array([ 0.312813   ,  1.45053    ,  0.622883   ])
164     , -43167.2    , array([ 0.317903   ,  1.45053    ,  0.647947   ])
165     , -42948      , array([ 0.298026   ,  1.45053    ,  0.70114    ])
likelihood = -42948.03
theta = 5478.34
Optimized parameters = [0.29802618 1.45053382 0.7011403 ]

Round_2_Replicate_9
166     , -59603.9    , array([ 0.383578   ,  1.70506    ,  0.394308   ])
167     , -58117.7    , array([ 0.365634   ,  1.70506    ,  0.394308   ])
168     , -60113.1    , array([ 0.383578   ,  1.75116    ,  0.394308   ])
169     , -61554.2    , array([ 0.383578   ,  1.70506    ,  0.376381   ])
170     , -57195.9    , array([ 0.37152    ,  1.73566    ,  0.413089   ])
171     , -55339.4    , array([ 0.365634   ,  1.75116    ,  0.432765   ])
172     , -55309.9    , array([ 0.359841   ,  1.68996    ,  0.419546   ])
173     , -53245.5    , array([ 0.348529   ,  1.66017    ,  0.432765   ])
174     , -52151.4    , array([ 0.337573   ,  1.70506    ,  0.4464     ])
175     , -49595.2    , array([ 0.316683   ,  1.70506    ,  0.474972   ])
176     , -48618      , array([ 0.321781   ,  1.70506    ,  0.505374   ])
177     , -46341.1    , array([ 0.301868   ,  1.70506    ,  0.572139   ])
likelihood = -46341.06
theta = 5272.16
Optimized parameters = [0.30186782 1.70505833 0.57213865]

Round_2_Replicate_10
178     , -46226.2    , array([ 0.425528   ,  0.499677   ,  1.37577    ])
179     , -46459.3    , array([ 0.407732   ,  0.499677   ,  1.37577    ])
180     , -46783.7    , array([ 0.425528   ,  0.482641   ,  1.37577    ])
181     , -46599.2    , array([ 0.425528   ,  0.499677   ,  1.39789    ])
182     , -46101.7    , array([ 0.41358    ,  0.517315   ,  1.39047    ])
183     , -45812.5    , array([ 0.407732   ,  0.535575   ,  1.39789    ])
184     , -45736.5    , array([ 0.401967   ,  0.523331   ,  1.36847    ])
185     , -45358.2    , array([ 0.39068    ,  0.535575   ,  1.354      ])
186     , -45135.4    , array([ 0.407732   ,  0.548106   ,  1.37577    ])
187     , -44552      , array([ 0.407732   ,  0.574052   ,  1.37577    ])
188     , -44550.4    , array([ 0.37971    ,  0.601228   ,  1.37577    ])
189     , -44198.7    , array([ 0.358686   ,  0.659498   ,  1.37577    ])
likelihood = -44198.74
theta = 6644.19
Optimized parameters = [0.35868554 0.6594983  1.37576514]

Round_3_Replicate_1
190     , -52331.4    , array([ 0.195077   ,  1.19696    ,  1.30223    ])
191     , -53717.9    , array([ 0.179769   ,  1.19696    ,  1.30223    ])
192     , -52418.6    , array([ 0.195077   ,  1.20776    ,  1.30223    ])
193     , -52506.7    , array([ 0.195077   ,  1.19696    ,  1.31953    ])
194     , -51162.2    , array([ 0.211687   ,  1.20415    ,  1.31374    ])
195     , -49945.4    , array([ 0.229713   ,  1.20776    ,  1.31953    ])
196     , -50605.7    , array([ 0.217533   ,  1.21139    ,  1.29651    ])
197     , -49527.9    , array([ 0.233922   ,  1.20295    ,  1.30989    ])
198     , -48158.9    , array([ 0.256156   ,  1.20055    ,  1.31374    ])
199     , -46968.6    , array([ 0.280503   ,  1.21624    ,  1.3176     ])
200     , -44630.3    , array([ 0.336359   ,  1.22599    ,  1.32536    ])
201     , -44709.7    , array([ 0.336359   ,  1.21139    ,  1.34297    ])
202     , -42441.4    , array([ 0.41073    ,  1.21745    ,  1.33511    ])
203     , -40724.4    , array([ 0.549214   ,  1.22233    ,  1.34297    ])
204     , -40717.5    , array([ 0.612437   ,  1.23954    ,  1.36082    ])
205     , -43030.3    , array([ 0.946979   ,  1.25951    ,  1.38499    ])
206     , -40941.1    , array([ 0.695453   ,  1.2474     ,  1.34297    ])
207     , -45173.9    , array([ 1.1287     ,  1.24685    ,  1.37285    ])
208     , -41678.7    , array([ 0.455247   ,  1.23118    ,  1.33707    ])
likelihood = -40717.5
theta = 4550.16
Optimized parameters = [0.61243724 1.23953837 1.36082066]

Round_3_Replicate_2
209     , -63042.7    , array([ 0.288555   ,  0.242605   ,  1.37415    ])
210     , -63455.3    , array([ 0.271169   ,  0.242605   ,  1.37415    ])
211     , -64742.4    , array([ 0.288555   ,  0.226019   ,  1.37415    ])
212     , -63449.3    , array([ 0.288555   ,  0.242605   ,  1.39616    ])
213     , -61943.9    , array([ 0.276845   ,  0.260409   ,  1.38878    ])
214     , -60645.7    , array([ 0.271169   ,  0.279518   ,  1.39616    ])
215     , -61258.4    , array([ 0.294595   ,  0.266629   ,  1.40357    ])
216     , -59862.5    , array([ 0.280694   ,  0.283952   ,  1.38633    ])
217     , -58185.1    , array([ 0.276845   ,  0.307197   ,  1.38144    ])
218     , -57264.1    , array([ 0.273048   ,  0.332345   ,  1.41352    ])
219     , -54886.7    , array([ 0.26561    ,  0.388986   ,  1.43363    ])
220     , -54953.9    , array([ 0.249606   ,  0.388986   ,  1.40357    ])
221     , -52129      , array([ 0.256596   ,  0.462501   ,  1.41602    ])
222     , -49673      , array([ 0.249606   ,  0.594927   ,  1.42606    ])
223     , -50274.4    , array([ 0.234567   ,  0.653838   ,  1.46175    ])
224     , -49113      , array([ 0.249606   ,  0.72998    ,  1.47819    ])
225     , -49476      , array([ 0.249606   ,  1          ,  1.51697    ])
226     , -51150      , array([ 0.225047   ,  1.11061    ,  1.47703    ])
227     , -49510.6    , array([ 0.234567   ,  0.854389   ,  1.46606    ])
likelihood = -49113.03
theta = 6763.34
Optimized parameters = [0.24960607 0.72998038 1.4781868 ]

Round_3_Replicate_3
228     , -48559.2    , array([ 0.138317   ,  0.214156   ,  0.599597   ])
229     , -49884.1    , array([ 0.125291   ,  0.214156   ,  0.599597   ])
230     , -50333.5    , array([ 0.138317   ,  0.198274   ,  0.599597   ])
231     , -47694.1    , array([ 0.138317   ,  0.214156   ,  0.584457   ])
232     , -47282.1    , array([ 0.12949    ,  0.231309   ,  0.589461   ])
233     , -46077.3    , array([ 0.125291   ,  0.249837   ,  0.584457   ])
234     , -44872.4    , array([ 0.142953   ,  0.237327   ,  0.579495   ])
235     , -42518.1    , array([ 0.152697   ,  0.249837   ,  0.569699   ])
236     , -42495.1    , array([ 0.138317   ,  0.263006   ,  0.560068   ])
237     , -40145      , array([ 0.138317   ,  0.291463   ,  0.541292   ])
238     , -39390.1    , array([ 0.138317   ,  0.322999   ,  0.545926   ])
239     , -37626.3    , array([ 0.138317   ,  0.396678   ,  0.527624   ])
240     , -34716.1    , array([ 0.163106   ,  0.376815   ,  0.509935   ])
241     , -32520.7    , array([ 0.186099   ,  0.46277    ,  0.476317   ])
242     , -35554.7    , array([ 0.152697   ,  0.56833    ,  0.46429    ])
243     , -36675.7    , array([ 0.180063   ,  0.760359   ,  0.441139   ])
244     , -38305.6    , array([ 0.21468    ,  0.862088   ,  0.401651   ])
245     , -35100.4    , array([ 0.154385   ,  0.481633   ,  0.49284    ])
246     , -36780.7    , array([ 0.148831   ,  0.331718   ,  0.517232   ])
247     , -34932.2    , array([ 0.171689   ,  0.617954   ,  0.459042   ])
likelihood = -32520.66
theta = 9826.98
Optimized parameters = [0.18609885 0.46276957 0.47631708]

Round_3_Replicate_4
248     , -69602.2    , array([ 0.487663   ,  0.146863   ,  1.02514    ])
249     , -69382.6    , array([ 0.470463   ,  0.146863   ,  1.02514    ])
250     , -72447.4    , array([ 0.487663   ,  0.133432   ,  1.02514    ])
251     , -69627.1    , array([ 0.487663   ,  0.146863   ,  1.02641    ])
252     , -66669.7    , array([ 0.476128   ,  0.161647   ,  1.02598    ])
253     , -63834.2    , array([ 0.470463   ,  0.177919   ,  1.02641    ])
254     , -65589.2    , array([ 0.464866   ,  0.166899   ,  1.02471    ])
255     , -63010.8    , array([ 0.450263   ,  0.181752   ,  1.0257     ])
256     , -59848.6    , array([ 0.432653   ,  0.202191   ,  1.02598    ])
257     , -56901.9    , array([ 0.44137    ,  0.224928   ,  1.02627    ])
258     , -51106.4    , array([ 0.427506   ,  0.278361   ,  1.02683    ])
259     , -51135.5    , array([ 0.422419   ,  0.278361   ,  1.02811    ])
260     , -45745.6    , array([ 0.38847    ,  0.351909   ,  1.02754    ])
261     , -40708.4    , array([ 0.352999   ,  0.49492    ,  1.02811    ])
262     , -39271.9    , array([ 0.368836   ,  0.562437   ,  1.02939    ])
263     , -39561      , array([ 0.340549   ,  0.93806    ,  1.03109    ])
264     , -38893.2    , array([ 0.345108   ,  0.652935   ,  1.02811    ])
265     , -40790.7    , array([ 0.311933   ,  1          ,  1.02811    ])
266     , -42599.5    , array([ 0.295642   ,  1.15268    ,  1.03024    ])
267     , -39387.9    , array([ 0.324198   ,  0.808044   ,  1.02939    ])
likelihood = -38893.2
theta = 7055.95
Optimized parameters = [0.34510814 0.65293465 1.02810874]

Round_3_Replicate_5
268     , -46125.1    , array([ 0.493388   ,  0.192528   ,  0.250333   ])
269     , -45323      , array([ 0.476264   ,  0.192528   ,  0.250333   ])
270     , -46351.2    , array([ 0.493388   ,  0.177304   ,  0.250333   ])
271     , -47445.8    , array([ 0.493388   ,  0.192528   ,  0.233584   ])
272     , -44845.2    , array([ 0.481905   ,  0.18224    ,  0.268282   ])
273     , -44251.5    , array([ 0.476264   ,  0.177304   ,  0.287518   ])
274     , -43638.9    , array([ 0.470689   ,  0.197887   ,  0.274547   ])
275     , -42351.6    , array([ 0.459735   ,  0.209059   ,  0.287518   ])
276     , -41982.6    , array([ 0.449035   ,  0.192528   ,  0.301103   ])
277     , -40766.6    , array([ 0.428377   ,  0.192528   ,  0.330228   ])
278     , -41089.1    , array([ 0.433451   ,  0.192528   ,  0.36217    ])
279     , -38213.4    , array([ 0.407069   ,  0.220861   ,  0.367787   ])
280     , -36084      , array([ 0.376337   ,  0.246501   ,  0.415969   ])
281     , -39733      , array([ 0.369024   ,  0.209059   ,  0.470464   ])
282     , -36095.2    , array([ 0.351587   ,  0.239825   ,  0.444653   ])
283     , -37374.7    , array([ 0.311853   ,  0.277648   ,  0.594646   ])
284     , -33292.9    , array([ 0.323583   ,  0.308937   ,  0.487941   ])
285     , -31973.4    , array([ 0.303006   ,  0.375553   ,  0.496922   ])
likelihood = -31973.36
theta = 9359.68
Optimized parameters = [0.3030056  0.37555266 0.49692216]

Round_4_Replicate_1
286     , -33763.6    , array([ 0.25223    ,  0.431062   ,  0.313987   ])
287     , -32944      , array([ 0.235444   ,  0.431062   ,  0.313987   ])
288     , -33297.1    , array([ 0.25223    ,  0.413301   ,  0.313987   ])
289     , -34837.5    , array([ 0.25223    ,  0.431062   ,  0.296318   ])
290     , -32123.9    , array([ 0.240911   ,  0.419139   ,  0.33271    ])
291     , -31246.4    , array([ 0.235444   ,  0.413301   ,  0.35255    ])
292     , -31282.5    , array([ 0.2301     ,  0.407545   ,  0.339196   ])
293     , -30827.3    , array([ 0.216437   ,  0.421103   ,  0.357117   ])
294     , -30569.8    , array([ 0.200492   ,  0.425059   ,  0.380855   ])
295     , -30364.2    , array([ 0.208312   ,  0.399995   ,  0.406171   ])
296     , -31463.8    , array([ 0.195942   ,  0.385311   ,  0.461964   ])
297     , -30804.6    , array([ 0.199472   ,  0.417834   ,  0.423977   ])
298     , -32353.5    , array([ 0.174545   ,  0.415022   ,  0.461304   ])
299     , -30543.5    , array([ 0.21847    ,  0.413731   ,  0.377062   ])
300     , -30672.8    , array([ 0.218904   ,  0.407828   ,  0.354742   ])
301     , -30465.8    , array([ 0.213875   ,  0.410307   ,  0.370911   ])
302     , -30332      , array([ 0.227378   ,  0.391566   ,  0.388002   ])
303     , -30417.6    , array([ 0.242144   ,  0.375823   ,  0.391626   ])
304     , -30203.4    , array([ 0.2143     ,  0.387788   ,  0.399451   ])
305     , -30221.8    , array([ 0.212245   ,  0.375433   ,  0.411139   ])
306     , -30415.5    , array([ 0.219194   ,  0.376583   ,  0.426646   ])
307     , -30287.5    , array([ 0.217852   ,  0.384745   ,  0.411973   ])
308     , -30244.9    , array([ 0.231868   ,  0.376409   ,  0.39331    ])
309     , -30266.8    , array([ 0.215213   ,  0.374524   ,  0.415474   ])
310     , -30116.5    , array([ 0.222806   ,  0.374383   ,  0.393513   ])
311     , -30080.9    , array([ 0.225325   ,  0.369308   ,  0.384595   ])
312     , -30383.2    , array([ 0.232548   ,  0.381021   ,  0.370616   ])
313     , -30165.3    , array([ 0.219422   ,  0.376138   ,  0.403774   ])
likelihood = -30080.89
theta = 10196.23
Optimized parameters = [0.22532481 0.36930767 0.38459544]

Round_4_Replicate_2
314     , -37222.1    , array([ 0.311904   ,  0.639747   ,  0.402343   ])
315     , -36484.6    , array([ 0.294254   ,  0.639747   ,  0.402343   ])
316     , -36915.3    , array([ 0.311904   ,  0.625617   ,  0.402343   ])
317     , -38110.1    , array([ 0.311904   ,  0.639747   ,  0.384438   ])
318     , -35810.8    , array([ 0.300024   ,  0.630292   ,  0.421082   ])
319     , -34948.7    , array([ 0.294254   ,  0.625617   ,  0.440694   ])
320     , -35044.9    , array([ 0.288596   ,  0.620977   ,  0.427521   ])
321     , -34436.9    , array([ 0.274032   ,  0.631858   ,  0.445175   ])
322     , -33878.1    , array([ 0.256857   ,  0.635002   ,  0.468271   ])
323     , -33458      , array([ 0.265306   ,  0.614843   ,  0.492566   ])
324     , -33365.2    , array([ 0.251918   ,  0.602757   ,  0.545002   ])
325     , -33635.1    , array([ 0.247073   ,  0.620977   ,  0.545002   ])
326     , -35251.4    , array([ 0.215673   ,  0.613319   ,  0.609151   ])
327     , -33764      , array([ 0.272264   ,  0.62252    ,  0.477842   ])
328     , -33544      , array([ 0.256857   ,  0.59631    ,  0.581062   ])
329     , -35127.2    , array([ 0.233092   ,  0.591072   ,  0.648726   ])
330     , -33375.9    , array([ 0.261893   ,  0.614504   ,  0.515797   ])
331     , -33123.3    , array([ 0.267029   ,  0.588416   ,  0.548279   ])
332     , -32946.6    , array([ 0.277603   ,  0.572782   ,  0.549925   ])
333     , -33214.5    , array([ 0.270508   ,  0.59653    ,  0.495713   ])
334     , -32866.3    , array([ 0.271092   ,  0.567524   ,  0.543846   ])
335     , -32738.3    , array([ 0.275812   ,  0.545398   ,  0.558437   ])
336     , -32711.9    , array([ 0.299377   ,  0.54127    ,  0.523127   ])
337     , -32879.8    , array([ 0.326361   ,  0.51292    ,  0.512522   ])
338     , -32857.5    , array([ 0.298302   ,  0.512601   ,  0.596156   ])
339     , -32548.8    , array([ 0.304955   ,  0.495773   ,  0.567098   ])
340     , -32665.3    , array([ 0.319625   ,  0.461242   ,  0.575885   ])
likelihood = -32548.78
theta = 8477.65
Optimized parameters = [0.30495451 0.49577258 0.56709783]

Round_4_Replicate_3
341     , -38386.1    , array([ 0.339529   ,  0.288174   ,  0.264799   ])
342     , -37259.1    , array([ 0.321677   ,  0.288174   ,  0.264799   ])
343     , -37883.7    , array([ 0.339529   ,  0.270793   ,  0.264799   ])
344     , -40104.8    , array([ 0.339529   ,  0.288174   ,  0.247778   ])
345     , -35996.3    , array([ 0.327521   ,  0.276467   ,  0.28299    ])
346     , -34598.4    , array([ 0.321677   ,  0.270793   ,  0.30243    ])
347     , -34828.7    , array([ 0.315938   ,  0.265236   ,  0.289327   ])
348     , -33410.7    , array([ 0.301128   ,  0.278385   ,  0.306928   ])
349     , -31946.8    , array([ 0.283589   ,  0.28226    ,  0.330443   ])
350     , -32302.6    , array([ 0.292227   ,  0.258003   ,  0.35576    ])
351     , -31665.3    , array([ 0.282457   ,  0.275196   ,  0.373707   ])
352     , -31773.2    , array([ 0.267071   ,  0.280316   ,  0.424719   ])
353     , -31481.8    , array([ 0.254383   ,  0.272462   ,  0.411685   ])
354     , -33448      , array([ 0.226215   ,  0.273301   ,  0.480325   ])
355     , -30647.3    , array([ 0.255289   ,  0.296557   ,  0.385749   ])
356     , -30296.5    , array([ 0.238609   ,  0.317943   ,  0.401678   ])
357     , -32394.8    , array([ 0.234456   ,  0.29346    ,  0.473027   ])
358     , -31120.6    , array([ 0.270416   ,  0.285019   ,  0.361447   ])
359     , -30385.4    , array([ 0.228658   ,  0.308113   ,  0.409067   ])
360     , -30068.5    , array([ 0.236474   ,  0.337792   ,  0.369754   ])
361     , -30426.8    , array([ 0.227998   ,  0.376116   ,  0.350418   ])
362     , -30514.4    , array([ 0.203426   ,  0.361631   ,  0.427576   ])
363     , -30139      , array([ 0.21843    ,  0.340736   ,  0.409988   ])
364     , -30121.4    , array([ 0.233347   ,  0.35774    ,  0.378367   ])
365     , -30076.6    , array([ 0.220315   ,  0.375037   ,  0.370271   ])
366     , -31041.1    , array([ 0.242052   ,  0.373058   ,  0.338943   ])
367     , -29964.7    , array([ 0.22411    ,  0.348544   ,  0.39094    ])
likelihood = -29964.72
theta = 10423.9
Optimized parameters = [0.22411    0.34854369 0.39093982]

Round_4_Replicate_4
368     , -57059.3    , array([ 0.180586   ,  0.212006   ,  0.853588   ])
369     , -57921.6    , array([ 0.165775   ,  0.212006   ,  0.853588   ])
370     , -58948.2    , array([ 0.180586   ,  0.196184   ,  0.853588   ])
371     , -56826.3    , array([ 0.180586   ,  0.212006   ,  0.846858   ])
372     , -55663.4    , array([ 0.170572   ,  0.229102   ,  0.849095   ])
373     , -54174.1    , array([ 0.165775   ,  0.247578   ,  0.846858   ])
374     , -54032.1    , array([ 0.185812   ,  0.235103   ,  0.844627   ])
375     , -52131      , array([ 0.196721   ,  0.247578   ,  0.840181   ])
376     , -51726      , array([ 0.180586   ,  0.260716   ,  0.835759   ])
377     , -49332.5    , array([ 0.180586   ,  0.28912    ,  0.826985   ])
378     , -47574.2    , array([ 0.180586   ,  0.320618   ,  0.82917    ])
379     , -44452.4    , array([ 0.180586   ,  0.394283   ,  0.820465   ])
380     , -42990.5    , array([ 0.208271   ,  0.374415   ,  0.811852   ])
381     , -39112.5    , array([ 0.233444   ,  0.460441   ,  0.794895   ])
382     , -40358.5    , array([ 0.196721   ,  0.566231   ,  0.788628   ])
383     , -39020.9    , array([ 0.226879   ,  0.758996   ,  0.776242   ])
384     , -42043.7    , array([ 0.254301   ,  1.22976    ,  0.75205    ])
385     , -37940.3    , array([ 0.26416    ,  0.861251   ,  0.754037   ])
386     , -41012      , array([ 0.31949    ,  1.27289    ,  0.722868   ])
387     , -36561.6    , array([ 0.295151   ,  0.793173   ,  0.761367   ])
388     , -37304.4    , array([ 0.361527   ,  0.938761   ,  0.748092   ])
389     , -42608.5    , array([ 0.290817   ,  1.40169    ,  0.733972   ])
390     , -37315.8    , array([ 0.246628   ,  0.608195   ,  0.779206   ])
391     , -35646.8    , array([ 0.316355   ,  0.733591   ,  0.753521   ])
392     , -35219.1    , array([ 0.373564   ,  0.72121    ,  0.742412   ])
393     , -34956.9    , array([ 0.342321   ,  0.574361   ,  0.767717   ])
394     , -35770.6    , array([ 0.389689   ,  0.469043   ,  0.774651   ])
395     , -36547.3    , array([ 0.456233   ,  0.782889   ,  0.735599   ])
396     , -36087.5    , array([ 0.509659   ,  0.595109   ,  0.735751   ])
likelihood = -34956.94
theta = 7654.93
Optimized parameters = [0.34232143 0.57436146 0.76771747]

Round_4_Replicate_5
397     , -37067.6    , array([ 0.527808   ,  0.709868   ,  0.740443   ])
398     , -36758.3    , array([ 0.51121    ,  0.709868   ,  0.740443   ])
399     , -36967.4    , array([ 0.527808   ,  0.697809   ,  0.740443   ])
400     , -37161.4    , array([ 0.527808   ,  0.709868   ,  0.729401   ])
401     , -36721      , array([ 0.516684   ,  0.701806   ,  0.751652   ])
402     , -36540.9    , array([ 0.51121    ,  0.697809   ,  0.763032   ])
403     , -36456.4    , array([ 0.505795   ,  0.693835   ,  0.755426   ])
404     , -36206.2    , array([ 0.495135   ,  0.685955   ,  0.763032   ])
405     , -36108.9    , array([ 0.4847     ,  0.697809   ,  0.770713   ])
406     , -35840.4    , array([ 0.464484   ,  0.697809   ,  0.786309   ])
407     , -35822      , array([ 0.469458   ,  0.678164   ,  0.802221   ])
408     , -35742.1    , array([ 0.449878   ,  0.662847   ,  0.835016   ])
409     , -35592.5    , array([ 0.431115   ,  0.666644   ,  0.826694   ])
410     , -35830.9    , array([ 0.395904   ,  0.651587   ,  0.86049    ])
411     , -35934.6    , array([ 0.405866   ,  0.665376   ,  0.87206    ])
412     , -35699.8    , array([ 0.426548   ,  0.670462   ,  0.843423   ])
413     , -36108.3    , array([ 0.408758   ,  0.63687    ,  0.886741   ])
414     , -35676.7    , array([ 0.449878   ,  0.682048   ,  0.810297   ])
415     , -35548.6    , array([ 0.422029   ,  0.683348   ,  0.818454   ])
416     , -35492.9    , array([ 0.408758   ,  0.693835   ,  0.810297   ])
417     , -35506      , array([ 0.432648   ,  0.691198   ,  0.788939   ])
418     , -35414.8    , array([ 0.39967    ,  0.68552    ,  0.806697   ])
419     , -35414.1    , array([ 0.376708   ,  0.687262   ,  0.804904   ])
420     , -35358.7    , array([ 0.381192   ,  0.715749   ,  0.776741   ])
421     , -35417.9    , array([ 0.358443   ,  0.741641   ,  0.752908   ])
422     , -35650.7    , array([ 0.349093   ,  0.706573   ,  0.805501   ])
423     , -35405.9    , array([ 0.41005    ,  0.69501    ,  0.793047   ])
424     , -35268.8    , array([ 0.370275   ,  0.704682   ,  0.7731     ])
425     , -35216      , array([ 0.352414   ,  0.710169   ,  0.755146   ])
426     , -35312.5    , array([ 0.384313   ,  0.727143   ,  0.745865   ])
likelihood = -35215.99
theta = 7023.42
Optimized parameters = [0.35241402 0.71016874 0.75514629]

Round_1_Replicate_1
1299    , -106627     , array([ 3.12332    ,  0.141516   ,  1.59451    ])
1300    , -107752     , array([ 3.30634    ,  0.141516   ,  1.59451    ])
1301    , -110206     , array([ 3.12332    ,  0.128336   ,  1.59451    ])
1302    , -107033     , array([ 3.12332    ,  0.141516   ,  1.63214    ])
1303    , -104195     , array([ 3.24417    ,  0.156051   ,  1.6195     ])
1304    , -101365     , array([ 3.30634    ,  0.172078   ,  1.63214    ])
1305    , -102200     , array([ 3.06459    ,  0.16122    ,  1.64488    ])
likelihood = -101365.07
theta = 2960.47
Optimized parameters = [3.3063395  0.17207825 1.6321394 ]

Round_1_Replicate_2
1306    , -80741      , array([ 0.300055   ,  0.737421   ,  5.44598    ])
1307    , -79408.9    , array([ 0.282528   ,  0.737421   ,  5.44598    ])
1308    , -81014.4    , array([ 0.300055   ,  0.726275   ,  5.44598    ])
1309    , -81208.6    , array([ 0.300055   ,  0.737421   ,  5.92761    ])
1310    , -78760.8    , array([ 0.288254   ,  0.729972   ,  5.00348    ])
1311    , -76424.8    , array([ 0.282528   ,  0.726275   ,  4.59694    ])
1312    , -78323.8    , array([ 0.276916   ,  0.741174   ,  4.86412    ])
likelihood = -76424.79
theta = 4447.91
Optimized parameters = [0.28252806 0.72627539 4.5969362 ]

Round_1_Replicate_3
1313    , -100159     , array([ 1.8975     ,  0.192762   ,  3.46948    ])
1314    , -100617     , array([ 1.95925    ,  0.192762   ,  3.46948    ])
1315    , -98733.4    , array([ 1.8975     ,  0.17753    ,  3.46948    ])
1316    , -97121.6    , array([ 1.8975     ,  0.192762   ,  3.69213    ])
1317    , -98107.8    , array([ 1.83769    ,  0.182469   ,  3.61637    ])
1318    , -100022     , array([ 1.85741    ,  0.175914   ,  3.71774    ])
1319    , -98991.4    , array([ 1.86736    ,  0.179982   ,  3.65406    ])
likelihood = -97121.64
theta = 3212.57
Optimized parameters = [1.89749942 0.19276166 3.69213361]

Round_1_Replicate_4
1320    , -94247.3    , array([ 3.48898    ,  1.24192    ,  0.802222   ])
1321    , -96188.4    , array([ 3.71393    ,  1.24192    ,  0.802222   ])
1322    , -94786.4    , array([ 3.48898    ,  1.25544    ,  0.802222   ])
1323    , -94995.6    , array([ 3.48898    ,  1.24192    ,  0.793432   ])
1324    , -93121.9    , array([ 3.27766    ,  1.25092    ,  0.796351   ])
1325    , -91528.2    , array([ 3.07913    ,  1.25544    ,  0.793432   ])
1326    , -92067.8    , array([ 3.2101     ,  1.25999    ,  0.805174   ])
likelihood = -91528.2
theta = 2885.8
Optimized parameters = [3.07913355 1.25544406 0.79343153]

Round_1_Replicate_5
1327    , -40857.5    , array([ 0.841775   ,  0.796346   ,  1.24229    ])
1328    , -40782      , array([ 0.834557   ,  0.796346   ,  1.24229    ])
1329    , -40887.2    , array([ 0.841775   ,  0.78733    ,  1.24229    ])
1330    , -40886.6    , array([ 0.841775   ,  0.796346   ,  1.25584    ])
1331    , -40798.8    , array([ 0.836956   ,  0.805465   ,  1.25131    ])
1332    , -40741.8    , array([ 0.833759   ,  0.802414   ,  1.23483    ])
1333    , -40674.7    , array([ 0.829779   ,  0.805465   ,  1.22445    ])
likelihood = -40674.7
theta = 4893.33
Optimized parameters = [0.8297792  0.8054648  1.22445259]

Round_1_Replicate_6
1334    , -87436.5    , array([ 0.153574   ,  5.35607    ,  2.16564    ])
1335    , -89707.5    , array([ 0.139841   ,  5.35607    ,  2.16564    ])
1336    , -88890.5    , array([ 0.153574   ,  5.8249     ,  2.16564    ])
1337    , -88100.8    , array([ 0.153574   ,  5.35607    ,  2.25094    ])
1338    , -86588.5    , array([ 0.168656   ,  5.66423    ,  2.22214    ])
1339    , -85051.7    , array([ 0.18522    ,  5.8249     ,  2.25094    ])
1340    , -84817.3    , array([ 0.174006   ,  5.20833    ,  2.28012    ])
1341    , -82769.6    , array([ 0.18522    ,  4.92497    ,  2.33961    ])
likelihood = -82769.58
theta = 2409.75
Optimized parameters = [0.18521968 4.92497343 2.33961287]

Round_1_Replicate_7
1342    , -204300     , array([ 4.61854    ,  1.01022    ,  0.277324   ])
1343    , -207221     , array([ 4.98574    ,  1.01022    ,  0.277324   ])
1344    , -204368     , array([ 4.61854    ,  1.01074    ,  0.277324   ])
1345    , -214771     , array([ 4.61854    ,  1.01022    ,  0.260098   ])
1346    , -196238     , array([ 4.8602     ,  1.01056    ,  0.295691   ])
1347    , -187562     , array([ 4.98574    ,  1.01074    ,  0.315275   ])
1348    , -190154     , array([ 4.50225    ,  1.01091    ,  0.30208    ])
likelihood = -187561.6
theta = 3256.47
Optimized parameters = [4.98573823 1.01073546 0.31527471]

Round_1_Replicate_8
1349    , -78124.6    , array([ 2.98613    ,  0.287666   ,  1.2455     ])
1350    , -79130.4    , array([ 3.15401    ,  0.287666   ,  1.2455     ])
1351    , -80082.4    , array([ 2.98613    ,  0.270292   ,  1.2455     ])
1352    , -78300.1    , array([ 2.98613    ,  0.287666   ,  1.25925    ])
1353    , -77021.3    , array([ 3.09703    ,  0.306157   ,  1.25465    ])
1354    , -75603      , array([ 3.15401    ,  0.325837   ,  1.25925    ])
1355    , -75514.1    , array([ 2.93217    ,  0.312581   ,  1.26387    ])
1356    , -73752.5    , array([ 2.82718    ,  0.325837   ,  1.27315    ])
likelihood = -73752.47
theta = 3275.62
Optimized parameters = [2.82717641 0.32583683 1.2731489 ]

Round_1_Replicate_9
1357    , -64298.5    , array([ 0.249602   ,  3.81237    ,  0.357471   ])
1358    , -62957.5    , array([ 0.232868   ,  3.81237    ,  0.357471   ])
1359    , -65210.1    , array([ 0.249602   ,  4.07619    ,  0.357471   ])
1360    , -65669.1    , array([ 0.249602   ,  3.81237    ,  0.33955    ])
1361    , -62873.2    , array([ 0.238317   ,  3.98628    ,  0.376339   ])
1362    , -61891.6    , array([ 0.232868   ,  4.07619    ,  0.396202   ])
1363    , -60970.6    , array([ 0.227543   ,  3.72828    ,  0.382847   ])
1364    , -59325.6    , array([ 0.217256   ,  3.56562    ,  0.396202   ])
likelihood = -59325.56
theta = 4512.2
Optimized parameters = [0.21725616 3.56561913 0.39620242]

Round_1_Replicate_10
1365    , -74994.1    , array([ 2.08704    ,  0.638847   ,  0.542972   ])
1366    , -75997.6    , array([ 2.16525    ,  0.638847   ,  0.542972   ])
1367    , -74320.3    , array([ 2.08704    ,  0.624693   ,  0.542972   ])
1368    , -76476.1    , array([ 2.08704    ,  0.638847   ,  0.526643   ])
1369    , -73806.4    , array([ 2.13886    ,  0.629376   ,  0.559807   ])
1370    , -72592.9    , array([ 2.16525    ,  0.624693   ,  0.577164   ])
1371    , -71972.7    , array([ 2.06161    ,  0.620045   ,  0.565534   ])
1372    , -70102.4    , array([ 2.01166    ,  0.610853   ,  0.577164   ])
likelihood = -70102.44
theta = 4114.14
Optimized parameters = [2.0116621  0.61085257 0.57716426]

Round_2_Replicate_1
1373    , -57533.4    , array([ 1.79419    ,  1.37149    ,  1.23988    ])
1374    , -58235.7    , array([ 1.84741    ,  1.37149    ,  1.23988    ])
1375    , -57835.4    , array([ 1.79419    ,  1.39332    ,  1.23988    ])
1376    , -57215.1    , array([ 1.79419    ,  1.37149    ,  1.25328    ])
1377    , -56823.4    , array([ 1.74251    ,  1.38601    ,  1.2488     ])
1378    , -56129      , array([ 1.69232    ,  1.39332    ,  1.25328    ])
1379    , -56103.7    , array([ 1.72562    ,  1.36429    ,  1.25778    ])
1380    , -55277.2    , array([ 1.69232    ,  1.35       ,  1.26683    ])
1381    , -54911.2    , array([ 1.65966    ,  1.37149    ,  1.27594    ])
1382    , -53676.5    , array([ 1.59623    ,  1.37149    ,  1.29436    ])
1383    , -52922.8    , array([ 1.53522    ,  1.37149    ,  1.28973    ])
1384    , -50976.9    , array([ 1.42011    ,  1.37149    ,  1.30836    ])
likelihood = -50976.9
theta = 3405.41
Optimized parameters = [1.42010807 1.37148845 1.30835533]

Round_2_Replicate_2
1385    , -71326.8    , array([ 0.238239   ,  0.432234   ,  2.66567    ])
1386    , -72408.8    , array([ 0.22175    ,  0.432234   ,  2.66567    ])
1387    , -72111.8    , array([ 0.238239   ,  0.414481   ,  2.66567    ])
1388    , -72783.7    , array([ 0.238239   ,  0.432234   ,  2.7996     ])
1389    , -71108      , array([ 0.227115   ,  0.420317   ,  2.53814    ])
1390    , -70292.1    , array([ 0.22175    ,  0.414481   ,  2.41672    ])
1391    , -70142.6    , array([ 0.244003   ,  0.408727   ,  2.497      ])
1392    , -69107      , array([ 0.255954   ,  0.397458   ,  2.41672    ])
1393    , -68340.7    , array([ 0.238239   ,  0.414481   ,  2.33901    ])
1394    , -66477.1    , array([ 0.238239   ,  0.414481   ,  2.19101    ])
1395    , -65915      , array([ 0.238239   ,  0.386499   ,  2.05238    ])
1396    , -63261.5    , array([ 0.238239   ,  0.365479   ,  1.80088    ])
likelihood = -63261.47
theta = 8180.42
Optimized parameters = [0.23823887 0.36547945 1.80087571]

Round_2_Replicate_3
1397    , -68175.3    , array([ 0.317309   ,  1.36298    ,  4.8279     ])
1398    , -69312.4    , array([ 0.29961    ,  1.36298    ,  4.8279     ])
1399    , -68070.6    , array([ 0.317309   ,  1.38425    ,  4.8279     ])
1400    , -70173.2    , array([ 0.317309   ,  1.36298    ,  5.22332    ])
1401    , -66870.2    , array([ 0.305397   ,  1.37712    ,  4.46242    ])
1402    , -65324.5    , array([ 0.29961    ,  1.38425    ,  4.12461    ])
1403    , -65068.5    , array([ 0.323438   ,  1.39141    ,  4.34685    ])
1404    , -63117.3    , array([ 0.336053   ,  1.40585    ,  4.12461    ])
1405    , -62976.4    , array([ 0.317309   ,  1.42043    ,  3.91373    ])
1406    , -60775.7    , array([ 0.317309   ,  1.45006    ,  3.52376    ])
1407    , -58730.5    , array([ 0.317309   ,  1.4426     ,  3.17266    ])
1408    , -55241.4    , array([ 0.317309   ,  1.47269    ,  2.57191    ])
likelihood = -55241.4
theta = 4164.19
Optimized parameters = [0.31730898 1.47269122 2.57190652]

Round_2_Replicate_4
1409    , -78283.9    , array([ 2.52933    ,  0.413389   ,  3.20139    ])
1410    , -79065.8    , array([ 2.64945    ,  0.413389   ,  3.20139    ])
1411    , -79578.3    , array([ 2.52933    ,  0.395528   ,  3.20139    ])
1412    , -79098.5    , array([ 2.52933    ,  0.413389   ,  3.39317    ])
1413    , -78047.5    , array([ 2.60879    ,  0.432057   ,  3.328      ])
1414    , -77295.2    , array([ 2.64945    ,  0.451568   ,  3.39317    ])
1415    , -77373.5    , array([ 2.69075    ,  0.438465   ,  3.1399     ])
1416    , -76244.6    , array([ 2.59538    ,  0.456022   ,  3.28525    ])
1417    , -74868.5    , array([ 2.56876    ,  0.47896    ,  3.328      ])
1418    , -74771.5    , array([ 2.74681    ,  0.503051   ,  3.37131    ])
1419    , -73091.1    , array([ 2.86247    ,  0.554931   ,  3.45962    ])
likelihood = -73091.09
theta = 2425.49
Optimized parameters = [2.8624658  0.55493128 3.4596153 ]

Round_2_Replicate_5
1420    , -62064.4    , array([ 0.941985   ,  1.06989    ,  0.586163   ])
1421    , -61963.3    , array([ 0.939175   ,  1.06989    ,  0.586163   ])
1422    , -62155.8    , array([ 0.941985   ,  1.07351    ,  0.586163   ])
1423    , -63356.5    , array([ 0.941985   ,  1.06989    ,  0.570715   ])
1424    , -60813.5    , array([ 0.940111   ,  1.0723     ,  0.602029   ])
1425    , -59613.1    , array([ 0.939175   ,  1.07351    ,  0.618325   ])
1426    , -60257.1    , array([ 0.93824    ,  1.06868    ,  0.607413   ])
1427    , -59190.3    , array([ 0.935751   ,  1.07149    ,  0.622005   ])
1428    , -57847.3    , array([ 0.932649   ,  1.0723     ,  0.64074    ])
1429    , -56712.9    , array([ 0.934198   ,  1.0731     ,  0.660039   ])
1430    , -54427.6    , array([ 0.93172    ,  1.07472    ,  0.700399   ])
likelihood = -54427.61
theta = 4663.48
Optimized parameters = [0.9317203  1.07471564 0.70039915]

Round_2_Replicate_6
1431    , -70210.7    , array([ 1.14567    ,  0.477523   ,  4.03908    ])
1432    , -70231      , array([ 1.15348    ,  0.477523   ,  4.03908    ])
1433    , -71226.1    , array([ 1.14567    ,  0.460197   ,  4.03908    ])
1434    , -71895.5    , array([ 1.14567    ,  0.477523   ,  4.33108    ])
1435    , -69276.4    , array([ 1.15087    ,  0.465901   ,  3.76676    ])
1436    , -68082      , array([ 1.15348    ,  0.460197   ,  3.5128     ])
1437    , -67794.4    , array([ 1.1561     ,  0.483442   ,  3.68013    ])
1438    , -66198.9    , array([ 1.16135    ,  0.495501   ,  3.5128     ])
1439    , -66164.9    , array([ 1.15348    ,  0.477523   ,  3.35308    ])
1440    , -64381.8    , array([ 1.15348    ,  0.477523   ,  3.0551     ])
1441    , -62796.2    , array([ 1.16663    ,  0.477523   ,  2.7836     ])
1442    , -59693      , array([ 1.17725    ,  0.477523   ,  2.31084    ])
likelihood = -59693.04
theta = 4268.47
Optimized parameters = [1.17725464 0.47752252 2.31083642]

Round_2_Replicate_7
1443    , -90956      , array([ 0.644284   ,  2.69743    ,  0.414858   ])
1444    , -89591.7    , array([ 0.630277   ,  2.69743    ,  0.414858   ])
1445    , -92169.3    , array([ 0.644284   ,  2.83464    ,  0.414858   ])
1446    , -94295.8    , array([ 0.644284   ,  2.69743    ,  0.397004   ])
1447    , -87697.6    , array([ 0.634912   ,  2.78814    ,  0.433516   ])
1448    , -84676.8    , array([ 0.630277   ,  2.83464    ,  0.453012   ])
1449    , -84677.9    , array([ 0.625676   ,  2.65318    ,  0.439919   ])
1450    , -81946.5    , array([ 0.61357    ,  2.75757    ,  0.457462   ])
1451    , -77984.3    , array([ 0.598766   ,  2.78814    ,  0.480378   ])
1452    , -76055.5    , array([ 0.606123   ,  2.81905    ,  0.504442   ])
1453    , -70675.1    , array([ 0.594395   ,  2.88191    ,  0.556246   ])
likelihood = -70675.14
theta = 3940.08
Optimized parameters = [0.59439479 2.88190527 0.55624555]

Round_2_Replicate_8
1454    , -110405     , array([ 3.27053    ,  0.734648   ,  0.423816   ])
1455    , -112160     , array([ 3.47016    ,  0.734648   ,  0.423816   ])
1456    , -109427     , array([ 3.27053    ,  0.723408   ,  0.423816   ])
1457    , -114032     , array([ 3.27053    ,  0.734648   ,  0.40601    ])
1458    , -107471     , array([ 3.4023     ,  0.727135   ,  0.442404   ])
1459    , -104451     , array([ 3.47016    ,  0.723408   ,  0.461806   ])
1460    , -104045     , array([ 3.20657    ,  0.7197     ,  0.448779   ])
1461    , -100213     , array([ 3.08239    ,  0.71234    ,  0.461806   ])
1462    , -99321.8    , array([ 3.27053    ,  0.705055   ,  0.475212   ])
1463    , -94500      , array([ 3.27053    ,  0.690709   ,  0.503202   ])
1464    , -91223.9    , array([ 3.27053    ,  0.694268   ,  0.53284    ])
1465    , -84212.4    , array([ 3.27053    ,  0.680141   ,  0.597457   ])
likelihood = -84212.43
theta = 3318.89
Optimized parameters = [3.27052987 0.68014139 0.59745694]

Round_2_Replicate_9
1466    , -87920.9    , array([ 1.9708     ,  0.430558   ,  0.319077   ])
1467    , -88854.7    , array([ 2.0388     ,  0.430558   ,  0.319077   ])
1468    , -86204.4    , array([ 1.9708     ,  0.412794   ,  0.319077   ])
1469    , -91535.6    , array([ 1.9708     ,  0.430558   ,  0.301363   ])
1470    , -84124      , array([ 2.01588    ,  0.418632   ,  0.337832   ])
1471    , -80955      , array([ 2.0388     ,  0.412794   ,  0.357689   ])
1472    , -81238.1    , array([ 1.94864    ,  0.407037   ,  0.344325   ])
1473    , -78321.6    , array([ 2.00074    ,  0.392075   ,  0.362258   ])
1474    , -74700.4    , array([ 2.01588    ,  0.374143   ,  0.385993   ])
1475    , -73015.9    , array([ 2.03113    ,  0.383004   ,  0.411283   ])
1476    , -68910.3    , array([ 2.06198    ,  0.368925   ,  0.466943   ])
likelihood = -68910.3
theta = 4525.5
Optimized parameters = [2.06198334 0.36892459 0.46694264]

Round_2_Replicate_10
1477    , -65706.5    , array([ 2.20578    ,  0.393041   ,  0.59147    ])
1478    , -66565      , array([ 2.29478    ,  0.393041   ,  0.59147    ])
1479    , -65642.2    , array([ 2.20578    ,  0.375111   ,  0.59147    ])
1480    , -66177      , array([ 2.20578    ,  0.393041   ,  0.576141   ])
1481    , -65080.3    , array([ 2.12024    ,  0.380994   ,  0.581206   ])
1482    , -64343.5    , array([ 2.03801    ,  0.375111   ,  0.576141   ])
1483    , -64391.5    , array([ 2.09247    ,  0.369318   ,  0.596669   ])
1484    , -63980      , array([ 2.02018    ,  0.354303   ,  0.584607   ])
1485    , -63289.3    , array([ 1.93331    ,  0.33639    ,  0.581206   ])
1486    , -62321.7    , array([ 1.85019    ,  0.345231   ,  0.577825   ])
1487    , -60755.9    , array([ 1.6945     ,  0.331195   ,  0.571121   ])
likelihood = -60755.93
theta = 4834.39
Optimized parameters = [1.69450074 0.33119537 0.57112077]

Round_3_Replicate_1
1488    , -70214.8    , array([ 0.244053   ,  2.38271    ,  4.58422    ])
1489    , -71368.3    , array([ 0.227436   ,  2.38271    ,  4.58422    ])
1490    , -70565.2    , array([ 0.244053   ,  2.48842    ,  4.58422    ])
1491    , -71071.3    , array([ 0.244053   ,  2.38271    ,  4.94685    ])
1492    , -72137.6    , array([ 0.261885   ,  2.45267    ,  4.82289    ])
1493    , -70832.4    , array([ 0.235598   ,  2.40001    ,  4.64276    ])
1494    , -72355.9    , array([ 0.238383   ,  2.46453    ,  4.28426    ])
1495    , -70637.1    , array([ 0.242623   ,  2.4029     ,  4.77216    ])
1496    , -72406.8    , array([ 0.251823   ,  2.44873    ,  4.64931    ])
1497    , -70502      , array([ 0.239554   ,  2.4121     ,  4.64439    ])
1498    , -72521.7    , array([ 0.242465   ,  2.45201    ,  4.44213    ])
1499    , -70380.5    , array([ 0.242584   ,  2.41509    ,  4.68742    ])
1500    , -70356.9    , array([ 0.240076   ,  2.321      ,  4.69339    ])
1501    , -70056.8    , array([ 0.24494    ,  2.33377    ,  4.66511    ])
1502    , -69961.5    , array([ 0.247679   ,  2.29556    ,  4.67551    ])
1503    , -69837.3    , array([ 0.245256   ,  2.25332    ,  4.61445    ])
1504    , -69655.8    , array([ 0.246603   ,  2.17655    ,  4.57839    ])
1505    , -71278      , array([ 0.25229    ,  2.24635    ,  4.53298    ])
1506    , -69879.4    , array([ 0.243073   ,  2.30211    ,  4.65277    ])
1507    , -69641.7    , array([ 0.247513   ,  2.13854    ,  4.68709    ])
1508    , -69499      , array([ 0.249261   ,  2.02601    ,  4.73939    ])
likelihood = -69499.05
theta = 2994.5
Optimized parameters = [0.24926051 2.02600826 4.73938516]

Round_3_Replicate_2
1509    , -58417.3    , array([ 0.244998   ,  0.447913   ,  1.74607    ])
1510    , -59329.8    , array([ 0.228361   ,  0.447913   ,  1.74607    ])
1511    , -59086.8    , array([ 0.244998   ,  0.430283   ,  1.74607    ])
1512    , -59159      , array([ 0.244998   ,  0.447913   ,  1.79541    ])
1513    , -58510.2    , array([ 0.262848   ,  0.436081   ,  1.77881    ])
1514    , -58194.6    , array([ 0.256758   ,  0.428367   ,  1.71924    ])
1515    , -57753.7    , array([ 0.262848   ,  0.418916   ,  1.68238    ])
1516    , -57370.1    , array([ 0.269082   ,  0.438031   ,  1.72458    ])
1517    , -56567.5    , array([ 0.281998   ,  0.441958   ,  1.71393    ])
1518    , -56595.9    , array([ 0.262848   ,  0.436081   ,  1.65141    ])
1519    , -55734.4    , array([ 0.295534   ,  0.417051   ,  1.62101    ])
1520    , -54702.7    , array([ 0.324586   ,  0.402426   ,  1.56189    ])
1521    , -54129.5    , array([ 0.317066   ,  0.43414    ,  1.60106    ])
1522    , -52514      , array([ 0.348235   ,  0.441958   ,  1.56189    ])
1523    , -52950.6    , array([ 0.382468   ,  0.420789   ,  1.57159    ])
1524    , -50982.4    , array([ 0.436802   ,  0.401828   ,  1.42922    ])
1525    , -49543.1    , array([ 0.543631   ,  0.383152   ,  1.30512    ])
1526    , -48699.3    , array([ 0.535201   ,  0.427095   ,  1.39137    ])
1527    , -47330.4    , array([ 0.687243   ,  0.43999    ,  1.31323    ])
likelihood = -47330.45
theta = 6150.08
Optimized parameters = [0.68724266 0.43998996 1.31323114]

Round_3_Replicate_3
1528    , -66799.2    , array([ 0.255315   ,  2.32174    ,  3.34161    ])
1529    , -68258      , array([ 0.238468   ,  2.32174    ,  3.34161    ])
1530    , -67320.6    , array([ 0.255315   ,  2.42161    ,  3.34161    ])
1531    , -67591.1    , array([ 0.255315   ,  2.32174    ,  3.54939    ])
1532    , -66213.4    , array([ 0.273352   ,  2.38785    ,  3.47874    ])
1533    , -65226.6    , array([ 0.292663   ,  2.42161    ,  3.54939    ])
1534    , -65374.6    , array([ 0.279643   ,  2.45585    ,  3.27509    ])
1535    , -64293.8    , array([ 0.297137   ,  2.37671    ,  3.43241    ])
1536    , -62838.7    , array([ 0.320551   ,  2.35457    ,  3.47874    ])
1537    , -62211.5    , array([ 0.34581    ,  2.50225    ,  3.52568    ])
1538    , -60134.4    , array([ 0.402455   ,  2.5977     ,  3.62149    ])
1539    , -60165.9    , array([ 0.402455   ,  2.45585    ,  3.84667    ])
1540    , -57315.5    , array([ 0.475539   ,  2.51399    ,  3.74491    ])
1541    , -54314.6    , array([ 0.60617    ,  2.56149    ,  3.84667    ])
1542    , -54235.4    , array([ 0.663931   ,  2.73492    ,  4.08585    ])
1543    , -51551.2    , array([ 0.955511   ,  2.94755    ,  4.42805    ])
1544    , -51367.9    , array([ 0.941126   ,  2.96138    ,  4.05856    ])
1545    , -49758.3    , array([ 1.43917    ,  3.25192    ,  4.16884    ])
1546    , -49692.1    , array([ 2.20079    ,  3.25192    ,  4.73502    ])
1547    , -58075.5    , array([ 5.14646    ,  3.63844    ,  5.41426    ])
likelihood = -49692.09
theta = 1651.84
Optimized parameters = [2.20078813 3.25191876 4.73501593]

Round_3_Replicate_4
1548    , -58362.6    , array([ 0.216063   ,  1.73494    ,  1.74169    ])
1549    , -59761.3    , array([ 0.200129   ,  1.73494    ,  1.74169    ])
1550    , -58728.9    , array([ 0.216063   ,  1.7834     ,  1.74169    ])
1551    , -58680.7    , array([ 0.216063   ,  1.73494    ,  1.79068    ])
1552    , -57467.7    , array([ 0.233266   ,  1.7671     ,  1.7742     ])
1553    , -56391.3    , array([ 0.251839   ,  1.7834     ,  1.79068    ])
1554    , -56880.7    , array([ 0.2393     ,  1.71908    ,  1.80732    ])
1555    , -55782.5    , array([ 0.256163   ,  1.75632    ,  1.76874    ])
1556    , -54424.3    , array([ 0.278923   ,  1.7671     ,  1.75787    ])
1557    , -53592.2    , array([ 0.303705   ,  1.77795    ,  1.82974    ])
1558    , -51477.8    , array([ 0.36007    ,  1.79985    ,  1.87543    ])
1559    , -51426.8    , array([ 0.36007    ,  1.85013    ,  1.80732    ])
1560    , -49090.7    , array([ 0.441682   ,  1.91935    ,  1.80732    ])
1561    , -47553.7    , array([ 0.497582   ,  1.87292    ,  1.83539    ])
1562    , -45296.2    , array([ 0.699416   ,  1.91935    ,  1.85816    ])
1563    , -45427.7    , array([ 0.829222   ,  1.99726    ,  1.94011    ])
1564    , -47457.9    , array([ 1.12019    ,  2.1018     ,  1.86007    ])
1565    , -52030      , array([ 1.69833    ,  2.09395    ,  1.96754    ])
1566    , -46153.3    , array([ 0.618497   ,  1.96159    ,  1.84611    ])
likelihood = -45296.18
theta = 3475.0
Optimized parameters = [0.69941586 1.91934909 1.85816297]

Round_3_Replicate_5
1567    , -50268.7    , array([ 0.412936   ,  1.68258    ,  0.555546   ])
1568    , -49494.5    , array([ 0.395072   ,  1.68258    ,  0.555546   ])
1569    , -50711.7    , array([ 0.412936   ,  1.72693    ,  0.555546   ])
1570    , -50995.7    , array([ 0.412936   ,  1.68258    ,  0.539456   ])
1571    , -49387.5    , array([ 0.400939   ,  1.71202    ,  0.572115   ])
1572    , -48710.4    , array([ 0.395072   ,  1.72693    ,  0.58918    ])
1573    , -48313      , array([ 0.389291   ,  1.66805    ,  0.577748   ])
1574    , -47284.5    , array([ 0.377982   ,  1.63937    ,  0.58918    ])
1575    , -47045      , array([ 0.367001   ,  1.68258    ,  0.600837   ])
1576    , -46022.5    , array([ 0.345986   ,  1.68258    ,  0.62485    ])
1577    , -45701.9    , array([ 0.351124   ,  1.68258    ,  0.649822   ])
1578    , -44927.5    , array([ 0.331019   ,  1.68258    ,  0.7028     ])
1579    , -44371      , array([ 0.312065   ,  1.61118    ,  0.689164   ])
1580    , -44326.1    , array([ 0.277351   ,  1.55625    ,  0.745349   ])
1581    , -45779.1    , array([ 0.265353   ,  1.63937    ,  0.806115   ])
1582    , -47288.7    , array([ 0.242891   ,  1.5698     ,  0.900776   ])
1583    , -44765.6    , array([ 0.316699   ,  1.65365    ,  0.684677   ])
1584    , -45638.1    , array([ 0.356339   ,  1.62052    ,  0.626212   ])
1585    , -44721.4    , array([ 0.331019   ,  1.62521    ,  0.667022   ])
1586    , -43939.6    , array([ 0.285649   ,  1.54281    ,  0.69368    ])
1587    , -43695.6    , array([ 0.265353   ,  1.47734    ,  0.689164   ])
likelihood = -43695.64
theta = 5545.56
Optimized parameters = [0.26535279 1.4773429  0.68916378]

Round_4_Replicate_1
1588    , -43876.9    , array([ 0.561775   ,  1.2605     ,  0.766775   ])
1589    , -43481.2    , array([ 0.545809   ,  1.2605     ,  0.766775   ])
1590    , -44051.5    , array([ 0.561775   ,  1.27517    ,  0.766775   ])
1591    , -44106.8    , array([ 0.561775   ,  1.2605     ,  0.756661   ])
1592    , -43511.3    , array([ 0.55108    ,  1.27026    ,  0.777024   ])
1593    , -43205.8    , array([ 0.544063   ,  1.25242    ,  0.773593   ])
1594    , -42809.2    , array([ 0.535417   ,  1.24119    ,  0.777024   ])
1595    , -42704.4    , array([ 0.526909   ,  1.25403    ,  0.780471   ])
1596    , -42202.8    , array([ 0.510296   ,  1.25081    ,  0.787411   ])
1597    , -42154.1    , array([ 0.510296   ,  1.23165    ,  0.777024   ])
1598    , -41558.3    , array([ 0.491051   ,  1.21279    ,  0.777024   ])
1599    , -41100.1    , array([ 0.480162   ,  1.20967    ,  0.794412   ])
1600    , -40272.5    , array([ 0.450361   ,  1.18503    ,  0.808601   ])
1601    , -40209.4    , array([ 0.436162   ,  1.19115    ,  0.80503    ])
1602    , -39632.7    , array([ 0.393664   ,  1.16688    ,  0.81941    ])
1603    , -39242.5    , array([ 0.384934   ,  1.12851    ,  0.815791   ])
1604    , -39039.3    , array([ 0.334324   ,  1.07192    ,  0.830362   ])
1605    , -39744.4    , array([ 0.309583   ,  1.07192    ,  0.864107   ])
1606    , -40968.3    , array([ 0.262917   ,  1.02606    ,  0.86794    ])
1607    , -39385.9    , array([ 0.393664   ,  1.14312    ,  0.823044   ])
1608    , -40441.8    , array([ 0.448921   ,  1.18402    ,  0.78625    ])
1609    , -39291.3    , array([ 0.339723   ,  1.09891    ,  0.843948   ])
1610    , -39115.3    , array([ 0.320003   ,  1.045      ,  0.84561    ])
1611    , -40000.5    , array([ 0.278723   ,  1.00477    ,  0.857194   ])
1612    , -39110.9    , array([ 0.361108   ,  1.10684    ,  0.831452   ])
1613    , -38787.6    , array([ 0.336394   ,  1.05022    ,  0.82769    ])
1614    , -38540.6    , array([ 0.334741   ,  1.02669    ,  0.819678   ])
1615    , -38894.3    , array([ 0.368007   ,  1.09147    ,  0.809087   ])
likelihood = -38540.65
theta = 6079.02
Optimized parameters = [0.33474128 1.02669219 0.81967826]

Round_4_Replicate_2
1616    , -56745.4    , array([ 0.47143    ,  0.432058   ,  1.97896    ])
1617    , -56902.1    , array([ 0.454034   ,  0.432058   ,  1.97896    ])
1618    , -57596.4    , array([ 0.47143    ,  0.414304   ,  1.97896    ])
1619    , -57516.4    , array([ 0.47143    ,  0.432058   ,  2.04767    ])
1620    , -56537.9    , array([ 0.45976    ,  0.450572   ,  2.02451    ])
1621    , -56054      , array([ 0.454034   ,  0.469881   ,  2.04767    ])
1622    , -55616.7    , array([ 0.448379   ,  0.456919   ,  1.95658    ])
1623    , -54707.5    , array([ 0.437279   ,  0.469881   ,  1.91256    ])
1624    , -54769.4    , array([ 0.454034   ,  0.48321    ,  1.97896    ])
1625    , -53814.4    , array([ 0.426455   ,  0.520634   ,  1.97896    ])
1626    , -52675.7    , array([ 0.405603   ,  0.571515   ,  1.97896    ])
1627    , -52041.5    , array([ 0.410718   ,  0.545482   ,  1.86954    ])
1628    , -50320.2    , array([ 0.390635   ,  0.587728   ,  1.78637    ])
1629    , -50604.4    , array([ 0.371535   ,  0.604401   ,  1.80681    ])
1630    , -49159.3    , array([ 0.346063   ,  0.735132   ,  1.79997    ])
1631    , -48874.3    , array([ 0.30786    ,  0.919505   ,  1.74619    ])
1632    , -47458.1    , array([ 0.310443   ,  0.829869   ,  1.60034    ])
1633    , -47474.1    , array([ 0.271596   ,  1          ,  1.43913    ])
1634    , -47880.7    , array([ 0.300658   ,  0.969397   ,  1.61661    ])
1635    , -52491.5    , array([ 0.24016    ,  1.39166    ,  1.5298     ])
1636    , -48306.6    , array([ 0.345903   ,  0.729064   ,  1.71845    ])
1637    , -46508      , array([ 0.329346   ,  0.762015   ,  1.54839    ])
1638    , -45521.9    , array([ 0.340644   ,  0.693694   ,  1.45805    ])
1639    , -46063      , array([ 0.290146   ,  0.929723   ,  1.41012    ])
1640    , -44808.9    , array([ 0.325983   ,  0.680016   ,  1.36843    ])
1641    , -44078.8    , array([ 0.339434   ,  0.569545   ,  1.25902    ])
1642    , -42057.2    , array([ 0.335068   ,  0.61805    ,  1.17804    ])
1643    , -39693.3    , array([ 0.348104   ,  0.533373   ,  1.01073    ])
likelihood = -39693.28
theta = 7607.42
Optimized parameters = [0.34810395 0.53337331 1.01073117]

Round_4_Replicate_3
1644    , -41959.6    , array([ 0.830654   ,  0.574591   ,  0.807651   ])
1645    , -41811.5    , array([ 0.822983   ,  0.574591   ,  0.807651   ])
1646    , -41988      , array([ 0.830654   ,  0.558891   ,  0.807651   ])
1647    , -42027.4    , array([ 0.830654   ,  0.574591   ,  0.79907    ])
1648    , -41822.1    , array([ 0.825532   ,  0.564076   ,  0.816324   ])
1649    , -41745.2    , array([ 0.822136   ,  0.583504   ,  0.813422   ])
1650    , -41640.7    , array([ 0.817909   ,  0.596214   ,  0.816324   ])
1651    , -41544.2    , array([ 0.813705   ,  0.58171    ,  0.819235   ])
1652    , -41343.5    , array([ 0.80536    ,  0.585303   ,  0.82509    ])
1653    , -41407.5    , array([ 0.80536    ,  0.607328   ,  0.816324   ])
1654    , -41131.1    , array([ 0.79628    ,  0.618649   ,  0.830986   ])
1655    , -40834.6    , array([ 0.783255   ,  0.641929   ,  0.842905   ])
1656    , -40738.3    , array([ 0.778426   ,  0.626314   ,  0.83991    ])
1657    , -40326.6    , array([ 0.759404   ,  0.641929   ,  0.851957   ])
1658    , -40267      , array([ 0.760188   ,  0.637989   ,  0.864177   ])
1659    , -39781.7    , array([ 0.738561   ,  0.653896   ,  0.889146   ])
1660    , -39493.8    , array([ 0.717549   ,  0.712757   ,  0.898694   ])
1661    , -38964.4    , array([ 0.677302   ,  0.786543   ,  0.937923   ])
1662    , -38664.6    , array([ 0.669665   ,  0.744146   ,  0.944625   ])
1663    , -38137.9    , array([ 0.619206   ,  0.801205   ,  1          ])
1664    , -38225      , array([ 0.602832   ,  0.862639   ,  1.03994    ])
1665    , -38764.9    , array([ 0.541364   ,  1.01864    ,  1.10614    ])
1666    , -38961.8    , array([ 0.50843    ,  1.00618    ,  1.17052    ])
1667    , -38398      , array([ 0.546222   ,  0.946098   ,  1.10746    ])
1668    , -38244.4    , array([ 0.639898   ,  0.739579   ,  0.993297   ])
1669    , -39136.9    , array([ 0.704789   ,  0.675723   ,  0.922711   ])
1670    , -38115.6    , array([ 0.582159   ,  0.869749   ,  1.05806    ])
likelihood = -38115.64
theta = 5470.71
Optimized parameters = [0.58215903 0.86974941 1.05806251]

Round_4_Replicate_4
1671    , -40303.6    , array([ 0.495736   ,  0.628069   ,  1.22125    ])
1672    , -40396      , array([ 0.478644   ,  0.628069   ,  1.22125    ])
1673    , -40511.7    , array([ 0.495736   ,  0.613631   ,  1.22125    ])
1674    , -40475.5    , array([ 0.495736   ,  0.628069   ,  1.23352    ])
1675    , -40285.2    , array([ 0.484275   ,  0.642846   ,  1.22942    ])
1676    , -40199.9    , array([ 0.478644   ,  0.65797    ,  1.23352    ])
1677    , -40126.9    , array([ 0.473079   ,  0.647848   ,  1.21719    ])
1678    , -39984.6    , array([ 0.462142   ,  0.65797    ,  1.20911    ])
1679    , -39923.9    , array([ 0.478644   ,  0.668251   ,  1.22125    ])
1680    , -39729      , array([ 0.478644   ,  0.689296   ,  1.22125    ])
1681    , -39796.5    , array([ 0.451458   ,  0.711004   ,  1.22125    ])
1682    , -39525.6    , array([ 0.449701   ,  0.714688   ,  1.20108    ])
1683    , -39321.9    , array([ 0.435893   ,  0.744854   ,  1.18518    ])
1684    , -39375.7    , array([ 0.447952   ,  0.776294   ,  1.20911    ])
1685    , -39099.8    , array([ 0.456176   ,  0.761722   ,  1.18914    ])
1686    , -38836.2    , array([ 0.458553   ,  0.788423   ,  1.1734     ])
1687    , -39131.6    , array([ 0.418139   ,  0.85934    ,  1.15786    ])
1688    , -38734.9    , array([ 0.426739   ,  0.816528   ,  1.13621    ])
1689    , -38506.8    , array([ 0.416512   ,  0.83742    ,  1.10143    ])
1690    , -38682.9    , array([ 0.425447   ,  0.920112   ,  1.10388    ])
1691    , -38121.8    , array([ 0.448664   ,  0.8347     ,  1.09452    ])
1692    , -37744.5    , array([ 0.464752   ,  0.822646   ,  1.06416    ])
1693    , -38146.4    , array([ 0.4128     ,  0.93592    ,  1.01192    ])
1694    , -37430.7    , array([ 0.436061   ,  0.811128   ,  1.01504    ])
1695    , -36930      , array([ 0.441467   ,  0.761577   ,  0.973341   ])
1696    , -36984.7    , array([ 0.463033   ,  0.836566   ,  0.936815   ])
likelihood = -36930.03
theta = 6281.11
Optimized parameters = [0.44146659 0.76157665 0.97334116]

Round_4_Replicate_5
1697    , -37755.2    , array([ 0.5104     ,  0.676293   ,  0.62837    ])
1698    , -37317.4    , array([ 0.493521   ,  0.676293   ,  0.62837    ])
1699    , -37589      , array([ 0.5104     ,  0.663196   ,  0.62837    ])
1700    , -38041.2    , array([ 0.5104     ,  0.676293   ,  0.61394    ])
1701    , -37112.9    , array([ 0.499085   ,  0.667533   ,  0.643139   ])
1702    , -36728.1    , array([ 0.493521   ,  0.663196   ,  0.658254   ])
1703    , -36682.5    , array([ 0.48802    ,  0.658887   ,  0.648138   ])
1704    , -36235      , array([ 0.477201   ,  0.650352   ,  0.658254   ])
1705    , -36040.5    , array([ 0.466622   ,  0.663196   ,  0.668529   ])
1706    , -35521.7    , array([ 0.446162   ,  0.663196   ,  0.68956    ])
1707    , -35376.7    , array([ 0.451191   ,  0.641928   ,  0.711254   ])
1708    , -35110.2    , array([ 0.431408   ,  0.625406   ,  0.75671    ])
1709    , -34905.2    , array([ 0.412492   ,  0.629496   ,  0.74508    ])
1710    , -35119.6    , array([ 0.377112   ,  0.613294   ,  0.792698   ])
1711    , -35292.6    , array([ 0.387105   ,  0.62813    ,  0.809237   ])
1712    , -36008.6    , array([ 0.376643   ,  0.594057   ,  0.859475   ])
1713    , -35076.3    , array([ 0.427663   ,  0.645191   ,  0.728597   ])
1714    , -35672.2    , array([ 0.463918   ,  0.638527   ,  0.682869   ])
1715    , -35039.4    , array([ 0.405025   ,  0.630713   ,  0.775606   ])
1716    , -34858.5    , array([ 0.399127   ,  0.644932   ,  0.742378   ])
1717    , -34787.8    , array([ 0.383905   ,  0.654922   ,  0.735315   ])
1718    , -34973.8    , array([ 0.374667   ,  0.631424   ,  0.775754   ])
1719    , -34672      , array([ 0.375584   ,  0.646404   ,  0.728829   ])
1720    , -34548.3    , array([ 0.361676   ,  0.654395   ,  0.70651    ])
1721    , -34809.9    , array([ 0.396576   ,  0.661242   ,  0.684656   ])
1722    , -34628.5    , array([ 0.350885   ,  0.685383   ,  0.673761   ])
1723    , -34773.8    , array([ 0.336366   ,  0.668264   ,  0.725426   ])
likelihood = -34548.25
theta = 7233.96
Optimized parameters = [0.36167616 0.65439481 0.70650987]

Round_1_Replicate_1
2599    , -70711.4    , array([ 0.686184   ,  0.41798    ,  3.57204    ])
2600    , -70773.4    , array([ 0.673383   ,  0.41798    ,  3.57204    ])
2601    , -71835.5    , array([ 0.686184   ,  0.400141   ,  3.57204    ])
2602    , -72431.3    , array([ 0.686184   ,  0.41798    ,  3.80681    ])
2603    , -69788.8    , array([ 0.677623   ,  0.406001   ,  3.35174    ])
2604    , -68493.6    , array([ 0.673383   ,  0.400141   ,  3.14503    ])
2605    , -68153.8    , array([ 0.66917    ,  0.424101   ,  3.28137    ])
2606    , -66363.1    , array([ 0.660822   ,  0.436614   ,  3.14503    ])
likelihood = -66363.12
theta = 4956.57
Optimized parameters = [0.66082178 0.43661358 3.14502563]

Round_1_Replicate_2
2607    , -129303     , array([ 6.96123    ,  0.207324   ,  7.53343    ])
2608    , -131374     , array([ 7.67044    ,  0.207324   ,  7.53343    ])
2609    , -132572     , array([ 6.96123    ,  0.191638   ,  7.53343    ])
2610    , -131527     , array([ 6.96123    ,  0.207324   ,  8.33378    ])
2611    , -128844     , array([ 7.42635    ,  0.224294   ,  8.05797    ])
2612    , -127190     , array([ 7.67044    ,  0.242652   ,  8.33378    ])
2613    , -127124     , array([ 7.92255    ,  0.230254   ,  7.2841     ])
2614    , -125329     , array([ 8.4519     ,  0.242652   ,  6.80993    ])
likelihood = -125329.17
theta = 1061.77
Optimized parameters = [8.45190333 0.24265241 6.80993389]

Round_1_Replicate_3
2615    , -54565.9    , array([ 0.574355   ,  1.68692    ,  4.23951    ])
2616    , -54930.4    , array([ 0.55865    ,  1.68692    ,  4.23951    ])
2617    , -54514.4    , array([ 0.574355   ,  1.7316     ,  4.23951    ])
2618    , -55828.8    , array([ 0.574355   ,  1.68692    ,  4.55702    ])
2619    , -53637.9    , array([ 0.563837   ,  1.71658    ,  3.94412    ])
2620    , -52735.9    , array([ 0.55865    ,  1.7316     ,  3.66931    ])
2621    , -52952.6    , array([ 0.579688   ,  1.74676    ,  3.8503     ])
likelihood = -52735.87
theta = 3204.47
Optimized parameters = [0.55864971 1.73160458 3.66930653]

Round_1_Replicate_4
2622    , -48658.1    , array([ 1.34841    ,  0.623645   ,  1.39833    ])
2623    , -48869.4    , array([ 1.36872    ,  0.623645   ,  1.39833    ])
2624    , -48966.6    , array([ 1.34841    ,  0.609094   ,  1.39833    ])
2625    , -48756.5    , array([ 1.34841    ,  0.623645   ,  1.42197    ])
2626    , -48564.5    , array([ 1.36192    ,  0.638543   ,  1.41405    ])
2627    , -48381.1    , array([ 1.36872    ,  0.653798   ,  1.42197    ])
2628    , -48320.3    , array([ 1.34171    ,  0.643588   ,  1.42994    ])
2629    , -48055.1    , array([ 1.32841    ,  0.653798   ,  1.44601    ])
likelihood = -48055.12
theta = 4170.23
Optimized parameters = [1.32840902 0.65379804 1.44601054]

Round_1_Replicate_5
2630    , -60019      , array([ 0.141483   ,  1.65006    ,  1.1003     ])
2631    , -61937.9    , array([ 0.128304   ,  1.65006    ,  1.1003     ])
2632    , -60381.3    , array([ 0.141483   ,  1.6919     ,  1.1003     ])
2633    , -60079.3    , array([ 0.141483   ,  1.65006    ,  1.10557    ])
2634    , -58439.6    , array([ 0.156016   ,  1.67784    ,  1.10381    ])
2635    , -56764.2    , array([ 0.172042   ,  1.6919     ,  1.10557    ])
2636    , -57515.2    , array([ 0.161185   ,  1.63635    ,  1.10733    ])
likelihood = -56764.21
theta = 5055.05
Optimized parameters = [0.1720419  1.69190157 1.10557171]

Round_1_Replicate_6
2637    , -62305.7    , array([ 2.98743    ,  1.04958    ,  4.94737    ])
2638    , -63013.2    , array([ 3.15546    ,  1.04958    ,  4.94737    ])
2639    , -62253      , array([ 2.98743    ,  1.05213    ,  4.94737    ])
2640    , -63230.3    , array([ 2.98743    ,  1.04958    ,  5.35912    ])
2641    , -61856.1    , array([ 3.09843    ,  1.05128    ,  4.56726    ])
2642    , -61228.2    , array([ 3.15546    ,  1.05213    ,  4.21635    ])
2643    , -60810.1    , array([ 2.93344    ,  1.05297    ,  4.44716    ])
2644    , -59722.2    , array([ 2.82835    ,  1.05467    ,  4.21635    ])
likelihood = -59722.23
theta = 2103.17
Optimized parameters = [2.82835158 1.05467465 4.21635329]

Round_1_Replicate_7
2645    , -113639     , array([ 4.93046    ,  7.90185    ,  2.50838    ])
2646    , -118220     , array([ 5.33989    ,  7.90185    ,  2.50838    ])
2647    , -117516     , array([ 4.93046    ,  8.76224    ,  2.50838    ])
2648    , -110217     , array([ 4.93046    ,  7.90185    ,  2.62641    ])
2649    , -109300     , array([ 4.55243    ,  8.46551    ,  2.58646    ])
2650    , -104876     , array([ 4.20338    ,  8.76224    ,  2.62641    ])
2651    , -102329     , array([ 4.43297    ,  7.63426    ,  2.66698    ])
2652    , -95613.1    , array([ 4.20338    ,  7.12594    ,  2.75       ])
likelihood = -95613.07
theta = 1192.66
Optimized parameters = [4.20338344 7.12594495 2.74999726]

Round_1_Replicate_8
2653    , -99531.7    , array([ 1.44151    ,  0.164782   ,  3.78166    ])
2654    , -99728.6    , array([ 1.46811    ,  0.164782   ,  3.78166    ])
2655    , -101107     , array([ 1.44151    ,  0.150576   ,  3.78166    ])
2656    , -100440     , array([ 1.44151    ,  0.164782   ,  4.04172    ])
2657    , -97560.3    , array([ 1.45919    ,  0.180328   ,  3.9531     ])
2658    , -95079.3    , array([ 1.46811    ,  0.197342   ,  4.04172    ])
2659    , -95223.5    , array([ 1.47708    ,  0.18583    ,  3.69874    ])
likelihood = -95079.32
theta = 3548.38
Optimized parameters = [1.46810638 0.19734167 4.04172021]

Round_1_Replicate_9
2660    , -64996.6    , array([ 0.421839   ,  2.3856     ,  5.7329     ])
2661    , -65852      , array([ 0.404022   ,  2.3856     ,  5.7329     ])
2662    , -65112.2    , array([ 0.421839   ,  2.4916     ,  5.7329     ])
2663    , -66679.4    , array([ 0.421839   ,  2.3856     ,  6.25595    ])
2664    , -64144.6    , array([ 0.409876   ,  2.45575    ,  5.25358    ])
2665    , -63170.5    , array([ 0.404022   ,  2.4916     ,  4.81434    ])
2666    , -63024.9    , array([ 0.427952   ,  2.52796    ,  5.10289    ])
2667    , -61853.3    , array([ 0.440443   ,  2.6023     ,  4.81434    ])
likelihood = -61853.31
theta = 2519.5
Optimized parameters = [0.44044312 2.6023004  4.81434249]

Round_1_Replicate_10
2668    , -122051     , array([ 1.99211    ,  0.287595   ,  0.152596   ])
2669    , -122964     , array([ 2.06196    ,  0.287595   ,  0.152596   ])
2670    , -117625     , array([ 1.99211    ,  0.270222   ,  0.152596   ])
2671    , -131347     , array([ 1.99211    ,  0.287595   ,  0.138906   ])
2672    , -111578     , array([ 2.03841    ,  0.275893   ,  0.167635   ])
2673    , -103489     , array([ 2.06196    ,  0.270222   ,  0.184157   ])
2674    , -105812     , array([ 1.96936    ,  0.264668   ,  0.172971   ])
likelihood = -103489.12
theta = 5403.81
Optimized parameters = [2.06195751 0.27022215 0.18415705]

Round_2_Replicate_1
2675    , -47529.8    , array([ 0.456844   ,  0.851004   ,  2.0045     ])
2676    , -47863.4    , array([ 0.439295   ,  0.851004   ,  2.0045     ])
2677    , -47588.5    , array([ 0.456844   ,  0.844166   ,  2.0045     ])
2678    , -48164      , array([ 0.456844   ,  0.851004   ,  2.07542    ])
2679    , -47153.8    , array([ 0.445068   ,  0.846439   ,  1.936      ])
2680    , -46650.1    , array([ 0.439295   ,  0.844166   ,  1.86984    ])
2681    , -46654.7    , array([ 0.462848   ,  0.841899   ,  1.91369    ])
2682    , -46301.9    , array([ 0.448959   ,  0.847198   ,  1.85545    ])
2683    , -45665.9    , array([ 0.445068   ,  0.848718   ,  1.78514    ])
2684    , -45107      , array([ 0.441211   ,  0.838886   ,  1.71749    ])
2685    , -43899.8    , array([ 0.433596   ,  0.832893   ,  1.58978    ])
likelihood = -43899.81
theta = 5645.09
Optimized parameters = [0.43359607 0.83289255 1.58978123]

Round_2_Replicate_2
2686    , -67757.2    , array([ 3.39694    ,  0.490389   ,  1.10047    ])
2687    , -68948.8    , array([ 3.61112    ,  0.490389   ,  1.10047    ])
2688    , -68186      , array([ 3.39694    ,  0.473225   ,  1.10047    ])
2689    , -67748      , array([ 3.39694    ,  0.490389   ,  1.10575    ])
2690    , -66848.9    , array([ 3.19546    ,  0.478879   ,  1.10399    ])
2691    , -65819.3    , array([ 3.00593    ,  0.473225   ,  1.10575    ])
2692    , -66023.4    , array([ 3.13099    ,  0.496248   ,  1.10752    ])
2693    , -65299.3    , array([ 2.96536    ,  0.482685   ,  1.11224    ])
2694    , -64095.7    , array([ 2.77059    ,  0.478879   ,  1.11817    ])
2695    , -62904.3    , array([ 2.58862    ,  0.475102   ,  1.1152     ])
2696    , -60573.8    , array([ 2.25974    ,  0.467638   ,  1.11996    ])
likelihood = -60573.81
theta = 3612.29
Optimized parameters = [2.25973941 0.46763841 1.11995614]

Round_2_Replicate_3
2697    , -76881.6    , array([ 0.561313   ,  0.211931   ,  2.19827    ])
2698    , -76872.1    , array([ 0.545338   ,  0.211931   ,  2.19827    ])
2699    , -79205      , array([ 0.561313   ,  0.196112   ,  2.19827    ])
2700    , -77913.5    , array([ 0.561313   ,  0.211931   ,  2.28657    ])
2701    , -75291.1    , array([ 0.550612   ,  0.229026   ,  2.25675    ])
2702    , -73416.8    , array([ 0.545338   ,  0.2475     ,  2.28657    ])
2703    , -73514.9    , array([ 0.540115   ,  0.235025   ,  2.1696     ])
2704    , -72392.4    , array([ 0.526429   ,  0.251803   ,  2.23709    ])
2705    , -70313.3    , array([ 0.509808   ,  0.27447    ,  2.25675    ])
2706    , -68217.9    , array([ 0.518051   ,  0.299177   ,  2.27659    ])
2707    , -64448      , array([ 0.504925   ,  0.355464   ,  2.31679    ])
likelihood = -64448.05
theta = 6259.25
Optimized parameters = [0.50492455 0.35546444 2.3167872 ]

Round_2_Replicate_4
2708    , -58172.8    , array([ 1.16239    ,  0.457997   ,  2.00857    ])
2709    , -58243.4    , array([ 1.17117    ,  0.457997   ,  2.00857    ])
2710    , -59151.4    , array([ 1.16239    ,  0.440459   ,  2.00857    ])
2711    , -58785.1    , array([ 1.16239    ,  0.457997   ,  2.07984    ])
2712    , -57665      , array([ 1.16823    ,  0.476233   ,  2.05581    ])
2713    , -56945.2    , array([ 1.17117    ,  0.495195   ,  2.07984    ])
2714    , -56781.4    , array([ 1.17411    ,  0.482471   ,  1.98535    ])
2715    , -55794.1    , array([ 1.18001    ,  0.495195   ,  1.93973    ])
2716    , -55715.9    , array([ 1.17117    ,  0.508254   ,  2.00857    ])
2717    , -54509.3    , array([ 1.17117    ,  0.535414   ,  2.00857    ])
2718    , -53453.7    , array([ 1.18594    ,  0.564026   ,  2.00857    ])
2719    , -51363.1    , array([ 1.1979     ,  0.625918   ,  2.00857    ])
likelihood = -51363.15
theta = 4142.87
Optimized parameters = [1.19790053 0.62591784 2.0085654 ]

Round_2_Replicate_5
2720    , -51014.8    , array([ 1.62448    ,  1.20533    ,  3.72634    ])
2721    , -51137.7    , array([ 1.66437    ,  1.20533    ,  3.72634    ])
2722    , -50886.5    , array([ 1.62448    ,  1.21664    ,  3.72634    ])
2723    , -51839.9    , array([ 1.62448    ,  1.20533    ,  3.97966    ])
2724    , -50236.8    , array([ 1.65097    ,  1.21286    ,  3.48914    ])
2725    , -49530.4    , array([ 1.66437    ,  1.21664    ,  3.26704    ])
2726    , -49777.4    , array([ 1.6114     ,  1.22043    ,  3.41348    ])
2727    , -49164.2    , array([ 1.64209    ,  1.2306     ,  3.21963    ])
2728    , -48414.3    , array([ 1.65097    ,  1.24344    ,  2.99274    ])
2729    , -47951.4    , array([ 1.65989    ,  1.237      ,  2.78183    ])
2730    , -47344.1    , array([ 1.67788    ,  1.24731    ,  2.40356    ])
likelihood = -47344.15
theta = 2912.9
Optimized parameters = [1.67788488 1.24731155 2.40355956]

Round_2_Replicate_6
2731    , -60241.8    , array([ 1.88484    ,  0.367982   ,  0.865676   ])
2732    , -60847.9    , array([ 1.94553    ,  0.367982   ,  0.865676   ])
2733    , -61060.6    , array([ 1.88484    ,  0.35004    ,  0.865676   ])
2734    , -60228.5    , array([ 1.88484    ,  0.367982   ,  0.859455   ])
2735    , -59917      , array([ 1.92509    ,  0.386843   ,  0.861524   ])
2736    , -59497.3    , array([ 1.94553    ,  0.406672   ,  0.859455   ])
2737    , -59085.4    , array([ 1.86503    ,  0.393343   ,  0.857392   ])
2738    , -58273.6    , array([ 1.82604    ,  0.406672   ,  0.853279   ])
2739    , -58545.7    , array([ 1.88484    ,  0.420452   ,  0.849186   ])
2740    , -57811.2    , array([ 1.88484    ,  0.459525   ,  0.848506   ])
2741    , -57394.9    , array([ 1.88484    ,  0.513512   ,  0.843084   ])
likelihood = -57394.9
theta = 4078.91
Optimized parameters = [1.88483873 0.51351245 0.84308381]

Round_2_Replicate_7
2742    , -59554.8    , array([ 4.83389    ,  2.15505    ,  3.71506    ])
2743    , -60937      , array([ 5.23012    ,  2.15505    ,  3.71506    ])
2744    , -59682.6    , array([ 4.83389    ,  2.23939    ,  3.71506    ])
2745    , -58843.1    , array([ 4.83389    ,  2.15505    ,  3.96702    ])
2746    , -57772.2    , array([ 4.46768    ,  2.21091    ,  3.88119    ])
2747    , -56289.9    , array([ 4.12921    ,  2.23939    ,  3.96702    ])
2748    , -56936.4    , array([ 4.35188    ,  2.12764    ,  4.05475    ])
2749    , -55416.1    , array([ 4.05755    ,  2.19213    ,  4.29829    ])
2750    , -53848.9    , array([ 3.71747    ,  2.21091    ,  4.62339    ])
2751    , -52811.3    , array([ 3.40589    ,  2.22986    ,  4.45788    ])
2752    , -50773.5    , array([ 2.85889    ,  2.26823    ,  4.72563    ])
likelihood = -50773.51
theta = 1693.75
Optimized parameters = [2.85889424 2.2682302  4.72563276]

Round_2_Replicate_8
2753    , -73138.6    , array([ 4.1386     ,  0.4445     ,  0.944424   ])
2754    , -74523.3    , array([ 4.4432     ,  0.4445     ,  0.944424   ])
2755    , -73536.5    , array([ 4.1386     ,  0.426841   ,  0.944424   ])
2756    , -73152.1    , array([ 4.1386     ,  0.4445     ,  0.941728   ])
2757    , -72017.6    , array([ 3.85488    ,  0.432648   ,  0.942626   ])
2758    , -70773.9    , array([ 3.59061    ,  0.426841   ,  0.941728   ])
2759    , -71179.7    , array([ 3.7647     ,  0.450548   ,  0.940831   ])
2760    , -70223.1    , array([ 3.53439    ,  0.436563   ,  0.942925   ])
2761    , -68763.8    , array([ 3.26621    ,  0.432648   ,  0.943524   ])
2762    , -67323      , array([ 3.01839    ,  0.428768   ,  0.939636   ])
2763    , -64444.8    , array([ 2.57772    ,  0.421111   ,  0.937251   ])
likelihood = -64444.83
theta = 3557.05
Optimized parameters = [2.57771979 0.42111133 0.93725098]

Round_2_Replicate_9
2764    , -54480.7    , array([ 0.455037   ,  0.534783   ,  2.1184     ])
2765    , -54722.4    , array([ 0.43747    ,  0.534783   ,  2.1184     ])
2766    , -55021.8    , array([ 0.455037   ,  0.518306   ,  2.1184     ])
2767    , -55315.3    , array([ 0.455037   ,  0.534783   ,  2.19943    ])
2768    , -54159.2    , array([ 0.443249   ,  0.523741   ,  2.04037    ])
2769    , -53580.5    , array([ 0.43747    ,  0.518306   ,  1.96521    ])
2770    , -53520.6    , array([ 0.431767   ,  0.540391   ,  2.015      ])
2771    , -52805      , array([ 0.420582   ,  0.551783   ,  1.96521    ])
2772    , -52506.2    , array([ 0.43747    ,  0.534783   ,  1.91664    ])
2773    , -51402.9    , array([ 0.43747    ,  0.534783   ,  1.82309    ])
2774    , -50693.9    , array([ 0.409687   ,  0.534783   ,  1.7341     ])
2775    , -48792.5    , array([ 0.388737   ,  0.534783   ,  1.56894    ])
likelihood = -48792.47
theta = 6814.0
Optimized parameters = [0.38873687 0.53478268 1.56893616]

Round_2_Replicate_10
2776    , -67013.3    , array([ 3.65991    ,  0.675793   ,  2.30072    ])
2777    , -68157.5    , array([ 3.90521    ,  0.675793   ,  2.30072    ])
2778    , -67458      , array([ 3.65991    ,  0.662681   ,  2.30072    ])
2779    , -67452.6    , array([ 3.65991    ,  0.675793   ,  2.3986     ])
2780    , -66478.6    , array([ 3.43002    ,  0.667023   ,  2.36552    ])
2781    , -65678.8    , array([ 3.21457    ,  0.662681   ,  2.3986     ])
2782    , -65959.8    , array([ 3.35665    ,  0.680221   ,  2.43214    ])
2783    , -64972.2    , array([ 3.16857    ,  0.669934   ,  2.35459    ])
2784    , -63761.5    , array([ 2.94821    ,  0.667023   ,  2.33289    ])
2785    , -63394.3    , array([ 2.74318    ,  0.664125   ,  2.47759    ])
2786    , -61845.7    , array([ 2.37491    ,  0.658367   ,  2.57106    ])
likelihood = -61845.68
theta = 2813.17
Optimized parameters = [2.37490897 0.6583669  2.57106104]

Round_3_Replicate_1
2787    , -53396.2    , array([ 1.28783    ,  2.69512    ,  1.7878     ])
2788    , -53595.6    , array([ 1.30422    ,  2.69512    ,  1.7878     ])
2789    , -54227.1    , array([ 1.28783    ,  2.83209    ,  1.7878     ])
2790    , -52870.2    , array([ 1.28783    ,  2.69512    ,  1.8405     ])
2791    , -52358.7    , array([ 1.29873    ,  2.56477    ,  1.82276    ])
2792    , -51463.5    , array([ 1.30422    ,  2.44073    ,  1.8405     ])
2793    , -51587.3    , array([ 1.28241    ,  2.52274    ,  1.8584     ])
2794    , -50633.7    , array([ 1.29509    ,  2.41399    ,  1.90702    ])
2795    , -49411.9    , array([ 1.29873    ,  2.28463    ,  1.96957    ])
2796    , -48904.2    , array([ 1.30239    ,  2.16219    ,  1.93804    ])
2797    , -47314.1    , array([ 1.30973    ,  1.93665    ,  1.98874    ])
2798    , -47347.1    , array([ 1.3264     ,  1.93665    ,  2.00809    ])
2799    , -45698.7    , array([ 1.31897    ,  1.71564    ,  2.14892    ])
2800    , -44976.8    , array([ 1.3264     ,  1.4384     ,  2.322      ])
2801    , -45034.1    , array([ 1.34328    ,  1.3464     ,  2.24101    ])
2802    , -45337.2    , array([ 1.3264     ,  1.24648    ,  2.36486    ])
2803    , -49560.2    , array([ 1.35466    ,  0.929192   ,  2.68018    ])
2804    , -45351.6    , array([ 1.32082    ,  1.61182    ,  2.14276    ])
likelihood = -44976.79
theta = 3071.16
Optimized parameters = [1.32640179 1.43839647 2.32200114]

Round_3_Replicate_2
2805    , -87891.6    , array([ 0.121288   ,  0.253895   ,  2.39671    ])
2806    , -90068.3    , array([ 0.109146   ,  0.253895   ,  2.39671    ])
2807    , -89410.8    , array([ 0.121288   ,  0.237076   ,  2.39671    ])
2808    , -89472.2    , array([ 0.121288   ,  0.253895   ,  2.50378    ])
2809    , -90506.4    , array([ 0.13478    ,  0.242555   ,  2.46756    ])
2810    , -89473.9    , array([ 0.115057   ,  0.251011   ,  2.41423    ])
2811    , -88396.3    , array([ 0.127856   ,  0.245341   ,  2.44966    ])
2812    , -89240.2    , array([ 0.125628   ,  0.237076   ,  2.32788    ])
2813    , -88122.3    , array([ 0.128608   ,  0.253895   ,  2.3851     ])
2814    , -87569.9    , array([ 0.12612    ,  0.265766   ,  2.49568    ])
2815    , -87558.1    , array([ 0.126367   ,  0.281388   ,  2.58407    ])
2816    , -86327.7    , array([ 0.122958   ,  0.281388   ,  2.4576     ])
2817    , -85397.7    , array([ 0.120579   ,  0.301351   ,  2.46158    ])
2818    , -87425.8    , array([ 0.117098   ,  0.304813   ,  2.5778     ])
2819    , -85680.8    , array([ 0.121288   ,  0.344313   ,  2.69296    ])
2820    , -84915.9    , array([ 0.113273   ,  0.355414   ,  2.56739    ])
2821    , -84011.7    , array([ 0.107244   ,  0.399438   ,  2.55909    ])
likelihood = -84011.72
theta = 7626.74
Optimized parameters = [0.1072442  0.39943775 2.55909137]

Round_3_Replicate_3
2822    , -73176      , array([ 0.53878    ,  0.417093   ,  3.7373     ])
2823    , -73381.2    , array([ 0.522375   ,  0.417093   ,  3.7373     ])
2824    , -74244.1    , array([ 0.53878    ,  0.399249   ,  3.7373     ])
2825    , -75059.4    , array([ 0.53878    ,  0.417093   ,  3.99196    ])
2826    , -72162.5    , array([ 0.527787   ,  0.405111   ,  3.49889    ])
2827    , -70743.4    , array([ 0.522375   ,  0.399249   ,  3.27569    ])
2828    , -70636.1    , array([ 0.517018   ,  0.423216   ,  3.42285    ])
2829    , -68870.5    , array([ 0.506469   ,  0.435734   ,  3.27569    ])
2830    , -68477.1    , array([ 0.522375   ,  0.417093   ,  3.13485    ])
2831    , -66079.5    , array([ 0.522375   ,  0.417093   ,  2.87109    ])
2832    , -64047.6    , array([ 0.496135   ,  0.417093   ,  2.62952    ])
2833    , -59914.5    , array([ 0.476095   ,  0.417093   ,  2.20564    ])
2834    , -59391.1    , array([ 0.481028   ,  0.448621   ,  2.30473    ])
2835    , -54462      , array([ 0.461599   ,  0.475552   ,  1.93321    ])
2836    , -52122.8    , array([ 0.466381   ,  0.435734   ,  1.62158    ])
2837    , -43912.5    , array([ 0.447543   ,  0.435734   ,  1.14092    ])
2838    , -40127.5    , array([ 0.407893   ,  0.468671   ,  1          ])
2839    , -33272.9    , array([ 0.360437   ,  0.496805   ,  0.590169   ])
2840    , -33784.9    , array([ 0.371756   ,  0.526628   ,  0.540513   ])
2841    , -46419.9    , array([ 0.331908   ,  0.494398   ,  0.263682   ])
2842    , -34877.1    , array([ 0.360437   ,  0.489617   ,  0.43389    ])
likelihood = -33272.89
theta = 8066.17
Optimized parameters = [0.36043677 0.49680518 0.5901693 ]

Round_3_Replicate_4
2843    , -60400.3    , array([ 0.35289    ,  2.8203     ,  2.42362    ])
2844    , -61253.1    , array([ 0.334982   ,  2.8203     ,  2.42362    ])
2845    , -61264.5    , array([ 0.35289    ,  2.97037    ,  2.42362    ])
2846    , -60737.3    , array([ 0.35289    ,  2.8203     ,  2.5333     ])
2847    , -60348.3    , array([ 0.340848   ,  2.67782    ,  2.4962     ])
2848    , -59931      , array([ 0.334982   ,  2.54253    ,  2.5333     ])
2849    , -59452.8    , array([ 0.35907    ,  2.63194    ,  2.57096    ])
2850    , -58590      , array([ 0.371756   ,  2.54253    ,  2.64795    ])
2851    , -58561.3    , array([ 0.35289    ,  2.45616    ,  2.5333     ])
2852    , -57569.9    , array([ 0.35289    ,  2.29212    ,  2.5333     ])
2853    , -57322.8    , array([ 0.35289    ,  2.13903    ,  2.72726    ])
2854    , -56569.4    , array([ 0.35289    ,  1.86285    ,  2.89306    ])
2855    , -55335.7    , array([ 0.38489    ,  1.92836    ,  2.85068    ])
2856    , -54091.5    , array([ 0.412566   ,  1.67938    ,  3.02399    ])
2857    , -55007.3    , array([ 0.371756   ,  1.46254    ,  2.9797     ])
2858    , -57010.4    , array([ 0.405466   ,  1.20241    ,  3.47045    ])
2859    , -55444.6    , array([ 0.39163    ,  1.41286    ,  3.20783    ])
2860    , -54611.8    , array([ 0.434622   ,  1.23044    ,  3.25551    ])
2861    , -53208.8    , array([ 0.419791   ,  1.47949    ,  2.96508    ])
2862    , -52255.6    , array([ 0.434622   ,  1.51397    ,  2.85068    ])
likelihood = -52255.58
theta = 3817.29
Optimized parameters = [0.43462197 1.51397397 2.85068434]

Round_3_Replicate_5
2863    , -61470.5    , array([ 0.765459   ,  0.449167   ,  2.6392     ])
2864    , -61457      , array([ 0.755297   ,  0.449167   ,  2.6392     ])
2865    , -62398.9    , array([ 0.765459   ,  0.431547   ,  2.6392     ])
2866    , -62501.1    , array([ 0.765459   ,  0.449167   ,  2.77043    ])
2867    , -61065.7    , array([ 0.758669   ,  0.437342   ,  2.5142     ])
2868    , -60375.9    , array([ 0.755297   ,  0.431547   ,  2.39511    ])
2869    , -59816.2    , array([ 0.75194    ,  0.455198   ,  2.47386    ])
2870    , -58562.7    , array([ 0.74527    ,  0.467506   ,  2.39511    ])
2871    , -58783.9    , array([ 0.73866    ,  0.449167   ,  2.31887    ])
2872    , -57062.9    , array([ 0.737564   ,  0.449167   ,  2.12722    ])
2873    , -54868.3    , array([ 0.728854   ,  0.449167   ,  1.90977    ])
2874    , -54487.6    , array([ 0.720247   ,  0.480146   ,  2.01557    ])
2875    , -51574.5    , array([ 0.703337   ,  0.506462   ,  1.84898    ])
2876    , -51199.3    , array([ 0.7128     ,  0.499751   ,  1.79013    ])
2877    , -47461.1    , array([ 0.700211   ,  0.52714    ,  1.57285    ])
2878    , -44122.3    , array([ 0.677707   ,  0.520155   ,  1.30941    ])
2879    , -39269.1    , array([ 0.646257   ,  0.548663   ,  0.968168   ])
2880    , -38942.8    , array([ 0.639575   ,  0.618649   ,  1.04408    ])
2881    , -38325.6    , array([ 0.599124   ,  0.726044   ,  0.771982   ])
2882    , -41165.7    , array([ 0.595576   ,  0.697563   ,  0.602417   ])
likelihood = -38325.58
theta = 5975.39
Optimized parameters = [0.59912395 0.72604416 0.771982  ]

Round_4_Replicate_1
2883    , -43978.5    , array([ 0.699969   ,  0.465965   ,  1.15232    ])
2884    , -43863.3    , array([ 0.687595   ,  0.465965   ,  1.15232    ])
2885    , -44648.1    , array([ 0.699969   ,  0.448508   ,  1.15232    ])
2886    , -44092      , array([ 0.699969   ,  0.465965   ,  1.16052    ])
2887    , -43347      , array([ 0.691696   ,  0.4841     ,  1.15778    ])
2888    , -42757.6    , array([ 0.687595   ,  0.502942   ,  1.16052    ])
2889    , -42965      , array([ 0.68352    ,  0.490301   ,  1.1496     ])
2890    , -42446.5    , array([ 0.672768   ,  0.507227   ,  1.15596    ])
2891    , -41773.3    , array([ 0.659567   ,  0.529209   ,  1.15778    ])
2892    , -41312      , array([ 0.666135   ,  0.552144   ,  1.15961    ])
2893    , -40360.3    , array([ 0.655657   ,  0.601038   ,  1.16327    ])
2894    , -40416.7    , array([ 0.651771   ,  0.601038   ,  1.17154    ])
2895    , -39449.9    , array([ 0.625203   ,  0.659837   ,  1.16786    ])
2896    , -38702.4    , array([ 0.596162   ,  0.755781   ,  1.17154    ])
2897    , -38708.8    , array([ 0.609301   ,  0.795254   ,  1.17988    ])
2898    , -38548.3    , array([ 0.589505   ,  0.843919   ,  1.17154    ])
2899    , -38902.1    , array([ 0.56064    ,  1          ,  1.17154    ])
2900    , -39229.5    , array([ 0.545899   ,  1.0582     ,  1.18547    ])
2901    , -38658.4    , array([ 0.571483   ,  0.918651   ,  1.17988    ])
2902    , -38501.1    , array([ 0.562866   ,  0.880492   ,  1.16878    ])
2903    , -38561.6    , array([ 0.540993   ,  0.926478   ,  1.16327    ])
2904    , -39029.8    , array([ 0.553647   ,  1.02578    ,  1.17524    ])
2905    , -38543.3    , array([ 0.585237   ,  0.815757   ,  1.17247    ])
2906    , -38530.8    , array([ 0.586785   ,  0.779664   ,  1.16205    ])
2907    , -38446      , array([ 0.567096   ,  0.805061   ,  1.16398    ])
2908    , -38422.4    , array([ 0.556213   ,  0.786308   ,  1.16022    ])
2909    , -38349.4    , array([ 0.552186   ,  0.812686   ,  1.15495    ])
2910    , -38271.6    , array([ 0.536367   ,  0.811156   ,  1.14629    ])
likelihood = -38271.6
theta = 5685.11
Optimized parameters = [0.53636712 0.8111555  1.14628851]

Round_4_Replicate_2
2911    , -38035.4    , array([ 0.253905   ,  0.822082   ,  0.761149   ])
2912    , -38775.8    , array([ 0.237086   ,  0.822082   ,  0.761149   ])
2913    , -37962.2    , array([ 0.253905   ,  0.814069   ,  0.761149   ])
2914    , -37891.6    , array([ 0.253905   ,  0.822082   ,  0.750832   ])
2915    , -37275      , array([ 0.271918   ,  0.816731   ,  0.754256   ])
2916    , -36723.2    , array([ 0.291209   ,  0.814069   ,  0.750832   ])
2917    , -36970.2    , array([ 0.278202   ,  0.811415   ,  0.747425   ])
2918    , -36552.3    , array([ 0.295678   ,  0.81762    ,  0.738413   ])
2919    , -36177.1    , array([ 0.319075   ,  0.819402   ,  0.727301   ])
2920    , -35946.6    , array([ 0.344324   ,  0.80789    ,  0.732836   ])
2921    , -36093.2    , array([ 0.400973   ,  0.800886   ,  0.724001   ])
2922    , -36013      , array([ 0.362257   ,  0.816139   ,  0.726567   ])
2923    , -36293.6    , array([ 0.400295   ,  0.814857   ,  0.707601   ])
2924    , -36021.7    , array([ 0.369689   ,  0.814659   ,  0.718169   ])
2925    , -36168.8    , array([ 0.403014   ,  0.806426   ,  0.724367   ])
2926    , -36020.7    , array([ 0.380157   ,  0.80965    ,  0.725099   ])
2927    , -35946.1    , array([ 0.354374   ,  0.807792   ,  0.738289   ])
2928    , -35966.1    , array([ 0.346956   ,  0.80438    ,  0.748559   ])
2929    , -36090.6    , array([ 0.328852   ,  0.811546   ,  0.740074   ])
2930    , -35965.6    , array([ 0.366625   ,  0.810124   ,  0.728814   ])
2931    , -35898.8    , array([ 0.347871   ,  0.801133   ,  0.740102   ])
2932    , -35886.4    , array([ 0.340893   ,  0.793734   ,  0.746963   ])
2933    , -36018.9    , array([ 0.327448   ,  0.796159   ,  0.750018   ])
2934    , -35923.3    , array([ 0.356412   ,  0.80661    ,  0.734058   ])
2935    , -35872.9    , array([ 0.35677    ,  0.797517   ,  0.74673    ])
2936    , -35845.3    , array([ 0.36316    ,  0.792381   ,  0.753776   ])
2937    , -35808.3    , array([ 0.352358   ,  0.787437   ,  0.751545   ])
2938    , -35756.9    , array([ 0.351355   ,  0.777452   ,  0.758262   ])
2939    , -35796.2    , array([ 0.347021   ,  0.76947    ,  0.772402   ])
likelihood = -35756.87
theta = 6784.2
Optimized parameters = [0.35135491 0.77745211 0.75826186]

Round_4_Replicate_3
2940    , -35891      , array([ 0.438095   ,  0.741156   ,  0.811548   ])
2941    , -35788.8    , array([ 0.420384   ,  0.741156   ,  0.811548   ])
2942    , -35825.3    , array([ 0.438095   ,  0.730138   ,  0.811548   ])
2943    , -35872.6    , array([ 0.438095   ,  0.741156   ,  0.803119   ])
2944    , -35754.6    , array([ 0.426207   ,  0.733792   ,  0.805919   ])
2945    , -35691.2    , array([ 0.420384   ,  0.730138   ,  0.803119   ])
2946    , -35693      , array([ 0.414642   ,  0.726502   ,  0.814377   ])
2947    , -35669.5    , array([ 0.399708   ,  0.735015   ,  0.807791   ])
2948    , -35669.4    , array([ 0.381794   ,  0.737465   ,  0.805919   ])
2949    , -35561.8    , array([ 0.390648   ,  0.721682   ,  0.804051   ])
2950    , -35495.1    , array([ 0.376579   ,  0.712138   ,  0.800328   ])
2951    , -35528.1    , array([ 0.371434   ,  0.726502   ,  0.792016   ])
2952    , -35736.2    , array([ 0.337338   ,  0.720482   ,  0.7957     ])
2953    , -35588.5    , array([ 0.397879   ,  0.727712   ,  0.801257   ])
2954    , -35388.4    , array([ 0.381794   ,  0.707021   ,  0.789875   ])
2955    , -35257      , array([ 0.381794   ,  0.692274   ,  0.781974   ])
2956    , -35309.1    , array([ 0.356419   ,  0.693042   ,  0.781671   ])
2957    , -35185.7    , array([ 0.371434   ,  0.672715   ,  0.783891   ])
2958    , -35057.7    , array([ 0.371434   ,  0.647333   ,  0.77986    ])
2959    , -34899.5    , array([ 0.363016   ,  0.643991   ,  0.762465   ])
2960    , -34637.6    , array([ 0.356419   ,  0.612403   ,  0.744211   ])
2961    , -34757.3    , array([ 0.383549   ,  0.609353   ,  0.755519   ])
2962    , -34526.5    , array([ 0.359153   ,  0.560288   ,  0.738097   ])
2963    , -34436      , array([ 0.34834    ,  0.504056   ,  0.717091   ])
2964    , -34177.9    , array([ 0.353705   ,  0.507141   ,  0.699833   ])
2965    , -34023.1    , array([ 0.345161   ,  0.448878   ,  0.662953   ])
2966    , -34079.2    , array([ 0.319278   ,  0.439434   ,  0.662099   ])
likelihood = -34023.05
theta = 8411.99
Optimized parameters = [0.34516065 0.44887832 0.66295329]

Round_4_Replicate_4
2967    , -35599.9    , array([ 0.206439   ,  0.64097    ,  0.344282   ])
2968    , -35267.1    , array([ 0.190779   ,  0.64097    ,  0.344282   ])
2969    , -35298.7    , array([ 0.206439   ,  0.626873   ,  0.344282   ])
2970    , -36288.8    , array([ 0.206439   ,  0.64097    ,  0.326407   ])
2971    , -34706.6    , array([ 0.195862   ,  0.631537   ,  0.363135   ])
2972    , -34301.9    , array([ 0.190779   ,  0.626873   ,  0.383021   ])
2973    , -34379      , array([ 0.185828   ,  0.622243   ,  0.369646   ])
2974    , -34626.9    , array([ 0.173243   ,  0.6331     ,  0.387586   ])
2975    , -34285.9    , array([ 0.175793   ,  0.614097   ,  0.419441   ])
2976    , -34896.2    , array([ 0.168747   ,  0.601086   ,  0.462966   ])
2977    , -33857.7    , array([ 0.195481   ,  0.609227   ,  0.392722   ])
2978    , -33616      , array([ 0.207648   ,  0.59763    ,  0.395315   ])
2979    , -33622.8    , array([ 0.196244   ,  0.603401   ,  0.430631   ])
2980    , -33411.9    , array([ 0.194784   ,  0.583898   ,  0.449356   ])
2981    , -33434.2    , array([ 0.196818   ,  0.563529   ,  0.486714   ])
2982    , -32988.2    , array([ 0.226352   ,  0.576342   ,  0.429624   ])
2983    , -32967.6    , array([ 0.256848   ,  0.558344   ,  0.434808   ])
2984    , -32893.6    , array([ 0.242611   ,  0.556983   ,  0.421162   ])
2985    , -33144.2    , array([ 0.269753   ,  0.535131   ,  0.416506   ])
2986    , -32316.1    , array([ 0.25435    ,  0.536564   ,  0.478572   ])
2987    , -32246.1    , array([ 0.281503   ,  0.508412   ,  0.526562   ])
2988    , -33764.4    , array([ 0.346598   ,  0.500767   ,  0.467958   ])
2989    , -32667.8    , array([ 0.224969   ,  0.561904   ,  0.453936   ])
2990    , -32253.1    , array([ 0.240621   ,  0.52591    ,  0.497697   ])
2991    , -32852      , array([ 0.253347   ,  0.5074     ,  0.574324   ])
2992    , -32404.7    , array([ 0.250619   ,  0.519366   ,  0.531471   ])
2993    , -32745.8    , array([ 0.293606   ,  0.477242   ,  0.591927   ])
2994    , -32351      , array([ 0.240454   ,  0.539425   ,  0.485079   ])
likelihood = -32246.15
theta = 8599.45
Optimized parameters = [0.28150293 0.50841186 0.52656208]

Round_4_Replicate_5
2995    , -38974.8    , array([ 0.245535   ,  0.680196   ,  0.327188   ])
2996    , -38091.2    , array([ 0.228886   ,  0.680196   ,  0.327188   ])
2997    , -38674.4    , array([ 0.245535   ,  0.667215   ,  0.327188   ])
2998    , -40248.6    , array([ 0.245535   ,  0.680196   ,  0.309412   ])
2999    , -37169.8    , array([ 0.234306   ,  0.671514   ,  0.345985   ])
3000    , -36060.6    , array([ 0.228886   ,  0.667215   ,  0.365862   ])
3001    , -36293.2    , array([ 0.223591   ,  0.662943   ,  0.352488   ])
3002    , -35568.2    , array([ 0.210062   ,  0.672954   ,  0.370432   ])
3003    , -35090.7    , array([ 0.194297   ,  0.675841   ,  0.394153   ])
3004    , -34509.5    , array([ 0.202026   ,  0.65729    ,  0.419392   ])
3005    , -34741.8    , array([ 0.189802   ,  0.646128   ,  0.474823   ])
3006    , -34823.4    , array([ 0.193289   ,  0.670557   ,  0.43711    ])
3007    , -36099.2    , array([ 0.168694   ,  0.668486   ,  0.474168   ])
3008    , -35058.5    , array([ 0.212075   ,  0.667533   ,  0.390365   ])
3009    , -34310      , array([ 0.21067    ,  0.654534   ,  0.437311   ])
3010    , -34006.2    , array([ 0.219367   ,  0.644133   ,  0.460631   ])
3011    , -34663.1    , array([ 0.197409   ,  0.647102   ,  0.493065   ])
3012    , -33774.7    , array([ 0.219663   ,  0.629074   ,  0.477157   ])
3013    , -33384.6    , array([ 0.234171   ,  0.609305   ,  0.498536   ])
3014    , -34052.7    , array([ 0.241013   ,  0.626237   ,  0.42613    ])
3015    , -33152      , array([ 0.264904   ,  0.596956   ,  0.506339   ])
3016    , -33031.5    , array([ 0.303341   ,  0.568899   ,  0.556355   ])
3017    , -33593.6    , array([ 0.258851   ,  0.587704   ,  0.595286   ])
3018    , -33546.7    , array([ 0.317568   ,  0.537498   ,  0.653376   ])
3019    , -32942.9    , array([ 0.308425   ,  0.55506    ,  0.537958   ])
3020    , -33402.3    , array([ 0.336667   ,  0.539424   ,  0.511399   ])
likelihood = -32942.89
theta = 8130.7
Optimized parameters = [0.30842548 0.55505961 0.53795828]
