
Round_1_Replicate_1
861     , -23349.3    , array([ 0.310201   ,  0.127905   ,  0.429098   ,  0.49775    ,  1.70654    ])
862     , -21999.5    , array([ 0.292567   ,  0.127905   ,  0.429098   ,  0.49775    ,  1.70654    ])
863     , -24538.9    , array([ 0.310201   ,  0.115407   ,  0.429098   ,  0.49775    ,  1.70654    ])
864     , -22885.1    , array([ 0.310201   ,  0.127905   ,  0.411324   ,  0.49775    ,  1.70654    ])
865     , -23362      , array([ 0.310201   ,  0.127905   ,  0.429098   ,  0.480686   ,  1.70654    ])
866     , -23346.9    , array([ 0.310201   ,  0.127905   ,  0.429098   ,  0.49775    ,  1.75276    ])
867     , -21553.5    , array([ 0.303023   ,  0.141757   ,  0.421898   ,  0.490853   ,  1.72488    ])
868     , -20269.1    , array([ 0.299497   ,  0.157108   ,  0.418343   ,  0.487441   ,  1.73413    ])
869     , -21313.4    , array([ 0.298796   ,  0.138871   ,  0.417636   ,  0.511122   ,  1.73598    ])
likelihood = -20269.13
theta = 11022.39
Optimized parameters = [0.29949655 0.15710845 0.41834327 0.48744056 1.73412654]

Round_1_Replicate_2
870     , -256586     , array([ 0.249268   ,  5.26765    ,  2.25381    ,  6.86192    ,  0.349455   ])
871     , -249002     , array([ 0.232541   ,  5.26765    ,  2.25381    ,  6.86192    ,  0.349455   ])
872     , -258700     , array([ 0.249268   ,  5.72397    ,  2.25381    ,  6.86192    ,  0.349455   ])
873     , -262866     , array([ 0.249268   ,  5.26765    ,  2.34728    ,  6.86192    ,  0.349455   ])
874     , -257298     , array([ 0.249268   ,  5.26765    ,  2.25381    ,  7.55558    ,  0.349455   ])
875     , -256141     , array([ 0.249268   ,  5.26765    ,  2.25381    ,  6.86192    ,  0.331559   ])
876     , -248398     , array([ 0.242437   ,  5.44564    ,  2.16408    ,  7.1314     ,  0.342183   ])
877     , -241428     , array([ 0.239092   ,  5.53688    ,  2.07791    ,  7.27008    ,  0.338604   ])
878     , -245287     , array([ 0.238429   ,  4.94533    ,  2.18173    ,  7.29814    ,  0.337893   ])
likelihood = -241428.43
theta = 1647.33
Optimized parameters = [0.23909233 5.53688317 2.07790853 7.27007725 0.33860422]

Round_1_Replicate_3
879     , -192996     , array([ 0.916064   ,  0.99174    ,  1.14998    ,  0.154726   ,  2.37006    ])
880     , -192562     , array([ 0.912057   ,  0.99174    ,  1.14998    ,  0.154726   ,  2.37006    ])
881     , -192967     , array([ 0.916064   ,  0.991328   ,  1.14998    ,  0.154726   ,  2.37006    ])
882     , -194147     , array([ 0.916064   ,  0.99174    ,  1.15804    ,  0.154726   ,  2.37006    ])
883     , -193018     , array([ 0.916064   ,  0.99174    ,  1.14998    ,  0.140942   ,  2.37006    ])
884     , -192846     , array([ 0.916064   ,  0.99174    ,  1.14998    ,  0.154726   ,  2.47456    ])
885     , -191614     , array([ 0.914459   ,  0.991575   ,  1.14197    ,  0.149058   ,  2.41132    ])
886     , -190357     , array([ 0.913658   ,  0.991493   ,  1.13402    ,  0.146302   ,  2.43222    ])
887     , -191669     , array([ 0.913498   ,  0.991476   ,  1.14357    ,  0.166096   ,  2.43642    ])
likelihood = -190356.99
theta = 4106.46
Optimized parameters = [0.91365789 0.99149284 1.13401843 0.14630173 2.43221694]

Round_1_Replicate_4
888     , -193302     , array([ 7.20028    ,  0.45154    ,  0.489651   ,  4.72414    ,  2.47966    ])
889     , -197742     , array([ 7.94724    ,  0.45154    ,  0.489651   ,  4.72414    ,  2.47966    ])
890     , -191674     , array([ 7.20028    ,  0.433941   ,  0.489651   ,  4.72414    ,  2.47966    ])
891     , -189991     , array([ 7.20028    ,  0.45154    ,  0.472477   ,  4.72414    ,  2.47966    ])
892     , -193685     , array([ 7.20028    ,  0.45154    ,  0.489651   ,  5.1055     ,  2.47966    ])
893     , -193308     , array([ 7.20028    ,  0.45154    ,  0.489651   ,  4.72414    ,  2.59484    ])
894     , -186876     , array([ 6.52351    ,  0.444416   ,  0.482707   ,  4.87314    ,  2.5251     ])
895     , -181205     , array([ 5.91036    ,  0.440897   ,  0.479273   ,  4.94939    ,  2.54814    ])
896     , -186232     , array([ 6.65358    ,  0.440196   ,  0.478589   ,  4.45347    ,  2.55277    ])
likelihood = -181205.2
theta = 1484.64
Optimized parameters = [5.91036366 0.4408967  0.47927294 4.94939378 2.54814019]

Round_1_Replicate_5
897     , -171920     , array([ 2.54099    ,  0.496754   ,  0.717043   ,  1.26508    ,  1.0161     ])
898     , -175227     , array([ 2.66228    ,  0.496754   ,  0.717043   ,  1.26508    ,  1.0161     ])
899     , -170442     , array([ 2.54099    ,  0.479677   ,  0.717043   ,  1.26508    ,  1.0161     ])
900     , -169934     , array([ 2.54099    ,  0.496754   ,  0.705217   ,  1.26508    ,  1.0161     ])
901     , -171923     , array([ 2.54099    ,  0.496754   ,  0.717043   ,  1.28004    ,  1.0161     ])
902     , -171923     , array([ 2.54099    ,  0.496754   ,  0.717043   ,  1.26508    ,  1.01691    ])
903     , -167206     , array([ 2.42523    ,  0.489852   ,  0.712289   ,  1.27104    ,  1.01643    ])
904     , -163179     , array([ 2.31475    ,  0.486436   ,  0.709924   ,  1.27404    ,  1.01659    ])
905     , -167063     , array([ 2.44796    ,  0.485756   ,  0.709452   ,  1.25383    ,  1.01662    ])
likelihood = -163179.22
theta = 3179.98
Optimized parameters = [2.31474579 0.48643622 0.70992384 1.27403631 1.01658747]

Round_1_Replicate_6
906     , -10599.5    , array([ 0.505436   ,  0.78271    ,  0.132501   ,  2.3972     ,  0.754124   ])
907     , -10346      , array([ 0.488484   ,  0.78271    ,  0.132501   ,  2.3972     ,  0.754124   ])
908     , -10575.2    , array([ 0.505436   ,  0.77318    ,  0.132501   ,  2.3972     ,  0.754124   ])
909     , -10321.1    , array([ 0.505436   ,  0.78271    ,  0.119765   ,  2.3972     ,  0.754124   ])
910     , -10378.3    , array([ 0.505436   ,  0.78271    ,  0.132501   ,  2.50432    ,  0.754124   ])
911     , -10584.2    , array([ 0.505436   ,  0.78271    ,  0.132501   ,  2.3972     ,  0.743558   ])
912     , -10266.4    , array([ 0.498586   ,  0.778884   ,  0.127252   ,  2.43949    ,  0.749879   ])
913     , -10120.6    , array([ 0.495195   ,  0.776978   ,  0.124706   ,  2.46091    ,  0.747766   ])
914     , -10109.5    , array([ 0.49452    ,  0.776598   ,  0.124202   ,  2.46521    ,  0.762254   ])
915     , -9918.18    , array([ 0.489151   ,  0.773559   ,  0.12025    ,  2.49994    ,  0.771778   ])
likelihood = -9918.18
theta = 4638.9
Optimized parameters = [0.4891506  0.7735594  0.12025016 2.499942   0.77177776]

Round_1_Replicate_7
916     , -825839     , array([ 0.686922   ,  7.77802    ,  7.81136    ,  0.694504   ,  0.460852   ])
917     , -819286     , array([ 0.674144   ,  7.77802    ,  7.81136    ,  0.694504   ,  0.460852   ])
918     , -828992     , array([ 0.686922   ,  8.61812    ,  7.81136    ,  0.694504   ,  0.460852   ])
919     , -864294     , array([ 0.686922   ,  7.77802    ,  8.65691    ,  0.694504   ,  0.460852   ])
920     , -825887     , array([ 0.686922   ,  7.77802    ,  7.81136    ,  0.681959   ,  0.460852   ])
921     , -825948     , array([ 0.686922   ,  7.77802    ,  7.81136    ,  0.694504   ,  0.443343   ])
922     , -786607     , array([ 0.681782   ,  8.10376    ,  7.04839    ,  0.689458   ,  0.453767   ])
923     , -748644     , array([ 0.679226   ,  8.27171    ,  6.35995    ,  0.68695    ,  0.450266   ])
924     , -788742     , array([ 0.678716   ,  7.19476    ,  7.19478    ,  0.686449   ,  0.449569   ])
likelihood = -748643.69
theta = 2805.2
Optimized parameters = [0.67922617 8.2717073  6.35995254 0.68694951 0.45026563]

Round_1_Replicate_8
925     , -248632     , array([ 6.46338    ,  0.200745   ,  1.426      ,  3.57852    ,  1.82164    ])
926     , -251429     , array([ 7.09549    ,  0.200745   ,  1.426      ,  3.57852    ,  1.82164    ])
927     , -243097     , array([ 6.46338    ,  0.185258   ,  1.426      ,  3.57852    ,  1.82164    ])
928     , -250482     , array([ 6.46338    ,  0.200745   ,  1.45153    ,  3.57852    ,  1.82164    ])
929     , -248925     , array([ 6.46338    ,  0.200745   ,  1.426      ,  3.81407    ,  1.82164    ])
930     , -248527     , array([ 6.46338    ,  0.200745   ,  1.426      ,  3.57852    ,  1.8771     ])
931     , -244257     , array([ 5.88758    ,  0.1944     ,  1.43616    ,  3.67095    ,  1.84363    ])
932     , -242952     , array([ 6.22659    ,  0.191919   ,  1.40491    ,  3.70858    ,  1.85249    ])
933     , -239299     , array([ 6.11147    ,  0.187653   ,  1.38216    ,  3.77537    ,  1.86811    ])
likelihood = -239298.59
theta = 2043.68
Optimized parameters = [6.11147308 0.18765294 1.38215927 3.77536927 1.86811151]

Round_1_Replicate_9
934     , -471709     , array([ 0.491435   ,  4.13409    ,  4.25593    ,  0.340647   ,  0.150317   ])
935     , -464578     , array([ 0.474285   ,  4.13409    ,  4.25593    ,  0.340647   ,  0.150317   ])
936     , -475438     , array([ 0.491435   ,  4.43812    ,  4.25593    ,  0.340647   ,  0.150317   ])
937     , -495602     , array([ 0.491435   ,  4.13409    ,  4.57555    ,  0.340647   ,  0.150317   ])
938     , -472610     , array([ 0.491435   ,  4.13409    ,  4.25593    ,  0.322789   ,  0.150317   ])
939     , -462377     , array([ 0.491435   ,  4.13409    ,  4.25593    ,  0.340647   ,  0.136728   ])
940     , -444084     , array([ 0.484502   ,  4.25312    ,  3.95862    ,  0.333388   ,  0.144726   ])
941     , -419476     , array([ 0.481072   ,  4.31391    ,  3.68209    ,  0.329817   ,  0.142009   ])
942     , -440628     , array([ 0.480389   ,  3.91704    ,  4.01637    ,  0.329108   ,  0.141472   ])
likelihood = -419476.47
theta = 3911.55
Optimized parameters = [0.48107204 4.3139133  3.6820916  0.3298172  0.1420094 ]

Round_1_Replicate_10
943     , -175106     , array([ 0.71174    ,  0.168137   ,  2.39926    ,  0.145745   ,  0.360574   ])
944     , -173761     , array([ 0.699742   ,  0.168137   ,  2.39926    ,  0.145745   ,  0.360574   ])
945     , -171514     , array([ 0.71174    ,  0.153797   ,  2.39926    ,  0.145745   ,  0.360574   ])
946     , -180683     , array([ 0.71174    ,  0.168137   ,  2.50658    ,  0.145745   ,  0.360574   ])
947     , -175099     , array([ 0.71174    ,  0.168137   ,  2.39926    ,  0.132365   ,  0.360574   ])
948     , -174971     , array([ 0.71174    ,  0.168137   ,  2.39926    ,  0.145745   ,  0.342644   ])
949     , -167705     , array([ 0.706916   ,  0.162247   ,  2.29654    ,  0.140238   ,  0.353292   ])
950     , -161569     , array([ 0.704517   ,  0.15938    ,  2.19822    ,  0.137563   ,  0.349706   ])
951     , -167604     , array([ 0.704038   ,  0.158813   ,  2.31673    ,  0.137034   ,  0.348994   ])
likelihood = -161569.45
theta = 8379.37
Optimized parameters = [0.70451675 0.15938005 2.19821604 0.13756326 0.3497065 ]

Round_2_Replicate_1
952     , -13109.6    , array([ 0.22341    ,  0.220368   ,  0.218301   ,  4.87962    ,  1.36288    ])
953     , -13011.4    , array([ 0.20728    ,  0.220368   ,  0.218301   ,  4.87962    ,  1.36288    ])
954     , -14054.1    , array([ 0.22341    ,  0.204318   ,  0.218301   ,  4.87962    ,  1.36288    ])
955     , -13734.5    , array([ 0.22341    ,  0.220368   ,  0.202306   ,  4.87962    ,  1.36288    ])
956     , -13356.3    , array([ 0.22341    ,  0.220368   ,  0.218301   ,  5.28209    ,  1.36288    ])
957     , -13093.4    , array([ 0.22341    ,  0.220368   ,  0.218301   ,  4.87962    ,  1.38414    ])
958     , -12507.7    , array([ 0.216813   ,  0.237679   ,  0.211756   ,  5.03679    ,  1.37134    ])
959     , -11828.8    , array([ 0.213587   ,  0.256351   ,  0.208558   ,  5.11727    ,  1.3756     ])
960     , -12052.1    , array([ 0.212948   ,  0.234112   ,  0.231297   ,  5.13351    ,  1.37645    ])
961     , -11886.3    , array([ 0.208902   ,  0.239846   ,  0.219366   ,  4.68856    ,  1.38191    ])
962     , -11671      , array([ 0.203366   ,  0.248111   ,  0.219794   ,  4.99482    ,  1.3896     ])
963     , -11077.6    , array([ 0.194029   ,  0.263266   ,  0.220545   ,  5.05343    ,  1.40316    ])
likelihood = -11077.56
theta = 5814.01
Optimized parameters = [0.19402869 0.26326602 0.22054464 5.05342679 1.4031593 ]

Round_2_Replicate_2
964     , -23240.5    , array([ 0.252904   ,  0.217014   ,  0.118716   ,  8.06991    ,  0.77811    ])
965     , -23507.8    , array([ 0.236104   ,  0.217014   ,  0.118716   ,  8.06991    ,  0.77811    ])
966     , -24573.4    , array([ 0.252904   ,  0.201054   ,  0.118716   ,  8.06991    ,  0.77811    ])
967     , -24774.5    , array([ 0.252904   ,  0.217014   ,  0.106718   ,  8.06991    ,  0.77811    ])
968     , -24002.1    , array([ 0.252904   ,  0.217014   ,  0.118716   ,  8.95802    ,  0.77811    ])
969     , -23257.5    , array([ 0.252904   ,  0.217014   ,  0.118716   ,  8.06991    ,  0.76841    ])
970     , -22677.3    , array([ 0.246045   ,  0.210483   ,  0.132064   ,  8.41407    ,  0.774216   ])
971     , -21691.8    , array([ 0.242686   ,  0.207292   ,  0.146913   ,  8.59161    ,  0.772276   ])
972     , -21730.8    , array([ 0.242019   ,  0.229986   ,  0.12928    ,  8.62757    ,  0.771888   ])
973     , -21378.1    , array([ 0.237798   ,  0.218077   ,  0.133764   ,  7.65624    ,  0.769413   ])
974     , -20139.7    , array([ 0.230586   ,  0.218611   ,  0.141988   ,  7.07811    ,  0.765101   ])
975     , -20591.3    , array([ 0.25232    ,  0.218718   ,  0.143693   ,  8.06452    ,  0.764242   ])
likelihood = -20139.67
theta = 4217.08
Optimized parameters = [0.23058645 0.21861123 0.14198802 7.07810874 0.76510145]

Round_2_Replicate_3
976     , -14484.3    , array([ 0.479759   ,  0.3145     ,  0.135791   ,  4.44431    ,  0.593292   ])
977     , -14284      , array([ 0.46246    ,  0.3145     ,  0.135791   ,  4.44431    ,  0.593292   ])
978     , -15212.2    , array([ 0.479759   ,  0.296826   ,  0.135791   ,  4.44431    ,  0.593292   ])
979     , -15001.4    , array([ 0.479759   ,  0.3145     ,  0.122889   ,  4.44431    ,  0.593292   ])
980     , -14619.3    , array([ 0.479759   ,  0.3145     ,  0.135791   ,  4.78844    ,  0.593292   ])
981     , -14481.7    , array([ 0.479759   ,  0.3145     ,  0.135791   ,  4.44431    ,  0.578005   ])
982     , -13942.9    , array([ 0.472763   ,  0.333227   ,  0.130475   ,  4.57889    ,  0.587129   ])
983     , -13352.2    , array([ 0.469303   ,  0.353069   ,  0.127896   ,  4.6477     ,  0.584072   ])
984     , -13569.7    , array([ 0.468615   ,  0.329395   ,  0.146494   ,  4.66159    ,  0.583462   ])
985     , -13443.9    , array([ 0.46423    ,  0.335548   ,  0.136661   ,  4.28035    ,  0.579576   ])
986     , -13162.6    , array([ 0.45816    ,  0.344356   ,  0.137011   ,  4.54297    ,  0.574179   ])
987     , -12550.5    , array([ 0.447727   ,  0.36033    ,  0.137625   ,  4.59312    ,  0.564855   ])
likelihood = -12550.49
theta = 4525.08
Optimized parameters = [0.44772737 0.36033047 0.13762477 4.59311647 0.56485547]

Round_2_Replicate_4
988     , -108684     , array([ 1.9216     ,  1.53578    ,  0.274955   ,  0.673679   ,  0.580567   ])
989     , -110688     , array([ 1.98539    ,  1.53578    ,  0.274955   ,  0.673679   ,  0.580567   ])
990     , -109730     , array([ 1.9216     ,  1.56908    ,  0.274955   ,  0.673679   ,  0.580567   ])
991     , -104633     , array([ 1.9216     ,  1.53578    ,  0.257766   ,  0.673679   ,  0.580567   ])
992     , -109244     , array([ 1.9216     ,  1.53578    ,  0.274955   ,  0.660504   ,  0.580567   ])
993     , -108785     , array([ 1.9216     ,  1.53578    ,  0.274955   ,  0.673679   ,  0.564995   ])
994     , -105735     , array([ 1.85985    ,  1.54902    ,  0.267946   ,  0.668378   ,  0.574287   ])
995     , -105123     , array([ 1.89666    ,  1.50836    ,  0.265193   ,  0.666269   ,  0.571795   ])
996     , -103963     , array([ 1.88677    ,  1.52999    ,  0.261385   ,  0.681925   ,  0.568323   ])
997     , -101416     , array([ 1.8696     ,  1.52711    ,  0.254854   ,  0.692895   ,  0.562298   ])
998     , -101520     , array([ 1.86618    ,  1.52653    ,  0.253567   ,  0.676153   ,  0.58287    ])
likelihood = -101415.59
theta = 3020.02
Optimized parameters = [1.86959797 1.52710891 0.25485369 0.69289465 0.56229835]

Round_2_Replicate_5
999     , -19932.3    , array([ 0.471141   ,  0.327603   ,  0.298762   ,  1.68432    ,  1.31446    ])
1000    , -19100.7    , array([ 0.453742   ,  0.327603   ,  0.298762   ,  1.68432    ,  1.31446    ])
1001    , -20099.9    , array([ 0.471141   ,  0.309824   ,  0.298762   ,  1.68432    ,  1.31446    ])
1002    , -18938.2    , array([ 0.471141   ,  0.327603   ,  0.281249   ,  1.68432    ,  1.31446    ])
1003    , -19872.4    , array([ 0.471141   ,  0.327603   ,  0.298762   ,  1.72881    ,  1.31446    ])
1004    , -19946.5    , array([ 0.471141   ,  0.327603   ,  0.298762   ,  1.68432    ,  1.33255    ])
1005    , -19046.6    , array([ 0.464103   ,  0.346402   ,  0.291629   ,  1.70198    ,  1.32167    ])
1006    , -18801.9    , array([ 0.461317   ,  0.334997   ,  0.288824   ,  1.70909    ,  1.29945    ])
1007    , -18257.4    , array([ 0.456482   ,  0.338756   ,  0.28398    ,  1.72161    ,  1.28321    ])
1008    , -18168.6    , array([ 0.455521   ,  0.339513   ,  0.283021   ,  1.72413    ,  1.30472    ])
1009    , -17354.5    , array([ 0.447906   ,  0.34563    ,  0.275465   ,  1.74438    ,  1.29988    ])
1010    , -17278.7    , array([ 0.446398   ,  0.346866   ,  0.273978   ,  1.6858     ,  1.29891    ])
1011    , -16147.8    , array([ 0.434519   ,  0.356919   ,  0.262368   ,  1.6647     ,  1.29121    ])
likelihood = -16147.83
theta = 6525.63
Optimized parameters = [0.43451867 0.35691869 0.26236842 1.66469937 1.29120639]

Round_2_Replicate_6
1012    , -11883.7    , array([ 0.337101   ,  0.782048   ,  0.0702074  ,  9.8867     ,  1.93547    ])
1013    , -12189.5    , array([ 0.319262   ,  0.782048   ,  0.0702074  ,  9.8867     ,  1.93547    ])
1014    , -11984.3    , array([ 0.337101   ,  0.772494   ,  0.0702074  ,  9.8867     ,  1.93547    ])
1015    , -13280.8    , array([ 0.337101   ,  0.782048   ,  0.0614755  ,  9.8867     ,  1.93547    ])
1016    , -12339.6    , array([ 0.337101   ,  0.782048   ,  0.0702074  ,  11.0867    ,  1.93547    ])
1017    , -11867.5    , array([ 0.337101   ,  0.782048   ,  0.0702074  ,  9.8867     ,  2.00044    ])
1018    , -10951.8    , array([ 0.329849   ,  0.778213   ,  0.0801796  ,  10.3503    ,  1.9612     ])
1019    , -10026.1    , array([ 0.326282   ,  0.776302   ,  0.0915682  ,  10.5902    ,  1.9742     ])
1020    , -10823.1    , array([ 0.325573   ,  0.77592    ,  0.0780778  ,  9.06232    ,  1.9768     ])
1021    , -10442.8    , array([ 0.346466   ,  0.773483   ,  0.0814677  ,  9.81447    ,  1.99358    ])
1022    , -10063      , array([ 0.331748   ,  0.783449   ,  0.0864622  ,  9.78573    ,  2.01732    ])
likelihood = -10026.11
theta = 2616.61
Optimized parameters = [ 0.32628161  0.77630197  0.09156818 10.59016482  1.97419523]

Round_2_Replicate_7
1023    , -22142.4    , array([ 0.380283   ,  1.90411    ,  0.295552   ,  3.27999    ,  0.274911   ])
1024    , -21867.1    , array([ 0.362337   ,  1.90411    ,  0.295552   ,  3.27999    ,  0.274911   ])
1025    , -22815.2    , array([ 0.380283   ,  1.96642    ,  0.295552   ,  3.27999    ,  0.274911   ])
1026    , -20829.1    , array([ 0.380283   ,  1.90411    ,  0.278077   ,  3.27999    ,  0.274911   ])
1027    , -21485.7    , array([ 0.380283   ,  1.90411    ,  0.295552   ,  3.4807     ,  0.274911   ])
1028    , -21512.2    , array([ 0.380283   ,  1.90411    ,  0.295552   ,  3.27999    ,  0.257722   ])
1029    , -20346.7    , array([ 0.373001   ,  1.84377    ,  0.288434   ,  3.35885    ,  0.267902   ])
1030    , -19191.2    , array([ 0.369412   ,  1.78535    ,  0.284939   ,  3.39899    ,  0.264465   ])
1031    , -19825.5    , array([ 0.368698   ,  1.85569    ,  0.284246   ,  3.40707    ,  0.263783   ])
1032    , -19301.7    , array([ 0.389663   ,  1.83666    ,  0.279845   ,  3.45927    ,  0.259459   ])
1033    , -18757.2    , array([ 0.37491    ,  1.81036    ,  0.273799   ,  3.53369    ,  0.277508   ])
1034    , -17479.7    , array([ 0.372251   ,  1.76523    ,  0.26353    ,  3.66781    ,  0.287963   ])
likelihood = -17479.71
theta = 3301.18
Optimized parameters = [0.3722512  1.76522621 0.26353041 3.66780695 0.28796293]

Round_2_Replicate_8
1035    , -22659.2    , array([ 0.969641   ,  0.836921   ,  0.0390053  ,  1.50008    ,  0.647287   ])
1036    , -22638.1    , array([ 0.968148   ,  0.836921   ,  0.0390053  ,  1.50008    ,  0.647287   ])
1037    , -22672.4    , array([ 0.969641   ,  0.829504   ,  0.0390053  ,  1.50008    ,  0.647287   ])
1038    , -23458.3    , array([ 0.969641   ,  0.836921   ,  0.033165   ,  1.50008    ,  0.647287   ])
1039    , -22480.1    , array([ 0.969641   ,  0.836921   ,  0.0390053  ,  1.5308     ,  0.647287   ])
1040    , -22727.9    , array([ 0.969641   ,  0.836921   ,  0.0390053  ,  1.50008    ,  0.633362   ])
1041    , -21941      , array([ 0.969043   ,  0.833946   ,  0.0458741  ,  1.51229    ,  0.641681   ])
1042    , -21413.1    , array([ 0.968745   ,  0.832463   ,  0.0539525  ,  1.51844    ,  0.638896   ])
1043    , -21937.5    , array([ 0.968685   ,  0.832166   ,  0.0444098  ,  1.51967    ,  0.658075   ])
1044    , -21729.4    , array([ 0.968303   ,  0.840684   ,  0.0467757  ,  1.52758    ,  0.648189   ])
1045    , -21417.7    , array([ 0.967768   ,  0.83473    ,  0.0503013  ,  1.53872    ,  0.64855    ])
likelihood = -21413.12
theta = 4139.68
Optimized parameters = [0.96874465 0.83246277 0.05395245 1.51843716 0.63889587]

Round_2_Replicate_9
1046    , -47323.4    , array([ 1.05148    ,  1.38485    ,  0.310136   ,  6.25436    ,  0.921167   ])
1047    , -47408.9    , array([ 1.05413    ,  1.38485    ,  0.310136   ,  6.25436    ,  0.921167   ])
1048    , -47646.7    , array([ 1.05148    ,  1.40758    ,  0.310136   ,  6.25436    ,  0.921167   ])
1049    , -43771.7    , array([ 1.05148    ,  1.38485    ,  0.292503   ,  6.25436    ,  0.921167   ])
1050    , -46636.9    , array([ 1.05148    ,  1.38485    ,  0.310136   ,  6.85476    ,  0.921167   ])
1051    , -47248.5    , array([ 1.05148    ,  1.38485    ,  0.310136   ,  6.25436    ,  0.917393   ])
1052    , -45291.1    , array([ 1.05254    ,  1.36249    ,  0.302958   ,  6.48794    ,  0.919655   ])
1053    , -44682.4    , array([ 1.04927    ,  1.37587    ,  0.300134   ,  6.58379    ,  0.919051   ])
1054    , -43742.4    , array([ 1.05102    ,  1.37229    ,  0.296224   ,  6.72037    ,  0.918207   ])
1055    , -42042      , array([ 1.05079    ,  1.36605    ,  0.289504   ,  6.96624    ,  0.91673    ])
1056    , -41805.4    , array([ 1.05074    ,  1.3648     ,  0.288179   ,  7.01648    ,  0.921718   ])
1057    , -39300.1    , array([ 1.05037    ,  1.35488    ,  0.27779    ,  7.43169    ,  0.923888   ])
likelihood = -39300.08
theta = 2266.8
Optimized parameters = [1.05036961 1.35488319 0.27779042 7.43169403 0.92388788]

Round_2_Replicate_10
1058    , -20536.7    , array([ 0.422677   ,  0.193836   ,  0.123444   ,  1.39426    ,  0.327777   ])
1059    , -20152      , array([ 0.404864   ,  0.193836   ,  0.123444   ,  1.39426    ,  0.327777   ])
1060    , -21731      , array([ 0.422677   ,  0.178569   ,  0.123444   ,  1.39426    ,  0.327777   ])
1061    , -21340.2    , array([ 0.422677   ,  0.193836   ,  0.111184   ,  1.39426    ,  0.327777   ])
1062    , -20511.8    , array([ 0.422677   ,  0.193836   ,  0.123444   ,  1.41763    ,  0.327777   ])
1063    , -20548.9    , array([ 0.422677   ,  0.193836   ,  0.123444   ,  1.39426    ,  0.309997   ])
1064    , -19547.3    , array([ 0.415459   ,  0.210408   ,  0.118386   ,  1.40356    ,  0.320546   ])
1065    , -18543.3    , array([ 0.411897   ,  0.228398   ,  0.115935   ,  1.40824    ,  0.316991   ])
1066    , -18815.3    , array([ 0.411188   ,  0.206984   ,  0.133658   ,  1.40917    ,  0.316284   ])
1067    , -18852.9    , array([ 0.406681   ,  0.21249    ,  0.124273   ,  1.41518    ,  0.337122   ])
1068    , -18225.6    , array([ 0.400453   ,  0.220445   ,  0.124606   ,  1.42363    ,  0.32244    ])
1069    , -17158.1    , array([ 0.389783   ,  0.235089   ,  0.125192   ,  1.43855    ,  0.319803   ])
likelihood = -17158.12
theta = 8029.59
Optimized parameters = [0.38978342 0.23508916 0.12519163 1.43855088 0.31980337]

Round_3_Replicate_1
1070    , -15774      , array([ 0.206595   ,  0.534488   ,  0.0638676  ,  3.04334    ,  1.40128    ])
1071    , -16318.5    , array([ 0.190931   ,  0.534488   ,  0.0638676  ,  3.04334    ,  1.40128    ])
1072    , -16031.7    , array([ 0.206595   ,  0.518006   ,  0.0638676  ,  3.04334    ,  1.40128    ])
1073    , -17438.6    , array([ 0.206595   ,  0.534488   ,  0.0556602  ,  3.04334    ,  1.40128    ])
1074    , -15885.7    , array([ 0.206595   ,  0.534488   ,  0.0638676  ,  3.2175     ,  1.40128    ])
1075    , -15779.3    , array([ 0.206595   ,  0.534488   ,  0.0638676  ,  3.04334    ,  1.42512    ])
1076    , -14527.8    , array([ 0.200181   ,  0.527833   ,  0.0732853  ,  3.11184    ,  1.41077    ])
1077    , -13181.6    , array([ 0.197049   ,  0.524537   ,  0.0840916  ,  3.14667    ,  1.41554    ])
1078    , -14357.2    , array([ 0.219354   ,  0.52388    ,  0.0712967  ,  3.15368    ,  1.41649    ])
1079    , -13953.8    , array([ 0.20764    ,  0.542992   ,  0.0745049  ,  3.19893    ,  1.42262    ])
1080    , -13361.8    , array([ 0.20806    ,  0.529582   ,  0.0792404  ,  3.01878    ,  1.43125    ])
1081    , -12545.1    , array([ 0.208649   ,  0.527632   ,  0.08638    ,  3.18121    ,  1.40972    ])
1082    , -11138      , array([ 0.209683   ,  0.524237   ,  0.100457   ,  3.25246    ,  1.40209    ])
1083    , -10879.7    , array([ 0.20989    ,  0.523561   ,  0.103536   ,  3.2669     ,  1.43404    ])
1084    , -9113.21    , array([ 0.211558   ,  0.518181   ,  0.131825   ,  3.38477    ,  1.4507     ])
1085    , -10049.2    , array([ 0.194841   ,  0.53183    ,  0.118597   ,  3.24305    ,  1.43225    ])
1086    , -9109.73    , array([ 0.200661   ,  0.508865   ,  0.136683   ,  3.21475    ,  1.42993    ])
1087    , -7986       , array([ 0.197259   ,  0.492615   ,  0.185132   ,  3.22268    ,  1.43359    ])
1088    , -8053.36    , array([ 0.196031   ,  0.506866   ,  0.180455   ,  3.49683    ,  1.42224    ])
likelihood = -7986.0
theta = 5786.67
Optimized parameters = [0.1972595  0.49261465 0.18513198 3.22268483 1.43359476]

Round_3_Replicate_2
1089    , -37593.4    , array([ 1.52399    ,  3.07612    ,  0.0760653  ,  2.45812    ,  0.862634   ])
1090    , -38143.3    , array([ 1.55644    ,  3.07612    ,  0.0760653  ,  2.45812    ,  0.862634   ])
1091    , -38762.7    , array([ 1.52399    ,  3.25389    ,  0.0760653  ,  2.45812    ,  0.862634   ])
1092    , -35913.6    , array([ 1.52399    ,  3.07612    ,  0.0668722  ,  2.45812    ,  0.862634   ])
1093    , -36539.9    , array([ 1.52399    ,  3.07612    ,  0.0760653  ,  2.57118    ,  0.862634   ])
1094    , -37601.9    , array([ 1.52399    ,  3.07612    ,  0.0760653  ,  2.45812    ,  0.856284   ])
1095    , -35547.5    , array([ 1.53689    ,  2.90806    ,  0.0722454  ,  2.50274    ,  0.860088   ])
1096    , -34043.8    , array([ 1.54338    ,  2.74918    ,  0.070408   ,  2.52535    ,  0.858818   ])
1097    , -34543.1    , array([ 1.49979    ,  2.94092    ,  0.0700462  ,  2.52989    ,  0.858565   ])
1098    , -33885.6    , array([ 1.52194    ,  2.88852    ,  0.0677741  ,  2.55919    ,  0.865852   ])
1099    , -32218.8    , array([ 1.52091    ,  2.79905    ,  0.0639738  ,  2.61127    ,  0.870676   ])
1100    , -31921.2    , array([ 1.52071    ,  2.78149    ,  0.0632397  ,  2.62181    ,  0.862675   ])
1101    , -29568.8    , array([ 1.51907    ,  2.64494    ,  0.0576622  ,  2.7077     ,  0.862695   ])
1102    , -30467.4    , array([ 1.51874    ,  2.61844    ,  0.0566072  ,  2.55893    ,  0.862699   ])
1103    , -28574.3    , array([ 1.51665    ,  2.45504    ,  0.060237   ,  2.72001    ,  0.862725   ])
1104    , -25571.8    , array([ 1.51299    ,  2.19324    ,  0.0571705  ,  2.86124    ,  0.862771   ])
1105    , -26677.7    , array([ 1.54654    ,  2.2836     ,  0.05302    ,  2.77621    ,  0.868511   ])
1106    , -24844.4    , array([ 1.50408    ,  2.26813    ,  0.04709    ,  2.88859    ,  0.87216    ])
1107    , -22177.2    , array([ 1.48481    ,  2.06016    ,  0.0385108  ,  3.08936    ,  0.878909   ])
1108    , -22679.1    , array([ 1.5117     ,  1.97068    ,  0.0423039  ,  2.98787    ,  0.863527   ])
likelihood = -22177.2
theta = 2309.47
Optimized parameters = [1.48481347 2.0601578  0.03851075 3.08935584 0.87890871]

Round_3_Replicate_3
1109    , -18667.2    , array([ 0.395133   ,  0.199646   ,  0.147388   ,  1.19793    ,  0.859976   ])
1110    , -18198.7    , array([ 0.377208   ,  0.199646   ,  0.147388   ,  1.19793    ,  0.859976   ])
1111    , -19794.8    , array([ 0.395133   ,  0.184193   ,  0.147388   ,  1.19793    ,  0.859976   ])
1112    , -19163.7    , array([ 0.395133   ,  0.199646   ,  0.133932   ,  1.19793    ,  0.859976   ])
1113    , -18658.6    , array([ 0.395133   ,  0.199646   ,  0.147388   ,  1.20879    ,  0.859976   ])
1114    , -18666.6    , array([ 0.395133   ,  0.199646   ,  0.147388   ,  1.19793    ,  0.853514   ])
1115    , -17593      , array([ 0.387863   ,  0.216395   ,  0.14185    ,  1.20226    ,  0.857385   ])
1116    , -16592.9    , array([ 0.384278   ,  0.234549   ,  0.13916    ,  1.20443    ,  0.856093   ])
1117    , -17205.1    , array([ 0.383565   ,  0.212936   ,  0.158511   ,  1.20487    ,  0.855834   ])
1118    , -17034.8    , array([ 0.379033   ,  0.218497   ,  0.148293   ,  1.20766    ,  0.854183   ])
1119    , -16419.8    , array([ 0.372779   ,  0.226527   ,  0.148657   ,  1.21157    ,  0.860921   ])
1120    , -15396.6    , array([ 0.36208    ,  0.241296   ,  0.149296   ,  1.21845    ,  0.864648   ])
1121    , -15213.6    , array([ 0.359978   ,  0.244363   ,  0.149424   ,  1.20451    ,  0.856305   ])
1122    , -13758.7    , array([ 0.343591   ,  0.270348   ,  0.150453   ,  1.20237    ,  0.854476   ])
1123    , -13995.6    , array([ 0.363265   ,  0.275868   ,  0.15066    ,  1.21724    ,  0.854111   ])
1124    , -13708.2    , array([ 0.349557   ,  0.286874   ,  0.13727    ,  1.21518    ,  0.857552   ])
1125    , -12472.5    , array([ 0.333701   ,  0.332976   ,  0.127742   ,  1.22037    ,  0.858412   ])
1126    , -12202.1    , array([ 0.336165   ,  0.330889   ,  0.138228   ,  1.21746    ,  0.860908   ])
1127    , -10759.8    , array([ 0.316584   ,  0.407194   ,  0.133455   ,  1.2224     ,  0.864291   ])
1128    , -10597.3    , array([ 0.306846   ,  0.384344   ,  0.144854   ,  1.22797    ,  0.86227    ])
1129    , -9459.34    , array([ 0.274195   ,  0.491999   ,  0.147788   ,  1.23991    ,  0.865375   ])
likelihood = -9459.34
theta = 7127.08
Optimized parameters = [0.27419453 0.49199856 0.14778786 1.2399114  0.86537464]

Round_3_Replicate_4
1130    , -13285.3    , array([ 0.440598   ,  0.756815   ,  0.0724854  ,  7.54342    ,  0.213549   ])
1131    , -13438.3    , array([ 0.422907   ,  0.756815   ,  0.0724854  ,  7.54342    ,  0.213549   ])
1132    , -13408.2    , array([ 0.440598   ,  0.746344   ,  0.0724854  ,  7.54342    ,  0.213549   ])
1133    , -14620.4    , array([ 0.440598   ,  0.756815   ,  0.0635716  ,  7.54342    ,  0.213549   ])
1134    , -13881.1    , array([ 0.440598   ,  0.756815   ,  0.0724854  ,  8.3454     ,  0.213549   ])
1135    , -13580.5    , array([ 0.440598   ,  0.756815   ,  0.0724854  ,  7.54342    ,  0.197685   ])
1136    , -12478.4    , array([ 0.433434   ,  0.752609   ,  0.0826491  ,  7.85452    ,  0.207056   ])
1137    , -11538.1    , array([ 0.429896   ,  0.750515   ,  0.0942379  ,  8.01485    ,  0.203884   ])
1138    , -12227.5    , array([ 0.429192   ,  0.750097   ,  0.0805083  ,  6.98588    ,  0.203256   ])
1139    , -11954      , array([ 0.424713   ,  0.747427   ,  0.0839608  ,  7.4948     ,  0.222021   ])
1140    , -11544.5    , array([ 0.443235   ,  0.743704   ,  0.0890444  ,  7.47544    ,  0.208751   ])
1141    , -10874.1    , array([ 0.426454   ,  0.753069   ,  0.0966828  ,  7.44842    ,  0.206862   ])
1142    , -9809.14    , array([ 0.419554   ,  0.756454   ,  0.11166    ,  7.40137    ,  0.203597   ])
1143    , -9754.74    , array([ 0.418187   ,  0.742509   ,  0.114923   ,  7.392      ,  0.20295    ])
1144    , -8552.83    , array([ 0.407413   ,  0.735457   ,  0.144706   ,  7.31743    ,  0.19785    ])
1145    , -9314.65    , array([ 0.42045    ,  0.743275   ,  0.130821   ,  8.13139    ,  0.210942   ])
1146    , -8722.82    , array([ 0.423173   ,  0.744271   ,  0.14979    ,  7.83045    ,  0.189199   ])
1147    , -8290.21    , array([ 0.398046   ,  0.748225   ,  0.173901   ,  7.99779    ,  0.193464   ])
1148    , -8451.5     , array([ 0.37721    ,  0.750496   ,  0.243024   ,  8.2725     ,  0.186246   ])
likelihood = -8290.21
theta = 3080.58
Optimized parameters = [0.39804628 0.74822477 0.17390095 7.99779487 0.19346417]

Round_3_Replicate_5
1149    , -30787.6    , array([ 1.02972    ,  0.234083   ,  0.171421   ,  1.75026    ,  0.196074   ])
1150    , -30823.5    , array([ 1.03123    ,  0.234083   ,  0.171421   ,  1.75026    ,  0.196074   ])
1151    , -31771.2    , array([ 1.02972    ,  0.21769    ,  0.171421   ,  1.75026    ,  0.196074   ])
1152    , -30650.9    , array([ 1.02972    ,  0.234083   ,  0.156952   ,  1.75026    ,  0.196074   ])
1153    , -30545.1    , array([ 1.02972    ,  0.234083   ,  0.171421   ,  1.79993    ,  0.196074   ])
1154    , -30597.4    , array([ 1.02972    ,  0.234083   ,  0.171421   ,  1.75026    ,  0.180734   ])
1155    , -29612.9    , array([ 1.03032    ,  0.251711   ,  0.16548    ,  1.76996    ,  0.189787   ])
1156    , -28597.5    , array([ 1.03063    ,  0.270666   ,  0.162587   ,  1.7799     ,  0.18672    ])
1157    , -29629.2    , array([ 1.02858    ,  0.248082   ,  0.162014   ,  1.78189    ,  0.186113   ])
1158    , -29226.4    , array([ 1.02962    ,  0.253913   ,  0.158398   ,  1.7947     ,  0.182272   ])
1159    , -28805.6    , array([ 1.02959    ,  0.262308   ,  0.173636   ,  1.8128     ,  0.177027   ])
1160    , -28126.5    , array([ 1.02953    ,  0.274529   ,  0.159799   ,  1.83843    ,  0.190466   ])
1161    , -26957      , array([ 1.02944    ,  0.297302   ,  0.154287   ,  1.88417    ,  0.195527   ])
1162    , -26882.2    , array([ 1.02942    ,  0.302078   ,  0.153207   ,  1.8207     ,  0.17537    ])
1163    , -25334.2    , array([ 1.02927    ,  0.343157   ,  0.144839   ,  1.83117    ,  0.165853   ])
1164    , -25946.7    , array([ 1.03084    ,  0.324529   ,  0.154997   ,  1.85932    ,  0.176431   ])
1165    , -25128.2    , array([ 1.03028    ,  0.349776   ,  0.157165   ,  1.87235    ,  0.177818   ])
1166    , -23453.2    , array([ 1.03061    ,  0.410527   ,  0.156552   ,  1.91242    ,  0.175632   ])
1167    , -23549.1    , array([ 1.03073    ,  0.405019   ,  0.137554   ,  1.89376    ,  0.182508   ])
likelihood = -23453.17
theta = 4772.13
Optimized parameters = [1.03060596 0.41052724 0.1565517  1.91242071 0.17563205]

Round_4_Replicate_1
1168    , -8615.56    , array([ 0.16741    ,  0.36166    ,  0.341272   ,  4.21799    ,  2.11989    ])
1169    , -8471.42    , array([ 0.153098   ,  0.36166    ,  0.341272   ,  4.21799    ,  2.11989    ])
1170    , -8462.42    , array([ 0.16741    ,  0.343729   ,  0.341272   ,  4.21799    ,  2.11989    ])
1171    , -8344.02    , array([ 0.16741    ,  0.36166    ,  0.323412   ,  4.21799    ,  2.11989    ])
1172    , -8611.86    , array([ 0.16741    ,  0.36166    ,  0.341272   ,  4.53274    ,  2.11989    ])
1173    , -8621.24    , array([ 0.16741    ,  0.36166    ,  0.341272   ,  4.21799    ,  2.20105    ])
1174    , -8376.33    , array([ 0.161531   ,  0.354378   ,  0.334013   ,  4.34118    ,  2.04173    ])
1175    , -8300.98    , array([ 0.159238   ,  0.351506   ,  0.331152   ,  4.39146    ,  2.08828    ])
1176    , -8203.61    , array([ 0.155303   ,  0.346537   ,  0.326206   ,  4.48085    ,  2.07264    ])
1177    , -8160.72    , array([ 0.154528   ,  0.345551   ,  0.325225   ,  4.06774    ,  2.06953    ])
1178    , -8042.46    , array([ 0.148463   ,  0.337768   ,  0.317487   ,  3.85345    ,  2.0448     ])
1179    , -8147.96    , array([ 0.166908   ,  0.336232   ,  0.315961   ,  4.21605    ,  2.03989    ])
1180    , -8075.62    , array([ 0.152456   ,  0.350666   ,  0.30637    ,  4.21527    ,  2.00874    ])
1181    , -8006.8     , array([ 0.154392   ,  0.338699   ,  0.302398   ,  4.04772    ,  2.0721     ])
1182    , -8003.33    , array([ 0.150941   ,  0.331122   ,  0.287731   ,  3.90852    ,  2.08745    ])
1183    , -8075.8     , array([ 0.142926   ,  0.320372   ,  0.298042   ,  4.04088    ,  1.98342    ])
1184    , -8020.63    , array([ 0.149033   ,  0.324018   ,  0.285008   ,  3.64978    ,  1.99324    ])
1185    , -8202.73    , array([ 0.132528   ,  0.329041   ,  0.28236    ,  3.66156    ,  2.00659    ])
1186    , -8029.31    , array([ 0.157556   ,  0.33442    ,  0.307203   ,  4.07001    ,  2.03151    ])
1187    , -8033.77    , array([ 0.160918   ,  0.351309   ,  0.302984   ,  3.83129    ,  2.0836     ])
1188    , -7957.71    , array([ 0.154154   ,  0.321195   ,  0.293439   ,  3.5351     ,  2.08766    ])
1189    , -7995.7     , array([ 0.155011   ,  0.307402   ,  0.28718    ,  3.23735    ,  2.12828    ])
1190    , -8030.14    , array([ 0.1607     ,  0.326817   ,  0.274383   ,  3.73594    ,  2.06793    ])
1191    , -8216.76    , array([ 0.148181   ,  0.305267   ,  0.276337   ,  3.71986    ,  2.02331    ])
1192    , -7972.9     , array([ 0.157635   ,  0.339185   ,  0.29609    ,  3.80312    ,  2.06836    ])
1193    , -8014.49    , array([ 0.147244   ,  0.333056   ,  0.314577   ,  3.84209    ,  2.03881    ])
likelihood = -7957.71
theta = 7683.53
Optimized parameters = [0.15415426 0.32119498 0.29343934 3.53510153 2.08766177]

Round_4_Replicate_2
1194    , -12320.4    , array([ 0.19292    ,  0.884004   ,  0.178226   ,  1.63472    ,  1.26012    ])
1195    , -12552.8    , array([ 0.177683   ,  0.884004   ,  0.178226   ,  1.63472    ,  1.26012    ])
1196    , -12244.7    , array([ 0.19292    ,  0.878571   ,  0.178226   ,  1.63472    ,  1.26012    ])
1197    , -11913.1    , array([ 0.19292    ,  0.884004   ,  0.163501   ,  1.63472    ,  1.26012    ])
1198    , -12241.9    , array([ 0.19292    ,  0.884004   ,  0.178226   ,  1.67538    ,  1.26012    ])
1199    , -12326.7    , array([ 0.19292    ,  0.884004   ,  0.178226   ,  1.63472    ,  1.27477    ])
1200    , -11903.1    , array([ 0.209463   ,  0.881827   ,  0.172183   ,  1.65086    ,  1.26596    ])
1201    , -11674.7    , array([ 0.227425   ,  0.880741   ,  0.169239   ,  1.659      ,  1.26889    ])
1202    , -11786.2    , array([ 0.206045   ,  0.880523   ,  0.168656   ,  1.66063    ,  1.2491     ])
1203    , -11597.3    , array([ 0.211541   ,  0.879135   ,  0.164974   ,  1.67111    ,  1.25919    ])
1204    , -11288.6    , array([ 0.221516   ,  0.87671    ,  0.158722   ,  1.68961    ,  1.25872    ])
1205    , -11319.6    , array([ 0.223566   ,  0.883821   ,  0.1575     ,  1.69333    ,  1.25863    ])
1206    , -11064.9    , array([ 0.237148   ,  0.878317   ,  0.149901   ,  1.65928    ,  1.25803    ])
1207    , -10725.4    , array([ 0.26293    ,  0.875487   ,  0.137474   ,  1.65129    ,  1.25699    ])
1208    , -10951.1    , array([ 0.268413   ,  0.874922   ,  0.152453   ,  1.70744    ,  1.25678    ])
1209    , -10718.4    , array([ 0.279355   ,  0.876141   ,  0.141941   ,  1.69959    ,  1.27099    ])
1210    , -10561.7    , array([ 0.325277   ,  0.873958   ,  0.130215   ,  1.71941    ,  1.28208    ])
1211    , -10392.6    , array([ 0.292042   ,  0.87322    ,  0.127372   ,  1.72578    ,  1.25635    ])
1212    , -10260.4    , array([ 0.330939   ,  0.869485   ,  0.1105     ,  1.76017    ,  1.25012    ])
1213    , -10436.6    , array([ 0.347547   ,  0.864503   ,  0.118775   ,  1.71717    ,  1.26316    ])
1214    , -10829.8    , array([ 0.42001    ,  0.86664    ,  0.104956   ,  1.73214    ,  1.26484    ])
1215    , -10793.5    , array([ 0.414612   ,  0.865115   ,  0.094114   ,  1.72392    ,  1.27004    ])
1216    , -10514.8    , array([ 0.263597   ,  0.872766   ,  0.130871   ,  1.69611    ,  1.26402    ])
1217    , -11496.4    , array([ 0.22278    ,  0.87739    ,  0.166522   ,  1.69315    ,  1.25645    ])
1218    , -10421.7    , array([ 0.354977   ,  0.868167   ,  0.108545   ,  1.71617    ,  1.26663    ])
1219    , -10468.1    , array([ 0.396116   ,  0.864089   ,  0.103719   ,  1.79507    ,  1.27338    ])
likelihood = -10260.41
theta = 5037.75
Optimized parameters = [0.33093909 0.86948453 0.11049989 1.76017253 1.25012117]

Round_4_Replicate_3
1220    , -11046.5    , array([ 0.35725    ,  0.430697   ,  0.126938   ,  6.4285     ,  1.18037    ])
1221    , -11016.1    , array([ 0.339329   ,  0.430697   ,  0.126938   ,  6.4285     ,  1.18037    ])
1222    , -11468      , array([ 0.35725    ,  0.412934   ,  0.126938   ,  6.4285     ,  1.18037    ])
1223    , -11754      , array([ 0.35725    ,  0.430697   ,  0.114491   ,  6.4285     ,  1.18037    ])
1224    , -11324.3    , array([ 0.35725    ,  0.430697   ,  0.126938   ,  7.05529    ,  1.18037    ])
1225    , -11042      , array([ 0.35725    ,  0.430697   ,  0.126938   ,  6.4285     ,  1.1902     ])
1226    , -10701.2    , array([ 0.34997    ,  0.423502   ,  0.140738   ,  6.67224    ,  1.18429    ])
1227    , -10353.5    , array([ 0.346387   ,  0.41995    ,  0.156039   ,  6.79755    ,  1.18626    ])
1228    , -10412.4    , array([ 0.345674   ,  0.444707   ,  0.137863   ,  6.8229     ,  1.18665    ])
1229    , -10209.9    , array([ 0.34115    ,  0.43186    ,  0.142492   ,  6.13402    ,  1.18917    ])
1230    , -9757.35    , array([ 0.333374   ,  0.432442   ,  0.15097    ,  5.71953    ,  1.1936     ])
1231    , -9959.05    , array([ 0.33184    ,  0.432559   ,  0.152725   ,  6.42467    ,  1.19448    ])
1232    , -9634.97    , array([ 0.32219    ,  0.433306   ,  0.164451   ,  6.42314    ,  1.18633    ])
1233    , -9228.04    , array([ 0.305972   ,  0.434616   ,  0.18718    ,  6.42046    ,  1.18439    ])
1234    , -9409.94    , array([ 0.325452   ,  0.434878   ,  0.19209    ,  6.41993    ,  1.19783    ])
1235    , -9332.29    , array([ 0.311867   ,  0.41743    ,  0.201963   ,  5.9033     ,  1.19597    ])
1236    , -8818.87    , array([ 0.298427   ,  0.440976   ,  0.197834   ,  5.60026    ,  1.20028    ])
1237    , -8555.28    , array([ 0.276998   ,  0.451881   ,  0.222759   ,  5.08319    ,  1.20735    ])
1238    , -9052.98    , array([ 0.289794   ,  0.435671   ,  0.235069   ,  5.39541    ,  1.19713    ])
1239    , -9903.12    , array([ 0.272741   ,  0.437087   ,  0.283881   ,  5.9208     ,  1.19944    ])
1240    , -9207.13    , array([ 0.317056   ,  0.433599   ,  0.176788   ,  5.7692     ,  1.19505    ])
1241    , -8580.5     , array([ 0.276474   ,  0.434126   ,  0.215824   ,  5.05411    ,  1.19409    ])
1242    , -8391.28    , array([ 0.274945   ,  0.459423   ,  0.210798   ,  5.16535    ,  1.19519    ])
1243    , -8129.24    , array([ 0.258158   ,  0.481978   ,  0.21536    ,  4.83172    ,  1.1948     ])
1244    , -8522.86    , array([ 0.261828   ,  0.459896   ,  0.240569   ,  4.2388     ,  1.2111     ])
1245    , -9272.29    , array([ 0.234052   ,  0.471961   ,  0.288112   ,  4.17008    ,  1.20672    ])
1246    , -8689.03    , array([ 0.293887   ,  0.442887   ,  0.199747   ,  5.31952    ,  1.19796    ])
likelihood = -8129.24
theta = 4771.56
Optimized parameters = [0.25815776 0.48197799 0.21535955 4.83172133 1.1948006 ]

Round_4_Replicate_4
1247    , -10465.6    , array([ 0.254149   ,  0.324315   ,  0.167414   ,  3.69067    ,  1.14521    ])
1248    , -10434.6    , array([ 0.237325   ,  0.324315   ,  0.167414   ,  3.69067    ,  1.14521    ])
1249    , -10990      , array([ 0.254149   ,  0.30656    ,  0.167414   ,  3.69067    ,  1.14521    ])
1250    , -11068.6    , array([ 0.254149   ,  0.324315   ,  0.153102   ,  3.69067    ,  1.14521    ])
1251    , -10584.1    , array([ 0.254149   ,  0.324315   ,  0.167414   ,  3.93968    ,  1.14521    ])
1252    , -10463.8    , array([ 0.254149   ,  0.324315   ,  0.167414   ,  3.69067    ,  1.15301    ])
1253    , -10160.4    , array([ 0.247281   ,  0.317093   ,  0.183063   ,  3.78833    ,  1.14832    ])
1254    , -9821.11    , array([ 0.243917   ,  0.313542   ,  0.200176   ,  3.83812    ,  1.14988    ])
1255    , -9731.98    , array([ 0.24325    ,  0.338494   ,  0.17982    ,  3.84816    ,  1.15019    ])
1256    , -9214.69    , array([ 0.237976   ,  0.355687   ,  0.186364   ,  3.9294     ,  1.15269    ])
1257    , -9537.29    , array([ 0.236935   ,  0.332001   ,  0.187702   ,  3.60117    ,  1.15319    ])
1258    , -9312.84    , array([ 0.230381   ,  0.335126   ,  0.196489   ,  3.80657    ,  1.1564     ])
1259    , -8954.48    , array([ 0.221508   ,  0.33955    ,  0.209488   ,  3.85395    ,  1.14994    ])
1260    , -8481.11    , array([ 0.206794   ,  0.347434   ,  0.234338   ,  3.93828    ,  1.14841    ])
1261    , -8568.78    , array([ 0.224498   ,  0.349033   ,  0.239651   ,  3.95536    ,  1.15905    ])
1262    , -8309.98    , array([ 0.211301   ,  0.376847   ,  0.21539    ,  3.84947    ,  1.15802    ])
1263    , -7969.9     , array([ 0.196667   ,  0.413142   ,  0.223425   ,  3.85515    ,  1.16211    ])
1264    , -8128.55    , array([ 0.201909   ,  0.388425   ,  0.246283   ,  4.21613    ,  1.15825    ])
1265    , -8061.68    , array([ 0.19698    ,  0.408204   ,  0.257514   ,  4.15504    ,  1.15578    ])
1266    , -8495.98    , array([ 0.176803   ,  0.406388   ,  0.308995   ,  4.11607    ,  1.16074    ])
1267    , -8172.56    , array([ 0.170343   ,  0.440122   ,  0.266002   ,  4.15472    ,  1.15505    ])
1268    , -8528.82    , array([ 0.213097   ,  0.390257   ,  0.194306   ,  4.00745    ,  1.1511     ])
1269    , -8123.55    , array([ 0.185252   ,  0.402294   ,  0.27516    ,  4.08865    ,  1.15832    ])
1270    , -8506.51    , array([ 0.174349   ,  0.484047   ,  0.273208   ,  4.25162    ,  1.16747    ])
1271    , -8131.74    , array([ 0.198157   ,  0.377465   ,  0.243503   ,  4.01438    ,  1.15314    ])
1272    , -8482.73    , array([ 0.224858   ,  0.359343   ,  0.232326   ,  3.97512    ,  1.15999    ])
1273    , -8026.42    , array([ 0.182587   ,  0.418366   ,  0.257151   ,  4.10907    ,  1.15628    ])
likelihood = -7969.9
theta = 5751.56
Optimized parameters = [0.19666733 0.41314247 0.22342495 3.85515076 1.16210574]

Round_4_Replicate_5
1274    , -14358.5    , array([ 0.115266   ,  0.339756   ,  0.141477   ,  3.25592    ,  1.15989    ])
1275    , -15209.7    , array([ 0.103464   ,  0.339756   ,  0.141477   ,  3.25592    ,  1.15989    ])
1276    , -14822.5    , array([ 0.115266   ,  0.321903   ,  0.141477   ,  3.25592    ,  1.15989    ])
1277    , -15558.2    , array([ 0.115266   ,  0.339756   ,  0.128298   ,  3.25592    ,  1.15989    ])
1278    , -14547.5    , array([ 0.115266   ,  0.339756   ,  0.141477   ,  3.45388    ,  1.15989    ])
1279    , -14357.2    , array([ 0.115266   ,  0.339756   ,  0.141477   ,  3.25592    ,  1.16853    ])
1280    , -13781.7    , array([ 0.110392   ,  0.332499   ,  0.15601    ,  3.3337     ,  1.16334    ])
1281    , -12961.2    , array([ 0.108032   ,  0.328929   ,  0.172035   ,  3.37329    ,  1.16506    ])
1282    , -13265.4    , array([ 0.125129   ,  0.328219   ,  0.152988   ,  3.38126    ,  1.16541    ])
1283    , -13007.2    , array([ 0.116066   ,  0.349125   ,  0.157851   ,  3.43274    ,  1.16762    ])
1284    , -12650.4    , array([ 0.116388   ,  0.3344     ,  0.164919   ,  3.22806    ,  1.17073    ])
1285    , -11796.8    , array([ 0.116952   ,  0.331753   ,  0.178059   ,  3.12074    ,  1.17619    ])
1286    , -11841      , array([ 0.117065   ,  0.331226   ,  0.180811   ,  3.36673    ,  1.17729    ])
1287    , -10978.7    , array([ 0.117793   ,  0.327875   ,  0.199452   ,  3.41211    ,  1.17208    ])
1288    , -9711.8     , array([ 0.119077   ,  0.322091   ,  0.236818   ,  3.49299    ,  1.17387    ])
1289    , -10597      , array([ 0.106378   ,  0.33685    ,  0.219669   ,  3.32862    ,  1.17862    ])
1290    , -9864.09    , array([ 0.110755   ,  0.312177   ,  0.24299    ,  3.23856    ,  1.1808     ])
1291    , -9033.75    , array([ 0.120181   ,  0.32449    ,  0.255981   ,  3.24234    ,  1.18977    ])
1292    , -8202.98    , array([ 0.126759   ,  0.322293   ,  0.312251   ,  3.17879    ,  1.20231    ])
1293    , -8547.39    , array([ 0.114494   ,  0.318734   ,  0.303049   ,  3.17486    ,  1.18736    ])
1294    , -8510.25    , array([ 0.113635   ,  0.313172   ,  0.380672   ,  3.44875    ,  1.19297    ])
1295    , -8285.64    , array([ 0.128272   ,  0.299571   ,  0.384467   ,  3.27955    ,  1.19629    ])
1296    , -8829.07    , array([ 0.130656   ,  0.317962   ,  0.417588   ,  3.38776    ,  1.20032    ])
1297    , -10805.7    , array([ 0.126121   ,  0.306588   ,  0.537594   ,  3.10279    ,  1.21823    ])
1298    , -8587.06    , array([ 0.1208     ,  0.318143   ,  0.290687   ,  3.39107    ,  1.1848     ])
likelihood = -8202.98
theta = 7552.49
Optimized parameters = [0.12675885 0.32229264 0.31225051 3.17878804 1.20231286]

Round_1_Replicate_1
2156    , -129233     , array([ 1.94631    ,  1.93023    ,  0.357292   ,  0.218429   ,  6.6846     ])
2157    , -131769     , array([ 2.01221    ,  1.93023    ,  0.357292   ,  0.218429   ,  6.6846     ])
2158    , -130904     , array([ 1.94631    ,  1.99475    ,  0.357292   ,  0.218429   ,  6.6846     ])
2159    , -123219     , array([ 1.94631    ,  1.93023    ,  0.339371   ,  0.218429   ,  6.6846     ])
2160    , -129247     , array([ 1.94631    ,  1.93023    ,  0.357292   ,  0.20243    ,  6.6846     ])
2161    , -128743     , array([ 1.94631    ,  1.93023    ,  0.357292   ,  0.218429   ,  7.35071    ])
2162    , -124782     , array([ 1.88257    ,  1.95578    ,  0.350013   ,  0.211883   ,  6.94348    ])
2163    , -123240     , array([ 1.92056    ,  1.87764    ,  0.347143   ,  0.20932    ,  7.04982    ])
likelihood = -123218.9
theta = 1984.15
Optimized parameters = [1.94630903 1.93022614 0.33937117 0.21842869 6.68460438]

Round_1_Replicate_2
2164    , -73843      , array([ 4.18004    ,  0.855527   ,  0.131254   ,  2.24692    ,  1.46057    ])
2165    , -77142.5    , array([ 4.48993    ,  0.855527   ,  0.131254   ,  2.24692    ,  1.46057    ])
2166    , -73810.9    , array([ 4.18004    ,  0.848878   ,  0.131254   ,  2.24692    ,  1.46057    ])
2167    , -69513.7    , array([ 4.18004    ,  0.855527   ,  0.118581   ,  2.24692    ,  1.46057    ])
2168    , -73517.8    , array([ 4.18004    ,  0.855527   ,  0.131254   ,  2.33974    ,  1.46057    ])
2169    , -73938.2    , array([ 4.18004    ,  0.855527   ,  0.131254   ,  2.24692    ,  1.4885     ])
2170    , -68738.7    , array([ 3.89154    ,  0.852861   ,  0.12603    ,  2.2836     ,  1.47168    ])
2171    , -64709.1    , array([ 3.62295    ,  0.851531   ,  0.123496   ,  2.30216    ,  1.47726    ])
2172    , -68186.6    , array([ 3.9476     ,  0.851265   ,  0.122996   ,  2.30589    ,  1.43969    ])
likelihood = -64709.09
theta = 1999.22
Optimized parameters = [3.62295065 0.85153116 0.12349649 2.302161   1.47726354]

Round_1_Replicate_3
2173    , -79263.7    , array([ 0.797917   ,  0.572467   ,  0.603282   ,  0.805497   ,  1.21997    ])
2174    , -78610      , array([ 0.788961   ,  0.572467   ,  0.603282   ,  0.805497   ,  1.21997    ])
2175    , -78552.1    , array([ 0.797917   ,  0.556721   ,  0.603282   ,  0.805497   ,  1.21997    ])
2176    , -77294.8    , array([ 0.797917   ,  0.572467   ,  0.588229   ,  0.805497   ,  1.21997    ])
2177    , -79298.1    , array([ 0.797917   ,  0.572467   ,  0.603282   ,  0.796833   ,  1.21997    ])
2178    , -79280.4    , array([ 0.797917   ,  0.572467   ,  0.603282   ,  0.805497   ,  1.23215    ])
2179    , -77898.9    , array([ 0.794323   ,  0.566116   ,  0.597215   ,  0.814256   ,  1.22483    ])
2180    , -77369.7    , array([ 0.792889   ,  0.563595   ,  0.594805   ,  0.808989   ,  1.20982    ])
likelihood = -77294.81
theta = 5195.0
Optimized parameters = [0.79791722 0.57246683 0.58822868 0.80549739 1.21996592]

Round_1_Replicate_4
2181    , -43115      , array([ 0.849304   ,  1.14104    ,  0.261282   ,  0.205712   ,  5.41926    ])
2182    , -42851.8    , array([ 0.842396   ,  1.14104    ,  0.261282   ,  0.205712   ,  5.41926    ])
2183    , -43261.3    , array([ 0.849304   ,  1.14859    ,  0.261282   ,  0.205712   ,  5.41926    ])
2184    , -39903.3    , array([ 0.849304   ,  1.14104    ,  0.244324   ,  0.205712   ,  5.41926    ])
2185    , -43126.4    , array([ 0.849304   ,  1.14104    ,  0.261282   ,  0.190073   ,  5.41926    ])
2186    , -42818.7    , array([ 0.849304   ,  1.14104    ,  0.261282   ,  0.205712   ,  5.89707    ])
2187    , -41438.5    , array([ 0.846534   ,  1.13354    ,  0.254362   ,  0.199308   ,  5.60555    ])
2188    , -40905.8    , array([ 0.845428   ,  1.13803    ,  0.251645   ,  0.219837   ,  5.68185    ])
likelihood = -39903.28
theta = 3391.99
Optimized parameters = [0.84930389 1.14103843 0.2443236  0.20571153 5.4192555 ]

Round_1_Replicate_5
2189    , -55884.5    , array([ 0.175249   ,  2.22433    ,  0.386778   ,  0.814118   ,  1.07799    ])
2190    , -55420.9    , array([ 0.160634   ,  2.22433    ,  0.386778   ,  0.814118   ,  1.07799    ])
2191    , -57217.4    , array([ 0.175249   ,  2.31505    ,  0.386778   ,  0.814118   ,  1.07799    ])
2192    , -53970.8    , array([ 0.175249   ,  2.22433    ,  0.368837   ,  0.814118   ,  1.07799    ])
2193    , -55904.6    , array([ 0.175249   ,  2.22433    ,  0.386778   ,  0.80579    ,  1.07799    ])
2194    , -55899.4    , array([ 0.175249   ,  2.22433    ,  0.386778   ,  0.814118   ,  1.08204    ])
2195    , -53608.6    , array([ 0.16925    ,  2.13717    ,  0.379499   ,  0.810776   ,  1.07961    ])
2196    , -51837.4    , array([ 0.166328   ,  2.05343    ,  0.375911   ,  0.809111   ,  1.08042    ])
2197    , -53306.4    , array([ 0.16575    ,  2.15433    ,  0.375198   ,  0.820505   ,  1.08058    ])
likelihood = -51837.4
theta = 4284.79
Optimized parameters = [0.16632796 2.0534301  0.37591146 0.80911068 1.08041704]

Round_1_Replicate_6
2198    , -477169     , array([ 5.67526    ,  0.993172   ,  1.78337    ,  5.77491    ,  4.51651    ])
2199    , -483652     , array([ 6.18992    ,  0.993172   ,  1.78337    ,  5.77491    ,  4.51651    ])
2200    , -477108     , array([ 5.67526    ,  0.992832   ,  1.78337    ,  5.77491    ,  4.51651    ])
2201    , -484668     , array([ 5.67526    ,  0.993172   ,  1.83571    ,  5.77491    ,  4.51651    ])
2202    , -477348     , array([ 5.67526    ,  0.993172   ,  1.78337    ,  6.30409    ,  4.51651    ])
2203    , -477119     , array([ 5.67526    ,  0.993172   ,  1.78337    ,  5.77491    ,  4.87016    ])
2204    , -472411     , array([ 5.87578    ,  0.993036   ,  1.73253    ,  5.98103    ,  4.65478    ])
2205    , -466385     , array([ 5.97868    ,  0.992968   ,  1.68313    ,  6.08684    ,  4.72549    ])
2206    , -466084     , array([ 5.31294    ,  0.992954   ,  1.74258    ,  6.10822    ,  4.73976    ])
2207    , -456882     , array([ 4.9222     ,  0.992845   ,  1.72253    ,  6.28202    ,  4.8555     ])
likelihood = -456882.29
theta = 1604.64
Optimized parameters = [4.92219945 0.99284543 1.72253342 6.28202339 4.85549557]

Round_1_Replicate_7
2208    , -738584     , array([ 4.45139    ,  3.98678    ,  1.8041     ,  0.208413   ,  4.49244    ])
2209    , -751551     , array([ 4.79645    ,  3.98678    ,  1.8041     ,  0.208413   ,  4.49244    ])
2210    , -752939     , array([ 4.45139    ,  4.27222    ,  1.8041     ,  0.208413   ,  4.49244    ])
2211    , -749512     , array([ 4.45139    ,  3.98678    ,  1.85812    ,  0.208413   ,  4.49244    ])
2212    , -738630     , array([ 4.45139    ,  3.98678    ,  1.8041     ,  0.192695   ,  4.49244    ])
2213    , -737609     , array([ 4.45139    ,  3.98678    ,  1.8041     ,  0.208413   ,  4.84292    ])
2214    , -733042     , array([ 4.58633    ,  3.72041    ,  1.82552    ,  0.201978   ,  4.62948    ])
2215    , -722488     , array([ 4.65533    ,  3.47184    ,  1.83632    ,  0.198835   ,  4.69956    ])
2216    , -723382     , array([ 4.20584    ,  3.77222    ,  1.83849    ,  0.198212   ,  4.7137     ])
likelihood = -722488.2
theta = 1256.3
Optimized parameters = [4.65532573 3.4718408  1.83632101 0.19883495 4.69956003]

Round_1_Replicate_8
2217    , -23346.8    , array([ 0.866033   ,  0.438645   ,  0.199569   ,  4.60674    ,  1.40474    ])
2218    , -23168.2    , array([ 0.859828   ,  0.438645   ,  0.199569   ,  4.60674    ,  1.40474    ])
2219    , -23614.1    , array([ 0.866033   ,  0.420938   ,  0.199569   ,  4.60674    ,  1.40474    ])
2220    , -21932.2    , array([ 0.866033   ,  0.438645   ,  0.184119   ,  4.60674    ,  1.40474    ])
2221    , -23145      , array([ 0.866033   ,  0.438645   ,  0.199569   ,  4.97237    ,  1.40474    ])
2222    , -23407.4    , array([ 0.866033   ,  0.438645   ,  0.199569   ,  4.60674    ,  1.42881    ])
2223    , -22368.1    , array([ 0.863546   ,  0.457096   ,  0.193239   ,  4.74965    ,  1.41432    ])
2224    , -22160.2    , array([ 0.862553   ,  0.445934   ,  0.190764   ,  4.80805    ,  1.38483    ])
likelihood = -21932.15
theta = 3638.73
Optimized parameters = [0.86603345 0.43864476 0.18411892 4.60674241 1.40474049]

Round_1_Replicate_9
2225    , -655274     , array([ 3.76727    ,  6.89913    ,  1.26231    ,  0.19215    ,  7.41155    ])
2226    , -671845     , array([ 4.02558    ,  6.89913    ,  1.26231    ,  0.19215    ,  7.41155    ])
2227    , -667019     , array([ 3.76727    ,  7.59861    ,  1.26231    ,  0.19215    ,  7.41155    ])
2228    , -659485     , array([ 3.76727    ,  6.89913    ,  1.27709    ,  0.19215    ,  7.41155    ])
2229    , -655300     , array([ 3.76727    ,  6.89913    ,  1.26231    ,  0.176939   ,  7.41155    ])
2230    , -654030     , array([ 3.76727    ,  6.89913    ,  1.26231    ,  0.19215    ,  8.19227    ])
2231    , -644342     , array([ 3.52554    ,  7.17085    ,  1.2682     ,  0.185915   ,  7.71449    ])
2232    , -630153     , array([ 3.29932    ,  7.31069    ,  1.27116    ,  0.182873   ,  7.87057    ])
2233    , -634835     , array([ 3.57261    ,  6.41092    ,  1.27175    ,  0.182271   ,  7.90217    ])
likelihood = -630153.37
theta = 993.57
Optimized parameters = [3.29932038 7.31069144 1.27115811 0.18287336 7.87057204]

Round_1_Replicate_10
2234    , -232652     , array([ 0.141033   ,  0.423681   ,  6.24953    ,  1.59369    ,  7.56356    ])
2235    , -221972     , array([ 0.127875   ,  0.423681   ,  6.24953    ,  1.59369    ,  7.56356    ])
2236    , -229677     , array([ 0.141033   ,  0.405874   ,  6.24953    ,  1.59369    ,  7.56356    ])
2237    , -249655     , array([ 0.141033   ,  0.423681   ,  6.8492     ,  1.59369    ,  7.56356    ])
2238    , -232652     , array([ 0.141033   ,  0.423681   ,  6.24953    ,  1.63126    ,  7.56356    ])
2239    , -232652     , array([ 0.141033   ,  0.423681   ,  6.24953    ,  1.59369    ,  8.36878    ])
2240    , -211363     , array([ 0.135615   ,  0.416467   ,  5.70237    ,  1.60861    ,  7.87591    ])
2241    , -194033     , array([ 0.132984   ,  0.412905   ,  5.20311    ,  1.61613    ,  8.03689    ])
2242    , -211370     , array([ 0.132464   ,  0.412197   ,  5.80783    ,  1.61763    ,  8.06947    ])
likelihood = -194032.64
theta = 15045.22
Optimized parameters = [0.1329841  0.41290535 5.20310709 1.61612709 8.03688583]

Round_2_Replicate_1
2243    , -113727     , array([ 3.12158    ,  0.322999   ,  0.332669   ,  4.88556    ,  3.37187    ])
2244    , -116942     , array([ 3.30441    ,  0.322999   ,  0.332669   ,  4.88556    ,  3.37187    ])
2245    , -113609     , array([ 3.12158    ,  0.305254   ,  0.332669   ,  4.88556    ,  3.37187    ])
2246    , -110243     , array([ 3.12158    ,  0.322999   ,  0.314856   ,  4.88556    ,  3.37187    ])
2247    , -113971     , array([ 3.12158    ,  0.322999   ,  0.332669   ,  5.28884    ,  3.37187    ])
2248    , -113766     , array([ 3.12158    ,  0.322999   ,  0.332669   ,  4.88556    ,  3.58314    ])
2249    , -109141     , array([ 2.94887    ,  0.315781   ,  0.325426   ,  5.04304    ,  3.45484    ])
2250    , -105198     , array([ 2.78572    ,  0.312232   ,  0.321864   ,  5.12368    ,  3.49709    ])
2251    , -108734     , array([ 2.98263    ,  0.311527   ,  0.321156   ,  4.59976    ,  3.5056     ])
2252    , -106891     , array([ 2.9288     ,  0.307054   ,  0.316663   ,  4.86082    ,  3.27015    ])
2253    , -104319     , array([ 2.85506    ,  0.300898   ,  0.310479   ,  4.85096    ,  3.43274    ])
2254    , -99830.2    , array([ 2.73046    ,  0.290421   ,  0.299946   ,  4.83376    ,  3.46359    ])
likelihood = -99830.18
theta = 2304.83
Optimized parameters = [2.73046426 0.29042069 0.29994565 4.83375731 3.46358502]

Round_2_Replicate_2
2255    , -69763.1    , array([ 2.96708    ,  0.122488   ,  0.102028   ,  7.61174    ,  1.4394     ])
2256    , -71747.3    , array([ 3.1329     ,  0.122488   ,  0.102028   ,  7.61174    ,  1.4394     ])
2257    , -72090.5    , array([ 2.96708    ,  0.110281   ,  0.102028   ,  7.61174    ,  1.4394     ])
2258    , -68098.6    , array([ 2.96708    ,  0.122488   ,  0.0910234  ,  7.61174    ,  1.4394     ])
2259    , -69305.1    , array([ 2.96708    ,  0.122488   ,  0.102028   ,  8.42477    ,  1.4394     ])
2260    , -69899      , array([ 2.96708    ,  0.122488   ,  0.102028   ,  7.61174    ,  1.46585    ])
2261    , -67370.3    , array([ 3.03233    ,  0.136047   ,  0.0974747  ,  7.92709    ,  1.44992    ])
2262    , -65046.9    , array([ 3.06549    ,  0.151107   ,  0.095275   ,  8.08963    ,  1.45521    ])
2263    , -65162.7    , array([ 2.84696    ,  0.13322    ,  0.0948411  ,  8.12253    ,  1.45627    ])
2264    , -65039.3    , array([ 2.95678    ,  0.137772   ,  0.0921102  ,  8.33632    ,  1.42625    ])
2265    , -62730.8    , array([ 2.95164    ,  0.146115   ,  0.0875192  ,  8.72408    ,  1.40685    ])
2266    , -62448.9    , array([ 2.95061    ,  0.147843   ,  0.0866288  ,  8.80377    ,  1.43923    ])
2267    , -59080.2    , array([ 2.9424     ,  0.162426   ,  0.0798242  ,  9.46806    ,  1.43915    ])
likelihood = -59080.23
theta = 1761.34
Optimized parameters = [2.94240483 0.16242555 0.07982422 9.4680643  1.43914783]

Round_2_Replicate_3
2268    , -18350.6    , array([ 1.40704    ,  0.563881   ,  0.0735147  ,  10.1796    ,  0.461465   ])
2269    , -18504.3    , array([ 1.43127    ,  0.563881   ,  0.0735147  ,  10.1796    ,  0.461465   ])
2270    , -18744.3    , array([ 1.40704    ,  0.547957   ,  0.0735147  ,  10.1796    ,  0.461465   ])
2271    , -18907.2    , array([ 1.40704    ,  0.563881   ,  0.0645197  ,  10.1796    ,  0.461465   ])
2272    , -18545.1    , array([ 1.40704    ,  0.563881   ,  0.0735147  ,  11.4319    ,  0.461465   ])
2273    , -18348.9    , array([ 1.40704    ,  0.563881   ,  0.0735147  ,  10.1796    ,  0.443962   ])
2274    , -18284.3    , array([ 1.41668    ,  0.557457   ,  0.0837636  ,  10.6632    ,  0.454382   ])
2275    , -18332.1    , array([ 1.42153    ,  0.554272   ,  0.0954413  ,  10.9135    ,  0.450882   ])
2276    , -18033.5    , array([ 1.42056    ,  0.577614   ,  0.0774545  ,  10.863     ,  0.45158    ])
2277    , -17710.3    , array([ 1.42736    ,  0.593038   ,  0.0795029  ,  11.2216    ,  0.446717   ])
2278    , -18001.3    , array([ 1.42873    ,  0.572737   ,  0.079919   ,  9.60145    ,  0.445751   ])
2279    , -17749.9    , array([ 1.40354    ,  0.576318   ,  0.0826343  ,  10.5333    ,  0.439616   ])
likelihood = -17710.32
theta = 2020.19
Optimized parameters = [ 1.42736349  0.59303847  0.07950286 11.22164011  0.44671711]

Round_2_Replicate_4
2280    , -36529.3    , array([ 0.715375   ,  0.686853   ,  0.3435     ,  7.82742    ,  2.4173     ])
2281    , -35955.3    , array([ 0.703494   ,  0.686853   ,  0.3435     ,  7.82742    ,  2.4173     ])
2282    , -36298.4    , array([ 0.715375   ,  0.674073   ,  0.3435     ,  7.82742    ,  2.4173     ])
2283    , -34078.9    , array([ 0.715375   ,  0.686853   ,  0.325629   ,  7.82742    ,  2.4173     ])
2284    , -36288.8    , array([ 0.715375   ,  0.686853   ,  0.3435     ,  8.6756     ,  2.4173     ])
2285    , -36657.6    , array([ 0.715375   ,  0.686853   ,  0.3435     ,  7.82742    ,  2.52637    ])
2286    , -34987.7    , array([ 0.710598   ,  0.681712   ,  0.336236   ,  8.15626    ,  2.31294    ])
2287    , -34516.1    , array([ 0.708697   ,  0.679666   ,  0.333374   ,  8.29163    ,  2.375      ])
2288    , -34039.5    , array([ 0.706043   ,  0.694845   ,  0.329408   ,  8.48493    ,  2.35829    ])
2289    , -32956.8    , array([ 0.701423   ,  0.705471   ,  0.322581   ,  8.83412    ,  2.32933    ])
2290    , -32766.1    , array([ 0.700503   ,  0.689251   ,  0.321232   ,  7.71104    ,  2.32358    ])
2291    , -31133.6    , array([ 0.693183   ,  0.690454   ,  0.310646   ,  7.26976    ,  2.27809    ])
likelihood = -31133.63
theta = 3284.0
Optimized parameters = [0.69318332 0.69045359 0.31064622 7.26975603 2.27808654]

Round_2_Replicate_5
2292    , -64935.9    , array([ 2.64606    ,  0.384741   ,  0.277397   ,  3.73464    ,  0.370966   ])
2293    , -67213.1    , array([ 2.77798    ,  0.384741   ,  0.277397   ,  3.73464    ,  0.370966   ])
2294    , -65310.9    , array([ 2.64606    ,  0.366798   ,  0.277397   ,  3.73464    ,  0.370966   ])
2295    , -62170.6    , array([ 2.64606    ,  0.384741   ,  0.260169   ,  3.73464    ,  0.370966   ])
2296    , -64194.2    , array([ 2.64606    ,  0.384741   ,  0.277397   ,  3.98898    ,  0.370966   ])
2297    , -63972.3    , array([ 2.64606    ,  0.384741   ,  0.277397   ,  3.73464    ,  0.353022   ])
2298    , -61079.3    , array([ 2.5204     ,  0.377461   ,  0.270373   ,  3.83437    ,  0.363681   ])
2299    , -58152.6    , array([ 2.40071    ,  0.373872   ,  0.266928   ,  3.88523    ,  0.360093   ])
2300    , -60034.8    , array([ 2.54504    ,  0.398962   ,  0.266244   ,  3.89548    ,  0.359379   ])
2301    , -58539.9    , array([ 2.50573    ,  0.385919   ,  0.26191    ,  3.96174    ,  0.354847   ])
2302    , -57175.1    , array([ 2.4517     ,  0.386391   ,  0.25596    ,  3.69899    ,  0.348597   ])
2303    , -54056      , array([ 2.35994    ,  0.387218   ,  0.245871   ,  3.562      ,  0.337923   ])
likelihood = -54056.04
theta = 2706.76
Optimized parameters = [2.35994331 0.38721835 0.24587141 3.56200028 0.33792276]

Round_2_Replicate_6
2304    , -10468.6    , array([ 0.258808   ,  1.43614    ,  0.075744   ,  8.88363    ,  0.563678   ])
2305    , -10967.5    , array([ 0.241895   ,  1.43614    ,  0.075744   ,  8.88363    ,  0.563678   ])
2306    , -10453.5    , array([ 0.258808   ,  1.46237    ,  0.075744   ,  8.88363    ,  0.563678   ])
2307    , -11509.9    , array([ 0.258808   ,  1.43614    ,  0.0665757  ,  8.88363    ,  0.563678   ])
2308    , -10694      , array([ 0.258808   ,  1.43614    ,  0.075744   ,  9.90878    ,  0.563678   ])
2309    , -10502.8    , array([ 0.258808   ,  1.43614    ,  0.075744   ,  8.88363    ,  0.54775    ])
2310    , -9844.08    , array([ 0.251905   ,  1.44657    ,  0.0861749  ,  9.28031    ,  0.557252   ])
2311    , -9249.47    , array([ 0.248523   ,  1.45182    ,  0.0980423  ,  9.48524    ,  0.554066   ])
2312    , -9530.41    , array([ 0.272448   ,  1.45287    ,  0.0839797  ,  9.52676    ,  0.553432   ])
2313    , -9430.28    , array([ 0.25993    ,  1.45962    ,  0.0875195  ,  8.40787    ,  0.549385   ])
2314    , -9174.85    , array([ 0.26038    ,  1.46912    ,  0.0927273  ,  9.1739     ,  0.566035   ])
2315    , -8732.47    , array([ 0.261169   ,  1.48589    ,  0.102598   ,  9.32256    ,  0.575405   ])
likelihood = -8732.47
theta = 2426.02
Optimized parameters = [0.26116931 1.48588757 0.10259757 9.32256468 0.57540537]

Round_2_Replicate_7
2316    , -25847.9    , array([ 0.961468   ,  0.457829   ,  0.050852   ,  1.21123    ,  0.781661   ])
2317    , -25814.9    , array([ 0.959581   ,  0.457829   ,  0.050852   ,  1.21123    ,  0.781661   ])
2318    , -26250.7    , array([ 0.961468   ,  0.44029    ,  0.050852   ,  1.21123    ,  0.781661   ])
2319    , -26629.5    , array([ 0.961468   ,  0.457829   ,  0.043815   ,  1.21123    ,  0.781661   ])
2320    , -25794.3    , array([ 0.961468   ,  0.457829   ,  0.050852   ,  1.22289    ,  0.781661   ])
2321    , -25881.9    , array([ 0.961468   ,  0.457829   ,  0.050852   ,  1.21123    ,  0.772093   ])
2322    , -25341.7    , array([ 0.960713   ,  0.450731   ,  0.0590191  ,  1.21588    ,  0.777819   ])
2323    , -24939.3    , array([ 0.960335   ,  0.447224   ,  0.0684979  ,  1.21821    ,  0.775906   ])
2324    , -25013.7    , array([ 0.96026    ,  0.471625   ,  0.0572869  ,  1.21868    ,  0.775524   ])
2325    , -25028.9    , array([ 0.959777   ,  0.458975   ,  0.0600834  ,  1.22167    ,  0.786528   ])
2326    , -24795.5    , array([ 0.959101   ,  0.459434   ,  0.0642293  ,  1.22587    ,  0.778832   ])
2327    , -24445.3    , array([ 0.95792    ,  0.460239   ,  0.0721848  ,  1.23326    ,  0.777421   ])
likelihood = -24445.28
theta = 4883.44
Optimized parameters = [0.95792008 0.46023919 0.07218483 1.23326086 0.777421  ]

Round_2_Replicate_8
2328    , -26905.3    , array([ 1.21578    ,  0.364745   ,  0.0471162  ,  4.59155    ,  1.30684    ])
2329    , -27024.5    , array([ 1.22771    ,  0.364745   ,  0.0471162  ,  4.59155    ,  1.30684    ])
2330    , -27779      , array([ 1.21578    ,  0.346808   ,  0.0471162  ,  4.59155    ,  1.30684    ])
2331    , -28050.6    , array([ 1.21578    ,  0.364745   ,  0.0404416  ,  4.59155    ,  1.30684    ])
2332    , -26774.6    , array([ 1.21578    ,  0.364745   ,  0.0471162  ,  4.95516    ,  1.30684    ])
2333    , -26910.9    , array([ 1.21578    ,  0.364745   ,  0.0471162  ,  4.59155    ,  1.32444    ])
2334    , -26293.3    , array([ 1.22054    ,  0.357462   ,  0.0548923  ,  4.73368    ,  1.31385    ])
2335    , -25750      , array([ 1.22292    ,  0.353875   ,  0.0639519  ,  4.80638    ,  1.31737    ])
2336    , -25478.2    , array([ 1.2234     ,  0.378996   ,  0.0532406  ,  4.82106    ,  1.31807    ])
2337    , -24424.7    , array([ 1.22723    ,  0.396193   ,  0.0565952  ,  4.94008    ,  1.32373    ])
2338    , -25191.2    , array([ 1.21132    ,  0.372478   ,  0.0572911  ,  4.96423    ,  1.32486    ])
2339    , -24733.3    , array([ 1.22141    ,  0.375617   ,  0.0619518  ,  5.12164    ,  1.30742    ])
likelihood = -24424.7
theta = 3090.61
Optimized parameters = [1.22723176 0.39619291 0.05659524 4.94007713 1.32372989]

Round_2_Replicate_9
2340    , -26439.8    , array([ 1.1665     ,  0.84839    ,  0.199498   ,  3.01133    ,  0.479069   ])
2341    , -26650.4    , array([ 1.17552    ,  0.84839    ,  0.199498   ,  3.01133    ,  0.479069   ])
2342    , -26415.3    , array([ 1.1665     ,  0.841444   ,  0.199498   ,  3.01133    ,  0.479069   ])
2343    , -24705.4    , array([ 1.1665     ,  0.84839    ,  0.184049   ,  3.01133    ,  0.479069   ])
2344    , -25812.9    , array([ 1.1665     ,  0.84839    ,  0.199498   ,  3.18197    ,  0.479069   ])
2345    , -26160.1    , array([ 1.1665     ,  0.84839    ,  0.199498   ,  3.01133    ,  0.461762   ])
2346    , -25147.2    , array([ 1.15755    ,  0.845604   ,  0.193168   ,  3.07846    ,  0.47207    ])
2347    , -24850.1    , array([ 1.16291    ,  0.844493   ,  0.190693   ,  3.10573    ,  0.469299   ])
2348    , -24271.7    , array([ 1.16148    ,  0.852697   ,  0.187282   ,  3.14431    ,  0.465447   ])
2349    , -23274.3    , array([ 1.15898    ,  0.858379   ,  0.181457   ,  3.21299    ,  0.458781   ])
2350    , -23397      , array([ 1.15848    ,  0.849685   ,  0.180314   ,  3.2269     ,  0.481643   ])
likelihood = -23274.29
theta = 3353.02
Optimized parameters = [1.15897762 0.85837949 0.18145706 3.21298698 0.45878118]

Round_2_Replicate_10
2351    , -33991.6    , array([ 0.31614    ,  0.296051   ,  0.701654   ,  3.10882    ,  2.63715    ])
2352    , -32198.3    , array([ 0.298452   ,  0.296051   ,  0.701654   ,  3.10882    ,  2.63715    ])
2353    , -33405.8    , array([ 0.31614    ,  0.27857    ,  0.701654   ,  3.10882    ,  2.63715    ])
2354    , -33229.8    , array([ 0.31614    ,  0.296051   ,  0.689333   ,  3.10882    ,  2.63715    ])
2355    , -33909.5    , array([ 0.31614    ,  0.296051   ,  0.701654   ,  3.29023    ,  2.63715    ])
2356    , -34128.8    , array([ 0.31614    ,  0.296051   ,  0.701654   ,  3.10882    ,  2.76816    ])
2357    , -32542.3    , array([ 0.308942   ,  0.288931   ,  0.696699   ,  3.18015    ,  2.51234    ])
2358    , -32116      , array([ 0.306109   ,  0.286131   ,  0.694727   ,  3.20914    ,  2.5865     ])
2359    , -31211.4    , array([ 0.301214   ,  0.281296   ,  0.69129    ,  3.26051    ,  2.56154    ])
2360    , -31146.4    , array([ 0.300244   ,  0.280339   ,  0.690604   ,  3.02122    ,  2.55657    ])
2361    , -29846.6    , array([ 0.292598   ,  0.272799   ,  0.685145   ,  2.89508    ,  2.51721    ])
2362    , -30259.8    , array([ 0.291093   ,  0.295446   ,  0.684058   ,  3.10769    ,  2.50942    ])
likelihood = -29846.65
theta = 9528.99
Optimized parameters = [0.29259827 0.27279853 0.68514491 2.89508237 2.51721469]

Round_3_Replicate_1
2363    , -11091.8    , array([ 0.163984   ,  0.436347   ,  0.205994   ,  8.15258    ,  0.634503   ])
2364    , -11541.7    , array([ 0.14981    ,  0.436347   ,  0.205994   ,  8.15258    ,  0.634503   ])
2365    , -11352.5    , array([ 0.163984   ,  0.418624   ,  0.205994   ,  8.15258    ,  0.634503   ])
2366    , -11627.5    , array([ 0.163984   ,  0.436347   ,  0.190347   ,  8.15258    ,  0.634503   ])
2367    , -11660.5    , array([ 0.163984   ,  0.436347   ,  0.205994   ,  9.05441    ,  0.634503   ])
2368    , -11124.7    , array([ 0.163984   ,  0.436347   ,  0.205994   ,  8.15258    ,  0.620234   ])
2369    , -11046.2    , array([ 0.15816    ,  0.42917    ,  0.199587   ,  7.34058    ,  0.628756   ])
2370    , -10792.7    , array([ 0.155326   ,  0.425625   ,  0.196458   ,  6.60946    ,  0.625902   ])
2371    , -10745.7    , array([ 0.154766   ,  0.42492    ,  0.21874    ,  7.49624    ,  0.625333   ])
2372    , -10383.8    , array([ 0.150353   ,  0.419319   ,  0.234487   ,  7.18816    ,  0.620798   ])
2373    , -10374.1    , array([ 0.169654   ,  0.418207   ,  0.212876   ,  7.12808    ,  0.619895   ])
2374    , -9912.96    , array([ 0.18054    ,  0.409422   ,  0.216402   ,  6.66517    ,  0.612718   ])
2375    , -9942.28    , array([ 0.161069   ,  0.432055   ,  0.217115   ,  6.57626    ,  0.611292   ])
2376    , -9720.31    , array([ 0.159918   ,  0.41287    ,  0.221729   ,  6.03465    ,  0.621734   ])
2377    , -9162.62    , array([ 0.157922   ,  0.401609   ,  0.230042   ,  5.19195    ,  0.622486   ])
2378    , -9078.74    , array([ 0.157526   ,  0.399394   ,  0.231742   ,  5.03809    ,  0.603121   ])
2379    , -8403.65    , array([ 0.154394   ,  0.382109   ,  0.245799   ,  3.96051    ,  0.588018   ])
2380    , -8619.72    , array([ 0.165906   ,  0.392167   ,  0.265774   ,  5.06326    ,  0.596328   ])
2381    , -8258.18    , array([ 0.178278   ,  0.387547   ,  0.234111   ,  4.04672    ,  0.591637   ])
2382    , -7871.33    , array([ 0.194129   ,  0.372576   ,  0.233924   ,  3.03631    ,  0.577574   ])
2383    , -7942.14    , array([ 0.17932    ,  0.354487   ,  0.260499   ,  3.24705    ,  0.587355   ])
likelihood = -7871.33
theta = 6405.78
Optimized parameters = [0.19412892 0.37257609 0.23392379 3.03630614 0.57757436]

Round_3_Replicate_2
2384    , -32589.5    , array([ 0.0859436  ,  3.90572    ,  0.381027   ,  9.30463    ,  0.199782   ])
2385    , -33549.5    , array([ 0.0760194  ,  3.90572    ,  0.381027   ,  9.30463    ,  0.199782   ])
2386    , -34136.2    , array([ 0.0859436  ,  4.18105    ,  0.381027   ,  9.30463    ,  0.199782   ])
2387    , -31612.7    , array([ 0.0859436  ,  3.90572    ,  0.363081   ,  9.30463    ,  0.199782   ])
2388    , -31686.2    , array([ 0.0859436  ,  3.90572    ,  0.381027   ,  10.4024    ,  0.199782   ])
2389    , -31395.1    , array([ 0.0859436  ,  3.90572    ,  0.381027   ,  9.30463    ,  0.184325   ])
2390    , -30275.6    , array([ 0.0818272  ,  3.64851    ,  0.373744   ,  9.72911    ,  0.19345    ])
2391    , -28540.2    , array([ 0.0798436  ,  3.40824    ,  0.370156   ,  9.94855    ,  0.190359   ])
2392    , -28835.4    , array([ 0.0943438  ,  3.69856    ,  0.369442   ,  9.99303    ,  0.189747   ])
2393    , -28320.8    , array([ 0.0866212  ,  3.61881    ,  0.364907   ,  10.2825    ,  0.185875   ])
2394    , -26481.5    , array([ 0.086962   ,  3.48336    ,  0.357105   ,  10.8092    ,  0.179289   ])
2395    , -27171.6    , array([ 0.0870303  ,  3.45688    ,  0.355565   ,  9.33956    ,  0.178      ])
2396    , -25585.3    , array([ 0.0874688  ,  3.29214    ,  0.37003    ,  10.4571    ,  0.169968   ])
2397    , -23196.1    , array([ 0.0882415  ,  3.0225     ,  0.373554   ,  11.0858    ,  0.156773   ])
2398    , -22891.7    , array([ 0.0883969  ,  2.97128    ,  0.349819   ,  11.2161    ,  0.172668   ])
2399    , -20047.8    , array([ 0.0896496  ,  2.59159    ,  0.335187   ,  12.3143    ,  0.167119   ])
2400    , -21793.7    , array([ 0.0788989  ,  2.72161    ,  0.347016   ,  11.3534    ,  0.159428   ])
2401    , -19759.1    , array([ 0.0927848  ,  2.69926    ,  0.337519   ,  12.023     ,  0.148034   ])
2402    , -17537      , array([ 0.100022   ,  2.40216    ,  0.322296   ,  13.2171    ,  0.130543   ])
2403    , -18357      , array([ 0.0899946  ,  2.30069    ,  0.33783    ,  14.7153    ,  0.139845   ])
likelihood = -17537.0
theta = 1786.96
Optimized parameters = [ 0.10002196  2.40216274  0.32229581 13.21714527  0.13054342]

Round_3_Replicate_3
2404    , -20035.2    , array([ 0.29891    ,  0.467065   ,  0.0409904  ,  2.54415    ,  1.25843    ])
2405    , -20307.8    , array([ 0.281396   ,  0.467065   ,  0.0409904  ,  2.54415    ,  1.25843    ])
2406    , -20469      , array([ 0.29891    ,  0.44962    ,  0.0409904  ,  2.54415    ,  1.25843    ])
2407    , -22015.9    , array([ 0.29891    ,  0.467065   ,  0.0349395  ,  2.54415    ,  1.25843    ])
2408    , -20130      , array([ 0.29891    ,  0.467065   ,  0.0409904  ,  2.66576    ,  1.25843    ])
2409    , -20040.6    , array([ 0.29891    ,  0.467065   ,  0.0409904  ,  2.54415    ,  1.27298    ])
2410    , -18398      , array([ 0.291777   ,  0.460007   ,  0.0480893  ,  2.59211    ,  1.26423    ])
2411    , -16653      , array([ 0.288275   ,  0.456519   ,  0.0564176  ,  2.61643    ,  1.26714    ])
2412    , -18393.7    , array([ 0.28758    ,  0.480774   ,  0.0465774  ,  2.62132    ,  1.26772    ])
2413    , -17813      , array([ 0.308146   ,  0.468204   ,  0.0490199  ,  2.65284    ,  1.27146    ])
2414    , -17066.1    , array([ 0.293644   ,  0.468661   ,  0.0526561  ,  2.52692    ,  1.27671    ])
2415    , -15988.7    , array([ 0.291563   ,  0.4693     ,  0.0582042  ,  2.64051    ,  1.26359    ])
2416    , -14111.2    , array([ 0.287958   ,  0.470422   ,  0.069357   ,  2.69004    ,  1.25893    ])
2417    , -13753.5    , array([ 0.287242   ,  0.470647   ,  0.071832   ,  2.70006    ,  1.2784     ])
2418    , -11148.5    , array([ 0.28158    ,  0.472448   ,  0.0950901  ,  2.78156    ,  1.28851    ])
2419    , -12442.8    , array([ 0.296052   ,  0.454043   ,  0.0841025  ,  2.68351    ,  1.27731    ])
2420    , -11022.9    , array([ 0.271902   ,  0.46054    ,  0.0991714  ,  2.66384    ,  1.2759     ])
2421    , -8802.51    , array([ 0.255412   ,  0.456754   ,  0.141057   ,  2.66936    ,  1.27813    ])
2422    , -8958.9     , array([ 0.269847   ,  0.45538    ,  0.136927   ,  2.85862    ,  1.27123    ])
likelihood = -8802.51
theta = 5896.5
Optimized parameters = [0.25541195 0.45675447 0.14105671 2.66936186 1.27813313]

Round_3_Replicate_4
2423    , -28181.4    , array([ 0.106864   ,  4.53229    ,  0.0632859  ,  14.5147    ,  1.31137    ])
2424    , -29581.9    , array([ 0.0955595  ,  4.53229    ,  0.0632859  ,  14.5147    ,  1.31137    ])
2425    , -29328      , array([ 0.106864   ,  4.88803    ,  0.0632859  ,  14.5147    ,  1.31137    ])
2426    , -28235.1    , array([ 0.106864   ,  4.53229    ,  0.055128   ,  14.5147    ,  1.31137    ])
2427    , -27603.4    , array([ 0.106864   ,  4.53229    ,  0.0632859  ,  16.592     ,  1.31137    ])
2428    , -28233.8    , array([ 0.106864   ,  4.53229    ,  0.0632859  ,  14.5147    ,  1.32926    ])
2429    , -26962.1    , array([ 0.119506   ,  4.67137    ,  0.0598871  ,  15.3124    ,  1.3185     ])
2430    , -25684.5    , array([ 0.133644   ,  4.7425     ,  0.0582568  ,  15.7276    ,  1.32208    ])
2431    , -26002.4    , array([ 0.116863   ,  4.27935    ,  0.0579361  ,  15.812     ,  1.32279    ])
2432    , -26202.3    , array([ 0.12112    ,  4.51042    ,  0.0678444  ,  16.3628    ,  1.32739    ])
2433    , -25204.2    , array([ 0.127342   ,  4.50171    ,  0.0607663  ,  17.1663    ,  1.30878    ])
2434    , -23817.3    , array([ 0.139009   ,  4.48649    ,  0.0595443  ,  18.6686    ,  1.29866    ])
2435    , -23612.4    , array([ 0.141467   ,  4.48346    ,  0.0593029  ,  18.9844    ,  1.32148    ])
2436    , -21652.6    , array([ 0.162767   ,  4.45924    ,  0.0574063  ,  21.7117    ,  1.32657    ])
2437    , -21652      , array([ 0.167398   ,  4.45441    ,  0.0570344  ,  18.4938    ,  1.32759    ])
2438    , -18942.2    , array([ 0.209512   ,  4.41598    ,  0.0541441  ,  19.5249    ,  1.33578    ])
2439    , -20654.7    , array([ 0.183891   ,  4.43828    ,  0.0486121  ,  20.1261    ,  1.31488    ])
2440    , -18320.3    , array([ 0.228482   ,  4.74667    ,  0.0530674  ,  22.9372    ,  1.31628    ])
2441    , -15088.8    , array([ 0.319476   ,  4.99913    ,  0.0507887  ,  27.6259    ,  1.31304    ])
2442    , -15603.5    , array([ 0.283124   ,  4.37436    ,  0.0499573  ,  28.8885    ,  1.31339    ])
likelihood = -15088.82
theta = 860.75
Optimized parameters = [ 0.31947563  4.99913436  0.05078871 27.62589869  1.3130422 ]

Round_3_Replicate_5
2443    , -13217.9    , array([ 0.618724   ,  2.00941    ,  0.0495286  ,  4.25917    ,  0.410285   ])
2444    , -13240.3    , array([ 0.604048   ,  2.00941    ,  0.0495286  ,  4.25917    ,  0.410285   ])
2445    , -13503.8    , array([ 0.618724   ,  2.08076    ,  0.0495286  ,  4.25917    ,  0.410285   ])
2446    , -14099.3    , array([ 0.618724   ,  2.00941    ,  0.0426186  ,  4.25917    ,  0.410285   ])
2447    , -12610.7    , array([ 0.618724   ,  2.00941    ,  0.0495286  ,  4.57922    ,  0.410285   ])
2448    , -13302.1    , array([ 0.618724   ,  2.00941    ,  0.0495286  ,  4.25917    ,  0.39241    ])
2449    , -12383.8    , array([ 0.612811   ,  2.03765    ,  0.057559   ,  4.38442    ,  0.403039   ])
2450    , -11778.8    , array([ 0.609876   ,  2.05192    ,  0.0668914  ,  4.44841    ,  0.399464   ])
2451    , -12069.6    , array([ 0.609291   ,  1.95683    ,  0.055855   ,  4.46132    ,  0.398753   ])
2452    , -11813.5    , array([ 0.605558   ,  2.00493    ,  0.0586063  ,  4.54484    ,  0.4196     ])
2453    , -11357.6    , array([ 0.62089    ,  2.00314    ,  0.0626872  ,  4.66441    ,  0.404939   ])
2454    , -10606.5    , array([ 0.629486   ,  2.00001    ,  0.0705246  ,  4.88126    ,  0.402293   ])
2455    , -10468.8    , array([ 0.610359   ,  1.99939    ,  0.072206   ,  4.92583    ,  0.401766   ])
2456    , -9608.27    , array([ 0.606219   ,  1.99439    ,  0.087183   ,  5.29732    ,  0.397573   ])
2457    , -10317.4    , array([ 0.605394   ,  1.9934     ,  0.0905323  ,  4.85645    ,  0.396739   ])
2458    , -10234.2    , array([ 0.613191   ,  2.06218    ,  0.0973856  ,  5.1569     ,  0.407387   ])
2459    , -10232.8    , array([ 0.62007    ,  2.0355     ,  0.113719   ,  5.32453    ,  0.382599   ])
2460    , -9678.65    , array([ 0.619776   ,  1.98249    ,  0.123194   ,  5.84556    ,  0.39501    ])
likelihood = -9608.27
theta = 2572.59
Optimized parameters = [0.60621907 1.99439244 0.087183   5.29732047 0.3975726 ]

Round_4_Replicate_1
2461    , -12826.8    , array([ 0.101837   ,  0.360735   ,  0.191448   ,  4.42182    ,  0.789655   ])
2462    , -13745.6    , array([ 0.0908449  ,  0.360735   ,  0.191448   ,  4.42182    ,  0.789655   ])
2463    , -13157.4    , array([ 0.101837   ,  0.342805   ,  0.191448   ,  4.42182    ,  0.789655   ])
2464    , -13666.5    , array([ 0.101837   ,  0.360735   ,  0.17626    ,  4.42182    ,  0.789655   ])
2465    , -13127.5    , array([ 0.101837   ,  0.360735   ,  0.191448   ,  4.763      ,  0.789655   ])
2466    , -12834.7    , array([ 0.101837   ,  0.360735   ,  0.191448   ,  4.42182    ,  0.780386   ])
2467    , -12562.7    , array([ 0.114159   ,  0.353453   ,  0.185221   ,  4.55526    ,  0.785934   ])
2468    , -12094.3    , array([ 0.127972   ,  0.349868   ,  0.182185   ,  4.62348    ,  0.78408    ])
2469    , -11967.7    , array([ 0.111581   ,  0.349155   ,  0.20386    ,  4.63725    ,  0.78371    ])
2470    , -11240.5    , array([ 0.116797   ,  0.343505   ,  0.219241   ,  4.74886    ,  0.780754   ])
2471    , -11649.6    , array([ 0.117869   ,  0.367716   ,  0.198145   ,  4.77151    ,  0.780164   ])
2472    , -11158.2    , array([ 0.124967   ,  0.352129   ,  0.200889   ,  4.43288    ,  0.7764     ])
2473    , -10368.9    , array([ 0.138434   ,  0.347904   ,  0.205783   ,  4.27649    ,  0.769857   ])
2474    , -10570.4    , array([ 0.141297   ,  0.347065   ,  0.206776   ,  4.71151    ,  0.781365   ])
2475    , -10015.9    , array([ 0.161073   ,  0.341743   ,  0.213246   ,  4.83264    ,  0.76894    ])
2476    , -9610.77    , array([ 0.202573   ,  0.332626   ,  0.225059   ,  5.05214    ,  0.758787   ])
2477    , -9300.49    , array([ 0.154028   ,  0.345307   ,  0.243856   ,  4.78871    ,  0.764317   ])
2478    , -8761.36    , array([ 0.168983   ,  0.343049   ,  0.282127   ,  4.87353    ,  0.754622   ])
2479    , -9155.29    , array([ 0.193149   ,  0.319546   ,  0.258254   ,  4.67958    ,  0.757993   ])
2480    , -9339.47    , array([ 0.238367   ,  0.332317   ,  0.249205   ,  4.67434    ,  0.748509   ])
2481    , -9650.92    , array([ 0.242879   ,  0.323245   ,  0.284709   ,  4.69649    ,  0.735182   ])
2482    , -12534      , array([ 0.310411   ,  0.313121   ,  0.325753   ,  5.37181    ,  0.732543   ])
2483    , -9268.42    , array([ 0.169401   ,  0.338862   ,  0.230823   ,  4.52737    ,  0.760354   ])
2484    , -10044.2    , array([ 0.15318    ,  0.343428   ,  0.216495   ,  4.82018    ,  0.777493   ])
2485    , -9146.36    , array([ 0.216443   ,  0.328177   ,  0.265866   ,  4.72711    ,  0.745539   ])
2486    , -8642.48    , array([ 0.188588   ,  0.33195    ,  0.292752   ,  4.36324    ,  0.748016   ])
2487    , -8651.77    , array([ 0.181962   ,  0.331613   ,  0.333888   ,  4.05487    ,  0.742688   ])
2488    , -8917.88    , array([ 0.145934   ,  0.332112   ,  0.281979   ,  4.58776    ,  0.758088   ])
likelihood = -8642.48
theta = 5694.78
Optimized parameters = [0.18858812 0.33195032 0.292752   4.36324446 0.74801613]

Round_4_Replicate_2
2489    , -7259.6     , array([ 0.150726   ,  0.537611   ,  0.312737   ,  2.9783     ,  0.312509   ])
2490    , -7438.32    , array([ 0.137119   ,  0.537611   ,  0.312737   ,  2.9783     ,  0.312509   ])
2491    , -7192.19    , array([ 0.150726   ,  0.521185   ,  0.312737   ,  2.9783     ,  0.312509   ])
2492    , -7132.74    , array([ 0.150726   ,  0.537611   ,  0.295079   ,  2.9783     ,  0.312509   ])
2493    , -7268.16    , array([ 0.150726   ,  0.537611   ,  0.312737   ,  3.14534    ,  0.312509   ])
2494    , -7160.41    , array([ 0.150726   ,  0.537611   ,  0.312737   ,  2.9783     ,  0.294853   ])
2495    , -7032.91    , array([ 0.165683   ,  0.530979   ,  0.30555    ,  3.04402    ,  0.305323   ])
2496    , -6947.74    , array([ 0.182125   ,  0.527694   ,  0.302019   ,  3.07743    ,  0.301793   ])
2497    , -6977.93    , array([ 0.162577   ,  0.52704    ,  0.301318   ,  2.85731    ,  0.301091   ])
2498    , -6889.85    , array([ 0.167575   ,  0.52287    ,  0.296868   ,  2.96792    ,  0.296642   ])
2499    , -6766.66    , array([ 0.176693   ,  0.515651   ,  0.289238   ,  2.96274    ,  0.289013   ])
2500    , -6777.51    , array([ 0.178575   ,  0.537051   ,  0.287735   ,  2.96171    ,  0.287511   ])
2501    , -6745.12    , array([ 0.191106   ,  0.520425   ,  0.278304   ,  2.95509    ,  0.301669   ])
2502    , -6728.2     , array([ 0.215189   ,  0.512038   ,  0.262536   ,  2.94356    ,  0.305136   ])
2503    , -6798.08    , array([ 0.220358   ,  0.510378   ,  0.281489   ,  2.94126    ,  0.28192    ])
2504    , -6770.41    , array([ 0.230719   ,  0.513968   ,  0.268255   ,  3.10151    ,  0.285011   ])
2505    , -6659.62    , array([ 0.226392   ,  0.507947   ,  0.255237   ,  2.88867    ,  0.277915   ])
2506    , -6782.24    , array([ 0.25241    ,  0.498352   ,  0.234639   ,  2.79868    ,  0.266695   ])
2507    , -6667.43    , array([ 0.189144   ,  0.524179   ,  0.263337   ,  3.00068    ,  0.295808   ])
2508    , -6803.73    , array([ 0.23883    ,  0.493334   ,  0.248649   ,  2.99558    ,  0.293375   ])
2509    , -6691.35    , array([ 0.192039   ,  0.525771   ,  0.277422   ,  2.97014    ,  0.288966   ])
2510    , -6754.53    , array([ 0.171771   ,  0.520194   ,  0.270314   ,  2.81145    ,  0.297584   ])
2511    , -6650.77    , array([ 0.221771   ,  0.520318   ,  0.24401    ,  2.88207    ,  0.296915   ])
2512    , -6758.45    , array([ 0.248455   ,  0.522668   ,  0.224121   ,  2.84257    ,  0.300946   ])
2513    , -6820.15    , array([ 0.252672   ,  0.515824   ,  0.250616   ,  3.06746    ,  0.288103   ])
2514    , -6665.71    , array([ 0.18917    ,  0.519098   ,  0.265249   ,  2.87338    ,  0.295185   ])
2515    , -6595.45    , array([ 0.191558   ,  0.526918   ,  0.259104   ,  2.90164    ,  0.277271   ])
2516    , -6612.54    , array([ 0.180734   ,  0.534519   ,  0.257404   ,  2.88091    ,  0.264308   ])
likelihood = -6595.45
theta = 6102.09
Optimized parameters = [0.19155775 0.52691766 0.25910383 2.90164399 0.27727122]

Round_4_Replicate_3
2517    , -7959.19    , array([ 0.176564   ,  0.633485   ,  0.254432   ,  5.22834    ,  0.497849   ])
2518    , -8182.36    , array([ 0.1619     ,  0.633485   ,  0.254432   ,  5.22834    ,  0.497849   ])
2519    , -7930.93    , array([ 0.176564   ,  0.619189   ,  0.254432   ,  5.22834    ,  0.497849   ])
2520    , -7819       , array([ 0.176564   ,  0.633485   ,  0.237603   ,  5.22834    ,  0.497849   ])
2521    , -8112.66    , array([ 0.176564   ,  0.633485   ,  0.254432   ,  5.67913    ,  0.497849   ])
2522    , -7904.68    , array([ 0.176564   ,  0.633485   ,  0.254432   ,  5.22834    ,  0.480787   ])
2523    , -7756.07    , array([ 0.192556   ,  0.627728   ,  0.247562   ,  5.4042     ,  0.490953   ])
2524    , -7643.6     , array([ 0.209996   ,  0.624868   ,  0.244197   ,  5.49433    ,  0.48754    ])
2525    , -7574.91    , array([ 0.189245   ,  0.624298   ,  0.243529   ,  4.90982    ,  0.486861   ])
2526    , -7368.71    , array([ 0.195924   ,  0.619755   ,  0.238254   ,  4.56518    ,  0.481458   ])
2527    , -7479.71    , array([ 0.197288   ,  0.61885    ,  0.237213   ,  5.05152    ,  0.480385   ])
2528    , -7335.67    , array([ 0.206243   ,  0.632999   ,  0.230656   ,  4.98247    ,  0.473572   ])
2529    , -7119.38    , array([ 0.222904   ,  0.64002    ,  0.219614   ,  4.86391    ,  0.46188    ])
2530    , -7151.34    , array([ 0.226394   ,  0.621259   ,  0.21747    ,  4.84054    ,  0.482571   ])
2531    , -7132.76    , array([ 0.250064   ,  0.616435   ,  0.22477    ,  4.6936     ,  0.460259   ])
2532    , -6944.8     , array([ 0.225464   ,  0.621549   ,  0.211568   ,  4.19364    ,  0.459289   ])
2533    , -6845.74    , array([ 0.23362    ,  0.619895   ,  0.196927   ,  3.66378    ,  0.445783   ])
2534    , -6852.4     , array([ 0.256775   ,  0.628017   ,  0.202171   ,  4.01132    ,  0.452398   ])
2535    , -6861.44    , array([ 0.288106   ,  0.630431   ,  0.18849    ,  4.21486    ,  0.440288   ])
2536    , -6796.96    , array([ 0.274567   ,  0.632602   ,  0.195023   ,  3.76099    ,  0.423451   ])
2537    , -6909.91    , array([ 0.302371   ,  0.638351   ,  0.184685   ,  3.31518    ,  0.396665   ])
2538    , -6818.92    , array([ 0.258049   ,  0.644189   ,  0.178273   ,  3.54985    ,  0.429421   ])
2539    , -7147.04    , array([ 0.306951   ,  0.622064   ,  0.167855   ,  3.02008    ,  0.415621   ])
2540    , -6874.41    , array([ 0.241466   ,  0.635483   ,  0.205342   ,  4.31762    ,  0.449854   ])
2541    , -6885.48    , array([ 0.283355   ,  0.626505   ,  0.179521   ,  3.40221    ,  0.426732   ])
2542    , -6814.16    , array([ 0.251318   ,  0.633226   ,  0.198558   ,  4.06793    ,  0.443959   ])
2543    , -6868.75    , array([ 0.224855   ,  0.632644   ,  0.199685   ,  3.43604    ,  0.437454   ])
2544    , -6810.41    , array([ 0.270795   ,  0.630984   ,  0.191229   ,  4.00499    ,  0.439578   ])
likelihood = -6796.96
theta = 4883.81
Optimized parameters = [0.2745671  0.63260187 0.19502339 3.76099483 0.4234511 ]

Round_4_Replicate_4
2545    , -9893.46    , array([ 0.117091   ,  0.545927   ,  0.233998   ,  5.1879     ,  0.643772   ])
2546    , -10617.6    , array([ 0.105184   ,  0.545927   ,  0.233998   ,  5.1879     ,  0.643772   ])
2547    , -9894.93    , array([ 0.117091   ,  0.529653   ,  0.233998   ,  5.1879     ,  0.643772   ])
2548    , -10104.7    , array([ 0.117091   ,  0.545927   ,  0.217607   ,  5.1879     ,  0.643772   ])
2549    , -10122.2    , array([ 0.117091   ,  0.545927   ,  0.233998   ,  5.63302    ,  0.643772   ])
2550    , -9875.21    , array([ 0.117091   ,  0.545927   ,  0.233998   ,  5.1879     ,  0.62975    ])
2551    , -9403.6     , array([ 0.130346   ,  0.539358   ,  0.227299   ,  5.36157    ,  0.638126   ])
2552    , -8925.55    , array([ 0.145102   ,  0.536104   ,  0.224021   ,  5.45056    ,  0.635322   ])
2553    , -9327.69    , array([ 0.12758    ,  0.535455   ,  0.223371   ,  4.87329    ,  0.634762   ])
2554    , -9108.44    , array([ 0.132034   ,  0.531323   ,  0.242722   ,  5.16064    ,  0.631194   ])
2555    , -8937.92    , array([ 0.138533   ,  0.548338   ,  0.229049   ,  5.14978    ,  0.626232   ])
2556    , -8639.48    , array([ 0.148171   ,  0.53293    ,  0.227098   ,  5.13461    ,  0.619351   ])
2557    , -8199.66    , array([ 0.16668    ,  0.526549   ,  0.223725   ,  5.10817    ,  0.60749    ])
2558    , -8141.06    , array([ 0.17065    ,  0.525281   ,  0.223056   ,  5.1029     ,  0.624092   ])
2559    , -7765.54    , array([ 0.206014   ,  0.515253   ,  0.217778   ,  5.06092    ,  0.621282   ])
2560    , -8018.21    , array([ 0.189711   ,  0.527379   ,  0.23131    ,  5.51505    ,  0.613871   ])
2561    , -7811.36    , array([ 0.21191    ,  0.529899   ,  0.208808   ,  5.34818    ,  0.610507   ])
2562    , -7888.1     , array([ 0.239401   ,  0.506479   ,  0.213234   ,  5.44111    ,  0.609117   ])
2563    , -7929.18    , array([ 0.279247   ,  0.506391   ,  0.213757   ,  5.13728    ,  0.590371   ])
2564    , -8191.18    , array([ 0.298827   ,  0.507593   ,  0.210174   ,  5.4941     ,  0.610399   ])
2565    , -7877.22    , array([ 0.258247   ,  0.512267   ,  0.213483   ,  5.39497    ,  0.60967    ])
2566    , -8013.43    , array([ 0.297021   ,  0.500934   ,  0.196864   ,  5.04416    ,  0.602397   ])
2567    , -7832.9     , array([ 0.26553    ,  0.507418   ,  0.204962   ,  5.15797    ,  0.605246   ])
2568    , -8010.17    , array([ 0.197761   ,  0.522118   ,  0.209479   ,  5.42379    ,  0.632642   ])
2569    , -7803.62    , array([ 0.256169   ,  0.510278   ,  0.21268    ,  5.20746    ,  0.600666   ])
2570    , -7631.59    , array([ 0.237008   ,  0.52359    ,  0.209775   ,  5.0318     ,  0.609755   ])
2571    , -7524.38    , array([ 0.235821   ,  0.532362   ,  0.208067   ,  4.83884    ,  0.610074   ])
likelihood = -7524.38
theta = 4582.95
Optimized parameters = [0.23582084 0.53236189 0.20806665 4.83884276 0.61007415]

Round_4_Replicate_5
2572    , -11398.9    , array([ 0.170782   ,  0.351009   ,  0.189164   ,  4.90313    ,  0.375921   ])
2573    , -11767.2    , array([ 0.156338   ,  0.351009   ,  0.189164   ,  4.90313    ,  0.375921   ])
2574    , -11874.8    , array([ 0.170782   ,  0.333107   ,  0.189164   ,  4.90313    ,  0.375921   ])
2575    , -12127.7    , array([ 0.170782   ,  0.351009   ,  0.174053   ,  4.90313    ,  0.375921   ])
2576    , -11813.2    , array([ 0.170782   ,  0.351009   ,  0.189164   ,  5.30881    ,  0.375921   ])
2577    , -11484.2    , array([ 0.170782   ,  0.351009   ,  0.189164   ,  4.90313    ,  0.357974   ])
2578    , -11236.8    , array([ 0.164851   ,  0.343736   ,  0.205588   ,  5.06154    ,  0.368636   ])
2579    , -10865.5    , array([ 0.161963   ,  0.340156   ,  0.223437   ,  5.14266    ,  0.365047   ])
2580    , -11057.5    , array([ 0.161391   ,  0.365255   ,  0.202193   ,  5.15903    ,  0.364334   ])
2581    , -10804      , array([ 0.157781   ,  0.352187   ,  0.207652   ,  4.71057    ,  0.359799   ])
2582    , -10349.3    , array([ 0.151657   ,  0.352777   ,  0.217563   ,  4.43723    ,  0.352      ])
2583    , -10361      , array([ 0.170276   ,  0.352895   ,  0.219601   ,  4.90064    ,  0.35046    ])
2584    , -10176.7    , array([ 0.155689   ,  0.353653   ,  0.233105   ,  4.89964    ,  0.364921   ])
2585    , -9687.21    , array([ 0.148651   ,  0.354982   ,  0.258767   ,  4.89789    ,  0.368446   ])
2586    , -9689.27    , array([ 0.147282   ,  0.355249   ,  0.264229   ,  4.89754    ,  0.344719   ])
2587    , -9428.76    , array([ 0.150251   ,  0.337621   ,  0.275131   ,  4.55876    ,  0.347895   ])
2588    , -8949.77    , array([ 0.144973   ,  0.324598   ,  0.320942   ,  4.28535    ,  0.339956   ])
2589    , -8811.96    , array([ 0.143229   ,  0.355808   ,  0.287779   ,  4.25155    ,  0.337465   ])
2590    , -8214.39    , array([ 0.134692   ,  0.363902   ,  0.326596   ,  3.8657     ,  0.324465   ])
2591    , -8631.96    , array([ 0.124042   ,  0.347202   ,  0.343187   ,  4.05764    ,  0.34084    ])
2592    , -8872.13    , array([ 0.128512   ,  0.345112   ,  0.415679   ,  4.32393    ,  0.335004   ])
2593    , -8426.69    , array([ 0.125307   ,  0.338765   ,  0.410274   ,  3.72711    ,  0.33819    ])
2594    , -8866.15    , array([ 0.115952   ,  0.332738   ,  0.503746   ,  3.34107    ,  0.305751   ])
2595    , -8977.16    , array([ 0.108732   ,  0.367506   ,  0.486415   ,  3.45675    ,  0.317611   ])
2596    , -8559.93    , array([ 0.134913   ,  0.334831   ,  0.3561     ,  4.06122    ,  0.334227   ])
2597    , -8022.47    , array([ 0.125067   ,  0.341505   ,  0.353021   ,  3.34109    ,  0.322007   ])
2598    , -7875.46    , array([ 0.12338    ,  0.339716   ,  0.325329   ,  2.93692    ,  0.315699   ])
likelihood = -7875.46
theta = 7102.67
Optimized parameters = [0.12337987 0.33971557 0.32532852 2.93692177 0.31569908]

Round_1_Replicate_1
3457    , -337417     , array([ 7.13798    ,  3.66537    ,  0.140841   ,  0.195112   ,  0.366442   ])
3458    , -346399     , array([ 7.87506    ,  3.66537    ,  0.140841   ,  0.195112   ,  0.366442   ])
3459    , -348091     , array([ 7.13798    ,  3.91133    ,  0.140841   ,  0.195112   ,  0.366442   ])
3460    , -332362     , array([ 7.13798    ,  3.66537    ,  0.127693   ,  0.195112   ,  0.366442   ])
3461    , -343184     , array([ 7.13798    ,  3.66537    ,  0.140841   ,  0.179803   ,  0.366442   ])
3462    , -343065     , array([ 7.13798    ,  3.66537    ,  0.140841   ,  0.195112   ,  0.348502   ])
3463    , -332719     , array([ 7.42415    ,  3.43489    ,  0.135427   ,  0.188838   ,  0.359158   ])
3464    , -329013     , array([ 6.57242    ,  3.57138    ,  0.13332    ,  0.186385   ,  0.356285   ])
3465    , -320149     , array([ 6.00428    ,  3.52529    ,  0.129711   ,  0.182169   ,  0.351312   ])
likelihood = -320148.79
theta = 2179.36
Optimized parameters = [6.00427726 3.52528831 0.12971081 0.18216942 0.35131243]

Round_1_Replicate_2
3466    , -422683     , array([ 3.18137    ,  2.3537     ,  1.08398    ,  1.14175    ,  2.70571    ])
3467    , -430513     , array([ 3.3709     ,  2.3537     ,  1.08398    ,  1.14175    ,  2.70571    ])
3468    , -429207     , array([ 3.18137    ,  2.45662    ,  1.08398    ,  1.14175    ,  2.70571    ])
3469    , -423804     , array([ 3.18137    ,  2.3537     ,  1.08836    ,  1.14175    ,  2.70571    ])
3470    , -422666     , array([ 3.18137    ,  2.3537     ,  1.08398    ,  1.14934    ,  2.70571    ])
3471    , -422409     , array([ 3.18137    ,  2.3537     ,  1.08398    ,  1.14175    ,  2.84377    ])
3472    , -417552     , array([ 3.00251    ,  2.39434    ,  1.08573    ,  1.14478    ,  2.76011    ])
3473    , -410716     , array([ 2.8337     ,  2.41492    ,  1.0866     ,  1.1463     ,  2.78772    ])
3474    , -412018     , array([ 3.03746    ,  2.27837    ,  1.08678    ,  1.1466     ,  2.79328    ])
likelihood = -410715.51
theta = 1787.79
Optimized parameters = [2.83369646 2.41491996 1.08660357 1.14630055 2.78772029]

Round_1_Replicate_3
3475    , -99663.5    , array([ 0.688075   ,  6.4455     ,  0.475692   ,  1.727      ,  0.269421   ])
3476    , -98986.3    , array([ 0.675333   ,  6.4455     ,  0.475692   ,  1.727      ,  0.269421   ])
3477    , -102477     , array([ 0.688075   ,  7.07489    ,  0.475692   ,  1.727      ,  0.269421   ])
3478    , -96720.2    , array([ 0.688075   ,  6.4455     ,  0.458345   ,  1.727      ,  0.269421   ])
3479    , -99025.2    , array([ 0.688075   ,  6.4455     ,  0.475692   ,  1.77483    ,  0.269421   ])
3480    , -96910.2    , array([ 0.688075   ,  6.4455     ,  0.475692   ,  1.727      ,  0.252321   ])
3481    , -94060.8    , array([ 0.68295    ,  5.87211    ,  0.468676   ,  1.74598    ,  0.262446   ])
3482    , -89917      , array([ 0.680401   ,  5.34972    ,  0.465206   ,  1.75554    ,  0.259026   ])
3483    , -93009.3    , array([ 0.679893   ,  5.98255    ,  0.464515   ,  1.75746    ,  0.258348   ])
likelihood = -89916.97
theta = 2195.56
Optimized parameters = [0.68040119 5.349722   0.46520622 1.75554276 0.25902647]

Round_1_Replicate_4
3484    , -87812.6    , array([ 3.11356    ,  0.284777   ,  0.215187   ,  0.385247   ,  3.17962    ])
3485    , -90451.9    , array([ 3.29549    ,  0.284777   ,  0.215187   ,  0.385247   ,  3.17962    ])
3486    , -88237.4    , array([ 3.11356    ,  0.267442   ,  0.215187   ,  0.385247   ,  3.17962    ])
3487    , -84612.2    , array([ 3.11356    ,  0.284777   ,  0.199277   ,  0.385247   ,  3.17962    ])
3488    , -87804.5    , array([ 3.11356    ,  0.284777   ,  0.215187   ,  0.367305   ,  3.17962    ])
3489    , -87915.3    , array([ 3.11356    ,  0.284777   ,  0.215187   ,  0.385247   ,  3.36895    ])
3490    , -84089.6    , array([ 2.94167    ,  0.277712   ,  0.208676   ,  0.377968   ,  3.25404    ])
3491    , -80945.7    , array([ 2.77927    ,  0.274246   ,  0.205495   ,  0.374379   ,  3.2919     ])
3492    , -83343.1    , array([ 2.97527    ,  0.298699   ,  0.204864   ,  0.373666   ,  3.29952    ])
likelihood = -80945.66
theta = 2755.8
Optimized parameters = [2.77927098 0.27424601 0.2054949  0.37437933 3.29189992]

Round_1_Replicate_5
3493    , -548896     , array([ 5.2218     ,  4.42667    ,  0.891079   ,  0.441715   ,  2.23054    ])
3494    , -561372     , array([ 5.67167    ,  4.42667    ,  0.891079   ,  0.441715   ,  2.23054    ])
3495    , -562907     , array([ 5.2218     ,  4.76849    ,  0.891079   ,  0.441715   ,  2.23054    ])
3496    , -547047     , array([ 5.2218     ,  4.42667    ,  0.885955   ,  0.441715   ,  2.23054    ])
3497    , -548990     , array([ 5.2218     ,  4.42667    ,  0.891079   ,  0.424033   ,  2.23054    ])
3498    , -548438     , array([ 5.2218     ,  4.42667    ,  0.891079   ,  0.441715   ,  2.32183    ])
3499    , -538610     , array([ 5.3973     ,  4.10935    ,  0.889026   ,  0.434555   ,  2.26662    ])
3500    , -525958     , array([ 5.48725    ,  3.81478    ,  0.888001   ,  0.431019   ,  2.28487    ])
3501    , -526735     , array([ 4.90391    ,  4.17094    ,  0.887796   ,  0.430315   ,  2.28854    ])
likelihood = -525957.58
theta = 1322.77
Optimized parameters = [5.48724692 3.81477614 0.88800099 0.43101909 2.28487389]

Round_1_Replicate_6
3502    , -332447     , array([ 6.24783    ,  1.84702    ,  0.637592   ,  0.133378   ,  7.81523    ])
3503    , -340932     , array([ 6.84724    ,  1.84702    ,  0.637592   ,  0.133378   ,  7.81523    ])
3504    , -336157     , array([ 6.24783    ,  1.90457    ,  0.637592   ,  0.133378   ,  7.81523    ])
3505    , -327632     , array([ 6.24783    ,  1.84702    ,  0.623405   ,  0.133378   ,  7.81523    ])
3506    , -332446     , array([ 6.24783    ,  1.84702    ,  0.637592   ,  0.120597   ,  7.81523    ])
3507    , -332544     , array([ 6.24783    ,  1.84702    ,  0.637592   ,  0.133378   ,  8.66142    ])
3508    , -323239     , array([ 5.70089    ,  1.86983    ,  0.631879   ,  0.12811    ,  8.1433     ])
3509    , -313961     , array([ 5.20183    ,  1.88134    ,  0.629041   ,  0.125555   ,  8.31247    ])
3510    , -319768     , array([ 5.80631    ,  1.80446    ,  0.628475   ,  0.125051   ,  8.34672    ])
likelihood = -313961.23
theta = 1274.54
Optimized parameters = [5.2018317  1.88133612 0.62904132 0.1255554  8.31247025]

Round_1_Replicate_7
3511    , -79926.9    , array([ 0.170106   ,  5.60836    ,  0.664265   ,  0.949559   ,  0.16438    ])
3512    , -79171      , array([ 0.155688   ,  5.60836    ,  0.664265   ,  0.949559   ,  0.16438    ])
3513    , -82052      , array([ 0.170106   ,  6.11333    ,  0.664265   ,  0.949559   ,  0.16438    ])
3514    , -78846.8    , array([ 0.170106   ,  5.60836    ,  0.650816   ,  0.949559   ,  0.16438    ])
3515    , -79953      , array([ 0.170106   ,  5.60836    ,  0.664265   ,  0.947105   ,  0.16438    ])
3516    , -77088      , array([ 0.170106   ,  5.60836    ,  0.664265   ,  0.949559   ,  0.15019    ])
3517    , -75934.6    , array([ 0.164185   ,  5.14511    ,  0.658853   ,  0.948577   ,  0.15855    ])
3518    , -72903.4    , array([ 0.161303   ,  4.72011    ,  0.656163   ,  0.948086   ,  0.155713   ])
3519    , -75275.8    , array([ 0.160732   ,  5.23459    ,  0.655626   ,  0.951428   ,  0.155152   ])
likelihood = -72903.41
theta = 3177.36
Optimized parameters = [0.16130259 4.72011417 0.65616293 0.94808579 0.15571298]

Round_1_Replicate_8
3520    , -212530     , array([ 4.01986    ,  0.518148   ,  0.763626   ,  0.204056   ,  1.79427    ])
3521    , -216805     , array([ 4.30945    ,  0.518148   ,  0.763626   ,  0.204056   ,  1.79427    ])
3522    , -210499     , array([ 4.01986    ,  0.501391   ,  0.763626   ,  0.204056   ,  1.79427    ])
3523    , -210807     , array([ 4.01986    ,  0.518148   ,  0.753399   ,  0.204056   ,  1.79427    ])
3524    , -212512     , array([ 4.01986    ,  0.518148   ,  0.763626   ,  0.188468   ,  1.79427    ])
3525    , -212586     , array([ 4.01986    ,  0.518148   ,  0.763626   ,  0.204056   ,  1.84749    ])
3526    , -206690     , array([ 3.74973    ,  0.511379   ,  0.759519   ,  0.197672   ,  1.81537    ])
3527    , -201528     , array([ 3.49776    ,  0.508027   ,  0.757473   ,  0.194555   ,  1.82602    ])
3528    , -206623     , array([ 3.80227    ,  0.50736    ,  0.757065   ,  0.193938   ,  1.75485    ])
likelihood = -201528.38
theta = 2704.21
Optimized parameters = [3.4977579  0.50802743 0.75747332 0.19455506 1.82601758]

Round_1_Replicate_9
3529    , -92618.5    , array([ 0.866702   ,  1.23802    ,  0.495418   ,  0.800866   ,  3.09318    ])
3530    , -92217.2    , array([ 0.860524   ,  1.23802    ,  0.495418   ,  0.800866   ,  3.09318    ])
3531    , -93075.4    , array([ 0.866702   ,  1.2513     ,  0.495418   ,  0.800866   ,  3.09318    ])
3532    , -89403      , array([ 0.866702   ,  1.23802    ,  0.478322   ,  0.800866   ,  3.09318    ])
3533    , -92631.3    , array([ 0.866702   ,  1.23802    ,  0.495418   ,  0.792023   ,  3.09318    ])
3534    , -92450.3    , array([ 0.866702   ,  1.23802    ,  0.495418   ,  0.800866   ,  3.27285    ])
3535    , -90650.2    , array([ 0.864225   ,  1.22487    ,  0.488507   ,  0.797317   ,  3.16383    ])
3536    , -90299.7    , array([ 0.863237   ,  1.23274    ,  0.48577    ,  0.80837    ,  3.19254    ])
likelihood = -89402.98
theta = 3538.79
Optimized parameters = [0.86670154 1.23801653 0.47832201 0.80086588 3.09318143]

Round_1_Replicate_10
3537    , -98930.1    , array([ 6.24257    ,  0.382558   ,  0.20377    ,  0.963827   ,  0.309894   ])
3538    , -102114     , array([ 6.84119    ,  0.382558   ,  0.20377    ,  0.963827   ,  0.309894   ])
3539    , -98919.9    , array([ 6.24257    ,  0.364613   ,  0.20377    ,  0.963827   ,  0.309894   ])
3540    , -95842.5    , array([ 6.24257    ,  0.382558   ,  0.188191   ,  0.963827   ,  0.309894   ])
3541    , -98950      , array([ 6.24257    ,  0.382558   ,  0.20377    ,  0.962053   ,  0.309894   ])
3542    , -97905.8    , array([ 6.24257    ,  0.382558   ,  0.20377    ,  0.963827   ,  0.292263   ])
3543    , -94118.2    , array([ 5.69634    ,  0.375276   ,  0.197389   ,  0.963117   ,  0.302717   ])
3544    , -90206.1    , array([ 5.19789    ,  0.371688   ,  0.194274   ,  0.962763   ,  0.299191   ])
3545    , -93808.9    , array([ 5.80162    ,  0.370974   ,  0.193657   ,  0.965178   ,  0.298491   ])
likelihood = -90206.1
theta = 2396.76
Optimized parameters = [5.1978935  0.37168764 0.19427416 0.96276266 0.29919135]

Round_2_Replicate_1
3546    , -77287.8    , array([ 0.278195   ,  15.7578    ,  0.621537   ,  1.8539     ,  0.0932996  ])
3547    , -76835.6    , array([ 0.260956   ,  15.7578    ,  0.621537   ,  1.8539     ,  0.0932996  ])
3548    , -79646.5    , array([ 0.278195   ,  18.0872    ,  0.621537   ,  1.8539     ,  0.0932996  ])
3549    , -76436.2    , array([ 0.278195   ,  15.7578    ,  0.606932   ,  1.8539     ,  0.0932996  ])
3550    , -76974.5    , array([ 0.278195   ,  15.7578    ,  0.621537   ,  1.91201    ,  0.0932996  ])
3551    , -74345.5    , array([ 0.278195   ,  15.7578    ,  0.621537   ,  1.8539     ,  0.0828655  ])
3552    , -73013.1    , array([ 0.271167   ,  13.7284    ,  0.615653   ,  1.87693    ,  0.0889769  ])
3553    , -69648.7    , array([ 0.26772    ,  11.9604    ,  0.612732   ,  1.88855    ,  0.0868913  ])
3554    , -72465.1    , array([ 0.267036   ,  14.1122    ,  0.61215    ,  1.89088    ,  0.08648    ])
3555    , -71067      , array([ 0.262698   ,  13.5032    ,  0.608435   ,  1.82528    ,  0.0838939  ])
3556    , -68954.6    , array([ 0.280799   ,  12.6944    ,  0.603272   ,  1.87082    ,  0.0804027  ])
3557    , -65314.5    , array([ 0.291279   ,  11.3938    ,  0.594342   ,  1.87934    ,  0.074639   ])
likelihood = -65314.47
theta = 1691.97
Optimized parameters = [ 0.29127883 11.39384504  0.59434173  1.87933691  0.07463904]

Round_2_Replicate_2
3558    , -175701     , array([ 0.268312   ,  4.47375    ,  1.78871    ,  0.732354   ,  0.13737    ])
3559    , -172337     , array([ 0.25123    ,  4.47375    ,  1.78871    ,  0.732354   ,  0.13737    ])
3560    , -178522     , array([ 0.268312   ,  4.82176    ,  1.78871    ,  0.732354   ,  0.13737    ])
3561    , -180309     , array([ 0.268312   ,  4.47375    ,  1.84148    ,  0.732354   ,  0.13737    ])
3562    , -175938     , array([ 0.268312   ,  4.47375    ,  1.78871    ,  0.721036   ,  0.13737    ])
3563    , -167333     , array([ 0.268312   ,  4.47375    ,  1.78871    ,  0.732354   ,  0.12439    ])
3564    , -167850     , array([ 0.261344   ,  4.60984    ,  1.73745    ,  0.727805   ,  0.132023   ])
3565    , -165241     , array([ 0.258608   ,  4.20091    ,  1.76803    ,  0.725994   ,  0.129943   ])
3566    , -158768     , array([ 0.253888   ,  3.92114    ,  1.75778    ,  0.722835   ,  0.126381   ])
3567    , -161029     , array([ 0.252955   ,  4.2951     ,  1.75573    ,  0.738125   ,  0.125681   ])
3568    , -155671     , array([ 0.247061   ,  4.22566    ,  1.74271    ,  0.729003   ,  0.121289   ])
3569    , -146359     , array([ 0.237075   ,  4.10682    ,  1.72016    ,  0.727334   ,  0.113968   ])
likelihood = -146358.94
theta = 3597.2
Optimized parameters = [0.23707544 4.10681972 1.72016077 0.72733391 0.11396837]

Round_2_Replicate_3
3570    , -135356     , array([ 0.524269   ,  13.395     ,  0.602432   ,  0.48678    ,  0.142582   ])
3571    , -133171     , array([ 0.507612   ,  13.395     ,  0.602432   ,  0.48678    ,  0.142582   ])
3572    , -137391     , array([ 0.524269   ,  15.2507    ,  0.602432   ,  0.48678    ,  0.142582   ])
3573    , -133644     , array([ 0.524269   ,  13.395     ,  0.587359   ,  0.48678    ,  0.142582   ])
3574    , -136833     , array([ 0.524269   ,  13.395     ,  0.602432   ,  0.469569   ,  0.142582   ])
3575    , -132259     , array([ 0.524269   ,  13.395     ,  0.602432   ,  0.48678    ,  0.129351   ])
3576    , -131005     , array([ 0.517541   ,  11.7651    ,  0.596357   ,  0.479821   ,  0.137134   ])
3577    , -127700     , array([ 0.51421    ,  10.3335    ,  0.593343   ,  0.476379   ,  0.134489   ])
3578    , -128101     , array([ 0.513546   ,  12.0744    ,  0.592742   ,  0.500281   ,  0.133966   ])
3579    , -126743     , array([ 0.509319   ,  11.5833    ,  0.588909   ,  0.487902   ,  0.130667   ])
3580    , -122610     , array([ 0.502005   ,  10.7716    ,  0.582262   ,  0.488465   ,  0.125089   ])
3581    , -123881     , array([ 0.500555   ,  10.6162    ,  0.60192    ,  0.488577   ,  0.124002   ])
likelihood = -122610.33
theta = 2677.33
Optimized parameters = [ 0.50200472 10.77156208  0.58226167  0.48846466  0.1250888 ]

Round_2_Replicate_4
3582    , -67994.4    , array([ 0.459174   ,  7.85017    ,  0.324121   ,  3.57533    ,  0.348224   ])
3583    , -67599.9    , array([ 0.441647   ,  7.85017    ,  0.324121   ,  3.57533    ,  0.348224   ])
3584    , -70961.3    , array([ 0.459174   ,  8.70208    ,  0.324121   ,  3.57533    ,  0.348224   ])
3585    , -65030.3    , array([ 0.459174   ,  7.85017    ,  0.306367   ,  3.57533    ,  0.348224   ])
3586    , -67139.5    , array([ 0.459174   ,  7.85017    ,  0.324121   ,  3.8105     ,  0.348224   ])
3587    , -66380.6    , array([ 0.459174   ,  7.85017    ,  0.324121   ,  3.57533    ,  0.330333   ])
3588    , -62719.3    , array([ 0.452081   ,  7.08166    ,  0.316899   ,  3.66761    ,  0.340954   ])
3589    , -58687.4    , array([ 0.448576   ,  6.38839    ,  0.313349   ,  3.71463    ,  0.337376   ])
3590    , -61979.9    , array([ 0.447878   ,  7.22909    ,  0.312644   ,  3.72411    ,  0.336665   ])
3591    , -60160.6    , array([ 0.468269   ,  6.99465    ,  0.308167   ,  3.78534    ,  0.33215    ])
3592    , -58076.6    , array([ 0.453943   ,  6.67914    ,  0.302008   ,  3.54232    ,  0.32593    ])
3593    , -54028.6    , array([ 0.45135    ,  6.16086    ,  0.291524   ,  3.4154     ,  0.315324   ])
likelihood = -54028.61
theta = 1774.0
Optimized parameters = [0.45134983 6.16085836 0.29152407 3.41539846 0.31532365]

Round_2_Replicate_5
3594    , -149981     , array([ 0.36326    ,  4.93046    ,  1.93863    ,  0.504167   ,  0.06065    ])
3595    , -146782     , array([ 0.345326   ,  4.93046    ,  1.93863    ,  0.504167   ,  0.06065    ])
3596    , -151848     , array([ 0.36326    ,  5.33989    ,  1.93863    ,  0.504167   ,  0.06065    ])
3597    , -153823     , array([ 0.36326    ,  4.93046    ,  2.00387    ,  0.504167   ,  0.06065    ])
3598    , -151368     , array([ 0.36326    ,  4.93046    ,  1.93863    ,  0.487196   ,  0.06065    ])
3599    , -140258     , array([ 0.36326    ,  4.93046    ,  1.93863    ,  0.504167   ,  0.0527196  ])
3600    , -142451     , array([ 0.355977   ,  5.09032    ,  1.87552    ,  0.497309   ,  0.0573439  ])
3601    , -140481     , array([ 0.353105   ,  4.61091    ,  1.91314    ,  0.494592   ,  0.0560725  ])
3602    , -136806     , array([ 0.349123   ,  4.86172    ,  1.90303    ,  0.514915   ,  0.0543398  ])
3603    , -130037     , array([ 0.342262   ,  4.82771    ,  1.88547    ,  0.52936    ,  0.0514353  ])
3604    , -130536     , array([ 0.340906   ,  4.82094    ,  1.88198    ,  0.507382   ,  0.0508733  ])
likelihood = -130037.3
theta = 3574.38
Optimized parameters = [0.34226194 4.8277144  1.88547473 0.52936029 0.0514353 ]

Round_2_Replicate_6
3605    , -81825.9    , array([ 0.0411906  ,  2.94091    ,  0.72363    ,  0.696964   ,  0.621012   ])
3606    , -82169.6    , array([ 0.0351187  ,  2.94091    ,  0.72363    ,  0.696964   ,  0.621012   ])
3607    , -83033.7    , array([ 0.0411906  ,  3.10389    ,  0.72363    ,  0.696964   ,  0.621012   ])
3608    , -81337.5    , array([ 0.0411906  ,  2.94091    ,  0.71202    ,  0.696964   ,  0.621012   ])
3609    , -81802.5    , array([ 0.0411906  ,  2.94091    ,  0.72363    ,  0.684496   ,  0.621012   ])
3610    , -81713.2    , array([ 0.0411906  ,  2.94091    ,  0.72363    ,  0.696964   ,  0.606395   ])
3611    , -80458.9    , array([ 0.0386451  ,  2.78649    ,  0.718964   ,  0.69195    ,  0.615123   ])
3612    , -79157      , array([ 0.0374319  ,  2.64018    ,  0.716642   ,  0.689456   ,  0.6122     ])
3613    , -80303.5    , array([ 0.0464981  ,  2.81671    ,  0.716178   ,  0.688958   ,  0.611617   ])
3614    , -79853.5    , array([ 0.0416132  ,  2.76851    ,  0.713219   ,  0.685782   ,  0.607899   ])
3615    , -79063.1    , array([ 0.0417834  ,  2.70242    ,  0.709097   ,  0.698798   ,  0.602731   ])
3616    , -77630.4    , array([ 0.042083   ,  2.59053    ,  0.70194    ,  0.706061   ,  0.593793   ])
likelihood = -77630.4
theta = 4506.1
Optimized parameters = [0.04208299 2.59052758 0.70193995 0.70606079 0.59379314]

Round_2_Replicate_7
3617    , -17621.5    , array([ 0.560209   ,  2.27993    ,  0.249254   ,  3.53899    ,  0.0428588  ])
3618    , -17610.4    , array([ 0.544211   ,  2.27993    ,  0.249254   ,  3.53899    ,  0.0428588  ])
3619    , -18211.5    , array([ 0.560209   ,  2.37584    ,  0.249254   ,  3.53899    ,  0.0428588  ])
3620    , -17648.3    , array([ 0.560209   ,  2.27993    ,  0.232527   ,  3.53899    ,  0.0428588  ])
3621    , -17032.9    , array([ 0.560209   ,  2.27993    ,  0.249254   ,  3.76984    ,  0.0428588  ])
3622    , -17936.4    , array([ 0.560209   ,  2.27993    ,  0.249254   ,  3.53899    ,  0.0366136  ])
3623    , -16965      , array([ 0.553754   ,  2.18789    ,  0.242424   ,  3.62958    ,  0.0402421  ])
3624    , -16427      , array([ 0.550555   ,  2.09956    ,  0.239079   ,  3.67575    ,  0.0389943  ])
3625    , -16569.7    , array([ 0.549917   ,  2.20599    ,  0.238416   ,  3.68505    ,  0.0483084  ])
3626    , -16451.7    , array([ 0.545853   ,  2.17709    ,  0.258135   ,  3.74515    ,  0.043293   ])
3627    , -16027.9    , array([ 0.540215   ,  2.13727    ,  0.244208   ,  3.83094    ,  0.0434679  ])
3628    , -15318.5    , array([ 0.530487   ,  2.06933    ,  0.241724   ,  3.98582    ,  0.0437757  ])
likelihood = -15318.48
theta = 2902.79
Optimized parameters = [0.53048702 2.06932736 0.24172407 3.98582233 0.04377567]

Round_2_Replicate_8
3629    , -111627     , array([ 0.296797   ,  8.56759    ,  1.14559    ,  0.316112   ,  0.0433561  ])
3630    , -108162     , array([ 0.279307   ,  8.56759    ,  1.14559    ,  0.316112   ,  0.0433561  ])
3631    , -112984     , array([ 0.296797   ,  9.53898    ,  1.14559    ,  0.316112   ,  0.0433561  ])
3632    , -111943     , array([ 0.296797   ,  8.56759    ,  1.1534     ,  0.316112   ,  0.0433561  ])
3633    , -114292     , array([ 0.296797   ,  8.56759    ,  1.14559    ,  0.298423   ,  0.0433561  ])
3634    , -107558     , array([ 0.296797   ,  8.56759    ,  1.14559    ,  0.316112   ,  0.0370597  ])
3635    , -106693     , array([ 0.289673   ,  8.94367    ,  1.14871    ,  0.334848   ,  0.0407184  ])
3636    , -103173     , array([ 0.286176   ,  9.13786    ,  1.15027    ,  0.354696   ,  0.0394604  ])
3637    , -103862     , array([ 0.285481   ,  7.89605    ,  1.15058    ,  0.331014   ,  0.0392135  ])
3638    , -101916     , array([ 0.281077   ,  8.5089     ,  1.14167    ,  0.33717    ,  0.0376695  ])
3639    , -97340.5    , array([ 0.273532   ,  8.47971    ,  1.13585    ,  0.34822    ,  0.0351123  ])
3640    , -96807.5    , array([ 0.272048   ,  8.47388    ,  1.14554    ,  0.350473   ,  0.0346221  ])
3641    , -90391.6    , array([ 0.260458   ,  8.42742    ,  1.14551    ,  0.36903    ,  0.0309389  ])
likelihood = -90391.62
theta = 3536.74
Optimized parameters = [0.26045811 8.42741584 1.14551194 0.3690301  0.03093894]

Round_2_Replicate_9
3642    , -18186.4    , array([ 0.305525   ,  1.32712    ,  0.325983   ,  3.14113    ,  0.329312   ])
3643    , -17880.1    , array([ 0.287938   ,  1.32712    ,  0.325983   ,  3.14113    ,  0.329312   ])
3644    , -18444.9    , array([ 0.305525   ,  1.34604    ,  0.325983   ,  3.14113    ,  0.329312   ])
3645    , -16995      , array([ 0.305525   ,  1.32712    ,  0.308215   ,  3.14113    ,  0.329312   ])
3646    , -17730      , array([ 0.305525   ,  1.32712    ,  0.325983   ,  3.32614    ,  0.329312   ])
3647    , -17694.8    , array([ 0.305525   ,  1.32712    ,  0.325983   ,  3.14113    ,  0.311521   ])
3648    , -16955.6    , array([ 0.298365   ,  1.30848    ,  0.318756   ,  3.21387    ,  0.322077   ])
3649    , -16254.6    , array([ 0.294848   ,  1.29009    ,  0.315203   ,  3.25086    ,  0.318519   ])
3650    , -16449.7    , array([ 0.29415    ,  1.31218    ,  0.314497   ,  3.25831    ,  0.317812   ])
3651    , -16187.1    , array([ 0.314792   ,  1.30626    ,  0.310017   ,  3.3064     ,  0.313326   ])
3652    , -15417.2    , array([ 0.329144   ,  1.29595    ,  0.30233    ,  3.39227    ,  0.305626   ])
3653    , -15480.5    , array([ 0.305641   ,  1.29389    ,  0.300816   ,  3.14718    ,  0.304109   ])
likelihood = -15417.17
theta = 3925.82
Optimized parameters = [0.32914426 1.29594615 0.30233004 3.3922698  0.30562619]

Round_2_Replicate_10
3654    , -60470.2    , array([ 0.129265   ,  7.03532    ,  0.290372   ,  1.2767     ,  0.238884   ])
3655    , -60797.5    , array([ 0.116695   ,  7.03532    ,  0.290372   ,  1.2767     ,  0.238884   ])
3656    , -62558.3    , array([ 0.129265   ,  7.75618    ,  0.290372   ,  1.2767     ,  0.238884   ])
3657    , -59234.9    , array([ 0.129265   ,  7.03532    ,  0.272962   ,  1.2767     ,  0.238884   ])
3658    , -60377.8    , array([ 0.129265   ,  7.03532    ,  0.290372   ,  1.29239    ,  0.238884   ])
3659    , -59562      , array([ 0.129265   ,  7.03532    ,  0.290372   ,  1.2767     ,  0.22238    ])
3660    , -57606.2    , array([ 0.124082   ,  6.38146    ,  0.283278   ,  1.28296    ,  0.23214    ])
3661    , -55162.2    , array([ 0.121569   ,  5.78836    ,  0.279797   ,  1.28609    ,  0.22884    ])
3662    , -57145.8    , array([ 0.139715   ,  6.50718    ,  0.279106   ,  1.28672    ,  0.228186   ])
3663    , -56185.8    , array([ 0.130114   ,  6.30719    ,  0.274723   ,  1.29075    ,  0.224042   ])
3664    , -54713.5    , array([ 0.130455   ,  6.0375     ,  0.268702   ,  1.27444    ,  0.218367   ])
3665    , -52147.6    , array([ 0.131054   ,  5.59298    ,  0.258481   ,  1.26555    ,  0.208779   ])
likelihood = -52147.55
theta = 2684.08
Optimized parameters = [0.13105399 5.59298072 0.2584812  1.2655507  0.20877903]

Round_3_Replicate_1
3666    , -28622.2    , array([ 1.69348    ,  0.649432   ,  0.143142   ,  2.2349     ,  0.0490055  ])
3667    , -29157.4    , array([ 1.73868    ,  0.649432   ,  0.143142   ,  2.2349     ,  0.0490055  ])
3668    , -28741.6    , array([ 1.69348    ,  0.635566   ,  0.143142   ,  2.2349     ,  0.0490055  ])
3669    , -28865.7    , array([ 1.69348    ,  0.649432   ,  0.129884   ,  2.2349     ,  0.0490055  ])
3670    , -28167.1    , array([ 1.69348    ,  0.649432   ,  0.143142   ,  2.32659    ,  0.0490055  ])
3671    , -28874.4    , array([ 1.69348    ,  0.649432   ,  0.143142   ,  2.2349     ,  0.0421461  ])
3672    , -28162.5    , array([ 1.64946    ,  0.64385    ,  0.137684   ,  2.27113    ,  0.046137   ])
3673    , -27711.8    , array([ 1.60658    ,  0.641076   ,  0.135033   ,  2.28947    ,  0.0447664  ])
3674    , -27965.6    , array([ 1.65817    ,  0.640523   ,  0.134509   ,  2.29316    ,  0.054956   ])
3675    , -27616.8    , array([ 1.64425    ,  0.636994   ,  0.150329   ,  2.31688    ,  0.0494807  ])
3676    , -27048.4    , array([ 1.62018    ,  0.630864   ,  0.161728   ,  2.359      ,  0.0497201  ])
3677    , -27022.8    , array([ 1.61541    ,  0.648961   ,  0.143231   ,  2.36751    ,  0.0497681  ])
3678    , -26189.3    , array([ 1.57773    ,  0.655765   ,  0.143276   ,  2.43674    ,  0.0501538  ])
3679    , -26208.8    , array([ 1.5703     ,  0.637575   ,  0.143285   ,  2.45083    ,  0.0502313  ])
3680    , -25854.5    , array([ 1.52357    ,  0.632893   ,  0.143342   ,  2.40374    ,  0.0507301  ])
3681    , -24754.7    , array([ 1.44512    ,  0.624782   ,  0.143442   ,  2.44327    ,  0.0516151  ])
3682    , -24854.8    , array([ 1.47273    ,  0.63534    ,  0.156516   ,  2.50143    ,  0.0441164  ])
3683    , -24021.6    , array([ 1.46805    ,  0.632514   ,  0.165392   ,  2.59578    ,  0.0538422  ])
3684    , -22472.2    , array([ 1.40333    ,  0.628276   ,  0.183043   ,  2.76398    ,  0.0590483  ])
3685    , -22814.9    , array([ 1.37442    ,  0.641697   ,  0.145104   ,  2.68411    ,  0.0519294  ])
likelihood = -22472.23
theta = 3566.96
Optimized parameters = [1.40332847 0.62827611 0.18304308 2.76398366 0.05904832]

Round_3_Replicate_2
3686    , -19546      , array([ 0.777286   ,  4.99363    ,  0.280329   ,  11.9842    ,  0.109857   ])
3687    , -19504.8    , array([ 0.767556   ,  4.99363    ,  0.280329   ,  11.9842    ,  0.109857   ])
3688    , -20729      , array([ 0.777286   ,  5.41174    ,  0.280329   ,  11.9842    ,  0.109857   ])
3689    , -18638.7    , array([ 0.777286   ,  4.99363    ,  0.263058   ,  11.9842    ,  0.109857   ])
3690    , -18575.7    , array([ 0.777286   ,  4.99363    ,  0.280329   ,  13.5687    ,  0.109857   ])
3691    , -18851.8    , array([ 0.777286   ,  4.99363    ,  0.280329   ,  11.9842    ,  0.0983714  ])
3692    , -17434.8    , array([ 0.77338    ,  4.60782    ,  0.273288   ,  12.5945    ,  0.10511    ])
3693    , -16060.9    , array([ 0.771434   ,  4.25182    ,  0.269835   ,  12.9112    ,  0.102814   ])
3694    , -17091.9    , array([ 0.771045   ,  4.68252    ,  0.269149   ,  12.9755    ,  0.102361   ])
3695    , -16305.5    , array([ 0.782237   ,  4.56357    ,  0.264803   ,  13.3946    ,  0.0995077  ])
3696    , -15887.7    , array([ 0.774409   ,  4.4021     ,  0.258836   ,  14.0042    ,  0.111638   ])
3697    , -14734.1    , array([ 0.772974   ,  4.13316    ,  0.248716   ,  15.1386    ,  0.118927   ])
3698    , -14951      , array([ 0.772688   ,  4.08138    ,  0.269714   ,  15.3762    ,  0.103189   ])
3699    , -13589.1    , array([ 0.770856   ,  3.76498    ,  0.249219   ,  14.2772    ,  0.100636   ])
3700    , -12090.1    , array([ 0.767661   ,  3.26916    ,  0.234984   ,  14.6452    ,  0.0963206  ])
3701    , -12883      , array([ 0.77573    ,  3.47762    ,  0.245852   ,  15.6706    ,  0.10541    ])
3702    , -12386.7    , array([ 0.76208    ,  3.20072    ,  0.242573   ,  16.1638    ,  0.110961   ])
3703    , -11956.9    , array([ 0.768991   ,  3.06654    ,  0.228122   ,  18.3458    ,  0.110719   ])
3704    , -12044.1    , array([ 0.767773   ,  2.60426    ,  0.20975    ,  21.8686    ,  0.114897   ])
likelihood = -11956.93
theta = 1240.0
Optimized parameters = [ 0.76899107  3.0665368   0.22812192 18.34576888  0.1107191 ]

Round_3_Replicate_3
3705    , -27790.1    , array([ 1.48005    ,  1.02064    ,  0.409028   ,  12.2936    ,  0.12465    ])
3706    , -28147.5    , array([ 1.50935    ,  1.02064    ,  0.409028   ,  12.2936    ,  0.12465    ])
3707    , -27788.5    , array([ 1.48005    ,  1.02168    ,  0.409028   ,  12.2936    ,  0.12465    ])
3708    , -26363.6    , array([ 1.48005    ,  1.02064    ,  0.391148   ,  12.2936    ,  0.12465    ])
3709    , -28003.6    , array([ 1.48005    ,  1.02064    ,  0.409028   ,  13.9368    ,  0.12465    ])
3710    , -26244.9    , array([ 1.48005    ,  1.02064    ,  0.409028   ,  12.2936    ,  0.112325   ])
3711    , -26332.1    , array([ 1.45132    ,  1.02106    ,  0.40178    ,  12.9262    ,  0.119565   ])
3712    , -25945.9    , array([ 1.46849    ,  1.02122    ,  0.398917   ,  11.064     ,  0.11759    ])
3713    , -25185.1    , array([ 1.46275    ,  1.02152    ,  0.393955   ,  9.85796    ,  0.114212   ])
3714    , -24952.3    , array([ 1.4616     ,  1.02157    ,  0.392971   ,  11.4826    ,  0.113548   ])
3715    , -23696.7    , array([ 1.45246    ,  1.02204    ,  0.38518    ,  11.0974    ,  0.108373   ])
3716    , -23460.9    , array([ 1.45064    ,  1.02067    ,  0.38364    ,  11.0219    ,  0.107367   ])
3717    , -21702.7    , array([ 1.43615    ,  1.02017    ,  0.371543   ,  10.4362    ,  0.0996461  ])
3718    , -22848      , array([ 1.43327    ,  1.02153    ,  0.39301    ,  10.3229    ,  0.0981699  ])
3719    , -21998.1    , array([ 1.45435    ,  1.0213     ,  0.379247   ,  8.97306    ,  0.0945831  ])
3720    , -20652.2    , array([ 1.41615    ,  1.02198    ,  0.36143    ,  8.31838    ,  0.0939891  ])
3721    , -19149.6    , array([ 1.38525    ,  1.02266    ,  0.339751   ,  6.84256    ,  0.0859762  ])
3722    , -18897.6    , array([ 1.40205    ,  1.02156    ,  0.353685   ,  8.96403    ,  0.0825107  ])
3723    , -17027.1    , array([ 1.37265    ,  1.02159    ,  0.33512    ,  8.54794    ,  0.070131   ])
3724    , -17981.8    , array([ 1.38041    ,  1.02086    ,  0.342149   ,  7.17344    ,  0.0730625  ])
likelihood = -17027.05
theta = 2208.0
Optimized parameters = [1.37264541 1.02158861 0.33512025 8.54794206 0.07013104]

Round_3_Replicate_4
3725    , -66079.7    , array([ 2.0405     ,  7.54301    ,  0.173618   ,  2.48732    ,  0.0322654  ])
3726    , -67499.9    , array([ 2.11458    ,  7.54301    ,  0.173618   ,  2.48732    ,  0.0322654  ])
3727    , -68155.8    , array([ 2.0405     ,  8.34491    ,  0.173618   ,  2.48732    ,  0.0322654  ])
3728    , -65941.1    , array([ 2.0405     ,  7.54301    ,  0.159065   ,  2.48732    ,  0.0322654  ])
3729    , -64013.4    , array([ 2.0405     ,  7.54301    ,  0.173618   ,  2.60326    ,  0.0322654  ])
3730    , -65969.7    , array([ 2.0405     ,  7.54301    ,  0.173618   ,  2.48732    ,  0.0271753  ])
3731    , -63571.3    , array([ 2.06982    ,  6.81816    ,  0.167643   ,  2.53306    ,  0.030124   ])
3732    , -61232.8    , array([ 2.08463    ,  6.16297    ,  0.164734   ,  2.55625    ,  0.0291072  ])
3733    , -61973.1    , array([ 1.98594    ,  6.95733    ,  0.164158   ,  2.56091    ,  0.0289079  ])
3734    , -61675.5    , array([ 2.03585    ,  6.736      ,  0.16052    ,  2.59095    ,  0.0276649  ])
3735    , -59969.9    , array([ 2.03399    ,  6.43791    ,  0.155561   ,  2.63361    ,  0.0330822  ])
3736    , -56998.3    , array([ 2.03075    ,  5.94765    ,  0.14725    ,  2.70995    ,  0.0365009  ])
3737    , -56481.6    , array([ 2.0301     ,  5.85417    ,  0.164632   ,  2.72548    ,  0.0292723  ])
3738    , -51846.6    , array([ 2.02492    ,  5.15734    ,  0.167488   ,  2.85299    ,  0.0278816  ])
3739    , -53474.2    , array([ 2.02388    ,  5.02826    ,  0.148679   ,  2.70128    ,  0.0276114  ])
3740    , -51835.9    , array([ 2.09528    ,  4.78751    ,  0.15114    ,  2.80519    ,  0.0302579  ])
3741    , -46535.7    , array([ 2.15218    ,  3.9714     ,  0.145023   ,  2.93594    ,  0.0309563  ])
3742    , -46162.7    , array([ 2.08986    ,  4.00283    ,  0.148414   ,  2.91483    ,  0.0330715  ])
3743    , -38681.4    , array([ 2.11739    ,  3.08567    ,  0.142708   ,  3.09164    ,  0.0361591  ])
3744    , -38506.8    , array([ 2.05372    ,  3.31743    ,  0.136549   ,  3.18789    ,  0.0342824  ])
3745    , -29858.3    , array([ 2.03844    ,  2.43393    ,  0.12432    ,  3.56003    ,  0.0372054  ])
likelihood = -29858.26
theta = 2010.29
Optimized parameters = [2.03844255 2.43393261 0.12432042 3.56003423 0.03720542]

Round_3_Replicate_5
3746    , -16162      , array([ 0.261841   ,  0.969523   ,  0.091821   ,  1.31703    ,  0.140127   ])
3747    , -16333.1    , array([ 0.244873   ,  0.969523   ,  0.091821   ,  1.31703    ,  0.140127   ])
3748    , -16146.7    , array([ 0.261841   ,  0.968024   ,  0.091821   ,  1.31703    ,  0.140127   ])
3749    , -16932.7    , array([ 0.261841   ,  0.969523   ,  0.0814872  ,  1.31703    ,  0.140127   ])
3750    , -16063.3    , array([ 0.261841   ,  0.969523   ,  0.091821   ,  1.33528    ,  0.140127   ])
3751    , -16405      , array([ 0.261841   ,  0.969523   ,  0.091821   ,  1.31703    ,  0.127013   ])
3752    , -15549.3    , array([ 0.254917   ,  0.968923   ,  0.103465   ,  1.3243     ,  0.134726   ])
3753    , -14937      , array([ 0.251524   ,  0.968623   ,  0.116586   ,  1.32795    ,  0.132104   ])
3754    , -15439.5    , array([ 0.250851   ,  0.968563   ,  0.101024   ,  1.32868    ,  0.150992   ])
3755    , -15196.9    , array([ 0.270834   ,  0.96818    ,  0.104958   ,  1.33337    ,  0.141011   ])
3756    , -14947.5    , array([ 0.256727   ,  0.967643   ,  0.110725   ,  1.33997    ,  0.141366   ])
3757    , -14530.1    , array([ 0.25471    ,  0.968989   ,  0.119335   ,  1.34926    ,  0.141865   ])
3758    , -13858.6    , array([ 0.251217   ,  0.969472   ,  0.136045   ,  1.36567    ,  0.142742   ])
3759    , -13868.5    , array([ 0.250524   ,  0.96747    ,  0.139658   ,  1.34284    ,  0.142918   ])
3760    , -13785.3    , array([ 0.261364   ,  0.967991   ,  0.144491   ,  1.35525    ,  0.12975    ])
3761    , -13262.1    , array([ 0.266785   ,  0.967705   ,  0.172802   ,  1.36873    ,  0.120277   ])
3762    , -13284.9    , array([ 0.240625   ,  0.968185   ,  0.16977    ,  1.36469    ,  0.130371   ])
3763    , -13053      , array([ 0.247354   ,  0.968939   ,  0.19093    ,  1.36794    ,  0.125899   ])
3764    , -12987.5    , array([ 0.242797   ,  0.969588   ,  0.25072    ,  1.38214    ,  0.118812   ])
likelihood = -12987.52
theta = 5988.62
Optimized parameters = [0.24279719 0.96958796 0.2507197  1.38214188 0.11881221]

Round_4_Replicate_1
3765    , -19813.3    , array([ 0.729335   ,  4.29674    ,  0.332696   ,  29.7       ,  0.118673   ])
3766    , -19762.5    , array([ 0.717916   ,  4.29674    ,  0.332696   ,  29.7       ,  0.118673   ])
3767    , -20097.2    , array([ 0.729335   ,  4.62164    ,  0.332696   ,  29.7       ,  0.118673   ])
3768    , -18792.7    , array([ 0.729335   ,  4.29674    ,  0.314884   ,  29.7       ,  0.118673   ])
3770    , -19035.2    , array([ 0.729335   ,  4.29674    ,  0.332696   ,  29.7       ,  0.106677   ])
3771    , -18586.6    , array([ 0.724746   ,  4.42387    ,  0.325454   ,  25.0679    ,  0.113721   ])
3772    , -18103.2    , array([ 0.722462   ,  4.48883    ,  0.321892   ,  21.1583    ,  0.111322   ])
3773    , -17892.1    , array([ 0.722006   ,  4.06518    ,  0.321184   ,  25.9326    ,  0.110849   ])
3774    , -16911      , array([ 0.718369   ,  3.81261    ,  0.315578   ,  24.2321    ,  0.107132   ])
3775    , -17136.2    , array([ 0.717644   ,  4.16841    ,  0.314468   ,  23.9056    ,  0.106404   ])
3776    , -16354.5    , array([ 0.728949   ,  4.11815    ,  0.30746    ,  21.9178    ,  0.101859   ])
3777    , -15248.7    , array([ 0.734528   ,  4.03166    ,  0.295569   ,  18.8286    ,  0.0943683  ])
3778    , -15672.8    , array([ 0.719575   ,  4.01458    ,  0.293247   ,  18.2651    ,  0.107891   ])
3779    , -15378.3    , array([ 0.715707   ,  3.90697    ,  0.301136   ,  15.0372    ,  0.0933594  ])
3780    , -14133.8    , array([ 0.719806   ,  3.53777    ,  0.286831   ,  18.4128    ,  0.0927593  ])
3781    , -12911.6    , array([ 0.718482   ,  3.1407     ,  0.27076    ,  17.1766    ,  0.084673   ])
3782    , -13420.3    , array([ 0.724977   ,  3.40185    ,  0.276542   ,  14.2783    ,  0.0885719  ])
3783    , -13803.6    , array([ 0.726903   ,  3.55354    ,  0.261393   ,  11.3998    ,  0.0815237  ])
3784    , -12848.7    , array([ 0.728632   ,  3.21404    ,  0.268653   ,  12.525     ,  0.0723664  ])
3785    , -12567.3    , array([ 0.733203   ,  2.87578    ,  0.257141   ,  10.3718    ,  0.0592669  ])
3786    , -11962.8    , array([ 0.739681   ,  2.92157    ,  0.245597   ,  13.1131    ,  0.0697313  ])
3787    , -11672.3    , array([ 0.751968   ,  2.52641    ,  0.221796   ,  12.2454    ,  0.0602646  ])
3788    , -11673.3    , array([ 0.727524   ,  2.34845    ,  0.223073   ,  8.81692    ,  0.0576572  ])
3789    , -11811.2    , array([ 0.735408   ,  2.25763    ,  0.236741   ,  13.1403    ,  0.0581064  ])
3790    , -12475.2    , array([ 0.741586   ,  2.00158    ,  0.210286   ,  10.1485    ,  0.0451838  ])
likelihood = -11672.33
theta = 1639.29
Optimized parameters = [ 0.75196754  2.52641363  0.22179618 12.24539721  0.0602646 ]

Round_4_Replicate_2
3791    , -19561.4    , array([ 0.402628   ,  6.12124    ,  0.116693   ,  11.307     ,  0.208748   ])
3792    , -19815.1    , array([ 0.384724   ,  6.12124    ,  0.116693   ,  11.307     ,  0.208748   ])
3793    , -21162.8    , array([ 0.402628   ,  6.70164    ,  0.116693   ,  11.307     ,  0.208748   ])
3794    , -19542.6    , array([ 0.402628   ,  6.12124    ,  0.104808   ,  11.307     ,  0.208748   ])
3795    , -18440.6    , array([ 0.402628   ,  6.12124    ,  0.116693   ,  12.7648    ,  0.208748   ])
3796    , -19595.7    , array([ 0.402628   ,  6.12124    ,  0.116693   ,  11.307     ,  0.193021   ])
3797    , -17745.2    , array([ 0.395368   ,  5.5911     ,  0.111785   ,  11.869     ,  0.202309   ])
3798    , -16305.1    , array([ 0.391788   ,  5.10687    ,  0.10941    ,  12.1604    ,  0.199164   ])
3799    , -17515      , array([ 0.41679    ,  5.69332    ,  0.108941   ,  12.2195    ,  0.198541   ])
3800    , -16916.8    , array([ 0.403802   ,  5.53065    ,  0.105986   ,  12.6048    ,  0.217154   ])
3801    , -16167.7    , array([ 0.404272   ,  5.31069    ,  0.101983   ,  13.1647    ,  0.203989   ])
3802    , -15018.4    , array([ 0.405097   ,  4.9466     ,  0.0953392  ,  14.2051    ,  0.201651   ])
3803    , -14489.2    , array([ 0.405262   ,  4.87683    ,  0.109327   ,  14.4229    ,  0.201186   ])
3804    , -12940.7    , array([ 0.406585   ,  4.35299    ,  0.111659   ,  16.2894    ,  0.197509   ])
3805    , -13496.9    , array([ 0.406851   ,  4.25517    ,  0.0964758  ,  14.0845    ,  0.196781   ])
3806    , -12933.6    , array([ 0.38925    ,  4.07204    ,  0.0984384  ,  15.5731    ,  0.206162   ])
3807    , -12316.3    , array([ 0.37617    ,  3.44377    ,  0.0935734  ,  17.5807    ,  0.210082   ])
3808    , -12494.9    , array([ 0.390539   ,  3.4682     ,  0.096265   ,  17.2462    ,  0.186012   ])
3809    , -12828.1    , array([ 0.402      ,  3.2174     ,  0.0885984  ,  20.558     ,  0.197346   ])
3810    , -12408.4    , array([ 0.387602   ,  2.79662    ,  0.0987351  ,  20.4032    ,  0.193237   ])
3811    , -13494.5    , array([ 0.378521   ,  2.74858    ,  0.0984795  ,  23.8663    ,  0.196585   ])
3812    , -12571.7    , array([ 0.385413   ,  3.06592    ,  0.0979747  ,  20.9182    ,  0.196634   ])
3813    , -15120.4    , array([ 0.370751   ,  2.33533    ,  0.0807533  ,  22.8071    ,  0.195513   ])
3814    , -12215.1    , array([ 0.397315   ,  3.72544    ,  0.10297    ,  17.7193    ,  0.197008   ])
3815    , -11872.5    , array([ 0.373225   ,  3.35042    ,  0.108079   ,  17.0285    ,  0.19554    ])
3816    , -11805      , array([ 0.35962    ,  3.41897    ,  0.119371   ,  15.498     ,  0.194644   ])
3817    , -12330.8    , array([ 0.378651   ,  3.67263    ,  0.105771   ,  14.8435    ,  0.195452   ])
likelihood = -11805.04
theta = 1371.87
Optimized parameters = [ 0.35961972  3.41897441  0.11937063 15.49799717  0.19464381]

Round_4_Replicate_3
3818    , -20556.6    , array([ 0.949573   ,  3.712      ,  0.355491   ,  9.48478    ,  0.0829747  ])
3819    , -20537.3    , array([ 0.947119   ,  3.712      ,  0.355491   ,  9.48478    ,  0.0829747  ])
3820    , -21401.2    , array([ 0.949573   ,  3.96359    ,  0.355491   ,  9.48478    ,  0.0829747  ])
3821    , -19631.4    , array([ 0.949573   ,  3.712      ,  0.337575   ,  9.48478    ,  0.0829747  ])
3822    , -19627.5    , array([ 0.949573   ,  3.712      ,  0.355491   ,  10.614     ,  0.0829747  ])
3823    , -19570.3    , array([ 0.949573   ,  3.712      ,  0.355491   ,  9.48478    ,  0.0732644  ])
3824    , -18652.2    , array([ 0.948591   ,  3.47638    ,  0.348213   ,  9.92128    ,  0.078945   ])
3825    , -17487.7    , array([ 0.9481     ,  3.25572    ,  0.344631   ,  10.147     ,  0.0770041  ])
3826    , -18183.2    , array([ 0.948002   ,  3.52228    ,  0.343918   ,  10.1928    ,  0.0766217  ])
3827    , -17394      , array([ 0.950812   ,  3.44913    ,  0.339395   ,  10.4905    ,  0.0742189  ])
3828    , -16179.3    , array([ 0.952663   ,  3.32477    ,  0.331623   ,  11.0327    ,  0.0701938  ])
3829    , -16905.4    , array([ 0.949588   ,  3.30044    ,  0.354874   ,  11.1445    ,  0.0694154  ])
3830    , -15987.4    , array([ 0.949595   ,  3.14888    ,  0.336755   ,  10.155     ,  0.0646338  ])
3831    , -14822.7    , array([ 0.949606   ,  2.90022    ,  0.32776    ,  9.93307    ,  0.0570449  ])
3832    , -14493.5    , array([ 0.949608   ,  2.85289    ,  0.32599    ,  11.5759    ,  0.0662281  ])
3833    , -13330      , array([ 0.949626   ,  2.50106    ,  0.312171   ,  12.7885    ,  0.0629675  ])
3834    , -13755.7    , array([ 0.951833   ,  2.62174    ,  0.324155   ,  11.7951    ,  0.0585449  ])
3835    , -13476.2    , array([ 0.953232   ,  2.60102    ,  0.315657   ,  12.5835    ,  0.0522055  ])
3836    , -12809.2    , array([ 0.953196   ,  2.33264    ,  0.292517   ,  12.0275    ,  0.0516749  ])
3837    , -12998.9    , array([ 0.955005   ,  1.96104    ,  0.265576   ,  12.4949    ,  0.0445852  ])
3838    , -13157.8    , array([ 0.950332   ,  2.00953    ,  0.297703   ,  12.5762    ,  0.0452094  ])
3839    , -13572.2    , array([ 0.953684   ,  1.98925    ,  0.289842   ,  15.351     ,  0.0506891  ])
3840    , -13439.6    , array([ 0.952192   ,  1.97047    ,  0.280238   ,  14.3645    ,  0.0466244  ])
3841    , -13434.6    , array([ 0.949749   ,  2.58716    ,  0.309219   ,  10.7478    ,  0.0520795  ])
3842    , -12621.6    , array([ 0.948809   ,  1.97442    ,  0.2816     ,  12.3101    ,  0.0505179  ])
3843    , -12624.6    , array([ 0.946606   ,  1.72024    ,  0.265976   ,  12.1756    ,  0.0496946  ])
likelihood = -12621.61
theta = 1713.29
Optimized parameters = [ 0.94880934  1.97442202  0.28160021 12.31008221  0.05051787]

Round_4_Replicate_4
3844    , -9041.53    , array([ 0.939492   ,  2.4156     ,  0.119424   ,  11.0619    ,  0.129723   ])
3845    , -9037.76    , array([ 0.936565   ,  2.4156     ,  0.119424   ,  11.0619    ,  0.129723   ])
3846    , -9175.12    , array([ 0.939492   ,  2.52451    ,  0.119424   ,  11.0619    ,  0.129723   ])
3847    , -9217.7     , array([ 0.939492   ,  2.4156     ,  0.107385   ,  11.0619    ,  0.129723   ])
3848    , -8977       , array([ 0.939492   ,  2.4156     ,  0.119424   ,  12.4744    ,  0.129723   ])
3849    , -9428.8     , array([ 0.939492   ,  2.4156     ,  0.119424   ,  11.0619    ,  0.11713    ])
3850    , -8720.86    , array([ 0.93832    ,  2.45859    ,  0.114454   ,  11.6066    ,  0.14367    ])
3851    , -8410.65    , array([ 0.937735   ,  2.48037    ,  0.112048   ,  11.889     ,  0.159116   ])
3852    , -8758.24    , array([ 0.937618   ,  2.48475    ,  0.129468   ,  11.9463    ,  0.140765   ])
3853    , -8527.37    , array([ 0.936869   ,  2.36251    ,  0.120239   ,  12.3195    ,  0.145441   ])
3854    , -8450.1     , array([ 0.935822   ,  2.44717    ,  0.120566   ,  12.8617    ,  0.15225    ])
3855    , -8301.85    , array([ 0.938449   ,  2.45991    ,  0.121026   ,  13.6611    ,  0.16232    ])
3856    , -8155.08    , array([ 0.939392   ,  2.48236    ,  0.121835   ,  15.1815    ,  0.181572   ])
3857    , -8025.63    , array([ 0.935484   ,  2.48688    ,  0.121998   ,  13.1043    ,  0.185689   ])
3858    , -7870.4     , array([ 0.933487   ,  2.5233     ,  0.123306   ,  13.431     ,  0.222162   ])
3859    , -7697.5     , array([ 0.935701   ,  2.43261    ,  0.11036    ,  14.3401    ,  0.205388   ])
3860    , -7369.95    , array([ 0.934744   ,  2.40696    ,  0.101891   ,  15.7113    ,  0.248093   ])
3861    , -7543.59    , array([ 0.935598   ,  2.57763    ,  0.111215   ,  15.3263    ,  0.246124   ])
3862    , -7326.52    , array([ 0.936556   ,  2.54069    ,  0.107389   ,  15.7466    ,  0.284921   ])
3863    , -7232.55    , array([ 0.936924   ,  2.58879    ,  0.10135    ,  17.4233    ,  0.389771   ])
3864    , -7935.4     , array([ 0.934322   ,  2.54995    ,  0.111007   ,  19.8489    ,  0.390125   ])
3865    , -7213.43    , array([ 0.930657   ,  2.57543    ,  0.0983577  ,  17.3035    ,  0.464228   ])
3866    , -7470.54    , array([ 0.92632    ,  2.62326    ,  0.0883744  ,  18.4733    ,  0.742287   ])
3867    , -7510.68    , array([ 0.934237   ,  2.51715    ,  0.102853   ,  12.5277    ,  0.231626   ])
3868    , -6796.36    , array([ 0.935373   ,  2.54125    ,  0.0861146  ,  18.0056    ,  0.413589   ])
3869    , -6782.25    , array([ 0.936318   ,  2.55028    ,  0.0719654  ,  20.8476    ,  0.564312   ])
3870    , -6592.76    , array([ 0.933549   ,  2.4771     ,  0.0802195  ,  17.8454    ,  0.520272   ])
3871    , -6546.62    , array([ 0.932526   ,  2.42832    ,  0.0681299  ,  19.2562    ,  0.75643    ])
likelihood = -6546.62
theta = 1242.28
Optimized parameters = [ 0.93252629  2.42832209  0.06812989 19.25615244  0.75643025]

Round_4_Replicate_5
3872    , -15422.2    , array([ 1.1931     ,  2.68587    ,  0.120281   ,  26.2841    ,  0.0742292  ])
3873    , -15407.8    , array([ 1.20367    ,  2.68587    ,  0.120281   ,  26.2841    ,  0.0742292  ])
3874    , -15224.1    , array([ 1.1931     ,  2.82189    ,  0.120281   ,  26.2841    ,  0.0742292  ])
3875    , -15951.8    , array([ 1.1931     ,  2.68587    ,  0.108195   ,  26.2841    ,  0.0742292  ])
3877    , -16474.5    , array([ 1.1931     ,  2.68587    ,  0.120281   ,  26.2841    ,  0.0651784  ])
3878    , -14658.8    , array([ 1.19732    ,  2.73947    ,  0.115293   ,  22.3208    ,  0.0704671  ])
3879    , -13937.4    , array([ 1.19943    ,  2.76667    ,  0.112876   ,  18.955     ,  0.0686581  ])
3880    , -13817.7    , array([ 1.19986    ,  2.77215    ,  0.112399   ,  23.0625    ,  0.0819394  ])
3881    , -12681      , array([ 1.20325    ,  2.81632    ,  0.108654   ,  21.6029    ,  0.0918729  ])
3882    , -13160.7    , array([ 1.20393    ,  2.82524    ,  0.125167   ,  21.3223    ,  0.078355   ])
3883    , -12859.9    , array([ 1.20829    ,  2.88298    ,  0.114397   ,  19.6105    ,  0.0800689  ])
3884    , -12244.4    , array([ 1.19951    ,  2.96582    ,  0.112125   ,  17.4425    ,  0.0825314  ])
3885    , -11780.1    , array([ 1.19743    ,  3.11655    ,  0.108257   ,  14.209     ,  0.0870245  ])
3886    , -11645.7    , array([ 1.2119     ,  2.93728    ,  0.1075     ,  13.6382    ,  0.087952   ])
3887    , -12299.5    , array([ 1.22141    ,  2.99673    ,  0.101628   ,  9.82396    ,  0.0957373  ])
3888    , -10739.1    , array([ 1.21049    ,  3.06847    ,  0.112337   ,  16.5782    ,  0.104991   ])
3889    , -9872.72    , array([ 1.21606    ,  3.23149    ,  0.112069   ,  15.504     ,  0.129831   ])
3890    , -10891.3    , array([ 1.21081    ,  3.17076    ,  0.096925   ,  12.974     ,  0.11259    ])
3891    , -10647.5    , array([ 1.20745    ,  3.22779    ,  0.0992468  ,  11.9578    ,  0.126275   ])
3892    , -13453.1    , array([ 1.2142     ,  3.48943    ,  0.100775   ,  8.56806    ,  0.124982   ])
3893    , -11232.6    , array([ 1.20598    ,  2.97132    ,  0.106629   ,  17.1437    ,  0.0992207  ])
3894    , -9683.38    , array([ 1.22358    ,  3.09365    ,  0.100533   ,  14.0426    ,  0.139052   ])
3895    , -8936.85    , array([ 1.23688    ,  3.08227    ,  0.0968805  ,  13.9601    ,  0.17577    ])
3896    , -8994.77    , array([ 1.21888    ,  3.34635    ,  0.097116   ,  14.7675    ,  0.18149    ])
3897    , -10265.5    , array([ 1.23009    ,  3.46909    ,  0.0943174  ,  11.0673    ,  0.204831   ])
3898    , -9014.65    , array([ 1.23294    ,  3.36994    ,  0.102634   ,  13.7233    ,  0.229327   ])
likelihood = -8936.85
theta = 1336.16
Optimized parameters = [ 1.23687653  3.08226575  0.09688049 13.96008004  0.17576992]
