chr	windowStart	windowEnd	D	f_d	f_dM	d_f
NC_050068.2	2975458	4551945	-0.110757	-0.023009	-0.014245	-0.252759
NC_050068.2	2975646	4551959	0.240302	0.048620	0.031213	0.050321
NC_050068.2	3279925	4551986	0.313544	0.081409	0.053475	0.108961
NC_050068.2	3279965	4551994	0.351220	0.085437	0.057692	0.134874
NC_050068.2	3279970	4552004	0.427315	0.111153	0.075820	0.198869
NC_050068.2	3280112	4552013	0.477035	0.142540	0.098873	0.261084
NC_050068.2	3459163	4552037	0.497282	0.151045	0.104859	0.270407
NC_050068.2	3459186	4552169	0.450250	0.179740	0.112859	0.234937
NC_050068.2	3692397	4552173	0.476929	0.234535	0.141929	0.259038
NC_050068.2	4551945	4552263	0.566239	0.306486	0.170952	0.382544
NC_050068.2	4551959	4552271	0.499461	0.684915	0.367144	0.333233
NC_050068.2	4551986	4552284	0.471620	0.470786	0.272836	0.314083
NC_050068.2	4551994	5148590	0.429574	0.395063	0.208734	0.243554
NC_050068.2	4552004	5148631	0.593990	0.466648	0.286861	0.360608
NC_050068.2	4552013	5148655	0.576646	0.419794	0.249142	0.344829
NC_050068.2	4552037	5148772	0.554656	0.276851	0.174360	0.301210
NC_050068.2	4552169	5148814	-0.126731	-0.093478	-0.045035	-0.081825
NC_050068.2	4552173	5148818	0.005275	0.003550	0.001905	0.003115
NC_050068.2	4552263	5148819	-0.194708	-0.129639	-0.064142	-0.115306
NC_050068.2	4552271	5148851	-0.072292	-0.051141	-0.026942	-0.044594
NC_050068.2	4552284	5148855	-0.035575	-0.021833	-0.012468	-0.022275
NC_050068.2	5148590	5148861	-0.041534	-0.032324	-0.016240	-0.022314
NC_050068.2	5148631	5148862	-0.004415	-0.003854	-0.002040	-0.002777
NC_050068.2	5148655	5191665	-0.264001	-0.187019	-0.089239	-0.157120
NC_050068.2	5148772	5191681	-0.234101	-0.185263	-0.088770	-0.138878
NC_050068.2	5148814	5191682	-0.272611	-0.286438	-0.115116	-0.159696
NC_050068.2	5148818	5191731	0.287255	0.112913	0.062052	0.127667
NC_050068.2	5148819	5191740	0.129187	0.059010	0.030517	0.063778
NC_050068.2	5148851	5191751	0.254113	0.123291	0.067293	0.117679
NC_050068.2	5148855	5191763	0.099260	0.048565	0.027238	0.043440
NC_050068.2	5148861	5191767	0.051521	0.033018	0.017545	0.023236
NC_050068.2	5148862	5191777	0.204094	0.133486	0.077427	0.118728
NC_050068.2	5191665	5204848	0.182969	0.098358	0.057239	0.104293
NC_050068.2	5191681	5294281	0.186625	0.151012	0.086074	0.105035
NC_050068.2	5191682	5294282	0.216409	0.171878	0.098238	0.120093
NC_050068.2	5191731	5294283	0.215867	0.210943	0.115815	0.118793
NC_050068.2	5191740	5294287	0.222015	0.425465	0.260145	0.121936
NC_050068.2	5191751	5294294	0.163047	0.346774	0.190446	0.090443
NC_050068.2	5191763	5294304	0.165521	0.348542	0.190954	0.093740
NC_050068.2	5191767	5294320	0.218477	0.514209	0.325399	0.122980
NC_050068.2	5191777	5294325	0.266399	0.574266	0.384910	0.149455
NC_050068.2	5204848	5294329	0.138377	0.435953	0.249408	0.072139
NC_050068.2	5294281	5294338	0.155957	0.829507	0.403759	0.081159
NC_050068.2	5294282	5294339	0.158092	0.827837	0.591988	0.082204
NC_050068.2	5294283	5294341	0.153948	0.829828	0.588300	0.080175
NC_050068.2	5294287	5294352	0.149795	0.496761	0.396503	0.078136
NC_050068.2	5294294	5294378	0.101759	0.372941	0.260491	0.052778
NC_050068.2	5294304	5294385	0.182341	0.398166	0.343210	0.096886
NC_050068.2	5294320	5294395	0.188340	0.398859	0.334262	0.099837
NC_050068.2	5294325	5294509	0.186019	0.393702	0.272501	0.098148
NC_050068.2	5294329	5294545	0.189997	0.274666	0.210717	0.100091
NC_050068.2	5294338	5294550	0.195968	0.280462	0.215745	0.102996
NC_050068.2	5294339	5485879	0.193357	0.148474	0.114964	0.112967
NC_050068.2	5294341	5486045	0.138145	0.100308	0.075907	0.083201
NC_050068.2	5294352	5486110	0.302537	0.190567	0.152675	0.200214
NC_050068.2	5294378	5986674	0.312460	0.127077	0.064883	0.137998
NC_050068.2	5294385	6389590	0.369504	0.135366	0.058821	0.161315
NC_050068.2	5294395	6825212	0.344852	0.079342	0.042448	0.147308
NC_050068.2	5294509	6825502	-0.102588	-0.029217	-0.014484	-0.053405
NC_050068.2	5294545	6825531	-0.091317	-0.022598	-0.011889	-0.048558
NC_050068.2	5294550	7087219	-0.115381	-0.023040	-0.012285	-0.061631
NC_050068.2	5485879	7087253	-0.145972	-0.024625	-0.012504	-0.078334
NC_050068.2	5486045	7170469	-0.201302	-0.029492	-0.014411	-0.086059
NC_050068.2	5486110	7173066	-0.415790	-0.076926	-0.036720	-0.217839
NC_050068.2	5986674	7173314	-0.800582	-0.127489	-0.056252	-0.378951
NC_050068.2	6389590	7380170	-0.762496	-0.087594	-0.048434	-0.671225
NC_050068.2	6825212	7380450	-0.807149	-0.106995	-0.063919	-0.775194
NC_050068.2	6825502	7380454	-0.841802	-0.164628	-0.088798	-0.830535
NC_050068.2	6825531	7888450	-0.162540	-0.026903	-0.014159	-0.341190
NC_050068.2	7087219	7888765	-0.144103	-0.024135	-0.012013	-0.325791
NC_050068.2	7087253	8031650	-0.144051	-0.023789	-0.011599	-0.325747
NC_050068.2	7170469	9169817	-0.124839	-0.019151	-0.010002	-0.309553
NC_050068.2	7173066	9170128	-0.128767	-0.018512	-0.010066	-0.332490
NC_050068.2	7173314	9194663	-0.177272	-0.028293	-0.015158	-0.361057
NC_050068.2	7380170	9269335	-0.165258	-0.024977	-0.014059	-0.352432
NC_050068.2	7380450	9269515	-0.165258	-0.032648	-0.017885	-0.356867
NC_050068.2	7380454	9515054	-0.132461	-0.027024	-0.013921	-0.248765
NC_050068.2	7888450	9515301	0.029820	0.004841	0.002617	0.029820
NC_050068.2	7888765	9584546	-0.626435	-0.093616	-0.054682	-0.626435
NC_050068.2	8031650	9771017	-0.746147	-0.092698	-0.062366	-0.746147
NC_050068.2	9169817	9771027	-0.758686	-0.111873	-0.079765	-0.758686
NC_050068.2	9170128	9771084	-0.814555	-0.137316	-0.101117	-0.814555
NC_050068.2	9194663	9771283	-0.869172	-0.156419	-0.112236	-0.869172
NC_050068.2	9269335	9824215	-0.653741	-0.045326	-0.037716	-0.653741
NC_050068.2	9269515	9824510	0.333377	0.057850	0.044308	0.333377
NC_050068.2	9515054	9945964	0.506790	0.128840	0.096778	0.506790
NC_050068.2	9515301	9946137	0.795364	0.157533	0.135860	0.795364
NC_050068.2	9584546	9946215	0.799971	0.161769	0.139552	0.799971
NC_050068.2	9771017	10293216	1.000000	0.180894	0.151902	0.774441
NC_050068.2	9771027	10293241	0.619684	0.180812	0.138381	0.500717
NC_050068.2	9771084	11044270	0.225671	0.058001	0.044135	0.191254
NC_050068.2	9771283	11044604	0.246088	0.064927	0.046900	0.209399
NC_050068.2	9824215	11044682	0.244224	0.068574	0.043952	0.207737
NC_050068.2	9824510	11472083	0.237160	0.052116	0.029074	0.201691
NC_050068.2	9945964	11934930	-0.114272	-0.017224	-0.009991	-0.090918
NC_050068.2	9946137	11935009	-0.556677	-0.061830	-0.035428	-0.344616
NC_050068.2	9946215	13750767	-0.523546	-0.053581	-0.028933	-0.326756
NC_050068.2	10293216	13918984	-0.562946	-0.045499	-0.023286	-0.347963
NC_050068.2	10293241	14071750	-0.104796	-0.011946	-0.006196	-0.088657
NC_050068.2	11044270	14071794	0.168059	0.015338	0.008226	0.138066
NC_050068.2	11044604	14076436	0.982265	0.060457	0.031780	0.720184
NC_050068.2	11044682	14437491	0.982149	0.056867	0.029669	0.718846
NC_050068.2	11472083	14437506	0.982258	0.055859	0.030918	0.720107
NC_050068.2	11934930	14437735	0.870352	0.063560	0.038264	0.647827
NC_050068.2	11935009	14714131	0.872947	0.060857	0.035707	0.653102
NC_050068.2	13750767	15126708	0.872318	0.058474	0.034272	0.872318
NC_050068.2	13918984	15410462	-0.033388	-0.004130	-0.002540	-0.033388
NC_050068.2	14071750	15416521	0.209932	0.038041	0.026101	0.208983
NC_050068.2	14071794	15555471	-0.059996	-0.007344	-0.004952	-0.059633
NC_050068.2	14076436	15600421	-0.109214	-0.013495	-0.008936	-0.108522
NC_050068.2	14437491	15833418	0.264934	0.040342	0.024668	0.263820
NC_050068.2	14437506	15833449	0.264335	0.044543	0.028043	0.263223
NC_050068.2	14437735	15961187	0.262208	0.045880	0.028449	0.261102
NC_050068.2	14714131	16188125	0.301911	0.046318	0.030034	0.300615
NC_050068.2	15126708	16188205	0.300308	0.048778	0.032665	0.299017
NC_050068.2	15410462	16544991	0.294793	0.046427	0.030775	0.293527
NC_050068.2	15416521	16545058	0.990020	0.102853	0.070782	0.983597
NC_050068.2	15555471	16636807	0.199253	0.024792	0.016833	0.199253
NC_050068.2	15600421	16709846	0.198697	0.024772	0.017121	0.162379
NC_050068.2	15833418	17022347	0.200678	0.024834	0.016868	0.159217
NC_050068.2	15833449	19644735	-0.552475	-0.045123	-0.025383	-0.366905
NC_050068.2	15961187	19649986	-0.727667	-0.052077	-0.031527	-0.493218
NC_050068.2	16188125	19901044	-0.713459	-0.048254	-0.027888	-0.484872
NC_050068.2	16188205	20543082	-0.018556	-0.002242	-0.001152	-0.014494
NC_050068.2	16544991	21201731	0.325662	0.059326	0.029344	0.274696
NC_050068.2	16545058	21201994	0.333246	0.060778	0.031049	0.281161
NC_050068.2	16636807	21406009	0.339149	0.066057	0.032807	0.286538
NC_050068.2	16709846	21466264	0.856141	0.114694	0.060180	0.683201
NC_050068.2	17022347	21466268	0.853126	0.121790	0.064088	0.822493
NC_050068.2	19644735	21853381	0.854979	0.108892	0.059318	0.793761
NC_050068.2	19649986	21909302	0.893212	0.162860	0.111065	0.845212
NC_050068.2	19901044	22173652	0.992539	0.181794	0.113092	0.936560
NC_050068.2	20543082	22173709	0.985075	0.195414	0.129270	0.929448
NC_050068.2	21201731	22173721	0.968280	0.156881	0.115124	0.892566
NC_050068.2	21201994	22173736	0.911352	0.077090	0.060063	0.773753
NC_050068.2	21406009	22173742	0.888723	0.091819	0.068070	0.754048
NC_050068.2	21466264	22890760	0.883537	0.085338	0.058700	0.744392
NC_050068.2	21466268	22890979	-0.129690	-0.031171	-0.018762	-0.119255
NC_050068.2	21853381	22890987	-0.127824	-0.030653	-0.018479	-0.117555
NC_050068.2	21909302	22891363	0.240719	0.085784	0.051230	0.240719
NC_050068.2	22173652	22891407	-0.046445	-0.012238	-0.007253	-0.046445
NC_050068.2	22173709	22891409	-0.040570	-0.014592	-0.009100	-0.040570
NC_050068.2	22173721	22891411	-0.032580	-0.011679	-0.007295	-0.032580
NC_050068.2	22173736	22891412	-0.023534	-0.008407	-0.005262	-0.023534
NC_050068.2	22173742	23002409	0.039321	0.012696	0.008405	0.036749
NC_050068.2	22890760	23002410	0.277620	0.106914	0.073173	0.263603
NC_050068.2	22890979	23265798	0.277620	0.086143	0.064439	0.263603
NC_050068.2	22890987	23714134	1.000000	0.160939	0.137018	0.925295
NC_050068.2	22891363	23928024	1.000000	0.124491	0.101338	0.925088
NC_050068.2	22891407	24197572	1.000000	0.071022	0.060267	0.858179
NC_050068.2	22891409	24549667	1.000000	0.095156	0.079874	0.904656
NC_050068.2	22891411	24775912	1.000000	0.077623	0.064488	0.904543
NC_050068.2	22891412	24996640	1.000000	0.073907	0.061958	0.905018
NC_050068.2	23002409	26519940	1.000000	0.060561	0.046954	0.905127
NC_050068.2	23002410	27857531	0.995316	0.046760	0.035595	0.428844
NC_050068.2	23265798	27857550	0.956411	0.022277	0.016851	0.256301
NC_050068.2	23714134	27857557	0.922115	0.024057	0.018044	0.246197
NC_050068.2	23928024	27857593	0.918086	0.025185	0.018052	0.236166
NC_050068.2	24197572	27857709	0.933219	0.036499	0.026339	0.278239
NC_050068.2	24549667	27857710	0.905125	0.035873	0.026045	0.272096
NC_050068.2	24775912	27857714	0.702939	0.009984	0.007189	0.084850
NC_050068.2	24996640	27857723	0.705782	0.013513	0.009529	0.052006
NC_050068.2	26519940	27857726	-0.631326	-0.057313	-0.036966	-0.161740
NC_050068.2	27857531	27857727	-0.632359	-0.080494	-0.056772	-0.161929
NC_050068.2	27857550	27857732	-0.634864	-0.202084	-0.134692	-0.270390
NC_050068.2	27857557	27857749	-0.634864	-0.202084	-0.134692	-0.270390
NC_050068.2	27857593	27857759	-0.632359	-0.201111	-0.132977	-0.161929
NC_050068.2	27857709	28094768	-0.672389	-0.250332	-0.170935	-0.170440
NC_050068.2	27857710	28095013	0.072993	0.054079	0.035758	0.027728
NC_050068.2	27857714	28299099	0.081987	0.032830	0.022134	0.031107
NC_050068.2	27857723	29018491	0.090608	0.016130	0.012825	0.034579
NC_050068.2	27857726	29274737	0.139706	0.023191	0.018885	0.076737
NC_050068.2	27857727	29275006	0.956667	0.111640	0.092607	0.456858
NC_050068.2	27857732	29293236	0.957097	0.111618	0.092756	0.427275
NC_050068.2	27857749	29318785	0.971094	0.107522	0.089710	0.438086
NC_050068.2	27857759	29319042	0.984579	0.097912	0.083345	0.448780
NC_050068.2	28094768	29325968	0.988553	0.089890	0.071109	0.861510
NC_050068.2	28095013	29479465	0.535898	0.063702	0.047142	0.225750
NC_050068.2	28299099	29481146	-0.371883	-0.038102	-0.026454	-0.451476
NC_050068.2	29018491	29745907	-0.324119	-0.033762	-0.024412	-0.414051
NC_050068.2	29274737	30103730	-0.332666	-0.043787	-0.029887	-0.387157
NC_050068.2	29275006	30647095	0.032965	0.005370	0.003751	-0.103382
NC_050068.2	29293236	30958921	-0.068575	-0.008914	-0.006663	-0.187522
NC_050068.2	29318785	31952011	-0.067267	-0.008709	-0.006518	-0.199971
NC_050068.2	29319042	32715264	-0.071659	-0.009229	-0.006696	-0.203815
NC_050068.2	29325968	32715375	-0.076259	-0.010242	-0.007338	-0.207833
NC_050068.2	29479465	32922645	0.214198	0.041375	0.031662	0.061838
NC_050068.2	29481146	33191289	0.413054	0.057367	0.047407	0.382370
NC_050068.2	29745907	33226086	1.000000	0.108418	0.097743	0.898897
NC_050068.2	30103730	33249602	1.000000	0.109081	0.098197	0.832864
NC_050068.2	30647095	33586276	1.000000	0.112052	0.100316	0.920073
NC_050068.2	30958921	33586278	0.116470	0.016291	0.013698	0.107428
NC_050068.2	31952011	34473391	0.092476	0.015577	0.012732	0.085118
NC_050068.2	32715264	37732591	0.092921	0.014046	0.011701	0.085531
NC_050068.2	32715375	37899171	0.030619	0.004799	0.004215	0.028258
NC_050068.2	32922645	38233434	0.257426	0.037176	0.033866	0.241941
NC_050068.2	33191289	38641657	-0.120786	-0.011557	-0.009662	-0.110146
NC_050068.2	33226086	38641872	-0.199799	-0.024161	-0.019239	-0.183460
NC_050068.2	33249602	38641920	-0.215567	-0.027498	-0.021618	-0.197847
NC_050068.2	33586276	38641924	-0.251473	-0.036309	-0.027605	-0.251473
NC_050068.2	33586278	38641985	-0.442995	-0.089007	-0.065099	-0.442995
NC_050068.2	34473391	39221395	0.266332	0.045222	0.036082	0.266332
NC_050068.2	37732591	39221598	0.435984	0.087029	0.070941	0.435984
NC_050068.2	37899171	39221614	0.437354	0.096293	0.077064	0.414708
NC_050068.2	38233434	39221618	0.487314	0.105665	0.082253	0.438267
NC_050068.2	38641657	39221703	0.494387	0.167341	0.104405	0.442046
NC_050068.2	38641872	40512244	0.492540	0.156669	0.089224	0.302273
NC_050068.2	38641920	40512322	0.672726	0.209233	0.138279	0.446110
NC_050068.2	38641924	40984959	0.684615	0.188411	0.124972	0.447537
NC_050068.2	38641985	40984965	0.729576	0.221662	0.149106	0.499531
NC_050068.2	39221395	41252069	0.995336	0.236291	0.165388	0.652781
NC_050068.2	39221598	41457168	0.994137	0.199095	0.136536	0.598999
NC_050068.2	39221614	41815367	0.998329	0.148873	0.099979	0.513991
NC_050068.2	39221618	41815370	0.955168	0.150808	0.099416	0.511810
NC_050068.2	39221703	41846744	0.954566	0.151823	0.101853	0.527981
NC_050068.2	40512244	41846777	0.937332	0.108823	0.077967	0.447603
NC_050068.2	40512322	41846810	0.939001	0.114274	0.098012	0.775533
NC_050068.2	40984959	41847078	0.879603	0.063262	0.053004	0.625207
NC_050068.2	40984965	42127570	0.861622	0.059365	0.049180	0.278819
NC_050068.2	41252069	42127835	0.898797	0.082584	0.068706	0.353691
NC_050068.2	41457168	43339737	0.771663	0.056775	0.044621	0.308601
NC_050068.2	41815367	43339786	-0.008816	-0.001216	-0.000874	0.000157
NC_050068.2	41815370	43339822	-0.039491	-0.006319	-0.004534	-0.011528
NC_050068.2	41846744	43563439	-0.085805	-0.011880	-0.008925	-0.030348
NC_050068.2	41846777	44250136	0.109173	0.018175	0.013110	0.051614
NC_050068.2	41846810	44250138	0.242589	0.050087	0.035587	0.118933
NC_050068.2	41847078	44250147	0.339456	0.082984	0.058409	0.177329
NC_050068.2	42127570	44250156	0.415765	0.121759	0.084216	0.228465
NC_050068.2	42127835	44250157	0.477893	0.164260	0.117819	0.346032
NC_050068.2	43339737	44250160	0.416297	0.132806	0.094255	0.291929
NC_050068.2	43339786	44250161	0.503943	0.348034	0.243878	0.363128
NC_050068.2	43339822	44586420	0.907710	0.413604	0.361318	0.609159
NC_050068.2	43563439	44586423	0.862469	0.373463	0.326292	0.862469
NC_050068.2	44250136	45229723	0.959692	0.577448	0.455269	0.959692
NC_050068.2	44250138	45472860	0.963775	0.621533	0.426523	0.963775
NC_050068.2	44250147	45981721	0.959947	0.429807	0.296156	0.959947
NC_050068.2	44250156	45981765	0.955214	0.364946	0.255102	0.955214
NC_050068.2	44250157	45982035	0.949213	0.305489	0.216457	0.949213
NC_050068.2	44250160	46337893	0.954588	0.297153	0.219182	0.954588
NC_050068.2	44250161	46626892	0.948787	0.218585	0.157314	0.948787
NC_050068.2	44586420	46626945	0.955203	0.243545	0.169020	0.955203
NC_050068.2	44586423	46983304	0.916009	0.217287	0.144920	0.916009
NC_050068.2	45229723	47733402	0.959265	0.219768	0.143958	0.959265
NC_050068.2	45472860	47733442	0.948698	0.178657	0.119727	0.948698
NC_050068.2	45981721	48083070	0.925451	0.125667	0.092513	0.925451
NC_050068.2	45981765	48536850	0.945589	0.200777	0.142496	0.945589
NC_050068.2	45982035	48537075	0.957161	0.260843	0.178258	0.957161
NC_050068.2	46337893	48537121	0.964674	0.318277	0.217621	0.964674
NC_050068.2	46626892	48697891	0.956191	0.278447	0.184859	0.956191
NC_050068.2	46626945	48697898	0.615896	0.280120	0.175347	0.615896
NC_050068.2	46983304	49739983	0.520756	0.177287	0.117489	0.520756
NC_050068.2	47733402	49740199	0.573593	0.240570	0.157938	0.573593
NC_050068.2	47733442	49771066	0.665574	0.354815	0.246260	0.665574
NC_050068.2	48083070	51491125	0.671255	0.194398	0.142983	0.631160
NC_050068.2	48536850	52166218	0.674875	0.175610	0.133085	0.634982
NC_050068.2	48537075	52166287	0.611721	0.132353	0.104833	0.569027
NC_050068.2	48537121	52166399	0.518116	0.089697	0.073348	0.473980
NC_050068.2	48697891	52166404	0.349667	0.045207	0.036914	0.310630
NC_050068.2	48697898	52166412	0.360106	0.047435	0.038716	0.320478
NC_050068.2	49739983	52166430	1.000000	0.085973	0.073187	0.846875
NC_050068.2	49740199	52493090	0.209583	0.027434	0.022306	0.187415
NC_050068.2	49771066	52493102	0.163287	0.021264	0.016999	0.145117
NC_050068.2	51491125	52611616	-0.458777	-0.032901	-0.025138	-0.209516
NC_050068.2	52166218	52611617	-0.560543	-0.066710	-0.048865	-0.274129
NC_050068.2	52166287	52611775	-0.560035	-0.075598	-0.053461	-0.273926
NC_050068.2	52166399	52611872	-0.559526	-0.075249	-0.053277	-0.273723
NC_050068.2	52166404	52650138	-0.802847	-0.205921	-0.130937	-0.499323
NC_050068.2	52166412	52729949	-0.811068	-0.203335	-0.122864	-0.504476
NC_050068.2	52166430	53611875	-0.850089	-0.192829	-0.115905	-0.498987
NC_050068.2	52493090	53611876	-0.841710	-0.195484	-0.116607	-0.471936
NC_050068.2	52493102	53733769	-0.634678	-0.082621	-0.055145	-0.266943
NC_050068.2	52611616	53733861	-0.791120	-0.166730	-0.113618	-0.444216
NC_050068.2	52611617	54013723	-0.745551	-0.180264	-0.121577	-0.643046
NC_050068.2	52611775	54105598	-0.713210	-0.137737	-0.099924	-0.616523
NC_050068.2	52611872	54413997	-0.756867	-0.129114	-0.096154	-0.650141
NC_050068.2	52650138	55485420	-0.638034	-0.098963	-0.073300	-0.481423
NC_050068.2	52729949	55485463	-0.437772	-0.045095	-0.034940	-0.286743
NC_050068.2	53611875	55485639	-0.271757	-0.033728	-0.027001	-0.159257
NC_050068.2	53611876	55485722	-0.158066	-0.023596	-0.018960	-0.090221
NC_050068.2	53733769	55897074	-0.124362	-0.019961	-0.015594	-0.076538
NC_050068.2	53733861	56137121	-0.313821	-0.062454	-0.042633	-0.296131
NC_050068.2	54013723	56450780	0.072495	0.007534	0.004844	-0.104585
NC_050068.2	54105598	56725908	0.050115	0.005086	0.003254	-0.117322
NC_050068.2	54413997	56960553	0.073064	0.007830	0.004768	-0.104257
NC_050068.2	55485420	57332189	0.178982	0.021693	0.013201	-0.040278
NC_050068.2	55485463	57490840	0.102553	0.011511	0.007142	-0.079877
NC_050068.2	55485639	58829804	0.496689	0.054299	0.034420	0.133928
NC_050068.2	55485722	58964924	0.463779	0.043625	0.027976	0.108467
NC_050068.2	55897074	58965169	0.421409	0.034177	0.022195	0.072125
NC_050068.2	56137121	59363462	0.402097	0.029248	0.019688	0.055470
NC_050068.2	56450780	59778086	1.000000	0.047189	0.034867	0.557614
NC_050068.2	56725908	59778302	1.000000	0.053545	0.043959	0.556708
NC_050068.2	56960553	59778386	1.000000	0.053477	0.045813	0.555797
NC_050068.2	57332189	60132557	0.999489	0.054783	0.048202	0.274651
NC_050068.2	57490840	60132630	0.999352	0.045952	0.036561	0.229972
NC_050068.2	58829804	60261922	0.089685	0.008567	0.006366	0.039435
NC_050068.2	58964924	60298496	-0.789469	-0.052607	-0.042224	-0.137447
NC_050068.2	58965169	60298747	-0.800263	-0.057554	-0.045425	-0.099723
NC_050068.2	59363462	60349169	-0.758834	-0.055964	-0.038453	-0.096505
NC_050068.2	59778086	60349186	-0.758858	-0.060428	-0.040509	-0.096507
NC_050068.2	59778302	60349194	-0.718746	-0.080114	-0.048001	-0.093262
NC_050068.2	59778386	60631703	-0.009491	-0.001539	-0.000914	-0.001931
NC_050068.2	60132557	60631899	-0.009341	-0.001511	-0.000898	-0.001900
NC_050068.2	60132630	60885018	-0.002359	-0.000348	-0.000204	-0.000675
NC_050068.2	60261922	61055686	0.029262	0.003928	0.002476	0.008049
NC_050068.2	60298496	61697208	0.989165	0.062086	0.041150	0.164885
NC_050068.2	60298747	61947039	0.989171	0.061778	0.038885	0.266882
NC_050068.2	60349169	62720046	0.995331	0.131708	0.074632	0.843766
NC_050068.2	60349186	63013239	0.984385	0.117687	0.075405	0.833164
NC_050068.2	60349194	63347752	0.984262	0.091485	0.060510	0.832047
NC_050068.2	60631703	63391281	0.984096	0.090971	0.058308	0.830553
NC_050068.2	60631899	63391632	0.983724	0.066820	0.043216	0.685145
NC_050068.2	60885018	63574164	0.983734	0.063968	0.040407	0.685283
NC_050068.2	61055686	64430676	0.983793	0.047719	0.033138	0.686076
NC_050068.2	61697208	64430678	0.983304	0.048955	0.035242	0.841198
NC_050068.2	61947039	64673223	0.983656	0.040222	0.030472	0.754490
NC_050068.2	62720046	65122568	0.983643	0.041811	0.032033	0.754348
NC_050068.2	63013239	65681223	0.983643	0.040588	0.034136	0.754348
NC_050068.2	63347752	66463922	0.466071	0.026645	0.021240	0.133483
NC_050068.2	63391281	66572921	0.465942	0.031176	0.025132	0.133343
NC_050068.2	63391632	66909365	0.466130	0.030743	0.023907	0.134803
NC_050068.2	63574164	67547334	0.456726	0.029211	0.021391	0.135919
NC_050068.2	64430676	68265511	0.465644	0.031473	0.023608	0.127277
NC_050068.2	64430678	68265513	0.462215	0.044361	0.031369	0.072076
NC_050068.2	64673223	69154265	0.671405	0.080524	0.059055	0.248463
NC_050068.2	65122568	70953210	0.675405	0.088368	0.058660	0.260945
NC_050068.2	65681223	71142903	0.678338	0.086277	0.058469	0.264347
NC_050068.2	66463922	71142948	0.485117	0.040632	0.027064	0.090427
NC_050068.2	66572921	71313998	1.000000	0.064309	0.041627	0.372359
NC_050068.2	66909365	71819261	1.000000	0.057903	0.035221	0.372359
NC_050068.2	67547334	72251269	0.512536	0.037550	0.022355	0.106136
NC_050068.2	68265511	72251271	0.499078	0.038627	0.023477	0.100422
NC_050068.2	68265513	72505972	0.103044	0.009943	0.005942	-0.040833
NC_050068.2	69154265	72796405	0.097470	0.009255	0.005424	-0.074768
NC_050068.2	70953210	73230240	-0.692635	-0.043868	-0.022343	-0.768258
NC_050068.2	71142903	73230242	-0.768673	-0.062823	-0.030328	-0.817800
NC_050068.2	71142948	74073430	-0.799388	-0.061409	-0.027523	-0.840661
NC_050068.2	71313998	74326578	-0.818106	-0.054744	-0.025728	-0.854489
NC_050068.2	71819261	74880841	-0.814823	-0.051469	-0.023610	-0.852069
NC_050068.2	72251269	75007678	-0.888023	-0.098481	-0.042728	-0.920268
NC_050068.2	72251271	75007906	-0.893616	-0.114255	-0.051779	-0.925253
NC_050068.2	72505972	75401592	-0.878858	-0.101562	-0.049396	-0.915987
NC_050068.2	72796405	75401593	-0.798350	-0.066166	-0.032486	-0.883729
NC_050068.2	73230240	75711489	-0.718029	-0.049672	-0.024538	-0.726390
NC_050068.2	73230242	75711822	-0.696661	-0.051030	-0.026208	-0.631892
NC_050068.2	74073430	76326187	0.024352	0.002958	0.001554	-0.254436
NC_050068.2	74326578	77545779	0.030172	0.003642	0.002127	-0.250317
NC_050068.2	74880841	77546056	-0.294427	-0.062156	-0.033078	-0.402700
NC_050068.2	75007678	79242560	-0.323822	-0.071533	-0.042301	-0.420541
NC_050068.2	75007906	79242586	-0.417624	-0.106815	-0.064181	-0.419266
NC_050068.2	75401592	81224973	-0.355559	-0.070381	-0.040316	-0.321862
NC_050068.2	75401593	81225160	-0.393565	-0.089477	-0.048955	-0.378504
NC_050068.2	75711489	81896011	-0.393604	-0.091597	-0.047642	-0.378533
NC_050068.2	75711822	81896030	-0.368385	-0.109417	-0.061520	-0.372089
NC_050068.2	76326187	81896038	-0.374656	-0.112938	-0.064919	-0.410779
NC_050068.2	77545779	81896081	-0.865279	-0.209298	-0.115932	-0.825988
NC_050068.2	77546056	82469771	-0.845552	-0.225594	-0.104172	-0.810034
NC_050068.2	79242560	82470005	-0.663856	-0.117808	-0.057081	-0.659003
NC_050068.2	79242586	82934742	-0.020765	-0.006300	-0.002829	-0.125963
NC_050068.2	81224973	83137341	0.596772	0.097211	0.050634	0.300994
NC_050068.2	81225160	83137423	0.777052	0.148044	0.083945	0.539118
NC_050068.2	81896011	83137614	0.999778	0.168839	0.097137	0.878231
NC_050068.2	81896030	83318277	0.999786	0.167437	0.106201	0.882425
NC_050068.2	81896038	83489393	1.000000	0.163916	0.097538	0.894865
NC_050068.2	81896081	83489462	1.000000	0.176614	0.101596	0.894206
NC_050068.2	82469771	83489587	1.000000	0.179713	0.105073	0.817183
NC_050068.2	82470005	84660654	1.000000	0.189387	0.132464	0.876084
NC_050068.2	82934742	84660941	1.000000	0.156397	0.110914	0.872222
NC_050068.2	83137341	86965440	0.164696	0.024612	0.015696	0.142816
NC_050068.2	83137423	88231894	0.152599	0.022046	0.012757	0.132071
NC_050068.2	83137614	88301042	-0.056242	-0.009932	-0.005590	-0.179660
NC_050068.2	83318277	88301128	-0.052699	-0.008593	-0.005010	-0.176629
NC_050068.2	83489393	88557954	-0.358133	-0.081303	-0.045643	-0.398344
NC_050068.2	83489462	88901729	-0.345432	-0.059673	-0.038602	-0.388140
NC_050068.2	83489587	89063287	-0.335445	-0.055736	-0.035834	-0.365168
NC_050068.2	84660654	89063525	-0.358802	-0.058592	-0.037670	-0.383062
NC_050068.2	84660941	90581117	-0.293640	-0.058849	-0.038393	-0.330279
NC_050068.2	86965440	90581133	-0.292123	-0.062189	-0.040623	-0.329038
NC_050068.2	88231894	91494696	-0.180244	-0.032782	-0.025027	-0.236751
NC_050068.2	88301042	91719996	-0.196814	-0.039899	-0.033426	-0.175749
NC_050068.2	88301128	91720222	-0.299135	-0.070805	-0.057277	-0.177344
NC_050068.2	88557954	91981912	-0.246605	-0.061882	-0.047216	-0.148648
NC_050068.2	88901729	92234488	-0.246605	-0.053649	-0.038537	-0.148648
NC_050068.2	89063287	92274156	-0.266545	-0.080089	-0.051681	-0.163756
NC_050068.2	89063525	92274244	-0.254539	-0.076486	-0.051499	-0.161540
NC_050068.2	90581117	92274421	-0.247925	-0.074364	-0.050186	-0.162375
NC_050068.2	90581133	92908438	-0.377724	-0.086416	-0.053430	-0.238814
NC_050068.2	91494696	92908439	-0.144472	-0.040759	-0.024968	-0.097406
NC_050068.2	91719996	93441894	-0.056099	-0.015651	-0.009522	-0.037878
NC_050068.2	91720222	93869492	-0.055067	-0.013525	-0.008402	-0.055067
NC_050068.2	91981912	94388104	0.277552	0.051327	0.031620	0.277552
NC_050068.2	92234488	94826109	0.237406	0.038983	0.025621	0.237406
NC_050068.2	92274156	95003013	1.000000	0.178271	0.130862	1.000000
NC_050068.2	92274244	95505269	1.000000	0.169056	0.119403	1.000000
NC_050068.2	92274421	96470332	1.000000	0.173888	0.120526	1.000000
NC_050068.2	92908438	96470341	1.000000	0.179217	0.124219	1.000000
NC_050068.2	92908439	96470370	1.000000	0.179686	0.137131	1.000000
NC_050068.2	93441894	97470112	1.000000	0.117541	0.082226	0.910717
NC_050068.2	93869492	97470333	1.000000	0.105617	0.073233	0.910727
NC_050068.2	94388104	97586289	1.000000	0.104536	0.070076	0.911101
NC_050068.2	94826109	97729628	1.000000	0.094138	0.069071	0.905744
NC_050068.2	95003013	98286278	0.986898	0.095447	0.066803	0.893894
NC_050068.2	95505269	98420696	0.961448	0.032102	0.022362	0.738774
NC_050068.2	96470332	98420717	0.962259	0.034557	0.024772	0.745501
NC_050068.2	96470341	98420874	0.952630	0.027740	0.020185	0.702891
NC_050068.2	96470370	98420897	0.844572	0.019301	0.013035	0.575903
NC_050068.2	97470112	99766189	0.739945	0.010922	0.006774	0.431539
NC_050068.2	97470333	99933718	0.688633	0.009326	0.005392	0.342986
NC_050068.2	97586289	99933781	0.688090	0.010134	0.005709	0.342510
NC_050068.2	97729628	100114691	0.685623	0.011594	0.006442	0.340358
NC_050068.2	98286278	100287869	0.696059	0.013205	0.007071	0.349599
NC_050068.2	98420696	100288143	0.827274	0.015340	0.008888	0.409340
NC_050068.2	98420717	102005025	0.976148	0.077859	0.048996	0.838305
NC_050068.2	98420874	102005093	0.975792	0.079860	0.049691	0.835424
NC_050068.2	98420897	102005108	0.987088	0.148733	0.093179	0.905372
NC_050068.2	99766189	102048688	0.999959	0.132159	0.090594	0.917237
NC_050068.2	99933718	102165214	0.999959	0.123989	0.091000	0.917562
NC_050068.2	99933781	102403018	1.000000	0.155597	0.128755	1.000000
NC_050068.2	100114691	102403080	1.000000	0.162709	0.134052	1.000000
NC_050068.2	100287869	102403082	1.000000	0.168334	0.142572	1.000000
NC_050068.2	100288143	102403084	1.000000	0.179124	0.150139	1.000000
NC_050068.2	102005025	102403088	1.000000	0.206273	0.168620	1.000000
NC_050068.2	102005093	102691903	1.000000	0.270962	0.228787	1.000000
NC_050068.2	102005108	102692112	1.000000	0.246515	0.212038	1.000000
NC_050068.2	102048688	103267938	1.000000	0.106287	0.091311	1.000000
NC_050068.2	102165214	103267941	1.000000	0.145564	0.118473	1.000000
NC_050068.2	102403018	103267942	1.000000	0.188337	0.145174	1.000000
NC_050068.2	102403080	103267943	1.000000	0.053561	0.038941	1.000000
NC_050068.2	102403082	103267944	1.000000	0.055555	0.046814	1.000000
NC_050068.2	102403084	103267946	1.000000	0.056608	0.047721	1.000000
NC_050068.2	102403088	103267952	1.000000	0.079702	0.069912	1.000000
NC_050068.2	102691903	103268151	1.000000	0.084082	0.076399	1.000000
NC_050068.2	102692112	103268211	0.734788	0.068796	0.067952	0.734788
NC_050068.2	103267938	103779896	0.905312	0.164062	0.160277	0.905312
NC_050068.2	103267941	103873941	0.904341	0.106479	0.096421	0.904341
NC_050068.2	103267942	103874124	0.905149	0.098808	0.090162	0.905149
NC_050068.2	103267943	104143097	0.114484	0.021353	0.018078	0.114438
NC_050068.2	103267944	104143144	0.128294	0.022543	0.019300	0.128243
NC_050068.2	103267946	104143207	0.128118	0.021318	0.018391	0.128067
NC_050068.2	103267952	105312064	0.120605	0.016989	0.012976	0.120557
NC_050068.2	103268151	105312079	0.052277	0.007378	0.005288	0.052255
NC_050068.2	103268211	105312368	-0.014676	-0.002097	-0.001468	-0.014670
NC_050068.2	103779896	105646999	0.052017	0.007200	0.004946	0.051994
NC_050068.2	103873941	105756528	-0.561220	-0.057442	-0.037171	-0.389782
NC_050068.2	103874124	105756601	-0.576393	-0.089259	-0.051482	-0.400118
NC_050068.2	104143097	105995309	-0.575413	-0.077590	-0.045651	-0.399513
NC_050068.2	104143144	105995362	0.779905	0.023755	0.015552	0.283820
NC_050068.2	104143207	105995533	0.754662	0.020523	0.013458	0.255960
NC_050068.2	105312064	106053269	0.759240	0.018845	0.011650	0.260729
NC_050068.2	105312079	106191415	0.772799	0.024553	0.013271	0.264049
NC_050068.2	105312368	106191671	0.865832	0.024470	0.013837	0.292371
NC_050068.2	105646999	106744451	0.796458	0.023535	0.012454	0.269896
NC_050068.2	105756528	106934281	0.952817	0.109622	0.060800	0.656096
NC_050068.2	105756601	106934305	0.973415	0.187907	0.105749	0.973415
NC_050068.2	105995309	108066354	0.980899	0.155834	0.091762	0.980899
NC_050068.2	105995362	108066416	0.980859	0.157338	0.090421	0.980859
NC_050068.2	105995533	109626488	0.980816	0.132846	0.075646	0.980816
NC_050068.2	106053269	109773998	0.970774	0.141022	0.077530	0.970774
NC_050068.2	106191415	109898277	0.970714	0.145291	0.084304	0.970714
NC_050068.2	106191671	109898285	0.986817	0.203411	0.140360	0.986817
NC_050068.2	106744451	110429863	0.968567	0.185615	0.134287	0.968567
NC_050068.2	106934281	110457985	0.974945	0.176684	0.123721	0.974945
NC_050068.2	106934305	110458184	0.963193	0.127213	0.089920	0.963193
NC_050068.2	108066354	110939553	0.343733	0.036469	0.024695	0.030699
NC_050068.2	108066416	111250215	0.367505	0.043772	0.027860	0.053952
NC_050068.2	109626488	111262022	0.366114	0.049988	0.031769	0.052451
NC_050068.2	109773998	111262036	0.343548	0.065829	0.041860	0.034765
NC_050068.2	109898277	111262057	0.294240	0.061831	0.039360	0.018468
NC_050068.2	109898285	111262086	0.248367	0.064959	0.038222	-0.006120
NC_050068.2	110429863	111369047	-0.565484	-0.050791	-0.030691	-0.510618
NC_050068.2	110457985	111369088	-0.390036	-0.043053	-0.025463	-0.427950
NC_050068.2	110458184	111369123	-0.401404	-0.048451	-0.032079	-0.433561
NC_050068.2	110939553	111544185	-0.660855	-0.128699	-0.080454	-0.583608
NC_050068.2	111250215	112071737	-0.504983	-0.063445	-0.042596	-0.339707
NC_050068.2	111262022	112071897	-0.588343	-0.079292	-0.059613	-0.428925
NC_050068.2	111262036	112515802	-0.610721	-0.057742	-0.043991	-0.448541
NC_050068.2	111262057	113263392	-0.625210	-0.044556	-0.031898	-0.535988
NC_050068.2	111262086	113487401	-0.845143	-0.098190	-0.068613	-0.845143
NC_050068.2	111369047	114020510	-0.830899	-0.072679	-0.050054	-0.830899
NC_050068.2	111369088	114020566	-0.849587	-0.084866	-0.057447	-0.849587
NC_050068.2	111369123	114020797	-0.899437	-0.087697	-0.056544	-0.830187
NC_050068.2	111544185	114046272	-0.895212	-0.083672	-0.054796	-0.826430
NC_050068.2	112071737	114448842	-0.795140	-0.046928	-0.030684	-0.705666
NC_050068.2	112071897	116335865	-0.746878	-0.044917	-0.028084	-0.664846
NC_050068.2	112515802	116335867	-0.701143	-0.043027	-0.026966	-0.625934
NC_050068.2	113263392	116335976	-0.696118	-0.051875	-0.029914	-0.620330
NC_050068.2	113487401	117562689	-0.683159	-0.057024	-0.033243	-0.605967
NC_050068.2	114020510	117562713	0.809965	0.016706	0.010195	0.536823
NC_050068.2	114020566	118664980	0.873235	0.032651	0.021027	0.533065
NC_050068.2	114020797	118787996	0.954635	0.100222	0.065655	0.777158
NC_050068.2	114046272	118816710	0.952960	0.089287	0.064577	0.857721
NC_050068.2	114448842	118817382	0.955616	0.101022	0.071782	0.864994
NC_050068.2	116335865	118817383	0.957424	0.125880	0.093098	0.869990
NC_050068.2	116335867	118953123	0.956962	0.111413	0.083900	0.868709
NC_050068.2	116335976	119334432	0.312498	0.057207	0.040352	0.291934
NC_050068.2	117562689	119460021	0.332143	0.055801	0.043124	0.310410
NC_050068.2	117562713	119633131	0.372203	0.061662	0.047437	0.348752
NC_050068.2	118664980	120710302	0.359390	0.056484	0.041114	0.336314
NC_050068.2	118787996	120747053	0.353738	0.058244	0.037305	0.353738
NC_050068.2	118816710	120747231	-0.480700	-0.085072	-0.048292	-0.480700
NC_050068.2	118817382	120747232	-0.476905	-0.095761	-0.051431	-0.476905
NC_050068.2	118817383	121025026	-0.501326	-0.079891	-0.047123	-0.501326
NC_050068.2	118953123	121025076	-0.521574	-0.067401	-0.042890	-0.521574
NC_050068.2	119334432	121942908	-0.633698	-0.101976	-0.062223	-0.693552
NC_050068.2	119460021	121943220	-0.601981	-0.083406	-0.052414	-0.720582
NC_050068.2	119633131	122282038	-0.619255	-0.071006	-0.044761	-0.733565
NC_050068.2	120710302	125222631	-0.581514	-0.061033	-0.039069	-0.705091
NC_050068.2	120747053	125222693	-0.606522	-0.065108	-0.042535	-0.724003
NC_050068.2	120747231	125761020	-0.654416	-0.074563	-0.049304	-0.759736
NC_050068.2	120747232	125761253	-0.438785	-0.027638	-0.019795	-0.672161
NC_050068.2	121025026	125964228	-0.650987	-0.051748	-0.035324	-0.759710
NC_050068.2	121025076	128240174	-0.543392	-0.039559	-0.025742	-0.670027
NC_050068.2	121942908	128792572	-0.707351	-0.077924	-0.046823	-0.770532
NC_050068.2	121943220	129103221	-0.747879	-0.095851	-0.059362	-0.774611
NC_050068.2	122282038	129552076	-0.702287	-0.080314	-0.050200	-0.641190
NC_050068.2	125222631	129552079	-0.692845	-0.089273	-0.055508	-0.582460
NC_050068.2	125222693	129552162	-0.755473	-0.110504	-0.067510	-0.583471
NC_050068.2	125761020	130624656	-0.752620	-0.096359	-0.057696	-0.581483
NC_050068.2	125761253	130786312	-0.371921	-0.058620	-0.036249	-0.302281
NC_050068.2	125964228	130979227	-0.384542	-0.058451	-0.035759	-0.313719
NC_050068.2	128240174	130979459	-0.242748	-0.036720	-0.022979	-0.191213
NC_050068.2	128792572	130979473	-0.458979	-0.136164	-0.080846	-0.371958
NC_050068.2	129103221	130979477	-0.273345	-0.058923	-0.039804	-0.209735
NC_050068.2	129552076	131724085	0.053411	0.008543	0.005935	0.037197
NC_050068.2	129552079	131724130	0.046420	0.007560	0.005211	0.026777
NC_050068.2	129552162	132541814	0.282092	0.061396	0.041192	0.195616
NC_050068.2	130624656	132927336	0.278731	0.056069	0.037526	0.209033
NC_050068.2	130786312	132927404	0.277569	0.070182	0.051282	0.208078
NC_050068.2	130979227	132927625	-0.082703	-0.014050	-0.010247	-0.055116
NC_050068.2	130979459	133878321	-0.031117	-0.005192	-0.004369	-0.020412
NC_050068.2	130979473	134368391	-0.020447	-0.003470	-0.002732	-0.011292
NC_050068.2	130979477	134629365	0.999847	0.062222	0.052576	0.378630
NC_050068.2	131724085	135021473	0.999650	0.059772	0.046548	0.337184
NC_050068.2	131724130	135545073	0.999804	0.102536	0.076854	0.476173
NC_050068.2	132541814	136305193	0.999890	0.100653	0.073749	0.660805
NC_050068.2	132927336	136305267	0.999843	0.072819	0.052119	0.577533
NC_050068.2	132927404	136507290	0.999843	0.072633	0.047876	0.577531
NC_050068.2	132927625	136507363	0.081677	0.011516	0.007144	0.058394
NC_050068.2	133878321	136542916	0.076595	0.010726	0.006438	0.054674
NC_050068.2	134368391	136543193	0.108232	0.019065	0.010164	0.078023
NC_050068.2	134629365	136905219	-0.120044	-0.023497	-0.012320	-0.235942
NC_050068.2	135021473	136946789	-0.118781	-0.029340	-0.014171	-0.234873
NC_050068.2	135545073	136947064	-0.133520	-0.034804	-0.017614	-0.271936
NC_050068.2	136305193	137137963	-0.487517	-0.100958	-0.050041	-0.589846
NC_050068.2	136305267	137138098	-0.031324	-0.009314	-0.004626	-0.174172
NC_050068.2	136507290	137771868	-0.128300	-0.035673	-0.018309	-0.267011
NC_050068.2	136507363	137772063	-0.124610	-0.038819	-0.022020	-0.263525
NC_050068.2	136542916	137772133	0.403634	0.072929	0.044109	0.081229
NC_050068.2	136543193	138067860	0.398670	0.079897	0.049032	0.075350
NC_050068.2	136905219	138067883	0.372317	0.066973	0.044802	0.044508
NC_050068.2	136946789	138232794	1.000000	0.151728	0.106680	1.000000
NC_050068.2	136947064	138282951	1.000000	0.156108	0.109256	1.000000
NC_050068.2	137137963	138283001	1.000000	0.180057	0.120124	1.000000
NC_050068.2	137138098	138283031	1.000000	0.168550	0.111116	1.000000
NC_050068.2	137771868	138938216	-0.684670	-0.055263	-0.029670	-0.828842
NC_050068.2	137772063	139424592	-0.694121	-0.034797	-0.022701	-0.832957
NC_050068.2	137772133	139678176	-0.720247	-0.036748	-0.023699	-0.848287
NC_050068.2	138067860	139693034	-0.764944	-0.039260	-0.022910	-0.874024
NC_050068.2	138067883	139750434	-0.769513	-0.038955	-0.022256	-0.876622
NC_050068.2	138232794	139750456	-0.771955	-0.039317	-0.022391	-0.760084
NC_050068.2	138282951	140121671	-0.539478	-0.026611	-0.015863	-0.645041
NC_050068.2	138283001	140514927	-0.534753	-0.024962	-0.014847	-0.642522
NC_050068.2	138283031	140515104	-0.475558	-0.021556	-0.013176	-0.610288
NC_050068.2	138938216	140515137	-0.445264	-0.020606	-0.013129	-0.593296
NC_050068.2	139424592	140851740	0.928192	0.015620	0.010485	0.571020
NC_050068.2	139678176	141313063	1.000000	0.018810	0.011488	0.618837
NC_050068.2	139693034	143768945	1.000000	0.073828	0.047067	0.884429
NC_050068.2	139750434	144196555	0.183911	0.022402	0.015126	0.170689
NC_050068.2	139750456	145555798	0.189409	0.019224	0.013988	0.181112
NC_050068.2	140121671	145555819	-0.041222	-0.005372	-0.003793	-0.189109
NC_050068.2	140514927	145729150	-0.064857	-0.008915	-0.006242	-0.211590
NC_050068.2	140515104	145729425	-0.072120	-0.010252	-0.007255	-0.218465
NC_050068.2	140515137	145996448	-0.090746	-0.013614	-0.009046	-0.234379
NC_050068.2	140851740	145996736	-0.102858	-0.016230	-0.010552	-0.149308
NC_050068.2	141313063	146199593	-0.361750	-0.091930	-0.061493	-0.291568
NC_050068.2	143768945	146199706	-0.363340	-0.110548	-0.075632	-0.292435
NC_050068.2	144196555	146199891	-0.938249	-0.255564	-0.168926	-0.558126
NC_050068.2	145555798	146207325	-0.885018	-0.146688	-0.098646	-0.456345
NC_050068.2	145555819	147130490	-0.928018	-0.301079	-0.167109	-0.575163
NC_050068.2	145729150	147386280	-0.942521	-0.256135	-0.127203	-0.575163
NC_050068.2	145729425	147421051	-0.953522	-0.257003	-0.135166	-0.579636
NC_050068.2	145996448	147421120	-0.394244	-0.148000	-0.078058	-0.315147
NC_050068.2	145996736	147459746	-0.384818	-0.123375	-0.070391	-0.309587
NC_050068.2	146199593	147717262	-0.379398	-0.088809	-0.055405	-0.457614
NC_050068.2	146199706	147753330	-0.160963	-0.027028	-0.017753	-0.296991
NC_050068.2	146199891	148570425	-0.114374	-0.020041	-0.013017	-0.228657
NC_050068.2	146207325	148570466	-0.071380	-0.013212	-0.008535	-0.175738
NC_050068.2	147130490	148854107	-0.068196	-0.012360	-0.008218	-0.173279
NC_050068.2	147386280	148854386	0.137290	0.020293	0.013842	0.106070
NC_050068.2	147421051	148877278	0.982647	0.103294	0.079330	0.649418
NC_050068.2	147421120	148877284	0.965241	0.110158	0.080978	0.637594
NC_050068.2	147459746	148877426	0.887046	0.030314	0.022444	0.223499
NC_050068.2	147717262	148877498	0.829058	0.030511	0.023048	0.207504
NC_050068.2	147753330	148913879	0.776844	0.044734	0.032139	0.193241
NC_050068.2	148570425	148913915	-0.380138	-0.066835	-0.042325	-0.183068
NC_050068.2	148570466	148914143	-0.528126	-0.087942	-0.054715	-0.284393
NC_050068.2	148854107	149978254	-0.719195	-0.120048	-0.056489	-0.453055
NC_050068.2	148854386	150302150	-0.490633	-0.100786	-0.044470	-0.325065
NC_050068.2	148877278	150302365	-0.729147	-0.351564	-0.120105	-0.569112
NC_050068.2	148877284	150533908	-0.720370	-0.294677	-0.125868	-0.562015
NC_050068.2	148877426	150598301	-0.707975	-0.248480	-0.119370	-0.552357
NC_050068.2	148877498	150810302	-0.774283	-0.278232	-0.129388	-0.773772
NC_050068.2	148913879	150810621	-0.762881	-0.215555	-0.107614	-0.762377
NC_050068.2	148913915	150979383	-0.133786	-0.045982	-0.024062	-0.133729
NC_050068.2	148914143	150979664	0.172792	0.044402	0.024661	0.172792
NC_050068.2	149978254	151521737	0.174827	0.032399	0.020854	0.174827
NC_050068.2	150302150	151718974	0.174465	0.023279	0.016189	0.174465
NC_050068.2	150302365	152491209	0.106860	0.011089	0.007699	0.106860
NC_050068.2	150533908	152491256	1.000000	0.049764	0.037544	1.000000
NC_050068.2	150598301	154546110	0.980643	0.048235	0.034141	0.980643
NC_050068.2	150810302	155861163	0.980587	0.034376	0.025164	0.980587
NC_050068.2	150810621	155861494	0.978990	0.035178	0.025505	0.359872
NC_050068.2	150979383	157092530	0.979103	0.037108	0.026963	0.361142
NC_050068.2	150979664	157092541	0.839655	0.004265	0.003125	0.059424
NC_050068.2	151521737	157092568	0.892297	0.006524	0.004823	0.090872
NC_050068.2	151718974	157375147	0.981282	0.045842	0.032943	0.387448
NC_050068.2	152491209	157375355	0.981655	0.053980	0.041009	0.392326
NC_050068.2	152491256	157375435	0.982013	0.064255	0.050894	0.397121
NC_050068.2	154546110	157434069	0.100245	0.013876	0.010096	0.054923
NC_050068.2	155861163	157455309	0.110881	0.015358	0.012147	0.060788
NC_050068.2	155861494	157455381	0.385295	0.145247	0.116919	0.245454
NC_050068.2	157092530	157621338	0.512203	0.221243	0.166958	0.512203
NC_050068.2	157092541	157621645	0.506208	0.217033	0.144309	0.506208
NC_050068.2	157092568	159976374	0.499226	0.156487	0.089363	0.499226
NC_050068.2	157375147	159976407	0.492045	0.152055	0.086832	0.492045
NC_050068.2	157375355	160059936	0.481032	0.135691	0.079794	0.481032
NC_050068.2	157375435	160060041	0.578508	0.190080	0.114320	0.578508
NC_050068.2	157434069	162416014	0.576856	0.138449	0.088674	0.576856
NC_050068.2	157455309	162679516	0.994212	0.179845	0.121340	0.994212
NC_050068.2	157455381	162882676	0.573707	0.135872	0.085597	0.573707
NC_050068.2	157621338	163075246	0.371700	0.082012	0.049260	0.371700
NC_050068.2	157621645	163075300	0.200328	0.036829	0.021192	0.200328
NC_050068.2	159976374	163439836	0.231728	0.037401	0.023887	0.231728
NC_050068.2	159976407	163440065	0.254719	0.050475	0.036355	0.254719
NC_050068.2	160059936	164716047	0.248114	0.045581	0.033491	0.248114
NC_050068.2	160060041	164852394	-0.308811	-0.064537	-0.043998	-0.308811
NC_050068.2	162416014	165254336	-0.788810	-0.128986	-0.085968	-0.451612
NC_050068.2	162679516	165444142	-0.785897	-0.173598	-0.098059	-0.450257
NC_050068.2	162882676	165869341	-0.857997	-0.283001	-0.145749	-0.552340
NC_050068.2	163075246	165869593	-0.297189	-0.089423	-0.052666	-0.189606
NC_050068.2	163075300	165869639	-0.238866	-0.065087	-0.039237	-0.148301
NC_050068.2	163439836	165869657	-0.289932	-0.084175	-0.055181	-0.184705
NC_050068.2	163440065	165989284	-0.337571	-0.136999	-0.082932	-0.212574
NC_050068.2	164716047	165989315	-0.376603	-0.150833	-0.093223	-0.227321
NC_050068.2	164852394	165989322	-0.358406	-0.176246	-0.100677	-0.210599
NC_050068.2	165254336	165989323	-0.049072	-0.014765	-0.009747	-0.023642
NC_050068.2	165444142	165989635	-0.046974	-0.015457	-0.009914	-0.038582
NC_050068.2	165869341	166591719	-0.062722	-0.026175	-0.021380	-0.051044
NC_050068.2	165869593	166844717	0.149880	0.047372	0.037531	-0.081375
NC_050068.2	165869639	166991774	-0.717451	-0.100115	-0.081139	-0.600343
NC_050068.2	165869657	166991819	0.191698	0.051061	0.042196	-0.046605
NC_050068.2	165989284	167621837	0.602868	0.194801	0.158292	0.302431
NC_050068.2	165989315	168055734	0.634848	0.168385	0.143047	0.340076
NC_050068.2	165989322	168055747	0.654851	0.181682	0.154604	0.382465
NC_050068.2	165989323	168055773	0.671467	0.193862	0.165200	0.422797
NC_050068.2	165989635	168055785	0.686611	0.192347	0.165729	0.463165
NC_050068.2	166591719	168055812	0.702658	0.194739	0.169227	0.487066
NC_050068.2	166844717	168334868	0.531504	0.177663	0.141083	0.240840
NC_050068.2	166991774	169084159	0.758105	0.182991	0.136537	0.568409
NC_050068.2	166991819	169183186	0.758003	0.191781	0.133949	0.568247
NC_050068.2	167621837	169215906	0.657510	0.104330	0.075426	0.415169
NC_050068.2	168055734	169858992	0.424252	0.031426	0.022319	0.097342
NC_050068.2	168055747	171073431	0.350807	0.021958	0.013338	0.018049
NC_050068.2	168055773	172330518	-0.356078	-0.035473	-0.020636	-0.434461
NC_050068.2	168055785	172413422	-0.491696	-0.044691	-0.025554	-0.544453
NC_050068.2	168055812	172413428	-0.657799	-0.058801	-0.032334	-0.672973
NC_050068.2	168334868	172413667	-0.717355	-0.062719	-0.034222	-0.646400
NC_050068.2	169084159	172413668	-0.473591	-0.032782	-0.018828	-0.297649
NC_050068.2	169183186	172896687	-0.622394	-0.066399	-0.038709	-0.534954
NC_050068.2	169215906	172896715	-0.626627	-0.066913	-0.040382	-0.537545
NC_050068.2	169858992	173140601	-0.519642	-0.066200	-0.038216	-0.470578
NC_050068.2	171073431	173521616	-0.550581	-0.076119	-0.041962	-0.520275
NC_050068.2	172330518	173521625	-0.539690	-0.093443	-0.060979	-0.512790
NC_050068.2	172413422	173521662	-0.015602	-0.001372	-0.000992	-0.220496
NC_050068.2	172413428	173521903	-0.015764	-0.001521	-0.001118	-0.220599
NC_050068.2	172413667	173521982	-0.005900	-0.000524	-0.000394	-0.214312
NC_050068.2	172413668	173522010	-0.177453	-0.014853	-0.010363	-0.382863
NC_050068.2	172896687	174889371	-0.339753	-0.019264	-0.014441	-0.595273
NC_050068.2	172896715	174889376	0.826396	0.017513	0.013724	0.826396
NC_050068.2	173140601	174889404	0.835281	0.018760	0.014683	0.835281
NC_050068.2	173521616	175446528	0.787493	0.013729	0.010743	0.787493
NC_050068.2	173521625	175446876	0.914255	0.023665	0.022014	0.914255
NC_050068.2	173521662	175446912	0.921646	0.026107	0.024286	0.921646
NC_050068.2	173521903	175536574	0.926132	0.024040	0.020512	0.926132
NC_050068.2	173521982	175698900	0.936733	0.023000	0.019115	0.936733
NC_050068.2	173522010	175854165	-0.450041	-0.040417	-0.031388	-0.450041
NC_050068.2	174889371	175854170	-0.253465	-0.025630	-0.020862	-0.253465
NC_050068.2	174889376	176472582	-0.245105	-0.030061	-0.023571	-0.221766
NC_050068.2	174889404	176855599	-0.245105	-0.026255	-0.020027	-0.221766
NC_050068.2	175446528	177267045	-0.270858	-0.029666	-0.021991	-0.240950
NC_050068.2	175446876	177749877	-0.312944	-0.032391	-0.023603	-0.277374
NC_050068.2	175446912	177749890	-0.357913	-0.038205	-0.027346	-0.316002
NC_050068.2	175536574	177958573	-0.429245	-0.044773	-0.031018	-0.378188
NC_050068.2	175698900	177958812	-0.459110	-0.054467	-0.039107	-0.403375
NC_050068.2	175854165	178942738	-0.413211	-0.059036	-0.041417	-0.311148
NC_050068.2	175854170	179276718	0.908161	0.038261	0.026797	0.436244
NC_050068.2	176472582	179276743	0.833536	0.018728	0.013249	0.280107
NC_050068.2	176855599	180327692	0.811513	0.013768	0.009388	0.329321
NC_050068.2	177267045	181883218	0.233332	0.005521	0.003359	0.104535
NC_050068.2	177749877	182183961	-0.689968	-0.067471	-0.039519	-0.550263
NC_050068.2	177749890	182368222	-0.696466	-0.069876	-0.041453	-0.554995
NC_050068.2	177958573	182634058	-0.558238	-0.043679	-0.026811	-0.452697
NC_050068.2	177958812	182657407	-0.466919	-0.035634	-0.021614	-0.381352
NC_050068.2	178942738	183628848	0.037224	0.003061	0.001738	0.032446
NC_050068.2	179276718	183730133	-0.009277	-0.000710	-0.000414	-0.009277
NC_050068.2	179276743	183730164	-0.005874	-0.000443	-0.000250	-0.005874
NC_050068.2	180327692	183730365	-0.002493	-0.000185	-0.000105	-0.002493
NC_050068.2	181883218	183929976	0.016085	0.001316	0.000730	0.016085
NC_050068.2	182183961	183930140	0.069606	0.005654	0.003256	0.069606
NC_050068.2	182368222	183930141	1.000000	0.043444	0.026046	1.000000
NC_050068.2	182634058	183930151	1.000000	0.081373	0.048634	1.000000
NC_050068.2	182657407	183975041	1.000000	0.096377	0.055667	1.000000
NC_050068.2	183628848	183975286	1.000000	0.102964	0.057749	1.000000
NC_050068.2	183730133	183975325	0.997141	0.118278	0.070892	0.363116
NC_050068.2	183730164	184184222	0.997141	0.133569	0.076115	0.363116
NC_050068.2	183730365	184310553	0.997027	0.139594	0.100855	0.340944
NC_050068.2	183929976	184310558	0.996927	0.151537	0.108802	0.323483
NC_050068.2	183930140	184310853	0.996828	0.146014	0.112169	0.316586
NC_050068.2	183930141	184907466	0.996842	0.144136	0.105136	0.317510
NC_050068.2	183930151	184907478	0.996755	0.139904	0.102119	0.311636
NC_050068.2	183975041	184907795	0.985245	0.029614	0.016919	0.089606
NC_050068.2	183975286	185124800	0.995515	0.140267	0.081637	0.327372
NC_050068.2	183975325	185125027	0.077750	0.020655	0.011952	0.036915
NC_050068.2	184184222	185399121	-0.257426	-0.087415	-0.049757	-0.214999
NC_050068.2	184310553	185399171	-0.259534	-0.089649	-0.050616	-0.216699
NC_050068.2	184310558	186698663	-0.465945	-0.150677	-0.076706	-0.432755
NC_050068.2	184310853	186698684	-0.478945	-0.151423	-0.074486	-0.478872
NC_050068.2	184907466	186698944	-0.459959	-0.138928	-0.071341	-0.459890
NC_050068.2	184907478	186698992	-0.448807	-0.136696	-0.073063	-0.448740
NC_050068.2	184907795	187039643	-0.451111	-0.142996	-0.074951	-0.451044
NC_050068.2	185124800	187039668	-0.448478	-0.142968	-0.085643	-0.448411
NC_050068.2	185125027	187039727	-0.878411	-0.231930	-0.134720	-0.878241
NC_050068.2	185399121	187039741	-0.810615	-0.141405	-0.085232	-0.557799
NC_050068.2	185399171	189441166	0.076890	0.010626	0.006718	0.052689
NC_050068.2	186698663	189477610	0.074874	0.010541	0.006384	0.051272
NC_050068.2	186698684	190403967	0.999475	0.092593	0.068238	0.541430
NC_050068.2	186698944	190404045	0.999457	0.095088	0.073630	0.533212
NC_050068.2	186698992	190404066	0.999430	0.104091	0.077985	0.521213
NC_050068.2	187039643	190572657	0.999428	0.103575	0.077636	0.520453
NC_050068.2	187039668	190572675	0.999446	0.101542	0.077082	0.528363
NC_050068.2	187039727	190572941	0.650629	0.069785	0.053650	0.371661
NC_050068.2	187039741	190668328	0.634429	0.068979	0.050242	0.363499
NC_050068.2	189441166	191438780	0.174951	0.022080	0.014149	-0.081753
NC_050068.2	189477610	191438807	-0.809077	-0.096990	-0.059250	-0.888200
NC_050068.2	190403967	191464802	-0.750314	-0.089987	-0.058063	-0.721169
NC_050068.2	190404045	191728892	-0.732372	-0.070110	-0.048879	-0.668076
NC_050068.2	190404066	192042472	-0.623381	-0.058107	-0.040511	-0.567380
NC_050068.2	190572657	192165726	-0.620476	-0.055629	-0.038443	-0.566112
NC_050068.2	190572675	192165789	-0.659262	-0.058239	-0.040136	-0.582844
NC_050068.2	190572941	192165808	-0.701433	-0.061778	-0.042281	-0.600551
NC_050068.2	190668328	192165809	-0.630687	-0.052929	-0.034997	-0.561620
NC_050068.2	191438780	192165813	-0.618043	-0.050423	-0.035151	-0.556489
NC_050068.2	191438807	192165818	-0.267569	-0.014058	-0.012297	-0.289484
NC_050068.2	191464802	192218495	0.961936	0.018755	0.015071	0.226943
NC_050068.2	191728892	194445233	-0.120798	-0.003428	-0.002778	-0.048880
NC_050068.2	192042472	194445510	-0.761161	-0.099609	-0.069505	-0.633939
NC_050068.2	192165726	194445579	-0.878635	-0.103973	-0.076221	-0.863917
NC_050068.2	192165789	194742186	-0.792542	-0.101458	-0.069983	-0.779137
NC_050068.2	192165808	195155503	-0.680027	-0.092031	-0.063662	-0.548676
NC_050068.2	192165809	195323629	-0.603652	-0.076544	-0.054731	-0.443309
NC_050068.2	192165813	195642585	-0.606664	-0.075476	-0.052563	-0.448952
NC_050068.2	192165818	195642778	-0.612658	-0.077847	-0.053270	-0.452972
NC_050068.2	192218495	195642795	-0.606182	-0.073632	-0.051058	-0.452278
NC_050068.2	194445233	196054633	-0.454530	-0.066268	-0.048863	-0.347458
NC_050068.2	194445510	196054911	-0.352809	-0.056677	-0.041213	-0.259892
NC_050068.2	194445579	196286739	1.000000	0.053228	0.036778	0.512737
NC_050068.2	194742186	196362058	1.000000	0.054263	0.037360	0.514682
NC_050068.2	195155503	196362154	0.877263	0.046745	0.034602	0.434232
NC_050068.2	195323629	196362265	0.852164	0.037532	0.027814	0.579244
NC_050068.2	195642585	197124095	0.825797	0.023580	0.017228	0.825797
NC_050068.2	195642778	197124300	0.633728	0.020930	0.015587	0.633728
NC_050068.2	195642795	197124308	0.552332	0.019190	0.014427	0.552332
NC_050068.2	196054633	197124349	0.555889	0.018413	0.014061	0.555889
NC_050068.2	196054911	197124402	0.268367	0.005039	0.003761	0.268367
NC_050068.2	196286739	197124406	0.280211	0.005441	0.004043	0.280211
NC_050068.2	196362058	197124407	-0.395249	-0.009653	-0.007963	-0.395249
NC_050068.2	196362154	197124422	-0.398503	-0.010450	-0.008507	-0.398503
NC_050068.2	196362265	197226025	0.565554	0.038644	0.031798	0.565554
NC_050068.2	197124095	197226083	0.737247	0.081036	0.067002	0.737247
NC_050068.2	197124300	197226085	0.811759	0.196467	0.168806	0.811759
NC_050068.2	197124308	197226113	0.886999	0.259749	0.225661	0.886999
NC_050068.2	197124349	197226114	0.921911	0.308822	0.271107	0.921911
NC_050068.2	197124402	197226268	0.933993	0.431483	0.371273	0.933993
NC_050068.2	197124406	197226328	0.933827	0.497116	0.488511	0.933827
NC_050068.2	197124407	197226333	0.942713	0.633443	0.621482	0.942713
NC_050068.2	197124422	197226347	1.000000	0.682164	0.682164	1.000000
NC_050068.2	197226025	197226354	1.000000	0.835652	0.835652	1.000000
NC_050068.2	197226083	197226373	1.000000	0.835652	0.835652	1.000000
NC_050068.2	197226085	198794808	1.000000	0.399267	0.351662	1.000000
NC_050068.2	197226113	198794851	0.559887	0.264028	0.211860	0.559887
NC_050068.2	197226114	198794853	0.506057	0.202119	0.163784	0.506057
NC_050068.2	197226268	198884630	0.455112	0.171168	0.137691	0.455112
NC_050068.2	197226328	198884745	0.360901	0.112130	0.087008	0.360901
NC_050068.2	197226333	198885018	0.384217	0.122058	0.095028	0.384217
NC_050068.2	197226347	198885024	0.273526	0.077268	0.059510	0.273526
NC_050068.2	197226354	199003896	0.117319	0.026072	0.020286	0.117319
NC_050068.2	197226373	199003929	-0.130652	-0.023841	-0.018314	-0.064755
NC_050068.2	198794808	199004143	-0.538136	-0.068803	-0.053433	-0.225692
NC_050068.2	198794851	199199132	-0.527095	-0.131368	-0.101048	-0.221987
NC_050068.2	198794853	199282909	0.895551	0.048258	0.044066	0.141084
NC_050068.2	198884630	199283196	-0.527095	-0.104151	-0.067756	-0.221987
NC_050068.2	198884745	199283221	-0.673555	-0.107384	-0.072804	-0.268749
NC_050068.2	198885018	199766950	0.093817	0.017788	0.014108	0.051280
NC_050068.2	198885024	200235844	0.307459	0.072737	0.058248	0.188171
NC_050068.2	199003896	200236129	0.348505	0.081031	0.063895	0.218312
NC_050068.2	199003929	200900329	0.442923	0.098229	0.075834	0.285375
NC_050068.2	199004143	201841291	0.445367	0.062082	0.046899	0.427418
NC_050068.2	199199132	202179634	0.442861	0.059457	0.044646	0.384072
NC_050068.2	199282909	202990455	0.446790	0.054988	0.040647	0.387844
NC_050068.2	199283196	203083519	0.447420	0.053626	0.039924	0.388448
NC_050068.2	199283221	203086894	1.000000	0.088323	0.070236	0.827184
NC_050068.2	199766950	203087228	1.000000	0.089027	0.068926	0.828211
NC_050068.2	200235844	203165176	1.000000	0.065330	0.048855	0.753665
NC_050068.2	200236129	203165246	0.981208	0.034728	0.025106	0.435715
NC_050068.2	200900329	203165456	0.977602	0.029063	0.021316	0.392266
NC_050068.2	201841291	203165458	0.934087	0.010712	0.007900	0.195055
NC_050068.2	202179634	203165463	0.933385	0.017616	0.013365	0.193280
NC_050068.2	202990455	203753980	0.958184	0.026746	0.019648	0.348321
NC_050068.2	203083519	204036711	0.962344	0.037364	0.028293	0.373484
NC_050068.2	203086894	204629181	0.986928	0.101302	0.074983	0.637836
NC_050068.2	203087228	204629217	0.992103	0.170441	0.122985	0.745575
NC_050068.2	203165176	204632266	0.992227	0.175783	0.128683	0.661357
NC_050068.2	203165246	204632531	0.992301	0.179572	0.127185	0.594659
NC_050068.2	203165456	204632560	0.990239	0.172105	0.129816	0.701968
NC_050068.2	203165458	205297167	0.645230	0.093983	0.071745	0.310610
NC_050068.2	203165463	206094611	0.729776	0.120085	0.081559	0.428325
NC_050068.2	203753980	206955099	0.352145	0.061004	0.039524	0.189648
NC_050068.2	204036711	206955348	0.328565	0.060017	0.039212	0.171725
NC_050068.2	204629181	207080385	0.182853	0.037621	0.023969	-0.011678
NC_050068.2	204629217	207270361	-0.005464	-0.001027	-0.000628	-0.125687
NC_050068.2	204632266	207270411	-0.301275	-0.043693	-0.027353	-0.257732
NC_050068.2	204632531	207445459	-0.350487	-0.055820	-0.035333	-0.296360
NC_050068.2	204632560	207445704	-0.442217	-0.083228	-0.050661	-0.362046
NC_050068.2	205297167	207445738	-0.488831	-0.107208	-0.063782	-0.390892
NC_050068.2	206094611	207445776	-0.473868	-0.159004	-0.081675	-0.341236
NC_050068.2	206955099	207509882	-0.869428	-0.340424	-0.170066	-0.529936
NC_050068.2	206955348	207673115	-0.806506	-0.387775	-0.181034	-0.441066
NC_050068.2	207080385	207673116	-0.802558	-0.371423	-0.177136	-0.439688
NC_050068.2	207270361	207673150	-0.752664	-0.280926	-0.138927	-0.218036
NC_050068.2	207270411	209141377	-0.656054	-0.139321	-0.087229	-0.267053
NC_050068.2	207445459	209146410	-0.667953	-0.124388	-0.079040	-0.292664
NC_050068.2	207445704	209146652	-0.552618	-0.090168	-0.055538	-0.231586
NC_050068.2	207445738	209429279	-0.413914	-0.038186	-0.027510	-0.145241
NC_050068.2	207445776	210128487	-0.146522	-0.007898	-0.005927	-0.037704
NC_050068.2	207509882	210403092	0.876819	0.017495	0.013165	0.112885
NC_050068.2	207673115	210403121	0.934621	0.016925	0.013633	0.121537
NC_050068.2	207673116	210403144	0.935340	0.017880	0.014946	0.122805
NC_050068.2	207673150	210407616	-0.519166	-0.040470	-0.029108	-0.191308
NC_050068.2	209141377	210467033	-0.456529	-0.034948	-0.023886	-0.364896
NC_050068.2	209146410	211415462	-0.526768	-0.038069	-0.024135	-0.526768
NC_050068.2	209146652	211415521	-0.478934	-0.037682	-0.023754	-0.478934
NC_050068.2	209429279	211951067	-0.658349	-0.048494	-0.030674	-0.658349
NC_050068.2	210128487	212028294	-0.596775	-0.057772	-0.033532	-0.574309
NC_050068.2	210403092	212028296	-0.517144	-0.057675	-0.032318	-0.489965
NC_050068.2	210403121	212028301	-0.445923	-0.061840	-0.033700	-0.416447
NC_050068.2	210403144	212028550	-0.404022	-0.063394	-0.033063	-0.378040
NC_050068.2	210407616	212212232	-0.634328	-0.173910	-0.082175	-0.607897
NC_050068.2	210467033	212212267	-0.357484	-0.051897	-0.030804	-0.294287
NC_050068.2	211415462	212771619	-0.386739	-0.040440	-0.026528	-0.317162
NC_050068.2	211415521	212771879	0.186793	0.044041	0.032130	0.165502
NC_050068.2	211951067	212771895	0.182847	0.042688	0.031042	0.161916
NC_050068.2	212028294	213155097	0.203387	0.041402	0.029819	0.179951
NC_050068.2	212028296	213155122	0.185462	0.034733	0.025306	0.166717
NC_050068.2	212028301	213155432	0.162893	0.027300	0.020282	0.147484
NC_050068.2	212028550	213155434	0.133282	0.020157	0.015232	0.121675
NC_050068.2	212212232	213155511	0.112723	0.016686	0.012603	0.102695
NC_050068.2	212212267	213520022	0.916624	0.071624	0.057850	0.784642
NC_050068.2	212771619	213703247	0.921464	0.074741	0.060422	0.921464
NC_050068.2	212771879	213703266	0.924850	0.110267	0.096342	0.924850
NC_050068.2	212771895	213703281	0.739688	0.029368	0.025171	0.739688
NC_050068.2	213155097	213703492	0.773509	0.039123	0.032414	0.773509
NC_050068.2	213155122	213703501	0.805352	0.061891	0.058623	0.805352
NC_050068.2	213155432	213703506	0.832282	0.079919	0.075394	0.832282
NC_050068.2	213155434	213703553	0.851256	0.108176	0.101057	0.851256
NC_050068.2	213155511	213703561	0.868268	0.120905	0.108365	0.868268
NC_050068.2	213520022	215131033	0.869895	0.089653	0.054656	0.869895
NC_050068.2	213703247	215878269	1.000000	0.104712	0.071027	1.000000
NC_050068.2	213703266	216029300	0.963239	0.107259	0.070193	0.963239
NC_050068.2	213703281	216029347	0.929541	0.123836	0.083006	0.811206
NC_050068.2	213703492	216029358	0.908059	0.143177	0.096960	0.732974
NC_050068.2	213703501	216029362	0.893169	0.161364	0.111992	0.685302
NC_050068.2	213703506	216029385	0.888725	0.148735	0.104476	0.526639
NC_050068.2	213703553	216029390	0.775952	0.134370	0.092545	0.456919
NC_050068.2	213703561	216029573	0.748828	0.119535	0.083449	0.431996
NC_050068.2	215131033	216029578	0.756346	0.147690	0.102794	0.438117
NC_050068.2	215878269	216029586	0.651737	0.180232	0.153444	0.380092
NC_050068.2	216029300	216029590	0.458559	0.306346	0.228207	0.245309
NC_050068.2	216029347	216029606	0.566071	0.387416	0.287543	0.330026
NC_050068.2	216029358	216067720	0.510772	0.372867	0.238142	0.290753
NC_050068.2	216029362	216067725	0.439076	0.284752	0.176733	0.243541
NC_050068.2	216029385	216067743	0.299596	0.172158	0.085188	0.116792
NC_050068.2	216029390	216067758	0.327454	0.236445	0.105887	0.165201
NC_050068.2	216029573	216067766	0.445790	0.278369	0.129624	0.220130
NC_050068.2	216029578	216067821	0.475858	0.282019	0.135978	0.237409
NC_050068.2	216029586	216067843	0.380566	0.230722	0.081227	0.181294
NC_050068.2	216029590	216067925	0.602141	0.299578	0.101010	0.273922
NC_050068.2	216029606	216067934	0.908912	0.348417	0.132886	0.391026
NC_050068.2	216067720	216067935	0.877328	0.216153	0.076132	0.249454
NC_050068.2	216067725	216067938	0.952760	0.325303	0.163097	0.451515
NC_050068.2	216067743	216067940	0.951947	0.342540	0.165785	0.447082
NC_050068.2	216067758	216067975	1.000000	0.377296	0.231488	1.000000
NC_050068.2	216067766	216332897	1.000000	0.331426	0.210196	1.000000
NC_050068.2	216067821	216333088	0.638358	0.283636	0.193476	0.623917
NC_050068.2	216067843	216333126	0.653279	0.384458	0.241532	0.639098
NC_050068.2	216067925	216455853	-0.002355	-0.002094	-0.001206	-0.002321
NC_050068.2	216067934	217352121	0.001439	0.000619	0.000330	0.001418
NC_050068.2	216067935	218223517	-0.205021	-0.079919	-0.045029	-0.202672
NC_050068.2	216067938	218237964	0.059461	0.026168	0.015551	0.058928
NC_050068.2	216067940	218238222	-0.083069	-0.036161	-0.020279	-0.081868
NC_050068.2	216067975	218238231	-0.085067	-0.037228	-0.020779	-0.083757
NC_050068.2	216332897	218501784	-0.271012	-0.138158	-0.070013	-0.354562
NC_050068.2	216333088	219725846	-0.133767	-0.038718	-0.021880	-0.225756
NC_050068.2	216333126	219770945	-0.136737	-0.035755	-0.019334	-0.241169
NC_050068.2	216455853	219771188	-0.158422	-0.039049	-0.021504	-0.261811
NC_050068.2	217352121	219827275	0.142944	0.024425	0.013906	-0.040511
NC_050068.2	218223517	219827965	0.141515	0.027832	0.017168	-0.041958
NC_050068.2	218237964	219908134	0.490543	0.088375	0.051547	0.190904
NC_050068.2	218238222	219947677	-0.478931	-0.095563	-0.049405	-0.581472
NC_050068.2	218238231	220553146	-0.469046	-0.079702	-0.044564	-0.576877
NC_050068.2	218501784	220964140	-0.372014	-0.047470	-0.030585	-0.466863
NC_050068.2	219725846	221113757	-0.178335	-0.017192	-0.011527	-0.163045
NC_050068.2	219770945	221285679	-0.646185	-0.072912	-0.047979	-0.571334
NC_050068.2	219771188	221285699	-0.814528	-0.145859	-0.100732	-0.762099
NC_050068.2	219827275	221285930	-0.818717	-0.105567	-0.069910	-0.765905
NC_050068.2	219827965	221285969	-0.815177	-0.098828	-0.069587	-0.762689
NC_050068.2	219908134	221285974	-0.228766	-0.040506	-0.029020	-0.218583
NC_050068.2	219947677	221628171	-0.120561	-0.022271	-0.016007	-0.112051
NC_050068.2	220553146	222104865	0.209108	0.026609	0.020405	0.189875
NC_050068.2	220964140	222687891	0.210643	0.025486	0.017252	0.191303
NC_050068.2	221113757	223105931	0.170544	0.024287	0.015272	0.129454
NC_050068.2	221285679	223105963	0.177506	0.025095	0.015560	0.134671
NC_050068.2	221285699	223106220	0.176723	0.024892	0.016035	0.134047
NC_050068.2	221285930	223106241	0.999931	0.092319	0.059681	0.649720
NC_050068.2	221285969	223465169	0.999934	0.095698	0.067775	0.660268
NC_050068.2	221285974	223465189	0.986422	0.107371	0.073028	0.650898
NC_050068.2	221628171	223465379	0.964165	0.039764	0.026306	0.408461
NC_050068.2	222104865	223789861	0.927322	0.018797	0.013084	0.276617
NC_050068.2	222687891	224395989	0.926007	0.017208	0.011659	0.272762
NC_050068.2	223105931	224569425	0.924623	0.017741	0.011789	0.268808
NC_050068.2	223105963	224649371	0.925672	0.016542	0.011284	0.925672
NC_050068.2	223106220	224649372	0.924951	0.016618	0.011515	0.924951
NC_050068.2	223106241	224649394	0.981636	0.072762	0.050274	0.981636
NC_050068.2	223465169	226500867	0.982172	0.070890	0.047921	0.705465
NC_050068.2	223465189	226500948	0.981007	0.092438	0.058531	0.691887
NC_050068.2	223465379	226501108	0.999546	0.087598	0.056959	0.704987
NC_050068.2	223789861	226501112	0.999079	0.088274	0.058723	0.540805
NC_050068.2	224395989	226501143	0.999072	0.093097	0.060659	0.538916
NC_050068.2	224569425	226934747	0.999044	0.103419	0.068449	0.531576
NC_050068.2	224649371	227134137	0.999045	0.116305	0.094288	0.490211
NC_050068.2	224649372	227505632	0.746193	0.106739	0.079050	0.389274
NC_050068.2	224649394	227578933	0.747661	0.087782	0.065019	0.391122
NC_050068.2	226500867	227579012	0.146453	0.005005	0.003717	0.035865
NC_050068.2	226500948	228040974	-0.018880	-0.000575	-0.000457	-0.006036
NC_050068.2	226501108	228162168	-0.054772	-0.001600	-0.001118	-0.017102
NC_050068.2	226501112	228162364	0.234572	0.008229	0.005972	0.076877
NC_050068.2	226501143	228172303	-0.086503	-0.003164	-0.002247	-0.045561
NC_050068.2	226934747	228172369	0.370180	0.018463	0.013960	0.243392
NC_050068.2	227134137	228172370	0.722119	0.083133	0.062579	0.587166
NC_050068.2	227505632	228172584	0.708521	0.084203	0.066845	0.633462
NC_050068.2	227578933	229032979	0.899037	0.067323	0.051396	0.795103
NC_050068.2	227579012	229596302	0.900431	0.074315	0.056701	0.540283
NC_050068.2	228040974	229822677	0.900760	0.065344	0.048856	0.541195
NC_050068.2	228162168	229822993	0.901124	0.065210	0.048777	0.542206
NC_050068.2	228162364	230964973	0.942807	0.108910	0.083958	0.681762
NC_050068.2	228172303	230965258	0.669449	0.096117	0.068697	0.523036
NC_050068.2	228172369	231517331	0.708117	0.090646	0.063025	0.550995
NC_050068.2	228172370	231517383	0.672991	0.089940	0.059460	0.510044
NC_050068.2	228172584	231517390	0.490111	0.041603	0.027594	0.327145
NC_050068.2	229032979	231893789	0.505813	0.038432	0.025763	0.304533
NC_050068.2	229596302	233159111	0.492064	0.049542	0.033038	0.296330
NC_050068.2	229822677	233159152	0.468631	0.048151	0.030631	0.401040
NC_050068.2	229822993	233159182	0.452903	0.060024	0.036907	0.387438
NC_050068.2	230964973	233159190	0.437095	0.063452	0.037633	0.373776
NC_050068.2	230965258	233159191	0.389958	0.062141	0.037711	0.329601
NC_050068.2	231517331	233159367	0.891907	0.095641	0.065325	0.713954
NC_050068.2	231517383	233159378	0.870818	0.118044	0.086169	0.697186
NC_050068.2	231517390	233159379	0.850845	0.117334	0.085350	0.682286
NC_050068.2	231893789	233159391	0.829975	0.133051	0.092592	0.665657
NC_050068.2	233159111	233159403	0.807611	0.223466	0.144900	0.807611
NC_050068.2	233159152	234002907	0.850000	0.336054	0.162108	0.850000
NC_050068.2	233159182	234003071	0.883031	0.290381	0.188995	0.883031
NC_050068.2	233159190	234003116	0.884496	0.299850	0.193054	0.884496
NC_050068.2	233159191	234371227	0.944106	0.447048	0.272380	0.944106
NC_050068.2	233159367	236029597	0.391906	0.118301	0.074898	0.095354
NC_050068.2	233159378	236131097	0.100237	0.043796	0.024988	-0.229531
NC_050068.2	233159379	236322833	0.108995	0.032963	0.017229	-0.223440
NC_050068.2	233159391	236322864	0.115836	0.032883	0.017699	-0.217400
NC_050068.2	233159403	237096557	-0.062320	-0.021110	-0.010338	-0.382698
NC_050068.2	234002907	237096648	-0.196091	-0.070363	-0.035137	-0.494068
NC_050068.2	234003071	237096857	-0.240805	-0.078890	-0.045300	-0.525167
NC_050068.2	234003116	237622708	-0.297266	-0.093149	-0.053487	-0.567159
NC_050068.2	234371227	237622796	-0.298408	-0.087018	-0.048695	-0.567585
NC_050068.2	236029597	237622961	-0.923691	-0.179388	-0.106641	-0.951673
NC_050068.2	236131097	237622965	-0.899476	-0.170442	-0.087914	-0.935673
NC_050068.2	236322833	237700083	-0.802133	-0.078828	-0.047260	-0.876774
NC_050068.2	236322864	238247928	-0.818990	-0.094596	-0.064897	-0.886000
NC_050068.2	237096557	239945513	-0.827633	-0.053621	-0.037624	-0.455386
NC_050068.2	237096648	239945766	-0.663625	-0.023395	-0.017812	-0.286322
NC_050068.2	237096857	239945835	0.591211	0.004864	0.003797	0.045759
NC_050068.2	237622708	241392081	0.508314	0.003478	0.002660	0.029360
NC_050068.2	237622796	241392147	0.487836	0.003219	0.002460	0.027113
NC_050068.2	237622961	241392155	0.729629	0.004563	0.003661	0.038952
NC_050068.2	237622965	241392162	0.759054	0.005376	0.004305	0.045178
NC_050068.2	237700083	241392167	0.994140	0.006419	0.005440	0.057009
NC_050068.2	238247928	241392333	0.997982	0.021636	0.018017	0.149833
NC_050068.2	239945513	242193955	0.998048	0.021375	0.017932	0.154116
NC_050068.2	239945766	242229036	1.000000	0.036772	0.035173	1.000000
NC_050068.2	239945835	242229309	1.000000	0.038594	0.036832	1.000000
NC_050068.2	241392081	242472802	1.000000	0.039257	0.037476	1.000000
NC_050068.2	241392147	242472863	1.000000	0.045592	0.045592	1.000000
NC_050068.2	241392155	242485973	1.000000	0.045612	0.045575	1.000000
NC_050068.2	241392162	243166829	1.000000	0.031383	0.027085	1.000000
NC_050068.2	241392167	243427387	1.000000	0.029628	0.024954	1.000000
NC_050068.2	241392333	243691500	0.276788	0.013309	0.010940	0.289265
NC_050068.2	242193955	243691746	0.016154	0.000538	0.000447	0.039102
NC_050068.2	242229036	243691792	0.035944	0.001339	0.001094	0.057989
NC_050068.2	242229309	243998465	-0.010278	-0.000417	-0.000280	0.012742
NC_050068.2	242472802	244273430	-0.055956	-0.002346	-0.001553	-0.031839
NC_050068.2	242472863	244273445	-0.006195	-0.000273	-0.000181	0.015726
NC_050068.2	242485973	244273480	0.661995	0.078817	0.053822	0.661995
NC_050068.2	243166829	244273676	0.668743	0.081380	0.055566	0.668743
NC_050068.2	243427387	244966439	0.666075	0.119512	0.083607	0.667166
NC_050068.2	243691500	244966440	0.665919	0.125403	0.089728	0.667010
NC_050068.2	243691746	247068554	0.059077	0.008679	0.005403	0.061033
NC_050068.2	243691792	247167015	0.335864	0.067197	0.039466	0.336839
NC_050068.2	243998465	247167094	0.496419	0.124926	0.074800	0.496980
NC_050068.2	244273430	247297826	0.502154	0.117431	0.080045	0.502709
NC_050068.2	244273445	247297828	0.435370	0.101419	0.069707	0.435971
NC_050068.2	244273480	247788359	0.431011	0.094849	0.066168	0.431621
NC_050068.2	244273676	247788413	0.273507	0.050243	0.034367	0.274501
NC_050068.2	244966439	247788417	0.266363	0.048936	0.033367	0.267377
NC_050068.2	244966440	247788600	0.264998	0.052408	0.034845	0.170612
NC_050068.2	247068554	247961430	0.277017	0.053160	0.035853	0.169217
NC_050068.2	247167015	247998282	0.807335	0.195910	0.148196	0.422671
NC_050068.2	247167094	247998283	0.422227	0.082598	0.069385	0.177173
NC_050068.2	247297826	247998443	-0.551663	-0.040467	-0.030725	-0.117013
NC_050068.2	247297828	248225970	-0.563075	-0.041741	-0.031555	-0.118745
NC_050068.2	247788359	248225990	-0.304283	-0.015186	-0.011713	-0.046536
NC_050068.2	247788413	248311359	0.629895	0.097862	0.077600	0.244938
NC_050068.2	247788417	248402094	0.016554	0.004326	0.003141	0.008276
NC_050068.2	247788600	248486808	0.018268	0.004730	0.003264	0.008812
NC_050068.2	247961430	248486817	0.018621	0.004820	0.003326	0.008699
NC_050068.2	247998282	248486860	-0.008811	-0.002661	-0.001734	-0.004347
NC_050068.2	247998283	248552113	0.022958	0.006117	0.004559	0.011416
NC_050068.2	247998443	248600374	0.439928	0.141487	0.111062	0.254576
NC_050068.2	248225970	248600383	0.437548	0.156957	0.132701	0.252746
NC_050068.2	248225990	248600385	0.435831	0.180443	0.148928	0.251430
NC_050068.2	248311359	248628347	0.434811	0.202662	0.163614	0.250651
NC_050068.2	248402094	248628665	0.142505	0.064111	0.047507	0.067387
NC_050068.2	248486808	248698445	0.999714	0.211643	0.187846	0.342870
NC_050068.2	248486817	249305598	0.999736	0.176813	0.176239	0.361216
NC_050068.2	248486860	249471539	0.999634	0.171719	0.145910	0.809031
NC_050068.2	248552113	249471592	0.999664	0.170380	0.146720	0.696556
NC_050068.2	248600374	250848969	0.999653	0.188405	0.140572	0.689969
NC_050068.2	248600383	250848970	0.998456	0.049519	0.035413	0.333191
NC_050068.2	248600385	251207785	0.998815	0.044805	0.027876	0.394362
NC_050068.2	248628347	251207822	0.999069	0.050857	0.032989	0.453150
NC_050068.2	248628665	251631454	0.999111	0.049348	0.032864	0.464746
NC_050068.2	248698445	251631467	0.999125	0.050337	0.033478	0.468691
NC_050068.2	249305598	251631507	0.999142	0.051585	0.034246	0.473438
NC_050068.2	249471539	251631747	0.996874	0.062278	0.034095	0.168646
NC_050068.2	249471592	251800202	0.999187	0.151658	0.083852	0.388357
NC_050068.2	250848969	251800222	0.999126	0.138524	0.077205	0.404753
NC_050068.2	250848970	251800232	0.999135	0.126468	0.078295	0.407150
NC_050068.2	251207785	251800271	0.999182	0.121550	0.077977	0.420885
NC_050068.2	251207822	253097316	0.999241	0.152552	0.111481	0.449611
NC_050068.2	251631454	253097546	0.988012	0.157518	0.111573	0.428319
NC_050068.2	251631467	253097603	0.989344	0.181789	0.127851	0.466621
NC_050068.2	251631507	253756650	0.989241	0.178220	0.125717	0.464395
NC_050068.2	251631747	253847136	0.989288	0.179612	0.126575	0.445638
NC_050068.2	251800202	254847596	0.990065	0.129662	0.104367	0.903178
NC_050068.2	251800222	255246800	0.981010	0.067230	0.057884	0.838209
NC_050068.2	251800232	255459962	0.980822	0.069626	0.056350	0.837032
NC_050068.2	251800271	255459963	0.980613	0.075402	0.059939	0.835738
NC_050068.2	253097316	255459966	0.978523	0.075470	0.058656	0.823137
NC_050068.2	253097546	255459967	0.970838	0.061233	0.046448	0.763838
NC_050068.2	253097603	255459969	1.000000	0.062796	0.047679	0.789831
NC_050068.2	253756650	255459970	1.000000	0.042951	0.031872	0.675555
NC_050068.2	253847136	255459980	1.000000	0.045233	0.033513	0.685493
NC_050068.2	254847596	255460298	1.000000	0.043608	0.029579	1.000000
NC_050068.2	255246800	255893124	1.000000	0.071682	0.049810	1.000000
NC_050068.2	255459962	255970683	1.000000	0.040344	0.028011	1.000000
NC_050068.2	255459963	255970716	1.000000	0.037286	0.029490	1.000000
NC_050068.2	255459966	256106012	0.998906	0.044021	0.032204	0.659727
NC_050068.2	255459967	256106079	0.999106	0.047311	0.033427	0.538199
NC_050068.2	255459969	256106296	0.999247	0.050055	0.036536	0.478427
NC_050068.2	255459970	256106334	0.999252	0.046577	0.032828	0.480024
NC_050068.2	255459980	256153227	0.999374	0.046264	0.032768	0.524540
NC_050068.2	255460298	256473130	0.809446	0.043078	0.027620	0.433548
NC_050068.2	255893124	256473142	0.804325	0.043951	0.029627	0.425495
NC_050068.2	255970683	256548778	0.767670	0.039271	0.023716	0.373180
NC_050068.2	255970716	256721392	0.794162	0.044678	0.026785	0.410087
NC_050068.2	256106012	256721502	0.807373	0.048526	0.029094	0.430263
NC_050068.2	256106079	256721515	0.732752	0.042257	0.025947	0.434579
NC_050068.2	256106296	256721555	0.715931	0.038431	0.025058	0.524626
NC_050068.2	256106334	257049643	0.911307	0.155036	0.101457	0.911307
NC_050068.2	256153227	257083607	0.910757	0.151117	0.097121	0.910757
NC_050068.2	256473130	257550367	0.890719	0.124093	0.079253	0.890719
NC_050068.2	256473142	257625667	0.968394	0.104620	0.076863	0.968394
NC_050068.2	256548778	257625675	0.966445	0.108062	0.078315	0.388916
NC_050068.2	256721392	257625689	0.962897	0.113600	0.087388	0.344538
NC_050068.2	256721502	257683055	0.961212	0.118749	0.092389	0.334191
NC_050068.2	256721515	257683058	0.960782	0.118431	0.091961	0.331646
NC_050068.2	256721555	258458085	0.060397	0.011240	0.008512	0.029812
NC_050068.2	257049643	258500598	-0.064525	-0.012948	-0.009684	-0.033255
NC_050068.2	257083607	258500782	-0.831253	-0.096968	-0.072519	-0.317567
NC_050068.2	257550367	258500835	-0.902174	-0.195355	-0.143095	-0.464934
NC_050068.2	257625667	259547165	-0.752178	-0.189384	-0.121693	-0.402245
NC_050068.2	257625675	259547197	-0.750010	-0.218547	-0.133020	-0.385336
NC_050068.2	257625689	259547476	-0.814601	-0.285144	-0.165175	-0.693004
NC_050068.2	257683055	259952885	-0.837732	-0.277007	-0.163387	-0.791614
NC_050068.2	257683058	260027584	-0.845409	-0.264968	-0.163854	-0.800393
NC_050068.2	258458085	260342850	-0.861162	-0.203049	-0.113404	-0.814937
NC_050068.2	258500598	260342854	-0.768746	-0.143854	-0.080420	-0.713119
NC_050068.2	258500782	260764101	-0.683345	-0.126861	-0.067446	-0.630901
NC_050068.2	258500835	260764155	-0.695379	-0.139711	-0.071410	-0.641892
NC_050068.2	259547165	261622483	-0.638536	-0.100750	-0.050997	-0.581081
NC_050068.2	259547197	261622715	-0.807457	-0.116378	-0.066729	-0.728049
NC_050068.2	259547476	261999074	-0.806362	-0.099403	-0.057660	-0.806362
NC_050068.2	259952885	262222484	-0.426566	-0.027481	-0.016328	-0.426566
NC_050068.2	260027584	262222551	-0.289720	-0.020015	-0.012042	-0.289720
NC_050068.2	260342850	262500016	0.176572	0.014975	0.009265	0.176572
NC_050068.2	260342854	262500025	-0.075617	-0.011048	-0.007186	-0.075309
NC_050068.2	260764101	262500032	-0.267800	-0.050628	-0.030584	-0.266884
NC_050068.2	260764155	262500036	-0.444894	-0.105631	-0.059036	-0.443611
NC_050068.2	261622483	262500075	-0.234240	-0.059994	-0.034678	-0.227687
NC_050068.2	261622715	262500077	-0.183795	-0.048105	-0.028503	-0.178325
NC_050068.2	261999074	262500086	-0.305446	-0.115459	-0.058006	-0.296801
NC_050068.2	262222484	262500106	-0.152127	-0.083368	-0.039956	-0.148314
NC_050068.2	262222551	262500347	-0.186299	-0.150060	-0.067579	-0.181495
NC_050068.2	262500016	262500351	-0.224242	-0.248813	-0.090971	-0.218280
NC_050068.2	262500025	264278561	-0.365094	-0.227681	-0.090586	-0.354301
NC_050068.2	262500032	264298320	-0.031928	-0.018536	-0.007965	0.028958
NC_050068.2	262500036	264298469	0.111312	0.050647	0.024884	0.169743
NC_050068.2	262500075	264440526	0.228091	0.083976	0.049232	0.279844
NC_050068.2	262500077	264792675	0.114007	0.036639	0.021452	0.179817
NC_050068.2	262500086	264792896	0.501623	0.159269	0.104133	0.502912
NC_050068.2	262500106	265150030	0.827069	0.154116	0.114597	0.777162
NC_050068.2	262500347	265150117	0.858031	0.185126	0.139422	0.811563
NC_050068.2	262500351	265183112	0.711473	0.157739	0.118681	0.686907
NC_050068.2	264278561	265183154	0.724804	0.154509	0.118688	0.699585
NC_050068.2	264298320	265608360	0.783424	0.243129	0.183221	0.757185
NC_050068.2	264298469	265930494	0.742955	0.177856	0.136839	0.700301
NC_050068.2	264440526	265964882	0.739949	0.172246	0.131347	0.695552
NC_050068.2	264792675	266345860	0.852999	0.156908	0.120913	0.762556
NC_050068.2	264792896	266345865	0.853014	0.157192	0.121133	0.763146
NC_050068.2	265150030	266345891	0.806488	0.123781	0.094282	0.712372
NC_050068.2	265150117	266345899	0.800836	0.146178	0.111290	0.704975
NC_050068.2	265183112	266345917	0.680175	0.083623	0.062449	0.558273
NC_050068.2	265183154	266346118	0.983331	0.109594	0.081682	0.782284
NC_050068.2	265608360	266532356	0.981351	0.101238	0.074777	0.762202
NC_050068.2	265930494	266532453	0.906900	0.021709	0.017830	0.372385
NC_050068.2	265964882	267609758	0.906516	0.019070	0.015245	0.371324
NC_050068.2	266345860	268773537	0.921478	0.015816	0.010092	0.416840
NC_050068.2	266345865	268834172	0.917268	0.018145	0.011173	0.557988
NC_050068.2	266345891	268834265	-0.443123	-0.021775	-0.012756	-0.673187
NC_050068.2	266345899	269031802	-0.778711	-0.096296	-0.054051	-0.827082
NC_050068.2	266345917	270186293	-0.778494	-0.074449	-0.042027	-0.826908
NC_050068.2	266346118	270186294	-0.773686	-0.072665	-0.041390	-0.823047
NC_050068.2	266532356	270186331	-0.768101	-0.068920	-0.040079	-0.818556
NC_050068.2	266532453	270816538	-0.768366	-0.065271	-0.037376	-0.818768
NC_050068.2	267609758	271996260	-0.765942	-0.052855	-0.030359	-0.816817
NC_050068.2	268773537	272053024	-0.772897	-0.056351	-0.032949	-0.822413
NC_050068.2	268834172	272319822	-0.778407	-0.062712	-0.043608	-0.826839
NC_050068.2	268834265	272999599	-0.849144	-0.063655	-0.041419	-0.883131
NC_050068.2	269031802	273193219	-0.772200	-0.039502	-0.026557	-0.772200
NC_050068.2	270186293	273593257	0.862066	0.005066	0.003473	0.678665
NC_050068.2	270186294	273593349	0.866618	0.006170	0.004421	0.687073
NC_050068.2	270186331	273692526	0.877224	0.006505	0.004717	0.351791
NC_050068.2	270816538	273707941	0.886750	0.007110	0.005052	0.372945
NC_050068.2	271996260	273707954	0.970918	0.032660	0.023760	0.717187
NC_050068.2	272053024	273940488	-0.220391	-0.023053	-0.017385	-0.193008
NC_050068.2	272319822	273940502	-0.211778	-0.019816	-0.015366	-0.185628
NC_050068.2	272999599	275575903	-0.245934	-0.023792	-0.015037	-0.214818
NC_050068.2	273193219	275575904	-0.250991	-0.026530	-0.017882	-0.105876
NC_050068.2	273593257	275576221	-0.258515	-0.029119	-0.017519	-0.071590
NC_050068.2	273593349	276098128	-0.235496	-0.028198	-0.017193	-0.064235
NC_050068.2	273692526	276098155	-0.227133	-0.027633	-0.016788	-0.060585
NC_050068.2	273707941	276098188	-0.227850	-0.029794	-0.017298	-0.061076
NC_050068.2	273707954	276612112	-0.171178	-0.019211	-0.012081	-0.047489
NC_050068.2	273940488	277007504	-0.668216	-0.040251	-0.027027	-0.143051
NC_050068.2	273940502	277621409	0.901836	0.010192	0.006785	0.042721
NC_050068.2	275575903	279320247	0.977560	0.039136	0.022247	0.174657
NC_050068.2	275575904	279709907	0.978193	0.042166	0.026430	0.173747
NC_050068.2	275576221	280116467	0.988363	0.075924	0.047375	0.406632
NC_050068.2	276098128	281241373	0.988578	0.071251	0.048046	0.729962
NC_050068.2	276098155	281242583	0.988479	0.067693	0.045497	0.779753
NC_050068.2	276098188	281242824	0.988378	0.066569	0.044858	0.837920
NC_050068.2	276612112	281242862	0.988299	0.066228	0.044991	0.906938
NC_050068.2	277007504	281523728	0.987704	0.065005	0.042500	0.902616
NC_050068.2	277621409	281523737	1.000000	0.079292	0.049653	0.914013
NC_050068.2	279320247	282107296	0.987987	0.076403	0.045013	0.903078
NC_050068.2	279709907	282204170	0.978793	0.060802	0.040777	0.839460
NC_050068.2	280116467	282204373	0.988913	0.127272	0.083083	0.988913
NC_050068.2	281241373	282204440	0.989393	0.132328	0.089379	0.989393
NC_050068.2	281242583	282600299	0.989816	0.139145	0.090125	0.989963
NC_050068.2	281242824	282651133	0.325353	0.073593	0.045451	0.331914
NC_050068.2	281242862	282663274	0.340553	0.074965	0.047178	0.315966
NC_050068.2	281523728	282663357	0.417390	0.107340	0.065416	0.388714
NC_050068.2	281523737	282925643	0.449813	0.140501	0.082378	0.407007
NC_050068.2	282107296	284279594	0.370814	0.120704	0.062625	0.331785
NC_050068.2	282204170	285241007	0.381525	0.113784	0.069040	0.341484
NC_050068.2	282204373	285241096	0.386344	0.125533	0.076398	0.345992
NC_050068.2	282204440	285568432	0.214885	0.048200	0.030739	0.190726
NC_050068.2	282600299	285782267	-0.374672	-0.078799	-0.047201	-0.309546
NC_050068.2	282651133	285782307	-0.398216	-0.085992	-0.050609	-0.324837
NC_050068.2	282663274	286019074	-0.322483	-0.063258	-0.035926	-0.257097
NC_050068.2	282663357	286019127	-0.229784	-0.051548	-0.028494	-0.203269
NC_050068.2	282925643	286019331	-0.292824	-0.058192	-0.033816	-0.257512
NC_050068.2	284279594	286019339	-0.400197	-0.080256	-0.047744	-0.364558
NC_050068.2	285241007	286665876	-0.311962	-0.048583	-0.030123	-0.292142
NC_050068.2	285241096	286898463	0.017134	0.003915	0.002445	0.016306
NC_050068.2	285568432	286949195	0.006179	0.001247	0.000811	0.005877
NC_050068.2	285782267	286949270	-0.009850	-0.002167	-0.001359	-0.009362
NC_050068.2	285782307	287444627	0.394464	0.060686	0.037414	0.367756
NC_050068.2	286019074	287889442	-0.053272	-0.012582	-0.007506	-0.053272
NC_050068.2	286019127	287889714	-0.143486	-0.035104	-0.022510	-0.143486
NC_050068.2	286019331	287889720	-0.296719	-0.077431	-0.047786	-0.296719
NC_050068.2	286019339	288485439	-0.411906	-0.110719	-0.065401	-0.411906
NC_050068.2	286665876	288485495	-0.418705	-0.110623	-0.065779	-0.418705
NC_050068.2	286898463	288485686	-0.448122	-0.169028	-0.107488	-0.448122
NC_050068.2	286949195	288485703	-0.967390	-0.299823	-0.183109	-0.967390
NC_050068.2	286949270	288768608	-0.967390	-0.384013	-0.172832	-0.967390
NC_050068.2	287444627	289250917	-0.926666	-0.324095	-0.157767	-0.926666
NC_050068.2	287889442	289250924	-0.895218	-0.375875	-0.207546	-0.895218
NC_050068.2	287889714	289250983	-0.767034	-0.163254	-0.099894	-0.767034
NC_050068.2	287889720	289251192	-0.129622	-0.009590	-0.006510	-0.129622
NC_050068.2	288485439	290444670	-0.403788	-0.038713	-0.024875	-0.636233
NC_050068.2	288485495	290444939	-0.374841	-0.029465	-0.020234	-0.614594
NC_050068.2	288485686	290444943	-0.346493	-0.025800	-0.018019	-0.593286
NC_050068.2	288485703	291093675	-0.322485	-0.016097	-0.012476	-0.579572
NC_050068.2	288768608	291752412	-0.294306	-0.013152	-0.009976	-0.558746
NC_050068.2	289250917	292178747	-0.287412	-0.012209	-0.010447	-0.553736
NC_050068.2	289250924	293830754	-0.407075	-0.011030	-0.007713	-0.623118
NC_050068.2	289250983	293830809	-0.542855	-0.014381	-0.009674	-0.708729
NC_050068.2	289251192	294457489	-0.622152	-0.015127	-0.010214	-0.756988
NC_050068.2	290444670	294712677	-0.708344	-0.016995	-0.011043	-0.807088
NC_050068.2	290444939	294712685	0.747785	0.007084	0.004787	0.668487
NC_050068.2	290444943	294712912	0.828064	0.011839	0.007809	0.762187
NC_050068.2	291093675	294790360	0.864080	0.015708	0.010370	0.509394
NC_050068.2	291752412	294791636	-0.308019	-0.018472	-0.010682	-0.245697
NC_050068.2	292178747	294791637	-0.306928	-0.019335	-0.011283	-0.247627
NC_050068.2	293830754	294791638	-0.585058	-0.066410	-0.036104	-0.507102
NC_050068.2	293830809	295039913	-0.535469	-0.108521	-0.067150	-0.414657
NC_050068.2	294457489	295201442	-0.514845	-0.096751	-0.063517	-0.346165
NC_050068.2	294712677	295201452	-0.506386	-0.108469	-0.072930	-0.302034
NC_050068.2	294712685	298104950	-0.519260	-0.072347	-0.054965	-0.308648
NC_050068.2	294712912	298127225	-0.058165	-0.010417	-0.007979	-0.039426
NC_050068.2	294790360	298752169	0.063630	0.011824	0.009234	0.044792
NC_050068.2	294791636	298752230	0.164019	0.034491	0.026874	0.126447
NC_050068.2	294791637	298752237	0.549571	0.104177	0.088538	0.416289
NC_050068.2	294791638	298752363	0.606394	0.133755	0.113390	0.473828
NC_050068.2	295039913	298752368	0.999933	0.199929	0.176548	0.769117
NC_050068.2	295201442	298752416	1.000000	0.219826	0.191668	0.675030
NC_050068.2	295201452	298752441	1.000000	0.253834	0.227218	0.752494
NC_050068.2	298104950	298752455	1.000000	0.273541	0.245783	0.827446
NC_050068.2	298127225	298759104	1.000000	0.358313	0.333983	0.827484
NC_050068.2	298752169	299281047	0.871318	0.257329	0.211870	0.696935
NC_050068.2	298752230	299581015	0.852111	0.229833	0.182169	0.661801
NC_050068.2	298752237	299581304	0.826163	0.186417	0.148269	0.617453
NC_050068.2	298752363	299980523	0.781038	0.113481	0.094451	0.553981
NC_050068.2	298752368	300166351	0.722613	0.071693	0.061052	0.475646
NC_050068.2	298752416	300373756	0.649675	0.046519	0.038983	0.392374
NC_050068.2	298752441	301581148	0.727818	0.054226	0.041880	0.727818
NC_050068.2	298752455	301581431	0.629627	0.035087	0.026913	0.629627
NC_050068.2	298759104	301769946	-0.308237	-0.022584	-0.016785	-0.308237
NC_050068.2	299281047	301770196	-0.306674	-0.023361	-0.016823	-0.280620
NC_050068.2	299581015	302676990	-0.185784	-0.010988	-0.007909	-0.167874
NC_050068.2	299581304	302775091	-0.184901	-0.011333	-0.008315	-0.167089
NC_050068.2	299980523	302775125	-0.184020	-0.011240	-0.008255	-0.166304
NC_050068.2	300166351	302775352	-0.171263	-0.011895	-0.008172	-0.154782
NC_050068.2	300373756	304577799	-0.167225	-0.010218	-0.006733	-0.151183
NC_050068.2	301581148	304753981	-0.270993	-0.015852	-0.010302	-0.243204
NC_050068.2	301581431	304754026	-0.728048	-0.038245	-0.025728	-0.560454
NC_050068.2	301769946	304754080	-0.692878	-0.035727	-0.024412	-0.535891
NC_050068.2	301770196	304754094	0.904980	0.009403	0.006603	0.366927
NC_050068.2	302676990	304754285	0.978489	0.045400	0.032548	0.843872
NC_050068.2	302775091	305355949	0.988434	0.113014	0.082034	0.910351
NC_050068.2	302775125	305355962	0.988574	0.115158	0.083518	0.843300
NC_050068.2	302775352	306087293	0.988571	0.098070	0.068422	0.843258
NC_050068.2	304577799	306087306	0.987412	0.102882	0.073463	0.454281
NC_050068.2	304753981	306087317	0.987343	0.147707	0.111374	0.452904
NC_050068.2	304754026	307065242	0.277508	0.068927	0.045468	0.157805
NC_050068.2	304754080	308256542	0.263674	0.045316	0.033034	0.153547
NC_050068.2	304754094	308675029	0.264319	0.045812	0.032946	0.139670
NC_050068.2	304754285	308675295	0.262277	0.043623	0.031358	0.126625
NC_050068.2	305355949	308675313	-0.053881	-0.007045	-0.004980	-0.022187
NC_050068.2	305355962	309547814	-0.881690	-0.122951	-0.085281	-0.378653
NC_050068.2	306087293	309627374	-0.902823	-0.122695	-0.081899	-0.397659
NC_050068.2	306087306	309710097	-0.905526	-0.135205	-0.092137	-0.398533
NC_050068.2	306087317	310139162	-0.905359	-0.127654	-0.085496	-0.627373
NC_050068.2	307065242	310139464	-0.862176	-0.123932	-0.083103	-0.548076
NC_050068.2	308256542	310336185	-0.476409	-0.049956	-0.037598	-0.241772
NC_050068.2	308675029	310336197	-0.308160	-0.067565	-0.043548	-0.160014
NC_050068.2	308675295	310336254	-0.198109	-0.054207	-0.034783	-0.117905
NC_050068.2	308675313	310336261	-0.119953	-0.044665	-0.027413	-0.079936
NC_050068.2	309547814	310336284	-0.119770	-0.046421	-0.027469	-0.077362
NC_050068.2	309627374	310336288	0.508797	0.158406	0.104781	0.290079
NC_050068.2	309710097	310336457	0.423803	0.176874	0.120343	0.238253
NC_050068.2	310139162	310336470	0.431839	0.357025	0.237270	0.244041
NC_050068.2	310139464	310336478	0.432088	0.460733	0.358745	0.207178
NC_050068.2	310336185	310336545	0.357453	0.478775	0.331784	0.180192
NC_050068.2	310336197	310374879	0.361185	0.458138	0.312016	0.181466
NC_050068.2	310336254	310378225	0.362700	0.156415	0.117155	0.181006
NC_050068.2	310336261	310424115	0.356110	0.102424	0.081464	0.176375
NC_050068.2	310336284	310424145	0.361631	0.089706	0.071098	0.177650
NC_050068.2	310336288	310424177	0.468251	0.101625	0.086031	0.136575
NC_050068.2	310336457	310424214	0.371554	0.071165	0.059850	0.096005
NC_050068.2	310336470	310424217	0.566311	0.098399	0.085433	0.144155
NC_050068.2	310336478	310424225	0.648871	0.085440	0.074011	0.140619
NC_050068.2	310336545	310822837	0.654431	0.076486	0.059205	0.181755
NC_050068.2	310374879	310850616	0.067574	0.010589	0.008054	-0.125973
NC_050068.2	310378225	310887109	-0.084939	-0.010517	-0.008359	-0.175240
NC_050068.2	310424115	311270116	-0.164470	-0.023190	-0.017943	-0.130177
NC_050068.2	310424145	311391330	-0.190356	-0.023062	-0.016457	-0.130886
NC_050068.2	310424177	312081705	-0.170508	-0.015696	-0.011184	-0.127307
NC_050068.2	310424214	312081894	-0.065029	-0.006060	-0.004418	-0.159841
NC_050068.2	310424217	312107970	-0.163606	-0.014395	-0.009850	-0.190655
NC_050068.2	310424225	313209731	-0.517823	-0.059494	-0.040374	-0.394279
NC_050068.2	310822837	314033431	-0.555616	-0.057884	-0.038805	-0.405420
NC_050068.2	310850616	314033517	-0.513709	-0.054777	-0.037065	-0.393043
NC_050068.2	310887109	314033670	-0.247404	-0.018236	-0.012462	-0.212941
NC_050068.2	311270116	314033752	0.429491	0.064374	0.041126	0.063991
NC_050068.2	311391330	314137431	0.432587	0.070834	0.045199	0.114700
NC_050068.2	312081705	314137477	0.417583	0.079166	0.051077	0.104516
NC_050068.2	312081894	316320950	0.424224	0.102998	0.063979	0.104609
NC_050068.2	312107970	316374873	0.404101	0.091997	0.057793	0.082105
NC_050068.2	313209731	316522717	0.418593	0.076140	0.053096	0.091964
NC_050068.2	314033431	316773965	0.999778	0.114115	0.081731	0.783630
NC_050068.2	314033517	316773987	0.999849	0.174940	0.123888	0.856297
NC_050068.2	314033670	317798143	0.317959	0.055421	0.032620	0.329046
NC_050068.2	314033752	317798194	-0.018954	-0.004562	-0.002507	0.034528
NC_050068.2	314137431	317798446	-0.325395	-0.053185	-0.031784	-0.207511
NC_050068.2	314137477	318405020	-0.307624	-0.042875	-0.027370	-0.193985
NC_050068.2	316320950	319402111	-0.076864	-0.011404	-0.007178	-0.013492
NC_050068.2	316374873	321141082	-0.178859	-0.023948	-0.014562	-0.162084
NC_050068.2	316522717	321646163	0.047129	0.007630	0.004681	0.032907
NC_050068.2	316773965	322458297	-0.062425	-0.009631	-0.006265	-0.141235
NC_050068.2	316773987	322918777	-0.064711	-0.010725	-0.006901	-0.147281
NC_050068.2	317798143	322918779	-0.221634	-0.032708	-0.021213	-0.338915
NC_050068.2	317798194	322918780	-0.010054	-0.001473	-0.001079	-0.192227
NC_050068.2	317798446	322919091	0.361304	0.036914	0.027767	0.040467
NC_050068.2	318405020	323661723	0.367886	0.039991	0.029692	0.044132
NC_050068.2	319402111	323661761	0.387740	0.049402	0.035444	0.060633
NC_050068.2	321141082	323661808	0.337129	0.046339	0.034636	0.098036
NC_050068.2	321646163	324422139	0.503783	0.083664	0.069078	0.257380
NC_050068.2	322458297	324422165	0.099807	0.011218	0.008969	-0.003616
NC_050068.2	322918777	325977324	0.971469	0.184096	0.127503	0.749013
NC_050068.2	322918779	327675268	0.489444	0.123129	0.061581	0.252519
NC_050068.2	322918780	327675269	0.196210	0.061519	0.029766	-0.024744
NC_050068.2	322919091	327675295	-0.000593	-0.000223	-0.000104	-0.201469
NC_050068.2	323661723	327675299	-0.143667	-0.072063	-0.032285	-0.324836
NC_050068.2	323661761	327827601	-0.210059	-0.106491	-0.046933	-0.378676
NC_050068.2	323661808	327929282	-0.245014	-0.111336	-0.048222	-0.421375
NC_050068.2	324422139	327929326	-0.045788	-0.022797	-0.010341	-0.360438
NC_050068.2	324422165	328161897	-0.022848	-0.010362	-0.005288	-0.340304
NC_050068.2	325977324	328583350	0.187050	0.071728	0.040028	-0.143957
NC_050068.2	327675268	328872735	0.025556	0.009112	0.005189	-0.299160
NC_050068.2	327675269	328872748	0.162485	0.047252	0.034929	-0.164866
NC_050068.2	327675295	328872776	0.339822	0.079882	0.061903	0.031033
NC_050068.2	327675299	329598434	0.578569	0.087177	0.071588	0.343571
NC_050068.2	327827601	329820720	0.914007	0.108818	0.092239	0.914007
NC_050068.2	327929282	330006232	1.000000	0.119753	0.092779	1.000000
NC_050068.2	327929326	330480070	1.000000	0.121424	0.097711	1.000000
NC_050068.2	328161897	331303932	0.961439	0.064072	0.051573	0.961439
NC_050068.2	328583350	331498236	0.939445	0.061847	0.049209	0.939445
NC_050068.2	328872735	331498237	0.485612	0.004917	0.004114	0.485612
NC_050068.2	328872748	331498545	0.444939	0.005167	0.004159	0.026519
NC_050068.2	328872776	331624540	0.398127	0.004715	0.003336	0.011333
NC_050068.2	329598434	331624583	0.343147	0.004084	0.002810	0.006054
NC_050068.2	329820720	331624821	0.343468	0.006385	0.003554	0.006062
NC_050068.2	330006232	331870308	-0.003607	-0.000068	-0.000034	-0.000053
NC_050068.2	330480070	331870519	0.917680	0.143269	0.090911	0.141580
NC_050068.2	331303932	331933638	0.917983	0.125665	0.076505	0.142069
NC_050068.2	331498236	331933663	0.960570	0.150322	0.086095	0.146156
NC_050068.2	331498237	332294767	0.961812	0.117064	0.074068	0.146266
NC_050068.2	331498545	332294810	0.942636	0.110730	0.071029	0.143883
NC_050068.2	331624540	332294862	0.944013	0.102984	0.064022	0.203704
NC_050068.2	331624583	332295099	0.925970	0.101863	0.069503	0.330673
NC_050068.2	331624821	332884184	0.924987	0.061753	0.043551	0.340921
NC_050068.2	331870308	333219688	0.925270	0.055700	0.040758	0.341837
NC_050068.2	331870519	333219747	0.941578	0.056270	0.041565	0.209140
NC_050068.2	331933638	335609626	0.293781	0.001116	0.000847	0.006779
NC_050068.2	331933663	335609678	0.601792	0.004234	0.003302	0.024197
NC_050068.2	332294767	335902626	0.492379	0.003339	0.002581	0.020807
NC_050068.2	332294810	336307001	0.611630	0.004236	0.003256	0.025689
NC_050068.2	332294862	336453868	0.318999	0.002756	0.002105	0.016220
NC_050068.2	332295099	336454024	0.242157	0.001968	0.001538	0.007480
NC_050068.2	332884184	338378757	0.566048	0.006056	0.004733	0.025661
NC_050068.2	333219688	338379058	0.516457	0.007677	0.005974	0.034906
NC_050068.2	333219747	338457481	0.736949	0.023218	0.018174	0.086650
NC_050068.2	335609626	338457652	0.909730	0.078373	0.062181	0.394402
NC_050068.2	335609678	338457679	0.910827	0.138559	0.104228	0.397614
NC_050068.2	335902626	338486858	0.906594	0.110552	0.080030	0.385456
NC_050068.2	336307001	338500634	0.922578	0.116095	0.088431	0.396507
NC_050068.2	336453868	338500745	0.921713	0.118699	0.089658	0.252443
NC_050068.2	336454024	339458886	0.987928	0.137980	0.105770	0.296842
NC_050068.2	338378757	339617775	0.992325	0.199300	0.155587	0.568506
NC_050068.2	338379058	339894523	0.992223	0.232831	0.185490	0.565227
NC_050068.2	338457481	339894574	0.999773	0.219837	0.183789	0.569390
NC_050068.2	338457652	339894584	0.999749	0.197336	0.165197	0.544760
NC_050068.2	338457679	339894629	0.999577	0.119773	0.099889	0.418072
NC_050068.2	338486858	340315068	0.999571	0.100103	0.085665	0.414960
NC_050068.2	338500634	340315372	0.999570	0.116102	0.106698	0.414234
NC_050068.2	338500745	340483470	0.999578	0.126533	0.098950	0.418932
NC_050068.2	339458886	340483723	1.000000	0.130128	0.102153	1.000000
NC_050068.2	339617775	341089604	0.833259	0.103880	0.074663	0.776551
NC_050068.2	339894523	341096893	0.447039	0.016683	0.012015	0.377408
NC_050068.2	339894574	341472389	0.349646	0.008612	0.006575	0.296119
NC_050068.2	339894584	342347537	0.336839	0.007811	0.005754	0.285895
NC_050068.2	339894629	342347773	0.337264	0.007501	0.005492	0.286233
NC_050068.2	340315068	342699982	0.805667	0.048487	0.036062	0.739555
NC_050068.2	340315372	342903561	0.806379	0.054312	0.041032	0.740432
NC_050068.2	340483470	342903593	0.897551	0.114263	0.086322	0.857156
NC_050068.2	340483723	342903620	0.929329	0.173693	0.144116	0.900069
NC_050068.2	341089604	342903640	0.928377	0.171485	0.135352	0.898766
NC_050068.2	341096893	343302010	1.000000	0.138832	0.102401	1.000000
NC_050068.2	341472389	343302017	1.000000	0.143963	0.105069	1.000000
NC_050068.2	342347537	343302033	1.000000	0.177934	0.122504	1.000000
NC_050068.2	342347773	343302221	1.000000	0.181667	0.123518	1.000000
NC_050068.2	342699982	344116863	1.000000	0.179795	0.125418	1.000000
NC_050068.2	342903561	344117183	1.000000	0.177836	0.114077	1.000000
NC_050068.2	342903593	344540711	0.990448	0.194391	0.116840	0.990448
NC_050068.2	342903620	344764755	0.982871	0.098433	0.056814	0.982871
NC_050068.2	342903640	344765013	0.898490	0.015288	0.008390	0.898490
NC_050068.2	343302010	344965665	0.920583	0.020022	0.011523	0.920583
NC_050068.2	343302017	345685190	0.977677	0.086039	0.052508	0.977677
NC_050068.2	343302033	345685203	0.980777	0.094360	0.057486	0.780319
NC_050068.2	343302221	345685486	0.983128	0.101209	0.063223	0.677579
NC_050068.2	344116863	345899891	0.983106	0.107204	0.059925	0.677288
NC_050068.2	344117183	345900104	0.982073	0.110204	0.056679	0.663950
NC_050068.2	344540711	345970615	0.982203	0.100041	0.055548	0.665602
NC_050068.2	344764755	345970672	1.000000	0.093968	0.053204	0.677853
NC_050068.2	344765013	345970673	1.000000	0.098780	0.057968	0.669301
NC_050068.2	344965665	345970675	0.999719	0.106792	0.063851	0.304749
NC_050068.2	345685190	345970955	0.999704	0.100888	0.057550	0.293237
NC_050068.2	345685203	345970961	0.999192	0.046815	0.027566	0.132119
NC_050068.2	345685486	345970966	0.997347	0.031397	0.018240	0.051859
NC_050068.2	345899891	345991498	0.999436	0.145044	0.084989	0.216274
NC_050068.2	345900104	345991702	0.981618	0.142855	0.106034	0.212690
NC_050068.2	345970615	345991705	0.028824	0.009207	0.006448	0.009935
NC_050068.2	345970672	345991799	0.263943	0.120657	0.082415	0.108125
NC_050068.2	345970673	346766512	0.254043	0.115757	0.087485	0.104149
NC_050068.2	345970675	346766589	0.246589	0.111783	0.084473	0.101054
NC_050068.2	345970955	346817264	0.281999	0.100330	0.073546	0.167217
NC_050068.2	345970961	346817541	0.315484	0.118028	0.093699	0.190692
NC_050068.2	345970966	346817590	0.288406	0.125526	0.096140	0.175371
NC_050068.2	345991498	346817603	0.306871	0.123579	0.097104	0.312795
NC_050068.2	345991702	346973378	-0.007300	-0.002310	-0.001713	0.005163
NC_050068.2	345991705	347040977	0.010468	0.003032	0.002124	0.022605
NC_050068.2	345991799	347041104	0.865329	0.122653	0.097605	0.868272
NC_050068.2	346766512	347304198	0.701923	0.042405	0.025165	0.715966
NC_050068.2	346766589	347507892	-0.143927	-0.016039	-0.009154	-0.116168
NC_050068.2	346817264	347507943	-0.430003	-0.082072	-0.041488	-0.406710
NC_050068.2	346817541	348248956	-0.546758	-0.053148	-0.029493	-0.519542
NC_050068.2	346817590	348249005	-0.707194	-0.064531	-0.035244	-0.674100
NC_050068.2	346817603	348249216	-0.706455	-0.064283	-0.033872	-0.673293
NC_050068.2	346973378	349279857	-0.811810	-0.048511	-0.025957	-0.811810
NC_050068.2	347040977	349433729	-0.842313	-0.047295	-0.023822	-0.842313
NC_050068.2	347041104	349569886	-0.908036	-0.062077	-0.031206	-0.908036
NC_050068.2	347304198	349570042	-0.915783	-0.071062	-0.034762	-0.853871
NC_050068.2	347507892	349570045	-0.900132	-0.085585	-0.044302	-0.779840
NC_050068.2	347507943	351290458	-0.861621	-0.056143	-0.029878	-0.709892
NC_050068.2	348248956	351298372	-0.704449	-0.024350	-0.014157	-0.438943
NC_050068.2	348249005	351526297	-0.731064	-0.035571	-0.020047	-0.456126
NC_050068.2	348249216	353424785	-0.611101	-0.029671	-0.017244	-0.390429
NC_050068.2	349279857	353424820	-0.591029	-0.027294	-0.015961	-0.371498
NC_050068.2	349433729	353591195	-0.577270	-0.039875	-0.022236	-0.363904
NC_050068.2	349569886	353591465	-0.577928	-0.040010	-0.026572	-0.364268
NC_050069.1	704813	4547150	1.000000	0.065330	0.053356	0.915918
NC_050069.1	851201	4547406	1.000000	0.101807	0.080369	0.915945
NC_050069.1	851253	4585416	1.000000	0.149787	0.118053	0.940859
NC_050069.1	3370589	4734574	1.000000	0.140530	0.112248	0.940913
NC_050069.1	3370874	4931690	1.000000	0.135176	0.104418	0.940326
NC_050069.1	3425329	5066946	0.782478	0.117480	0.086407	0.736535
NC_050069.1	3425404	5198121	0.777360	0.103743	0.072599	0.730708
NC_050069.1	4418176	5305142	0.698957	0.063469	0.045508	0.643413
NC_050069.1	4547095	5342385	0.796300	0.111943	0.083823	0.792668
NC_050069.1	4547150	5465819	0.800300	0.119418	0.088517	0.796722
NC_050069.1	4547406	6435226	0.728303	0.075294	0.050346	0.723879
NC_050069.1	4585416	6435234	0.728258	0.075270	0.050331	0.723834
NC_050069.1	4734574	6435472	-0.058545	-0.006686	-0.004279	-0.058204
NC_050069.1	4931690	6435477	-0.059542	-0.007198	-0.004510	-0.059194
NC_050069.1	5066946	6733741	-0.061661	-0.009069	-0.005705	-0.061301
NC_050069.1	5198121	7828699	-0.269226	-0.050542	-0.029077	-0.269203
NC_050069.1	5305142	8180303	-0.425681	-0.104283	-0.059460	-0.424296
NC_050069.1	5342385	8180380	-0.430628	-0.111934	-0.062095	-0.429222
NC_050069.1	5465819	8216484	-0.881240	-0.157589	-0.091297	-0.877460
NC_050069.1	6435226	8513318	-0.499563	-0.108667	-0.061674	-0.497854
NC_050069.1	6435234	8996285	-0.607423	-0.178427	-0.108265	-0.605778
NC_050069.1	6435472	8996526	-0.679746	-0.256725	-0.146217	-0.678221
NC_050069.1	6435477	8996539	-0.681056	-0.254566	-0.145910	-0.679566
NC_050069.1	6733741	8996544	-0.700896	-0.295045	-0.162335	-0.699443
NC_050069.1	7828699	10556658	-0.701682	-0.271165	-0.142073	-0.700226
NC_050069.1	8180303	10797273	-0.701682	-0.278170	-0.164731	-0.700226
NC_050069.1	8180380	10797516	-0.709376	-0.367313	-0.196115	-0.709376
NC_050069.1	8216484	10890694	-0.700345	-0.356403	-0.192296	-0.700345
NC_050069.1	8513318	10890712	-0.704556	-0.405978	-0.196991	-0.704556
NC_050069.1	8996285	12151862	-0.962788	-0.440394	-0.209307	-0.961459
NC_050069.1	8996526	12152117	-0.947915	-0.354720	-0.175714	-0.946304
NC_050069.1	8996539	12152153	-0.947742	-0.353597	-0.175023	-0.946126
NC_050069.1	8996544	12251602	-0.926902	-0.254191	-0.130922	-0.924844
NC_050069.1	10556658	12251619	-0.913101	-0.212486	-0.113709	-0.910850
NC_050069.1	10797273	12843269	-0.934311	-0.215742	-0.123429	-0.928284
NC_050069.1	10797516	12843408	-0.858938	-0.164833	-0.094347	-0.851624
NC_050069.1	10890694	13046400	-0.356598	-0.055670	-0.034203	-0.352373
NC_050069.1	10890712	13046401	-0.105667	-0.021854	-0.013047	-0.103866
NC_050069.1	12151862	13046402	0.026841	0.006588	0.004023	0.027665
NC_050069.1	12152117	15402748	0.023445	0.005129	0.003280	0.015824
NC_050069.1	12152153	15402750	0.019064	0.004422	0.002760	0.009718
NC_050069.1	12251602	15403016	0.390320	0.063823	0.042177	0.169742
NC_050069.1	12251619	15403035	0.404949	0.065438	0.044967	0.178525
NC_050069.1	12843269	15403037	0.418893	0.069898	0.048238	0.187124
NC_050069.1	12843408	16396246	0.414257	0.099803	0.060193	0.185901
NC_050069.1	13046400	16925037	0.399239	0.067291	0.041716	0.176664
NC_050069.1	13046401	17154776	0.471135	0.081308	0.050374	0.221901
NC_050069.1	13046402	17837798	0.366672	0.048416	0.029025	0.147428
NC_050069.1	15402748	17837836	0.262428	0.029120	0.017562	0.090604
NC_050069.1	15402750	17998640	0.267919	0.033630	0.020816	0.105983
NC_050069.1	15403016	17998886	0.401954	0.059883	0.037520	0.250687
NC_050069.1	15403035	17998945	0.491076	0.087390	0.054420	0.324466
NC_050069.1	15403037	17998949	0.549923	0.117070	0.071342	0.378184
NC_050069.1	16396246	18127517	0.543693	0.105804	0.065239	0.372290
NC_050069.1	16925037	18393270	1.000000	0.126016	0.083922	0.627607
NC_050069.1	17154776	19441252	1.000000	0.125497	0.084697	0.628336
NC_050069.1	17837798	20372915	0.999883	0.091818	0.061706	0.512840
NC_050069.1	17837836	20434765	0.314457	0.046149	0.030641	0.204455
NC_050069.1	17998640	20520052	0.450790	0.072931	0.049138	0.338940
NC_050069.1	17998886	20584764	0.449040	0.079723	0.050701	0.430347
NC_050069.1	17998945	20764528	0.366413	0.055113	0.035381	0.348980
NC_050069.1	17998949	21109494	0.239609	0.028756	0.018166	0.226057
NC_050069.1	18127517	21109503	0.043986	0.004313	0.002697	0.022508
NC_050069.1	18393270	22423966	0.089329	0.009763	0.006039	0.046793
NC_050069.1	19441252	22764374	0.067020	0.008446	0.004611	0.035231
NC_050069.1	20372915	23285189	0.064609	0.008962	0.005026	0.033922
NC_050069.1	20434765	23511020	0.024540	0.002832	0.001692	0.012575
NC_050069.1	20520052	23598462	0.940077	0.050878	0.032320	0.336901
NC_050069.1	20584764	23598497	0.763323	0.012511	0.007635	0.094572
NC_050069.1	20764528	24144439	0.818398	0.014208	0.009672	0.127361
NC_050069.1	21109494	25773023	0.951148	0.051280	0.033386	0.386710
NC_050069.1	21109503	25773026	0.951316	0.052270	0.034805	0.387572
NC_050069.1	22423966	25929141	0.955931	0.053037	0.033515	0.853848
NC_050069.1	22764374	25929491	0.954126	0.050704	0.032201	0.848526
NC_050069.1	23285189	26109478	0.999983	0.053264	0.036716	0.797738
NC_050069.1	23511020	26758543	0.999983	0.051445	0.033943	0.797560
NC_050069.1	23598462	26758572	1.000000	0.101503	0.064826	0.932659
NC_050069.1	23598497	26758581	1.000000	0.107954	0.069292	0.932852
NC_050069.1	24144439	27743630	1.000000	0.093310	0.061085	0.932972
NC_050069.1	25773023	27743897	1.000000	0.107474	0.066023	0.930897
NC_050069.1	25773026	28834750	0.816870	0.068324	0.042664	0.727434
NC_050069.1	25929141	28834765	0.816850	0.068402	0.042692	0.727409
NC_050069.1	25929491	30615845	0.812329	0.059023	0.041890	0.721433
NC_050069.1	26109478	30615898	0.807579	0.057210	0.040607	0.715189
NC_050069.1	26758543	30616127	0.811551	0.062040	0.049043	0.811551
NC_050069.1	26758572	30616175	0.815297	0.078749	0.064365	0.815297
NC_050069.1	26758581	30829720	0.471112	0.016122	0.013985	0.274579
NC_050069.1	27743630	31163094	0.106799	0.004679	0.003780	0.068427
NC_050069.1	27743897	32092735	0.154294	0.008708	0.007332	0.100784
NC_050069.1	28834750	32120271	0.149176	0.008288	0.006568	0.097237
NC_050069.1	28834765	32164259	0.773227	0.071872	0.054243	0.664137
NC_050069.1	30615845	32954143	0.770887	0.058219	0.041207	0.661780
NC_050069.1	30615898	32954152	0.763516	0.068472	0.046039	0.654457
NC_050069.1	30616127	32954165	0.771045	0.071906	0.048240	0.610736
NC_050069.1	30616175	33197676	0.766333	0.054440	0.039410	0.605747
NC_050069.1	30829720	33197717	0.764261	0.053816	0.039911	0.603577
NC_050069.1	31163094	33758175	0.736148	0.045878	0.034107	0.704819
NC_050069.1	32092735	33758192	1.000000	0.054816	0.042875	0.886865
NC_050069.1	32120271	33758515	0.999712	0.055603	0.041749	0.353428
NC_050069.1	32164259	34293005	0.998156	0.059227	0.045448	0.222383
NC_050069.1	32954143	34621787	0.833748	0.009727	0.007023	0.031854
NC_050069.1	32954152	35324482	-0.726358	-0.063309	-0.047773	-0.151875
NC_050069.1	32954165	35633468	-0.680767	-0.056124	-0.037649	-0.145379
NC_050069.1	33197676	35733471	0.090466	0.013673	0.008821	0.031014
NC_050069.1	33197717	35733477	-0.278115	-0.098069	-0.049565	-0.121670
NC_050069.1	33758175	36390471	-0.469378	-0.175959	-0.087029	-0.238165
NC_050069.1	33758192	36390799	-0.579179	-0.295299	-0.133329	-0.325981
NC_050069.1	33758515	36390811	-0.355001	-0.214196	-0.095900	-0.213026
NC_050069.1	34293005	36403844	-0.351643	-0.177898	-0.089805	-0.264918
NC_050069.1	34621787	36796513	-0.362775	-0.165541	-0.080006	-0.362775
NC_050069.1	35324482	36809831	-0.411486	-0.205781	-0.093014	-0.454263
NC_050069.1	35633468	36809866	-0.372113	-0.215308	-0.088261	-0.462083
NC_050069.1	35733471	36911059	-0.426008	-0.295750	-0.113665	-0.533771
NC_050069.1	35733477	37165842	-0.685064	-0.404616	-0.154686	-0.752610
NC_050069.1	36390471	37165869	-0.609423	-0.266467	-0.112783	-0.707093
NC_050069.1	36390799	37166165	-0.492156	-0.210400	-0.087511	-0.644506
NC_050069.1	36390811	37166255	-0.281366	-0.077448	-0.035959	-0.550718
NC_050069.1	36403844	38869313	-0.945620	-0.221814	-0.098455	-0.964178
NC_050069.1	36796513	38871473	-0.945240	-0.244798	-0.098687	-0.963952
NC_050069.1	36809831	38871549	-0.942887	-0.283828	-0.112097	-0.963056
NC_050069.1	36809866	39170345	-0.173638	-0.064308	-0.032892	-0.402050
NC_050069.1	36911059	39522051	-0.299265	-0.091520	-0.050162	-0.395172
NC_050069.1	37165842	40056121	-0.150765	-0.031932	-0.016989	-0.149968
NC_050069.1	37165869	40860909	-0.144294	-0.030877	-0.016287	-0.135083
NC_050069.1	37166165	40860948	0.110001	0.030852	0.016126	0.104461
NC_050069.1	37166255	40995128	0.109739	0.029172	0.014991	0.104211
NC_050069.1	38869313	40995140	0.109478	0.029970	0.015179	0.103961
NC_050069.1	38871473	40995362	0.330212	0.076459	0.040820	0.285953
NC_050069.1	38871549	40995375	0.328965	0.078274	0.042717	0.284802
NC_050069.1	39170345	40995401	0.337192	0.076048	0.044061	0.291871
NC_050069.1	39522051	41037581	-0.298419	-0.067477	-0.035105	-0.255396
NC_050069.1	40056121	41291762	0.110127	0.019532	0.010267	0.087501
NC_050069.1	40860909	41325795	0.097926	0.020939	0.013510	0.077588
NC_050069.1	40860948	42514940	0.078577	0.018789	0.012727	0.067211
NC_050069.1	40995128	42515155	-0.586359	-0.070639	-0.049989	-0.403541
NC_050069.1	40995140	42971644	-0.510627	-0.038926	-0.025602	-0.356731
NC_050069.1	40995362	42971647	-0.451036	-0.035435	-0.023387	-0.318891
NC_050069.1	40995375	43035779	-0.485931	-0.038499	-0.025428	-0.374404
NC_050069.1	40995401	43035987	0.084855	0.010373	0.006684	0.071701
NC_050069.1	41037581	43035991	0.361299	0.062789	0.040570	0.320290
NC_050069.1	41291762	43420011	0.988617	0.111758	0.077497	0.696499
NC_050069.1	41325795	43420064	0.988494	0.109903	0.076348	0.595469
NC_050069.1	42514940	43569465	0.988869	0.113934	0.081203	0.606422
NC_050069.1	42515155	44219575	1.000000	0.100235	0.072081	0.630433
NC_050069.1	42971644	44811861	0.987616	0.098707	0.068484	0.654922
NC_050069.1	42971647	44811865	0.974574	0.154152	0.118340	0.640711
NC_050069.1	43035779	44812150	0.960976	0.159544	0.120252	0.626957
NC_050069.1	43035987	44812157	0.946179	0.153694	0.115463	0.647837
NC_050069.1	43035991	44812173	0.890079	0.101537	0.079134	0.510350
NC_050069.1	43420011	44812195	0.538002	0.019104	0.014583	0.162534
NC_050069.1	43420064	44812197	0.462010	0.018187	0.014149	0.221413
NC_050069.1	43569465	44812199	0.386301	0.017711	0.013281	0.426621
NC_050069.1	44219575	44812226	0.165563	0.006680	0.004729	0.165563
NC_050069.1	44811861	45724562	-1.000000	-0.230101	-0.148803	-1.000000
NC_050069.1	44811865	45724639	-0.816667	-0.239311	-0.169667	-0.816667
NC_050069.1	44812150	46201169	-0.572036	-0.118278	-0.083437	-0.572036
NC_050069.1	44812157	46201462	-0.381622	-0.086352	-0.060185	-0.381622
NC_050069.1	44812173	47290392	-0.314647	-0.040222	-0.026779	-0.284409
NC_050069.1	44812195	47976679	0.199083	0.026188	0.018806	0.186836
NC_050069.1	44812197	48131796	0.208159	0.024709	0.017596	0.195345
NC_050069.1	44812199	48131939	0.217248	0.024600	0.017758	0.203865
NC_050069.1	44812226	48131998	0.226349	0.024499	0.017327	0.212397
NC_050069.1	45724562	48594881	0.252910	0.023380	0.017206	0.224250
NC_050069.1	45724639	48645143	0.999920	0.059352	0.044869	0.831432
NC_050069.1	46201169	48923893	0.999919	0.060880	0.044394	0.829881
NC_050069.1	46201462	48924107	0.999914	0.056528	0.042574	0.820657
NC_050069.1	47290392	48924129	0.999946	0.087036	0.066459	0.879241
NC_050069.1	47976679	48928506	0.999945	0.106647	0.086063	0.934988
NC_050069.1	48131796	48981101	0.999910	0.088170	0.071291	0.897488
NC_050069.1	48131939	49137844	0.999909	0.097912	0.074544	0.897224
NC_050069.1	48131998	49137859	0.999909	0.098067	0.071844	0.897189
NC_050069.1	48594881	49137879	0.979212	0.103618	0.074349	0.878899
NC_050069.1	48645143	49137911	0.978351	0.143311	0.096136	0.978351
NC_050069.1	48923893	49137935	0.119405	0.036533	0.021226	0.119390
NC_050069.1	48924107	49137936	-0.251784	-0.109069	-0.062511	-0.251741
NC_050069.1	48924129	49138103	-0.277934	-0.152340	-0.077691	-0.277886
NC_050069.1	48928506	49573416	-0.805852	-0.319690	-0.161238	-0.731342
NC_050069.1	48981101	49573712	-0.747501	-0.309960	-0.155447	-0.624509
NC_050069.1	49137844	49709709	-0.842317	-0.482210	-0.219200	-0.731261
NC_050069.1	49137859	50058027	-0.882368	-0.602713	-0.291052	-0.790465
NC_050069.1	49137879	50167380	-0.909955	-0.770995	-0.363821	-0.832675
NC_050069.1	49137911	50167423	-0.898919	-0.647456	-0.360428	-0.822768
NC_050069.1	49137935	50167633	-0.898722	-0.684922	-0.371728	-0.822594
NC_050069.1	49137936	50167638	-0.871040	-0.527105	-0.313685	-0.780459
NC_050069.1	49138103	50167666	-0.825076	-0.341059	-0.230759	-0.713907
NC_050069.1	49573416	50167692	-0.828874	-0.345428	-0.232243	-0.710456
NC_050069.1	49573712	50167699	-0.887354	-0.417751	-0.266417	-0.802314
NC_050069.1	49709709	50167705	-0.950345	-0.510996	-0.306350	-0.920777
NC_050069.1	50058027	50258224	-0.928090	-0.350838	-0.233679	-0.487975
NC_050069.1	50167380	50258616	-0.781559	-0.126190	-0.109041	-0.306327
NC_050069.1	50167423	50545192	0.283540	0.006553	0.005900	0.028080
NC_050069.1	50167633	50841140	0.173727	0.003491	0.003143	0.015117
NC_050069.1	50167638	50955413	-0.137078	-0.003536	-0.002750	-0.014852
NC_050069.1	50167666	52203599	0.793528	0.071560	0.053215	0.318139
NC_050069.1	50167692	52678386	0.658485	0.050697	0.038428	0.276094
NC_050069.1	50167699	52678426	0.687781	0.047450	0.036145	0.290196
NC_050069.1	50167705	53247646	0.739824	0.046816	0.035494	0.310362
NC_050069.1	50258224	54016580	0.774583	0.048880	0.034456	0.340724
NC_050069.1	50258616	55471716	0.777011	0.050733	0.034369	0.777575
NC_050069.1	50545192	55657050	0.768180	0.051867	0.032653	0.769382
NC_050069.1	50841140	57049088	0.769740	0.056424	0.034335	0.770926
NC_050069.1	50955413	57049157	0.763951	0.059410	0.034140	0.759947
NC_050069.1	52203599	57300963	0.838693	0.061593	0.035200	0.833595
NC_050069.1	52678386	58082213	0.259869	0.005776	0.003096	0.269030
NC_050069.1	52678426	58082456	-0.693838	-0.094910	-0.040859	-0.678339
NC_050069.1	53247646	58211109	-0.669621	-0.105591	-0.043334	-0.659563
NC_050069.1	54016580	58488310	-0.669548	-0.094822	-0.042512	-0.659490
NC_050069.1	55471716	58488681	-0.845521	-0.077022	-0.046856	-0.832336
NC_050069.1	55657050	58777585	-0.855876	-0.067463	-0.043110	-0.842495
NC_050069.1	57049088	59196547	-0.912689	-0.104899	-0.071840	-0.907632
NC_050069.1	57049157	59231937	-0.875703	-0.096117	-0.069551	-0.870945
NC_050069.1	57300963	59323527	-0.803380	-0.069502	-0.051120	-0.803380
NC_050069.1	58082213	59892526	-0.874057	-0.119106	-0.085800	-0.874057
NC_050069.1	58082456	60359404	-0.875498	-0.114467	-0.083450	-0.875498
NC_050069.1	58211109	60681446	-0.806989	-0.064756	-0.048817	-0.806989
NC_050069.1	58488310	60681464	-0.795314	-0.066156	-0.049508	-0.795314
NC_050069.1	58488681	61658123	-0.151245	-0.016685	-0.012276	-0.151245
NC_050069.1	58777585	61658319	0.152718	0.027243	0.019086	0.152718
NC_050069.1	59196547	63312719	0.329187	0.070956	0.052154	0.329187
NC_050069.1	59231937	64951729	0.501599	0.092266	0.066616	0.501599
NC_050069.1	59323527	64951824	0.497782	0.094683	0.068128	0.497782
NC_050069.1	59892526	65420552	0.499682	0.108904	0.076541	0.499682
NC_050069.1	60359404	65420571	0.955850	0.155881	0.121310	0.955850
NC_050069.1	60681446	65420724	0.963136	0.160439	0.124926	0.963136
NC_050069.1	60681464	65745192	0.963291	0.155551	0.117877	0.963291
NC_050069.1	61658123	66589400	0.510180	0.110874	0.074657	0.510180
NC_050069.1	61658319	67897350	0.377819	0.068012	0.046373	0.361839
NC_050069.1	63312719	67897425	0.122108	0.016189	0.010902	0.114946
NC_050069.1	64951729	67897439	-0.500188	-0.047565	-0.029933	-0.452494
NC_050069.1	64951824	68758293	-0.462719	-0.040652	-0.026503	-0.417215
NC_050069.1	65420552	68758527	-0.458409	-0.040392	-0.026334	-0.413449
NC_050069.1	65420571	68758536	-0.535314	-0.048242	-0.033549	-0.480327
NC_050069.1	65420724	69798395	-0.626591	-0.047918	-0.032927	-0.558815
NC_050069.1	65745192	69813883	-0.524394	-0.045158	-0.025951	-0.470873
NC_050069.1	66589400	70623501	-0.531419	-0.040670	-0.021125	-0.476956
NC_050069.1	67897350	70667943	0.942809	0.019089	0.010765	0.676400
NC_050069.1	67897425	71331782	0.930861	0.016268	0.008742	0.931548
NC_050069.1	67897439	71331786	0.931359	0.016342	0.008795	0.932036
NC_050069.1	68758293	71331826	-0.526685	-0.037744	-0.019716	-0.522966
NC_050069.1	68758527	71816293	-0.533192	-0.039866	-0.017622	-0.422046
NC_050069.1	68758536	72146921	-0.389414	-0.031736	-0.013771	-0.313516
NC_050069.1	69798395	72490949	-0.407270	-0.033074	-0.014109	-0.327862
NC_050069.1	69813883	73464981	-0.378427	-0.033296	-0.013828	-0.259137
NC_050069.1	70623501	73767088	-0.546531	-0.040874	-0.019367	-0.361599
NC_050069.1	70667943	73767126	-0.523703	-0.046950	-0.024063	-0.348122
NC_050069.1	71331782	73767434	-0.588021	-0.053375	-0.027598	-0.385757
NC_050069.1	71331786	73998739	-0.601712	-0.074188	-0.035040	-0.398273
NC_050069.1	71331826	74188992	-0.596771	-0.067222	-0.033319	-0.395423
NC_050069.1	71816293	74189234	0.893244	0.021622	0.011421	0.267803
NC_050069.1	72146921	74205429	0.914065	0.034335	0.023357	0.278222
NC_050069.1	72490949	74493202	0.868874	0.021896	0.015673	0.192094
NC_050069.1	73464981	74493215	0.958599	0.026104	0.019788	0.225633
NC_050069.1	73767088	74493251	0.956598	0.026738	0.021214	0.317048
NC_050069.1	73767126	74493312	0.959743	0.026126	0.021151	0.334678
NC_050069.1	73767434	74493315	-0.633608	-0.091997	-0.070533	-0.462092
NC_050069.1	73998739	74530874	-0.649596	-0.106696	-0.080987	-0.473695
NC_050069.1	74188992	74661091	-0.629625	-0.082155	-0.061979	-0.458440
NC_050069.1	74189234	74688403	-0.640701	-0.097013	-0.059396	-0.465644
NC_050069.1	74205429	74688405	-0.655911	-0.103647	-0.062173	-0.475494
NC_050069.1	74493202	74688408	-0.767491	-0.126234	-0.074077	-0.767491
NC_050069.1	74493215	74827034	-0.747419	-0.111599	-0.065997	-0.747419
NC_050069.1	74493251	76328968	-0.312671	-0.053555	-0.031320	-0.312671
NC_050069.1	74493312	76578087	-0.298285	-0.050037	-0.027821	-0.269978
NC_050069.1	74493315	76955148	-0.298930	-0.042236	-0.023072	-0.270549
NC_050069.1	74530874	77071486	0.968791	0.047623	0.029392	0.772214
NC_050069.1	74661091	77310017	1.000000	0.045669	0.029653	0.796950
NC_050069.1	74688403	77310259	1.000000	0.049134	0.032673	0.796917
NC_050069.1	74688405	78403058	1.000000	0.041432	0.032184	0.799352
NC_050069.1	74688408	78403075	1.000000	0.039499	0.031098	0.801584
NC_050069.1	74827034	79130887	-0.177270	-0.015080	-0.011423	-0.160885
NC_050069.1	76328968	79935975	-0.199448	-0.017719	-0.013627	-0.180698
NC_050069.1	76578087	79935987	-0.594109	-0.042862	-0.033980	-0.522107
NC_050069.1	76955148	79936194	-0.626304	-0.043374	-0.036310	-0.626304
NC_050069.1	77071486	79971369	-0.453223	-0.037240	-0.032063	-0.453223
NC_050069.1	77310017	80383082	-0.755018	-0.118947	-0.089946	-0.755018
NC_050069.1	77310259	80741369	-0.754809	-0.105556	-0.073171	-0.754809
NC_050069.1	78403058	80741397	-0.801222	-0.140147	-0.093469	-0.801222
NC_050069.1	78403075	81669315	-0.322990	-0.076632	-0.049246	-0.322990
NC_050069.1	79130887	81669400	-0.315989	-0.075229	-0.048376	-0.315989
NC_050069.1	79935975	82268923	-0.288996	-0.061775	-0.040456	-0.288930
NC_050069.1	79935987	82268982	-0.280236	-0.059759	-0.039261	-0.255822
NC_050069.1	79936194	82269012	-0.287379	-0.064500	-0.040751	-0.262216
NC_050069.1	79971369	82702707	-0.284661	-0.055153	-0.035702	-0.259784
NC_050069.1	80383082	82702799	-0.352577	-0.076537	-0.048701	-0.320422
NC_050069.1	80741369	82743883	-0.075789	-0.011643	-0.008047	-0.066293
NC_050069.1	80741397	82744158	-0.006650	-0.001170	-0.000899	-0.005864
NC_050069.1	81669315	82809443	0.165533	0.024818	0.019465	0.143036
NC_050069.1	81669400	83002603	-0.531493	-0.053996	-0.042713	-0.412440
NC_050069.1	82268923	83619235	-0.706592	-0.076191	-0.054218	-0.673265
NC_050069.1	82268982	83619497	-0.627988	-0.066743	-0.047398	-0.689676
NC_050069.1	82269012	83909322	-0.633225	-0.067449	-0.047823	-0.785058
NC_050069.1	82702707	83909369	-0.597538	-0.061497	-0.045514	-0.754902
NC_050069.1	82702799	84122274	-0.635142	-0.095344	-0.066371	-0.416248
NC_050069.1	82743883	84122591	-0.577715	-0.072649	-0.049896	-0.400481
NC_050069.1	82744158	84122612	-0.522416	-0.061107	-0.043239	-0.384673
NC_050069.1	82809443	84968833	-0.643977	-0.067915	-0.048431	-0.417039
NC_050069.1	83002603	84969090	-0.546157	-0.054522	-0.035641	-0.389885
NC_050069.1	83619235	85210908	-0.748862	-0.126268	-0.080286	-0.508568
NC_050069.1	83619497	85210938	-0.675683	-0.137913	-0.089961	-0.389580
NC_050069.1	83909322	85911755	-0.378273	-0.053189	-0.029735	-0.155663
NC_050069.1	83909369	85911996	-0.377460	-0.053084	-0.029682	-0.158877
NC_050069.1	84122274	86285025	-0.410094	-0.055820	-0.032357	-0.178135
NC_050069.1	84122591	86285028	-0.403450	-0.053710	-0.031511	-0.353399
NC_050069.1	84122612	86285048	-0.438286	-0.077406	-0.044002	-0.349605
NC_050069.1	84968833	86285069	-0.356290	-0.077693	-0.042471	-0.266304
NC_050069.1	84969090	86285080	-0.297474	-0.088825	-0.043728	-0.214628
NC_050069.1	85210908	86285086	-0.255847	-0.094652	-0.050561	-0.176793
NC_050069.1	85210938	86285090	0.253741	0.075615	0.041761	0.144605
NC_050069.1	85911755	86285097	0.270646	0.091412	0.050932	0.153213
NC_050069.1	85911996	86285098	0.141353	0.072928	0.058262	0.076234
NC_050069.1	86285025	86285267	0.225429	0.142190	0.111294	0.127320
NC_050069.1	86285028	86285268	0.312191	0.471682	0.377056	0.180537
NC_050069.1	86285048	86285275	0.384219	0.658129	0.524521	0.232456
NC_050069.1	86285069	86285279	0.526181	0.731532	0.667018	0.339271
NC_050069.1	86285080	86285287	0.593503	0.670145	0.621029	0.406775
NC_050069.1	86285086	86285299	0.648915	0.673239	0.626946	0.466225
NC_050069.1	86285090	86285303	0.717862	0.687326	0.643074	0.553234
NC_050069.1	86285097	86285304	0.788174	0.699616	0.657271	0.656028
NC_050069.1	86285098	86335391	0.843296	0.553299	0.525054	0.755903
NC_050069.1	86285267	86369520	0.595703	0.342952	0.190447	0.595703
NC_050069.1	86285268	86990003	0.530293	0.167512	0.101846	0.530293
NC_050069.1	86285275	87340121	0.245522	0.049650	0.034760	0.055648
NC_050069.1	86285279	87670540	0.183140	0.030525	0.021531	-0.009668
NC_050069.1	86285287	87670551	0.109513	0.015927	0.011398	-0.084690
NC_050069.1	86285299	87780824	-0.014016	-0.001798	-0.001285	-0.205782
NC_050069.1	86285303	87781188	-0.454216	-0.068876	-0.047857	-0.537305
NC_050069.1	86285304	88069936	-0.619837	-0.084844	-0.058853	-0.683005
NC_050069.1	86335391	88189229	-0.823093	-0.091118	-0.062828	-0.855120
NC_050069.1	86369520	88422281	-0.777564	-0.086570	-0.057855	-0.817187
NC_050069.1	86990003	88422546	-0.648112	-0.055292	-0.041390	-0.723797
NC_050069.1	87340121	88422605	-0.724870	-0.093688	-0.065515	-0.808959
NC_050069.1	87670540	89918056	-0.607084	-0.077486	-0.047091	-0.693710
NC_050069.1	87670551	90039908	-0.797495	-0.165994	-0.094993	-0.829077
NC_050069.1	87780824	90040038	-0.844509	-0.174128	-0.098949	-0.869155
NC_050069.1	87781188	90040042	-0.788254	-0.173104	-0.097002	-0.821160
NC_050069.1	88069936	92148851	-0.752366	-0.157005	-0.080462	-0.828792
NC_050069.1	88189229	92148854	-0.800830	-0.209662	-0.103715	-0.871457
NC_050069.1	88422281	92148936	-0.835046	-0.280361	-0.135055	-0.897930
NC_050069.1	88422546	92148974	-0.889207	-0.379715	-0.177770	-0.933989
NC_050069.1	88422605	92149145	-0.931173	-0.544925	-0.229220	-0.960087
NC_050069.1	89918056	92149154	-0.931566	-0.546597	-0.230735	-0.960349
NC_050069.1	90039908	92474191	-0.952755	-0.750723	-0.294554	-0.972643
NC_050069.1	90040038	92696013	-0.931745	-0.496564	-0.211214	-0.965219
NC_050069.1	90040042	94070341	-0.928867	-0.212658	-0.124621	-0.963726
NC_050069.1	92148851	94070398	-0.973638	-0.203800	-0.122707	-0.986708
NC_050069.1	92148854	94704276	-0.853487	-0.120284	-0.074971	-0.923802
NC_050069.1	92148936	94704331	-0.310091	-0.047112	-0.030371	-0.582264
NC_050069.1	92148974	94704498	-0.118286	-0.016176	-0.010584	-0.433073
NC_050069.1	92149145	95253088	0.111223	0.011452	0.007487	-0.199957
NC_050069.1	92149154	95436031	0.138238	0.013920	0.009113	-0.060682
NC_050069.1	92474191	95832829	0.474946	0.035808	0.024165	0.375240
NC_050069.1	92696013	96488671	0.641589	0.045504	0.033824	0.577408
NC_050069.1	94070341	96488816	0.640538	0.047259	0.035547	0.576446
NC_050069.1	94070398	97143233	0.654645	0.063768	0.046209	0.589462
NC_050069.1	94704276	97316318	0.659418	0.065130	0.045925	0.593919
NC_050069.1	94704331	97316334	0.645157	0.073918	0.056190	0.580683
NC_050069.1	94704498	97490877	0.478766	0.035819	0.027498	0.414488
NC_050069.1	95253088	97923761	0.434693	0.030254	0.022370	0.329715
NC_050069.1	95436031	97980505	0.646657	0.072745	0.054914	0.565763
NC_050069.1	95832829	97980688	0.348882	0.047867	0.035477	0.341483
NC_050069.1	96488671	98023332	0.073333	0.012554	0.009047	0.115023
NC_050069.1	96488816	98023338	-0.151939	-0.047282	-0.028288	-0.128679
NC_050069.1	97143233	98023449	-0.156262	-0.048886	-0.029195	-0.132389
NC_050069.1	97316318	98023548	-0.197406	-0.063794	-0.038770	-0.166344
NC_050069.1	97316334	98411204	0.074551	0.024974	0.015409	0.065148
NC_050069.1	97490877	99178369	0.065709	0.020137	0.012268	0.057353
NC_050069.1	97923761	99786003	0.254680	0.104419	0.053792	0.235236
NC_050069.1	97980505	100607427	0.300123	0.108348	0.062735	0.299959
NC_050069.1	97980688	100607593	0.161667	0.056243	0.032017	0.161561
NC_050069.1	98023332	100607650	0.518981	0.138465	0.082623	0.518539
NC_050069.1	98023338	103490223	0.991214	0.175538	0.107202	0.991214
NC_050069.1	98023449	103773027	0.980025	0.183578	0.104924	0.980025
NC_050069.1	98023548	103773034	0.988839	0.179203	0.104094	0.713942
NC_050069.1	98411204	103773035	0.988982	0.178168	0.104309	0.716599
NC_050069.1	99178369	104189388	0.982775	0.093027	0.063976	0.375041
NC_050069.1	99786003	104550795	0.982708	0.099442	0.063577	0.342983
NC_050069.1	100607427	104565429	0.955115	0.034516	0.025564	0.163505
NC_050069.1	100607593	104565464	0.907387	0.018254	0.013233	0.082568
NC_050069.1	100607650	104565470	0.798757	0.007399	0.005363	0.035177
NC_050069.1	103490223	104726423	-0.599243	-0.021710	-0.015763	-0.203773
NC_050069.1	103773027	104726424	-0.798377	-0.061274	-0.046846	-0.356546
NC_050069.1	103773034	104726779	-0.694284	-0.046985	-0.037887	-0.337977
NC_050069.1	103773035	105727693	-0.729460	-0.044977	-0.034343	-0.425959
NC_050069.1	104189388	106484270	-0.783425	-0.045975	-0.032508	-0.437655
NC_050069.1	104550795	106484286	-0.893438	-0.152565	-0.088400	-0.818990
NC_050069.1	104565429	106484529	-0.733913	-0.137587	-0.088647	-0.813554
NC_050069.1	104565464	106967340	-0.689749	-0.148898	-0.080580	-0.780938
NC_050069.1	104565470	107746313	-0.699470	-0.160907	-0.077045	-0.787666
NC_050069.1	104726423	107746533	-0.701084	-0.163712	-0.077738	-0.788865
NC_050069.1	104726424	107845089	-0.614068	-0.116958	-0.056571	-0.693959
NC_050069.1	104726779	107845090	-0.477783	-0.067111	-0.033369	-0.193243
NC_050069.1	105727693	107845091	-0.550869	-0.101389	-0.044235	-0.134682
NC_050069.1	106484270	107845314	-0.550763	-0.140977	-0.056855	-0.134633
NC_050069.1	106484286	107845351	-0.549537	-0.151927	-0.070342	-0.134413
NC_050069.1	106484529	108282813	0.773127	0.037541	0.022809	0.058763
NC_050069.1	106967340	108433863	0.134654	0.003017	0.001713	0.005185
NC_050069.1	107746313	108838584	-0.008097	-0.000127	-0.000081	-0.000269
NC_050069.1	107746533	108838911	-0.042839	-0.001521	-0.001068	-0.002999
NC_050069.1	107845089	108838926	-0.004392	-0.000145	-0.000105	-0.000318
NC_050069.1	107845090	108943911	0.160414	0.006891	0.004502	0.019030
NC_050069.1	107845091	108944273	0.294878	0.011827	0.007926	0.071658
NC_050069.1	107845314	108977485	0.294505	0.011791	0.007908	0.072388
NC_050069.1	107845351	109006200	0.269827	0.010129	0.006974	0.068638
NC_050069.1	108282813	109160157	0.174250	0.006963	0.004493	0.047901
NC_050069.1	108433863	109186788	0.246828	0.011176	0.006708	0.062873
NC_050069.1	108838584	109186789	0.793743	0.109773	0.069716	0.345602
NC_050069.1	108838911	109186851	0.787184	0.140270	0.092464	0.336978
NC_050069.1	108838926	113798275	0.811985	0.056602	0.035574	0.332962
NC_050069.1	108943911	114488636	0.799544	0.046446	0.029284	0.326156
NC_050069.1	108944273	114488653	0.798677	0.046376	0.030054	0.310574
NC_050069.1	108977485	115191492	0.624484	0.037912	0.024508	0.231115
NC_050069.1	109006200	115551541	0.656711	0.043347	0.028087	0.551137
NC_050069.1	109160157	116681436	0.679908	0.031846	0.021842	0.570529
NC_050069.1	109186788	116681459	0.715979	0.033291	0.023130	0.609794
NC_050069.1	109186789	117157409	0.719226	0.033852	0.023753	0.613682
NC_050069.1	109186851	117157431	0.178167	0.002867	0.002011	0.093666
NC_050069.1	113798275	117157487	0.192272	0.003073	0.002171	0.104588
NC_050069.1	114488636	117157650	-0.562635	-0.037496	-0.028302	-0.500326
NC_050069.1	114488653	117193968	-0.560343	-0.043066	-0.032180	-0.224587
NC_050069.1	115191492	117240392	-0.623511	-0.045820	-0.034282	-0.245387
NC_050069.1	115551541	117504362	-0.585822	-0.042049	-0.032056	-0.138630
NC_050069.1	116681436	117504416	-0.743505	-0.047058	-0.036136	-0.163532
NC_050069.1	116681459	117504532	-0.742008	-0.100653	-0.073170	-0.163312
NC_050069.1	117157409	117504587	-0.754336	-0.108838	-0.080075	-0.122552
NC_050069.1	117157431	117561646	-0.759520	-0.109387	-0.081567	-0.119703
NC_050069.1	117157487	117561652	-0.835543	-0.134602	-0.090146	-0.128432
NC_050069.1	117157650	118529746	-0.854540	-0.115151	-0.080067	-0.132118
NC_050069.1	117193968	119075660	0.432865	0.004884	0.003860	0.007395
NC_050069.1	117240392	119075673	0.470112	0.006422	0.005562	0.009841
NC_050069.1	117504362	119261931	0.420958	0.005273	0.004564	0.008381
NC_050069.1	117504416	119261942	0.922362	0.082012	0.067939	0.153872
NC_050069.1	117504532	120517514	0.920252	0.050643	0.036180	0.106192
NC_050069.1	117504587	120533042	0.920784	0.046525	0.033072	0.106884
NC_050069.1	117561646	120997596	0.925140	0.041807	0.029530	0.146745
NC_050069.1	117561652	120997915	0.921871	0.038777	0.027732	0.146541
NC_050069.1	118529746	121121377	0.927901	0.038883	0.028557	0.147111
NC_050069.1	119075660	121455150	0.973403	0.040158	0.029691	0.156143
NC_050069.1	119075673	123048805	0.946888	0.032245	0.022462	0.193055
NC_050069.1	119261931	123143864	0.946631	0.032596	0.022597	0.262486
NC_050069.1	119261942	123144131	0.946686	0.033710	0.022582	0.262696
NC_050069.1	120517514	123144173	-0.865402	-0.039726	-0.026006	-0.280889
NC_050069.1	120533042	123361657	-0.828562	-0.050497	-0.034830	-0.827938
NC_050069.1	120997596	124216760	-0.829378	-0.051094	-0.036143	-0.828752
NC_050069.1	120997915	124216770	-0.843258	-0.058894	-0.042058	-0.842617
NC_050069.1	121121377	124216772	-0.850806	-0.065974	-0.045616	-0.850157
NC_050069.1	121455150	124216776	-0.843446	-0.064690	-0.044804	-0.842798
NC_050069.1	123048805	124216777	-0.892057	-0.084335	-0.054918	-0.891354
NC_050069.1	123143864	124216778	-0.884734	-0.246035	-0.164917	-0.884031
NC_050069.1	123144131	124216812	-0.886402	-0.254598	-0.168778	-0.885696
NC_050069.1	123144173	124216813	-0.870952	-0.202902	-0.166627	-0.870264
NC_050069.1	123361657	124216987	0.999315	0.017434	0.017434	0.300525
NC_050069.1	124216760	124217025	0.999232	0.015730	0.015730	0.277022
NC_050069.1	124216770	124651190	-0.882545	-0.319344	-0.234942	-0.744020
NC_050069.1	124216772	124651272	-0.839442	-0.232679	-0.183371	-0.710235
NC_050069.1	124216776	126294008	-0.797243	-0.128327	-0.086727	-0.676922
NC_050069.1	124216777	126396992	-0.063487	-0.014331	-0.009420	-0.057445
NC_050069.1	124216778	126397107	-0.050300	-0.010402	-0.007068	-0.042254
NC_050069.1	124216812	126397162	-0.049187	-0.009955	-0.006813	-0.041327
NC_050069.1	124216813	126685897	-0.042808	-0.007201	-0.005156	-0.036002
NC_050069.1	124216987	126895320	-0.040040	-0.005760	-0.003838	-0.033688
NC_050069.1	124217025	126928191	-0.379924	-0.081907	-0.048344	-0.359466
NC_050069.1	124651190	126928412	-0.374003	-0.082206	-0.048221	-0.350624
NC_050069.1	124651272	126928518	-0.033572	-0.004621	-0.002907	-0.023548
NC_050069.1	126294008	127602295	-0.379390	-0.075073	-0.038312	-0.352468
NC_050069.1	126396992	128387452	-0.390683	-0.095130	-0.047564	-0.362892
NC_050069.1	126397107	128387473	-0.885497	-0.173422	-0.086877	-0.810113
NC_050069.1	126397162	128387496	-0.904949	-0.188286	-0.090993	-0.891412
NC_050069.1	126685897	128387704	-0.890638	-0.176692	-0.087825	-0.877303
NC_050069.1	126895320	128537267	-0.862596	-0.191576	-0.091331	-0.849652
NC_050069.1	126928191	128537501	-0.834709	-0.203423	-0.091091	-0.822149
NC_050069.1	126928412	128537504	-0.686650	-0.100091	-0.049397	-0.665709
NC_050069.1	126928518	128537518	-0.653578	-0.094240	-0.047232	-0.643450
NC_050069.1	127602295	130214900	-0.684917	-0.071320	-0.035297	-0.266608
NC_050069.1	128387452	130214919	0.984642	0.019186	0.011944	0.047417
NC_050069.1	128387473	130214991	0.988663	0.024064	0.014534	0.063413
NC_050069.1	128387496	130215000	0.988516	0.023307	0.014182	0.062645
NC_050069.1	128387704	130215015	0.988671	0.022583	0.013984	0.063458
NC_050069.1	128537267	130215172	0.988083	0.020427	0.012884	0.060480
NC_050069.1	128537501	130523501	0.986389	0.013949	0.009024	0.053270
NC_050069.1	128537504	131229765	0.987701	0.017579	0.012777	0.063893
NC_050069.1	128537518	131229819	0.989797	0.022816	0.016132	0.081775
NC_050069.1	130214900	132744802	0.989028	0.018104	0.012517	0.076425
NC_050069.1	130214919	132744889	0.993701	0.022624	0.017219	0.140982
NC_050069.1	130214991	132745138	0.999417	0.077527	0.060017	0.822824
NC_050069.1	130215000	133569129	0.999405	0.068182	0.056329	0.819765
NC_050069.1	130215015	133718494	0.955667	0.062610	0.052161	0.786124
NC_050069.1	130215172	134094513	0.970995	0.092686	0.077825	0.843436
NC_050069.1	130523501	134319888	0.951847	0.097674	0.078972	0.799983
NC_050069.1	131229765	134319892	0.936004	0.126052	0.103629	0.791660
NC_050069.1	131229819	134687861	0.949489	0.136946	0.109430	0.870294
NC_050069.1	132744802	134688069	0.950595	0.132098	0.110492	0.916719
NC_050069.1	132744889	134917162	0.953121	0.152437	0.123786	0.920834
NC_050069.1	132745138	135793685	0.952883	0.107722	0.086717	0.920446
NC_050069.1	133569129	135797991	0.952883	0.111747	0.090032	0.920446
NC_050069.1	133718494	136575736	0.954178	0.106014	0.084178	0.922560
NC_050069.1	134094513	138288858	0.973720	0.110537	0.087358	0.941288
NC_050069.1	134319888	138328316	0.897262	0.085637	0.064035	0.866965
NC_050069.1	134319892	138328378	0.743966	0.077165	0.058458	0.737380
NC_050069.1	134687861	138328399	0.752550	0.075221	0.057131	0.745711
NC_050069.1	134688069	138328431	0.523727	0.052595	0.039148	0.504255
NC_050069.1	134917162	138930043	0.665891	0.082241	0.061380	0.648327
NC_050069.1	135793685	141103957	0.646420	0.050999	0.037621	0.628405
NC_050069.1	135797991	141655294	0.647554	0.061504	0.040131	0.629564
NC_050069.1	136575736	141759783	0.443661	0.026719	0.017428	0.424512
NC_050069.1	138288858	141759839	0.404868	0.026626	0.016837	0.386231
NC_050069.1	138328316	142250749	0.403573	0.022657	0.014499	0.384957
NC_050069.1	138328378	143768471	0.488219	0.021950	0.014950	0.464957
NC_050069.1	138328399	145899920	0.748912	0.024223	0.017433	0.719770
NC_050069.1	138328431	145899981	0.742305	0.023590	0.016937	0.712690
NC_050069.1	138930043	146110178	0.966882	0.026784	0.019322	0.966882
NC_050069.1	141103957	146110217	0.746079	0.002999	0.002138	0.746079
NC_050069.1	141655294	146578678	0.769440	0.005039	0.003749	0.769440
NC_050069.1	141759783	146886594	0.952368	0.031768	0.026613	0.952368
NC_050069.1	141759839	147039854	0.958227	0.035418	0.029807	0.958227
NC_050069.1	142250749	147576243	0.958814	0.034387	0.029139	0.958814
NC_050069.1	143768471	148634547	0.958793	0.036138	0.031094	0.958793
NC_050069.1	145899920	148836229	0.962199	0.047779	0.042370	0.674182
NC_050069.1	145899981	149948679	0.963740	0.062041	0.053812	0.683602
NC_050069.1	146110178	150286326	0.701130	0.049938	0.043062	0.490384
NC_050069.1	146110217	150510688	0.728338	0.050901	0.043955	0.507017
NC_050069.1	146578678	150510694	0.726307	0.053364	0.045713	0.504456
NC_050069.1	146886594	151985005	0.748879	0.052122	0.043446	0.488050
NC_050069.1	147039854	153526582	0.496104	0.016855	0.013606	0.239389
NC_050069.1	147576243	153782312	-0.254236	-0.014103	-0.010484	-0.326070
NC_050069.1	148634547	156071572	-0.290613	-0.014199	-0.009750	-0.343431
NC_050069.1	148836229	156325084	-0.288470	-0.016713	-0.011406	-0.342423
NC_050069.1	149948679	157086484	-0.468657	-0.021088	-0.014418	-0.541474
NC_050069.1	150286326	157229810	-0.607694	-0.029596	-0.019353	-0.300484
NC_050069.1	150510688	157229812	-0.281910	-0.012608	-0.008334	-0.199384
NC_050069.1	150510694	157291955	-0.264273	-0.011769	-0.007609	-0.195721
NC_050069.1	151985005	157291956	-0.247349	-0.010903	-0.007108	-0.192131
NC_050069.1	153526582	157292024	-0.369239	-0.019541	-0.012260	-0.230228
NC_050069.1	153782312	157292372	-0.256011	-0.015984	-0.010688	-0.205400
NC_050069.1	156071572	157292383	0.787873	0.019848	0.014649	0.113880
NC_050069.1	156325084	157359853	0.828572	0.033340	0.028182	0.143549
NC_050069.1	157086484	157359854	0.951141	0.134282	0.113506	0.404324
NC_050069.1	157229810	159263595	0.947300	0.147177	0.111106	0.404164
NC_050069.1	157229812	160163635	0.954928	0.095075	0.077948	0.691708
NC_050069.1	157291955	160779662	0.972984	0.147495	0.118351	0.897259
NC_050069.1	157291956	160802906	0.973026	0.141939	0.112937	0.897406
NC_050069.1	157292024	160802967	0.981125	0.196810	0.157813	0.926493
NC_050069.1	157292372	160803168	0.523463	0.129883	0.099819	0.500202
NC_050069.1	157292383	161051021	0.527773	0.131950	0.101733	0.504523
NC_050069.1	157359853	161285156	0.543699	0.132517	0.099218	0.520521
NC_050069.1	157359854	161465451	0.616151	0.178182	0.133472	0.593905
NC_050069.1	159263595	161465698	0.608611	0.161666	0.123058	0.586222
NC_050069.1	160163635	161583653	0.612735	0.172133	0.130567	0.590209
NC_050069.1	160779662	161583982	0.611737	0.232531	0.164546	0.611737
NC_050069.1	160802906	161584058	0.516782	0.181729	0.125193	0.516782
NC_050069.1	160802967	161588180	0.518836	0.183396	0.134278	0.518836
NC_050069.1	160803168	161588546	0.369931	0.100027	0.070962	0.369931
NC_050069.1	161051021	161588559	0.510283	0.129117	0.092645	0.510118
NC_050069.1	161285156	162293759	0.487118	0.103869	0.074343	0.486956
NC_050069.1	161465451	162540325	0.051401	0.013056	0.009462	0.051388
NC_050069.1	161465698	162769624	-0.258673	-0.046404	-0.034224	-0.258585
NC_050069.1	161583653	162769891	-0.869897	-0.114231	-0.078294	-0.869459
NC_050069.1	161583982	162806997	-0.644182	-0.105547	-0.076329	-0.556959
NC_050069.1	161584058	162807222	-0.468060	-0.087379	-0.062888	-0.365634
NC_050069.1	161588180	165440966	-0.461227	-0.071239	-0.050511	-0.360664
NC_050069.1	161588546	166226113	-0.437815	-0.067788	-0.048256	-0.267347
NC_050069.1	161588559	166452853	-0.455395	-0.074302	-0.049080	-0.276765
NC_050069.1	162293759	167577494	-0.219133	-0.019647	-0.013407	-0.114558
NC_050069.1	162540325	167577511	0.219804	0.033722	0.022900	0.138248
NC_050069.1	162769624	167577521	1.000000	0.107842	0.074236	0.511460
NC_050069.1	162769891	167577573	1.000000	0.116414	0.078294	0.512379
NC_050069.1	162806997	168140620	1.000000	0.165616	0.116222	0.614295
NC_050069.1	162807222	168657588	1.000000	0.173926	0.116009	0.689997
NC_050069.1	165440966	168657612	1.000000	0.158900	0.105380	0.735427
NC_050069.1	166226113	168657757	1.000000	0.196470	0.133108	0.734643
NC_050069.1	166452853	168657776	0.815173	0.188815	0.122147	0.687119
NC_050069.1	167577494	168980330	0.804512	0.187914	0.126869	0.678634
NC_050069.1	167577511	168983701	0.804215	0.300876	0.205219	0.678222
NC_050069.1	167577521	169450653	0.755731	0.223630	0.115635	0.613434
NC_050069.1	167577573	169459996	0.758416	0.176155	0.090303	0.616896
NC_050069.1	168140620	169754054	0.771977	0.189230	0.091452	0.634601
NC_050069.1	168657588	172278094	-0.002000	-0.000287	-0.000152	-0.085014
NC_050069.1	168657612	173457115	0.073235	0.011182	0.006149	-0.009970
NC_050069.1	168657757	173457149	0.096942	0.014896	0.008196	0.012979
NC_050069.1	168657776	173457364	0.122747	0.018520	0.010406	0.035377
NC_050069.1	168980330	173491010	0.107076	0.016356	0.009443	0.095087
NC_050069.1	168983701	173491037	0.048286	0.007958	0.004807	0.043441
NC_050069.1	169450653	173491045	-0.009245	-0.001709	-0.001026	-0.008409
NC_050069.1	169459996	174003448	-0.268695	-0.051776	-0.033343	-0.328022
NC_050069.1	169754054	175885912	-0.272553	-0.055475	-0.035937	-0.331292
NC_050069.1	172278094	176023686	-0.316811	-0.062521	-0.041969	-0.368534
NC_050069.1	173457115	176023922	-0.067943	-0.017202	-0.013093	-0.194742
NC_050069.1	173457149	176023970	-0.439431	-0.089388	-0.071359	-0.482968
NC_050069.1	173457364	176212229	-0.602836	-0.162212	-0.122820	-0.682978
NC_050069.1	173491010	176222486	-0.212293	-0.065445	-0.050991	-0.401781
NC_050069.1	173491037	176222661	0.115742	0.042429	0.033297	-0.128608
NC_050069.1	173491045	176387440	0.184679	0.056378	0.045238	-0.098735
NC_050069.1	174003448	176718454	0.281974	0.072802	0.056312	-0.053153
NC_050069.1	175885912	177177047	0.572615	0.117609	0.090448	0.271235
NC_050069.1	176023686	177530636	0.676139	0.200734	0.149120	0.413026
NC_050069.1	176023922	177911747	0.700378	0.181290	0.126566	0.448839
NC_050069.1	176023970	177911909	0.714986	0.194351	0.135728	0.470946
NC_050069.1	176212229	178262122	0.328826	0.124566	0.075106	0.186561
NC_050069.1	176222486	178262442	0.492686	0.166916	0.098445	0.371229
NC_050069.1	176222661	178262443	0.353449	0.116542	0.062769	0.249440
NC_050069.1	176387440	178262469	0.114203	0.027056	0.014678	0.072682
NC_050069.1	176718454	178744164	-0.073030	-0.014892	-0.009099	-0.145209
NC_050069.1	177177047	180214704	-0.055701	-0.010976	-0.007085	-0.141853
NC_050069.1	177530636	180538421	-0.059875	-0.010347	-0.006600	-0.144777
NC_050069.1	177911747	180538675	-0.475080	-0.062555	-0.041321	-0.396992
NC_050069.1	177911909	180674715	-0.695403	-0.103819	-0.067060	-0.508579
NC_050069.1	178262122	180825426	-0.884844	-0.111135	-0.069678	-0.594015
NC_050069.1	178262442	180825797	-0.672941	-0.030799	-0.019484	-0.397699
NC_050069.1	178262443	181397874	-0.381054	-0.017591	-0.012407	-0.541743
NC_050069.1	178262469	181427817	-0.355488	-0.013867	-0.010296	-0.526778
NC_050069.1	178744164	181470184	-0.263746	-0.010939	-0.008140	-0.382578
NC_050069.1	180214704	181470188	0.635998	0.016882	0.011591	0.256433
NC_050069.1	180538421	181957657	0.648942	0.018629	0.012619	0.267326
NC_050069.1	180538675	181957880	0.700180	0.027504	0.020255	0.315513
NC_050069.1	180674715	182830042	0.750378	0.028318	0.021110	0.349657
NC_050069.1	180825426	182830043	0.794929	0.029528	0.022948	0.367418
NC_050069.1	180825797	182830247	0.795846	0.032458	0.026828	0.368728
NC_050069.1	181397874	182830362	0.799641	0.030104	0.029929	0.374219
NC_050069.1	181427817	183278994	0.764498	0.027843	0.027659	0.400907
NC_050069.1	181470184	183304765	0.705529	0.037197	0.036825	0.367923
NC_050069.1	181470188	183304778	0.722242	0.041225	0.040804	0.722242
NC_050069.1	181957657	183305013	0.946218	0.039102	0.037877	0.946218
NC_050069.1	181957880	183352053	-0.294734	-0.027634	-0.025252	-0.568702
NC_050069.1	182830042	183352383	-0.655958	-0.101400	-0.086736	-0.810980
NC_050069.1	182830043	183572885	-0.656882	-0.098839	-0.084865	-0.811535
NC_050069.1	182830247	183923499	-0.647563	-0.078119	-0.063457	-0.805925
NC_050069.1	182830362	184026530	-0.647678	-0.077955	-0.063375	-0.805994
NC_050069.1	183278994	184357985	-0.554520	-0.067674	-0.046377	-0.748302
NC_050069.1	183304765	184855164	-0.429904	-0.051483	-0.036397	-0.666255
NC_050069.1	183304778	184855348	-0.412223	-0.045591	-0.033015	-0.655488
NC_050069.1	183305013	185932623	-0.713688	-0.112809	-0.076466	-0.799997
NC_050069.1	183352053	186022093	-0.270066	-0.063793	-0.042324	-0.446948
NC_050069.1	183352383	186177682	-0.113205	-0.019708	-0.013171	-0.238719
NC_050069.1	183572885	186242493	0.097244	0.013795	0.009303	0.089415
NC_050069.1	183923499	186242770	0.098957	0.013134	0.009052	0.091004
NC_050069.1	184026530	186242785	0.100444	0.014322	0.010103	0.092383
NC_050069.1	184357985	186242808	0.113049	0.016317	0.011517	0.104095
NC_050069.1	184855164	186513480	0.120102	0.016555	0.011968	0.110658
NC_050069.1	184855348	186583282	0.049872	0.006093	0.004203	0.045664
NC_050069.1	185932623	186981956	-0.300500	-0.057861	-0.035083	-0.282908
NC_050069.1	186022093	187043158	0.047836	0.007270	0.004570	0.040512
NC_050069.1	186177682	187043177	-0.530350	-0.049963	-0.031451	-0.369105
NC_050069.1	186242493	187805322	-0.573547	-0.055850	-0.034686	-0.440910
NC_050069.1	186242770	187946281	-0.417862	-0.039210	-0.024937	-0.328750
NC_050069.1	186242785	187946317	-0.431516	-0.045221	-0.026470	-0.338797
NC_050069.1	186242808	189573606	-0.425506	-0.040646	-0.022551	-0.334380
NC_050069.1	186513480	190124672	-0.410348	-0.037674	-0.019527	-0.323204
NC_050069.1	186583282	190823751	-0.469565	-0.042196	-0.021911	-0.366577
NC_050069.1	186981956	190823882	-0.691001	-0.121287	-0.059548	-0.593042
NC_050069.1	187043158	191260943	-0.445610	-0.039300	-0.021409	-0.345771
NC_050069.1	187043177	191260977	-0.479433	-0.041539	-0.022573	-0.417716
NC_050069.1	187805322	191260991	0.150801	0.022611	0.012325	0.150801
NC_050069.1	187946281	192015756	0.153680	0.022834	0.012592	0.153680
NC_050069.1	187946317	193093200	0.099904	0.015566	0.008213	0.099904
NC_050069.1	189573606	193093514	0.107594	0.015813	0.008885	0.107594
NC_050069.1	190124672	193093528	0.311286	0.066943	0.039444	0.311286
NC_050069.1	190823751	193093559	0.297164	0.072165	0.045723	0.173995
NC_050069.1	190823882	193196371	0.304963	0.070071	0.049790	0.179386
NC_050069.1	191260943	193780163	0.996302	0.126350	0.099849	0.490158
NC_050069.1	191260977	193780200	0.995530	0.143505	0.121265	0.328898
NC_050069.1	191260991	193780436	0.995531	0.138667	0.112825	0.328932
NC_050069.1	192015756	193780441	0.990473	0.065362	0.053084	0.186191
NC_050069.1	193093200	194260486	0.968359	0.065896	0.041076	0.181375
NC_050069.1	193093514	194260715	0.945720	0.063412	0.037741	0.175629
NC_050069.1	193093528	194260716	0.922599	0.066073	0.038081	0.169861
NC_050069.1	193093559	194753580	-0.718791	-0.063339	-0.031386	-0.166121
NC_050069.1	193196371	194753581	-0.848020	-0.138306	-0.066098	-0.451498
NC_050069.1	193780163	194753582	-0.942080	-0.275059	-0.112950	-0.581568
NC_050069.1	193780200	194753604	-0.990071	-0.588371	-0.174749	-0.672574
NC_050069.1	193780436	194753608	-0.992069	-0.738431	-0.209849	-0.991740
NC_050069.1	193780441	194753609	-0.996694	-1.106038	-0.263895	-0.996419
NC_050069.1	194260486	195088060	-1.000000	-1.328559	-0.280324	-0.999742
NC_050069.1	194260715	195348803	-0.993013	-1.390284	-0.366781	-0.992993
NC_050069.1	194260716	195348806	-0.986052	-1.383705	-0.411067	-0.986270
NC_050069.1	194753580	195349026	-0.982568	-0.950865	-0.361553	-0.982904
NC_050069.1	194753581	195360786	-0.980013	-1.121143	-0.456893	-0.980686
NC_050069.1	194753582	195361045	-0.971140	-0.745791	-0.340382	-0.972482
NC_050069.1	194753604	195879920	-0.970636	-0.604985	-0.281128	-0.972024
NC_050069.1	194753608	196440734	-0.955110	-0.399992	-0.212872	-0.957830
NC_050069.1	194753609	196701333	-0.352015	-0.132370	-0.075473	-0.391128
NC_050069.1	195088060	196701549	-0.065278	-0.015674	-0.009957	-0.142780
NC_050069.1	195348803	196701556	0.039628	0.008079	0.005353	0.039628
NC_050069.1	195348806	196701586	0.042050	0.009112	0.006206	0.042050
NC_050069.1	195349026	196701599	0.044460	0.009677	0.006587	0.044460
NC_050069.1	195360786	196877977	0.045719	0.011018	0.007254	0.045719
NC_050069.1	195361045	196878272	0.137873	0.027874	0.018809	0.137873
NC_050069.1	195879920	198236540	0.161727	0.030406	0.021177	0.161727
NC_050069.1	196440734	198236708	1.000000	0.110079	0.089155	1.000000
NC_050069.1	196701333	198236746	1.000000	0.114935	0.093087	1.000000
NC_050069.1	196701549	198554662	-0.188690	-0.014629	-0.011468	-0.491133
NC_050069.1	196701556	198554730	-0.653682	-0.120476	-0.085549	-0.728509
NC_050069.1	196701586	198554982	-0.749013	-0.193077	-0.127525	-0.825370
NC_050069.1	196701599	199159708	-0.769693	-0.167952	-0.116611	-0.840333
NC_050069.1	196877977	199159710	-0.783362	-0.169746	-0.117831	-0.850165
NC_050069.1	196878272	199400455	-0.783362	-0.146837	-0.104711	-0.850165
NC_050069.1	198236540	199400750	-0.783259	-0.146592	-0.111301	-0.850091
NC_050069.1	198236708	199451881	-0.747853	-0.148867	-0.111444	-0.757979
NC_050069.1	198236746	200236644	-0.836527	-0.161764	-0.110724	-0.836097
NC_050069.1	198554662	201877757	-0.916663	-0.153322	-0.095274	-0.890158
NC_050069.1	198554730	201985979	-0.913894	-0.125227	-0.077691	-0.885183
NC_050069.1	198554982	201986173	-0.877501	-0.086014	-0.054761	-0.856285
NC_050069.1	199159708	203735214	-0.834813	-0.050074	-0.032879	-0.803134
NC_050069.1	199159710	203735232	-0.822916	-0.051925	-0.033574	-0.795632
NC_050069.1	199400455	204127030	-0.714227	-0.048376	-0.031176	-0.624744
NC_050069.1	199400750	205200129	-0.792886	-0.070857	-0.042873	-0.688054
NC_050069.1	199451881	206033314	-0.803114	-0.071772	-0.043424	-0.694753
NC_050069.1	200236644	206050218	-0.907886	-0.109660	-0.063567	-0.827508
NC_050069.1	201877757	206050225	-0.863014	-0.103104	-0.060105	-0.765303
NC_050069.1	201985979	206050231	-0.759488	-0.087908	-0.053640	-0.662209
NC_050069.1	201986173	206050510	-0.659740	-0.076614	-0.049600	-0.520106
NC_050069.1	203735214	206502276	-0.710180	-0.095756	-0.060779	-0.620935
NC_050069.1	203735232	206903171	-0.769352	-0.226630	-0.124573	-0.715675
NC_050069.1	204127030	206903191	-0.811282	-0.313471	-0.158389	-0.774653
NC_050069.1	205200129	207012190	-0.886241	-0.270470	-0.149815	-0.918925
NC_050069.1	206033314	207012407	-0.839717	-0.229303	-0.149359	-0.894619
NC_050069.1	206050218	207852361	-0.522476	-0.183178	-0.114803	-0.669553
NC_050069.1	206050225	207997563	-0.278011	-0.060759	-0.044768	-0.558629
NC_050069.1	206050231	207997761	-0.285069	-0.063791	-0.046640	-0.494733
NC_050069.1	206050510	208444494	0.123245	0.036474	0.027373	-0.197158
NC_050069.1	206502276	208444546	0.113657	0.033550	0.025126	-0.205328
NC_050069.1	206903171	208444551	0.262876	0.064019	0.051010	-0.068358
NC_050069.1	206903191	208611486	0.550095	0.083710	0.076660	0.225740
NC_050069.1	207012190	208611508	0.999893	0.175752	0.167039	0.851439
NC_050069.1	207012407	208661481	0.454642	0.113182	0.100780	0.403322
NC_050069.1	207852361	208795871	0.453296	0.116577	0.103400	0.402016
NC_050069.1	207997563	208795883	0.386835	0.086306	0.077971	0.325669
NC_050069.1	207997761	208796090	0.380304	0.086260	0.080461	0.319633
NC_050069.1	208444494	209044123	0.377568	0.083487	0.075262	0.361154
NC_050069.1	208444546	209044369	0.107468	0.018410	0.015818	0.100893
NC_050069.1	208444551	209068815	0.099611	0.017218	0.013727	0.093466
NC_050069.1	208611486	209068817	0.091615	0.016998	0.013327	0.085916
NC_050069.1	208611508	209068818	0.087904	0.024067	0.017092	0.082415
NC_050069.1	208661481	209204758	-0.599311	-0.078984	-0.058748	-0.536644
NC_050069.1	208795871	209920324	0.999838	0.147128	0.116331	0.895289
NC_050069.1	208795883	210824191	0.121308	0.020728	0.012912	0.113803
NC_050069.1	208796090	210824485	-0.266129	-0.068413	-0.039491	-0.266129
NC_050069.1	209044123	211392228	-0.261043	-0.058435	-0.032547	-0.261043
NC_050069.1	209044369	211392373	-0.264192	-0.060652	-0.034147	-0.264192
NC_050069.1	209068815	212306897	-0.431679	-0.127332	-0.070325	-0.431679
NC_050069.1	209068817	212547930	-0.424295	-0.111362	-0.067791	-0.424295
NC_050069.1	209068818	213824508	-0.378637	-0.086908	-0.056271	-0.365941
NC_050069.1	209204758	214084280	-0.380348	-0.078087	-0.051331	-0.367625
NC_050069.1	209920324	214084312	-0.510841	-0.145524	-0.087638	-0.496624
NC_050069.1	210824191	215312278	-0.878212	-0.170863	-0.098017	-0.786877
NC_050069.1	210824485	216618462	-0.811284	-0.142575	-0.082606	-0.704596
NC_050069.1	211392228	219448258	-0.675070	-0.071640	-0.041577	-0.554026
NC_050069.1	211392373	220234425	-0.683652	-0.071497	-0.043507	-0.560555
NC_050069.1	212306897	220569734	-0.774636	-0.111635	-0.064322	-0.664041
NC_050069.1	212547930	220607104	-0.658726	-0.058257	-0.035453	-0.532336
NC_050069.1	213824508	220607124	-0.666570	-0.063133	-0.037310	-0.538186
NC_050069.1	214084280	220701193	-0.656244	-0.059417	-0.034508	-0.563597
NC_050069.1	214084312	221219082	-0.758168	-0.088667	-0.053374	-0.679578
NC_050069.1	215312278	221849216	-0.627362	-0.042682	-0.027886	-0.535623
NC_050069.1	216618462	221849498	-0.645221	-0.048916	-0.033855	-0.645221
NC_050069.1	219448258	221862414	-0.677945	-0.052903	-0.039547	-0.677945
NC_050069.1	220234425	221938043	-0.730777	-0.062134	-0.049932	-0.730777
NC_050069.1	220569734	221938341	-0.730286	-0.068423	-0.054519	-0.726909
NC_050069.1	220607104	222402318	-0.542441	-0.027885	-0.023827	-0.537536
NC_050069.1	220607124	222735815	-0.472356	-0.028871	-0.025155	-0.467886
NC_050069.1	220701193	222736111	-0.492844	-0.031064	-0.026184	-0.488249
NC_050069.1	221219082	223257968	-0.702655	-0.043283	-0.035838	-0.696680
NC_050069.1	221849216	223479955	1.000000	0.011587	0.009790	1.000000
NC_050069.1	221849498	223480009	0.993762	0.014615	0.011637	0.070845
NC_050069.1	221862414	223480247	0.994320	0.016095	0.012810	0.077159
NC_050069.1	221938043	224122495	0.873429	0.013646	0.009420	0.067981
NC_050069.1	221938341	224927236	0.879567	0.013547	0.009534	0.071573
NC_050069.1	222402318	224927237	0.920828	0.021031	0.015413	0.107074
NC_050069.1	222735815	225028360	-0.624640	-0.079128	-0.051916	-0.245341
NC_050069.1	222736111	225053407	-0.001758	-0.000284	-0.000201	-0.000900
NC_050069.1	223257968	225053715	0.002826	0.000402	0.000304	0.001391
NC_050069.1	223479955	225053716	0.292812	0.063981	0.051504	0.169132
NC_050069.1	223480009	226077259	0.343078	0.078550	0.063562	0.204300
NC_050069.1	223480247	226176450	0.346268	0.073988	0.057457	0.328552
NC_050069.1	224122495	226176454	0.341308	0.077095	0.059010	0.323721
NC_050069.1	224927236	226879843	0.347514	0.062878	0.055878	0.329606
NC_050069.1	224927237	226880100	0.345800	0.061588	0.054812	0.327936
NC_050069.1	225028360	227076547	0.496700	0.114290	0.101784	0.476721
NC_050069.1	225053407	227313447	1.000000	0.171774	0.149326	0.900732
NC_050069.1	225053715	227455156	1.000000	0.150073	0.119663	0.870570
NC_050069.1	225053716	227523702	0.383330	0.094836	0.062537	0.364608
NC_050069.1	226077259	227840298	0.186598	0.035463	0.021388	0.141681
NC_050069.1	226176450	228292812	0.112826	0.019223	0.011404	0.083837
NC_050069.1	226176454	228292824	0.118113	0.020244	0.012590	0.087900
NC_050069.1	226879843	228395329	-0.183997	-0.036802	-0.021374	-0.146988
NC_050069.1	226880100	231247539	-0.160337	-0.036309	-0.019604	-0.128605
NC_050069.1	227076547	231697862	-0.144921	-0.032440	-0.017168	-0.116545
NC_050069.1	227313447	231712328	-0.675493	-0.103945	-0.054855	-0.498043
NC_050069.1	227455156	231712360	-0.787693	-0.182579	-0.092859	-0.657309
NC_050069.1	227523702	231712380	-0.819969	-0.186713	-0.099341	-0.682204
NC_050069.1	227840298	232176376	-0.709526	-0.095084	-0.053660	-0.514834
NC_050069.1	228292812	232208701	-0.495775	-0.066323	-0.042101	-0.463024
NC_050069.1	228292824	232526345	-0.513752	-0.078620	-0.048219	-0.270767
NC_050069.1	228395329	232527850	-0.517904	-0.074212	-0.046616	-0.272602
NC_050069.1	231247539	234137485	0.177489	0.023559	0.015863	0.142887
NC_050069.1	231697862	234605576	0.160228	0.019720	0.012856	0.129426
NC_050069.1	231712328	234832778	0.143726	0.017201	0.011596	0.121496
NC_050069.1	231712360	234832946	0.168852	0.020819	0.014020	0.133636
NC_050069.1	231712380	236763971	0.454286	0.033099	0.023248	0.121605
NC_050069.1	232176376	237028659	0.449837	0.033080	0.022064	0.118937
NC_050069.1	232208701	237215606	0.447318	0.032799	0.023905	0.121680
NC_050069.1	232526345	237215619	0.316326	0.020913	0.014780	0.051741
NC_050069.1	232527850	237411543	0.379149	0.026533	0.018973	0.146673
NC_050069.1	234137485	237411549	0.594016	0.067020	0.047194	0.360908
NC_050069.1	234605576	237411550	0.451500	0.041926	0.030523	0.129616
NC_050069.1	234832778	237411820	0.470931	0.052846	0.039025	0.163220
NC_050069.1	234832946	239923172	0.403941	0.035219	0.026063	0.112068
NC_050069.1	236763971	240874045	0.243723	0.020647	0.015057	-0.019304
NC_050069.1	237028659	240883306	0.633780	0.053418	0.040200	0.502188
NC_050069.1	237215606	241742537	0.064147	0.008568	0.006492	0.032731
NC_050069.1	237215619	241742576	0.085073	0.012360	0.009223	0.049326
NC_050069.1	237411543	241742728	0.075291	0.011086	0.008222	0.040711
NC_050069.1	237411549	241823123	0.020276	0.002954	0.002164	-0.007228
NC_050069.1	237411550	241823133	-0.520944	-0.048444	-0.035572	-0.436634
NC_050069.1	237411820	241823197	-0.683041	-0.061388	-0.043210	-0.263002
NC_050069.1	239923172	241823452	-0.762584	-0.067679	-0.048832	-0.283800
NC_050069.1	240874045	241823453	-0.701555	-0.103183	-0.071945	-0.269774
NC_050069.1	240883306	242626644	0.176762	0.025300	0.020437	0.086848
NC_050069.1	241742537	242627028	0.213069	0.032139	0.026244	0.102719
NC_050069.1	241742576	242627260	0.999497	0.098114	0.086604	0.378409
NC_050069.1	241742728	242627265	0.999507	0.106374	0.093214	0.400105
NC_050069.1	241823123	242824951	0.999511	0.099958	0.086372	0.401785
NC_050069.1	241823133	242825141	0.999410	0.097318	0.084511	0.355678
NC_050069.1	241823197	243585384	0.999556	0.120567	0.105657	0.423451
NC_050069.1	241823452	244897713	0.999921	0.105190	0.089344	0.742860
NC_050069.1	241823453	244897778	0.999920	0.098679	0.084470	0.740782
NC_050069.1	242626644	244897949	0.999919	0.097981	0.083887	0.739645
NC_050069.1	242627028	244898053	0.999919	0.166613	0.129590	0.739645
NC_050069.1	242627260	245049578	0.999915	0.157071	0.125518	0.787179
NC_050069.1	242627265	245049903	0.999911	0.138279	0.111991	0.778374
NC_050069.1	242824951	245494762	0.999906	0.122424	0.091451	0.769292
NC_050069.1	242825141	245494833	0.240229	0.050841	0.035839	0.202342
NC_050069.1	243585384	245495047	0.229572	0.051714	0.033970	0.229547
NC_050069.1	244897713	246353492	0.037264	0.007083	0.003695	0.037259
NC_050069.1	244897778	246444236	0.036075	0.008333	0.004111	0.036070
NC_050069.1	244897949	246444249	0.029882	0.008831	0.003806	0.018277
NC_050069.1	244898053	246444545	0.024205	0.007657	0.003162	0.014771
NC_050069.1	245049578	246444580	-0.212652	-0.057696	-0.024544	-0.118555
NC_050069.1	245049903	246575553	-0.220786	-0.071441	-0.027227	-0.076999
NC_050069.1	245494762	246744528	-0.196037	-0.064617	-0.024694	-0.069282
NC_050069.1	245494833	246744836	0.247340	0.129153	0.051664	0.114971
NC_050069.1	245495047	247934713	0.877077	0.294377	0.129188	0.319308
NC_050069.1	246353492	247934749	0.887945	0.259450	0.131634	0.323605
NC_050069.1	246444236	248691214	0.898581	0.223623	0.124184	0.233598
NC_050069.1	246444249	248872213	0.898962	0.183897	0.108742	0.234348
NC_050069.1	246444545	248995670	0.902613	0.165618	0.095999	0.214559
NC_050069.1	246444580	249450189	0.888905	0.171904	0.092661	0.211804
NC_050069.1	246575553	250310646	0.012937	0.003219	0.001574	0.003520
NC_050069.1	246744528	251330387	0.019794	0.003741	0.001986	0.006981
NC_050069.1	246744836	251330403	0.005470	0.001019	0.000541	0.001911
NC_050069.1	247934713	251769756	-0.885847	-0.081705	-0.044644	-0.194695
NC_050069.1	247934749	252057139	-0.877678	-0.063743	-0.033964	-0.183602
NC_050069.1	248691214	252136542	-0.932934	-0.105047	-0.052897	-0.322899
NC_050069.1	248872213	252260783	-0.932702	-0.130207	-0.067772	-0.479636
NC_050069.1	248995670	252466630	-0.937299	-0.132867	-0.065459	-0.480977
NC_050069.1	249450189	252466653	-0.924616	-0.132123	-0.068273	-0.939839
NC_050069.1	250310646	252466657	-0.893149	-0.119042	-0.066463	-0.848738
NC_050069.1	251330387	253992228	-0.663768	-0.029017	-0.018159	-0.706212
NC_050069.1	251330403	254724994	-0.361468	-0.018159	-0.011751	-0.492702
NC_050069.1	251769756	254730380	-0.371728	-0.018965	-0.012173	-0.498097
NC_050069.1	252057139	254852942	-0.624459	-0.058011	-0.036275	-0.693376
NC_050069.1	252136542	256723574	-0.609171	-0.038639	-0.025036	-0.686009
NC_050069.1	252260783	257862717	-0.219823	-0.006321	-0.004160	-0.411383
NC_050069.1	252466630	258366225	-0.217430	-0.005296	-0.003603	-0.410009
NC_050069.1	252466653	258366226	-0.217312	-0.005439	-0.003841	-0.409941
NC_050069.1	252466657	258366315	-0.217194	-0.005426	-0.003835	-0.409873
NC_050069.1	253992228	258802773	-0.672799	-0.035448	-0.024479	-0.696879
NC_050069.1	254724994	259194231	-0.680701	-0.036409	-0.024335	-0.653908
NC_050069.1	254730380	259210011	-0.910672	-0.077150	-0.049128	-0.874931
NC_050069.1	254852942	259210284	-0.906369	-0.075887	-0.048569	-0.871554
NC_050069.1	256723574	260234155	-0.872528	-0.057564	-0.035552	-0.806839
NC_050069.1	257862717	260510547	-0.794208	-0.062382	-0.038322	-0.736736
NC_050069.1	258366225	260546988	-0.807247	-0.081894	-0.050579	-0.748438
NC_050069.1	258366226	260547132	-0.223478	-0.040799	-0.024497	-0.212191
NC_050069.1	258366315	260547134	-0.408798	-0.103587	-0.058392	-0.392663
NC_050069.1	258802773	260547221	-0.392145	-0.100700	-0.056729	-0.376844
NC_050069.1	259194231	261599932	-0.192779	-0.032872	-0.019183	-0.183411
NC_050069.1	259210011	261721160	-0.329593	-0.069090	-0.039023	-0.329507
NC_050069.1	259210284	262810033	-0.091903	-0.011416	-0.006804	-0.091871
NC_050069.1	260234155	262810071	-0.089310	-0.011156	-0.006640	-0.089280
NC_050069.1	260510547	262810355	0.186889	0.031633	0.019759	0.186841
NC_050069.1	260546988	263522300	0.168223	0.032710	0.021041	0.168179
NC_050069.1	260547132	263544988	0.335386	0.081270	0.050952	0.335316
NC_050069.1	260547134	263663463	0.158840	0.027107	0.017712	0.158798
NC_050069.1	260547221	263697271	0.549541	0.064792	0.044850	0.549541
NC_050069.1	261599932	264230852	0.326334	0.043626	0.028388	0.326334
NC_050069.1	261721160	265175715	0.339564	0.049638	0.033644	0.339564
NC_050069.1	262810033	265204273	0.663863	0.076754	0.054743	0.617917
NC_050069.1	262810071	265506142	0.662739	0.108231	0.081819	0.616727
NC_050069.1	262810355	265801374	0.661727	0.096964	0.071624	0.575600
NC_050069.1	263522300	265801406	0.459167	0.042318	0.032555	0.337914
NC_050069.1	263544988	265842246	0.476631	0.045430	0.034943	0.353784
NC_050069.1	263663463	265842286	-0.283067	-0.012149	-0.009133	-0.155398
NC_050069.1	263697271	265842302	-0.179392	-0.009298	-0.006804	-0.102207
NC_050069.1	264230852	266084012	-0.078986	-0.004367	-0.003217	-0.046713
NC_050069.1	265175715	266419553	0.935008	0.027102	0.021852	0.334568
NC_050069.1	265204273	266669546	0.913387	0.022565	0.016598	0.269300
NC_050069.1	265506142	266964518	0.974738	0.076365	0.054642	0.631689
NC_050069.1	265801374	268808214	0.974693	0.061826	0.040488	0.631267
NC_050069.1	265801406	268917426	0.959795	0.063341	0.036530	0.690379
NC_050069.1	265842246	269457277	0.960288	0.055076	0.031945	0.779289
NC_050069.1	265842286	269771380	0.942916	0.050301	0.027431	0.758820
NC_050069.1	265842302	269771622	0.968258	0.050875	0.028440	0.342163
NC_050069.1	266084012	270676059	0.930313	0.047415	0.026410	0.315966
NC_050069.1	266419553	270676061	0.887617	0.047575	0.025239	0.286092
NC_050069.1	266669546	270676069	0.839525	0.048754	0.024690	0.279905
NC_050069.1	266964518	270676070	0.838166	0.052633	0.026941	0.277883
NC_050069.1	268808214	270676078	-0.540539	-0.006606	-0.003240	-0.038855
NC_050069.1	268917426	270676089	-0.676233	-0.013059	-0.006249	-0.050703
NC_050069.1	269457277	270676266	-0.696845	-0.018320	-0.010474	-0.054253
NC_050069.1	269771380	270676361	-0.984442	-0.040495	-0.022022	-0.066284
NC_050069.1	269771622	270680401	-0.745879	-0.080403	-0.066937	-0.080860
NC_050069.1	270676059	270680402	-0.579757	-0.112049	-0.091365	-0.260468
NC_050069.1	270676061	270680411	-0.609104	-0.502921	-0.246694	-0.298023
NC_050069.1	270676069	270680419	-0.630667	-0.620981	-0.268512	-0.331627
NC_050069.1	270676070	270680420	-0.634141	-0.690777	-0.284538	-0.353718
NC_050069.1	270676078	270680421	-0.180771	-0.164554	-0.088371	-0.130186
NC_050069.1	270676089	270792752	0.469837	0.432378	0.299263	0.346221
NC_050069.1	270676266	272459447	-0.027167	-0.006187	-0.003690	-0.033402
NC_050069.1	270676361	272502129	-0.261171	-0.072353	-0.042754	-0.240969
NC_050069.1	270680401	272535271	-0.227425	-0.063718	-0.037895	-0.211302
NC_050069.1	270680402	272654290	-0.206485	-0.048285	-0.029231	-0.186918
NC_050070.1	299479	2878665	-0.502595	-0.210427	-0.125582	-0.458756
NC_050070.1	1644551	2878954	-0.571041	-0.257346	-0.151817	-0.530861
NC_050070.1	1644594	3019275	-0.492978	-0.210716	-0.126448	-0.449571
NC_050070.1	1644920	3139752	-0.400174	-0.125788	-0.080318	-0.352655
NC_050070.1	1648297	5325226	-0.271641	-0.060481	-0.037640	-0.219693
NC_050070.1	1648337	5360164	-0.064814	-0.010498	-0.007003	-0.010621
NC_050070.1	2803752	5360202	0.459343	0.069951	0.047441	0.487456
NC_050070.1	2810681	5608112	0.460488	0.081597	0.056303	0.488485
NC_050070.1	2836375	5685279	0.454409	0.077546	0.052386	0.482745
NC_050070.1	2878665	5685294	0.225008	0.030617	0.020142	0.278423
NC_050070.1	2878954	5685326	0.003443	0.000376	0.000253	0.001834
NC_050070.1	3019275	5690761	0.939104	0.102360	0.066242	0.492261
NC_050070.1	3139752	5733837	0.930560	0.105097	0.068571	0.349383
NC_050070.1	5325226	5763473	0.930092	0.125519	0.075992	0.347743
NC_050070.1	5360164	5763515	0.930433	0.146938	0.099578	0.348937
NC_050070.1	5360202	5763518	0.916896	0.169444	0.113097	0.341532
NC_050070.1	5608112	5767168	0.511421	0.063719	0.041152	0.142119
NC_050070.1	5685279	5790980	0.723316	0.158672	0.096634	0.292656
NC_050070.1	5685294	5843966	0.732379	0.243983	0.127838	0.296291
NC_050070.1	5685326	5844208	0.772946	0.242190	0.124396	0.308567
NC_050070.1	5690761	5895662	0.774302	0.225956	0.120421	0.466433
NC_050070.1	5733837	5895701	0.646704	0.128158	0.076674	0.303032
NC_050070.1	5763473	5895767	0.656716	0.135380	0.081637	0.596287
NC_050070.1	5763515	6414053	0.662956	0.074081	0.051862	0.602961
NC_050070.1	5763518	7164555	0.668738	0.083705	0.053685	0.452678
NC_050070.1	5767168	7164819	0.691101	0.083304	0.054530	0.375322
NC_050070.1	5790980	7678950	0.999246	0.176005	0.124050	0.643113
NC_050070.1	5843966	7679178	0.998667	0.099697	0.074307	0.504464
NC_050070.1	5844208	7679256	0.998666	0.100736	0.062232	0.504392
NC_050070.1	5895662	8312409	0.998676	0.076179	0.047333	0.506135
NC_050070.1	5895701	9003505	0.127412	0.011041	0.006753	0.082082
NC_050070.1	5895767	9066437	0.173607	0.014876	0.008768	0.118626
NC_050070.1	6414053	9349569	0.175387	0.015209	0.008774	0.119924
NC_050070.1	7164555	9349657	0.294636	0.036472	0.020182	0.211117
NC_050070.1	7164819	9349833	0.056557	0.008756	0.004728	0.048547
NC_050070.1	7678950	9349862	0.132711	0.022011	0.011968	0.132711
NC_050070.1	7679178	9373334	-0.190602	-0.023328	-0.012622	-0.190602
NC_050070.1	7679256	9373337	-0.195242	-0.024198	-0.012994	-0.195242
NC_050070.1	8312409	9373361	-0.187461	-0.023703	-0.014081	-0.187461
NC_050070.1	9003505	9550131	-0.187806	-0.028344	-0.017221	-0.187806
NC_050070.1	9066437	10060525	-0.161911	-0.040298	-0.021600	-0.161705
NC_050070.1	9349569	10971241	-0.471644	-0.192966	-0.093864	-0.471151
NC_050070.1	9349657	10971251	-0.476612	-0.202625	-0.103097	-0.476113
NC_050070.1	9349833	10971269	-0.711541	-0.300225	-0.142250	-0.710677
NC_050070.1	9349862	10971498	-0.628216	-0.199125	-0.105777	-0.625331
NC_050070.1	9373334	10971508	-0.849612	-0.256270	-0.131152	-0.769663
NC_050070.1	9373337	10971517	-0.844312	-0.288038	-0.138754	-0.764815
NC_050070.1	9373361	10971518	-0.776159	-0.282470	-0.134169	-0.637514
NC_050070.1	9550131	10971519	-0.724462	-0.282395	-0.131381	-0.533324
NC_050070.1	10060525	10971530	-0.716176	-0.349396	-0.143685	-0.526777
NC_050070.1	10971241	10971533	-0.459075	-0.319987	-0.143101	-0.194895
NC_050070.1	10971251	10971543	1.000000	0.197286	0.197286	1.000000
NC_050070.1	10971269	10971545	1.000000	0.205431	0.205431	1.000000
NC_050070.1	10971498	10971561	1.000000	0.216057	0.216057	1.000000
NC_050070.1	10971508	10971579	1.000000	0.221445	0.221445	1.000000
NC_050070.1	10971517	10971582	1.000000	0.255539	0.255539	1.000000
NC_050070.1	10971518	10971591	0.867750	0.229858	0.229858	0.835629
NC_050070.1	10971519	11093538	-0.346524	-0.144965	-0.114246	-0.431709
NC_050070.1	10971530	11123186	0.384467	0.172613	0.127151	0.088293
NC_050070.1	10971533	11155097	0.382409	0.126184	0.099856	0.086047
NC_050070.1	10971543	11925065	0.387752	0.077950	0.062781	0.091886
NC_050070.1	10971545	11925142	0.400494	0.067346	0.056093	0.105920
NC_050070.1	10971561	11925312	0.413436	0.064911	0.054858	0.120332
NC_050070.1	10971579	11925352	0.411303	0.059740	0.051054	0.117946
NC_050070.1	10971582	12912432	-0.104060	-0.018183	-0.012797	-0.222679
NC_050070.1	10971591	13048844	-0.105348	-0.017554	-0.012522	-0.228241
NC_050070.1	11093538	13049112	-0.114264	-0.017743	-0.012635	-0.252253
NC_050070.1	11123186	13049113	0.089802	0.011578	0.008384	0.089802
NC_050070.1	11155097	13906339	-0.650695	-0.048098	-0.034684	-0.650695
NC_050070.1	11925065	13906350	-0.650155	-0.049161	-0.035229	-0.650155
NC_050070.1	11925142	14670573	-0.541701	-0.048267	-0.033141	-0.487186
NC_050070.1	11925312	14670692	-0.563018	-0.050303	-0.034406	-0.505654
NC_050070.1	11925352	14670999	-0.584932	-0.048422	-0.032726	-0.524586
NC_050070.1	12912432	14671000	-0.546798	-0.046043	-0.031191	-0.491606
NC_050070.1	13048844	15918598	1.000000	0.055398	0.043946	0.856756
NC_050070.1	13049112	16523349	1.000000	0.053383	0.039541	0.622496
NC_050070.1	13049113	16855038	0.977335	0.042091	0.032105	0.608722
NC_050070.1	13906339	17268104	0.302196	0.018390	0.013055	0.215421
NC_050070.1	13906350	18859706	0.308835	0.017705	0.012419	0.220757
NC_050070.1	14670573	18860022	0.303569	0.018039	0.012487	0.216522
NC_050070.1	14670692	18860024	0.280622	0.016836	0.011881	0.215456
NC_050070.1	14670999	19268422	0.261037	0.015364	0.010818	0.199160
NC_050070.1	14671000	19631187	0.252800	0.014415	0.009809	0.174966
NC_050070.1	15918598	20359521	0.227951	0.012580	0.008188	0.156169
NC_050070.1	16523349	20359596	-0.452881	-0.015315	-0.009896	-0.242835
NC_050070.1	16855038	20359608	-0.808287	-0.074696	-0.047925	-0.733595
NC_050070.1	17268104	20359624	-0.880721	-0.184083	-0.102833	-0.828176
NC_050070.1	18859706	20396134	-0.858259	-0.136840	-0.081055	-0.798088
NC_050070.1	18860022	20457107	-0.869662	-0.164195	-0.093526	-0.808343
NC_050070.1	18860024	20457136	-0.861203	-0.150175	-0.088613	-0.800736
NC_050070.1	19268422	20605069	-0.950620	-0.233797	-0.125903	-0.901361
NC_050070.1	19631187	20859083	-0.901086	-0.257189	-0.125585	-0.855520
NC_050070.1	20359521	20859301	-0.914848	-0.326135	-0.156153	-0.914694
NC_050070.1	20359596	21507968	-0.890138	-0.320124	-0.167272	-0.837779
NC_050070.1	20359608	21553057	-0.890384	-0.328959	-0.169664	-0.838004
NC_050070.1	20359624	21553086	-0.794506	-0.186142	-0.106807	-0.729310
NC_050070.1	20396134	22703520	-0.671586	-0.064200	-0.042960	-0.587731
NC_050070.1	20457107	23209670	-0.655565	-0.072481	-0.042537	-0.571288
NC_050070.1	20457136	23209700	-0.669980	-0.075067	-0.043654	-0.583197
NC_050070.1	20605069	24691817	-0.669465	-0.053224	-0.030071	-0.582771
NC_050070.1	20859083	24991239	-0.083614	-0.002357	-0.001328	-0.059198
NC_050070.1	20859301	25337600	0.013386	0.000373	0.000202	0.008079
NC_050070.1	21507968	25599953	0.022733	0.000617	0.000330	0.013772
NC_050070.1	21553057	25600014	0.552603	0.033851	0.016987	0.490809
NC_050070.1	21553086	25600176	0.563890	0.035145	0.017709	0.502250
NC_050070.1	22703520	25600198	0.547285	0.032843	0.016553	0.485440
NC_050070.1	23209670	26735946	0.836178	0.050845	0.023582	0.727824
NC_050070.1	23209700	27287007	0.842798	0.041998	0.023516	0.737447
NC_050070.1	24691817	27287050	0.823761	0.043278	0.024438	0.721460
NC_050070.1	24991239	28364743	0.821850	0.048182	0.028463	0.718818
NC_050070.1	25337600	28364744	0.970759	0.056005	0.034863	0.840712
NC_050070.1	25599953	28364745	0.966121	0.054611	0.038018	0.966121
NC_050070.1	25600014	28364746	0.965760	0.057404	0.041292	0.965760
NC_050070.1	25600176	28364747	0.840487	0.008508	0.006793	0.840487
NC_050070.1	25600198	28364749	0.588813	0.004791	0.003756	0.236291
NC_050070.1	26735946	29030681	0.961111	0.071226	0.054316	0.842266
NC_050070.1	27287007	29070489	0.961703	0.071907	0.052503	0.844375
NC_050070.1	27287050	29070817	0.961515	0.103774	0.072593	0.843704
NC_050070.1	28364743	29070856	0.982166	0.098779	0.071150	0.864722
NC_050070.1	28364744	29100326	0.990887	0.256351	0.185414	0.926582
NC_050070.1	28364745	31003387	0.990931	0.210433	0.148589	0.833106
NC_050070.1	28364746	31657637	0.611892	0.106315	0.068604	0.313592
NC_050070.1	28364747	32027483	0.613483	0.082421	0.055582	0.315687
NC_050070.1	28364749	34030057	0.615428	0.063364	0.045454	0.318256
NC_050070.1	29030681	34144078	0.195359	0.027004	0.018456	0.046041
NC_050070.1	29070489	34947502	-0.092652	-0.008677	-0.006085	-0.188755
NC_050070.1	29070817	35423040	-0.101123	-0.008884	-0.006481	-0.194905
NC_050070.1	29070856	36316718	-0.100479	-0.008566	-0.005829	-0.194439
NC_050070.1	29100326	36796526	-0.111581	-0.009408	-0.006394	-0.202454
NC_050070.1	31003387	36896686	-0.909128	-0.075856	-0.049356	-0.727745
NC_050070.1	31657637	37043857	-0.794273	-0.072522	-0.047830	-0.703907
NC_050070.1	32027483	37075014	-0.745021	-0.064053	-0.043729	-0.593080
NC_050070.1	34030057	38486435	-0.737525	-0.069015	-0.043182	-0.587628
NC_050070.1	34144078	38486469	-0.731978	-0.088200	-0.050962	-0.583587
NC_050070.1	34947502	38486635	-0.499052	-0.032871	-0.020590	-0.345753
NC_050070.1	35423040	39337781	-0.514242	-0.035654	-0.021084	-0.514242
NC_050070.1	36316718	39337936	-0.530610	-0.046603	-0.025763	-0.530610
NC_050070.1	36796526	39337946	-0.772509	-0.141086	-0.080167	-0.772509
NC_050070.1	36896686	39338032	-0.747538	-0.138783	-0.079027	-0.747538
NC_050070.1	37043857	40537383	-0.555717	-0.056192	-0.035710	-0.555717
NC_050070.1	37075014	42387429	-0.768390	-0.061388	-0.040516	-0.768390
NC_050070.1	38486435	42981197	-0.761904	-0.045224	-0.032177	-0.761904
NC_050070.1	38486469	42981217	-0.789014	-0.053069	-0.041833	-0.789014
NC_050070.1	38486635	42981583	-0.757978	-0.046995	-0.036657	-0.662859
NC_050070.1	39337781	44097289	-0.792346	-0.051623	-0.039730	-0.692234
NC_050070.1	39337936	44097337	-0.278355	-0.031682	-0.025953	-0.234706
NC_050070.1	39337946	44097589	-0.264109	-0.028063	-0.023283	-0.222703
NC_050070.1	39338032	44459374	0.962261	0.037521	0.033383	0.653505
NC_050070.1	40537383	44459581	0.961239	0.036436	0.032424	0.647190
NC_050070.1	42387429	44459602	-0.229230	-0.023110	-0.019378	-0.192025
NC_050070.1	42981197	44474963	-0.271624	-0.026944	-0.020889	-0.228698
NC_050070.1	42981217	44661117	-0.249637	-0.025841	-0.021248	-0.167014
NC_050070.1	42981583	45011165	-0.252621	-0.024679	-0.019448	-0.094373
NC_050070.1	44097289	45011192	-0.279648	-0.031154	-0.024685	-0.107260
NC_050070.1	44097337	45918872	-0.560831	-0.096277	-0.073212	-0.283254
NC_050070.1	44097589	45918930	-0.883947	-0.121793	-0.088741	-0.416600
NC_050070.1	44459374	45919098	-0.881806	-0.121479	-0.084411	-0.415841
NC_050070.1	44459581	47777913	-0.897326	-0.094280	-0.070292	-0.421324
NC_050070.1	44459602	47970317	-0.877294	-0.091453	-0.068503	-0.397190
NC_050070.1	44474963	47970467	-0.783522	-0.046449	-0.035453	-0.165428
NC_050070.1	44661117	48113656	-0.757748	-0.048649	-0.038669	-0.154238
NC_050070.1	45011165	48113949	-0.717462	-0.063895	-0.044745	-0.162949
NC_050070.1	45011192	48211209	-0.838141	-0.134990	-0.092961	-0.411995
NC_050070.1	45918872	48211247	-0.724371	-0.119119	-0.083123	-0.367640
NC_050070.1	45918930	48211248	-0.708621	-0.119412	-0.080748	-0.349827
NC_050070.1	45919098	48285441	-0.696437	-0.117509	-0.083142	-0.345057
NC_050070.1	47777913	48539765	-0.139600	-0.030299	-0.023579	-0.082894
NC_050070.1	47970317	48965005	0.085289	0.034948	0.024538	0.055058
NC_050070.1	47970467	49101693	0.086419	0.036928	0.025611	0.057669
NC_050070.1	48113656	49384201	0.266056	0.119446	0.089331	0.266056
NC_050070.1	48113949	50849247	0.267660	0.104734	0.076066	0.267660
NC_050070.1	48211209	51608202	0.260586	0.101070	0.077765	0.260586
NC_050070.1	48211247	51608476	0.545609	0.165897	0.122285	0.545609
NC_050070.1	48211248	52057792	0.358217	0.127939	0.089675	0.222093
NC_050070.1	48285441	53347719	0.719074	0.173884	0.130460	0.507348
NC_050070.1	48539765	53347730	0.774696	0.237399	0.179921	0.595014
NC_050070.1	48965005	53347786	0.695135	0.205556	0.145958	0.475539
NC_050070.1	49101693	53838827	0.624143	0.146996	0.101577	0.372345
NC_050070.1	49384201	53989318	0.312930	0.093814	0.061250	0.139318
NC_050070.1	50849247	55227433	0.024443	0.004547	0.002675	-0.157783
NC_050070.1	51608202	57159901	0.034831	0.006365	0.003992	-0.147629
NC_050070.1	51608476	57610049	0.054105	0.010064	0.006115	-0.128685
NC_050070.1	52057792	57823614	0.098964	0.015152	0.010885	-0.084073
NC_050070.1	53347719	58036756	0.376729	0.042949	0.031188	0.376729
NC_050070.1	53347730	58250773	0.375497	0.046907	0.034316	0.375497
NC_050070.1	53347786	58474669	-0.124572	-0.008550	-0.005978	-0.124572
NC_050070.1	53838827	58474738	-0.112622	-0.007661	-0.005360	-0.112622
NC_050070.1	53989318	58474950	-0.311581	-0.017948	-0.012444	-0.311581
NC_050070.1	55227433	58953368	1.000000	0.018138	0.013015	1.000000
NC_050070.1	57159901	58953411	1.000000	0.020043	0.015725	1.000000
NC_050070.1	57610049	58953439	-0.273710	-0.015795	-0.011646	-0.273610
NC_050070.1	57823614	58953460	-0.339790	-0.018680	-0.014324	-0.339659
NC_050070.1	58036756	58953467	-0.561870	-0.035294	-0.025652	-0.561618
NC_050070.1	58250773	59897749	-0.466411	-0.028030	-0.021996	-0.362390
NC_050070.1	58474669	59897763	-0.375915	-0.023049	-0.018256	-0.244376
NC_050070.1	58474738	60637771	-0.399182	-0.022879	-0.016113	-0.257975
NC_050070.1	58474950	60638041	-0.124997	-0.008132	-0.005703	-0.071477
NC_050070.1	58953368	61886687	0.476056	0.052151	0.040137	0.352967
NC_050070.1	58953411	61886964	0.464374	0.061065	0.046904	0.342357
NC_050070.1	58953439	63642559	0.575770	0.085821	0.067519	0.449283
NC_050070.1	58953460	63642575	0.991801	0.113313	0.091890	0.732152
NC_050070.1	58953467	63642578	0.991755	0.112658	0.091359	0.731020
NC_050070.1	59897749	63779722	0.991705	0.113449	0.090614	0.729837
NC_050070.1	59897763	65309063	0.991533	0.099870	0.079684	0.787249
NC_050070.1	60637771	67840736	0.991331	0.070990	0.050697	0.857283
NC_050070.1	60638041	68165453	0.980501	0.075300	0.056307	0.848337
NC_050070.1	61886687	68165466	0.978743	0.069484	0.052845	0.975643
NC_050070.1	61886964	68165736	0.912496	0.030845	0.022180	0.904595
NC_050070.1	63642559	68165752	0.906378	0.030736	0.022100	0.906378
NC_050070.1	63642575	68165772	0.338169	0.002512	0.001727	0.338169
NC_050070.1	63642578	68165809	0.173635	0.001379	0.000928	0.173635
NC_050070.1	63779722	69261158	0.098955	0.000675	0.000386	0.005045
NC_050070.1	65309063	69485511	0.025489	0.000158	0.000089	0.001206
NC_050070.1	67840736	70016524	0.237035	0.002102	0.001118	0.014140
NC_050070.1	68165453	70016604	-0.872458	-0.140406	-0.059027	-0.307670
NC_050070.1	68165466	70075609	-0.855106	-0.095579	-0.051615	-0.301512
NC_050070.1	68165736	70429129	-0.948912	-0.218975	-0.106357	-0.476497
NC_050070.1	68165752	70429143	-0.959089	-0.276380	-0.130597	-0.581943
NC_050070.1	68165772	70429210	-0.965884	-0.333198	-0.153433	-0.652032
NC_050070.1	68165809	70964807	-0.965780	-0.332398	-0.145116	-0.492757
NC_050070.1	69261158	71073650	-0.466099	-0.193135	-0.087950	-0.322395
NC_050070.1	69485511	71073884	-0.482834	-0.261355	-0.135816	-0.425270
NC_050070.1	70016524	71511532	-0.494420	-0.269430	-0.124834	-0.432817
NC_050070.1	70016604	72678092	-0.505584	-0.293835	-0.128349	-0.439098
NC_050070.1	70075609	72806558	-0.347045	-0.127327	-0.070087	-0.328526
NC_050070.1	70429129	75118055	-0.346991	-0.136252	-0.063339	-0.328499
NC_050070.1	70429143	75118215	-0.076525	-0.021219	-0.010435	-0.213817
NC_050070.1	70429210	75118245	0.189723	0.037353	0.019854	-0.036432
NC_050070.1	70964807	75118254	0.657549	0.093090	0.050959	0.239338
NC_050070.1	71073650	75377043	0.658092	0.079730	0.049502	0.524692
NC_050070.1	71073884	75397332	-0.389803	-0.011505	-0.006897	-0.191694
NC_050070.1	71511532	75397346	0.037621	0.000664	0.000401	0.013790
NC_050070.1	72678092	75747178	1.000000	0.018427	0.013063	0.373996
NC_050070.1	72806558	75754302	1.000000	0.035424	0.026288	0.356944
NC_050070.1	75118055	75754501	0.930203	0.033805	0.023281	0.499785
NC_050070.1	75118215	75965407	-0.540078	-0.109820	-0.069344	-0.445739
NC_050070.1	75118245	75965615	-0.530713	-0.094487	-0.057454	-0.438475
NC_050070.1	75118254	76590828	-0.539750	-0.107668	-0.062364	-0.445484
NC_050070.1	75377043	76591062	0.097911	0.028774	0.017685	0.087112
NC_050070.1	75397332	76591077	0.135845	0.044682	0.026720	0.121425
NC_050070.1	75397346	77766192	0.139372	0.035368	0.022007	0.108881
NC_050070.1	75747178	77766382	0.291650	0.085270	0.053238	0.237021
NC_050070.1	75754302	78655321	0.274236	0.055407	0.035947	0.221847
NC_050070.1	75754501	79245690	0.258149	0.050311	0.030764	0.226559
NC_050070.1	75965407	79245737	0.286862	0.054906	0.035245	0.252620
NC_050070.1	75965615	79245775	1.000000	0.166669	0.120268	0.874517
NC_050070.1	76590828	79891156	0.992349	0.154887	0.115279	0.867847
NC_050070.1	76591062	82102035	0.678723	0.093496	0.062108	0.407765
NC_050070.1	76591077	82102052	0.545777	0.053524	0.035478	0.231921
NC_050070.1	77766192	82102293	0.239023	0.028863	0.018551	-0.090379
NC_050070.1	77766382	83251982	0.224464	0.027363	0.017401	-0.115126
NC_050070.1	78655321	83251983	0.034242	0.003432	0.002181	-0.300138
NC_050070.1	79245690	83251984	0.021246	0.002782	0.001679	-0.311922
NC_050070.1	79245737	83330044	-0.029435	-0.003809	-0.002344	-0.354475
NC_050070.1	79245775	83330099	-0.084339	-0.011901	-0.006956	-0.399353
NC_050070.1	79891156	84141792	-0.953393	-0.075958	-0.043593	-0.975632
NC_050070.1	82102035	84265184	-0.722114	-0.070278	-0.040201	-0.848786
NC_050070.1	82102052	84702647	-0.401448	-0.034000	-0.019106	-0.641269
NC_050070.1	82102293	84702674	-0.474328	-0.044691	-0.024766	-0.674142
NC_050070.1	83251982	84702829	0.462735	0.016362	0.010143	0.462735
NC_050070.1	83251983	84947145	-0.615909	-0.110311	-0.059903	-0.615909
NC_050070.1	83251984	85100930	-0.272591	-0.049988	-0.028005	-0.245995
NC_050070.1	83330044	85100954	-0.244527	-0.041833	-0.024376	-0.204427
NC_050070.1	83330099	85100991	-0.211741	-0.035773	-0.021890	-0.165178
NC_050070.1	84141792	85866352	-0.199491	-0.017295	-0.012535	-0.155618
NC_050070.1	84265184	85866595	-0.180446	-0.015942	-0.011647	-0.132280
NC_050070.1	84702647	85866629	-0.268053	-0.022135	-0.016155	-0.192684
NC_050070.1	84702674	85866640	-0.302592	-0.026270	-0.021508	-0.215859
NC_050070.1	84702829	85866668	-0.261279	-0.021584	-0.017761	-0.184274
NC_050070.1	84947145	85866671	-0.274726	-0.023554	-0.018522	-0.180402
NC_050070.1	85100930	85866678	0.999726	0.030158	0.026119	0.413937
NC_050070.1	85100954	85866683	0.999051	0.013716	0.011887	0.240426
NC_050070.1	85100991	85866718	0.998727	0.013643	0.011368	0.239577
NC_050070.1	85866352	87030081	0.999552	0.031129	0.024302	0.528856
NC_050070.1	85866595	87030395	0.465003	0.034836	0.021894	0.279742
NC_050070.1	85866629	87298611	0.708302	0.079917	0.051781	0.557342
NC_050070.1	85866640	90182206	0.708863	0.066746	0.040375	0.558013
NC_050070.1	85866668	90390044	0.708663	0.066382	0.040226	0.557774
NC_050070.1	85866671	92033637	0.711490	0.053449	0.032771	0.561159
NC_050070.1	85866678	92033922	0.709710	0.048837	0.031484	0.601588
NC_050070.1	85866683	92033961	0.712517	0.049346	0.031302	0.604859
NC_050070.1	85866718	92034019	0.807758	0.083575	0.053223	0.762381
NC_050070.1	87030081	93736136	0.777335	0.072929	0.047236	0.777335
NC_050070.1	87030395	93812448	0.714536	0.063296	0.039585	0.714536
NC_050070.1	87298611	94127956	0.945799	0.074898	0.050315	0.880483
NC_050070.1	90182206	94803927	0.949952	0.080852	0.054301	0.889053
NC_050070.1	90390044	94804149	0.950250	0.092275	0.064374	0.889672
NC_050070.1	92033637	95476383	0.949865	0.094381	0.062057	0.776866
NC_050070.1	92033922	95476733	0.949724	0.109520	0.073830	0.677961
NC_050070.1	92033961	96972487	0.950508	0.110947	0.070793	0.681561
NC_050070.1	92034019	98313462	0.950099	0.108642	0.062644	0.679679
NC_050070.1	93736136	98611799	0.915576	0.061616	0.036345	0.547225
NC_050070.1	93812448	98638044	0.960091	0.069541	0.039722	0.348570
NC_050070.1	94127956	98638046	0.985025	0.089873	0.054079	0.402288
NC_050070.1	94803927	98638047	0.986634	0.100815	0.060673	0.447078
NC_050070.1	94804149	98638049	0.942308	0.053521	0.030012	0.246695
NC_050070.1	95476383	98638062	0.942967	0.054498	0.031854	0.248966
NC_050070.1	95476733	98810423	0.939931	0.051530	0.033010	0.162887
NC_050070.1	96972487	99774577	-0.125381	-0.010467	-0.007058	-0.042204
NC_050070.1	98313462	101002104	-0.024127	-0.001788	-0.001143	-0.007902
NC_050070.1	98611799	101035883	-0.332723	-0.037645	-0.025570	-0.137489
NC_050070.1	98638044	101289725	-0.328988	-0.037331	-0.024599	-0.136169
NC_050070.1	98638046	101652314	-0.321061	-0.037714	-0.025601	-0.171335
NC_050070.1	98638047	101652337	-0.483257	-0.050387	-0.034241	-0.243925
NC_050070.1	98638049	101801155	-0.687337	-0.058068	-0.040400	-0.324802
NC_050070.1	98638062	102599293	-0.641635	-0.048341	-0.033326	-0.306648
NC_050070.1	98810423	102599356	-0.663217	-0.049323	-0.034002	-0.314802
NC_050070.1	99774577	102767591	-0.762979	-0.081725	-0.053633	-0.657885
NC_050070.1	101002104	102767594	-0.760471	-0.117784	-0.068524	-0.654768
NC_050070.1	101035883	102996455	-0.905976	-0.223183	-0.132549	-0.899674
NC_050070.1	101289725	102996721	-0.780357	-0.132335	-0.086899	-0.593084
NC_050070.1	101652314	102996733	-0.720540	-0.130293	-0.090070	-0.450040
NC_050070.1	101652337	103303231	-0.716968	-0.129917	-0.084428	-0.448158
NC_050070.1	101801155	103795850	-0.708582	-0.118668	-0.079349	-0.443729
NC_050070.1	102599293	103796058	-0.708812	-0.139822	-0.088635	-0.443851
NC_050070.1	102599356	104044963	-0.393029	-0.078487	-0.059241	-0.264373
NC_050070.1	102767591	104045050	-0.158460	-0.039419	-0.029493	-0.112807
NC_050070.1	102767594	104045226	0.338052	0.071614	0.060818	0.232018
NC_050070.1	102996455	104045237	0.981961	0.172103	0.159388	0.643976
NC_050070.1	102996721	104045286	1.000000	0.204264	0.189990	0.700840
NC_050070.1	102996733	104045307	1.000000	0.238322	0.221471	0.843705
NC_050070.1	103303231	104158002	1.000000	0.235690	0.214127	0.913545
NC_050070.1	103795850	104711771	1.000000	0.243859	0.237750	0.915814
NC_050070.1	103796058	104711776	0.887285	0.272300	0.252847	0.717290
NC_050070.1	104044963	104711781	0.775693	0.281701	0.247644	0.579231
NC_050070.1	104045050	104711826	0.641222	0.500752	0.298022	0.419458
NC_050070.1	104045226	104711830	0.592366	0.447163	0.255946	0.370071
NC_050070.1	104045237	104711863	0.528108	0.457052	0.229495	0.311499
NC_050070.1	104045286	104712020	0.390389	0.364196	0.142295	0.157744
NC_050070.1	104045307	104712073	0.241468	0.220128	0.063700	0.085171
NC_050070.1	104158002	104712078	-0.424787	-0.712951	-0.113126	-0.158404
NC_050070.1	104711771	104712082	-0.647619	-6.840360	-0.249098	-0.304161
NC_050070.1	104711776	104712085	-0.647619	2.642810	-0.286540	-0.304161
NC_050070.1	104711781	104962722	-0.618452	-1.237415	-0.179894	-0.310567
NC_050070.1	104711826	104962988	-0.543575	-0.464771	-0.120467	-0.290804
NC_050070.1	104711830	105030371	-0.032382	-0.025397	-0.009959	-0.022076
NC_050070.1	104711863	105030538	-0.063534	-0.038677	-0.017270	-0.042901
NC_050070.1	104712020	105045724	-0.104564	-0.051397	-0.025201	-0.069733
NC_050070.1	104712073	105618959	-0.246369	-0.100326	-0.053997	-0.354694
NC_050070.1	104712078	105618960	-0.395612	-0.185522	-0.102945	-0.533708
NC_050070.1	104712082	105649016	-0.241061	-0.071728	-0.048083	-0.443350
NC_050070.1	104712085	105666727	0.046489	0.009684	0.006752	-0.275508
NC_050070.1	104962722	105684570	0.002385	0.000357	0.000261	-0.313067
NC_050070.1	104962988	106770414	0.011760	0.001721	0.001333	-0.307088
NC_050070.1	105030371	106770456	-0.003481	-0.000505	-0.000410	-0.319850
NC_050070.1	105030538	108535187	-0.696103	-0.054077	-0.042354	-0.780042
NC_050070.1	105045724	108535515	-0.815227	-0.094259	-0.067287	-0.860523
NC_050070.1	105618959	108535530	-0.804139	-0.093558	-0.066785	-0.854829
NC_050070.1	105618960	108728676	-0.704802	-0.062125	-0.047132	-0.784115
NC_050070.1	105649016	108728694	-0.460305	-0.021833	-0.017315	-0.606987
NC_050070.1	105666727	109184677	-0.470744	-0.021032	-0.015999	-0.612824
NC_050070.1	105684570	109184873	-0.607927	-0.025590	-0.019912	-0.782661
NC_050070.1	106770414	110259195	-0.586891	-0.027962	-0.021929	-0.769656
NC_050070.1	106770456	110259457	-0.559107	-0.028903	-0.022437	-0.752245
NC_050070.1	108535187	110259547	0.381287	0.049589	0.038510	0.054936
NC_050070.1	108535515	111354288	0.197724	0.019990	0.014729	-0.059206
NC_050070.1	108535530	112721015	0.673036	0.045983	0.034769	0.556938
NC_050070.1	108728676	112721059	0.690973	0.050222	0.037923	0.495662
NC_050070.1	108728694	115409374	0.691770	0.047124	0.033187	0.496596
NC_050070.1	109184677	115409434	0.692564	0.045633	0.032475	0.497527
NC_050070.1	109184873	116427311	0.709072	0.047396	0.034456	0.446684
NC_050070.1	110259195	116427364	0.709320	0.047242	0.034386	0.446981
NC_050070.1	110259457	116427505	0.707026	0.049582	0.035497	0.444240
NC_050070.1	110259547	117272974	0.703263	0.048556	0.034255	0.439776
NC_050070.1	111354288	117273001	0.295486	0.008705	0.006120	0.095160
NC_050070.1	112721015	117273072	0.987165	0.029344	0.021140	0.118778
NC_050070.1	112721059	118127775	0.983705	0.024551	0.018114	0.104546
NC_050070.1	115409374	118731318	0.981020	0.018811	0.013878	0.100327
NC_050070.1	115409434	118848493	0.975474	0.018233	0.013978	0.057873
NC_050070.1	116427311	119146651	0.975231	0.019324	0.014574	0.052825
NC_050070.1	116427364	119146660	0.965175	0.015585	0.011220	0.034341
NC_050070.1	116427505	119994201	0.993274	0.071554	0.051489	0.159431
NC_050070.1	117272974	119994236	0.993344	0.071240	0.051590	0.157522
NC_050070.1	117273001	119994482	0.993463	0.073906	0.053147	0.156768
NC_050070.1	117273072	119994564	0.974757	0.071844	0.050730	0.145986
NC_050070.1	118127775	120440494	0.956870	0.071094	0.050299	0.203397
NC_050070.1	118731318	120440706	0.956393	0.079323	0.057731	0.201539
NC_050070.1	118848493	121154514	-0.018051	-0.002831	-0.001915	-0.006056
NC_050070.1	119146651	121739784	0.297091	0.068215	0.048947	0.182523
NC_050070.1	119146660	121739821	0.297070	0.067351	0.048499	0.202782
NC_050070.1	119994201	121905730	0.296674	0.066205	0.048022	0.227788
NC_050070.1	119994236	121951336	-0.018891	-0.003343	-0.002275	-0.007400
NC_050070.1	119994482	123457579	-0.028810	-0.002612	-0.001787	-0.011658
NC_050070.1	119994564	124153208	-0.036279	-0.002994	-0.002072	-0.015214
NC_050070.1	120440494	124794562	-0.022880	-0.001725	-0.001189	-0.010739
NC_050070.1	120440706	125892634	-0.374269	-0.044179	-0.029456	-0.217092
NC_050070.1	121154514	125892903	-0.350042	-0.041200	-0.027659	-0.204554
NC_050070.1	121739784	126045580	-0.016414	-0.001384	-0.000972	-0.007834
NC_050070.1	121739821	126045771	-0.707808	-0.038906	-0.027262	-0.249228
NC_050070.1	121905730	126082623	-0.095374	-0.008302	-0.005651	0.011405
NC_050070.1	121951336	127030658	-0.095374	-0.008244	-0.005711	0.011405
NC_050070.1	123457579	128490881	-0.087713	-0.007666	-0.004977	0.023645
NC_050070.1	124153208	128491162	-0.086110	-0.013717	-0.008498	0.021720
NC_050070.1	124794562	128525017	-0.099545	-0.015195	-0.009804	0.013425
NC_050070.1	125892634	129397494	-0.316856	-0.073625	-0.042924	-0.153339
NC_050070.1	125892903	130077739	0.202486	0.023692	0.015692	0.203183
NC_050070.1	126045580	130784182	0.182168	0.020821	0.013782	0.191812
NC_050070.1	126045771	130784485	0.155411	0.018649	0.012002	0.190141
NC_050070.1	126082623	130942539	0.152811	0.018460	0.010722	0.101819
NC_050070.1	127030658	130942683	-0.513845	-0.033530	-0.020542	-0.114003
NC_050070.1	128490881	130942730	-0.799100	-0.133883	-0.073466	-0.315339
NC_050070.1	128491162	132584864	-0.738844	-0.092426	-0.048673	-0.304821
NC_050070.1	128525017	132585156	-0.682492	-0.087888	-0.045361	-0.294080
NC_050070.1	129397494	132692758	-0.680803	-0.112524	-0.052150	-0.198651
NC_050070.1	130077739	132692999	-0.528418	-0.057466	-0.029681	-0.118340
NC_050070.1	130784182	132693001	-0.515735	-0.060713	-0.030281	-0.116248
NC_050070.1	130784485	133504487	-0.336606	-0.032814	-0.018925	-0.083517
NC_050070.1	130942539	133615561	-0.105150	-0.012661	-0.007050	-0.012524
NC_050070.1	130942683	133948623	0.239642	0.037255	0.021249	0.139600
NC_050070.1	130942730	134483897	0.169332	0.026939	0.015221	0.105006
NC_050070.1	132584864	134483899	0.774098	0.077429	0.046300	0.331278
NC_050070.1	132585156	134483900	0.671689	0.090031	0.068080	0.309993
NC_050070.1	132692758	135077203	0.663308	0.085827	0.056882	0.322284
NC_050070.1	132692999	135190066	0.672737	0.073551	0.051893	0.691802
NC_050070.1	132693001	135636071	0.279511	0.039517	0.027256	0.072524
NC_050070.1	133504487	136048827	0.271730	0.033569	0.024024	0.064729
NC_050070.1	133615561	136048910	0.210187	0.030124	0.019413	0.004348
NC_050070.1	133948623	136828490	0.103012	0.012732	0.008524	-0.145989
NC_050070.1	134483897	136828492	-0.498988	-0.038913	-0.029150	-0.663128
NC_050070.1	134483899	137711213	-0.274029	-0.022092	-0.016627	-0.398792
NC_050070.1	134483900	137885644	-0.166583	-0.012622	-0.009573	-0.288128
NC_050070.1	135077203	137885694	0.019817	0.001590	0.001199	-0.205767
NC_050070.1	135190066	139049490	0.429869	0.055852	0.047951	0.082853
NC_050070.1	135636071	140196872	0.471381	0.061276	0.053152	0.122291
NC_050070.1	136048827	140196925	1.000000	0.107990	0.096647	0.659683
NC_050070.1	136048910	140935434	0.207230	0.037198	0.029472	0.157360
NC_050070.1	136828490	140935663	0.003086	0.000652	0.000496	-0.113886
NC_050070.1	136828492	140935667	-0.163515	-0.042468	-0.030842	-0.298268
NC_050070.1	137711213	140935688	-0.293183	-0.092636	-0.063947	-0.427115
NC_050070.1	137885644	140935689	-0.414618	-0.153095	-0.100623	-0.567393
NC_050070.1	137885694	140935691	-0.487102	-0.214551	-0.133486	-0.665015
NC_050070.1	139049490	140935704	-0.566434	-0.268253	-0.162757	-0.726872
NC_050070.1	140196872	140935711	-0.852941	-0.460072	-0.267198	-0.914530
NC_050070.1	140196925	140975463	-0.918124	-0.678755	-0.311113	-0.953105
NC_050070.1	140935434	141874004	-0.994569	-0.597286	-0.303259	-0.996977
NC_050070.1	140935663	141874297	-0.993789	-0.646464	-0.324721	-0.996890
NC_050070.1	140935667	142362991	-0.964644	-0.474749	-0.267929	-0.982164
NC_050070.1	140935688	142363237	-0.968255	-0.479977	-0.262985	-0.982035
NC_050070.1	140935689	142363264	-0.936205	-0.374075	-0.221399	-0.963047
NC_050070.1	140935691	142784072	-0.932117	-0.349269	-0.196351	-0.960275
NC_050070.1	140935704	142784140	-0.927469	-0.329445	-0.182852	-0.957054
NC_050070.1	140935711	143101713	-0.899715	-0.185838	-0.112881	-0.879514
NC_050070.1	140975463	144038894	-0.858560	-0.131839	-0.085560	-0.838313
NC_050070.1	141874004	144039068	-0.848169	-0.131136	-0.085615	-0.832181
NC_050070.1	141874297	145068762	-0.803568	-0.119043	-0.075199	-0.778389
NC_050070.1	142362991	145142167	-0.745647	-0.086311	-0.051956	-0.703634
NC_050070.1	142363237	145526521	-0.156093	-0.027109	-0.016351	-0.272531
NC_050070.1	142363264	145526554	0.390552	0.045533	0.029570	0.057560
NC_050070.1	142784072	145526837	0.605181	0.096402	0.063101	0.309350
NC_050070.1	142784140	146378562	0.771391	0.110888	0.070955	0.522183
NC_050070.1	143101713	146378606	0.991477	0.168530	0.112912	0.880116
NC_050070.1	144038894	146378607	0.993374	0.276191	0.185994	0.977438
NC_050070.1	144039068	146378758	0.993351	0.306801	0.199141	0.977359
NC_050070.1	145068762	146378761	0.963952	0.329260	0.217968	0.948850
NC_050070.1	145142167	146518295	0.963900	0.337788	0.221557	0.948777
NC_050070.1	145526521	146518296	0.963849	0.397646	0.284784	0.948705
NC_050070.1	145526554	146518311	0.950806	0.429643	0.301671	0.823860
NC_050070.1	145526837	146518457	0.814880	0.424350	0.277001	0.706280
NC_050070.1	146378562	146518458	0.732172	0.484910	0.280416	0.598932
NC_050070.1	146378606	146518510	0.744510	0.480205	0.426353	0.623988
NC_050070.1	146378607	146520326	0.584094	0.297149	0.255683	0.444375
NC_050070.1	146378758	146520385	-0.208747	-0.057293	-0.040938	-0.109075
NC_050070.1	146378761	146520391	-0.214742	-0.102466	-0.064267	-0.077333
NC_050070.1	146518295	146520392	-0.294894	-0.105766	-0.067460	-0.090505
NC_050070.1	146518296	146520473	-0.302633	-0.134372	-0.078711	-0.092497
NC_050070.1	146518311	146520483	-0.323110	-0.148429	-0.085151	-0.097689
NC_050070.1	146518457	146520555	-0.138198	-0.070140	-0.048685	-0.073682
NC_050070.1	146518458	146520571	0.323791	0.148788	0.122115	0.161825
NC_050070.1	146518510	146520636	0.448391	0.159073	0.139837	0.246851
NC_050070.1	146520326	146520644	0.436000	0.150799	0.132614	0.237630
NC_050070.1	146520385	146520677	0.418379	0.137963	0.121573	0.224830
NC_050070.1	146520391	146520697	0.460722	0.130413	0.127341	0.256214
NC_050070.1	146520392	146520897	0.590354	0.136227	0.110977	0.569063
NC_050070.1	146520473	146520911	0.586178	0.131955	0.107787	0.564830
NC_050070.1	146520483	146520958	0.772143	0.241286	0.205984	0.756401
NC_050070.1	146520555	146520975	0.772122	0.233663	0.200399	0.756379
NC_050070.1	146520571	146902264	1.000000	0.216013	0.156249	1.000000
NC_050070.1	146520636	147086461	1.000000	0.155788	0.110496	1.000000
NC_050070.1	146520644	147369640	1.000000	0.147920	0.104951	1.000000
NC_050070.1	146520677	147369646	1.000000	0.147388	0.108325	1.000000
NC_050070.1	146520697	147718562	1.000000	0.112518	0.082597	1.000000
NC_050070.1	146520897	149294061	1.000000	0.095765	0.062159	1.000000
NC_050070.1	146520911	149603250	1.000000	0.078490	0.054334	1.000000
NC_050070.1	146520958	149603261	1.000000	0.116345	0.081166	1.000000
NC_050070.1	146520975	149603309	1.000000	0.071826	0.050741	1.000000
NC_050070.1	146902264	149603369	1.000000	0.071529	0.045646	1.000000
NC_050070.1	147086461	149632461	0.978544	0.070143	0.045918	0.986083
NC_050070.1	147369640	149632782	0.979403	0.075016	0.050148	0.986450
NC_050070.1	147369646	149632795	0.814071	0.061093	0.040410	0.879366
NC_050070.1	147718562	150681721	0.788122	0.036496	0.025091	0.868953
NC_050070.1	149294061	150681730	0.793027	0.040728	0.028117	0.870846
NC_050070.1	149603250	150874958	0.793363	0.040763	0.030808	0.870977
NC_050070.1	149603261	150874959	0.893656	0.101280	0.078181	0.918795
NC_050070.1	149603309	150875252	0.849618	0.065846	0.051214	0.849618
NC_050070.1	149603369	150875281	0.910824	0.124799	0.096033	0.910824
NC_050070.1	149632461	151324946	0.940326	0.189604	0.134946	0.940326
NC_050070.1	149632782	151467790	0.947055	0.162168	0.110705	0.947055
NC_050070.1	149632795	151467801	0.914025	0.157569	0.107193	0.914025
NC_050070.1	150681721	151467952	0.965878	0.160917	0.109984	0.566507
NC_050070.1	150681730	151598755	0.966182	0.218292	0.146534	0.550342
NC_050070.1	150874958	151599014	0.966046	0.204686	0.140091	0.549317
NC_050070.1	150874959	152633118	0.958883	0.197550	0.130738	0.545313
NC_050070.1	150875252	153719962	0.941973	0.122838	0.074244	0.368624
NC_050070.1	150875281	153719969	0.941798	0.126462	0.075456	0.309132
NC_050070.1	151324946	153796814	0.900304	0.069782	0.040897	0.199814
NC_050070.1	151467790	153797122	0.872608	0.054580	0.037633	0.159247
NC_050070.1	151467801	154925600	0.872878	0.056427	0.042714	0.159572
NC_050070.1	151467952	155122544	0.978471	0.063991	0.046859	0.185495
NC_050070.1	151598755	155226446	0.977426	0.045868	0.035981	0.188871
NC_050070.1	151599014	155226577	0.986579	0.082653	0.063959	0.291321
NC_050070.1	152633118	155294662	0.987121	0.087699	0.067595	0.300028
NC_050070.1	153719962	155440543	0.999241	0.089263	0.067114	0.303639
NC_050070.1	153719969	155445740	0.999238	0.090759	0.073940	0.367699
NC_050070.1	153796814	155506594	0.998835	0.090126	0.071655	0.299873
NC_050070.1	153797122	155506622	0.986223	0.094038	0.075811	0.295664
NC_050070.1	154925600	155506629	0.951396	0.051527	0.041150	0.179436
NC_050070.1	155122544	155506639	0.938834	0.058272	0.045180	0.148764
NC_050070.1	155226446	155506649	0.907447	0.056898	0.045287	0.132900
NC_050070.1	155226577	155600059	0.907924	0.100067	0.070516	0.131596
NC_050070.1	155294662	156770845	0.934950	0.104601	0.063548	0.180919
NC_050070.1	155440543	156770852	-0.006791	-0.001582	-0.000853	-0.002059
NC_050070.1	155445740	156825204	-0.010452	-0.003031	-0.001506	-0.003161
NC_050070.1	155506594	156825474	-0.016377	-0.005981	-0.002789	-0.004934
NC_050070.1	155506622	156825532	-0.005704	-0.001968	-0.000992	-0.002235
NC_050070.1	155506629	156904111	0.003541	0.001073	0.000503	0.001387
NC_050070.1	155506639	156968951	0.019019	0.005069	0.002389	0.007474
NC_050070.1	155506649	157480244	-0.082317	-0.022491	-0.010703	-0.087580
NC_050070.1	155600059	158725372	-0.071965	-0.009321	-0.005911	-0.082651
NC_050070.1	156770845	158725456	-0.065603	-0.008572	-0.005279	-0.131580
NC_050070.1	156770852	158725718	-0.875704	-0.081844	-0.051401	-0.717362
NC_050070.1	156825204	158725731	-0.436124	-0.009769	-0.006329	-0.398800
NC_050070.1	156825474	158725735	0.610946	0.047822	0.032972	0.283925
NC_050070.1	156825532	158725736	0.775039	0.102725	0.072052	0.518865
NC_050070.1	156904111	158725738	0.840784	0.156128	0.109778	0.710018
NC_050070.1	156968951	159316256	0.784186	0.148362	0.104829	0.660708
NC_050070.1	157480244	159316555	0.783332	0.147692	0.100328	0.659459
NC_050070.1	158725372	159421421	0.927528	0.151965	0.107832	0.927528
NC_050070.1	158725456	159801512	0.468568	0.194135	0.097106	0.468568
NC_050070.1	158725718	159801865	0.184085	0.085710	0.044733	0.184085
NC_050070.1	158725731	159801919	-0.005414	-0.002737	-0.001487	-0.005414
NC_050070.1	158725735	161268959	0.145005	0.085760	0.048709	0.145005
NC_050070.1	158725736	161768586	0.022043	0.009958	0.005505	0.021215
NC_050070.1	158725738	161768651	-0.270750	-0.127717	-0.065718	-0.260231
NC_050070.1	159316256	161768858	-0.515641	-0.208464	-0.104325	-0.491925
NC_050070.1	159316555	162201830	-0.511501	-0.202814	-0.096769	-0.487784
NC_050070.1	159421421	163053455	-0.245001	-0.105492	-0.055352	-0.235567
NC_050070.1	159801512	163163424	-0.245643	-0.104777	-0.053085	-0.236179
NC_050070.1	159801865	163163458	-0.097899	-0.034670	-0.019878	-0.093442
NC_050070.1	159801919	163442776	0.113989	0.032916	0.018730	0.107646
NC_050070.1	161268959	163442786	0.471217	0.105664	0.062567	0.437980
NC_050070.1	161768586	164080688	0.213544	0.028861	0.016585	0.191886
NC_050070.1	161768651	164826484	-0.227733	-0.044295	-0.026452	-0.227733
NC_050070.1	161768858	164977634	0.274187	0.051199	0.032223	0.274187
NC_050070.1	162201830	164977660	0.270243	0.052324	0.032949	0.270243
NC_050070.1	163053455	164977773	0.441486	0.108332	0.075593	0.441486
NC_050070.1	163163424	165025206	0.230242	0.043891	0.031552	0.230242
NC_050070.1	163163458	165025292	0.227158	0.046522	0.034629	0.227158
NC_050070.1	163442776	165227960	0.219411	0.048386	0.035299	0.219411
NC_050070.1	163442786	165227965	0.232199	0.055212	0.042284	0.232199
NC_050070.1	164080688	165228003	-0.113924	-0.039966	-0.027773	-0.113924
NC_050070.1	164826484	167783323	-0.119931	-0.043038	-0.022901	-0.119931
NC_050070.1	164977634	168005432	0.232367	0.073762	0.036866	0.232367
NC_050070.1	164977660	168005434	-0.085591	-0.021153	-0.010064	-0.085591
NC_050070.1	164977773	168005435	-0.085982	-0.021276	-0.010114	-0.085982
NC_050070.1	165025206	168005439	-0.866409	-0.139045	-0.064878	-0.866409
NC_050070.1	165025292	168084413	0.046065	0.014902	0.006572	0.046065
NC_050070.1	165227960	168189798	0.050796	0.016357	0.007253	0.050796
NC_050070.1	165227965	168189893	0.060622	0.016929	0.007171	0.060622
NC_050070.1	165228003	168190171	0.047579	0.015210	0.005548	0.024161
NC_050070.1	167783323	169125603	0.999722	0.112916	0.052410	0.353819
NC_050070.1	168005432	169125827	0.999723	0.131231	0.081910	0.354817
NC_050070.1	168005434	169391834	0.367018	0.069407	0.042912	0.019714
NC_050070.1	168005435	169392220	0.415178	0.080104	0.050634	0.081219
NC_050070.1	168005439	169636765	0.406573	0.064544	0.043693	0.078529
NC_050070.1	168084413	170524867	0.626022	0.109921	0.080382	0.252409
NC_050070.1	168189798	171789076	0.415173	0.035796	0.027449	0.083869
NC_050070.1	168189893	171789143	0.421605	0.036702	0.027423	0.087925
NC_050070.1	168190171	171805086	0.460169	0.042845	0.033046	0.113419
NC_050070.1	169125603	171805087	0.463330	0.042713	0.034396	0.205439
NC_050070.1	169125827	171805325	0.460817	0.047778	0.039249	0.197201
NC_050070.1	169391834	171896753	0.459495	0.047674	0.039142	0.195774
NC_050070.1	169392220	171896967	0.989745	0.118051	0.099053	0.963130
NC_050070.1	169636765	172133443	0.989218	0.112493	0.091867	0.833180
NC_050070.1	170524867	172133446	0.998961	0.122279	0.098512	0.840395
NC_050070.1	171789076	172133453	0.997984	0.086127	0.066944	0.749225
NC_050070.1	171789143	172298722	0.997945	0.139789	0.098080	0.746377
NC_050070.1	171805086	172298769	0.997914	0.138081	0.103632	0.744049
NC_050070.1	171805087	172299150	0.997623	0.118153	0.090799	0.723813
NC_050070.1	171805325	172299153	0.997621	0.109500	0.085581	0.723649
NC_050070.1	171896753	172299181	0.991943	0.121744	0.091482	0.345988
NC_050070.1	171896967	172299183	0.982915	0.139253	0.099014	0.222829
NC_050070.1	172133443	172299184	0.833261	0.021227	0.014218	0.019922
NC_050070.1	172133446	172299185	0.563319	0.008964	0.006058	0.005777
NC_050070.1	172133453	172299186	0.418498	0.007421	0.004624	0.003231
NC_050070.1	172298722	172299188	0.308258	0.005523	0.003320	0.001902
NC_050070.1	172298769	172299420	0.162137	0.002650	0.001737	0.000739
NC_050070.1	172299150	172883557	-0.067363	-0.000784	-0.000451	-0.000241
NC_050070.1	172299153	172883558	-0.351604	-0.004698	-0.002774	-0.000995
NC_050070.1	172299181	173329249	0.897172	0.150394	0.074312	0.032268
NC_050070.1	172299183	174466990	0.920783	0.068342	0.029715	0.042532
NC_050070.1	172299184	174466996	0.941994	0.066675	0.031605	0.056489
NC_050070.1	172299185	175553130	0.957769	0.057333	0.025356	0.073257
NC_050070.1	172299186	176344356	0.988817	0.130259	0.060861	0.205915
NC_050070.1	172299188	176344621	0.996471	0.178119	0.088140	0.380346
NC_050070.1	172299420	177445027	0.998992	0.169463	0.081626	0.548202
NC_050070.1	172883557	177502693	0.446776	0.099044	0.047280	0.446776
NC_050070.1	172883558	177878103	0.442125	0.108594	0.050938	0.442125
NC_050070.1	173329249	177878110	0.437728	0.107833	0.050563	0.437728
NC_050070.1	174466990	177878302	0.368061	0.080907	0.039335	0.368061
NC_050070.1	174466996	177878315	0.350508	0.112328	0.061446	0.350508
NC_050070.1	175553130	177878347	0.332353	0.118610	0.061164	0.332353
NC_050070.1	176344356	178002894	0.335507	0.134438	0.089524	0.335507
NC_050070.1	176344621	179396689	0.052843	0.012506	0.006960	0.048688
NC_050070.1	177445027	179397961	-0.647089	-0.097010	-0.054429	-0.563472
NC_050070.1	177502693	180256231	-0.640098	-0.049090	-0.035701	-0.557690
NC_050070.1	177878103	180256418	0.690168	0.012584	0.009556	0.414742
NC_050070.1	177878110	181220492	0.767473	0.011608	0.008761	0.461076
NC_050070.1	177878302	181220493	0.844880	0.012098	0.009254	0.507447
NC_050070.1	177878315	181220494	0.763674	0.007214	0.005512	0.379358
NC_050070.1	177878347	181220786	-0.719537	-0.042113	-0.031152	-0.619658
NC_050070.1	178002894	181220788	0.018836	0.001831	0.001370	0.017233
NC_050070.1	179396689	181476897	-0.001201	-0.000112	-0.000075	-0.000077
NC_050070.1	179397961	181696015	0.006353	0.000599	0.000432	0.004719
NC_050070.1	180256231	181696023	0.364090	0.053633	0.038720	0.267054
NC_050070.1	180256418	181696084	0.532291	0.167136	0.111308	0.419811
NC_050070.1	181220492	181706768	0.536484	0.131243	0.094606	0.423917
NC_050070.1	181220493	182502042	0.551636	0.109915	0.079385	0.438887
NC_050070.1	181220494	182502111	0.570964	0.115645	0.084162	0.458286
NC_050070.1	181220786	182502113	0.588481	0.123757	0.090166	0.476170
NC_050070.1	181220788	182545931	1.000000	0.164289	0.120679	0.745566
NC_050070.1	181476897	182880789	1.000000	0.127221	0.090180	0.696917
NC_050070.1	181696015	183386887	1.000000	0.170175	0.135289	0.957849
NC_050070.1	181696023	184173312	0.672102	0.142157	0.104286	0.647996
NC_050070.1	181696084	184173317	0.267500	0.056667	0.039756	0.257432
NC_050070.1	181706768	184173331	0.068647	0.011497	0.007912	0.062152
NC_050070.1	182502042	184173586	0.087706	0.017185	0.011097	0.075868
NC_050070.1	182502111	184173602	0.080581	0.024241	0.015016	0.066522
NC_050070.1	182502113	184411086	-0.226147	-0.098185	-0.054096	-0.193481
NC_050070.1	182545931	185307474	-0.282823	-0.088740	-0.049879	-0.168423
NC_050070.1	182880789	185978693	-0.282409	-0.088001	-0.048402	-0.172410
NC_050070.1	183386887	186972049	-0.293360	-0.089307	-0.049581	-0.178765
NC_050070.1	184173312	188223807	-0.743852	-0.200084	-0.101788	-0.294888
NC_050070.1	184173317	188223823	-0.645231	-0.133003	-0.075534	-0.215287
NC_050070.1	184173331	188459941	-0.416459	-0.051029	-0.031440	-0.102434
NC_050070.1	184173586	188459976	0.091563	0.017482	0.011064	0.031732
NC_050070.1	184173602	189175183	0.092387	0.016091	0.010607	0.031482
NC_050070.1	184411086	189175443	0.040074	0.007179	0.004527	0.013626
NC_050070.1	185307474	189476068	0.961225	0.085981	0.055779	0.209269
NC_050070.1	185978693	190361556	0.945488	0.123497	0.077362	0.328370
NC_050070.1	186972049	190953699	0.923530	0.100636	0.068318	0.315479
NC_050070.1	188223807	191143367	0.923530	0.114462	0.080657	0.315479
NC_050070.1	188223823	191679729	0.925080	0.080364	0.052720	0.737951
NC_050070.1	188459941	191680032	0.925503	0.080455	0.054613	0.739134
NC_050070.1	188459976	192302513	0.959700	0.151208	0.095162	0.844509
NC_050070.1	189175183	192302761	0.931565	0.073430	0.048625	0.753603
NC_050070.1	189175443	192574083	0.938755	0.095185	0.060938	0.938755
NC_050070.1	189476068	192604206	0.968811	0.131556	0.087606	0.968811
NC_050070.1	190361556	194196165	0.968493	0.119742	0.070861	0.968493
NC_050070.1	190953699	194196181	0.978141	0.120459	0.072224	0.978141
NC_050070.1	191143367	194196182	0.984193	0.144030	0.083805	0.981725
NC_050070.1	191679729	194259910	0.994105	0.137698	0.082551	0.991653
NC_050070.1	191680032	194260182	0.994184	0.181480	0.103084	0.991765
NC_050070.1	192302513	194260217	0.994229	0.182226	0.103673	0.991829
NC_050070.1	192302761	194260250	0.988551	0.094569	0.058196	0.983827
NC_050070.1	192574083	194920699	0.988715	0.096221	0.050315	0.984058
NC_050070.1	192604206	195504496	0.985691	0.082271	0.043357	0.828556
NC_050070.1	194196165	196152847	0.957561	0.017829	0.010545	0.612841
NC_050070.1	194196181	196789766	0.967281	0.015804	0.011738	0.674690
NC_050070.1	194196182	197402690	0.918844	0.015267	0.011331	0.645341
NC_050070.1	194259910	197800957	0.899094	0.015013	0.011141	0.637820
NC_050070.1	194260182	197801282	0.907966	0.016035	0.011763	0.661004
NC_050070.1	194260217	199304236	0.903055	0.013385	0.010293	0.648024
NC_050070.1	194260250	199351820	0.895438	0.012443	0.009544	0.628609
NC_050070.1	194920699	199748166	0.893515	0.012525	0.008803	0.625159
NC_050070.1	195504496	199889809	0.882222	0.012874	0.009028	0.128835
NC_050070.1	196152847	199889831	0.845842	0.009132	0.006408	0.102632
NC_050070.1	196789766	200536775	0.861352	0.013389	0.008945	0.103310
NC_050070.1	197402690	200536803	0.831489	0.020693	0.011561	0.076336
NC_050070.1	197800957	200615915	0.910816	0.022191	0.012387	0.081119
NC_050070.1	197801282	200804428	-0.625599	-0.078127	-0.041030	-0.206336
NC_050070.1	199304236	200804781	-0.681863	-0.090568	-0.044602	-0.219830
NC_050070.1	199351820	200813600	-0.094156	-0.031283	-0.012237	-0.039394
NC_050070.1	199748166	200813675	-0.045917	-0.015635	-0.006192	-0.018509
NC_050070.1	199889809	201048112	-0.030123	-0.009022	-0.004910	-0.012542
NC_050070.1	199889831	201303112	-0.353517	-0.139780	-0.079882	-0.282482
NC_050070.1	200536775	201303117	-0.342584	-0.135998	-0.077858	-0.274191
NC_050070.1	200536803	201611244	-0.529365	-0.198262	-0.126368	-0.471442
NC_050070.1	200615915	201663360	-0.534035	-0.198856	-0.121529	-0.504018
NC_050070.1	200804428	201663375	-0.523413	-0.179623	-0.113517	-0.494185
NC_050070.1	200804781	201663572	-0.377502	-0.099414	-0.062682	-0.350431
NC_050070.1	200813600	201675952	-0.396931	-0.113286	-0.068907	-0.368095
NC_050070.1	200813675	201676250	-0.789786	-0.174258	-0.106156	-0.718072
NC_050070.1	201048112	201676254	-0.854869	-0.179800	-0.110052	-0.854869
NC_050070.1	201303112	201951847	-0.868802	-0.181003	-0.110874	-0.868802
NC_050070.1	201303117	202315953	-0.802008	-0.100905	-0.067831	-0.802008
NC_050070.1	201611244	202316225	-0.862669	-0.104851	-0.070517	-0.862669
NC_050070.1	201663360	202349326	-0.476249	-0.022742	-0.014668	-0.476249
NC_050070.1	201663375	202349375	-0.577782	-0.025445	-0.016111	-0.577782
NC_050070.1	201663572	202349685	-0.691604	-0.031586	-0.019212	-0.691604
NC_050070.1	201675952	202971719	-0.539516	-0.013393	-0.009609	-0.341087
NC_050070.1	201676250	203344669	-0.889911	-0.089337	-0.059356	-0.779118
NC_050070.1	201676254	203712092	-0.933058	-0.138712	-0.082704	-0.858797
NC_050070.1	201951847	203712128	-0.962642	-0.214542	-0.119571	-0.906252
NC_050070.1	202315953	204038248	-0.979977	-0.269548	-0.114585	-0.936515
NC_050070.1	202316225	204038262	-0.983307	-0.380554	-0.146229	-0.946680
NC_050070.1	202349326	204038311	-0.989849	-0.516121	-0.175201	-0.959251
NC_050070.1	202349375	204248327	-0.962264	-0.428846	-0.151430	-0.932919
NC_050070.1	202349685	204248362	-0.932180	-0.458598	-0.158213	-0.904175
NC_050070.1	202971719	204248389	-0.904551	-0.411050	-0.150642	-0.877753
NC_050070.1	203344669	204478672	-0.612092	-0.411882	-0.133158	-0.612092
NC_050070.1	203712092	204816817	-0.571987	-0.351156	-0.117261	-0.571987
NC_050070.1	203712128	205305631	-0.506696	-0.326672	-0.111338	-0.374152
NC_050070.1	204038248	205609855	-0.414623	-0.203385	-0.077034	-0.292868
NC_050070.1	204038262	206304462	-0.118382	-0.044840	-0.025890	-0.080463
NC_050070.1	204038311	206462942	0.380900	0.123703	0.081236	0.260751
NC_050070.1	204248327	206775643	0.811015	0.166310	0.114217	0.506300
NC_050070.1	204248362	206836704	0.806350	0.174373	0.131713	0.498762
NC_050070.1	204248389	206836955	0.801258	0.160531	0.122734	0.490691
NC_050070.1	204478672	206836993	0.796092	0.158445	0.120593	0.482664
NC_050070.1	204816817	207470150	0.682357	0.077422	0.048400	0.339215
NC_050070.1	205305631	207470162	1.000000	0.091057	0.061171	0.456378
NC_050070.1	205609855	207470221	1.000000	0.147045	0.099845	1.000000
NC_050070.1	206304462	207470410	1.000000	0.147060	0.099804	1.000000
NC_050070.1	206462942	207470511	1.000000	0.142702	0.096462	1.000000
NC_050070.1	206775643	208147253	1.000000	0.074937	0.048480	1.000000
NC_050070.1	206836704	208774453	1.000000	0.077590	0.049626	1.000000
NC_050070.1	206836955	208801735	0.101659	0.014725	0.008754	0.101659
NC_050070.1	206836993	208816146	0.103712	0.013947	0.008115	0.103712
NC_050070.1	207470150	208880619	0.108514	0.014658	0.008532	0.108514
NC_050070.1	207470162	208925733	0.140056	0.023268	0.016038	0.140056
NC_050070.1	207470221	209186953	-0.236871	-0.054709	-0.034720	-0.236871
NC_050070.1	207470410	209187208	-0.829815	-0.129552	-0.078456	-0.829815
NC_050070.1	207470511	209492388	-0.828660	-0.114776	-0.072761	-0.828660
NC_050070.1	208147253	209855510	-0.796978	-0.112205	-0.071093	-0.796978
NC_050070.1	208774453	210067921	-0.745798	-0.111505	-0.064890	-0.696654
NC_050070.1	208801735	210087571	-0.762583	-0.134285	-0.080110	-0.713103
NC_050070.1	208816146	210087572	-0.536715	-0.059603	-0.037755	-0.387710
NC_050070.1	208880619	210087576	-0.686859	-0.125780	-0.078213	-0.540038
NC_050070.1	208925733	210087577	-0.712259	-0.145593	-0.086984	-0.561830
NC_050070.1	209186953	210087617	-0.702799	-0.146764	-0.087124	-0.459491
NC_050070.1	209187208	210087634	-0.356640	-0.042498	-0.027757	-0.148171
NC_050070.1	209492388	210087668	-0.330608	-0.036951	-0.026797	-0.120809
NC_050070.1	209855510	210282100	-0.337135	-0.049428	-0.032963	-0.122811
NC_050070.1	210067921	210282109	-0.387717	-0.054684	-0.036567	-0.137921
NC_050070.1	210087571	210282139	-0.489465	-0.068643	-0.062159	-0.176279
NC_050070.1	210087572	210282481	-0.449190	-0.048603	-0.040927	-0.156743
NC_050070.1	210087576	210282521	-0.529649	-0.052395	-0.044366	-0.210402
NC_050070.1	210087577	211253814	0.626063	0.018310	0.015586	0.111729
NC_050070.1	210087617	211253879	0.993811	0.024019	0.020834	0.164843
NC_050070.1	210087634	211254074	0.991457	0.015960	0.013994	0.196023
NC_050070.1	210087668	211338546	0.996379	0.018579	0.015496	0.288653
NC_050070.1	210282100	211338579	1.000000	0.021392	0.017854	0.440526
NC_050070.1	210282109	211338605	1.000000	0.025234	0.021196	0.391767
NC_050070.1	210282139	211688644	0.937168	0.025817	0.019851	0.367152
NC_050071.1	437731	982257	-0.634904	-0.377083	-0.175103	-0.493285
NC_050071.1	437753	982269	-0.636806	-0.546201	-0.215733	-0.468112
NC_050071.1	915426	982273	-0.426230	-0.329820	-0.115563	-0.265629
NC_050071.1	915488	982278	-0.440275	-0.562669	-0.127697	-0.271764
NC_050071.1	915546	1442320	0.760828	0.196051	0.154343	0.650008
NC_050071.1	915579	1603058	-0.013513	-0.005190	-0.002858	-0.013155
NC_050071.1	915580	1603060	-0.314960	-0.174379	-0.088003	-0.296335
NC_050071.1	982227	1688973	-0.329553	-0.125326	-0.073595	-0.317635
NC_050071.1	982254	1689036	-0.015811	-0.007421	-0.004570	-0.015917
NC_050071.1	982257	1689088	-0.002886	-0.001237	-0.000816	-0.003368
NC_050071.1	982269	1689284	-0.002998	-0.001271	-0.000788	-0.003477
NC_050071.1	982273	2892154	0.020085	0.007302	0.004661	0.019335
NC_050071.1	982278	3639816	0.219467	0.083269	0.052866	0.218260
NC_050071.1	1442320	3693245	0.347319	0.137083	0.091964	0.347319
NC_050071.1	1603058	3734324	0.229164	0.092227	0.057974	0.229164
NC_050071.1	1603060	3769598	0.519221	0.173298	0.127311	0.519221
NC_050071.1	1688973	4661648	0.994337	0.140859	0.100446	0.994337
NC_050071.1	1689036	4661651	0.994448	0.148325	0.104801	0.994448
NC_050071.1	1689088	4661652	0.992334	0.107320	0.075804	0.992334
NC_050071.1	1689284	4661902	0.992379	0.107869	0.073876	0.992379
NC_050071.1	2892154	5294682	0.994460	0.143618	0.099909	0.994460
NC_050071.1	3639816	5382141	0.994345	0.145653	0.094465	0.994345
NC_050071.1	3693245	5851843	0.632900	0.066643	0.044396	0.383564
NC_050071.1	3734324	6321001	0.596547	0.055247	0.033998	0.332611
NC_050071.1	3769598	6368019	0.601906	0.058081	0.035360	0.340028
NC_050071.1	4661648	6368034	0.621760	0.061270	0.037865	0.363832
NC_050071.1	4661651	6434526	0.605386	0.076171	0.048692	0.344924
NC_050071.1	4661652	6566453	0.140030	0.022695	0.013517	-0.002105
NC_050071.1	4661902	6752069	0.124226	0.016148	0.010388	-0.018188
NC_050071.1	5294682	6909810	0.138508	0.018171	0.011179	-0.003658
NC_050071.1	5382141	6909907	-0.111463	-0.011297	-0.007096	-0.249603
NC_050071.1	5851843	6916158	0.039115	0.004418	0.002997	-0.103553
NC_050071.1	6321001	6916348	0.342464	0.046071	0.030452	0.342464
NC_050071.1	6368019	7210531	-0.134819	-0.020147	-0.013852	-0.134819
NC_050071.1	6368034	7210584	-0.174199	-0.026619	-0.018004	-0.174199
NC_050071.1	6434526	7262272	-0.417474	-0.083389	-0.051031	-0.417474
NC_050071.1	6566453	7472103	-0.413173	-0.101638	-0.058617	-0.413173
NC_050071.1	6752069	7472162	-0.389450	-0.113237	-0.063378	-0.389142
NC_050071.1	6909810	7533882	-0.388684	-0.170560	-0.075072	-0.388377
NC_050071.1	6909907	7741592	-0.434851	-0.158549	-0.088645	-0.434496
NC_050071.1	6916158	7743865	-0.483517	-0.160421	-0.092094	-0.483108
NC_050071.1	6916348	7743915	-0.694029	-0.246823	-0.125221	-0.693362
NC_050071.1	7210531	7743947	-0.978913	-0.464590	-0.220647	-0.977935
NC_050071.1	7210584	7995618	-0.891319	-0.276115	-0.140156	-0.890256
NC_050071.1	7262272	7995693	-0.881925	-0.264615	-0.136596	-0.880874
NC_050071.1	7472103	7995694	-0.715600	-0.152121	-0.092910	-0.714396
NC_050071.1	7472162	8026946	-0.169399	-0.043833	-0.027195	-0.169205
NC_050071.1	7533882	8463599	0.159858	0.024074	0.016023	0.144994
NC_050071.1	7741592	9199386	0.167369	0.018670	0.012711	0.151934
NC_050071.1	7743865	9199624	0.164703	0.020143	0.011678	0.149469
NC_050071.1	7743915	9751586	0.170977	0.021273	0.012283	0.146131
NC_050071.1	7743947	9751588	0.186667	0.022312	0.013369	0.150885
NC_050071.1	7995618	9751589	1.000000	0.069068	0.043456	0.664830
NC_050071.1	7995693	10652512	1.000000	0.064700	0.043495	0.651451
NC_050071.1	7995694	10652573	1.000000	0.064006	0.043473	0.656194
NC_050071.1	8026946	10652582	1.000000	0.104712	0.071121	0.757425
NC_050071.1	8463599	11538940	1.000000	0.057282	0.038052	0.566748
NC_050071.1	9199386	11539174	1.000000	0.070214	0.047559	0.560177
NC_050071.1	9199624	11582107	1.000000	0.095349	0.064317	0.557118
NC_050071.1	9751586	11717217	0.998026	0.093481	0.072241	0.354902
NC_050071.1	9751588	11717407	0.998158	0.103054	0.079120	0.382554
NC_050071.1	9751589	11717449	0.998131	0.106450	0.080823	0.393064
NC_050071.1	10652512	11717488	0.998249	0.113198	0.086029	0.422640
NC_050071.1	10652573	11717489	0.998214	0.127578	0.095378	0.418163
NC_050071.1	10652582	11854256	0.998187	0.116934	0.088981	0.414739
NC_050071.1	11538940	12151956	0.996415	0.062558	0.046934	0.276165
NC_050071.1	11539174	12238844	0.995939	0.088953	0.079337	0.276159
NC_050071.1	11582107	12763602	0.997821	0.108037	0.081527	0.451114
NC_050071.1	11717217	12813047	0.998140	0.101375	0.071999	0.490607
NC_050071.1	11717407	12869800	1.000000	0.132466	0.103477	1.000000
NC_050071.1	11717449	13632782	1.000000	0.111052	0.083306	1.000000
NC_050071.1	11717488	13955933	1.000000	0.107669	0.079321	1.000000
NC_050071.1	11717489	13955952	1.000000	0.106161	0.077343	1.000000
NC_050071.1	11854256	13956260	1.000000	0.104294	0.076323	1.000000
NC_050071.1	12151956	13956307	0.943323	0.110439	0.075982	0.943323
NC_050071.1	12238844	14425827	0.939417	0.099538	0.067032	0.939417
NC_050071.1	12763602	14426115	0.937420	0.100750	0.065051	0.937420
NC_050071.1	12813047	14805287	0.103587	0.015237	0.008862	0.103587
NC_050071.1	12869800	14872533	0.317968	0.061669	0.034290	0.317968
NC_050071.1	13632782	15480212	0.005659	0.000908	0.000463	0.005659
NC_050071.1	13955933	15480434	-0.007060	-0.001566	-0.000732	-0.003680
NC_050071.1	13955952	15625267	0.014604	0.003339	0.001620	0.007415
NC_050071.1	13956260	15640047	-0.303754	-0.101256	-0.046703	-0.182303
NC_050071.1	13956307	15857164	-0.300361	-0.080509	-0.041568	-0.180454
NC_050071.1	14425827	15857263	-0.457367	-0.135232	-0.075221	-0.301821
NC_050071.1	14426115	16428267	-0.460051	-0.132114	-0.077359	-0.303156
NC_050071.1	14805287	16761793	-0.465139	-0.133733	-0.081048	-0.306528
NC_050071.1	14872533	17223164	-0.291425	-0.059006	-0.042130	-0.125824
NC_050071.1	15480212	18020742	-0.809384	-0.109670	-0.073361	-0.278357
NC_050071.1	15480434	18743789	-0.751901	-0.112182	-0.073434	-0.256896
NC_050071.1	15625267	19074310	-0.720294	-0.089360	-0.062496	-0.351825
NC_050071.1	15640047	19074606	-0.764834	-0.097155	-0.066932	-0.381280
NC_050071.1	15857164	19074608	-0.574212	-0.041015	-0.029390	-0.205785
NC_050071.1	15857263	19074611	-0.588897	-0.051290	-0.034497	-0.209799
NC_050071.1	16428267	19074613	0.917667	0.019864	0.013414	0.098369
NC_050071.1	16761793	19074614	0.919943	0.022781	0.014867	0.100681
NC_050071.1	17223164	19597725	0.998205	0.023785	0.015856	0.111424
NC_050071.1	18020742	19597736	1.000000	0.031643	0.021153	0.521640
NC_050071.1	18743789	19633055	0.230237	0.009901	0.009508	0.096607
NC_050071.1	19074310	21037122	-0.399554	-0.022413	-0.021059	-0.234243
NC_050071.1	19074606	21037387	-0.399554	-0.022499	-0.019467	-0.234243
NC_050071.1	19074608	21224512	-0.803241	-0.123240	-0.099088	-0.650565
NC_050071.1	19074611	22458524	-0.821175	-0.092368	-0.060731	-0.672737
NC_050071.1	19074613	22795154	-0.799617	-0.063639	-0.043094	-0.656481
NC_050071.1	19074614	22795232	-0.759054	-0.059132	-0.040609	-0.579366
NC_050071.1	19597725	22915178	-0.745744	-0.052541	-0.036388	-0.484216
NC_050071.1	19597736	22915447	-0.741236	-0.052170	-0.035505	-0.418682
NC_050071.1	19633055	22915476	-0.808365	-0.055122	-0.036863	-0.449066
NC_050071.1	21037122	23382402	-0.777332	-0.052809	-0.034010	-0.469348
NC_050071.1	21037387	23382434	-0.716430	-0.042378	-0.027517	-0.409102
NC_050071.1	21224512	23382489	-0.747511	-0.048764	-0.031166	-0.423711
NC_050071.1	22458524	24354122	0.272291	0.003925	0.002563	0.052579
NC_050071.1	22795154	24408691	0.999686	0.041842	0.031702	0.327480
NC_050071.1	22795232	24526776	0.172264	0.018408	0.013838	-0.084642
NC_050071.1	22915178	24526808	0.147795	0.016475	0.012161	-0.101777
NC_050071.1	22915447	24600703	-0.266703	-0.059904	-0.041589	-0.295980
NC_050071.1	22915476	24600775	-0.447856	-0.115043	-0.083742	-0.453050
NC_050071.1	23382402	24969556	-0.448904	-0.097284	-0.077236	-0.453771
NC_050071.1	23382434	24977540	-0.631904	-0.182742	-0.144013	-0.595810
NC_050071.1	23382489	25125768	-0.241298	-0.084034	-0.063736	-0.286473
NC_050071.1	24354122	25529177	-0.221179	-0.078264	-0.059366	-0.269533
NC_050071.1	24408691	25529206	-0.200899	-0.066667	-0.052337	-0.280124
NC_050071.1	24526776	26766657	-0.359814	-0.089046	-0.068601	-0.430752
NC_050071.1	24526808	26766713	-0.268885	-0.059887	-0.047186	-0.172304
NC_050071.1	24600703	26766785	-0.267428	-0.057383	-0.045577	-0.171441
NC_050071.1	24600775	26952308	-0.346152	-0.083294	-0.061559	-0.230788
NC_050071.1	24969556	26952490	-0.241139	-0.053029	-0.039666	-0.153241
NC_050071.1	24977540	27700239	-0.244180	-0.063731	-0.045496	-0.155036
NC_050071.1	25125768	27700247	0.100357	0.021435	0.015531	0.054628
NC_050071.1	25529177	30116110	-0.641208	-0.068818	-0.043605	-0.253731
NC_050071.1	25529206	30171598	-0.746418	-0.069762	-0.037506	-0.284348
NC_050071.1	26766657	30171603	-0.866040	-0.080663	-0.042104	-0.316498
NC_050071.1	26766713	30791596	-0.864721	-0.106960	-0.048282	-0.316158
NC_050071.1	26766785	32352122	-0.261982	-0.029471	-0.016666	-0.261888
NC_050071.1	26952308	33238631	-0.254414	-0.024186	-0.013894	-0.254323
NC_050071.1	26952490	34757272	0.967568	0.028786	0.018691	0.967568
NC_050071.1	27700239	34757300	0.967618	0.028806	0.018710	0.967618
NC_050071.1	27700247	35923472	0.969805	0.024940	0.016876	0.969805
NC_050071.1	30116110	35923756	1.000000	0.025808	0.017654	1.000000
NC_050071.1	30171598	35923778	1.000000	0.029202	0.021433	1.000000
NC_050071.1	30171603	36200764	1.000000	0.029879	0.024785	1.000000
NC_050071.1	30791596	36306987	1.000000	0.030123	0.021120	1.000000
NC_050071.1	32352122	36588293	1.000000	0.062971	0.046160	1.000000
NC_050071.1	33238631	37373446	1.000000	0.054822	0.038587	1.000000
NC_050071.1	34757272	37465513	1.000000	0.074162	0.052634	1.000000
NC_050071.1	34757300	37465605	1.000000	0.090108	0.062115	1.000000
NC_050071.1	35923472	37870400	0.206281	0.031975	0.018611	0.208403
NC_050071.1	35923756	38174563	0.186809	0.036078	0.019793	0.189013
NC_050071.1	35923778	38174788	0.379931	0.104123	0.056193	0.381213
NC_050071.1	36200764	38427869	0.373415	0.093669	0.052361	0.374724
NC_050071.1	36306987	38428224	0.279499	0.089060	0.044253	0.280928
NC_050071.1	36588293	38428234	0.287171	0.104038	0.069727	0.288569
NC_050071.1	37373446	38428244	0.032023	0.010543	0.006274	0.034599
NC_050071.1	37465513	40024734	0.029000	0.006810	0.003986	0.027226
NC_050071.1	37465605	40075401	-0.073298	-0.013423	-0.007939	-0.068375
NC_050071.1	37870400	40075437	-0.071296	-0.012244	-0.007436	-0.066516
NC_050071.1	38174563	40212908	0.676139	0.067283	0.049115	0.543725
NC_050071.1	38174788	40231767	0.676709	0.075592	0.053409	0.544146
NC_050071.1	38427869	40518180	-0.571729	-0.071354	-0.046032	-0.469566
NC_050071.1	38428224	40879603	0.038672	0.007804	0.005054	0.034130
NC_050071.1	38428234	41027046	0.137540	0.020563	0.013495	0.120154
NC_050071.1	38428244	41231275	0.107274	0.015494	0.010168	0.093300
NC_050071.1	40024734	43007136	0.086749	0.010691	0.007182	0.075223
NC_050071.1	40075401	43780892	0.183171	0.025160	0.017571	0.155633
NC_050071.1	40075437	44569474	0.180191	0.027692	0.017897	0.153017
NC_050071.1	40212908	44689043	0.186505	0.025260	0.017083	0.158563
NC_050071.1	40231767	44707873	0.183796	0.025090	0.017267	0.165570
NC_050071.1	40518180	44707985	0.219428	0.028972	0.020360	0.193814
NC_050071.1	40879603	45449435	1.000000	0.109824	0.083031	0.771035
NC_050071.1	41027046	45449457	0.999813	0.067516	0.050208	0.576580
NC_050071.1	41231275	45449649	0.999641	0.078762	0.062100	0.518391
NC_050071.1	43007136	45686229	0.999769	0.124340	0.096173	0.622121
NC_050071.1	43780892	45686258	0.999828	0.197134	0.155764	0.686932
NC_050071.1	44569474	45686301	0.999820	0.235485	0.194973	0.699765
NC_050071.1	44689043	45686539	0.999831	0.230710	0.224440	0.687988
NC_050071.1	44707873	45753697	0.999691	0.313552	0.301507	0.468223
NC_050071.1	44707985	45753698	0.999538	0.327870	0.313751	0.352578
NC_050071.1	45449435	45753699	0.999373	0.374182	0.354571	0.277275
NC_050071.1	45449457	46100254	0.999165	0.271178	0.227310	0.225452
NC_050071.1	45449649	46473563	0.999348	0.222200	0.194122	0.250125
NC_050071.1	45686229	47587325	0.999553	0.177210	0.158362	0.297376
NC_050071.1	45686258	47587355	0.981769	0.131073	0.118951	0.227944
NC_050071.1	45686301	47587391	0.940223	0.079602	0.067111	0.144275
NC_050071.1	45686539	47587415	0.897631	0.072234	0.059970	0.124820
NC_050071.1	45753697	47587418	0.840199	0.062396	0.051015	0.103715
NC_050071.1	45753698	47587423	0.804888	0.060904	0.049794	0.142640
NC_050071.1	45753699	47587434	0.770907	0.059414	0.045209	0.235213
NC_050071.1	46100254	47587478	0.738181	0.057926	0.041223	0.738181
NC_050071.1	46473563	47587698	0.703044	0.067132	0.048604	0.703044
NC_050071.1	47587325	47587699	0.590878	0.063138	0.039767	0.590878
NC_050071.1	47587355	47587700	-0.976261	-12.271169	-0.045431	-0.976261
NC_050071.1	47587391	47587714	-0.976261	-12.271169	-0.045431	-0.976261
NC_050071.1	47587415	47587740	-0.976261	-12.271169	-0.066494	-0.976261
NC_050071.1	47587418	47593341	-0.823904	-0.118552	-0.037455	-0.823904
NC_050071.1	47587423	48214301	-0.081995	-0.008627	-0.003371	-0.081995
NC_050071.1	47587434	48214333	-0.827284	-0.481137	-0.151417	-0.827284
NC_050071.1	47587478	49054791	-0.869355	-0.277985	-0.126647	-0.895866
NC_050071.1	47587698	49233154	-0.868807	-0.232488	-0.124614	-0.895518
NC_050071.1	47587699	49233176	-0.805468	-0.190570	-0.109166	-0.750557
NC_050071.1	47587700	49541707	-0.792694	-0.165202	-0.099989	-0.688138
NC_050071.1	47587714	49541888	-0.107998	-0.031926	-0.020248	-0.199324
NC_050071.1	47587740	51276858	-0.096348	-0.025585	-0.016067	-0.181308
NC_050071.1	47593341	51347768	-0.077685	-0.018665	-0.012185	-0.167558
NC_050071.1	48214301	51562410	-0.065072	-0.015907	-0.010365	-0.150559
NC_050071.1	48214333	51801221	-0.106579	-0.025274	-0.017580	-0.180760
NC_050071.1	49054791	52498396	0.511706	0.049719	0.036046	0.166924
NC_050071.1	49233154	52498407	0.967532	0.086335	0.067338	0.613795
NC_050071.1	49233176	52498408	0.983546	0.093001	0.072707	0.624085
NC_050071.1	49541707	53190406	0.983080	0.088760	0.063325	0.700612
NC_050071.1	49541888	53190624	0.983497	0.085183	0.061915	0.780285
NC_050071.1	51276858	53190648	0.946007	0.024899	0.018126	0.510790
NC_050071.1	51347768	53388110	0.945864	0.020637	0.015443	0.512852
NC_050071.1	51562410	53713882	0.951103	0.019936	0.015424	0.434919
NC_050071.1	51801221	54438773	0.772524	0.015241	0.011776	0.403205
NC_050071.1	52498396	57218659	0.822400	0.015617	0.011285	0.431878
NC_050071.1	52498407	57218685	0.651482	0.010635	0.007682	0.242856
NC_050071.1	52498408	57218751	0.575895	0.009212	0.006685	0.212275
NC_050071.1	53190406	57218759	0.500024	0.008026	0.005813	0.181648
NC_050071.1	53190624	57218767	0.432315	0.007473	0.005750	0.155994
NC_050071.1	53190648	57218950	0.271858	0.004682	0.003495	0.082237
NC_050071.1	53388110	57218959	-0.006968	-0.000104	-0.000076	-0.022976
NC_050071.1	53713882	57218969	-0.121569	-0.002554	-0.001828	-0.081653
NC_050071.1	54438773	57218985	-0.797695	-0.016576	-0.010571	-0.595159
NC_050071.1	57218659	57218986	-0.745072	-0.018272	-0.010388	-0.493473
NC_050071.1	57218685	57218990	-1.000000	-0.044565	-0.031449	-0.655417
NC_050071.1	57218751	57218994	-1.000000	-0.075758	-0.070423	-1.000000
NC_050071.1	57218759	57219020	-0.745740	-0.040730	-0.038877	-0.745740
NC_050071.1	57218767	57219024	-0.745740	-0.040730	-0.025996	-0.745740
NC_050071.1	57218950	57602028	0.096597	0.005965	0.004355	0.096597
NC_050071.1	57218959	57920682	0.223199	0.005913	0.005122	0.223199
NC_050071.1	57218969	57920855	0.330439	0.007660	0.006751	0.330439
NC_050071.1	57218985	57920906	0.451574	0.009472	0.008468	0.451574
NC_050071.1	57218986	58587953	0.548804	0.010183	0.008118	0.548804
NC_050071.1	57218990	58672553	0.312013	0.006863	0.005040	0.312013
NC_050071.1	57218994	59441805	0.513282	0.012478	0.008559	0.513282
NC_050071.1	57219020	60670157	0.577267	0.008061	0.005623	0.577267
NC_050071.1	57219024	60670164	0.593474	0.009102	0.006242	0.593474
NC_050071.1	57602028	60670165	0.671295	0.010278	0.007349	0.671295
NC_050071.1	57920682	60670166	0.401991	0.005279	0.003707	0.340410
NC_050071.1	57920855	60670167	0.270239	0.005689	0.003634	0.206280
NC_050071.1	57920906	60670170	0.041601	0.001280	0.000789	0.028574
NC_050071.1	58587953	60670172	0.060996	0.002096	0.001247	0.042163
NC_050071.1	58672553	60670174	0.059618	0.002665	0.001609	0.040686
NC_050071.1	59441805	60670175	0.189974	0.007923	0.005185	0.123801
NC_050071.1	60670157	60670176	0.043977	0.001761	0.001250	0.026966
NC_050071.1	60670164	60670179	-0.000438	-0.002272	-0.000816	-0.000266
NC_050071.1	60670165	60670187	-0.077812	-0.597231	-0.155408	-0.045884
NC_050071.1	60670166	60720859	0.103100	0.044163	0.012611	0.042723
NC_050071.1	60670167	60720882	0.283612	0.067694	0.026013	0.096096
NC_050071.1	60670170	60763064	0.412373	0.034400	0.021792	0.141571
NC_050071.1	60670172	61077341	-0.559747	-0.139389	-0.076113	-0.352134
NC_050071.1	60670174	61077404	-0.372659	-0.086640	-0.051478	-0.245354
NC_050071.1	60670175	62015209	-0.375996	-0.048770	-0.030580	-0.248503
NC_050071.1	60670176	63847191	-0.367926	-0.033094	-0.021449	-0.244481
NC_050071.1	60670179	63967659	-0.357310	-0.030164	-0.020035	-0.238047
NC_050071.1	60670187	63967879	-0.351300	-0.028554	-0.019088	-0.235381
NC_050071.1	60720859	64351597	-0.342805	-0.027572	-0.017918	-0.230167
NC_050071.1	60720882	64708249	-0.307259	-0.024623	-0.017636	-0.203174
NC_050071.1	60763064	64714419	-0.383853	-0.029408	-0.021105	-0.309277
NC_050071.1	61077341	64714493	-0.400084	-0.034671	-0.023907	-0.322642
NC_050071.1	61077404	64714679	1.000000	0.025021	0.018680	0.740339
NC_050071.1	62015209	64714680	1.000000	0.014311	0.010674	0.633702
NC_050071.1	63847191	64714687	1.000000	0.018810	0.014895	0.638123
NC_050071.1	63967659	64714765	1.000000	0.027920	0.023896	0.627786
NC_050071.1	63967879	64822964	1.000000	0.159883	0.119948	0.896527
NC_050071.1	64351597	64889245	1.000000	0.146495	0.112381	0.896972
NC_050071.1	64708249	64889580	1.000000	0.148383	0.110668	0.896630
NC_050071.1	64714419	65157915	0.069721	0.018683	0.012462	0.069721
NC_050071.1	64714493	65182190	0.073750	0.019049	0.013387	0.073750
NC_050071.1	64714679	65182280	0.060344	0.017556	0.010409	0.030628
NC_050071.1	64714680	66186124	0.066663	0.013746	0.008025	0.033948
NC_050071.1	64714687	66821451	-0.033852	-0.006973	-0.004171	-0.017967
NC_050071.1	64714765	66821458	0.266074	0.077256	0.046200	0.163468
NC_050071.1	64822964	66821671	0.276700	0.070129	0.044435	0.170951
NC_050071.1	64889245	67005672	-0.061703	-0.009580	-0.006098	-0.033027
NC_050071.1	64889580	67154881	-0.061772	-0.009757	-0.006016	-0.029564
NC_050071.1	65157915	67186070	-0.036363	-0.005578	-0.003645	-0.016988
NC_050071.1	65182190	67665973	0.684747	0.054577	0.035872	0.222300
NC_050071.1	65182280	68090395	0.771480	0.085515	0.056051	0.307829
NC_050071.1	66186124	68090402	0.762287	0.084886	0.059013	0.541962
NC_050071.1	66821451	68090453	0.807711	0.131265	0.097635	0.611210
NC_050071.1	66821458	68090473	0.979443	0.199682	0.144147	0.763316
NC_050071.1	66821671	68090667	0.968067	0.136839	0.096711	0.672227
NC_050071.1	67005672	68090717	0.974917	0.197671	0.132524	0.724542
NC_050071.1	67154881	68300806	0.982316	0.180240	0.129693	0.734440
NC_050071.1	67186070	68301040	0.366135	0.103419	0.066694	0.340349
NC_050071.1	67665973	68357074	0.349380	0.105700	0.066855	0.349380
NC_050071.1	68090395	68357312	0.357263	0.119999	0.083518	0.357263
NC_050071.1	68090402	68357334	0.249280	0.070247	0.049191	0.249280
NC_050071.1	68090453	68651643	0.459537	0.134898	0.101938	0.459537
NC_050071.1	68090473	68703113	0.376001	0.087540	0.067400	0.232824
NC_050071.1	68090667	68703114	0.261909	0.052597	0.040859	0.151311
NC_050071.1	68090717	68703310	-0.069178	-0.018839	-0.013862	-0.044931
NC_050071.1	68300806	69873159	-0.239906	-0.035579	-0.026393	-0.147559
NC_050071.1	68301040	70291599	-0.248406	-0.041465	-0.031522	-0.152385
NC_050071.1	68357074	70901487	-0.226628	-0.032419	-0.025823	-0.137486
NC_050071.1	68357312	71188558	-0.232263	-0.033538	-0.026443	-0.140799
NC_050071.1	68357334	71188578	-0.254156	-0.039295	-0.030405	-0.153000
NC_050071.1	68651643	71654942	-0.265711	-0.037329	-0.027784	-0.151981
NC_050071.1	68703113	71654993	-0.933208	-0.108036	-0.076640	-0.463449
NC_050071.1	68703114	72621763	-0.920543	-0.097409	-0.065391	-0.842336
NC_050071.1	68703310	73188033	-0.918463	-0.085360	-0.058785	-0.840545
NC_050071.1	69873159	73511445	-0.850760	-0.043148	-0.030264	-0.731306
NC_050071.1	70291599	73511784	-0.825580	-0.059468	-0.039600	-0.711757
NC_050071.1	70901487	74117375	-0.115617	-0.013725	-0.009118	-0.120139
NC_050071.1	71188558	74990908	0.791129	0.075572	0.053053	0.674271
NC_050071.1	71188578	76411193	0.828830	0.063749	0.044606	0.712642
NC_050071.1	71654942	76411484	0.410186	0.039679	0.026824	0.123394
NC_050071.1	71654993	76769427	0.405160	0.042336	0.028486	0.114396
NC_050071.1	72621763	77378535	0.672400	0.083163	0.050697	0.417142
NC_050071.1	73188033	77632363	0.673953	0.087670	0.056302	0.423915
NC_050071.1	73511445	79502917	0.743609	0.109390	0.069124	0.529295
NC_050071.1	73511784	81102220	0.744483	0.092471	0.061579	0.530669
NC_050071.1	74117375	81501691	0.748720	0.097653	0.066132	0.490482
NC_050071.1	74990908	81632560	0.691144	0.074249	0.050083	0.403297
NC_050071.1	76411193	81632818	0.612378	0.058555	0.038993	0.296545
NC_050071.1	76411484	81632897	0.613571	0.065795	0.043319	0.298066
NC_050071.1	76769427	82348088	0.990414	0.090400	0.060236	0.778860
NC_050071.1	77378535	82831412	0.990403	0.086908	0.057357	0.826758
NC_050071.1	77632363	82831426	0.982680	0.054119	0.040730	0.724052
NC_050071.1	79502917	82831678	1.000000	0.059221	0.043076	0.731212
NC_050071.1	81102220	82831725	1.000000	0.025079	0.018981	0.458971
NC_050071.1	81501691	82854742	1.000000	0.035562	0.025633	0.456847
NC_050071.1	81632560	82854763	0.846259	0.026542	0.018692	0.846259
NC_050071.1	81632818	82854921	0.961423	0.112052	0.076080	0.961423
NC_050071.1	81632897	82854934	0.963928	0.120144	0.081574	0.963928
NC_050071.1	82348088	82854952	0.963843	0.112972	0.078939	0.963843
NC_050071.1	82831412	82854966	0.959863	0.102429	0.076892	0.959863
NC_050071.1	82831426	83167254	0.960482	0.076054	0.060431	0.960482
NC_050071.1	82831678	83273556	0.960611	0.066161	0.054047	0.960611
NC_050071.1	82831725	84441923	0.974305	0.084931	0.072321	0.977192
NC_050071.1	82854742	84864556	0.974953	0.081674	0.063242	0.977705
NC_050071.1	82854763	84916048	0.566638	0.058651	0.044817	0.605478
NC_050071.1	82854921	84984915	0.583955	0.053514	0.041078	0.621461
NC_050071.1	82854934	85302279	0.448587	0.034792	0.026162	0.508043
NC_050071.1	82854952	85503621	0.626438	0.059644	0.046804	0.654709
NC_050071.1	82854966	86006149	0.619225	0.059921	0.046641	0.648046
NC_050071.1	83167254	86006156	0.243286	0.031605	0.023658	0.288295
NC_050071.1	83273556	86020520	0.241497	0.037895	0.027723	0.286713
NC_050071.1	84441923	86171973	0.092550	0.018965	0.012016	0.026164
NC_050071.1	84864556	86172038	-0.088143	-0.019537	-0.011163	-0.201105
NC_050071.1	84916048	86806717	-0.101989	-0.020747	-0.012838	-0.214472
NC_050071.1	84984915	86806762	0.052688	0.009266	0.005830	-0.097418
NC_050071.1	85302279	89800318	0.053364	0.008270	0.004801	-0.096747
NC_050071.1	85503621	90279319	-0.113306	-0.015313	-0.008966	-0.261017
NC_050071.1	86006149	90279520	-0.889120	-0.106049	-0.051477	-0.916950
NC_050071.1	86006156	90313948	-0.870400	-0.105422	-0.053032	-0.902917
NC_050071.1	86020520	90314004	-0.882628	-0.116567	-0.057603	-0.909926
NC_050071.1	86171973	90314282	-0.889504	-0.105099	-0.057005	-0.915259
NC_050071.1	86172038	90396095	-0.916991	-0.144503	-0.085544	-0.916991
NC_050071.1	86806717	90758176	-0.949662	-0.203032	-0.112513	-0.949662
NC_050071.1	86806762	91400358	-0.958575	-0.259336	-0.131088	-0.958575
NC_050071.1	89800318	91400359	-0.967430	-0.281637	-0.136883	-0.967430
NC_050071.1	90279319	91400367	-0.973929	-0.541430	-0.246845	-0.973929
NC_050071.1	90279520	91400383	-0.973552	-0.543394	-0.254703	-0.973552
NC_050071.1	90313948	91400384	-0.980557	-0.548151	-0.256238	-0.980557
NC_050071.1	90314004	91400599	-0.989226	-0.676491	-0.267553	-0.989226
NC_050071.1	90314282	91816067	-0.982818	-0.451689	-0.211006	-0.982818
NC_050071.1	90396095	91816264	-0.944702	-0.700350	-0.221839	-0.944702
NC_050071.1	90758176	92201645	-0.892653	-0.339977	-0.107855	-0.892653
NC_050071.1	91400358	92542999	0.851180	0.068267	0.021339	0.251522
NC_050071.1	91400359	92543226	0.899799	0.070662	0.034627	0.213705
NC_050071.1	91400367	92543227	0.795179	0.065889	0.032207	0.196609
NC_050071.1	91400383	92895639	0.807615	0.040506	0.025402	0.209247
NC_050071.1	91400384	92982642	0.818627	0.029847	0.019047	0.221494
NC_050071.1	91400599	92982815	0.828600	0.027571	0.018516	0.233559
NC_050071.1	91816067	92982880	0.909419	0.050338	0.033948	0.387580
NC_050071.1	91816264	93150134	0.919249	0.052338	0.036277	0.427386
NC_050071.1	92201645	93150325	0.910904	0.050005	0.034765	0.402365
NC_050071.1	92542999	93482392	0.952218	0.043582	0.034418	0.419746
NC_050071.1	92543226	93482475	0.857520	0.038691	0.028312	0.507862
NC_050071.1	92543227	93482734	0.835996	0.030033	0.022480	0.844074
NC_050071.1	92895639	93482769	0.970313	0.111186	0.085057	0.970749
NC_050071.1	92982642	93482873	0.971812	0.126979	0.095286	0.972205
NC_050071.1	92982815	93710823	0.971812	0.131121	0.099890	0.972205
NC_050071.1	92982880	93710825	0.130198	0.033785	0.023109	0.137266
NC_050071.1	93150134	94264276	0.045744	0.010819	0.006054	0.054245
NC_050071.1	93150325	94337178	0.034331	0.007804	0.004071	0.034331
NC_050071.1	93482392	94337216	0.046597	0.009913	0.005578	0.046597
NC_050071.1	93482475	95653688	0.014437	0.002722	0.001541	0.014437
NC_050071.1	93482734	96650956	-0.299418	-0.075608	-0.037713	-0.299418
NC_050071.1	93482769	96651003	-0.296595	-0.079446	-0.038499	-0.296595
NC_050071.1	93482873	97231007	-0.262974	-0.061494	-0.027111	-0.262974
NC_050071.1	93710823	97392382	-0.023422	-0.006595	-0.002857	-0.023422
NC_050071.1	93710825	97509724	-0.029238	-0.007048	-0.003389	-0.029238
NC_050071.1	94264276	97513637	0.313955	0.055201	0.028180	0.313955
NC_050071.1	94337178	97513658	0.331594	0.059842	0.034479	0.331594
NC_050071.1	94337216	97513695	0.344229	0.063325	0.037158	0.344229
NC_050071.1	95653688	97513698	0.356481	0.066725	0.039178	0.356481
NC_050071.1	96650956	97513711	0.398180	0.081893	0.046787	0.398180
NC_050071.1	96651003	97513951	0.992181	0.148273	0.100410	0.992181
NC_050071.1	97231007	97529035	0.992177	0.139242	0.096169	0.992177
NC_050071.1	97392382	98601546	0.986812	0.084417	0.070648	0.986812
NC_050071.1	97509724	98601863	0.968441	0.037651	0.032828	0.968441
NC_050071.1	97513637	98701413	1.000000	0.058418	0.049917	0.852686
NC_050071.1	97513658	98848472	1.000000	0.043747	0.036550	0.844120
NC_050071.1	97513695	99451466	1.000000	0.038673	0.030334	0.826247
NC_050071.1	97513698	99451518	1.000000	0.034327	0.027925	0.804599
NC_050071.1	97513711	99467090	1.000000	0.029180	0.023730	0.777499
NC_050071.1	97513951	99607790	0.939588	0.025559	0.021290	0.697870
NC_050071.1	97529035	99608127	0.923334	0.018815	0.015257	0.641405
NC_050071.1	98601546	100560827	0.970561	0.055570	0.041954	0.830401
NC_050071.1	98601863	101157719	0.970356	0.051031	0.036541	0.829393
NC_050071.1	98701413	101625076	0.942185	0.044328	0.031444	0.806912
NC_050071.1	98848472	102847479	0.923421	0.037551	0.025306	0.225837
NC_050071.1	99451466	103380369	0.921389	0.043669	0.026047	0.220912
NC_050071.1	99451518	103380676	0.925611	0.045957	0.028059	0.231369
NC_050071.1	99467090	103429580	0.927193	0.045595	0.028174	0.235522
NC_050071.1	99607790	103746077	0.927229	0.045599	0.028125	0.235618
NC_050071.1	99608127	103940562	0.969323	0.051183	0.032713	0.280610
NC_050071.1	100560827	103940706	0.009425	0.001103	0.000651	0.004140
NC_050071.1	101157719	104488050	0.259310	0.037584	0.022483	0.132674
NC_050071.1	101625076	106806522	0.280338	0.043883	0.023356	0.145450
NC_050071.1	102847479	106806585	0.280933	0.051803	0.026631	0.145726
NC_050071.1	103380369	107851076	0.274276	0.040224	0.020709	0.274276
NC_050071.1	103380676	107851078	0.493930	0.111066	0.060459	0.493930
NC_050071.1	103429580	107979873	0.488229	0.115837	0.063488	0.488229
NC_050071.1	103746077	108853909	0.308290	0.081641	0.036974	0.169502
NC_050071.1	103940562	108896631	0.323485	0.087434	0.038553	0.185848
NC_050071.1	103940706	108896657	0.312267	0.086516	0.037423	0.173773
NC_050071.1	104488050	109413960	0.764830	0.205131	0.097367	0.587917
NC_050071.1	106806522	109414057	0.672760	0.131109	0.065194	0.448239
NC_050071.1	106806585	109414320	0.665749	0.139526	0.079914	0.438035
NC_050071.1	107851076	109721239	0.674110	0.120753	0.073761	0.445173
NC_050071.1	107851078	110225174	0.683481	0.140817	0.094219	0.453457
NC_050071.1	107979873	110227556	0.495008	0.063451	0.040306	0.193624
NC_050071.1	108853909	110227559	0.498278	0.061885	0.039855	0.197798
NC_050071.1	108896631	110326656	0.074163	0.014106	0.011112	0.074163
NC_050071.1	108896657	111890691	0.041957	0.005830	0.004338	0.043593
NC_050071.1	109413960	112022576	0.011982	0.001417	0.001085	0.013723
NC_050071.1	109414057	112022595	-0.773696	-0.050707	-0.038888	-0.768096
NC_050071.1	109414320	112022876	-0.771917	-0.050232	-0.038596	-0.766328
NC_050071.1	109721239	112095606	-0.803741	-0.054421	-0.041326	-0.798004
NC_050071.1	110225174	112095610	-0.796591	-0.057637	-0.043101	-0.790900
NC_050071.1	110227556	113394840	-0.706600	-0.051364	-0.039314	-0.701465
NC_050071.1	110227559	113394866	-0.693705	-0.051273	-0.041107	-0.688647
NC_050071.1	110326656	113395125	-0.616380	-0.046766	-0.037646	-0.611772
NC_050071.1	111890691	113600766	-0.407564	-0.019594	-0.016159	-0.401377
NC_050071.1	112022576	113916654	0.122940	0.010949	0.009797	0.122940
NC_050071.1	112022595	114434965	0.092401	0.010003	0.008354	0.092401
NC_050071.1	112022876	114435245	0.085136	0.009246	0.007708	0.085136
NC_050071.1	112095606	114941050	0.075764	0.008271	0.006878	0.075764
NC_050071.1	112095610	114941058	-0.216979	-0.035770	-0.028134	-0.213591
NC_050071.1	113394840	114941106	-0.395790	-0.091705	-0.067659	-0.386141
NC_050071.1	113394866	114941109	-0.545719	-0.187041	-0.123721	-0.528999
NC_050071.1	113395125	114941112	-0.621346	-0.284167	-0.171621	-0.599934
NC_050071.1	113600766	114941134	-0.672844	-0.400194	-0.220743	-0.652371
NC_050071.1	113916654	114941136	-0.630848	-0.384636	-0.212290	-0.607133
NC_050071.1	114434965	114941283	-0.896811	-0.751699	-0.375557	-0.857839
NC_050071.1	114435245	114941328	-0.891689	-0.803111	-0.430826	-0.852781
NC_050071.1	114941050	114941340	-0.912298	-1.307567	-0.543866	-0.871030
NC_050071.1	114941058	114941342	-0.912298	-3.596026	-0.739648	-0.871030
NC_050071.1	114941106	114941360	-0.893443	-2.750100	-0.612332	-0.854423
NC_050071.1	114941109	114941363	-0.893443	-2.752305	-0.612441	-0.854423
NC_050071.1	114941112	114941373	-0.612941	-1.025815	-0.391959	-0.590034
NC_050071.1	114941134	114941394	-0.612028	-1.006847	-0.345418	-0.586441
NC_050071.1	114941136	115786893	-0.538841	-0.508721	-0.237123	-0.512662
NC_050071.1	114941283	115786911	-0.437677	-0.257581	-0.146955	-0.417004
NC_050071.1	114941328	115786953	-0.399357	-0.201309	-0.123684	-0.380973
NC_050071.1	114941340	115787102	-0.406525	-0.217895	-0.130563	-0.387833
NC_050071.1	114941342	115972595	-0.223578	-0.071281	-0.050574	-0.213909
NC_050071.1	114941360	115982550	-0.233795	-0.057760	-0.039278	-0.208207
NC_050071.1	114941363	116288151	-0.489831	-0.158727	-0.086173	-0.452410
NC_050071.1	114941373	116417229	-0.268446	-0.061780	-0.030107	-0.248015
NC_050071.1	114941394	116417276	-0.547434	-0.107493	-0.050187	-0.497251
NC_050071.1	115786893	117434039	-0.641204	-0.126307	-0.060535	-0.604453
NC_050071.1	115786911	118026674	-0.686454	-0.114136	-0.058761	-0.646089
NC_050071.1	115786953	118026678	-0.734270	-0.119107	-0.061224	-0.689943
NC_050071.1	115787102	118026731	-0.780855	-0.126093	-0.064122	-0.732527
NC_050071.1	115972595	118026754	-0.761596	-0.114643	-0.060488	-0.714701
NC_050071.1	115982550	118050545	-0.775751	-0.128476	-0.062049	-0.727889
NC_050071.1	116288151	118050562	-0.775705	-0.150937	-0.069978	-0.775705
NC_050071.1	116417229	118050569	-0.601926	-0.070350	-0.039140	-0.472277
NC_050071.1	116417276	118050573	-0.830383	-0.093293	-0.064669	-0.510275
NC_050071.1	117434039	118050584	-0.812565	-0.084818	-0.060273	-0.420625
NC_050071.1	118026674	118050593	0.516304	0.008590	0.007585	0.060471
NC_050071.1	118026678	118050607	0.341111	0.008474	0.007005	0.039183
NC_050071.1	118026731	118050619	0.157955	0.004725	0.003748	0.017786
NC_050071.1	118026754	118050653	-0.073671	-0.002514	-0.001905	-0.007858
NC_050071.1	118050545	118050861	-0.371693	-0.016161	-0.011148	-0.036536
NC_050071.1	118050562	118050873	-0.371693	-0.016161	-0.015522	-0.036536
NC_050071.1	118050569	118050880	-0.371693	-0.016161	-0.015522	-0.036536
NC_050071.1	118050573	118372903	-0.391547	-0.015593	-0.011977	-0.054336
NC_050071.1	118050584	118372951	-0.411997	-0.015100	-0.011778	-0.099285
NC_050071.1	118050593	118451557	-0.364799	-0.009926	-0.008255	-0.364799
NC_050071.1	118050607	118665483	0.885005	0.195254	0.168428	0.885005
NC_050071.1	118050619	118759541	0.904344	0.168480	0.149400	0.785716
NC_050071.1	118050653	118759564	0.923614	0.146341	0.132207	0.709699
NC_050071.1	118050861	119291395	0.942872	0.076265	0.067852	0.724972
NC_050071.1	118050873	119798740	0.967619	0.082366	0.073668	0.770673
NC_050071.1	118050880	120439935	0.984180	0.068987	0.063034	0.787530
NC_050071.1	118372903	120440170	1.000000	0.063406	0.056106	0.803781
NC_050071.1	118372951	121538966	0.217597	0.018118	0.014316	0.189266
NC_050071.1	118451557	121538978	0.234264	0.020049	0.015822	0.204330
NC_050071.1	118665483	121539044	0.248846	0.022618	0.017693	0.217578
NC_050071.1	118759541	123035552	-0.330075	-0.016676	-0.011838	-0.263774
NC_050071.1	118759564	123035575	-0.348141	-0.018211	-0.012788	-0.309226
NC_050071.1	119291395	123162055	-0.361248	-0.018448	-0.012652	-0.146484
NC_050071.1	119798740	123172474	-0.361248	-0.020956	-0.014181	-0.146484
NC_050071.1	120439935	123361158	0.157430	0.015159	0.009898	0.082533
NC_050071.1	120440170	123361324	-0.218073	-0.036260	-0.021328	-0.133433
NC_050071.1	121538966	124196853	-0.198960	-0.036426	-0.020025	-0.122485
NC_050071.1	121538978	124196906	0.147297	0.029563	0.016706	0.080036
NC_050071.1	121539044	124196939	0.158771	0.031860	0.018111	0.086804
NC_050071.1	123035552	126313692	0.403967	0.089935	0.055723	0.254481
NC_050071.1	123035575	126888099	0.410292	0.085034	0.058598	0.258424
NC_050071.1	123162055	126888277	0.410739	0.085099	0.058646	0.258675
NC_050071.1	123172474	127358695	0.423205	0.085528	0.060967	0.423205
NC_050071.1	123361158	127653430	0.422537	0.105673	0.067612	0.422537
NC_050071.1	123361324	127653445	-0.154894	-0.040484	-0.025263	-0.154749
NC_050071.1	124196853	129480797	0.206495	0.024692	0.018525	0.206223
NC_050071.1	124196906	129480837	-0.193141	-0.034259	-0.026399	-0.192959
NC_050071.1	124196939	129615529	-0.192160	-0.033680	-0.024955	-0.191979
NC_050071.1	126313692	129615777	-0.405157	-0.091060	-0.061869	-0.404855
NC_050071.1	126888099	130258707	-0.869754	-0.170310	-0.111268	-0.868893
NC_050071.1	126888277	130258993	-0.814684	-0.199479	-0.132161	-0.813901
NC_050071.1	127358695	130719222	-0.803713	-0.172224	-0.116137	-0.802943
NC_050071.1	127653430	130719525	-0.844844	-0.208323	-0.136573	-0.529521
NC_050071.1	127653445	130719532	-0.839976	-0.201849	-0.139782	-0.526989
NC_050071.1	129480797	131082548	-0.752487	-0.116557	-0.085347	-0.398886
NC_050071.1	129480837	132544423	-0.745146	-0.191768	-0.100734	-0.380760
NC_050071.1	129615529	132544481	-0.539522	-0.076787	-0.041804	-0.197690
NC_050071.1	129615777	132544658	-0.614483	-0.083116	-0.048417	-0.208122
NC_050071.1	130258707	133003581	0.918828	0.030031	0.020289	0.100510
NC_050071.1	130258993	133003607	0.916869	0.034783	0.022144	0.098186
NC_050071.1	130719222	133003626	0.330622	0.011243	0.006922	0.031685
NC_050071.1	130719525	133003874	-0.588942	-0.072260	-0.040921	-0.137591
NC_050071.1	130719532	133007334	-0.523767	-0.082864	-0.043999	-0.286843
NC_050071.1	131082548	133007354	-0.362583	-0.072880	-0.036376	-0.185396
NC_050071.1	132544423	133007590	-0.391449	-0.097218	-0.038458	-0.213621
NC_050071.1	132544481	133007603	-0.403770	-0.120754	-0.054375	-0.242491
NC_050071.1	132544658	133007616	-0.285140	-0.098222	-0.047740	-0.168957
NC_050071.1	133003581	133007628	-0.306318	-0.174935	-0.068330	-0.193790
NC_050071.1	133003607	133945005	0.111822	0.065293	0.024710	0.089565
NC_050071.1	133003626	133945031	0.112089	0.059628	0.022784	0.089768
NC_050071.1	133003874	134073609	0.146457	0.063054	0.026491	0.114545
NC_050071.1	133007334	134073754	0.557280	0.172616	0.081296	0.394815
NC_050071.1	133007354	134286691	0.728265	0.177440	0.097763	0.626289
NC_050071.1	133007590	134286976	0.688954	0.140478	0.068358	0.576045
NC_050071.1	133007603	134380076	0.689844	0.130851	0.068558	0.577061
NC_050071.1	133007616	134380262	0.695669	0.121504	0.068916	0.583725
NC_050071.1	133007628	134864924	0.041999	0.009027	0.004373	0.039093
NC_050071.1	133945005	134865510	0.118735	0.021300	0.010094	0.118735
NC_050071.1	133945031	134952828	-0.663275	-0.168083	-0.071783	-0.663275
NC_050071.1	134073609	134970959	-0.662549	-0.171981	-0.067218	-0.662549
NC_050071.1	134073754	134971212	-0.652871	-0.147224	-0.063823	-0.652871
NC_050071.1	134286691	134971719	-0.736596	-0.131916	-0.058254	-0.682588
NC_050071.1	134286976	134993762	-0.256992	-0.064134	-0.026706	-0.243072
NC_050071.1	134380076	135185727	-0.252835	-0.056932	-0.026995	-0.239108
NC_050071.1	134380262	135185992	-0.252754	-0.056414	-0.027911	-0.239033
NC_050071.1	134864924	135186000	-0.266559	-0.060539	-0.029523	-0.250542
NC_050071.1	134865510	135197860	-0.105117	-0.022164	-0.011845	-0.096690
NC_050071.1	134952828	135268483	-0.151836	-0.031046	-0.016733	-0.139888
NC_050071.1	134970959	135754412	0.537466	0.045546	0.027113	0.476852
NC_050071.1	134971212	135754591	0.539987	0.044298	0.029038	0.479371
NC_050071.1	134971719	135754599	0.543495	0.045219	0.029576	0.482881
NC_050071.1	134993762	135754631	0.526760	0.053995	0.036199	0.527995
NC_050071.1	135185727	136472192	-0.563844	-0.015604	-0.011095	-0.550439
NC_050071.1	135185992	136533816	0.534479	0.049637	0.035303	0.535674
NC_050071.1	135186000	136533862	0.519803	0.051917	0.036122	0.521036
NC_050071.1	135197860	137206127	0.521166	0.043506	0.030447	0.521166
NC_050071.1	135268483	137206185	0.943473	0.058776	0.041387	0.943473
NC_050071.1	135754412	137206410	0.961676	0.061800	0.046390	0.961676
NC_050071.1	135754591	137308937	0.964508	0.081907	0.068434	0.964508
NC_050071.1	135754599	137308942	0.967158	0.088094	0.073694	0.967158
NC_050071.1	135754631	137602389	0.966782	0.097218	0.079805	0.966782
NC_050071.1	136472192	137884762	0.983879	0.091597	0.076249	0.983879
NC_050071.1	136533816	137884978	0.983903	0.103654	0.090985	0.983903
NC_050071.1	136533862	137893203	-0.139759	-0.007429	-0.006362	-0.259189
NC_050071.1	137206127	138422335	-0.074835	-0.002907	-0.002467	-0.204071
NC_050071.1	137206185	138446678	-0.063673	-0.002933	-0.002291	-0.194003
NC_050071.1	137206410	138797910	-0.261652	-0.015623	-0.010426	-0.340087
NC_050071.1	137308937	139784973	-0.553767	-0.044377	-0.028694	-0.682084
NC_050071.1	137308942	139949125	-0.634437	-0.045326	-0.029967	-0.738988
NC_050071.1	137602389	139949149	-0.835955	-0.076250	-0.046758	-0.866611
NC_050071.1	137884762	140527921	-0.827468	-0.072666	-0.045290	-0.860658
NC_050071.1	137884978	140528208	-0.841251	-0.078486	-0.045477	-0.870152
NC_050071.1	137893203	140528262	-0.836631	-0.078038	-0.044203	-0.866911
NC_050071.1	138422335	140838164	-0.875906	-0.126802	-0.065570	-0.901275
NC_050071.1	138446678	140846663	-0.787583	-0.160357	-0.074526	-0.775101
NC_050071.1	138797910	140932513	-0.838954	-0.217948	-0.100434	-0.810916
NC_050071.1	139784973	140932524	-0.740392	-0.171356	-0.098302	-0.734326
NC_050071.1	139949125	141625671	-0.742028	-0.238497	-0.114227	-0.736906
NC_050071.1	139949149	141625995	-0.813472	-0.315065	-0.136788	-0.820520
NC_050071.1	140527921	141722076	-0.730579	-0.248148	-0.118807	-0.764507
NC_050071.1	140528208	141947949	-0.720865	-0.210717	-0.102975	-0.757747
NC_050071.1	140528262	141947980	-0.796912	-0.321230	-0.159056	-0.807053
NC_050071.1	140838164	142542301	-0.710188	-0.307603	-0.147715	-0.741094
NC_050071.1	140846663	142642041	-0.536120	-0.175434	-0.091562	-0.620092
NC_050071.1	140932513	142642046	-0.594976	-0.210762	-0.104013	-0.691849
NC_050071.1	140932524	142674788	-0.532353	-0.168281	-0.089278	-0.427992
NC_050071.1	141625671	142911843	-0.139045	-0.052537	-0.026654	-0.230293
NC_050071.1	141625995	142977458	0.033415	0.009513	0.005142	-0.071815
NC_050071.1	141722076	142977482	0.260523	0.070625	0.039612	0.150002
NC_050071.1	141947949	142977494	-0.090919	-0.033001	-0.017288	-0.057545
NC_050071.1	141947980	142977648	-0.073695	-0.031985	-0.015111	-0.046816
NC_050071.1	142542301	143038102	0.282590	0.073247	0.036318	0.160687
NC_050071.1	142642041	143038118	0.454863	0.151839	0.080007	0.288093
NC_050071.1	142642046	143280298	0.425983	0.134139	0.067978	0.264707
NC_050071.1	142674788	143404773	0.417712	0.138580	0.065134	0.258376
NC_050071.1	142911843	143682683	0.419358	0.108625	0.053301	0.416850
NC_050071.1	142977458	144270800	0.167600	0.032699	0.015885	0.166167
NC_050071.1	142977482	145041911	0.167600	0.033047	0.018034	0.166167
NC_050072.1	52135	6798631	0.999085	0.012153	0.007859	0.145157
NC_050072.1	52173	6965996	0.999037	0.012065	0.007780	0.138950
NC_050072.1	1037439	6966297	0.890137	0.011259	0.007208	0.126729
NC_050072.1	1037527	7615674	0.971970	0.047492	0.030490	0.869387
NC_050072.1	2062638	7615890	0.974924	0.052359	0.033055	0.881835
NC_050072.1	3943272	7862075	0.975015	0.052873	0.033836	0.882226
NC_050072.1	5030315	7862315	0.199058	0.019767	0.012417	0.187052
NC_050072.1	6434430	7862330	0.213670	0.025517	0.015973	0.201004
NC_050072.1	6517376	7962773	0.219872	0.034207	0.023913	0.206934
NC_050072.1	6798631	7962793	0.433318	0.099312	0.075355	0.433318
NC_050072.1	6965996	8032658	0.415336	0.133783	0.091569	0.415336
NC_050072.1	6966297	8032722	0.415160	0.134635	0.097061	0.415160
NC_050072.1	7615674	8853775	0.425588	0.108125	0.075383	0.425588
NC_050072.1	7615890	8877730	-0.134126	-0.035821	-0.020065	-0.134126
NC_050072.1	7862075	8923819	-0.154392	-0.037203	-0.021989	-0.154392
NC_050072.1	7862315	10631650	-0.153722	-0.032430	-0.018358	-0.152508
NC_050072.1	7862330	10808321	0.457092	0.072436	0.044756	0.457659
NC_050072.1	7962773	11191412	0.440724	0.054543	0.034601	0.441325
NC_050072.1	7962793	11335773	0.426335	0.054248	0.033879	0.426967
NC_050072.1	8032658	11687930	-0.021856	-0.002030	-0.001238	-0.020432
NC_050072.1	8032722	11756769	-0.020877	-0.001726	-0.001101	-0.018221
NC_050072.1	8853775	11764310	0.036015	0.003040	0.001965	0.033076
NC_050072.1	8877730	11764483	0.084751	0.008070	0.005297	0.072744
NC_050072.1	8923819	11764495	0.606795	0.038888	0.028019	0.479335
NC_050072.1	10631650	11774784	0.585017	0.034598	0.023952	0.456889
NC_050072.1	10808321	11813287	0.582672	0.038194	0.026520	0.453669
NC_050072.1	11191412	12049780	0.022286	0.000668	0.000467	0.013376
NC_050072.1	11335773	12354991	0.001181	0.000043	0.000030	0.000703
NC_050072.1	11687930	12355035	-0.579503	-0.051814	-0.034296	-0.450163
NC_050072.1	11756769	12410493	-0.408183	-0.033556	-0.023273	-0.302533
NC_050072.1	11764310	12410513	-0.359569	-0.040526	-0.026831	-0.278795
NC_050072.1	11764483	12596998	0.142038	0.027006	0.017496	0.139941
NC_050072.1	11764495	13439021	0.112568	0.016655	0.011585	0.130500
NC_050072.1	11774784	14106527	0.117582	0.015857	0.011353	0.135314
NC_050072.1	11813287	14106562	0.117582	0.016743	0.013333	0.135314
NC_050072.1	12049780	14319039	0.158203	0.022224	0.018052	0.174355
NC_050072.1	12354991	14319063	0.152846	0.031430	0.025071	0.096402
NC_050072.1	12355035	15726368	0.128535	0.020465	0.016572	0.083096
NC_050072.1	12410493	15726632	0.922501	0.086139	0.074280	0.410081
NC_050072.1	12410513	16280085	0.920310	0.084078	0.072442	0.403038
NC_050072.1	12596998	16280391	0.916779	0.078428	0.065661	0.388070
NC_050072.1	13439021	16373676	0.669953	0.014582	0.011443	0.104016
NC_050072.1	14106527	16373693	0.568158	0.012785	0.009333	0.034450
NC_050072.1	14106562	17189542	0.562889	0.011197	0.008099	0.033744
NC_050072.1	14319039	18495624	0.730010	0.025320	0.016254	0.068316
NC_050072.1	14319063	18745552	0.654788	0.017781	0.011970	0.048922
NC_050072.1	15726368	18812904	0.688364	0.018703	0.012945	0.096698
NC_050072.1	15726632	19461778	0.912210	0.022673	0.013773	0.118315
NC_050072.1	16280085	19461810	0.996824	0.022719	0.014414	0.127894
NC_050072.1	16280391	19462100	0.996694	0.022532	0.014128	0.123481
NC_050072.1	16373676	19474757	-0.510092	-0.044098	-0.027688	-0.184302
NC_050072.1	16373693	19774719	-0.437383	-0.036914	-0.025091	-0.172899
NC_050072.1	17189542	19774735	-0.333076	-0.028333	-0.019685	-0.333076
NC_050072.1	18495624	19774888	-0.252206	-0.025914	-0.017844	-0.252206
NC_050072.1	18745552	20524056	-0.374290	-0.025965	-0.019631	-0.290902
NC_050072.1	18812904	20792220	-0.380491	-0.025018	-0.019139	-0.295554
NC_050072.1	19461778	22210374	-0.415617	-0.028356	-0.021121	-0.322440
NC_050072.1	19461810	22210387	-0.429981	-0.038484	-0.030656	-0.333809
NC_050072.1	19462100	22210449	-0.300214	-0.030111	-0.024718	-0.191382
NC_050072.1	19474757	22210593	0.035474	0.004788	0.003931	0.030604
NC_050072.1	19774719	22210594	0.964803	0.070834	0.061191	0.562804
NC_050072.1	19774735	22256460	0.961620	0.069511	0.056268	0.540896
NC_050072.1	19774888	22256493	0.956160	0.067343	0.053404	0.229795
NC_050072.1	20524056	22862263	0.951216	0.043924	0.027587	0.210898
NC_050072.1	20792220	23109087	0.972777	0.110081	0.065302	0.352301
NC_050072.1	22210374	23109116	0.973311	0.121846	0.069878	0.356969
NC_050072.1	22210387	23109130	0.895364	0.116611	0.067925	0.336805
NC_050072.1	22210449	23109143	0.909377	0.110883	0.068196	0.347095
NC_050072.1	22210593	23109186	0.904327	0.100498	0.062376	0.370870
NC_050072.1	22210594	23726556	0.850528	0.045564	0.031202	0.263312
NC_050072.1	22256460	23882654	0.170543	0.014864	0.009833	-0.070329
NC_050072.1	22256493	23882673	-0.152310	-0.019244	-0.012631	-0.267478
NC_050072.1	22862263	23897504	-0.154639	-0.019180	-0.011193	-0.340958
NC_050072.1	23109087	23939613	-0.167562	-0.032451	-0.021044	-0.347503
NC_050072.1	23109116	23939882	-0.747638	-0.100872	-0.064446	-0.609657
NC_050072.1	23109130	24211260	-0.556938	-0.069943	-0.046005	-0.515152
NC_050072.1	23109143	25009511	-0.504095	-0.043795	-0.029270	-0.493737
NC_050072.1	23109186	25772642	-0.536585	-0.043080	-0.028155	-0.506369
NC_050072.1	23726556	26086319	-0.765214	-0.099976	-0.062124	-0.632355
NC_050072.1	23882654	26524398	-0.323290	-0.072029	-0.039334	-0.323424
NC_050072.1	23882673	26524439	-0.181219	-0.031349	-0.018070	-0.162490
NC_050072.1	23897504	26683019	0.256472	0.039188	0.024115	0.236215
NC_050072.1	23939613	27739088	0.261726	0.033908	0.022404	0.310421
NC_050072.1	23939882	28011124	0.273577	0.032756	0.022268	0.320528
NC_050072.1	24211260	28011210	0.275740	0.030532	0.021221	0.322303
NC_050072.1	25009511	28315195	0.225296	0.024302	0.016955	0.294518
NC_050072.1	25772642	28357532	0.220279	0.028374	0.019302	0.290361
NC_050072.1	26086319	28357776	0.436420	0.081608	0.054656	0.473968
NC_050072.1	26524398	28556235	0.968040	0.135523	0.090934	0.970887
NC_050072.1	26524439	30078587	0.954086	0.076769	0.049587	0.469186
NC_050072.1	26683019	30433375	0.953250	0.080122	0.050404	0.307543
NC_050072.1	27739088	30433380	0.979135	0.058920	0.035847	0.157390
NC_050072.1	28011124	31740752	0.981004	0.074035	0.045827	0.153359
NC_050072.1	28011210	32079174	0.981481	0.080486	0.049329	0.156748
NC_050072.1	28315195	32722402	0.989280	0.152988	0.090993	0.244531
NC_050072.1	28357532	34001773	0.989259	0.093519	0.063960	0.244170
NC_050072.1	28357776	34001846	0.986185	0.094911	0.066502	0.210405
NC_050072.1	28556235	34054666	0.979977	0.067058	0.048139	0.154472
NC_050072.1	30078587	34054971	0.996146	0.110917	0.084444	0.238634
NC_050072.1	30433375	34128307	0.691156	0.111838	0.092704	0.227304
NC_050072.1	30433380	34144981	0.693680	0.105181	0.089192	0.292517
NC_050072.1	31740752	34519653	0.694031	0.100031	0.085395	0.404280
NC_050072.1	32079174	34837568	0.674212	0.090245	0.075450	0.458852
NC_050072.1	32722402	35314499	0.681825	0.086782	0.073013	0.467523
NC_050072.1	34001773	36301051	0.690828	0.090103	0.071173	0.477946
NC_050072.1	34001846	36568290	0.345980	0.103460	0.070498	0.255163
NC_050072.1	34054666	36568294	0.119207	0.038896	0.026316	0.119207
NC_050072.1	34054971	36714197	0.049870	0.013577	0.009251	0.049870
NC_050072.1	34128307	37302747	-0.047126	-0.011138	-0.006856	-0.046068
NC_050072.1	34144981	37355161	0.083319	0.016126	0.010236	0.081211
NC_050072.1	34519653	37355373	0.101840	0.020508	0.012939	0.099315
NC_050072.1	34837568	37405047	-0.144438	-0.038489	-0.023155	-0.141640
NC_050072.1	35314499	37414048	-0.002887	-0.000956	-0.000569	-0.002838
NC_050072.1	36301051	37414094	-0.026586	-0.010143	-0.005841	-0.026121
NC_050072.1	36568290	37563132	-0.273806	-0.091564	-0.053198	-0.267889
NC_050072.1	36568294	37563369	-0.099681	-0.027501	-0.015873	-0.061590
NC_050072.1	36714197	37581645	0.193776	0.042022	0.024992	0.107379
NC_050072.1	37302747	40155329	0.193797	0.022854	0.015293	0.107392
NC_050072.1	37355161	40155576	-0.155829	-0.017005	-0.011970	-0.079136
NC_050072.1	37355373	41555116	-0.152829	-0.015974	-0.011763	-0.077712
NC_050072.1	37405047	41555438	-0.218141	-0.021969	-0.015453	-0.109008
NC_050072.1	37414048	41968892	0.638911	0.028839	0.020700	0.214019
NC_050072.1	37414094	41968967	0.113515	0.002048	0.001519	0.019325
NC_050072.1	37563132	42099268	0.752126	0.041720	0.031148	0.318314
NC_050072.1	37563369	42137755	0.742160	0.039556	0.029395	0.306978
NC_050072.1	37581645	42387120	0.745681	0.037168	0.028726	0.733028
NC_050072.1	40155329	42746697	0.853008	0.070768	0.055169	0.844582
NC_050072.1	40155576	43519291	0.852968	0.103178	0.082513	0.844540
NC_050072.1	41555116	43918067	0.979834	0.107531	0.085742	0.979834
NC_050072.1	41555438	43918104	0.979801	0.119473	0.089913	0.979801
NC_050072.1	41968892	43918117	1.000000	0.125108	0.098972	1.000000
NC_050072.1	41968967	44349421	0.422929	0.077943	0.055286	0.422929
NC_050072.1	42099268	44349568	0.431809	0.080823	0.057329	0.431809
NC_050072.1	42137755	45124196	0.199524	0.030928	0.021418	0.199524
NC_050072.1	42387120	45124211	0.197537	0.031997	0.022959	0.197537
NC_050072.1	42746697	45672958	0.197880	0.027727	0.020163	0.197880
NC_050072.1	43519291	45672989	-0.426951	-0.036954	-0.026167	-0.426951
NC_050072.1	43918067	45673004	-0.390476	-0.040892	-0.028090	-0.389597
NC_050072.1	43918104	45673005	-0.455262	-0.049510	-0.034158	-0.454190
NC_050072.1	43918117	45716638	-0.472124	-0.055243	-0.039155	-0.471012
NC_050072.1	44349421	46398845	-0.535955	-0.051123	-0.035178	-0.534638
NC_050072.1	44349568	46399094	-0.553477	-0.061575	-0.047847	-0.552168
NC_050072.1	45124196	47863300	-0.667414	-0.064027	-0.045952	-0.665720
NC_050072.1	45124211	47863302	-0.769095	-0.077686	-0.055646	-0.767025
NC_050072.1	45672958	48867157	-0.740341	-0.053482	-0.039472	-0.738380
NC_050072.1	45672989	49885131	0.012041	0.001909	0.001324	0.012023
NC_050072.1	45673004	51256546	0.012979	0.001987	0.001264	0.012960
NC_050072.1	45673005	51332037	0.014091	0.001892	0.001235	0.014091
NC_050072.1	45716638	51385245	0.010381	0.001367	0.000897	0.010381
NC_050072.1	46398845	51385313	0.020413	0.002585	0.001719	0.020413
NC_050072.1	46399094	51385314	0.014460	0.002168	0.001452	0.014460
NC_050072.1	47863300	53857269	1.000000	0.060641	0.044153	1.000000
NC_050072.1	47863302	53857274	1.000000	0.068958	0.052656	1.000000
NC_050072.1	48867157	53857326	1.000000	0.065068	0.049833	1.000000
NC_050072.1	49885131	53931939	1.000000	0.088170	0.064832	1.000000
NC_050072.1	51256546	53932004	1.000000	0.006563	0.005014	1.000000
NC_050072.1	51332037	53932013	1.000000	0.095973	0.084872	1.000000
NC_050072.1	51385245	53932014	1.000000	0.105963	0.092595	1.000000
NC_050072.1	51385313	53968015	1.000000	0.100618	0.088379	1.000000
NC_050072.1	51385314	54313669	1.000000	0.090887	0.075088	1.000000
NC_050072.1	53857269	54728205	1.000000	0.081162	0.057341	1.000000
NC_050072.1	53857274	55825829	0.037365	0.006309	0.004270	0.037365
NC_050072.1	53857326	55825916	0.041396	0.006488	0.004501	0.041396
NC_050072.1	53931939	55992060	-0.133914	-0.020546	-0.014324	-0.256232
NC_050072.1	53932004	56202441	-0.353398	-0.076643	-0.051696	-0.424564
NC_050072.1	53932013	58101733	-0.352300	-0.064634	-0.041869	-0.423536
NC_050072.1	53932014	58101945	-0.930533	-0.119904	-0.074775	-0.940317
NC_050072.1	53968015	58915168	-0.930126	-0.119225	-0.074505	-0.939969
NC_050072.1	54313669	59629533	-0.938679	-0.106941	-0.068889	-0.947230
NC_050072.1	54728205	60585672	-0.938033	-0.111782	-0.070856	-0.946679
NC_050072.1	55825829	60731191	-0.935480	-0.106035	-0.069173	-0.944501
NC_050072.1	55825916	61195100	-0.873078	-0.057320	-0.037427	-0.901990
NC_050072.1	55992060	61572323	-0.886641	-0.058085	-0.036646	-0.436534
NC_050072.1	56202441	62195216	0.123235	0.013605	0.008496	0.061874
NC_050072.1	58101733	62195231	0.989753	0.112461	0.073986	0.518232
NC_050072.1	58101945	62762837	0.990137	0.124833	0.079774	0.506670
NC_050072.1	58915168	62762852	0.990091	0.125998	0.083340	0.505491
NC_050072.1	59629533	62763068	0.990086	0.128641	0.084475	0.505377
NC_050072.1	60585672	62892884	0.999309	0.161045	0.099359	0.509225
NC_050072.1	60731191	62892888	0.999307	0.170873	0.108032	0.508323
NC_050072.1	61195100	63459259	0.620545	0.140755	0.095561	0.218025
NC_050072.1	61572323	63501714	0.619428	0.175595	0.116944	0.216863
NC_050072.1	62195216	63501715	0.619995	0.194639	0.135764	0.338861
NC_050072.1	62195231	63501728	0.390596	0.087446	0.058306	0.034915
NC_050072.1	62762837	63501951	-0.524167	-0.055318	-0.033836	-0.270932
NC_050072.1	62762852	63983570	-0.919751	-0.120141	-0.093486	-0.371356
NC_050072.1	62763068	63983862	-0.906461	-0.112436	-0.088611	-0.369298
NC_050072.1	62892884	66135821	-0.905662	-0.064297	-0.052812	-0.369173
NC_050072.1	62892888	67172201	-0.602615	-0.042703	-0.035614	-0.315242
NC_050072.1	63459259	67289608	-0.385579	-0.028870	-0.023271	-0.266117
NC_050072.1	63501714	67564957	-0.276011	-0.019417	-0.015937	-0.199449
NC_050072.1	63501715	68337508	-0.694773	-0.115318	-0.087739	-0.406674
NC_050072.1	63501728	68377509	-0.706172	-0.096094	-0.063792	-0.415976
NC_050072.1	63501951	69253692	-0.708086	-0.065767	-0.040787	-0.757028
NC_050072.1	63983570	69475609	-0.697373	-0.049642	-0.033484	-0.748184
NC_050072.1	63983862	69475626	-0.740831	-0.064945	-0.042684	-0.778901
NC_050072.1	66135821	69873604	-0.717826	-0.060281	-0.037413	-0.758892
NC_050072.1	67172201	69961821	-0.716354	-0.067855	-0.039323	-0.669695
NC_050072.1	67289608	69961887	-0.615631	-0.067160	-0.038734	-0.595794
NC_050072.1	67564957	70107038	-0.566928	-0.063769	-0.036623	-0.558306
NC_050072.1	68337508	71203638	-0.481832	-0.039248	-0.024320	-0.417068
NC_050072.1	68377509	71514858	-0.008969	-0.000375	-0.000238	-0.006944
NC_050072.1	69253692	71753094	0.166208	0.007590	0.005124	0.131064
NC_050072.1	69475609	71852748	0.179622	0.010265	0.007398	0.141347
NC_050072.1	69475626	71852752	0.173244	0.013617	0.009127	0.136151
NC_050072.1	69873604	71853049	0.742619	0.039068	0.026546	0.537145
NC_050072.1	69961821	73233506	0.264597	0.020264	0.013246	0.174992
NC_050072.1	69961887	73233535	-0.042654	-0.004762	-0.002980	-0.030976
NC_050072.1	70107038	73233574	-0.366470	-0.043498	-0.025310	-0.233292
NC_050072.1	71203638	73233575	-0.283772	-0.038457	-0.022846	-0.179179
NC_050072.1	71514858	74680133	0.159098	0.031805	0.017301	0.115172
NC_050072.1	71753094	75500018	0.165436	0.028184	0.015543	0.120009
NC_050072.1	71852748	75500072	0.118306	0.021519	0.011602	0.084525
NC_050072.1	71852752	75500074	0.129131	0.023055	0.012917	0.092556
NC_050072.1	71853049	75500121	0.133178	0.022254	0.012855	0.095558
NC_050072.1	73233506	75908011	0.116554	0.020663	0.010548	0.052024
NC_050072.1	73233535	76102401	0.530858	0.121034	0.071213	0.284073
NC_050072.1	73233574	76709373	0.745053	0.132160	0.077295	0.400181
NC_050072.1	73233575	76709390	0.983373	0.145282	0.089290	0.527658
NC_050072.1	74680133	76950834	0.999583	0.090335	0.058738	0.512289
NC_050072.1	75500018	76950846	0.982994	0.068533	0.043296	0.375353
NC_050072.1	75500072	76950921	0.982999	0.078859	0.051539	0.375418
NC_050072.1	75500074	79317519	0.982780	0.068222	0.040834	0.372407
NC_050072.1	75500121	79458644	0.197024	0.022311	0.012522	0.099585
NC_050072.1	75908011	80948075	0.249095	0.023471	0.014435	0.117401
NC_050072.1	76102401	80948124	0.293954	0.028015	0.018735	0.191857
NC_050072.1	76709373	81746267	-0.313462	-0.016171	-0.010789	-0.146014
NC_050072.1	76709390	81784052	-0.282293	-0.014259	-0.010539	-0.127611
NC_050072.1	76950834	82720485	-0.296510	-0.014265	-0.009219	-0.136712
NC_050072.1	76950846	84814546	-0.622151	-0.076708	-0.044929	-0.378922
NC_050072.1	76950921	85348268	-0.620666	-0.071928	-0.041594	-0.377437
NC_050072.1	79317519	85348269	-0.633053	-0.073735	-0.042413	-0.367471
NC_050072.1	79458644	85401637	-0.611075	-0.081396	-0.050338	-0.356728
NC_050072.1	80948075	85401892	-0.360132	-0.029031	-0.019888	-0.176993
NC_050072.1	80948124	85401960	-0.722995	-0.136236	-0.075461	-0.489153
NC_050072.1	81746267	86040095	-0.823807	-0.153197	-0.071085	-0.717622
NC_050072.1	81784052	86292650	-0.280113	-0.069779	-0.033450	-0.253758
NC_050072.1	82720485	86470079	-0.279220	-0.085489	-0.036629	-0.265673
NC_050072.1	84814546	87664571	-0.278572	-0.088926	-0.045145	-0.265063
NC_050072.1	85348268	87664802	0.063226	0.012850	0.006958	0.058873
NC_050072.1	85348269	87664828	0.276020	0.075428	0.042719	0.261079
NC_050072.1	85401637	87664839	0.275698	0.076027	0.042878	0.275698
NC_050072.1	85401892	87954844	0.278706	0.079407	0.044231	0.237620
NC_050072.1	85401960	89212783	-0.083220	-0.029625	-0.014359	-0.073837
NC_050072.1	86040095	89714601	0.264644	0.047470	0.029890	0.226397
NC_050072.1	86292650	89714681	0.280528	0.045219	0.033716	0.240737
NC_050072.1	86470079	89714700	-0.038527	-0.004462	-0.003296	-0.031106
NC_050072.1	87664571	90411182	-0.060387	-0.005537	-0.004003	-0.048558
NC_050072.1	87664802	90411218	-0.391152	-0.055307	-0.039865	-0.337255
NC_050072.1	87664828	90766864	-0.385025	-0.049532	-0.037269	-0.276670
NC_050072.1	87664839	90781823	-0.749064	-0.075368	-0.056902	-0.463609
NC_050072.1	87954844	91293854	-0.727275	-0.070297	-0.053749	-0.433654
NC_050072.1	89212783	92299017	-0.767464	-0.072028	-0.055143	-0.515298
NC_050072.1	89714601	92299088	-0.571144	-0.034023	-0.028666	-0.304614
NC_050072.1	89714681	92299274	-0.651733	-0.047781	-0.038345	-0.187977
NC_050072.1	89714700	92831288	-0.817918	-0.088581	-0.061828	-0.290271
NC_050072.1	90411182	93524256	-0.890215	-0.071277	-0.048116	-0.309480
NC_050072.1	90411218	97497944	-0.938525	-0.092226	-0.058495	-0.424016
NC_050072.1	90766864	98472104	-0.938155	-0.078424	-0.051320	-0.422453
NC_050072.1	90781823	98698496	-0.385916	-0.048059	-0.030514	-0.229762
NC_050072.1	91293854	98851029	-0.379018	-0.045146	-0.028994	-0.237971
NC_050072.1	92299017	99029398	-0.397180	-0.048297	-0.030680	-0.256042
NC_050072.1	92299088	99029424	-0.391547	-0.047610	-0.030293	-0.252774
NC_050072.1	92299274	99363347	-0.466585	-0.059477	-0.036832	-0.363875
NC_050072.1	92831288	99648838	-0.461388	-0.053797	-0.033455	-0.517556
NC_050072.1	93524256	100425821	-0.384989	-0.037614	-0.024122	-0.457154
NC_050072.1	97497944	100426030	-0.356374	-0.041111	-0.026547	-0.430797
NC_050072.1	98472104	100426033	-0.106891	-0.013272	-0.009159	-0.237395
NC_050072.1	98698496	100778805	0.461059	0.043701	0.030732	0.161427
NC_050072.1	98851029	100779082	-0.291064	-0.012238	-0.008709	-0.551768
NC_050072.1	99029398	100813255	-0.331693	-0.015213	-0.010672	-0.562955
NC_050072.1	99029424	101840077	-0.304155	-0.012118	-0.008637	-0.545557
NC_050072.1	99363347	102094413	-0.315644	-0.012880	-0.009093	-0.553974
NC_050072.1	99648838	102799329	-0.338902	-0.015833	-0.011604	-0.572566
NC_050072.1	100425821	103754091	-0.510473	-0.031328	-0.022719	-0.697323
NC_050072.1	100426030	103847813	-0.391906	-0.030307	-0.024127	-0.619519
NC_050072.1	100426033	104124744	-0.519856	-0.041047	-0.032486	-0.694007
NC_050072.1	100778805	104474532	0.170556	0.020362	0.016676	-0.131043
NC_050072.1	100779082	104474538	0.135599	0.017307	0.014085	-0.165525
NC_050072.1	100813255	104474540	0.151759	0.020475	0.016396	-0.093399
NC_050072.1	101840077	104591293	0.163721	0.021179	0.016202	-0.062657
NC_050072.1	102094413	104591302	0.158683	0.027166	0.020129	-0.049502
NC_050072.1	102799329	104591344	0.155488	0.027452	0.020132	-0.040865
NC_050072.1	103754091	104591582	0.531443	0.077920	0.051425	0.055725
NC_050072.1	103847813	104591610	0.842419	0.125642	0.089261	0.113959
NC_050072.1	104124744	105013648	0.782047	0.096423	0.071127	0.101764
NC_050072.1	104474532	105013805	0.018911	0.004550	0.003008	0.003922
NC_050072.1	104474538	105013808	-0.874168	-0.172495	-0.096307	-0.105302
NC_050072.1	104474540	105437535	-0.901888	-0.139724	-0.078524	-0.107246
NC_050072.1	104591293	105686289	-0.902608	-0.140053	-0.076519	-0.136737
NC_050072.1	104591302	106132413	-0.287528	-0.075553	-0.038776	-0.081517
NC_050072.1	104591344	106132433	0.027080	0.008666	0.004634	0.013852
NC_050072.1	104591582	106132439	0.218170	0.080459	0.044623	0.218170
NC_050072.1	104591610	106132524	0.350673	0.130631	0.091116	0.350673
NC_050072.1	105013648	106132749	0.440994	0.179236	0.127357	0.440994
NC_050072.1	105013805	106132752	0.521957	0.269900	0.185697	0.521957
NC_050072.1	105013808	106761952	0.656920	0.300485	0.217269	0.656920
NC_050072.1	105437535	107065041	0.657795	0.301451	0.189355	0.657795
NC_050072.1	105686289	107065092	0.711550	0.465813	0.256670	0.725933
NC_050072.1	106132413	107065229	0.715841	0.410086	0.247999	0.730012
NC_050072.1	106132433	107065243	0.679324	0.365122	0.235095	0.697256
NC_050072.1	106132439	107653097	0.632795	0.231022	0.161532	0.656118
NC_050072.1	106132524	108578348	0.574662	0.147544	0.095246	0.576382
NC_050072.1	106132749	108967322	0.487695	0.113970	0.068813	0.501750
NC_050072.1	106132752	108967336	0.356023	0.075266	0.043102	0.395198
NC_050072.1	106761952	108967409	0.133254	0.021510	0.011915	0.230676
NC_050072.1	107065041	109148044	1.000000	0.072048	0.046434	0.871249
NC_050072.1	107065092	109200594	1.000000	0.150356	0.107104	0.927102
NC_050072.1	107065229	109200606	1.000000	0.097403	0.077494	0.882359
NC_050072.1	107065243	109200671	0.982982	0.097506	0.077251	0.867446
NC_050072.1	107653097	109705159	0.983510	0.085617	0.066186	0.871092
NC_050072.1	108578348	109930269	0.983507	0.096327	0.072406	0.871070
NC_050072.1	108967322	110419516	0.983092	0.101255	0.087020	0.983092
NC_050072.1	108967336	110419839	0.983156	0.095274	0.085962	0.983156
NC_050072.1	108967409	110808008	0.983459	0.093565	0.084811	0.828697
NC_050072.1	109148044	110808018	0.983744	0.092250	0.085895	0.721849
NC_050072.1	109200594	110808055	0.951852	0.111195	0.101500	0.695440
NC_050072.1	109200606	110808082	0.812730	0.023773	0.021749	0.179911
NC_050072.1	109200671	110865686	0.830606	0.025025	0.023029	0.198631
NC_050072.1	109705159	110865741	0.887254	0.026136	0.024111	0.211998
NC_050072.1	109930269	113511852	0.969281	0.052815	0.044023	0.518927
NC_050072.1	110419516	113564367	0.954693	0.053510	0.038882	0.511140
NC_050072.1	110419839	114359218	0.944396	0.055113	0.037780	0.501323
NC_050072.1	110808008	114359228	0.848474	0.054343	0.035478	0.459295
NC_050072.1	110808018	114418675	0.854488	0.057188	0.035273	0.461236
NC_050072.1	110808055	114890062	0.076638	0.008907	0.005188	0.052449
NC_050072.1	110808082	114901589	0.124792	0.014612	0.008529	0.083352
NC_050072.1	110865686	115382722	0.102257	0.010908	0.006086	0.051010
NC_050072.1	110865741	115382728	0.072370	0.007764	0.004199	0.035066
NC_050072.1	113511852	115629259	0.071629	0.007355	0.003927	0.034677
NC_050072.1	113564367	116330348	-0.624609	-0.077417	-0.032116	-0.232864
NC_050072.1	114359218	116330383	-0.488194	-0.062274	-0.031291	-0.183186
NC_050072.1	114359228	116330489	-0.371129	-0.050459	-0.027302	-0.138934
NC_050072.1	114418675	116330572	-0.337107	-0.042133	-0.023887	-0.123092
NC_050072.1	114890062	116984680	-0.664971	-0.141485	-0.079235	-0.336628
NC_050072.1	114901589	116984723	-0.412017	-0.047425	-0.028138	-0.155118
NC_050072.1	115382722	117235622	-0.546786	-0.065630	-0.037126	-0.215973
NC_050072.1	115382728	117501892	-0.736643	-0.160848	-0.093675	-0.646059
NC_050072.1	115629259	117546662	-0.806148	-0.194061	-0.116597	-0.756678
NC_050072.1	116330348	117788533	-0.855885	-0.297353	-0.175541	-0.805005
NC_050072.1	116330383	118015759	-0.852212	-0.293033	-0.176095	-0.801987
NC_050072.1	116330489	118016098	-0.912175	-0.255756	-0.153529	-0.883381
NC_050072.1	116330572	118176560	-0.960307	-0.265418	-0.156098	-0.859076
NC_050072.1	116984680	118176608	-0.944105	-0.257227	-0.156267	-0.764959
NC_050072.1	116984723	118176804	-0.939344	-0.232019	-0.144931	-0.751208
NC_050072.1	117235622	119179159	-0.923492	-0.224840	-0.148730	-0.741353
NC_050072.1	117501892	119179212	-0.934404	-0.270388	-0.161748	-0.767053
NC_050072.1	117546662	119245749	-0.901688	-0.184917	-0.116902	-0.706822
NC_050072.1	117788533	119513331	-0.881513	-0.155266	-0.096648	-0.389082
NC_050072.1	118015759	119513601	-0.802511	-0.091295	-0.058967	-0.267303
NC_050072.1	118016098	119513647	-0.801963	-0.106970	-0.065207	-0.267175
NC_050072.1	118176560	119513714	-0.793234	-0.126013	-0.068825	-0.265123
NC_050072.1	118176608	119513721	-0.828653	-0.132220	-0.072924	-0.307097
NC_050072.1	118176804	120584634	-0.856728	-0.088777	-0.056276	-0.359011
NC_050072.1	119179159	120766137	-0.708606	-0.034436	-0.023335	-0.185918
NC_050072.1	119179212	121026861	-0.794932	-0.035737	-0.023675	-0.201074
NC_050072.1	119245749	121026895	0.996300	0.004599	0.003454	0.033930
NC_050072.1	119513331	121092267	0.996300	0.004035	0.002993	0.033930
NC_050072.1	119513601	121092459	1.000000	0.004607	0.003505	1.000000
NC_050072.1	119513647	121470179	1.000000	0.004109	0.002890	1.000000
NC_050072.1	119513714	121470257	1.000000	0.004149	0.002839	1.000000
NC_050072.1	119513721	121470268	1.000000	0.003985	0.002919	1.000000
NC_050072.1	120584634	121610611	0.998812	0.004591	0.003127	0.339813
NC_050072.1	120766137	121610664	0.783561	0.004649	0.002923	0.260580
NC_050072.1	121026861	122095711	-0.786492	-0.039021	-0.023614	-0.633706
NC_050072.1	121026895	122095755	-0.803726	-0.044934	-0.026700	-0.648307
NC_050072.1	121092267	122410374	-0.913438	-0.114261	-0.065371	-0.825147
NC_050072.1	121092459	122410614	-0.936190	-0.183905	-0.097918	-0.837555
NC_050072.1	121470179	122410645	-0.292572	-0.088364	-0.046474	-0.271247
NC_050072.1	121470257	122640481	-0.292741	-0.102946	-0.056668	-0.271401
NC_050072.1	121470268	122640702	-0.455477	-0.231738	-0.116785	-0.429225
NC_050072.1	121610611	122640739	-0.454558	-0.235101	-0.117551	-0.408775
NC_050072.1	121610664	122641825	-0.465475	-0.281657	-0.144095	-0.438010
NC_050072.1	122095711	122641906	-0.465367	-0.282264	-0.144232	-0.437903
NC_050072.1	122095755	125592815	-0.326970	-0.115697	-0.045444	-0.304010
NC_050072.1	122410374	125592883	-0.305324	-0.098308	-0.041124	-0.284108
NC_050072.1	122410614	125903077	0.006475	0.001207	0.000560	0.005847
NC_050072.1	122410645	125903220	0.124559	0.020887	0.009823	0.113571
NC_050072.1	122640481	125903278	-0.707478	-0.060714	-0.028582	-0.595166
NC_050072.1	122640702	125998050	-0.722865	-0.074621	-0.030616	-0.236146
NC_050072.1	122640739	125998407	0.775123	0.012212	0.005588	0.057655
NC_050072.1	122641825	126133727	-0.071593	-0.002139	-0.000933	-0.009649
NC_050072.1	122641906	126386393	0.765623	0.064290	0.036536	0.307260
NC_050072.1	125592815	126752689	0.297728	0.030866	0.017268	0.140710
NC_050072.1	125592883	126828780	0.543817	0.095635	0.073565	0.315281
NC_050072.1	125903077	126828808	0.535918	0.099022	0.075006	0.308456
NC_050072.1	125903220	126828908	0.536002	0.107024	0.079516	0.308528
NC_050072.1	125903278	126829138	0.538333	0.108031	0.080265	0.310533
NC_050072.1	125998050	127121090	0.536796	0.106531	0.075165	0.309210
NC_050072.1	125998407	127180856	0.538580	0.092919	0.074305	0.529214
NC_050072.1	126133727	127492727	0.539385	0.081224	0.066672	0.530021
NC_050072.1	126386393	127778005	0.530662	0.072637	0.060630	0.521500
NC_050072.1	126752689	127778236	0.268664	0.031770	0.023804	0.261505
NC_050072.1	126828780	127945080	0.752161	0.059902	0.046060	0.752161
NC_050072.1	126828808	127945380	-0.627958	-0.026319	-0.019287	-0.627958
NC_050072.1	126828908	128323020	-0.601570	-0.019495	-0.014559	-0.601570
NC_050072.1	126829138	128323069	-0.600458	-0.019390	-0.014951	-0.600458
NC_050072.1	127121090	128323307	-0.646953	-0.020302	-0.015654	-0.646953
NC_050072.1	127180856	128375903	-0.708052	-0.022190	-0.017429	-0.708052
NC_050072.1	127492727	128666006	-0.509873	-0.018063	-0.013686	-0.509873
NC_050072.1	127778005	128805096	0.311391	0.027088	0.019945	0.311391
NC_050072.1	127778236	128963691	-0.130503	-0.018074	-0.011362	-0.130503
NC_050072.1	127945080	129081603	-0.142675	-0.020298	-0.012581	-0.142675
NC_050072.1	127945380	129220316	0.182840	0.040767	0.025751	0.182840
NC_050072.1	128323020	129220342	0.460686	0.102833	0.069465	0.460686
NC_050072.1	128323069	129220632	0.468203	0.130132	0.082882	0.468203
NC_050072.1	128323307	130406476	0.468320	0.103504	0.063568	0.427370
NC_050072.1	128375903	131684529	0.483310	0.106515	0.064008	0.442139
NC_050072.1	128666006	131684764	0.531753	0.140152	0.082207	0.486798
NC_050072.1	128805096	131820489	0.527704	0.145433	0.085038	0.482739
NC_050072.1	128963691	132431738	0.399734	0.086314	0.050558	0.357421
NC_050072.1	129081603	132431812	1.000000	0.151983	0.100473	0.856052
NC_050072.1	129220316	132927953	1.000000	0.203594	0.133427	0.894461
NC_050072.1	129220342	132928034	1.000000	0.145238	0.095107	0.857794
NC_050072.1	129220632	133035094	1.000000	0.100156	0.063363	0.790614
NC_050072.1	130406476	133125441	1.000000	0.150517	0.101244	0.859385
NC_050072.1	131684529	133384244	1.000000	0.189421	0.141750	1.000000
NC_050072.1	131684764	133417657	1.000000	0.186811	0.147967	1.000000
NC_050072.1	131820489	134148520	1.000000	0.151233	0.117344	1.000000
NC_050072.1	132431738	134809063	0.369991	0.078567	0.059471	0.369991
NC_050072.1	132431812	134809124	0.505864	0.138128	0.100368	0.505864
NC_050072.1	132927953	135194428	0.505817	0.119524	0.086082	0.505817
NC_050072.1	132928034	136738327	0.343635	0.061885	0.047725	0.343635
NC_050072.1	133035094	137183857	0.308898	0.055692	0.041742	0.287242
NC_050072.1	133125441	137184057	0.281709	0.054563	0.040827	0.245985
NC_050072.1	133384244	137289938	-0.121318	-0.020700	-0.014655	-0.092588
NC_050072.1	133417657	137289966	0.047449	0.010331	0.007183	0.037707
NC_050072.1	134148520	137289997	0.044302	0.010347	0.007031	0.035189
NC_050072.1	134809063	137289999	0.025884	0.007914	0.005126	0.019492
NC_050072.1	134809124	137290006	0.451676	0.109307	0.072584	0.306728
NC_050073.1	962642	2515549	0.986833	0.184580	0.144970	0.913084
NC_050073.1	962818	2515764	0.986833	0.196176	0.152083	0.913084
NC_050073.1	1231458	2753942	0.982729	0.206976	0.158220	0.961150
NC_050073.1	2301929	2753948	0.889548	0.209843	0.152902	0.817346
NC_050073.1	2301932	2753958	0.885466	0.229599	0.163009	0.808806
NC_050073.1	2302177	2753960	0.817702	0.152101	0.104932	0.707630
NC_050073.1	2515459	2753969	0.812034	0.158293	0.116089	0.697092
NC_050073.1	2515467	2753976	0.806115	0.401101	0.394021	0.686402
NC_050073.1	2515499	2753978	0.741274	0.533489	0.519286	0.580709
NC_050073.1	2515549	2753982	0.722290	0.765593	0.736782	0.566681
NC_050073.1	2515764	2753984	0.592223	0.754017	0.703088	0.411994
NC_050073.1	2753942	2753985	-0.044319	-0.136371	-0.077632	-0.018758
NC_050073.1	2753948	2753987	-0.048698	-0.200047	-0.105854	-0.021022
NC_050073.1	2753958	2753990	0.001524	0.004086	0.002754	0.000631
NC_050073.1	2753960	2753994	0.001524	0.009612	0.004497	0.000631
NC_050073.1	2753969	2754002	0.037549	0.224829	0.125336	0.015198
NC_050073.1	2753976	2754017	0.035926	0.232863	0.111730	0.015198
NC_050073.1	2753978	2754018	0.035926	0.232863	0.111730	0.015198
NC_050073.1	2753982	2754019	0.051194	0.259184	0.132110	0.022244
NC_050073.1	2753984	2754023	0.035645	0.769979	0.140527	0.015348
NC_050073.1	2753985	2754034	0.033442	0.778187	0.132221	0.015348
NC_050073.1	2753987	2754035	0.091036	0.659585	0.406453	0.040701
NC_050073.1	2753990	2754036	0.164111	0.688574	0.514009	0.068137
NC_050073.1	2753994	2754058	0.158243	0.271766	0.236948	0.065464
NC_050073.1	2754002	2754128	0.255230	0.293960	0.269405	0.107795
NC_050073.1	2754017	2754140	0.443049	0.092730	0.088908	0.204908
NC_050073.1	2754018	2754141	0.356999	0.092191	0.092106	0.210437
NC_050073.1	2754019	2754155	0.356999	0.092005	0.091920	0.210437
NC_050073.1	2754023	2754159	0.205034	0.073620	0.073567	0.096593
NC_050073.1	2754034	2754185	0.206409	0.076846	0.061730	0.097121
NC_050073.1	2754035	2754198	0.206514	0.077489	0.059597	0.097121
NC_050073.1	2754036	2754200	0.109686	0.062140	0.047803	0.056715
NC_050073.1	2754058	2754208	0.110254	0.062446	0.048048	0.057251
NC_050073.1	2754128	2754225	0.114111	0.067253	0.045841	0.059309
NC_050073.1	2754140	2754233	0.054778	0.035035	0.020477	0.028318
NC_050073.1	2754141	2754236	0.054778	0.041933	0.022655	0.028318
NC_050073.1	2754155	2754242	0.031996	0.028129	0.013275	0.016126
NC_050073.1	2754159	2754243	0.031996	0.028210	0.013293	0.016126
NC_050073.1	2754185	2754246	-0.309849	-0.485777	-0.138534	-0.187699
NC_050073.1	2754198	2754280	-0.190083	-0.158284	-0.093428	-0.102956
NC_050073.1	2754200	2754296	-0.150118	-0.138089	-0.089114	-0.081251
NC_050073.1	2754208	2754299	-0.087883	-0.059539	-0.040184	-0.047563
NC_050073.1	2754225	2754300	-0.089589	-0.059488	-0.040389	-0.040114
NC_050073.1	2754233	2754380	-0.147549	-0.064426	-0.050302	-0.068229
NC_050073.1	2754236	2754454	-0.088069	-0.044491	-0.037787	-0.041788
NC_050073.1	2754242	2754516	-0.079503	-0.048313	-0.036839	-0.039157
NC_050073.1	2754243	2754523	-0.072992	-0.051265	-0.039172	-0.036973
NC_050073.1	2754246	2754528	-0.043576	-0.034687	-0.026632	-0.022419
NC_050073.1	2754280	2754556	0.071968	0.048430	0.040947	0.032359
NC_050073.1	2754296	2754566	0.061299	0.045693	0.033946	0.025212
NC_050073.1	2754299	2820234	0.009917	0.006841	0.004861	0.004024
NC_050073.1	2754300	2820240	-0.070536	-0.055423	-0.036909	-0.037642
NC_050073.1	2754380	2820303	-0.040490	-0.027055	-0.019155	-0.026399
NC_050073.1	2754454	2820511	0.007191	0.004311	0.003051	-0.006123
NC_050073.1	2754516	2820524	0.439998	0.298749	0.228486	0.178598
NC_050073.1	2754523	2820545	0.368548	0.262332	0.190902	0.162777
NC_050073.1	2754528	2820564	0.330488	0.234703	0.169953	0.148643
NC_050073.1	2754556	2820613	0.259112	0.169030	0.119038	0.125934
NC_050073.1	2754566	2820622	0.198025	0.137958	0.098477	0.108781
NC_050073.1	2820234	2838361	0.228306	0.165802	0.123530	0.133691
NC_050073.1	2820240	2855189	0.386881	0.294374	0.229421	0.250015
NC_050073.1	2820303	2855196	0.409654	0.266195	0.215885	0.282898
NC_050073.1	2820511	2855396	0.415812	0.284973	0.228907	0.308490
NC_050073.1	2820524	2891154	0.424948	0.307606	0.248314	0.362564
NC_050073.1	2820545	2891158	0.240833	0.156790	0.122239	0.171187
NC_050073.1	2820564	2891199	0.236429	0.134633	0.108260	0.161507
NC_050073.1	2820613	2891229	0.313054	0.169583	0.133254	0.202297
NC_050073.1	2820622	2891308	0.454319	0.239282	0.197678	0.256774
NC_050073.1	2838361	2891382	0.591905	0.284298	0.235496	0.274741
NC_050073.1	2855189	3133206	0.614760	0.212441	0.182462	0.284103
NC_050073.1	2855196	3133209	0.379834	0.091411	0.076847	0.152200
NC_050073.1	2855396	3133256	0.364329	0.088626	0.074080	0.146108
NC_050073.1	2891154	3133289	0.364240	0.088557	0.074027	0.146113
NC_050073.1	2891158	3133319	0.373381	0.072211	0.063498	0.146923
NC_050073.1	2891199	3378928	0.356381	0.069172	0.051587	0.180922
NC_050073.1	2891229	3378962	0.656683	0.112062	0.087558	0.276794
NC_050073.1	2891308	3378963	0.710037	0.094132	0.076054	0.302494
NC_050073.1	2891382	3378996	0.271392	0.032775	0.025681	0.146015
NC_050073.1	3133206	3379002	0.062744	0.006723	0.005074	0.053938
NC_050073.1	3133209	3379008	0.217074	0.041887	0.028992	0.106722
NC_050073.1	3133256	3379164	0.217268	0.040779	0.028467	0.106687
NC_050073.1	3133289	3379168	0.217461	0.052203	0.033614	0.106652
NC_050073.1	3133319	3379183	0.184650	0.054318	0.035036	0.069886
NC_050073.1	3378928	3379190	0.011381	0.011924	0.004246	0.004236
NC_050073.1	3378962	3379198	0.031088	0.036805	0.026658	0.011480
NC_050073.1	3378963	3379205	0.020136	0.031524	0.020066	0.007383
NC_050073.1	3378996	3379209	0.014294	0.024382	0.014996	0.005221
NC_050073.1	3379002	3379245	0.212219	0.288578	0.216792	0.069017
NC_050073.1	3379008	3379254	0.368608	0.400963	0.373593	0.115949
NC_050073.1	3379164	4749122	0.074919	0.005629	0.005583	0.024349
NC_050073.1	3379168	4749163	0.081598	0.006327	0.006273	0.026650
NC_050073.1	3379183	4749187	0.084461	0.006563	0.006507	0.027642
NC_050073.1	3379190	4749235	0.124746	0.004873	0.004839	0.075237
NC_050073.1	3379198	4749237	0.537869	0.004437	0.004404	0.537869
NC_050073.1	3379205	4749497	-0.323581	-0.005401	-0.005314	-0.323581
NC_050073.1	3379209	5445805	0.117908	0.001854	0.001841	0.117908
NC_050073.1	3379245	5631759	0.138642	0.001997	0.001981	0.138642
NC_050073.1	3379254	5663819	0.168564	0.002409	0.002118	0.168564
NC_050073.1	4749122	5895983	0.869762	0.073820	0.062373	0.869762
NC_050073.1	4749163	5997453	0.889290	0.136048	0.090003	0.889290
NC_050073.1	4749187	6061941	0.890656	0.111601	0.078935	0.890656
NC_050073.1	4749235	6061965	0.943823	0.188813	0.140962	0.943823
NC_050073.1	4749237	6062165	0.943774	0.208235	0.151392	0.943774
NC_050073.1	4749497	6062190	0.968397	0.286032	0.213762	0.968397
NC_050073.1	5445805	6062209	1.000000	0.301776	0.225753	1.000000
NC_050073.1	5631759	6406882	1.000000	0.443221	0.319890	1.000000
NC_050073.1	5663819	6406940	0.999741	0.498010	0.347216	0.677461
NC_050073.1	5895983	6454315	0.999676	0.467421	0.370669	0.506663
NC_050073.1	5997453	7599584	0.999605	0.259334	0.214189	0.457127
NC_050073.1	6061941	7753871	0.999686	0.308973	0.242303	0.514481
NC_050073.1	6061965	10131896	0.999687	0.191442	0.125804	0.515228
NC_050073.1	6062165	10153899	0.999589	0.151783	0.098338	0.447196
NC_050073.1	6062190	10511653	0.999589	0.146805	0.093914	0.447475
NC_050073.1	6062209	10511664	0.902178	0.104807	0.065370	0.327654
NC_050073.1	6406882	10511852	0.863509	0.105631	0.066309	0.309371
NC_050073.1	6406940	10519098	0.706435	0.059453	0.036728	0.190914
NC_050073.1	6454315	10519106	0.670285	0.057517	0.035539	0.253333
NC_050073.1	7599584	10519117	0.577514	0.054665	0.033160	0.401609
NC_050073.1	7753871	11020820	0.557416	0.064221	0.034324	0.385030
NC_050073.1	10131896	11021012	-0.006721	-0.000343	-0.000201	-0.028299
NC_050073.1	10153899	11271746	-0.006043	-0.000725	-0.000479	-0.027933
NC_050073.1	10511653	11271820	-0.040315	-0.005478	-0.003423	-0.046111
NC_050073.1	10511664	12996237	-0.056708	-0.004265	-0.002516	-0.056250
NC_050073.1	10511852	13869470	-0.072148	-0.003127	-0.001825	-0.080784
NC_050073.1	10519098	13869549	-0.915210	-0.097260	-0.050853	-0.917766
NC_050073.1	10519106	13940684	-0.948806	-0.147735	-0.075999	-0.949749
NC_050073.1	10519117	13948908	-0.941586	-0.108650	-0.059686	-0.941657
NC_050073.1	11020820	13948961	-0.742847	-0.087857	-0.049102	-0.686449
NC_050073.1	11021012	15393649	-0.746024	-0.082764	-0.049255	-0.690193
NC_050073.1	11271746	16158758	-0.731284	-0.077773	-0.045559	-0.676395
NC_050073.1	11271820	16158780	-0.719969	-0.077053	-0.045142	-0.665798
NC_050073.1	12996237	16158804	-0.689098	-0.071826	-0.042853	-0.636862
NC_050073.1	13869470	16301855	-0.778074	-0.132389	-0.075273	-0.738175
NC_050073.1	13869549	16409013	-0.785397	-0.127181	-0.077823	-0.745173
NC_050073.1	13940684	16563376	-0.682704	-0.070033	-0.045664	-0.628729
NC_050073.1	13948908	16563579	-0.453948	-0.030076	-0.020299	-0.377493
NC_050073.1	13948961	16683961	-0.450945	-0.034281	-0.022944	-0.374798
NC_050073.1	15393649	16705569	-0.719321	-0.038982	-0.025731	-0.719321
NC_050073.1	16158758	16705570	-0.680101	-0.039242	-0.026109	-0.680101
NC_050073.1	16158780	16705850	-0.703160	-0.042288	-0.028940	-0.703160
NC_050073.1	16158804	17186787	0.059945	0.006560	0.004483	0.059945
NC_050073.1	16301855	17293037	0.029516	0.003191	0.002111	0.029516
NC_050073.1	16409013	17293318	0.794204	0.056759	0.042041	0.746843
NC_050073.1	16563376	17293319	0.758189	0.080767	0.057201	0.604815
NC_050073.1	16563579	17293324	0.757584	0.094471	0.068302	0.604026
NC_050073.1	16683961	17293326	0.709057	0.100172	0.070086	0.560098
NC_050073.1	16705569	17293328	0.593443	0.112650	0.077973	0.461618
NC_050073.1	16705570	17293329	0.527392	0.210804	0.152073	0.407057
NC_050073.1	16705850	17293331	0.522339	0.275104	0.181669	0.402176
NC_050073.1	17186787	17293334	0.453039	0.378976	0.195668	0.347423
NC_050073.1	17293037	17293337	-0.306475	-0.235270	-0.083042	-0.182472
NC_050073.1	17293318	17293340	-0.351815	11.345043	-0.245942	-0.206956
NC_050073.1	17293319	17293343	-0.329385	-8.137850	-0.246861	-0.198289
NC_050073.1	17293324	17293349	-0.701503	3.053620	-0.461882	-0.476744
NC_050073.1	17293326	17497672	-0.694129	-0.592651	-0.155662	-0.472389
NC_050073.1	17293328	17737812	-0.669424	-0.062978	-0.035877	-0.459896
NC_050073.1	17293329	17737836	-0.599281	-0.042359	-0.025864	-0.417542
NC_050073.1	17293331	17738096	-0.269615	-0.018276	-0.011603	-0.127800
NC_050073.1	17293334	17865218	-0.243450	-0.014576	-0.009733	-0.116663
NC_050073.1	17293337	17917656	-0.720911	-0.115163	-0.073266	-0.519501
NC_050073.1	17293340	18005324	-0.716206	-0.107477	-0.065174	-0.518294
NC_050073.1	17293343	18005588	-0.825470	-0.197308	-0.107105	-0.680699
NC_050073.1	17293349	18005605	-0.275274	-0.083479	-0.047414	-0.238872
NC_050073.1	17497672	18131748	-0.242551	-0.066201	-0.038192	-0.213314
NC_050073.1	17737812	18131749	-0.224548	-0.061852	-0.037722	-0.197827
NC_050073.1	17737836	18131770	-0.224637	-0.109108	-0.064998	-0.197904
NC_050073.1	17738096	18131786	-0.228314	-0.124371	-0.070529	-0.201071
NC_050073.1	17865218	18504068	-0.243850	-0.128313	-0.073453	-0.227005
NC_050073.1	17917656	18504250	-0.285775	-0.200825	-0.098298	-0.266847
NC_050073.1	18005324	18554138	0.078353	0.029788	0.018314	0.058575
NC_050073.1	18005588	19140477	-0.247586	-0.079265	-0.056862	-0.199904
NC_050073.1	18005605	20598518	-0.275168	-0.074044	-0.051355	-0.223754
NC_050073.1	18131748	20598537	-0.836167	-0.229136	-0.150747	-0.683083
NC_050073.1	18131749	21322965	-0.858269	-0.196983	-0.118216	-0.699597
NC_050073.1	18131770	21323221	-0.883313	-0.190920	-0.116704	-0.718221
NC_050073.1	18131786	21379828	-0.876695	-0.189513	-0.115996	-0.713309
NC_050073.1	18504068	21379874	-0.869769	-0.170094	-0.108253	-0.708161
NC_050073.1	18504250	21380064	-0.463982	-0.113586	-0.072815	-0.412164
NC_050073.1	18554138	21380097	-0.439514	-0.099233	-0.065633	-0.388936
NC_050073.1	19140477	21380126	-0.460326	-0.100297	-0.064493	-0.460326
NC_050073.1	20598518	21380129	-0.286423	-0.058152	-0.036286	-0.286423
NC_050073.1	20598537	21662287	0.071285	0.010212	0.007355	0.071285
NC_050073.1	21322965	21967824	1.000000	0.073787	0.055257	1.000000
NC_050073.1	21323221	21967892	1.000000	0.085603	0.077349	1.000000
NC_050073.1	21379828	21968095	1.000000	0.090297	0.076651	1.000000
NC_050073.1	21379874	22407092	0.121310	0.018958	0.012679	0.121310
NC_050073.1	21380064	22407184	0.112026	0.020044	0.012774	0.110732
NC_050073.1	21380097	22492746	-0.534311	-0.049675	-0.031933	-0.535246
NC_050073.1	21380126	22492972	0.167413	0.026226	0.017391	0.166139
NC_050073.1	21380129	22816033	0.163117	0.026661	0.018302	0.161841
NC_050073.1	21662287	22816105	0.158776	0.025713	0.017674	0.157498
NC_050073.1	21967824	22816387	0.144973	0.023922	0.015564	0.143690
NC_050073.1	21967892	22816420	0.145100	0.025393	0.015847	0.143817
NC_050073.1	21968095	23075825	0.418857	0.076600	0.049542	0.417776
NC_050073.1	22407092	24031827	0.419647	0.076768	0.047828	0.418567
NC_050073.1	22407184	24820789	0.993739	0.104917	0.068841	0.991661
NC_050073.1	22492746	25010281	1.000000	0.141305	0.095026	1.000000
NC_050073.1	22492972	25232893	1.000000	0.181257	0.119567	1.000000
NC_050073.1	22816033	25232938	0.987399	0.149354	0.095303	0.987399
NC_050073.1	22816105	25233163	0.763300	0.133819	0.083386	0.763300
NC_050073.1	22816387	25415420	0.763616	0.121836	0.078620	0.763616
NC_050073.1	22816420	25415527	0.757610	0.122310	0.080584	0.757610
NC_050073.1	23075825	26445713	0.761345	0.115344	0.079957	0.729899
NC_050073.1	24031827	26445760	0.669103	0.092371	0.062039	0.631388
NC_050073.1	24820789	26445768	0.258357	0.049678	0.034054	0.247054
NC_050073.1	25010281	26446016	0.242726	0.067425	0.054093	0.231971
NC_050073.1	25232893	26784858	-0.005217	-0.001150	-0.000902	-0.004915
NC_050073.1	25232938	26784861	-0.577971	-0.089298	-0.074048	-0.527057
NC_050073.1	25233163	26797541	-0.520802	-0.075058	-0.063269	-0.475806
NC_050073.1	25415420	26797586	-0.311696	-0.034124	-0.028606	-0.278454
NC_050073.1	25415527	27858341	-0.333335	-0.040088	-0.026874	-0.297766
NC_050073.1	26445713	27858567	-0.334811	-0.042929	-0.026466	-0.299155
NC_050073.1	26445760	27858579	-0.411385	-0.070034	-0.035048	-0.410887
NC_050073.1	26445768	29086477	-0.012278	-0.003097	-0.001488	0.213630
NC_050073.1	26446016	29086479	0.893021	0.106051	0.057662	0.930226
NC_050073.1	26784858	29086515	0.919832	0.116592	0.063739	0.946353
NC_050073.1	26784861	30886451	0.919048	0.113575	0.052437	0.946003
NC_050073.1	26797541	31546752	0.951682	0.203266	0.092277	0.966607
NC_050073.1	26797586	32166014	0.950108	0.141024	0.065989	0.965862
NC_050073.1	27858341	32166031	0.230460	0.057149	0.025106	0.408719
NC_050073.1	27858567	34768160	0.244516	0.034430	0.019840	0.395502
NC_050073.1	27858579	35410671	0.246061	0.035454	0.020846	0.396760
NC_050073.1	29086477	35410692	0.247609	0.035605	0.021680	0.398019
NC_050073.1	29086479	35410708	0.053261	0.006353	0.003937	0.145866
NC_050073.1	29086515	35771732	0.343938	0.059499	0.036803	0.373282
NC_050073.1	30886451	36074699	0.325727	0.053276	0.033313	0.359291
NC_050073.1	31546752	36074742	0.285931	0.044931	0.031382	0.326934
NC_050073.1	32166014	36471344	0.031636	0.003432	0.002351	0.031184
NC_050073.1	32166031	36471430	0.057832	0.007782	0.005477	0.055046
NC_050073.1	34768160	36968868	0.942917	0.064748	0.048428	0.802802
NC_050073.1	35410671	36968869	0.941718	0.159842	0.119665	0.942004
NC_050073.1	35410692	36968874	0.960786	0.161561	0.122413	0.960980
NC_050073.1	35410708	37632587	0.953934	0.092230	0.059682	0.936924
NC_050073.1	35771732	37885259	0.339089	0.047710	0.030041	0.015791
NC_050073.1	36074699	38192733	0.212561	0.023157	0.012447	-0.118601
NC_050073.1	36074742	38493361	-0.312163	-0.062598	-0.031402	-0.432518
NC_050073.1	36471344	39171699	-0.312977	-0.055080	-0.028255	-0.433242
NC_050073.1	36471430	39184839	-0.338361	-0.057969	-0.029070	-0.455736
NC_050073.1	36968868	39732278	0.058331	0.011505	0.005964	-0.084762
NC_050073.1	36968869	41519732	0.061230	0.008816	0.005074	-0.080907
NC_050073.1	36968874	41519746	0.061656	0.008880	0.005111	-0.080485
NC_050073.1	37632587	41519747	0.065953	0.009527	0.005487	-0.076230
NC_050073.1	37885259	41519751	0.076191	0.013941	0.008184	-0.067591
NC_050073.1	38192733	41519752	0.276250	0.042797	0.025553	0.277146
NC_050073.1	38493361	41519754	0.042727	0.005584	0.003695	0.044294
NC_050073.1	39171699	41519755	1.000000	0.069357	0.047991	1.000000
NC_050073.1	39184839	41771944	1.000000	0.071806	0.051285	1.000000
NC_050073.1	39732278	41825720	1.000000	0.146856	0.108055	1.000000
NC_050073.1	41519732	41825887	0.997358	0.106865	0.088421	0.390530
NC_050073.1	41519746	41928635	0.998562	0.383664	0.326037	0.540322
NC_050073.1	41519747	41928865	0.998566	0.365385	0.276366	0.540984
NC_050073.1	41519751	41990480	0.998543	0.239308	0.172582	0.515619
NC_050073.1	41519752	41990503	0.998536	0.215451	0.159633	0.514491
NC_050073.1	41519754	42105900	0.999022	0.292117	0.201867	0.613484
NC_050073.1	41519755	42464842	0.999026	0.236630	0.173902	0.614432
NC_050073.1	41771944	42464850	0.999250	0.287407	0.214877	0.674097
NC_050073.1	41825720	42483916	0.999251	0.285088	0.185164	0.674603
NC_050073.1	41825887	43508214	0.499072	0.131791	0.085634	0.336028
NC_050073.1	41928635	44290590	0.496836	0.131386	0.078460	0.472531
NC_050073.1	41928865	44300114	0.356791	0.081967	0.046526	0.293488
NC_050073.1	41990480	44300115	0.370337	0.083916	0.050127	0.272883
NC_050073.1	41990503	44300476	0.366965	0.096504	0.053506	0.283007
NC_050073.1	42105900	44300503	0.360269	0.103020	0.054953	0.277839
NC_050073.1	42464842	44300510	0.047708	0.010213	0.005584	0.032493
NC_050073.1	42464850	44300528	0.036150	0.010336	0.004897	0.024413
NC_050073.1	42483916	44300589	-0.720248	-0.133303	-0.058684	-0.409002
NC_050073.1	43508214	44300593	0.021564	0.008327	0.004204	0.014219
NC_050073.1	44290590	44300596	0.892840	0.293334	0.133710	0.493042
NC_050073.1	44300114	44971348	0.913046	0.271749	0.180376	0.492964
NC_050073.1	44300115	45345972	0.908281	0.187756	0.120282	0.598235
NC_050073.1	44300476	45346076	0.902975	0.168868	0.109879	0.787229
NC_050073.1	44300503	45517801	0.902065	0.168709	0.134830	0.785550
NC_050073.1	44300510	46306598	0.917070	0.111065	0.088146	0.352893
NC_050073.1	44300528	46572413	0.935874	0.111630	0.082586	0.357832
NC_050073.1	44300589	47059904	0.967509	0.118794	0.082958	0.416980
NC_050073.1	44300593	47416636	0.472426	0.068758	0.048427	0.101862
NC_050073.1	44300596	48462995	-0.482016	-0.074039	-0.041871	-0.318496
NC_050073.1	44971348	48675930	-0.487622	-0.073058	-0.040755	-0.321816
NC_050073.1	45345972	50473961	-0.556720	-0.073745	-0.039309	-0.346693
NC_050073.1	45346076	50474218	-0.555168	-0.081370	-0.043661	-0.322984
NC_050073.1	45517801	50474290	-0.128916	-0.026511	-0.013790	-0.149881
NC_050073.1	46306598	51006762	-0.124981	-0.025789	-0.013415	-0.147964
NC_050073.1	46572413	51007022	-0.118825	-0.029296	-0.014507	-0.202206
NC_050073.1	47059904	51359316	-0.081646	-0.015976	-0.009268	-0.175200
NC_050073.1	47416636	51533324	-0.257667	-0.048024	-0.026506	-0.314012
NC_050073.1	48462995	51533688	-0.061866	-0.010128	-0.005308	-0.046125
NC_050073.1	48675930	51586941	0.932365	0.075179	0.049623	0.554307
NC_050073.1	50473961	52167392	1.000000	0.065344	0.045294	0.591293
NC_050073.1	50474218	52655081	0.981829	0.069936	0.052005	0.729135
NC_050073.1	50474290	52878812	0.712931	0.059486	0.039174	0.712931
NC_050073.1	51006762	52904120	0.036547	0.001031	0.000601	0.036547
NC_050073.1	51007022	52904136	-0.022388	-0.000686	-0.000387	-0.022388
NC_050073.1	51359316	52904138	-0.092500	-0.003080	-0.001665	-0.092500
NC_050073.1	51533324	52904186	-0.523048	-0.019687	-0.008679	-0.523048
NC_050073.1	51533688	52904191	-0.598822	-0.029172	-0.013023	-0.598822
NC_050073.1	51586941	52904218	-0.644157	-0.033870	-0.015496	-0.644157
NC_050073.1	52167392	52904432	-0.841483	-0.041655	-0.018980	-0.841483
NC_050073.1	52655081	52904469	-1.000000	-0.122464	-0.034353	-1.000000
NC_050073.1	52878812	52904473	-1.000000	-0.170416	-0.039035	-1.000000
NC_050073.1	52904120	52930394	-1.000000	-0.118295	-0.032030	-1.000000
NC_050073.1	52904136	52955685	-0.824281	-0.057658	-0.038887	-0.824281
NC_050073.1	52904138	52963935	-0.545810	-0.027743	-0.013481	-0.545810
NC_050073.1	52904186	52980851	-0.544734	-0.027623	-0.013423	-0.544734
NC_050073.1	52904191	52981165	-0.919006	-0.206864	-0.094142	-0.916586
NC_050073.1	52904218	53071989	-0.918940	-0.207021	-0.090152	-0.916518
NC_050073.1	52904432	53287602	-0.916140	-0.201210	-0.088506	-0.913702
NC_050073.1	52904469	53287603	-0.914024	-0.247122	-0.095774	-0.911568
NC_050073.1	52904473	53287607	-0.908642	-0.243408	-0.094496	-0.906181
NC_050073.1	52930394	53287709	-0.775915	-0.157061	-0.074141	-0.773937
NC_050073.1	52955685	53287719	-0.746121	-0.135298	-0.072431	-0.744107
NC_050073.1	52963935	54600461	-0.748194	-0.131400	-0.059963	-0.746172
NC_050073.1	52980851	54708717	-0.746647	-0.139974	-0.067880	-0.744631
NC_050073.1	52981165	54708928	-0.697141	-0.097878	-0.054971	-0.695290
NC_050073.1	53071989	55175444	-0.084125	-0.004467	-0.002694	-0.084125
NC_050073.1	53287602	55274075	-0.055931	-0.002870	-0.001812	-0.055931
NC_050073.1	53287603	55274077	-0.058436	-0.003026	-0.001903	-0.058436
NC_050073.1	53287607	55274084	0.020990	0.001093	0.000706	0.005773
NC_050073.1	53287709	55274095	-0.721241	-0.137110	-0.080123	-0.417118
NC_050073.1	53287719	55274116	-0.745694	-0.151441	-0.079476	-0.428692
NC_050073.1	54600461	55286053	-0.625675	-0.132150	-0.067920	-0.329621
NC_050073.1	54708717	55324029	0.058029	0.017545	0.009449	0.038166
NC_050073.1	54708928	55914428	-0.100668	-0.035921	-0.020742	-0.151409
NC_050073.1	55175444	56029289	-0.076725	-0.030641	-0.017012	-0.128924
NC_050073.1	55274075	56413752	0.001336	0.000350	0.000208	-0.081544
NC_050073.1	55274077	57161565	0.006244	0.001473	0.000849	-0.075306
NC_050073.1	55274084	57161617	0.006204	0.001463	0.000843	-0.075329
NC_050073.1	55274095	57161628	0.223440	0.065817	0.038348	0.080940
NC_050073.1	55274116	58359393	0.691470	0.127244	0.077539	0.356835
NC_050073.1	55286053	58359500	0.688113	0.117382	0.076109	0.352214
NC_050073.1	55324029	59413007	0.675624	0.089708	0.056651	0.363713
NC_050073.1	55914428	59876366	0.663731	0.087937	0.060469	0.347395
NC_050073.1	56029289	59876394	0.387102	0.064541	0.041100	0.317954
NC_050073.1	56413752	60130242	0.017890	0.004183	0.002497	0.016208
NC_050073.1	57161565	60130307	0.009706	0.002644	0.001575	0.008774
NC_050073.1	57161617	60302997	0.006002	0.001538	0.000999	0.005714
NC_050073.1	57161628	60409772	0.006750	0.001585	0.001061	0.006427
NC_050073.1	58359393	63227799	-0.275487	-0.030729	-0.020322	-0.259923
NC_050073.1	58359500	63227808	-0.292461	-0.035199	-0.023607	-0.275848
NC_050073.1	59413007	63227819	-0.309630	-0.040448	-0.026321	-0.291947
NC_050073.1	59876366	63227820	-0.315366	-0.052170	-0.034869	-0.297406
NC_050073.1	59876394	63227823	-0.983154	-0.123023	-0.078730	-0.901659
NC_050073.1	60130242	63227830	-0.969322	-0.065980	-0.046355	-0.832325
NC_050073.1	60130307	63227831	-0.715681	-0.005281	-0.003871	-0.283391
NC_050073.1	60302997	63227849	-0.938695	-0.006572	-0.004725	-0.044582
NC_050073.1	60409772	63227853	-0.948681	-0.008798	-0.006038	-0.050852
NC_050073.1	63227799	63227884	-1.000000	-0.011382	-0.007521	-0.058413
NC_050073.1	63227808	63227910	-1.000000	9.147387	-0.902703	-0.058249
NC_050073.1	63227819	63228090	-1.000000	9.147387	-0.902703	-0.058249
NC_050073.1	63227820	63468489	-0.767565	-0.027143	-0.019128	-0.041620
NC_050073.1	63227823	64209608	-0.953800	-0.082847	-0.043511	-0.335898
NC_050073.1	63227830	64209928	-0.935970	-0.074805	-0.037855	-0.328859
NC_050073.1	63227831	64209958	-0.961468	-0.132666	-0.065387	-0.474415
NC_050073.1	63227849	64328760	-0.891214	-0.112670	-0.058701	-0.433811
NC_050073.1	63227853	64628074	-0.841258	-0.097364	-0.053239	-0.758935
NC_050073.1	63227884	64628086	-0.791437	-0.083928	-0.048028	-0.737138
NC_050073.1	63227910	64628111	-0.742994	-0.072858	-0.043356	-0.715613
NC_050073.1	63228090	64628290	-0.695875	-0.059069	-0.037385	-0.694355
NC_050073.1	63468489	64628301	0.107657	0.015931	0.010354	-0.204735
NC_050073.1	64209608	65195382	0.113241	0.020320	0.012505	-0.210026
NC_050073.1	64209928	65195475	0.457023	0.081565	0.063913	0.133213
NC_050073.1	64209958	65195653	0.456202	0.085324	0.072517	0.130399
NC_050073.1	64328760	65195682	0.999037	0.136978	0.121065	0.358977
NC_050073.1	64628074	65195734	0.999029	0.134794	0.108378	0.384534
NC_050073.1	64628086	65195751	0.999008	0.145699	0.116090	0.379678
NC_050073.1	64628111	65920620	0.998913	0.101820	0.072729	0.356518
NC_050073.1	64628290	65920682	0.981982	0.108034	0.074985	0.343947
NC_050073.1	64628301	66192275	0.989774	0.196662	0.135464	0.482155
NC_050073.1	65195382	66809522	0.979973	0.083372	0.058897	0.244586
NC_050073.1	65195475	68657027	0.981894	0.068402	0.043207	0.264070
NC_050073.1	65195653	68991127	0.046100	0.005688	0.003403	0.018736
NC_050073.1	65195682	68991322	0.351466	0.057257	0.034597	0.176354
NC_050073.1	65195734	69259005	0.197543	0.036091	0.021221	0.057479
NC_050073.1	65195751	69259009	-0.031321	-0.007357	-0.004249	-0.091031
NC_050073.1	65920620	69259010	-0.115143	-0.029858	-0.016932	-0.200884
NC_050073.1	65920682	69594049	-0.114199	-0.036353	-0.019343	-0.206053
NC_050073.1	66192275	69696688	-0.114340	-0.036379	-0.018262	-0.206998
NC_050073.1	66809522	70073609	-0.375526	-0.097253	-0.048704	-0.399878
NC_050073.1	68657027	70073642	-0.376396	-0.115579	-0.053839	-0.485102
NC_050073.1	68991127	70073891	-0.424153	-0.194528	-0.093293	-0.527392
NC_050073.1	68991322	70073958	-0.208748	-0.089673	-0.043149	-0.253249
NC_050073.1	69259005	70362920	-0.208748	-0.107144	-0.046823	-0.253249
NC_050073.1	69259009	70717210	-0.062823	-0.018683	-0.009712	-0.118873
NC_050073.1	69259010	71207089	0.446008	0.080578	0.045811	0.069287
NC_050073.1	69594049	71394729	0.981241	0.112083	0.063255	0.371592
NC_050073.1	69696688	71617536	0.981803	0.120454	0.073269	0.357147
NC_050073.1	70073609	71622343	0.999304	0.112667	0.077747	0.366553
NC_050073.1	70073642	72124251	0.999569	0.109120	0.074752	0.511160
NC_050073.1	70073891	72242650	0.999604	0.117475	0.080713	0.508112
NC_050073.1	70073958	76266272	0.999617	0.080807	0.057235	0.507527
NC_050073.1	70362920	76266280	0.940190	0.078343	0.055397	0.784800
NC_050073.1	70717210	76266281	0.878255	0.042743	0.030700	0.672189
NC_050073.1	71207089	76266528	0.882607	0.047625	0.034958	0.633495
NC_050073.1	71394729	76542264	0.883251	0.047299	0.034868	0.554594
NC_050073.1	71617536	76542515	0.877964	0.045090	0.035322	0.482305
NC_050073.1	71622343	76750711	0.670084	0.037622	0.028320	0.422877
NC_050073.1	72124251	76750945	0.673900	0.038284	0.029044	0.426198
NC_050073.1	72242650	76939586	-0.181111	-0.011034	-0.008439	-0.213552
NC_050073.1	76266272	76939863	-0.672873	-0.057131	-0.042085	-0.556491
NC_050073.1	76266280	78164096	-0.771113	-0.095047	-0.067252	-0.608560
NC_050073.1	76266281	78731755	-0.716504	-0.069520	-0.043979	-0.589441
NC_050073.1	76266528	79355544	-0.797389	-0.099848	-0.060420	-0.691334
NC_050073.1	76542264	79502640	-0.828408	-0.093181	-0.054605	-0.673907
NC_050073.1	76542515	80629345	-0.831035	-0.092270	-0.054329	-0.736837
NC_050073.1	76750711	80629734	-0.904573	-0.185425	-0.098749	-0.860593
NC_050073.1	76750945	80711312	-0.878135	-0.159353	-0.092316	-0.848571
NC_050073.1	76939586	81445563	-0.905933	-0.138358	-0.077163	-0.864900
NC_050073.1	76939863	82991501	-0.877559	-0.112115	-0.062240	-0.829373
NC_050073.1	78164096	83857271	-0.823691	-0.066444	-0.036924	-0.748599
NC_050073.1	78731755	83857546	-0.818643	-0.081284	-0.043212	-0.745356
NC_050073.1	79355544	84138811	-0.838251	-0.089099	-0.050825	-0.757918
NC_050073.1	79502640	84138883	-0.754434	-0.056995	-0.034486	-0.587897
NC_050073.1	80629345	84623361	-0.803268	-0.064471	-0.039090	-0.798015
NC_050073.1	80629734	84791379	-0.798360	-0.065085	-0.039262	-0.793135
NC_050073.1	80711312	84791680	0.994908	0.008204	0.005172	0.055892
NC_050073.1	81445563	85269162	-0.002805	-0.000039	-0.000024	0.001269
NC_050073.1	82991501	85269241	0.177246	0.003715	0.002359	0.018639
NC_050073.1	83857271	85269381	0.814816	0.077340	0.052225	0.265148
NC_050073.1	83857546	85828203	0.814482	0.076340	0.062651	0.252124
NC_050073.1	84138811	85828258	0.814242	0.077015	0.063090	0.240112
NC_050073.1	84138883	85828512	0.816181	0.077870	0.063811	0.242459
NC_050073.1	84623361	85828529	0.818079	0.078871	0.064631	0.244792
NC_050073.1	84791379	86054241	0.831529	0.080156	0.070065	0.261679
NC_050073.1	84791680	86576933	-0.040249	-0.005164	-0.003766	-0.018674
NC_050073.1	85269162	86610430	-0.016038	-0.002092	-0.001530	-0.012988
NC_050073.1	85269241	86610435	0.025601	0.003346	0.002540	0.020542
NC_050073.1	85269381	86610440	0.022053	0.003089	0.002315	0.018938
NC_050073.1	85828203	86610457	-0.583336	-0.053373	-0.039447	-0.454561
NC_050073.1	85828258	86610465	-0.598167	-0.079104	-0.054665	-0.468934
NC_050073.1	85828512	86610742	0.071695	0.016152	0.010502	0.065668
NC_050073.1	85828529	87315975	0.085083	0.019195	0.012523	0.078025
NC_050073.1	86054241	87316175	-0.143799	-0.044614	-0.026982	-0.133634
NC_050073.1	86576933	87514408	-0.178124	-0.057839	-0.029896	-0.106523
NC_050073.1	86610430	87514454	0.302139	0.143761	0.068958	0.153999
NC_050073.1	86610435	87514755	0.288441	0.103887	0.054167	0.145616
NC_050073.1	86610440	87719047	0.356858	0.120367	0.067697	0.189161
NC_050073.1	86610457	87719467	0.352840	0.111999	0.063433	0.185054
NC_050073.1	86610465	87915133	0.339032	0.109993	0.062009	0.177651
NC_050073.1	86610742	87915141	0.369215	0.115489	0.066189	0.196229
NC_050073.1	87315975	87915145	-0.244578	-0.049939	-0.028918	-0.090738
NC_050073.1	87316175	88165794	0.315781	0.114530	0.067109	0.163441
NC_050073.1	87514408	88166110	0.843683	0.213268	0.121612	0.366980
NC_050073.1	87514454	88166118	0.848687	0.223311	0.157828	0.739386
NC_050073.1	87514755	88166135	0.836635	0.204478	0.157775	0.721485
NC_050073.1	87719047	88449963	0.833731	0.265154	0.174075	0.337138
NC_050073.1	87719467	88517788	0.817662	0.238363	0.156369	0.312643
NC_050073.1	87915133	89055214	0.818162	0.130890	0.084595	0.313364
NC_050073.1	87915141	89055270	0.042015	0.011559	0.006576	0.022034
NC_050073.1	87915145	89396640	0.076783	0.015425	0.009059	0.041161
NC_050073.1	88165794	89419527	0.099512	0.019485	0.010594	0.054229
NC_050073.1	88166110	89625401	-0.645010	-0.052290	-0.031218	-0.255019
NC_050073.1	88166118	89861280	-0.653175	-0.051927	-0.030190	-0.261889
NC_050073.1	88166135	89977530	-0.678910	-0.050353	-0.029933	-0.269693
NC_050073.1	88449963	91398063	-0.681491	-0.050223	-0.027917	-0.270467
NC_050073.1	88517788	91786160	-0.644029	-0.039736	-0.022695	-0.629836
NC_050073.1	89055214	91881023	-0.730715	-0.043421	-0.024652	-0.713783
NC_050073.1	89055270	91881383	-0.705455	-0.050400	-0.027169	-0.689341
NC_050073.1	89396640	92403832	0.562646	0.007184	0.004378	0.511493
NC_050073.1	89419527	92793295	-0.748986	-0.045266	-0.027171	-0.731908
NC_050073.1	89625401	93365647	-0.733462	-0.043475	-0.027674	-0.716729
NC_050073.1	89861280	93365694	-0.679960	-0.051715	-0.030895	-0.589984
NC_050073.1	89977530	93365700	-0.669630	-0.051877	-0.033038	-0.245131
NC_050073.1	91398063	93631040	-0.559288	-0.049209	-0.030340	-0.202892
NC_050073.1	91786160	94083691	-0.622792	-0.048979	-0.030851	-0.241806
NC_050073.1	91881023	94634068	-0.790342	-0.094961	-0.059653	-0.399927
NC_050073.1	91881383	96771304	-0.709388	-0.076091	-0.048510	-0.367164
NC_050073.1	92403832	97370473	-0.718704	-0.075786	-0.050415	-0.371010
NC_050073.1	92793295	97527981	-0.821992	-0.134874	-0.087177	-0.489554
NC_050073.1	93365647	97527994	-0.703303	-0.082874	-0.055279	-0.360960
NC_050073.1	93365694	97656786	-0.702311	-0.076539	-0.051966	-0.360553
NC_050073.1	93365700	97769399	-0.765772	-0.097891	-0.064875	-0.432274
NC_050073.1	93631040	99311158	-0.771034	-0.094106	-0.057940	-0.723790
NC_050073.1	94083691	99777643	-0.861230	-0.125680	-0.073951	-0.880273
NC_050073.1	94634068	100575639	-0.780857	-0.132553	-0.079308	-0.752595
NC_050073.1	96771304	100575819	-0.600708	-0.096667	-0.060584	-0.559465
NC_050073.1	97370473	100575887	-0.609652	-0.124671	-0.076335	-0.521548
NC_050073.1	97527981	100575910	-0.536758	-0.116693	-0.069739	-0.443863
NC_050073.1	97527994	101207849	-0.228888	-0.034474	-0.020743	-0.269607
NC_050073.1	97656786	101430792	-0.577878	-0.146689	-0.082195	-0.468178
NC_050073.1	97769399	101430839	-0.391647	-0.137316	-0.071378	-0.359697
NC_050073.1	99311158	101789378	0.079294	0.020741	0.013472	-0.045935
NC_050073.1	99777643	102917168	0.124206	0.027966	0.021442	-0.014297
NC_050073.1	100575639	102924055	0.318315	0.052304	0.042105	0.221519
NC_050073.1	100575819	103337059	-0.039034	-0.008014	-0.006430	-0.030845
NC_050073.1	100575887	103945919	-0.070786	-0.013340	-0.010598	-0.059184
NC_050073.1	100575910	104056729	-0.105219	-0.019104	-0.014854	-0.093757
NC_050073.1	101207849	104123596	-0.141462	-0.023509	-0.018046	-0.135559
NC_050073.1	101430792	104279152	-0.140330	-0.022677	-0.017004	-0.134479
NC_050073.1	101430839	105067033	0.219388	0.025102	0.019164	0.206809
NC_050073.1	101789378	105172087	0.095652	0.009630	0.007214	0.050139
NC_050073.1	102917168	105414955	-0.844475	-0.102448	-0.059263	-0.442659
NC_050073.1	102924055	106829171	-0.917342	-0.126770	-0.070610	-0.490416
NC_050073.1	103337059	106829248	-0.912761	-0.141660	-0.078053	-0.488510
NC_050073.1	103945919	107663742	-0.847334	-0.068498	-0.036823	-0.334868
NC_050073.1	104056729	108898029	-0.850320	-0.063845	-0.033317	-0.335720
NC_050073.1	104123596	108898063	-0.866474	-0.069542	-0.035825	-0.342198
NC_050073.1	104279152	108898083	-0.884917	-0.081977	-0.040817	-0.349325
NC_050073.1	105067033	108898263	-0.944970	-0.186718	-0.084774	-0.511959
NC_050073.1	105172087	110543920	-0.896625	-0.154328	-0.078059	-0.491364
NC_050073.1	105414955	110721454	-0.830504	-0.138126	-0.073421	-0.763863
NC_050073.1	106829171	111281539	-0.830504	-0.147041	-0.090527	-0.763863
NC_050073.1	106829248	111281552	-0.890401	-0.245866	-0.139491	-0.839446
NC_050073.1	107663742	111719156	-0.889707	-0.227690	-0.133424	-0.838808
NC_050073.1	108898029	112173113	-0.886286	-0.267656	-0.168221	-0.838335
NC_050073.1	108898063	112182950	-0.593121	-0.240001	-0.169133	-0.490880
NC_050073.1	108898083	112183195	-0.592334	-0.210343	-0.152453	-0.341525
NC_050073.1	108898263	112303674	-0.254621	-0.104446	-0.072903	-0.145980
NC_050073.1	110543920	112303941	-0.259021	-0.098283	-0.066607	-0.149455
NC_050073.1	110721454	112454482	-0.281232	-0.136704	-0.084450	-0.163629
NC_050073.1	111281539	112454496	-0.304824	-0.160700	-0.095535	-0.183409
NC_050073.1	111281552	112454506	-0.115934	-0.052626	-0.034653	-0.039906
NC_050073.1	111719156	112454509	0.213900	0.070714	0.050679	0.164789
NC_050073.1	112173113	112454513	0.204215	0.089820	0.058686	0.157409
NC_050073.1	112182950	112454537	0.198491	0.105551	0.064314	0.154279
NC_050073.1	112183195	112454541	-0.036774	-0.023567	-0.011830	-0.019485
NC_050073.1	112303674	112454542	-0.040989	-0.043404	-0.016870	-0.039966
NC_050073.1	112303941	112454563	-1.000000	-1.131959	-0.356418	-0.953588
NC_050073.1	112454482	112454586	-1.000000	5.046565	-0.107236	-0.689720
NC_050073.1	112454496	112454587	-1.000000	5.046565	-0.107236	-0.689720
NC_050073.1	112454506	112454603	-1.000000	5.046565	-0.107236	-0.689720
NC_050073.1	112454509	112454792	-1.000000	3.364376	-0.056665	-0.689720
NC_050073.1	112454513	112454815	-1.000000	-0.589627	-0.051134	-0.690789
NC_050073.1	112454537	112454882	-0.829378	-0.126252	-0.023235	-0.829378
NC_050073.1	112454541	112456262	-0.981827	-1.403251	-0.209103	-0.981827
NC_050073.1	112454542	112549330	-0.944597	-0.290842	-0.112393	-0.944597
NC_050073.1	112454563	112549370	-0.908437	-0.222165	-0.098793	-0.908437
NC_050073.1	112454586	113791250	-0.883253	-0.115200	-0.064374	-0.883253
NC_050073.1	112454587	114242962	-0.076600	-0.015736	-0.009760	-0.076600
NC_050073.1	112454603	115449219	-0.056171	-0.008383	-0.005528	-0.056171
NC_050073.1	112454792	116300256	0.303142	0.062905	0.038652	0.303142
NC_050073.1	112454815	116300274	0.310076	0.062232	0.040443	0.310076
NC_050073.1	112454882	116300339	0.488777	0.123438	0.081867	0.488777
NC_050073.1	112456262	116300520	0.488390	0.124020	0.087030	0.488390
NC_050073.1	112549330	116300525	1.000000	0.184113	0.136384	1.000000
NC_050073.1	112549370	116567363	1.000000	0.212903	0.160267	0.888990
NC_050073.1	113791250	116567612	0.986728	0.213753	0.159860	0.867329
NC_050073.1	114242962	116882822	0.986925	0.225287	0.177808	0.869063
NC_050073.1	115449219	117044027	0.980882	0.147993	0.113471	0.488339
NC_050073.1	116300256	117299870	0.980711	0.173387	0.125093	0.486069
NC_050073.1	116300274	118466332	0.964667	0.080559	0.049254	0.336816
NC_050073.1	116300339	118466341	0.069054	0.010889	0.006291	0.034175
NC_050073.1	116300520	118466342	-0.715781	-0.061838	-0.035579	-0.248448
NC_050073.1	116300525	118658434	-0.706353	-0.059007	-0.033055	-0.246059
NC_050073.1	116567363	118658453	-0.696819	-0.056303	-0.032078	-0.243625
NC_050073.1	116567612	118844844	-0.748131	-0.054700	-0.032541	-0.288526
NC_050073.1	116882822	119569649	-0.745905	-0.053344	-0.031918	-0.289818
NC_050073.1	117044027	120410613	-0.256058	-0.031502	-0.016334	-0.120093
NC_050073.1	117299870	120410834	-0.244343	-0.035299	-0.017042	-0.244302
NC_050073.1	118466332	120984350	-0.247104	-0.036760	-0.018553	-0.247063
NC_050073.1	118466341	120984408	-0.233693	-0.042941	-0.029215	-0.233655
NC_050073.1	118466342	121020119	0.969162	0.068800	0.050900	0.969162
NC_050073.1	118658434	121020173	0.966662	0.076199	0.052132	0.239720
NC_050073.1	118658453	121184230	0.966662	0.076199	0.057450	0.239720
NC_050073.1	118844844	121702743	0.984830	0.151879	0.086506	0.413820
NC_050073.1	119569649	121779787	0.985543	0.158993	0.087447	0.425719
NC_050073.1	120410613	121840953	0.169061	0.038898	0.021146	0.095286
NC_050073.1	120410834	121902106	-0.033996	-0.005496	-0.003372	-0.017314
NC_050073.1	120984350	121902110	-0.027151	-0.004160	-0.002712	-0.013873
NC_050073.1	120984408	121902413	-0.015295	-0.002222	-0.001349	-0.007859
NC_050073.1	121020119	121902468	-0.017322	-0.002508	-0.001523	-0.008893
NC_050073.1	121020173	122734002	0.325246	0.055311	0.032760	0.199693
NC_050073.1	121184230	122734090	0.290250	0.050864	0.029521	0.290250
NC_050073.1	121702743	124389044	0.289726	0.041800	0.023410	0.289726
NC_050073.1	121779787	124389221	0.051644	0.005676	0.003556	0.051644
NC_050073.1	121840953	124389228	0.017031	0.001900	0.001189	0.017031
NC_050073.1	121902106	124389264	0.421984	0.038792	0.023974	0.416997
NC_050073.1	121902110	124389281	0.441731	0.047290	0.027896	0.436687
NC_050073.1	121902413	125843791	0.436793	0.039528	0.023982	0.431762
NC_050073.1	121902468	125844113	0.432227	0.040598	0.025055	0.427209
NC_050073.1	122734002	125844164	0.427587	0.036963	0.022685	0.422582
NC_050073.1	122734090	127080676	-0.579965	-0.026308	-0.015627	-0.564649
NC_050073.1	124389044	127624097	-0.253292	-0.011227	-0.007206	-0.247066
NC_050073.1	124389221	127755391	-0.216227	-0.010752	-0.007823	-0.142597
NC_050073.1	124389228	127856778	-0.175857	-0.008346	-0.006163	-0.116223
NC_050073.1	124389264	127856785	-0.172132	-0.008413	-0.006169	-0.113883
NC_050073.1	124389281	127856836	0.568560	0.014776	0.010881	0.303159
NC_050073.1	125843791	127856885	0.484558	0.010068	0.007503	0.194967
NC_050073.1	125844113	128051192	0.811597	0.055195	0.040252	0.519787
NC_050073.1	125844164	128051200	0.884640	0.101701	0.077399	0.652837
NC_050073.1	127080676	128647996	0.884971	0.098310	0.079614	0.653575
NC_050073.1	127624097	128648230	0.999970	0.104721	0.095904	0.729276
NC_050073.1	127755391	128648272	0.999973	0.128037	0.116478	0.752222
NC_050073.1	127856778	129048883	0.999983	0.231848	0.191796	0.932339
NC_050073.1	127856785	129049129	0.999984	0.311597	0.226716	0.935614
NC_050073.1	127856836	129049161	0.482309	0.191617	0.131382	0.458792
NC_050073.1	127856885	129213713	0.485202	0.184938	0.133799	0.461671
NC_050073.1	128051192	129213861	0.196190	0.101868	0.066312	0.194689
NC_050073.1	128051200	129399916	0.170611	0.087682	0.056473	0.169935
NC_050073.1	128647996	129504082	0.052874	0.022951	0.013642	0.052874
NC_050073.1	128648230	129504124	0.030024	0.017217	0.009063	0.030024
NC_050074.1	458443	3245022	-0.771159	-0.055736	-0.045451	-0.383874
NC_050074.1	458777	5198838	-0.774044	-0.076170	-0.057982	-0.384995
NC_050074.1	697217	5198870	-0.235352	-0.032529	-0.024892	-0.138144
NC_050074.1	697219	5917827	0.039839	0.006298	0.004812	0.025754
NC_050074.1	757775	5931816	0.046704	0.007096	0.005328	0.030213
NC_050074.1	1322833	6275025	0.374407	0.043558	0.032563	0.219151
NC_050074.1	2530148	7214650	0.342191	0.039114	0.027318	0.201281
NC_050074.1	3244711	7281519	0.981143	0.103253	0.072548	0.481215
NC_050074.1	3244959	7429467	0.981328	0.114019	0.077980	0.776979
NC_050074.1	3245022	7429772	0.357325	0.064048	0.041416	0.303424
NC_050074.1	5198838	9010841	0.356786	0.055450	0.036737	0.339827
NC_050074.1	5198870	9011072	0.356577	0.065540	0.044413	0.340636
NC_050074.1	5917827	9011079	0.047558	0.006098	0.004089	0.050055
NC_050074.1	5931816	9011081	-0.890341	-0.113250	-0.070357	-0.837299
NC_050074.1	6275025	9142649	-0.947681	-0.198885	-0.117041	-0.899144
NC_050074.1	7214650	9142700	-0.946508	-0.231983	-0.142945	-0.900615
NC_050074.1	7281519	9195990	-0.954323	-0.263395	-0.180321	-0.906822
NC_050074.1	7429467	9266689	-0.933658	-0.202946	-0.119371	-0.890620
NC_050074.1	7429772	9295615	-0.952602	-0.246372	-0.117313	-0.953481
NC_050074.1	9010841	9494351	-0.807125	-0.123158	-0.064833	-0.841729
NC_050074.1	9011072	9599767	-0.803232	-0.157755	-0.076083	-0.838667
NC_050074.1	9011079	9600086	-0.794015	-0.139329	-0.071298	-0.835614
NC_050074.1	9011081	10238905	-0.801485	-0.125141	-0.065508	-0.807566
NC_050074.1	9142649	10339722	-0.536818	-0.061229	-0.031289	-0.499261
NC_050074.1	9142700	10339738	0.737650	0.024498	0.013160	0.575294
NC_050074.1	9195990	10744220	0.729943	0.025607	0.013221	0.565627
NC_050074.1	9266689	11541778	0.792107	0.024067	0.012665	0.364680
NC_050074.1	9295615	12290430	0.705626	0.028675	0.015241	0.328516
NC_050074.1	9494351	12290437	0.763255	0.031894	0.019875	0.362044
NC_050074.1	9599767	12608337	0.710728	0.020695	0.013661	0.301916
NC_050074.1	9600086	12758158	0.705900	0.022179	0.014173	0.297014
NC_050074.1	10238905	12758159	0.693533	0.024608	0.014782	0.284873
NC_050074.1	10339722	12758162	0.805442	0.034755	0.020177	0.378020
NC_050074.1	10339738	12758163	0.627394	0.016557	0.010969	0.198203
NC_050074.1	10744220	12758164	0.752353	0.019188	0.012732	0.232364
NC_050074.1	11541778	12758166	0.750918	0.019447	0.012813	0.230995
NC_050074.1	12290430	13540822	-0.775811	-0.178794	-0.105747	-0.758053
NC_050074.1	12290437	13540878	-0.909471	-0.389016	-0.252367	-0.901764
NC_050074.1	12608337	14052359	-0.922236	-0.288793	-0.177894	-0.914369
NC_050074.1	12758158	14329987	-0.953185	-0.853004	-0.302439	-0.463687
NC_050074.1	12758159	14330270	-0.962486	-0.867780	-0.263485	-0.309338
NC_050074.1	12758162	14630540	-0.963377	-0.874036	-0.264814	-0.310771
NC_050074.1	12758163	14666740	-0.787818	-0.464389	-0.196687	-0.258332
NC_050074.1	12758164	15005782	-0.788656	-0.387547	-0.174317	-0.258525
NC_050074.1	12758166	15005790	-0.782160	-0.313481	-0.157209	-0.250003
NC_050074.1	13540822	15316986	-0.785469	-0.302152	-0.142432	-0.251709
NC_050074.1	13540878	15316989	-0.616002	-0.143607	-0.074681	-0.128769
NC_050074.1	14052359	15316999	0.020582	0.001853	0.000925	0.001865
NC_050074.1	14329987	15660455	0.007382	0.000471	0.000310	0.000661
NC_050074.1	14330270	15675591	-0.015100	-0.000901	-0.000612	-0.002325
NC_050074.1	14630540	16246590	0.009892	0.000420	0.000246	0.004892
NC_050074.1	14666740	16254869	0.056890	0.002204	0.001144	0.028112
NC_050074.1	15005782	16820695	-0.357847	-0.009860	-0.004601	-0.228487
NC_050074.1	15005790	16820932	-0.382390	-0.010647	-0.005092	-0.246730
NC_050074.1	15316986	17108364	-0.310258	-0.007517	-0.003957	-0.310258
NC_050074.1	15316989	17252267	-0.180129	-0.004251	-0.002225	-0.180129
NC_050074.1	15316999	17252293	-0.089463	-0.002135	-0.001154	-0.089463
NC_050074.1	15660455	17968563	0.947539	0.039347	0.023054	0.947539
NC_050074.1	15675591	18455978	0.948057	0.042414	0.024183	0.948057
NC_050074.1	16246590	19131765	0.975846	0.044419	0.024775	0.975846
NC_050074.1	16254869	19715358	0.975588	0.049601	0.028645	0.975588
NC_050074.1	16820695	19715371	0.974269	0.052120	0.033195	0.279508
NC_050074.1	16820932	19715388	0.971217	0.052365	0.035720	0.153021
NC_050074.1	17108364	19715580	0.997784	0.053652	0.036636	0.157084
NC_050074.1	17252267	20413481	0.998067	0.059374	0.037235	0.176058
NC_050074.1	17252293	20413505	0.998287	0.065731	0.045658	0.194333
NC_050074.1	17968563	21054441	0.974126	0.060478	0.041991	0.186806
NC_050074.1	18455978	21054482	0.949238	0.033985	0.022709	0.102414
NC_050074.1	19131765	21054678	0.957670	0.045518	0.028795	0.116564
NC_050074.1	19715358	21170052	0.955320	0.043057	0.028020	0.110872
NC_050074.1	19715371	21170324	0.918387	0.046046	0.033103	0.108199
NC_050074.1	19715388	21239276	-0.282903	-0.037578	-0.024070	-0.115052
NC_050074.1	19715580	21409005	-0.273628	-0.025225	-0.018205	-0.240975
NC_050074.1	20413481	21679676	-0.259560	-0.019778	-0.013423	-0.208062
NC_050074.1	20413505	21900300	0.212343	0.030037	0.020179	0.186276
NC_050074.1	21054441	22488605	0.169737	0.022274	0.015073	0.148192
NC_050074.1	21054482	22618488	0.179234	0.024327	0.016457	0.156400
NC_050074.1	21054678	22618502	0.127863	0.017598	0.011641	0.111256
NC_050074.1	21170052	22618773	0.086224	0.011094	0.007500	0.081178
NC_050074.1	21170324	22618793	0.084348	0.010830	0.007481	0.079437
NC_050074.1	21239276	22618829	0.094310	0.011375	0.008011	0.088633
NC_050074.1	21409005	22820567	0.982346	0.063100	0.048867	0.857571
NC_050074.1	21679676	22820772	0.965336	0.085901	0.061161	0.842283
NC_050074.1	21900300	23422523	0.968107	0.125546	0.093947	0.968107
NC_050074.1	22488605	23422566	0.882562	0.031078	0.025291	0.882562
NC_050074.1	22618488	23677103	0.887370	0.036495	0.027862	0.887370
NC_050074.1	22618502	23677380	0.882466	0.040213	0.029659	0.129837
NC_050074.1	22618773	23677393	0.941398	0.038390	0.032130	0.138281
NC_050074.1	22618793	23677430	0.941285	0.040296	0.033513	0.138038
NC_050074.1	22618829	23677437	0.944267	0.042696	0.035494	0.144747
NC_050074.1	22820567	23729537	0.943689	0.045678	0.037457	0.143399
NC_050074.1	22820772	24229617	0.943734	0.045148	0.033311	0.143505
NC_050074.1	23422523	24229644	0.998409	0.042446	0.029627	0.153337
NC_050074.1	23422566	24229984	0.997700	0.026972	0.021091	0.111251
NC_050074.1	23677103	24581683	0.987986	0.015075	0.011431	0.030153
NC_050074.1	23677380	24581698	0.692024	0.010917	0.008384	0.019188
NC_050074.1	23677393	24581703	0.477984	0.008620	0.006620	0.029383
NC_050074.1	23677430	24581748	0.261579	0.004924	0.003785	0.016916
NC_050074.1	23677437	24581793	0.250296	0.005053	0.003806	0.015958
NC_050074.1	23729537	24581990	0.042882	0.000813	0.000583	0.001137
NC_050074.1	24229617	24582017	-0.158088	-0.003556	-0.002308	-0.004580
NC_050074.1	24229644	24582034	-0.410132	-0.011777	-0.008228	-0.012149
NC_050074.1	24229984	24855696	0.192261	0.007545	0.006022	0.009728
NC_050074.1	24581683	24855710	0.434035	0.029345	0.022595	0.030679
NC_050074.1	24581698	24855763	0.387197	0.026918	0.020834	0.052945
NC_050074.1	24581703	24855766	0.415270	0.028297	0.021925	0.055808
NC_050074.1	24581748	26009087	-0.438389	-0.041924	-0.027804	-0.123284
NC_050074.1	24581793	26644786	-0.441473	-0.037588	-0.024532	-0.121890
NC_050074.1	24581990	26683653	-0.377433	-0.024047	-0.017418	-0.107671
NC_050074.1	24582017	27826634	-0.304802	-0.018728	-0.012879	-0.284198
NC_050074.1	24582034	28338663	-0.090898	-0.006017	-0.004147	-0.085551
NC_050074.1	24855696	28338683	-0.084207	-0.005537	-0.003746	-0.079219
NC_050074.1	24855710	29071971	-0.383214	-0.030815	-0.020047	-0.356676
NC_050074.1	24855763	29072045	-0.763894	-0.121261	-0.066444	-0.733963
NC_050074.1	24855766	29072088	-0.750537	-0.110465	-0.060108	-0.721177
NC_050074.1	26009087	29072102	-0.737225	-0.101115	-0.056848	-0.708433
NC_050074.1	26644786	29190213	-0.649484	-0.088159	-0.050074	-0.616887
NC_050074.1	26683653	31328041	-0.646973	-0.065840	-0.034491	-0.638204
NC_050074.1	27826634	31613700	-0.676781	-0.062655	-0.031850	-0.667444
NC_050074.1	28338663	31732266	-0.704661	-0.056318	-0.031829	-0.694780
NC_050074.1	28338683	31732349	-0.073914	-0.009368	-0.005467	-0.073257
NC_050074.1	29071971	31732370	-0.064064	-0.007722	-0.004519	-0.063496
NC_050074.1	29072045	31732589	0.046883	0.005167	0.003095	0.046883
NC_050074.1	29072088	31732592	0.983184	0.055374	0.037270	0.983184
NC_050074.1	29072102	32524157	0.983028	0.054890	0.036937	0.983028
NC_050074.1	29190213	32551150	0.985189	0.060074	0.039755	0.985189
NC_050074.1	31328041	33874029	0.985223	0.058543	0.037235	0.985223
NC_050074.1	31613700	33874065	1.000000	0.076105	0.054575	1.000000
NC_050074.1	31732266	33898562	0.999983	0.099858	0.073317	0.886708
NC_050074.1	31732349	33919298	0.999990	0.176219	0.127502	0.929006
NC_050074.1	31732370	34133537	0.068105	0.011975	0.008158	0.063242
NC_050074.1	31732589	34367188	0.101077	0.016903	0.012493	0.094097
NC_050074.1	31732592	34874765	0.090898	0.012657	0.009451	0.084611
NC_050074.1	32524157	35106113	0.372110	0.069879	0.053102	0.353946
NC_050074.1	32551150	35762664	0.373615	0.060411	0.048943	0.317893
NC_050074.1	33874029	36495289	0.008938	0.001995	0.001574	0.007840
NC_050074.1	33874065	36495531	0.013174	0.002819	0.002412	0.011562
NC_050074.1	33898562	36495538	-0.185874	-0.051621	-0.041840	-0.167044
NC_050074.1	33919298	36895268	-0.323849	-0.100409	-0.075872	-0.303593
NC_050074.1	34133537	36895269	-0.296502	-0.102875	-0.075955	-0.278316
NC_050074.1	34367188	37104641	-0.123503	-0.034981	-0.027328	-0.114817
NC_050074.1	34874765	37104847	-0.141067	-0.042688	-0.031327	-0.131002
NC_050074.1	35106113	37104910	-0.136500	-0.048705	-0.035331	-0.126768
NC_050074.1	35762664	37836179	-0.393371	-0.115447	-0.083553	-0.317032
NC_050074.1	36495289	37836217	-0.377626	-0.143001	-0.096289	-0.293129
NC_050074.1	36495531	37836459	-0.260516	-0.080847	-0.057839	-0.242049
NC_050074.1	36495538	38803259	-0.271956	-0.064750	-0.045999	-0.249989
NC_050074.1	36895268	39439915	-0.005680	-0.000925	-0.000615	-0.077104
NC_050074.1	36895269	39439922	0.614519	0.069690	0.049424	0.227065
NC_050074.1	37104641	39440008	0.125463	0.006010	0.004144	-0.093029
NC_050074.1	37104847	39925526	-0.101801	-0.004137	-0.002781	-0.171935
NC_050074.1	37104910	39925772	-0.103717	-0.004094	-0.002797	-0.172500
NC_050074.1	37836179	39925856	-0.111445	-0.004192	-0.002901	-0.174766
NC_050074.1	37836217	39925860	-0.195738	-0.007307	-0.004953	-0.282061
NC_050074.1	37836459	39934727	-0.172738	-0.006428	-0.004440	-0.466427
NC_050074.1	38803259	39935029	0.696671	0.012389	0.008718	0.632773
NC_050074.1	39439915	40237768	0.770883	0.019122	0.012008	0.701316
NC_050074.1	39439922	40237778	0.849027	0.021397	0.016204	0.773380
NC_050074.1	39440008	40237792	0.818835	0.017197	0.013023	0.732821
NC_050074.1	39925526	40259116	0.752022	0.013740	0.010698	0.060583
NC_050074.1	39925772	40259384	0.751467	0.013821	0.010333	0.060414
NC_050074.1	39925856	40259403	0.771451	0.015615	0.012493	0.062355
NC_050074.1	39925860	40259504	0.788429	0.018744	0.014742	0.064020
NC_050074.1	39934727	40728919	0.400236	0.013124	0.009623	0.038672
NC_050074.1	39935029	40729011	0.201816	0.005284	0.003811	0.015013
NC_050074.1	40237768	40729169	0.390730	0.009836	0.007061	0.027576
NC_050074.1	40237778	40729170	0.370607	0.009673	0.008370	0.025377
NC_050074.1	40237792	40729197	0.349109	0.009473	0.008116	0.023168
NC_050074.1	40259116	42789301	0.448750	0.010358	0.008592	0.034746
NC_050074.1	40259384	42789338	0.451620	0.010414	0.008658	0.167166
NC_050074.1	40259403	42789344	0.535571	0.014516	0.012330	0.219395
NC_050074.1	40259504	43696812	0.913640	0.099925	0.075950	0.805648
NC_050074.1	40728919	43697127	0.492134	0.066929	0.046704	0.492134
NC_050074.1	40729011	43807014	0.535305	0.070497	0.050481	0.535305
NC_050074.1	40729169	44197520	0.538713	0.068153	0.049454	0.538713
NC_050074.1	40729170	44454911	0.560930	0.069476	0.045935	0.560930
NC_050074.1	40729197	44525656	0.176107	0.030060	0.018090	-0.055576
NC_050074.1	42789301	44569483	0.357273	0.065012	0.038281	0.139251
NC_050074.1	42789338	44628126	-0.030742	-0.009911	-0.005127	-0.149830
NC_050074.1	42789344	44810468	-0.002738	-0.000679	-0.000384	-0.122337
NC_050074.1	43696812	45148465	-0.132662	-0.033221	-0.018318	-0.301166
NC_050074.1	43697127	45252060	-0.491270	-0.111228	-0.060990	-0.613856
NC_050074.1	43807014	45252332	-0.426438	-0.086587	-0.050140	-0.576309
NC_050074.1	44197520	45252346	-0.419718	-0.079493	-0.047404	-0.571345
NC_050074.1	44454911	45504687	-0.428152	-0.080886	-0.048168	-0.578230
NC_050074.1	44525656	45516671	-0.417934	-0.081474	-0.051744	-0.569886
NC_050074.1	44569483	45516698	-0.311453	-0.050621	-0.034471	-0.429791
NC_050074.1	44628126	45516839	-0.643246	-0.096465	-0.067525	-0.716871
NC_050074.1	44810468	46527332	-0.231891	-0.013020	-0.009888	-0.502525
NC_050074.1	45148465	46535879	-0.338512	-0.019341	-0.015133	-0.584257
NC_050074.1	45252060	46691938	0.666583	0.017045	0.014211	0.666583
NC_050074.1	45252332	46692214	0.899545	0.076765	0.063942	0.899545
NC_050074.1	45252346	46714230	0.075625	0.011879	0.009276	0.075625
NC_050074.1	45504687	46714306	-0.256379	-0.062088	-0.045137	-0.256379
NC_050074.1	45516671	48442426	-0.236538	-0.055087	-0.039727	-0.236538
NC_050074.1	45516698	48442459	-0.254645	-0.058641	-0.042794	-0.254645
NC_050074.1	45516839	48772904	-0.233980	-0.049535	-0.035903	-0.233980
NC_050074.1	46527332	49367286	-0.269440	-0.052209	-0.039699	-0.269440
NC_050074.1	46535879	49367440	-0.382513	-0.110984	-0.079790	-0.382513
NC_050074.1	46691938	49367528	-0.387906	-0.123683	-0.086412	-0.387906
NC_050074.1	46692214	49501034	-0.385999	-0.154465	-0.110860	-0.385999
NC_050074.1	46714230	50760486	-0.842514	-0.199897	-0.130894	-0.842514
NC_050074.1	46714306	50760778	-0.745324	-0.107464	-0.071864	-0.745324
NC_050074.1	48442426	50775197	-0.641845	-0.065876	-0.045233	-0.741392
NC_050074.1	48442459	52010031	-0.663257	-0.061331	-0.042738	-0.693895
NC_050074.1	48772904	52442235	-0.639635	-0.056648	-0.038219	-0.677968
NC_050074.1	49367286	52873639	-0.603936	-0.051866	-0.034833	-0.653602
NC_050074.1	49367440	53458869	-0.606277	-0.048321	-0.028414	-0.655211
NC_050074.1	49367528	53941745	-0.289887	-0.012698	-0.007164	-0.503564
NC_050074.1	49501034	54132744	-0.590087	-0.042339	-0.023544	-0.720069
NC_050074.1	50760486	54474782	-0.642109	-0.036956	-0.021033	-0.748871
NC_050074.1	50760778	54634145	-0.581404	-0.039207	-0.022821	-0.715173
NC_050074.1	50775197	54733079	-0.593719	-0.040325	-0.024067	-0.403723
NC_050074.1	52010031	54763705	-0.306077	-0.012442	-0.007049	-0.222177
NC_050074.1	52442235	54763861	-0.349892	-0.015622	-0.008552	-0.243270
NC_050074.1	52873639	54763880	-0.500075	-0.022657	-0.012173	-0.175887
NC_050074.1	53458869	54763903	-0.602870	-0.029684	-0.015494	-0.137350
NC_050074.1	53941745	55615219	-0.574686	-0.029062	-0.016998	-0.135350
NC_050074.1	54132744	56383540	-0.509421	-0.024749	-0.015515	-0.130463
NC_050074.1	54474782	56383545	0.932273	0.012480	0.007761	0.021576
NC_050074.1	54634145	56383822	0.941120	0.020196	0.012398	0.024966
NC_050074.1	54733079	56642575	0.936223	0.013158	0.009098	0.022976
NC_050074.1	54763705	56642604	0.955089	0.016054	0.011192	0.038142
NC_050074.1	54763861	56899649	0.954407	0.015342	0.012499	0.037567
NC_050074.1	54763880	56899695	0.965102	0.019884	0.016257	0.047737
NC_050074.1	54763903	57628577	0.981006	0.019046	0.015526	0.068519
NC_050074.1	55615219	57961499	0.039663	0.001475	0.001008	0.008225
NC_050074.1	56383540	57961521	-0.655320	-0.079368	-0.052067	-0.275261
NC_050074.1	56383545	57961524	-0.669594	-0.088349	-0.062031	-0.279857
NC_050074.1	56383822	57961563	-0.800910	-0.175665	-0.115910	-0.754013
NC_050074.1	56642575	58293261	-0.831594	-0.174676	-0.105759	-0.782119
NC_050074.1	56642604	58293555	-0.903777	-0.426529	-0.195062	-0.864690
NC_050074.1	56899649	58376289	-0.922734	-0.355930	-0.160028	-0.882448
NC_050074.1	56899695	58941639	-0.890167	-0.275595	-0.129946	-0.851933
NC_050074.1	57628577	58941681	-0.903513	-0.277424	-0.130893	-0.903513
NC_050074.1	57961499	58941946	-0.915531	-0.305033	-0.146322	-0.915531
NC_050074.1	57961521	58941962	-0.894323	-0.266525	-0.152439	-0.708903
NC_050074.1	57961524	58943917	-0.851194	-0.192366	-0.114018	-0.627147
NC_050074.1	57961563	59823796	-0.907056	-0.191909	-0.113942	-0.719240
NC_050074.1	58293261	59823818	-0.865816	-0.134067	-0.082631	-0.638551
NC_050074.1	58293555	59999550	-0.898266	-0.179240	-0.106040	-0.707101
NC_050074.1	58376289	60544571	-0.842095	-0.112350	-0.069686	-0.612025
NC_050074.1	58941639	60544572	-0.839954	-0.126081	-0.080728	-0.610663
NC_050074.1	58941681	60848451	-0.892337	-0.127183	-0.084979	-0.640194
NC_050074.1	58941946	60848459	-0.934854	-0.138451	-0.090629	-0.666465
NC_050074.1	58941962	62402549	-0.919773	-0.088458	-0.055934	-0.614851
NC_050074.1	58943917	62402579	-0.843787	-0.082797	-0.052744	-0.777561
NC_050074.1	59823796	62402580	-0.754781	-0.075895	-0.048786	-0.656492
NC_050074.1	59823818	62584645	-0.457106	-0.033373	-0.022313	-0.321768
NC_050074.1	59999550	62584995	0.074110	0.008175	0.005434	0.058480
NC_050074.1	60544571	63925788	0.929393	0.052305	0.038511	0.629847
NC_050074.1	60544572	64519989	-0.015675	-0.001464	-0.001071	-0.012564
NC_050074.1	60848451	64651972	-0.017128	-0.001574	-0.001095	-0.013725
NC_050074.1	60848459	65249431	0.008274	0.000888	0.000607	0.005828
NC_050074.1	62402549	65249497	0.022673	0.002367	0.001641	0.014192
NC_050074.1	62402579	65826752	0.027356	0.003883	0.002735	0.017094
NC_050074.1	62402580	65827068	-0.021717	-0.002917	-0.001799	-0.013954
NC_050074.1	62584645	65853634	0.295784	0.053682	0.034008	0.222025
NC_050074.1	62584995	65881039	0.282607	0.052318	0.032343	0.222100
NC_050074.1	63925788	65881299	0.050302	0.006511	0.004087	0.036969
NC_050074.1	64519989	67792086	-0.148307	-0.022467	-0.014191	-0.225602
NC_050074.1	64651972	68821445	0.387891	0.039829	0.024979	0.049357
NC_050074.1	65249431	68821451	0.400825	0.042116	0.028323	0.052371
NC_050074.1	65249497	68821458	0.388740	0.042176	0.027876	0.048731
NC_050074.1	65826752	68821676	0.374116	0.040395	0.026541	0.026294
NC_050074.1	65827068	68821711	0.385442	0.039833	0.027778	0.030506
NC_050074.1	65853634	68821732	0.484461	0.062525	0.050067	0.117872
NC_050074.1	65881039	69145813	-0.178441	-0.011869	-0.008985	-0.152862
NC_050074.1	65881299	71242420	-0.451777	-0.043505	-0.030728	-0.325625
NC_050074.1	67792086	71905556	-0.426199	-0.037452	-0.024945	-0.307461
NC_050074.1	68821445	72221493	-0.145329	-0.011318	-0.006484	-0.130338
NC_050074.1	68821451	72747525	-0.141954	-0.011373	-0.005717	-0.129478
NC_050074.1	68821458	72747614	-0.179016	-0.013856	-0.006973	-0.158775
NC_050074.1	68821676	72749669	-0.168232	-0.012139	-0.006142	-0.155698
NC_050074.1	68821711	72749721	-0.154874	-0.010935	-0.005618	-0.296767
NC_050074.1	68821732	72749868	0.157174	0.014790	0.007701	-0.070571
NC_050074.1	69145813	72749967	0.424911	0.056174	0.028925	0.142670
NC_050074.1	71242420	72805384	0.492887	0.059051	0.032431	0.185135
NC_050074.1	71905556	73730281	0.966989	0.084253	0.049371	0.838890
NC_050074.1	72221493	73960818	0.966986	0.094783	0.056610	0.761877
NC_050074.1	72747525	77738421	0.986427	0.070106	0.040468	0.776371
NC_050074.1	72747614	78292847	0.986872	0.079623	0.049919	0.782184
NC_050074.1	72749669	78311710	0.987471	0.082457	0.051934	0.790140
NC_050074.1	72749721	78311937	0.987467	0.083266	0.053850	0.790077
NC_050074.1	72749868	78698798	0.987614	0.084338	0.052605	0.792058
NC_050074.1	72749967	78699065	0.984035	0.065465	0.040769	0.746480
NC_050074.1	72805384	78699080	0.920332	0.014136	0.008880	0.093790
NC_050074.1	73730281	79362277	0.920291	0.015859	0.009528	0.093743
NC_050074.1	73960818	80226518	0.988239	0.013473	0.008094	0.096719
NC_050074.1	77738421	80882413	0.987203	0.010517	0.005981	0.101995
NC_050074.1	78292847	82657716	0.988219	0.014172	0.009224	0.109927
NC_050074.1	78311710	82813961	0.997066	0.055404	0.035789	0.333463
NC_050074.1	78311937	83141887	0.996819	0.051327	0.031986	0.315707
NC_050074.1	78698798	83771150	0.996978	0.053508	0.033466	0.326899
NC_050074.1	78699065	83863773	0.996938	0.052780	0.034163	0.324008
NC_050074.1	78699080	83863996	0.996920	0.052374	0.033923	0.322741
NC_050074.1	79362277	84188865	0.998650	0.047229	0.031761	0.853055
NC_050074.1	80226518	84188866	0.998637	0.049089	0.032487	0.851853
NC_050074.1	80882413	84189117	0.997265	0.064775	0.043617	0.355605
NC_050074.1	82657716	84550097	0.997235	0.096687	0.082464	0.353103
NC_050074.1	82813961	84550405	-0.023514	-0.005145	-0.003925	-0.012258
NC_050074.1	83141887	85198766	-0.841839	-0.085632	-0.066704	-0.335957
NC_050074.1	83771150	85198768	-0.823138	-0.085283	-0.071231	-0.330510
NC_050074.1	83863773	85760440	-0.874646	-0.088282	-0.073714	-0.345352
NC_050074.1	83863996	85760521	-0.882819	-0.089198	-0.070748	-0.347662
NC_050074.1	84188865	86122505	-0.891125	-0.069000	-0.054349	-0.349997
NC_050074.1	84188866	86122537	-0.876792	-0.074780	-0.057759	-0.345960
NC_050074.1	84189117	86122717	-0.861966	-0.069671	-0.054555	-0.341744
NC_050074.1	84550097	86122775	-0.846933	-0.068676	-0.054216	-0.846557
NC_050074.1	84550405	87562827	-0.808667	-0.055620	-0.042664	-0.808316
NC_050074.1	85198766	87770246	0.781358	0.032804	0.027248	0.825573
NC_050074.1	85198768	88461330	0.999770	0.034993	0.029093	0.844798
NC_050074.1	85760440	88461377	0.999766	0.033778	0.028183	0.843354
NC_050074.1	85760521	88461388	0.999766	0.034202	0.028472	0.726539
NC_050074.1	86122505	88505010	0.965908	0.034671	0.025607	0.708350
NC_050074.1	86122537	88826711	0.772268	0.036086	0.025480	0.608723
NC_050074.1	86122717	88858178	0.776449	0.036715	0.025975	0.552104
NC_050074.1	86122775	88858202	-0.132065	-0.013200	-0.008899	0.000394
NC_050074.1	87562827	88858230	-0.397803	-0.060138	-0.038752	-0.233903
NC_050074.1	87770246	88927135	-0.405322	-0.069371	-0.043792	-0.238970
NC_050074.1	88461330	89889369	-0.849427	-0.133709	-0.074716	-0.612795
NC_050074.1	88461377	90418448	-0.292778	-0.117113	-0.051038	-0.242730
NC_050074.1	88461388	90418466	-0.286384	-0.120088	-0.051092	-0.237575
NC_050074.1	88505010	90418650	-0.291822	-0.116716	-0.050890	-0.260714
NC_050074.1	88826711	90761680	-0.291285	-0.115323	-0.058331	-0.260213
NC_050074.1	88858178	90761696	-0.266592	-0.118117	-0.057189	-0.237404
NC_050074.1	88858202	90761699	-0.269215	-0.139626	-0.062065	-0.253538
NC_050074.1	88858230	91451390	0.107844	0.031035	0.016029	0.098682
NC_050074.1	88927135	91488127	0.983143	0.137747	0.084076	0.877907
NC_050074.1	89889369	94288399	0.983133	0.112031	0.068823	0.877843
NC_050074.1	90418448	94521304	0.982534	0.088995	0.061397	0.982534
NC_050074.1	90418466	94521312	0.949017	0.031498	0.022065	0.949017
NC_050074.1	90418650	94618887	0.130612	0.007667	0.005058	0.130612
NC_050074.1	90761680	95741888	0.633035	0.058505	0.042340	0.633035
NC_050074.1	90761696	95742268	0.646322	0.051729	0.041361	0.589563
NC_050074.1	90761699	96898972	0.648225	0.047788	0.038278	0.591578
NC_050074.1	91451390	96955495	0.169184	0.016718	0.012767	0.158284
NC_050074.1	91488127	97445103	0.160831	0.015643	0.012082	0.150473
NC_050074.1	94288399	98289949	0.024459	0.002222	0.001592	0.012208
NC_050074.1	94521304	98289964	0.017585	0.001845	0.001357	0.006003
NC_050074.1	94521312	98290139	0.017574	0.002124	0.001479	0.005999
NC_050074.1	94618887	98290154	0.024736	0.002890	0.002037	0.008484
NC_050074.1	95741888	98290169	-0.174584	-0.025478	-0.017894	-0.068655
NC_050074.1	95742268	98290170	-0.930571	-0.139899	-0.084802	-0.195656
NC_050074.1	96898972	98290180	-0.904059	-0.173185	-0.095341	-0.188314
NC_050074.1	96955495	98698263	-0.872683	-0.196783	-0.106072	-0.182077
NC_050074.1	97445103	99108058	-0.761253	-0.099917	-0.061470	-0.099274
NC_050074.1	98289949	99108068	-0.740724	-0.104544	-0.062534	-0.096441
NC_050074.1	98289964	99147833	-0.743242	-0.112441	-0.077622	-0.134410
NC_050074.1	98290139	99147861	-0.740246	-0.111668	-0.077518	-0.213635
NC_050074.1	98290154	99148146	-0.759782	-0.110895	-0.073209	-0.219456
NC_050074.1	98290169	99148148	-0.796742	-0.132117	-0.082988	-0.228788
NC_050074.1	98290170	99148164	0.420098	0.010190	0.006981	0.029203
NC_050074.1	98290180	99148171	0.329176	0.008516	0.005844	0.127229
NC_050074.1	98698263	99148187	0.022632	0.000566	0.000368	0.124746
NC_050074.1	99108058	99148203	-0.558920	-0.012497	-0.007977	-0.558920
NC_050074.1	99108068	99148215	-0.750023	-0.021743	-0.010550	-0.750023
NC_050074.1	99147833	100324583	-0.962179	-0.012521	-0.008163	-0.039878
NC_050074.1	99147861	100324647	-0.963092	-0.015342	-0.010785	-0.040862
NC_050074.1	99148146	101587648	0.286599	0.010513	0.007767	0.031146
NC_050074.1	99148148	101587692	0.344863	0.014616	0.011948	0.036065
NC_050074.1	99148164	101587862	0.431140	0.016076	0.011947	0.044851
NC_050074.1	99148171	101733574	0.652212	0.019544	0.014831	0.089871
NC_050074.1	99148187	102203197	0.717865	0.018395	0.013529	0.098968
NC_050074.1	99148203	102203204	0.797158	0.020073	0.015091	0.116307
NC_050074.1	99148215	102203400	0.858502	0.020184	0.014588	0.125316
NC_050074.1	100324583	102203464	0.917614	0.020984	0.016066	0.130989
NC_050074.1	100324647	102203487	0.924116	0.030278	0.021100	0.924116
NC_050074.1	101587648	102999471	0.360569	0.015744	0.011066	0.360569
NC_050074.1	101587692	102999735	0.072883	0.001985	0.001436	0.072883
NC_050074.1	101587862	103075334	-0.755057	-0.086164	-0.049965	-0.755057
NC_050074.1	101733574	103119622	-0.700677	-0.080697	-0.048471	-0.626510
NC_050074.1	102203197	103119626	-0.809233	-0.120212	-0.067630	-0.718719
NC_050074.1	102203204	103119853	-0.753423	-0.126684	-0.071728	-0.605598
NC_050074.1	102203400	103303582	-0.851819	-0.178877	-0.080358	-0.775245
NC_050074.1	102203464	104085983	-0.806124	-0.107345	-0.063711	-0.744999
NC_050074.1	102203487	104086132	-0.798403	-0.100405	-0.061072	-0.739842
NC_050074.1	102999471	104086188	-0.759191	-0.090871	-0.056808	-0.713438
NC_050074.1	102999735	104186316	-0.508887	-0.060638	-0.039100	-0.515433
NC_050074.1	103075334	106407302	-0.507020	-0.041199	-0.025081	-0.486307
NC_050074.1	103119622	107410339	0.297957	0.017147	0.011621	-0.029746
NC_050074.1	103119626	109008738	0.286599	0.015555	0.010584	-0.038957
NC_050074.1	103119853	109255223	0.320127	0.017442	0.012035	-0.011231
NC_050074.1	103303582	109255317	0.591811	0.053494	0.037288	0.278653
NC_050074.1	104085983	109501956	1.000000	0.070289	0.055741	0.811754
NC_050074.1	104086132	109502008	1.000000	0.084730	0.064292	0.809749
NC_050074.1	104086188	109689546	0.313635	0.041902	0.027615	0.271530
NC_050074.1	104186316	109689883	0.307218	0.039044	0.025504	0.265640
NC_050074.1	106407302	109830557	0.243407	0.029192	0.018868	0.216346
NC_050074.1	107410339	109830565	0.245283	0.049058	0.034591	0.230989
NC_050074.1	109008738	109830646	0.104572	0.017760	0.012495	0.097420
NC_050074.1	109255223	110057413	0.097058	0.018544	0.013079	0.100609
NC_050074.1	109255317	110057437	0.067846	0.014272	0.009676	0.071629
NC_050074.1	109501956	110057603	-0.760189	-0.090092	-0.058454	-0.740103
NC_050074.1	109502008	110057718	-0.860776	-0.194866	-0.103249	-0.876640
NC_050074.1	109689546	110097279	-0.930169	-0.264502	-0.142413	-0.930139
NC_050074.1	109689883	110097285	-0.843817	-0.124038	-0.094329	-0.675476
NC_050074.1	109830557	110097296	-0.864833	-0.163894	-0.126706	-0.687240
NC_050074.1	109830565	110141931	-0.877583	-0.171990	-0.119670	-0.691173
NC_050074.1	109830646	110141945	-0.891195	-0.174153	-0.121015	-0.698140
NC_050074.1	110057413	110141979	-0.884448	-0.164435	-0.116104	-0.692037
NC_050074.1	110057437	110142177	-0.866484	-0.154820	-0.102157	-0.684171
NC_050074.1	110057603	111532810	-0.930026	-0.171537	-0.115732	-0.782199
NC_050074.1	110057718	111532866	-0.925916	-0.171193	-0.117776	-0.782007
NC_050074.1	110097279	111750828	-0.875910	-0.120930	-0.084231	-0.677666
NC_050074.1	110097285	112996894	-0.744689	-0.043770	-0.031412	-0.499737
NC_050074.1	110097296	114073357	0.047982	0.004572	0.003135	0.054575
NC_050074.1	110141931	114328115	-0.252760	-0.032644	-0.021497	-0.246562
NC_050074.1	110141945	114737261	-0.092257	-0.011294	-0.007859	-0.088717
NC_050074.1	110141979	114737327	0.167602	0.026894	0.018721	0.169660
NC_050074.1	110142177	115097941	0.162734	0.026815	0.018510	0.164115
NC_050074.1	111532810	115098211	-0.066799	-0.014010	-0.009538	-0.066799
NC_050074.1	111532866	115137393	0.139997	0.028959	0.019804	0.139997
NC_050074.1	111750828	115137404	0.139213	0.028826	0.019701	0.139213
NC_050074.1	112996894	115137674	0.158851	0.033716	0.023254	0.158851
NC_050074.1	114073357	115206377	-0.059484	-0.024509	-0.015172	-0.059484
NC_050074.1	114328115	115305495	-0.274916	-0.111622	-0.069317	-0.274916
NC_050074.1	114737261	115305533	0.132087	0.053901	0.035206	0.132087
NC_050074.1	114737327	115633339	0.063705	0.030469	0.018304	0.063705
NC_050074.1	115097941	115702893	-0.164455	-0.043459	-0.026239	-0.164455
NC_050074.1	115098211	115936152	-0.350753	-0.119910	-0.068989	-0.350753
NC_050074.1	115137393	116002055	-0.158456	-0.039407	-0.021916	-0.158456
NC_050074.1	115137404	116002056	-0.177758	-0.050118	-0.026395	-0.171546
NC_050074.1	115137674	116002058	-0.178398	-0.051753	-0.026678	-0.172160
NC_050074.1	115206377	116002059	-0.219095	-0.066882	-0.034366	-0.211179
NC_050074.1	115305495	116002061	0.109129	0.023658	0.012804	0.103683
NC_050074.1	115305533	116208219	0.102074	0.022348	0.012627	0.096942
NC_050074.1	115633339	116208244	-0.543928	-0.070350	-0.041685	-0.498545
NC_050074.1	115702893	116208503	-0.642410	-0.107287	-0.059114	-0.585694
NC_050074.1	115936152	116410402	-0.943656	-0.742526	-0.236237	-0.890831
NC_050074.1	116002055	117843615	-0.894840	-0.118281	-0.047210	-0.805673
NC_050074.1	116002056	117843620	-0.898522	-0.134650	-0.057273	-0.811476
NC_050074.1	116002058	118143661	-0.868708	-0.099074	-0.045632	-0.868708
NC_050074.1	116002059	118143695	-0.851503	-0.088880	-0.043446	-0.851503
NC_050074.1	116002061	118352265	-0.912336	-0.094809	-0.046810	-0.933035
NC_050074.1	116208219	119130265	-0.923203	-0.070686	-0.035730	-0.941415
NC_050074.1	116208244	119349827	-0.882604	-0.068853	-0.034848	-0.909993
NC_050074.1	116208503	119350182	-0.850740	-0.067744	-0.033765	-0.885109
NC_050074.1	116410402	119894493	-0.886504	-0.084759	-0.042114	-0.922398
NC_050074.1	117843615	119936576	-0.726282	-0.034542	-0.018002	-0.850035
NC_050074.1	117843620	120244517	-0.094029	-0.008779	-0.004898	-0.303135
NC_050074.1	118143661	120670851	-0.068721	-0.005793	-0.003285	-0.289422
NC_050074.1	118143695	120671188	-0.068721	-0.006044	-0.003455	-0.289422
NC_050074.1	118352265	120875662	-0.075761	-0.006928	-0.003883	-0.293963
NC_050074.1	119130265	120875949	-0.248247	-0.036144	-0.019888	-0.277621
NC_050074.1	119349827	121360347	-0.256130	-0.052431	-0.030107	-0.283578
NC_050074.1	119350182	121360348	-0.284054	-0.062933	-0.034657	-0.304946
NC_050074.1	119894493	121360385	-0.311617	-0.074759	-0.040711	-0.325878
NC_050074.1	119936576	121360386	-0.114453	-0.026446	-0.014858	0.017746
NC_050074.1	120244517	121360407	-0.147869	-0.054236	-0.031642	-0.009323
NC_050074.1	120670851	121360409	-0.944046	-0.242929	-0.149338	-0.941425
NC_050074.1	120671188	121360464	-0.970198	-0.487320	-0.274078	-0.967533
NC_050074.1	120875662	121360621	-0.997280	-0.953929	-0.382060	-0.994567
NC_050074.1	120875949	121360674	-1.000000	-1.023530	-0.393914	-1.000000
NC_050074.1	121360347	121360695	-1.000000	-0.105429	-0.095374	-1.000000
NC_050074.1	121360348	121360713	-1.000000	-inf	-1.000000	-1.000000
NC_050074.1	121360385	122047288	-0.804878	-0.014713	-0.007639	-0.804878
NC_050074.1	121360386	122419320	-0.729302	-0.010203	-0.005790	-0.729302
NC_050074.1	121360407	122419380	-0.561101	-0.007374	-0.004245	-0.561101
NC_050074.1	121360409	122419659	-0.260276	-0.003084	-0.001898	-0.260276
NC_050074.1	121360464	122603035	-0.261767	-0.003108	-0.001913	-0.261767
NC_050074.1	121360621	122603115	0.836882	0.055874	0.036195	0.836882
NC_050074.1	121360674	122909718	0.873168	0.044165	0.031566	0.873168
NC_050074.1	121360695	122909766	0.904608	0.042627	0.031079	0.904608
NC_050074.1	121360713	123468002	0.936285	0.040778	0.029054	0.936285
NC_050075.1	155145	2013982	-0.682206	-0.042485	-0.023841	-0.683484
NC_050075.1	557634	2014025	-0.702929	-0.093804	-0.051414	-0.704107
NC_050075.1	557659	2014079	-0.750291	-0.104039	-0.058950	-0.751308
NC_050075.1	1005532	2014201	-0.890652	-0.228637	-0.114685	-0.885353
NC_050075.1	1465284	2014245	-0.580196	-0.086545	-0.049051	-0.575737
NC_050075.1	1496704	3078082	-0.501850	-0.040028	-0.025490	-0.498684
NC_050075.1	1923354	3117972	-0.542292	-0.051245	-0.030739	-0.538491
NC_050075.1	1923443	3118001	-0.540025	-0.056678	-0.037924	-0.534339
NC_050075.1	2013960	3311329	-0.632560	-0.064773	-0.042808	-0.233297
NC_050075.1	2013982	3311645	-0.627364	-0.060531	-0.042228	-0.231846
NC_050075.1	2014025	3311655	-0.600698	-0.053285	-0.038478	-0.218873
NC_050075.1	2014079	3311713	-0.575555	-0.048833	-0.033660	-0.207531
NC_050075.1	2014201	3333048	-0.615506	-0.054447	-0.037461	-0.214357
NC_050075.1	2014245	3333059	0.331508	0.008554	0.006229	0.044541
NC_050075.1	3078082	3726311	-0.124529	-0.001545	-0.001092	-0.005930
NC_050075.1	3117972	3726603	-0.525507	-0.008871	-0.006316	-0.018682
NC_050075.1	3118001	3923970	-0.155189	-0.002873	-0.001972	-0.006288
NC_050075.1	3311329	4015483	-0.203151	-0.003260	-0.002345	-0.008674
NC_050075.1	3311645	4015503	-0.242805	-0.004328	-0.003068	-0.019202
NC_050075.1	3311655	4015620	-0.345235	-0.006722	-0.004639	-0.027330
NC_050075.1	3311713	4015725	-0.351732	-0.006907	-0.004747	-0.027721
NC_050075.1	3333048	4015728	-0.454417	-0.009841	-0.007070	-0.035852
NC_050075.1	3333059	4015730	-0.141442	-0.002119	-0.001507	-0.008126
NC_050075.1	3726311	4015731	-0.077196	-0.001076	-0.000766	-0.004143
NC_050075.1	3726603	4015737	-0.144237	-0.003893	-0.003021	-0.056982
NC_050075.1	3923970	4015741	-0.252261	-0.007129	-0.005761	-0.102281
NC_050075.1	4015483	5001551	-0.617408	-0.007918	-0.005166	-0.617408
NC_050075.1	4015503	5004926	-0.575071	-0.008998	-0.004767	-0.025590
NC_050075.1	4015620	5005185	0.852238	0.107939	0.060487	0.254452
NC_050075.1	4015725	5467845	-0.135576	-0.032481	-0.016525	-0.064671
NC_050075.1	4015728	5467860	-0.107565	-0.024063	-0.012803	-0.051980
NC_050075.1	4015730	5577527	-0.096760	-0.019684	-0.009736	-0.046750
NC_050075.1	4015731	5577786	-0.390729	-0.107948	-0.052778	-0.226857
NC_050075.1	4015737	5577810	-0.339244	-0.088000	-0.045143	-0.199624
NC_050075.1	4015741	5577845	-0.332238	-0.080349	-0.041199	-0.195484
NC_050075.1	5001551	5607502	-0.300576	-0.068151	-0.036372	-0.178202
NC_050075.1	5004926	5771018	-0.304174	-0.098967	-0.051535	-0.180133
NC_050075.1	5005185	6117269	-0.291831	-0.085919	-0.050330	-0.291614
NC_050075.1	5467845	6374093	-0.762850	-0.164865	-0.087917	-0.762122
NC_050075.1	5467860	6748314	-0.548466	-0.044092	-0.028731	-0.547568
NC_050075.1	5577527	6839081	0.022300	0.002530	0.001630	0.022180
NC_050075.1	5577786	6839084	0.022283	0.002572	0.001774	0.022163
NC_050075.1	5577810	7094462	0.886561	0.083164	0.062762	0.882577
NC_050075.1	5577845	7201975	0.500874	0.049031	0.035264	0.498983
NC_050075.1	5607502	7202168	0.500935	0.048655	0.035139	0.499044
NC_050075.1	5771018	7202184	0.487998	0.048152	0.034373	0.486108
NC_050075.1	6117269	7202191	0.486568	0.050567	0.036708	0.475283
NC_050075.1	6374093	7202200	0.482951	0.052227	0.037422	0.471673
NC_050075.1	6748314	7202213	0.555341	0.061439	0.046735	0.528062
NC_050075.1	6839081	7387406	0.555628	0.087876	0.065968	0.423669
NC_050075.1	6839084	7387417	0.298303	0.039802	0.030352	0.200824
NC_050075.1	7094462	7513188	0.350587	0.044840	0.035135	0.226955
NC_050075.1	7201975	7513247	-0.468213	-0.044197	-0.030220	-0.216202
NC_050075.1	7202168	7520760	0.657885	0.042569	0.029271	0.142135
NC_050075.1	7202184	7520764	0.643485	0.055236	0.040782	0.134583
NC_050075.1	7202191	8115854	0.698772	0.023408	0.018775	0.166576
NC_050075.1	7202200	8115999	0.751318	0.025684	0.021089	0.207494
NC_050075.1	7202213	8116041	0.774957	0.026393	0.022060	0.229836
NC_050075.1	7387406	8116072	0.824748	0.025178	0.021299	0.252428
NC_050075.1	7387417	8116073	0.956833	0.115263	0.097927	0.860281
NC_050075.1	7513188	8157431	0.101077	0.015174	0.012086	0.095071
NC_050075.1	7513247	8874481	0.148649	0.022776	0.018259	0.148649
NC_050075.1	7520760	9047934	0.166736	0.018735	0.015810	0.166736
NC_050075.1	7520764	9047959	0.411751	0.062619	0.054656	0.411751
NC_050075.1	8115854	9047974	0.545375	0.102734	0.090160	0.545375
NC_050075.1	8115999	9119354	0.541217	0.123142	0.110165	0.541217
NC_050075.1	8116041	9424354	0.533157	0.121043	0.108176	0.533157
NC_050075.1	8116072	9424377	0.536102	0.122225	0.109257	0.536102
NC_050075.1	8116073	9994138	0.531056	0.106215	0.090295	0.531056
NC_050075.1	8157431	9994187	0.412491	0.066232	0.056256	0.388421
NC_050075.1	8874481	10587709	0.985474	0.156353	0.135425	0.918965
NC_050075.1	9047934	10587721	0.986599	0.188331	0.160814	0.924848
NC_050075.1	9047959	10587729	0.986560	0.276059	0.224468	0.924642
NC_050075.1	9047974	10587735	0.984088	0.243157	0.196050	0.911799
NC_050075.1	9119354	10587763	0.980501	0.207122	0.165471	0.893679
NC_050075.1	9424354	10587973	0.984073	0.266503	0.210908	0.911722
NC_050075.1	9424377	10587974	0.992746	0.329821	0.259107	0.930211
NC_050075.1	9994138	10588007	0.993605	0.394904	0.306643	0.938012
NC_050075.1	9994187	10588036	1.000000	0.664808	0.567855	0.950345
NC_050075.1	10587709	10654944	1.000000	0.672435	0.578816	1.000000
NC_050075.1	10587721	10922969	1.000000	0.409184	0.409184	0.963037
NC_050075.1	10587729	10923016	1.000000	0.350620	0.350620	0.920890
NC_050075.1	10587735	10923053	0.999838	0.341141	0.341141	0.862827
NC_050075.1	10587763	10923249	0.999817	0.290606	0.290606	0.815265
NC_050075.1	10587973	10923253	0.999789	0.243728	0.243728	0.760782
NC_050075.1	10587974	11028772	0.999751	0.199683	0.199683	0.729114
NC_050075.1	10588007	11028929	0.999697	0.157224	0.145580	0.688234
NC_050075.1	10588036	11028993	0.999612	0.118029	0.102295	0.632824
NC_050075.1	10654944	11029009	0.999466	0.083349	0.072515	0.556146
NC_050075.1	10922969	11456591	0.446671	0.029429	0.023281	0.235224
NC_050075.1	10923016	11456611	0.450525	0.040139	0.029631	0.259011
NC_050075.1	10923053	11456650	0.407457	0.035701	0.025944	0.249653
NC_050075.1	10923249	11456846	0.378748	0.028885	0.021499	0.281194
NC_050075.1	10923253	11915262	0.329141	0.023040	0.016589	0.206945
NC_050075.1	11028772	11915289	-0.403511	-0.057872	-0.038796	-0.333312
NC_050075.1	11028929	11915474	-0.453374	-0.063084	-0.042226	-0.315679
NC_050075.1	11028993	11915476	-0.511211	-0.069477	-0.049346	-0.304235
NC_050075.1	11029009	12132979	-0.456148	-0.058002	-0.044065	-0.275530
NC_050075.1	11456591	13713324	-0.539153	-0.052679	-0.034293	-0.178221
NC_050075.1	11456611	13713366	-0.434360	-0.042098	-0.027514	-0.124612
NC_050075.1	11456650	13831352	-0.530735	-0.048120	-0.029840	-0.145299
NC_050075.1	11456846	14994082	-0.516295	-0.039746	-0.024677	-0.142320
NC_050075.1	11915262	15013762	-0.640983	-0.048433	-0.028057	-0.111662
NC_050075.1	11915289	15417490	-0.663130	-0.050760	-0.028917	-0.122418
NC_050075.1	11915474	16478280	0.843547	0.015442	0.009545	0.041616
NC_050075.1	11915476	16526436	0.965878	0.075188	0.046000	0.195416
NC_050075.1	12132979	17266872	0.966014	0.061781	0.039143	0.191166
NC_050075.1	13713324	17404216	0.963815	0.058805	0.037544	0.177260
NC_050075.1	13713366	17404274	0.979081	0.118235	0.083384	0.365501
NC_050075.1	13831352	17404312	0.988888	0.114038	0.081322	0.363208
NC_050075.1	14994082	17404316	0.989051	0.116994	0.086733	0.357703
NC_050075.1	15013762	17404455	0.989188	0.131063	0.100795	0.352123
NC_050075.1	15417490	17404487	0.989734	0.134677	0.108918	0.504587
NC_050075.1	16478280	17404488	0.999881	0.137841	0.116353	0.496065
NC_050075.1	16526436	17895946	0.364109	0.072023	0.047408	0.250291
NC_050075.1	17266872	18071161	0.108152	0.013765	0.009618	0.061135
NC_050075.1	17404216	18071247	0.139208	0.022129	0.015374	0.083936
NC_050075.1	17404274	18133828	0.141075	0.021101	0.014938	0.088722
NC_050075.1	17404312	18134056	-0.290922	-0.028625	-0.020331	-0.154185
NC_050075.1	17404316	18168272	-0.324909	-0.031932	-0.023258	-0.179929
NC_050075.1	17404455	18609378	-0.356496	-0.029047	-0.020244	-0.207370
NC_050075.1	17404487	18609636	-0.389629	-0.030803	-0.021506	-0.239292
NC_050075.1	17404488	19168046	-0.439580	-0.032396	-0.021798	-0.155979
NC_050075.1	17895946	19654663	0.144859	0.016981	0.011636	0.071972
NC_050075.1	18071161	20112034	0.988491	0.073341	0.056850	0.247922
NC_050075.1	18071247	20112223	0.988110	0.081126	0.061919	0.255970
NC_050075.1	18133828	20112229	0.987703	0.080621	0.061125	0.265174
NC_050075.1	18134056	20195214	0.987295	0.085559	0.062923	0.258779
NC_050075.1	18168272	20195444	0.986858	0.081563	0.060200	0.252272
NC_050075.1	18609378	20298363	0.992853	0.133622	0.093101	0.384295
NC_050075.1	18609636	20371438	0.992895	0.133957	0.088663	0.385706
NC_050075.1	19168046	21243106	0.993292	0.093904	0.062815	0.368899
NC_050075.1	19654663	21243140	0.982461	0.099901	0.067106	0.512475
NC_050075.1	20112034	21556238	0.969335	0.052550	0.035389	0.372328
NC_050075.1	20112223	21556402	0.979424	0.052630	0.037008	0.720126
NC_050075.1	20112229	21556409	0.978572	0.053640	0.037033	0.711691
NC_050075.1	20195214	21556438	0.977691	0.053402	0.036446	0.703167
NC_050075.1	20195444	22444149	0.978186	0.046488	0.027932	0.707935
NC_050075.1	20298363	22444219	0.978666	0.047932	0.028710	0.712619
NC_050075.1	20371438	22444226	0.914789	0.012074	0.007361	0.367208
NC_050075.1	21243106	22444495	0.909645	0.012400	0.007698	0.352410
NC_050075.1	21243140	22630593	0.846462	0.009627	0.005751	0.846462
NC_050075.1	21556238	22630657	0.999754	0.010667	0.006605	0.521966
NC_050075.1	21556402	22630672	0.999773	0.013803	0.008200	0.541513
NC_050075.1	21556409	22788462	0.999789	0.014066	0.008551	0.560453
NC_050075.1	21556438	23712407	0.985404	0.020870	0.013011	0.481474
NC_050075.1	22444149	25188181	-0.129893	-0.005197	-0.003135	-0.088721
NC_050075.1	22444219	25479612	-0.514427	-0.039100	-0.028669	-0.537480
NC_050075.1	22444226	25479837	-0.482650	-0.035701	-0.026511	-0.518269
NC_050075.1	22444495	25493391	-0.524492	-0.038040	-0.028188	-0.543496
NC_050075.1	22630593	25493431	-0.536135	-0.042892	-0.032201	-0.285406
NC_050075.1	22630657	26319781	-0.515550	-0.045468	-0.032890	-0.223686
NC_050075.1	22630672	26422712	-0.513285	-0.041815	-0.026666	-0.231152
NC_050075.1	22788462	28453153	-0.520384	-0.028815	-0.019885	-0.232632
NC_050075.1	23712407	28926324	-0.673827	-0.047607	-0.030628	-0.365910
NC_050075.1	25188181	29720148	-0.813734	-0.053951	-0.033276	-0.305607
NC_050075.1	25479612	30562376	-0.706877	-0.032201	-0.020512	-0.256811
NC_050075.1	25479837	30562388	-0.440810	-0.012511	-0.007934	-0.129920
NC_050075.1	25493391	31150954	-0.614830	-0.017235	-0.010596	-0.144965
NC_050075.1	25493431	31150994	0.402352	0.027640	0.017147	0.028446
NC_050075.1	26319781	32396569	0.406607	0.022582	0.014768	0.041494
NC_050075.1	26422712	32468376	0.385052	0.021311	0.013912	0.037106
NC_050075.1	28453153	33145943	0.621974	0.054405	0.037662	0.233827
NC_050075.1	28926324	33223241	0.620845	0.072334	0.047136	0.232615
NC_050075.1	29720148	33385455	0.714273	0.080638	0.051830	0.408711
NC_050075.1	30562376	33453191	0.720970	0.077831	0.053150	0.720970
NC_050075.1	30562388	34068541	0.727400	0.094311	0.061866	0.727400
NC_050075.1	31150954	34476288	0.726197	0.070166	0.044542	0.726197
NC_050075.1	31150994	34476462	0.732474	0.070543	0.044771	0.414932
NC_050075.1	32396569	34965102	0.157869	0.012961	0.008092	-0.043178
NC_050075.1	32468376	35188859	0.154968	0.015328	0.008893	-0.044799
NC_050075.1	33145943	35263797	0.393219	0.054910	0.032490	0.110668
NC_050075.1	33223241	35418966	0.049513	0.004743	0.002724	-0.100579
NC_050075.1	33385455	35419040	0.052460	0.004946	0.002863	-0.099145
NC_050075.1	33453191	35419177	0.290862	0.025127	0.015551	-0.015735
NC_050075.1	34068541	35419235	0.256158	0.024530	0.014400	-0.026438
NC_050075.1	34476288	36635953	0.224578	0.014852	0.010233	-0.032944
NC_050075.1	34476462	36677475	0.379377	0.041370	0.030125	0.019012
NC_050075.1	34965102	37097563	0.380227	0.032653	0.024279	0.027137
NC_050075.1	35188859	37097568	0.982746	0.064268	0.048240	0.313536
NC_050075.1	35263797	37097577	0.982744	0.069791	0.055137	0.313515
NC_050075.1	35418966	37445124	0.965507	0.030260	0.024513	0.183317
NC_050075.1	35419040	37525865	0.965450	0.029997	0.025432	0.183060
NC_050075.1	35419177	38872419	0.965637	0.029958	0.023503	0.145681
NC_050075.1	35419235	38872594	0.971027	0.032692	0.025807	0.211355
NC_050075.1	36635953	38962121	0.999321	0.045333	0.033063	0.296316
NC_050075.1	36677475	38962391	0.217289	0.022260	0.014493	0.104242
NC_050075.1	37097563	39118116	0.021252	0.001958	0.001240	0.009020
NC_050075.1	37097568	39118150	0.061915	0.007594	0.004605	0.026922
NC_050075.1	37097577	39118345	0.095800	0.011244	0.006375	0.042525
NC_050075.1	37445124	39118369	0.468460	0.086436	0.050673	0.269778
NC_050075.1	37525865	39118424	0.431367	0.088917	0.045962	0.241276
NC_050075.1	38872419	39987804	0.434173	0.097517	0.048435	0.244667
NC_050075.1	38872594	41544802	0.425859	0.086658	0.041602	0.309130
NC_050075.1	38962121	41545040	0.429398	0.085565	0.041545	0.431151
NC_050075.1	38962391	41545101	0.333317	0.070397	0.035459	0.206982
NC_050075.1	39118116	41578023	1.000000	0.134332	0.074401	0.519665
NC_050075.1	39118150	41578239	1.000000	0.132055	0.078179	0.519944
NC_050075.1	39118345	41578240	1.000000	0.129103	0.076427	0.514299
NC_050075.1	39118369	44775697	1.000000	0.065401	0.040420	0.505311
NC_050075.1	39118424	44928009	0.383528	0.010386	0.006276	0.100601
NC_050075.1	39987804	44928010	0.187397	0.008064	0.004950	0.060928
NC_050075.1	41544802	44928012	0.160235	0.009396	0.005673	0.053173
NC_050075.1	41545040	44928026	0.157884	0.013649	0.009085	0.055698
NC_050075.1	41545101	44928027	0.045456	0.004772	0.003116	0.016530
NC_050075.1	41578023	44928054	0.048520	0.005918	0.003869	0.025005
NC_050075.1	41578239	44928065	0.057146	0.008527	0.005448	0.028832
NC_050075.1	41578240	44928295	0.026736	0.004847	0.003014	0.013608
NC_050075.1	44775697	44928311	0.108109	0.022134	0.013584	0.057379
NC_050075.1	44928009	44928321	0.102308	0.207062	0.155079	0.053104
NC_050075.1	44928010	46050572	0.169087	0.106142	0.073682	0.088988
NC_050075.1	44928012	46050594	0.223901	0.102581	0.076195	0.112752
NC_050075.1	44928026	46264736	0.239303	0.070873	0.056643	0.122815
NC_050075.1	44928027	47396278	0.253557	0.026787	0.020964	0.132301
NC_050075.1	44928054	47521059	0.614894	0.088948	0.067417	0.398415
NC_050075.1	44928065	47783105	0.666875	0.077379	0.055503	0.455255
NC_050075.1	44928295	47783407	0.734960	0.072178	0.052509	0.538051
NC_050075.1	44928311	47783411	0.874670	0.071586	0.052756	0.675241
NC_050075.1	44928321	48125450	0.915005	0.108237	0.078610	0.762317
NC_050075.1	46050572	48619518	0.917281	0.098285	0.070037	0.846345
NC_050075.1	46050594	48727119	0.929943	0.124264	0.091122	0.846722
NC_050075.1	46264736	48923274	0.872443	0.120355	0.085399	0.849589
NC_050075.1	47396278	49122506	0.872564	0.110903	0.075727	0.762220
NC_050075.1	47521059	49419694	0.880462	0.176174	0.114954	0.663785
NC_050075.1	47783105	49419731	0.833885	0.123468	0.083588	0.485506
NC_050075.1	47783407	49419738	0.846447	0.153451	0.111172	0.443592
NC_050075.1	47783411	50302621	0.846478	0.124337	0.083905	0.443649
NC_050075.1	48125450	50302902	0.847545	0.126236	0.082953	0.429948
NC_050075.1	48619518	50602511	-0.016981	-0.002681	-0.001686	-0.007295
NC_050075.1	48727119	50602880	0.029455	0.004062	0.002696	0.015815
NC_050075.1	48923274	50902577	-0.259752	-0.027642	-0.017814	-0.103330
NC_050075.1	49122506	50902614	-0.204464	-0.019863	-0.013235	-0.073640
NC_050075.1	49419694	50902623	-0.208028	-0.023996	-0.016416	-0.076164
NC_050075.1	49419731	50902667	-0.353881	-0.041167	-0.027049	-0.138535
NC_050075.1	49419738	50902875	-0.549407	-0.058676	-0.036101	-0.141530
NC_050075.1	50302621	51809347	-0.811420	-0.058603	-0.035944	-0.211146
NC_050075.1	50302902	52295360	-0.754035	-0.058442	-0.038186	-0.186905
NC_050075.1	50602511	52351240	-0.890802	-0.130855	-0.082332	-0.343655
NC_050075.1	50602880	52351259	-0.692263	-0.051990	-0.035094	-0.177452
NC_050075.1	50902577	52495919	-0.601539	-0.048153	-0.033390	-0.160599
NC_050075.1	50902614	52496090	-0.524750	-0.045096	-0.032127	-0.156575
NC_050075.1	50902623	53843378	-0.465687	-0.023091	-0.015625	-0.154622
NC_050075.1	50902667	53843405	-0.424430	-0.021777	-0.014709	-0.133634
NC_050075.1	50902875	54139549	-0.404076	-0.019999	-0.013883	-0.128483
NC_050075.1	51809347	54139784	0.195201	0.016254	0.011672	0.139648
NC_050075.1	52295360	54215757	0.198920	0.018268	0.013515	0.142347
NC_050075.1	52351240	54502225	0.147839	0.015013	0.009679	0.117280
NC_050075.1	52351259	54813560	0.482745	0.036342	0.022945	0.358778
NC_050075.1	52495919	55044024	0.484523	0.036624	0.020915	0.360417
NC_050075.1	52496090	55044272	0.466514	0.035752	0.019995	0.343943
NC_050075.1	53843378	55044277	0.448512	0.033277	0.018604	0.327765
NC_050075.1	53843405	55217247	0.475125	0.077124	0.038361	0.351784
NC_050075.1	54139549	55285944	0.181416	0.035295	0.017264	0.180058
NC_050075.1	54139784	55320317	0.327739	0.075235	0.035880	0.325721
NC_050075.1	54215757	56472571	-0.059480	-0.005167	-0.002880	-0.048128
NC_050075.1	54502225	56472829	-0.354484	-0.047155	-0.024733	-0.304818
NC_050075.1	54813560	56472830	-0.496038	-0.089669	-0.051897	-0.440096
NC_050075.1	55044024	56472886	-0.404150	-0.066463	-0.041367	-0.316701
NC_050075.1	55044272	56472888	-0.434557	-0.070775	-0.051720	-0.338941
NC_050075.1	55044277	56730285	-0.432322	-0.065935	-0.044276	-0.337313
NC_050075.1	55217247	56739804	-0.443367	-0.071020	-0.046913	-0.346084
NC_050075.1	55285944	56754888	-0.533476	-0.085477	-0.055286	-0.410795
NC_050075.1	55320317	56981494	-0.436979	-0.046989	-0.032209	-0.322399
NC_050075.1	56472571	56981495	-0.865526	-0.078041	-0.053967	-0.592263
NC_050075.1	56472829	57135302	-0.871270	-0.142421	-0.092232	-0.707311
NC_050075.1	56472830	57135629	-0.733755	-0.059739	-0.040538	-0.515423
NC_050075.1	56472886	59643202	0.738071	0.007806	0.004672	0.203660
NC_050075.1	56472888	59688429	0.529990	0.004981	0.002908	0.529990
NC_050075.1	56730285	59688488	0.944656	0.074659	0.043775	0.944656
NC_050075.1	56739804	59688503	0.944439	0.081564	0.052348	0.944439
NC_050075.1	56754888	59736552	0.981150	0.078396	0.042962	0.981150
NC_050075.1	56981494	60025541	0.981133	0.067581	0.036593	0.981133
NC_050075.1	56981495	60135786	0.966944	0.081671	0.040995	0.962311
NC_050075.1	57135302	60341031	0.967956	0.069326	0.034317	0.963462
NC_050075.1	57135629	60341070	0.983359	0.131819	0.066222	0.981004
NC_050075.1	59643202	60341071	0.983561	0.134592	0.069664	0.981235
NC_050075.1	59688429	60821069	0.983596	0.144054	0.086835	0.908548
NC_050075.1	59688488	63064413	0.690962	0.106428	0.059223	0.441042
NC_050075.1	59688503	63375850	0.505571	0.048403	0.026915	0.193268
NC_050075.1	59736552	63375940	0.507145	0.048623	0.026134	0.195167
NC_050075.1	60025541	63674824	0.520429	0.046813	0.030047	0.211322
NC_050075.1	60135786	63883654	-0.065419	-0.010838	-0.006375	-0.174312
NC_050075.1	60341031	63959203	-0.058943	-0.009500	-0.005528	-0.168245
NC_050075.1	60341070	64186486	-0.072387	-0.013568	-0.007914	-0.180478
NC_050075.1	60341071	65631237	-0.843726	-0.110613	-0.059497	-0.842178
NC_050075.1	60821069	66001529	-0.811561	-0.108278	-0.058243	-0.820844
NC_050075.1	63064413	66725971	-0.818775	-0.112975	-0.059712	-0.870118
NC_050075.1	63375850	66790801	-0.768764	-0.083743	-0.050980	-0.818145
NC_050075.1	63375940	66790802	-0.774238	-0.084398	-0.051489	-0.822468
NC_050075.1	63674824	66790842	-0.779746	-0.085035	-0.053986	-0.826812
NC_050075.1	63883654	66839115	-0.796984	-0.087752	-0.055319	-0.840366
NC_050075.1	63959203	67411469	-0.473136	-0.019292	-0.014356	-0.690240
NC_050075.1	64186486	67411559	-0.451334	-0.020452	-0.015528	-0.675798
NC_050075.1	65631237	67851286	0.409567	0.042355	0.034802	0.090129
NC_050075.1	66001529	68189890	1.000000	0.076477	0.067747	1.000000
NC_050075.1	66725971	68190100	1.000000	0.072195	0.063955	1.000000
NC_050075.1	66790801	68795642	0.847086	0.062434	0.052269	0.847086
NC_050075.1	66790802	68795963	0.848995	0.068651	0.056704	0.736027
NC_050075.1	66790842	69104683	0.849263	0.070122	0.055695	0.736433
NC_050075.1	66839115	69137209	0.030374	0.004172	0.003203	0.027967
NC_050075.1	67411469	69503386	0.014954	0.002095	0.001576	0.013752
NC_050075.1	67411559	69503641	0.016067	0.002404	0.001779	0.014777
NC_050075.1	67851286	69621816	0.013609	0.001904	0.001407	0.012514
NC_050075.1	68189890	71690017	-0.083693	-0.009272	-0.006796	-0.076410
NC_050075.1	68190100	72542893	-0.080900	-0.008702	-0.006958	-0.073877
NC_050075.1	68795642	73046006	-0.078748	-0.007476	-0.005373	-0.071924
NC_050075.1	68795963	73046320	-0.059495	-0.006064	-0.004397	-0.054035
NC_050075.1	69104683	74902211	-0.054169	-0.005679	-0.004092	-0.036573
NC_050075.1	69137209	75503171	-0.053034	-0.004801	-0.003558	-0.035819
NC_050075.1	69503386	75503380	0.960837	0.046801	0.034779	0.495703
NC_050075.1	69503641	75521593	0.301534	0.022793	0.016633	-0.017658
NC_050075.1	69621816	76316258	0.580058	0.065016	0.040377	0.239460
NC_050075.1	71690017	76316266	0.579495	0.067867	0.041867	0.238815
NC_050075.1	72542893	76683333	0.061622	0.008006	0.004537	-0.212474
NC_050075.1	73046006	76845780	0.085983	0.012281	0.006533	-0.173162
NC_050075.1	73046320	76959059	0.091989	0.014726	0.008461	-0.162788
NC_050075.1	74902211	77648865	0.108117	0.016343	0.009518	-0.154446
NC_050075.1	75503171	77955990	0.088952	0.013623	0.007851	-0.203207
NC_050075.1	75503380	78121404	0.090311	0.017086	0.009380	-0.202198
NC_050075.1	75521593	78121416	0.066852	0.013505	0.007297	-0.146590
NC_050075.1	76316258	78121471	0.391799	0.061779	0.034140	0.032586
NC_050075.1	76316266	78212220	-0.530818	-0.044466	-0.034493	-0.226819
NC_050075.1	76683333	78212374	-0.783786	-0.151509	-0.106165	-0.355812
NC_050075.1	76845780	78212419	-0.480130	-0.067939	-0.046453	-0.139299
NC_050075.1	76959059	78369795	-0.605483	-0.090833	-0.066285	-0.202672
NC_050075.1	77648865	79328170	-0.627680	-0.073175	-0.058444	-0.221666
NC_050075.1	77955990	80659292	-0.650131	-0.068602	-0.044284	-0.227564
NC_050075.1	78121404	80659534	-0.646134	-0.068547	-0.044041	-0.224733
NC_050075.1	78121416	81686852	-0.650834	-0.050677	-0.034109	-0.225947
NC_050075.1	78121471	82486977	0.162775	0.023197	0.016016	0.162775
NC_050075.1	78212220	83928243	0.151246	0.020050	0.014024	0.151246
NC_050075.1	78212374	83928449	0.167863	0.023401	0.016068	0.167863
NC_050075.1	78212419	83928451	0.864014	0.075463	0.053739	0.864014
NC_050075.1	78369795	83928501	0.831632	0.066580	0.049754	0.831632
NC_050075.1	79328170	84005385	0.923460	0.068579	0.050085	0.923460
NC_050075.1	80659292	84376150	0.321130	0.046454	0.030056	0.006335
NC_050075.1	80659534	85194294	0.284586	0.039696	0.030989	-0.018061
NC_050075.1	81686852	85194493	-0.190871	-0.034239	-0.026459	-0.322446
NC_050075.1	82486977	85574048	-0.156283	-0.032308	-0.024844	-0.290130
NC_050075.1	83928243	85731379	-0.857111	-0.095192	-0.071611	-0.890168
NC_050075.1	83928449	85731417	-0.841398	-0.100569	-0.071203	-0.878046
NC_050075.1	83928451	85731424	-0.840402	-0.099956	-0.070645	-0.462089
NC_050075.1	83928501	86803084	-0.828171	-0.084257	-0.052557	-0.457091
NC_050075.1	84005385	87268515	-0.828105	-0.084217	-0.052408	-0.457007
NC_050075.1	84376150	87836963	-0.836360	-0.091659	-0.057169	-0.402821
NC_050075.1	85194294	87836991	-0.750161	-0.054949	-0.035617	-0.236245
NC_050075.1	85194493	88211383	-0.726852	-0.060032	-0.035286	-0.225055
NC_050075.1	85574048	90346197	-0.513121	-0.019086	-0.011116	-0.217275
NC_050075.1	85731379	90892124	-0.730732	-0.026920	-0.014962	-0.224048
NC_050075.1	85731417	90892224	-0.694015	-0.029908	-0.016167	-0.218879
NC_050075.1	85731424	90892239	-0.706796	-0.030700	-0.017208	-0.220193
NC_050075.1	86803084	90946827	-0.713708	-0.031736	-0.017054	-0.447343
NC_050075.1	87268515	90947061	-0.700193	-0.037471	-0.022759	-0.443983
NC_050075.1	87836963	90947100	-0.716053	-0.038140	-0.023424	-0.452975
NC_050075.1	87836991	90947102	-0.441305	-0.028992	-0.017561	-0.516509
NC_050075.1	88211383	90986436	-0.468630	-0.030065	-0.018374	-0.529508
NC_050075.1	90346197	90986453	-0.495875	-0.032563	-0.021842	-0.542476
NC_050075.1	90892124	90986454	-0.704631	-0.180204	-0.113776	-0.555868
NC_050075.1	90892224	90986518	-0.709592	-0.201945	-0.130504	-0.709267
NC_050075.1	90892239	90986704	-0.726454	-0.267724	-0.132817	-0.726121
NC_050075.1	90946827	90986737	-0.701074	-0.247630	-0.126394	-0.700758
NC_050075.1	90947061	90986743	-0.700219	-0.245690	-0.147212	-0.699903
NC_050075.1	90947100	90986748	-0.682835	-0.203117	-0.130093	-0.682529
NC_050075.1	90947102	90986752	-0.674529	-0.231271	-0.145816	-0.674220
NC_050075.1	90986436	90986759	-0.837429	-0.219832	-0.147306	-0.837007
NC_050075.1	90986453	90986787	-0.837429	-0.290290	-0.175918	-0.837007
NC_050075.1	90986454	90986818	-0.837429	-0.290290	-0.175918	-0.837007
NC_050075.1	90986518	91621633	0.159806	0.008005	0.003571	0.145113
NC_050075.1	90986704	91621682	-0.244323	-0.022137	-0.008875	-0.174908
NC_050075.1	90986737	91621684	-0.362534	-0.046265	-0.020523	-0.225625
NC_050075.1	90986743	91621691	-0.511654	-0.108153	-0.035723	-0.294144
NC_050075.1	90986748	91621708	-0.483438	-0.093701	-0.032494	-0.276055
NC_050075.1	90986752	92389905	-0.406233	-0.081817	-0.021245	-0.195179
NC_050075.1	90986759	92389906	-0.206713	-0.033243	-0.011011	-0.090486
NC_050075.1	90986787	92389908	-0.153601	-0.027198	-0.008708	-0.060456
NC_050075.1	90986818	92389909	-0.029194	-0.004280	-0.001631	-0.010751
NC_050075.1	91621633	92389910	0.077867	0.009944	0.004299	0.027169
NC_050075.1	91621682	92389911	0.181102	0.020576	0.013495	0.059984
NC_050075.1	91621684	92389912	0.452563	0.039452	0.028093	0.134621
NC_050075.1	91621691	92389913	0.785483	0.052654	0.039968	0.209519
NC_050075.1	91621708	92389914	0.990356	0.058287	0.046268	0.249960
NC_050075.1	92389905	92389915	0.990272	0.057352	0.046307	0.242959
NC_050075.1	92389906	92389916	0.990272	0.058542	0.058542	0.242959
NC_050075.1	92389908	92389917	0.990272	0.057079	0.057079	0.238082
NC_050075.1	92389909	92389920	-0.321895	-0.054511	-0.049050	-0.154999
NC_050075.1	92389910	92389921	-0.321895	-0.054511	-0.049050	-0.154999
NC_050075.1	92389911	92389922	-0.321322	-0.054298	-0.048871	-0.154657
NC_050075.1	92389912	92389924	-0.321322	-0.054298	-0.048871	-0.154657
NC_050075.1	92389913	92389927	-0.316583	-0.053109	-0.047851	-0.161901
NC_050075.1	92389914	92389937	-0.311876	-0.051944	-0.046850	-0.170052
NC_050075.1	92389915	92389938	-0.307199	-0.050804	-0.045868	-0.179294
NC_050075.1	92389916	92389939	-0.303712	-0.049837	-0.045039	-0.190737
NC_050075.1	92389917	92389941	-0.299088	-0.043750	-0.039968	-0.203025
NC_050075.1	92389920	92389943	-0.294495	-0.042830	-0.039158	-0.217372
NC_050075.1	92389921	92389944	0.997365	0.051732	0.051732	0.526083
NC_050075.1	92389922	92389948	0.998320	0.051787	0.051787	0.626545
NC_050075.1	92389924	92389949	0.999075	0.051837	0.051837	0.772893
NC_050075.1	92389927	92389950	1.000000	0.051800	0.051800	1.000000
NC_050075.1	92389937	92389978	1.000000	0.043375	0.043375	1.000000
NC_050075.1	92389938	92414761	1.000000	0.050845	0.044465	1.000000
NC_050075.1	92389939	94113669	0.997406	0.046952	0.034764	0.433381
NC_050075.1	92389941	94679545	-0.252477	-0.029563	-0.019894	-0.166130
NC_050075.1	92389943	94895670	-0.284799	-0.034256	-0.021541	-0.132282
NC_050075.1	92389944	94895901	-0.318624	-0.037421	-0.023514	-0.112744
NC_050075.1	92389948	94931609	-0.378907	-0.042570	-0.026989	-0.132653
NC_050075.1	92389949	95176564	-0.433271	-0.050680	-0.031273	-0.149203
NC_050075.1	92389950	95176565	-0.491762	-0.060235	-0.036030	-0.166251
NC_050075.1	92389978	95332346	0.007696	0.001441	0.000856	0.051425
NC_050075.1	92414761	95673648	-0.007856	-0.001154	-0.000693	0.045383
NC_050075.1	94113669	95673837	-0.078311	-0.010760	-0.006943	0.019342
NC_050075.1	94679545	95673897	-0.128154	-0.020595	-0.014619	0.002624
NC_050075.1	94895670	96100150	0.244034	0.026951	0.019800	0.030280
NC_050075.1	94895901	96100253	-0.081928	-0.013401	-0.009401	-0.203476
NC_050075.1	94931609	96711831	-0.090540	-0.009972	-0.006354	-0.165365
NC_050075.1	95176564	97379123	0.328325	0.048438	0.030391	0.042014
NC_050075.1	95176565	97565984	0.479294	0.075042	0.050276	0.186162
NC_050075.1	95332346	97566026	0.487336	0.073421	0.048479	0.191691
NC_050075.1	95673648	99528875	0.351557	0.032764	0.019818	0.056176
NC_050075.1	95673837	99528931	0.356854	0.039522	0.023227	0.059812
NC_050075.1	95673897	99529130	0.362001	0.039047	0.023307	0.063375
NC_050075.1	96100150	100198372	0.364987	0.037261	0.022773	0.065456
NC_050075.1	96100253	101018986	0.630895	0.046752	0.029319	0.234803
NC_050075.1	96711831	101019180	0.998369	0.060565	0.039090	0.418468
NC_050075.1	97379123	101508889	0.998635	0.067174	0.045893	0.653959
NC_050075.1	97565984	101508894	0.996037	0.038766	0.026584	0.290688
NC_050075.1	97566026	101691034	0.985563	0.011756	0.007595	0.081814
NC_050075.1	99528875	101691096	0.984066	0.011088	0.007265	0.074595
NC_050075.1	99528931	102168963	0.989642	0.020521	0.015499	0.110879
NC_050075.1	99529130	102168978	0.992327	0.025844	0.019858	0.144425
NC_050075.1	100198372	103081784	-0.346866	-0.025389	-0.017993	-0.113688
NC_050075.1	101018986	103353627	-0.378956	-0.025319	-0.017590	-0.126064
NC_050075.1	101019180	103818591	-0.436691	-0.036958	-0.025615	-0.164020
NC_050075.1	101508889	103818919	-0.702480	-0.099071	-0.066307	-0.397066
NC_050075.1	101508894	104217849	-0.787280	-0.172283	-0.106399	-0.506587
NC_050075.1	101691034	104217853	-0.763657	-0.159079	-0.100652	-0.763435
NC_050075.1	101691096	104597647	-0.823331	-0.232846	-0.138525	-0.823143
NC_050075.1	102168963	104597658	-0.802024	-0.216193	-0.131712	-0.801843
NC_050075.1	102168978	104597718	-0.848896	-0.262299	-0.160214	-0.848700
NC_050075.1	103081784	104623574	-0.931358	-0.344171	-0.196469	-0.931155
NC_050075.1	103353627	104652133	-0.903876	-0.246079	-0.154539	-0.903625
NC_050075.1	103818591	104652172	-0.894430	-0.313657	-0.195284	-0.894179
NC_050075.1	103818919	104652190	-0.885900	-0.310422	-0.206276	-0.885652
NC_050075.1	104217849	104652443	-0.797820	-0.168414	-0.126348	-0.797516
NC_050075.1	104217853	105425991	-0.685646	-0.084844	-0.065142	-0.685646
NC_050075.1	104597647	105426256	-0.734619	-0.089680	-0.065002	-0.734619
NC_050075.1	104597658	105503683	-0.265051	-0.013781	-0.010611	-0.265051
NC_050075.1	104597718	105872448	-0.336085	-0.015733	-0.011587	-0.336085
NC_050075.1	104623574	105872449	0.066687	0.004718	0.003436	0.164264
NC_050075.1	104652133	105872674	0.871660	0.034258	0.025832	0.888359
NC_050075.1	104652172	105872698	0.871310	0.038742	0.029625	0.888106
NC_050075.1	104652190	105872710	0.870958	0.038621	0.029532	0.887853
NC_050075.1	104652443	106473778	0.871534	0.039120	0.029860	0.888268
NC_050075.1	105425991	106473844	0.859726	0.040413	0.029833	0.879898
NC_050075.1	105426256	106474223	0.927014	0.038682	0.029331	0.934845
NC_050075.1	105503683	106705119	0.980083	0.032660	0.025217	0.802998
NC_050075.1	105872448	106932262	0.988618	0.057972	0.046757	0.869338
NC_050075.1	105872449	106932422	0.994181	0.118498	0.100178	0.925395
NC_050075.1	105872674	107313472	1.000000	0.150345	0.121933	0.944335
NC_050075.1	105872698	107749079	0.992559	0.152574	0.123128	0.937235
NC_050075.1	105872710	108496329	0.992559	0.145660	0.112829	0.937232
NC_050075.1	106473778	108496490	0.992559	0.145805	0.112915	0.937229
NC_050075.1	106473844	109218033	0.992543	0.146114	0.113029	0.937103
NC_050076.1	111328	1305574	0.107425	0.032391	0.016094	-0.016808
NC_050076.1	262119	2038348	0.526001	0.098933	0.049444	0.177190
NC_050076.1	262420	2245452	0.877607	0.126589	0.069202	0.465685
NC_050076.1	883557	2323373	0.877255	0.113730	0.058956	0.464871
NC_050076.1	940998	2323479	0.988500	0.124215	0.066146	0.528170
NC_050076.1	1273482	3123731	0.960812	0.059057	0.032463	0.372011
NC_050076.1	1273494	3369997	0.962477	0.074969	0.040232	0.962477
NC_050076.1	1273728	3370036	0.961944	0.073589	0.039717	0.961944
NC_050076.1	1273743	3370271	0.945154	0.076500	0.038523	0.945154
NC_050076.1	1305574	3444149	0.948155	0.080505	0.039335	0.843378
NC_050076.1	2038348	3805678	0.561141	0.015189	0.007383	0.394032
NC_050076.1	2245452	4054619	0.587425	0.014787	0.007752	0.125288
NC_050076.1	2323373	4209479	0.686433	0.020913	0.011145	0.180478
NC_050076.1	2323479	4209529	0.101172	0.005606	0.003161	0.035537
NC_050076.1	3123731	4712406	-0.096666	-0.003799	-0.002203	-0.029712
NC_050076.1	3369997	4712473	-0.647408	-0.083563	-0.042134	-0.344444
NC_050076.1	3370036	4732368	-0.722448	-0.108176	-0.059003	-0.420457
NC_050076.1	3370271	4732374	-0.823516	-0.204382	-0.101822	-0.558531
NC_050076.1	3444149	4732644	-0.786747	-0.180233	-0.090014	-0.536436
NC_050076.1	3805678	4768745	-0.512889	-0.142654	-0.073296	-0.380225
NC_050076.1	4054619	4768849	-0.454014	-0.126988	-0.070217	-0.328096
NC_050076.1	4209479	4769017	-0.404148	-0.137716	-0.082681	-0.373575
NC_050076.1	4209529	4884821	-0.450659	-0.168624	-0.100121	-0.415527
NC_050076.1	4712406	4950858	-0.470338	-0.182000	-0.107306	-0.485218
NC_050076.1	4712473	4950859	-0.531978	-0.326255	-0.168657	-0.571964
NC_050076.1	4732368	4950917	-0.507986	-0.291110	-0.163971	-0.554830
NC_050076.1	4732374	5264903	-0.213059	-0.162833	-0.080712	-0.317321
NC_050076.1	4732644	5403746	0.256208	0.123865	0.073545	0.054652
NC_050076.1	4768745	5421725	0.245747	0.135829	0.090682	0.044128
NC_050076.1	4768849	5421829	0.113734	0.051332	0.034738	-0.083651
NC_050076.1	4769017	5422092	0.087435	0.037086	0.025361	-0.111799
NC_050076.1	4884821	5422147	0.237210	0.122772	0.079355	0.037754
NC_050076.1	4950858	5714274	0.234370	0.090118	0.061543	0.033548
NC_050076.1	4950859	5714558	0.367884	0.106716	0.076621	0.218276
NC_050076.1	4950917	6112978	0.525641	0.119971	0.086945	0.476013
NC_050076.1	5264903	6179922	0.667222	0.140067	0.102434	0.395387
NC_050076.1	5403746	7313454	0.087469	0.017055	0.011283	-0.047030
NC_050076.1	5421725	7404002	-0.283194	-0.042745	-0.028324	-0.360802
NC_050076.1	5421829	7404010	-0.289712	-0.044098	-0.029194	-0.365151
NC_050076.1	5422092	7404179	-0.242609	-0.036259	-0.024451	-0.327934
NC_050076.1	5422147	7404223	-0.248811	-0.038854	-0.025780	-0.332875
NC_050076.1	5714274	7404224	-0.872070	-0.121283	-0.079599	-0.782749
NC_050076.1	5714558	7634219	-0.918124	-0.243006	-0.130536	-0.878528
NC_050076.1	6112978	7634252	-0.922361	-0.303356	-0.150357	-0.925944
NC_050076.1	6179922	7634255	-0.916960	-0.385585	-0.178108	-0.911073
NC_050076.1	7313454	7634295	-0.887115	-0.312308	-0.146661	-0.863977
NC_050076.1	7404002	7634558	-0.677907	-0.228647	-0.126390	-0.650730
NC_050076.1	7404010	7929424	-0.688200	-0.360253	-0.155059	-0.660727
NC_050076.1	7404179	7945121	-0.669582	-0.244691	-0.126269	-0.571705
NC_050076.1	7404223	7945455	-0.774238	-0.459245	-0.176138	-0.656020
NC_050076.1	7404224	7945490	-0.768773	-0.376101	-0.162002	-0.584397
NC_050076.1	7634219	7950248	-0.781771	-0.407309	-0.150683	-0.683553
NC_050076.1	7634252	7950257	-0.720831	-0.281724	-0.116112	-0.700340
NC_050076.1	7634255	7950338	-0.803774	-0.342737	-0.152520	-0.784663
NC_050076.1	7634295	7951505	-0.742787	-0.232398	-0.122456	-0.763858
NC_050076.1	7634558	8687264	-0.646562	-0.161421	-0.099037	-0.715948
NC_050076.1	7929424	8687265	-0.621979	-0.157637	-0.096715	-0.703249
NC_050076.1	7945121	9484320	-0.600920	-0.118498	-0.074239	-0.689494
NC_050076.1	7945455	9484395	-0.695513	-0.179274	-0.107460	-0.794114
NC_050076.1	7945490	10179653	-0.673893	-0.138515	-0.078226	-0.782563
NC_050076.1	7950248	10630288	-0.673415	-0.126359	-0.069978	-0.818842
NC_050076.1	7950257	12039484	-0.564163	-0.064668	-0.042618	-0.751519
NC_050076.1	7950338	12039485	-0.385027	-0.031429	-0.022484	-0.631843
NC_050076.1	7951505	12039551	-0.072185	-0.003918	-0.002761	-0.385005
NC_050076.1	8687264	13573331	-0.134106	-0.006577	-0.004696	-0.436177
NC_050076.1	8687265	13573385	-0.287757	-0.013083	-0.008893	-0.554864
NC_050076.1	9484320	13573387	-0.543732	-0.020807	-0.014102	-0.729824
NC_050076.1	9484395	14270494	-0.383795	-0.017127	-0.011711	-0.632705
NC_050076.1	10179653	14270744	0.939049	0.019465	0.013623	0.939049
NC_050076.1	10630288	15444001	-0.216787	-0.009259	-0.007152	-0.508947
NC_050076.1	12039484	15444279	-0.526438	-0.039769	-0.031068	-0.730118
NC_050076.1	12039485	16007446	-0.094918	-0.011418	-0.008271	-0.412799
NC_050076.1	12039551	17918785	-0.120667	-0.011178	-0.007725	-0.431225
NC_050076.1	13573331	17938331	-0.108442	-0.009944	-0.007126	-0.423336
NC_050076.1	13573385	17938615	-0.108417	-0.010661	-0.007187	-0.423315
NC_050076.1	13573387	17938616	-0.109368	-0.010836	-0.007540	-0.424105
NC_050076.1	14270494	18066028	-0.150248	-0.016206	-0.010659	-0.444106
NC_050076.1	14270744	20051339	0.168358	0.021990	0.012861	-0.154710
NC_050076.1	15444001	20051520	0.125310	0.016649	0.009097	-0.194998
NC_050076.1	15444279	20272771	0.405873	0.055774	0.027976	0.126584
NC_050076.1	16007446	20447635	0.871678	0.076598	0.041719	0.781951
NC_050076.1	17918785	20690162	0.851796	0.054518	0.030456	0.752120
NC_050076.1	17938331	21437486	0.873714	0.064305	0.034418	0.771175
NC_050076.1	17938615	21437672	0.893097	0.077776	0.040846	0.802744
NC_050076.1	17938616	21638239	0.114938	0.017950	0.009145	0.107742
NC_050076.1	18066028	21638278	0.116745	0.017932	0.008926	0.109450
NC_050076.1	20051339	21795785	-0.190763	-0.040373	-0.020096	-0.181974
NC_050076.1	20051520	21795850	-0.526698	-0.104473	-0.059234	-0.495984
NC_050076.1	20272771	21796124	-0.588929	-0.133907	-0.078485	-0.608835
NC_050076.1	20447635	21796144	-0.585558	-0.125327	-0.075349	-0.605968
NC_050076.1	20690162	21796166	-0.657121	-0.201236	-0.110942	-0.727615
NC_050076.1	21437486	21796204	-0.845148	-0.477754	-0.225279	-0.887454
NC_050076.1	21437672	22651840	-0.843136	-0.516920	-0.275191	-0.885967
NC_050076.1	21638239	22743966	-0.958572	-0.471661	-0.263660	-0.969890
NC_050076.1	21638278	23267481	-0.928401	-0.247458	-0.154320	-0.953479
NC_050076.1	21795785	24353424	-0.418696	-0.133270	-0.083876	-0.589228
NC_050076.1	21795850	24353597	-0.171913	-0.032888	-0.021942	-0.477225
NC_050076.1	21796124	24475143	-0.176746	-0.032478	-0.020870	-0.481059
NC_050076.1	21796144	25735827	0.009702	0.001160	0.000782	-0.324681
NC_050076.1	21796166	25783785	0.043644	0.005388	0.003633	-0.293966
NC_050076.1	21796204	25783792	0.406332	0.037753	0.026444	0.084434
NC_050076.1	22651840	25783984	1.000000	0.063933	0.046800	1.000000
NC_050076.1	22743966	25827311	1.000000	0.067393	0.048771	1.000000
NC_050076.1	23267481	25827432	0.126150	0.016671	0.011139	0.126119
NC_050076.1	24353424	26603586	0.130344	0.017173	0.011542	0.130313
NC_050076.1	24353597	26603593	-0.692089	-0.109127	-0.071575	-0.691929
NC_050076.1	24475143	26603603	-0.681605	-0.115718	-0.077786	-0.681448
NC_050076.1	25735827	28859371	-0.678707	-0.083823	-0.059264	-0.678551
NC_050076.1	25783785	29693967	-0.695708	-0.089613	-0.059046	-0.695547
NC_050076.1	25783792	29860919	-0.759562	-0.097328	-0.061250	-0.759380
NC_050076.1	25783984	29860973	-0.823335	-0.107435	-0.066253	-0.823131
NC_050076.1	25827311	29895566	-0.846266	-0.106780	-0.065553	-0.846054
NC_050076.1	25827432	30028695	-0.876626	-0.116647	-0.070952	-0.876415
NC_050076.1	26603586	30028709	-0.878642	-0.119111	-0.075206	-0.878642
NC_050076.1	26603593	30418044	-0.902854	-0.124523	-0.073929	-0.902854
NC_050076.1	26603603	30430767	-0.807816	-0.053285	-0.034032	-0.807816
NC_050076.1	28859371	30581904	-0.753870	-0.040635	-0.026901	-0.516210
NC_050076.1	29693967	30702553	-0.753717	-0.052456	-0.031744	-0.516120
NC_050076.1	29860919	30786020	-0.810180	-0.076450	-0.045201	-0.581355
NC_050076.1	29860973	31636488	-0.852331	-0.100984	-0.059321	-0.652526
NC_050076.1	29895566	32209278	-0.855121	-0.096232	-0.056160	-0.380136
NC_050076.1	30028695	32209319	-0.904362	-0.111321	-0.062535	-0.396184
NC_050076.1	30028709	32209345	-0.891725	-0.107300	-0.059662	-0.378620
NC_050076.1	30418044	32209516	-0.852552	-0.075332	-0.042644	-0.299613
NC_050076.1	30430767	32209527	-0.849180	-0.085197	-0.050055	-0.296729
NC_050076.1	30581904	32568519	-0.850861	-0.098855	-0.054098	-0.285286
NC_050076.1	30702553	32839643	-0.946789	-0.219171	-0.089830	-0.365750
NC_050076.1	30786020	33049938	-0.952677	-0.222944	-0.105805	-0.367343
NC_050076.1	31636488	33226487	-0.723188	-0.144605	-0.086952	-0.258182
NC_050076.1	32209278	34452810	-0.512414	-0.032620	-0.024559	-0.106037
NC_050076.1	32209319	34719309	0.377990	0.053544	0.043472	0.261760
NC_050076.1	32209345	34719351	0.608288	0.112680	0.089467	0.475362
NC_050076.1	32209516	34719545	0.611310	0.103458	0.076087	0.478530
NC_050076.1	32209527	34719563	0.974791	0.128326	0.098008	0.729739
NC_050076.1	32568519	34719578	0.975080	0.122824	0.095021	0.732069
NC_050076.1	32839643	34923617	0.975093	0.131083	0.104609	0.773736
NC_050076.1	33049938	34923620	1.000000	0.134022	0.107134	0.793279
NC_050076.1	33226487	34923621	1.000000	0.142236	0.112299	0.793137
NC_050076.1	34452810	34923631	1.000000	0.136419	0.107422	0.784096
NC_050076.1	34719309	35236480	1.000000	0.172414	0.123097	1.000000
NC_050076.1	34719351	37463596	1.000000	0.067552	0.042138	0.865641
NC_050076.1	34719545	37618913	1.000000	0.065457	0.041621	0.864652
NC_050076.1	34719563	37619185	1.000000	0.068159	0.045800	0.863281
NC_050076.1	34719578	37825348	1.000000	0.060240	0.041928	0.861844
NC_050076.1	34923617	37825399	1.000000	0.059507	0.041421	0.860405
NC_050076.1	34923620	37951446	0.997182	0.084954	0.061440	0.907085
NC_050076.1	34923621	38738815	0.997187	0.080971	0.059358	0.907234
NC_050076.1	34923631	38745313	0.997196	0.077905	0.056848	0.907495
NC_050076.1	35236480	40039151	0.997301	0.062350	0.042116	0.910668
NC_050076.1	37463596	40060445	0.997301	0.061898	0.042822	0.910668
NC_050076.1	37618913	40069674	0.997281	0.076439	0.057578	0.997281
NC_050076.1	37619185	40069782	0.971830	0.040579	0.030532	0.971830
NC_050076.1	37825348	40905474	0.933571	0.040728	0.029647	0.933571
NC_050076.1	37825399	40905490	-0.041867	-0.004205	-0.002832	-0.041867
NC_050076.1	37951446	40905515	-0.033903	-0.003431	-0.002311	-0.033903
NC_050076.1	38738815	41870907	-0.657993	-0.036057	-0.025342	-0.253798
NC_050076.1	38745313	41871202	-0.682705	-0.036559	-0.025758	-0.260941
NC_050076.1	40039151	41871205	-0.686603	-0.036728	-0.026290	-0.262056
NC_050076.1	40060445	42536474	-0.779364	-0.058244	-0.048345	-0.287677
NC_050076.1	40069674	42919874	-0.872865	-0.129539	-0.089265	-0.414288
NC_050076.1	40069782	44240347	-0.292493	-0.059535	-0.039513	-0.165823
NC_050076.1	40905474	44722096	-0.392886	-0.099316	-0.061058	-0.298987
NC_050076.1	40905490	45113820	-0.301878	-0.070308	-0.043386	-0.250186
NC_050076.1	40905515	45113823	0.097484	0.015874	0.010524	-0.042632
NC_050076.1	41870907	45114100	0.158396	0.027053	0.018068	-0.006341
NC_050076.1	41871202	45877740	0.161699	0.037330	0.022361	-0.007133
NC_050076.1	41871205	46195927	0.184957	0.038555	0.023095	0.016845
NC_050076.1	42536474	46196162	0.125584	0.029663	0.017080	-0.028107
NC_050076.1	42919874	46256115	0.133041	0.031632	0.016844	-0.020527
NC_050076.1	44240347	46256146	0.481610	0.081413	0.052777	0.235288
NC_050076.1	44722096	46256178	0.186226	0.021443	0.014324	-0.096572
NC_050076.1	45113820	46256193	0.734469	0.056202	0.040593	0.734469
NC_050076.1	45113823	46256378	0.568727	0.043316	0.033423	0.568727
NC_050076.1	45114100	46256393	0.411760	0.026648	0.020093	0.411760
NC_050076.1	45877740	46256455	0.153866	0.006809	0.005155	0.153866
NC_050076.1	46195927	46919553	0.154056	0.006941	0.005240	0.154056
NC_050076.1	46196162	46919640	-0.012482	-0.000584	-0.000417	-0.012482
NC_050076.1	46256115	46919902	0.513969	0.015710	0.010387	0.057766
NC_050076.1	46256146	47007290	0.419059	0.011903	0.009226	0.040141
NC_050076.1	46256178	47717892	0.315204	0.006373	0.004038	0.025992
NC_050076.1	46256193	48349716	0.305344	0.005017	0.003087	0.024850
NC_050076.1	46256378	48349823	0.358082	0.005893	0.003734	0.031327
NC_050076.1	46256393	48995842	0.893721	0.009606	0.006906	0.080480
NC_050076.1	46256455	48996006	0.990008	0.010132	0.007280	0.045114
NC_050076.1	46919553	48996058	0.732529	0.009291	0.006458	0.037280
NC_050076.1	46919640	49891986	0.917396	0.039242	0.026934	0.135720
NC_050076.1	46919902	50189162	0.966844	0.102440	0.073683	0.291943
NC_050076.1	47007290	50189187	0.967467	0.097046	0.074355	0.451884
NC_050076.1	47717892	50260580	0.968044	0.094355	0.073071	0.456469
NC_050076.1	48349716	50866850	0.936711	0.091353	0.071730	0.443582
NC_050076.1	48349823	50866896	0.874438	0.102707	0.079362	0.415665
NC_050076.1	48995842	50866933	0.333576	0.060893	0.043807	0.183957
NC_050076.1	48996006	50866943	0.315996	0.113617	0.066458	0.172392
NC_050076.1	48996058	51302693	0.324249	0.101888	0.061981	0.316700
NC_050076.1	49891986	51302716	0.538770	0.210712	0.136251	0.535235
NC_050076.1	50189162	51302784	0.440235	0.153455	0.091069	0.429687
NC_050076.1	50189187	52322674	0.168942	0.028802	0.016003	0.158388
NC_050076.1	50260580	52322910	0.187890	0.032779	0.017366	0.177231
NC_050076.1	50866850	52346118	0.451463	0.107288	0.054236	0.440986
NC_050076.1	50866896	52346203	0.600505	0.185431	0.101212	0.591204
NC_050076.1	50866933	52643603	0.624451	0.165530	0.080184	0.614833
NC_050076.1	50866943	52643921	0.970219	0.188712	0.096315	0.959842
NC_050076.1	51302693	53419907	0.945370	0.177296	0.092541	0.936586
NC_050076.1	51302716	53419921	0.946345	0.179853	0.094801	0.896860
NC_050076.1	51302784	53420158	0.668173	0.109437	0.054291	0.623662
NC_050076.1	52322674	53615831	0.780522	0.170832	0.085624	0.749165
NC_050076.1	52322910	53872487	0.777449	0.202339	0.092145	0.745796
NC_050076.1	52346118	53896862	0.774657	0.186118	0.090814	0.742739
NC_050076.1	52346203	54136081	0.775337	0.188124	0.094639	0.743483
NC_050076.1	52643603	54192370	0.671992	0.136213	0.066148	0.634551
NC_050076.1	52643921	54438807	0.676886	0.134776	0.084906	0.605179
NC_050076.1	53419907	54521714	0.727694	0.190940	0.118963	0.661625
NC_050076.1	53419921	54521734	0.787864	0.243942	0.150753	0.724803
NC_050076.1	53420158	54521738	0.810084	0.295191	0.178763	0.779166
NC_050076.1	53615831	55010503	0.986901	0.259803	0.170674	0.872493
NC_050076.1	53872487	55037302	0.982303	0.195723	0.129213	0.746724
NC_050076.1	53896862	55211510	0.982307	0.168832	0.128452	0.746762
NC_050076.1	54136081	55211530	0.981438	0.191910	0.141008	0.495109
NC_050076.1	54192370	56411597	0.971038	0.121320	0.084087	0.383410
NC_050076.1	54438807	56411896	0.998783	0.123268	0.085790	0.393727
NC_050076.1	54521714	56411909	0.998772	0.134890	0.092688	0.406292
NC_050076.1	54521734	56687479	0.980641	0.098590	0.068453	0.321560
NC_050076.1	54521738	56687534	0.937775	0.058482	0.040048	0.210836
NC_050076.1	55010503	56687546	0.807160	0.014455	0.009721	0.069075
NC_050076.1	55037302	56687571	0.789421	0.015024	0.010192	0.070741
NC_050076.1	55211510	56687740	0.605437	0.009784	0.006793	0.051912
NC_050076.1	55211530	56687748	0.481533	0.010412	0.006760	0.041540
NC_050076.1	56411597	56687750	0.530474	0.010968	0.007426	0.530474
NC_050076.1	56411896	56687760	0.306667	0.006884	0.004759	0.306667
NC_050076.1	56411909	56687812	0.118644	0.002535	0.001585	0.118644
NC_050076.1	56687479	56687813	-0.272727	-0.005523	-0.003239	-0.272727
NC_050076.1	56687534	56687857	-0.059269	-0.001055	-0.000659	-0.059269
NC_050076.1	56687546	57056752	0.173701	0.002877	0.001891	0.173701
NC_050076.1	56687571	57057048	0.203008	0.003955	0.002736	0.203008
NC_050076.1	56687740	57057092	0.172946	0.002847	0.002047	0.172946
NC_050076.1	56687748	57425879	0.320248	0.004787	0.003511	0.320248
NC_050076.1	56687750	57426093	0.773034	0.025749	0.018946	0.773034
NC_050076.1	56687760	57426137	0.852847	0.043706	0.032179	0.852847
NC_050076.1	56687812	57532080	0.901725	0.042191	0.034628	0.901725
NC_050076.1	56687813	57532098	0.950794	0.044142	0.039821	0.950794
NC_050076.1	56687857	58524696	1.000000	0.037742	0.028056	1.000000
NC_050076.1	57056752	58660778	1.000000	0.033318	0.024515	1.000000
NC_050076.1	57057048	59017461	1.000000	0.029191	0.022542	1.000000
NC_050076.1	57057092	59122683	-0.278263	-0.022949	-0.016805	-0.278263
NC_050076.1	57425879	59122726	-0.288721	-0.027029	-0.019150	-0.279026
NC_050076.1	57426093	59122936	-0.286904	-0.025512	-0.017635	-0.277283
NC_050076.1	57426137	61287984	-0.426052	-0.028809	-0.020233	-0.410278
NC_050076.1	57532080	61288080	-0.609633	-0.036634	-0.025556	-0.584277
NC_050076.1	57532098	61288240	-0.605835	-0.035061	-0.024614	-0.580694
NC_050076.1	58524696	62255442	-0.618728	-0.032609	-0.023453	-0.237701
NC_050076.1	58660778	62379574	-0.892443	-0.101416	-0.075885	-0.458057
NC_050076.1	59017461	62510000	-0.893959	-0.104173	-0.076934	-0.458657
NC_050076.1	59122683	63098627	-0.931798	-0.116862	-0.080644	-0.473464
NC_050076.1	59122726	63319668	-0.910304	-0.071466	-0.046018	-0.472938
NC_050076.1	59122936	63465429	-0.891594	-0.066025	-0.043365	-0.420391
NC_050076.1	61287984	63636214	-0.886687	-0.063876	-0.043563	-0.419105
NC_050076.1	61288080	63636220	-0.885900	-0.075256	-0.052202	-0.418898
NC_050076.1	61288240	64535437	-0.891234	-0.067826	-0.043293	-0.293196
NC_050076.1	62255442	64535454	-0.894091	-0.070235	-0.044534	-0.293670
NC_050076.1	62379574	64535540	-0.881483	-0.074104	-0.045955	-0.418027
NC_050076.1	62510000	64625087	-0.536087	-0.016276	-0.010868	-0.234579
NC_050076.1	63098627	64869124	-0.522400	-0.016299	-0.010923	-0.232586
NC_050076.1	63319668	65239074	-0.411346	-0.015170	-0.009910	-0.215256
NC_050076.1	63465429	65474484	0.997999	0.014258	0.009269	0.087444
NC_050076.1	63636214	65640450	0.998366	0.017426	0.010145	0.124750
NC_050076.1	63636220	66150908	0.998711	0.017891	0.010366	0.135367
NC_050076.1	64535437	67006280	0.999017	0.021636	0.012728	0.159665
NC_050076.1	64535454	67226961	0.069335	0.003070	0.001845	-0.169887
NC_050076.1	64535540	67582128	0.067086	0.002837	0.001715	-0.171099
NC_050076.1	64625087	68715746	0.066427	0.002840	0.001666	-0.171453
NC_050076.1	64869124	68715747	0.011722	0.000528	0.000296	-0.199905
NC_050076.1	65239074	71768441	-0.319709	-0.021188	-0.010972	-0.426707
NC_050076.1	65474484	71841917	0.187796	0.019547	0.010325	-0.121437
NC_050076.1	65640450	72177832	0.161129	0.016357	0.008767	-0.151727
NC_050076.1	66150908	72822321	0.133247	0.010886	0.006741	-0.174305
NC_050076.1	67006280	72822604	0.096156	0.009576	0.005940	-0.226237
NC_050076.1	67226961	72822605	0.035404	0.003651	0.002233	-0.299076
NC_050076.1	67582128	74649794	0.380915	0.028893	0.018727	0.055083
NC_050076.1	68715746	75163129	0.378337	0.030892	0.019786	0.052311
NC_050076.1	68715747	75277928	0.364774	0.028464	0.018812	0.042728
NC_050076.1	71768441	75489691	0.626619	0.078873	0.051271	0.359277
NC_050076.1	71841917	75554710	0.987144	0.149977	0.110722	0.935721
NC_050076.1	72177832	75554715	0.987136	0.156668	0.117467	0.935684
NC_050076.1	72822321	75554810	0.995169	0.223530	0.188979	0.955692
NC_050076.1	72822604	76191578	0.995329	0.266748	0.196985	0.957104
NC_050076.1	72822605	76204320	0.804889	0.240354	0.166314	0.626901
NC_050076.1	74649794	77130617	0.805400	0.244848	0.168625	0.627765
NC_050076.1	75163129	77689123	0.805449	0.226561	0.157290	0.648568
NC_050076.1	75277928	77781003	0.805944	0.221654	0.155057	0.649385
NC_050076.1	75489691	77781025	0.810333	0.242435	0.169618	0.653524
NC_050076.1	75554710	77781324	0.752304	0.188611	0.129176	0.563015
NC_050076.1	75554715	77781325	0.649804	0.136790	0.089236	0.413096
NC_050076.1	75554810	78398211	0.462357	0.057541	0.035763	0.163211
NC_050076.1	76191578	78398221	-0.298211	-0.016548	-0.010500	-0.567058
NC_050076.1	76204320	79377412	-0.658494	-0.031892	-0.020503	-0.809624
NC_050076.1	77130617	79474298	0.696905	0.010247	0.007205	0.632212
NC_050076.1	77689123	79474362	0.661592	0.009063	0.006297	0.591177
NC_050076.1	77781003	79474686	0.731069	0.012688	0.008994	0.672259
NC_050076.1	77781025	79659553	0.725056	0.010664	0.007065	0.665185
NC_050076.1	77781324	79664635	0.718767	0.008836	0.005888	0.657799
NC_050076.1	77781325	80093827	0.826025	0.009214	0.006131	0.762456
NC_050076.1	78398211	80264492	0.928041	0.010079	0.006774	0.861081
NC_050076.1	78398221	80418735	0.954743	0.016159	0.011386	0.911489
NC_050076.1	79377412	80418753	0.973408	0.029125	0.020289	0.947513
NC_050076.1	79474298	80969502	1.000000	0.026104	0.016550	1.000000
NC_050076.1	79474362	81357122	1.000000	0.020946	0.013250	1.000000
NC_050076.1	79474686	82884661	1.000000	0.018666	0.012165	1.000000
NC_050076.1	79659553	82884875	1.000000	0.018782	0.011694	1.000000
NC_050076.1	79664635	82884876	1.000000	0.020619	0.012967	1.000000
NC_050076.1	80093827	83296539	1.000000	0.020720	0.012849	1.000000
NC_050076.1	80264492	83609329	1.000000	0.020004	0.012881	1.000000
NC_050076.1	80418735	83736476	1.000000	0.019182	0.012551	0.784945
NC_050076.1	80418753	84228685	1.000000	0.015274	0.010235	0.753091
NC_050076.1	80969502	84310117	1.000000	0.011186	0.007534	0.452114
NC_050076.1	81357122	85065280	-0.501063	-0.020533	-0.014903	-0.363589
NC_050076.1	82884661	85228165	-0.501939	-0.022026	-0.016339	-0.368308
NC_050076.1	82884875	85299319	-0.521728	-0.025301	-0.018702	-0.381637
NC_050076.1	82884876	85299635	-0.542053	-0.025956	-0.019721	-0.395234
NC_050076.1	83296539	85490879	-0.496013	-0.023642	-0.018113	-0.364299
NC_050076.1	83609329	85491078	-0.500715	-0.027579	-0.022068	-0.367480
NC_050076.1	83736476	85493770	-0.589549	-0.038534	-0.033380	-0.426641
NC_050076.1	84228685	86110265	-0.002089	-0.000214	-0.000181	0.001357
NC_050076.1	84310117	86110373	-0.013560	-0.001687	-0.001379	-0.006512
NC_050076.1	85065280	86367749	-0.372996	-0.063365	-0.049521	-0.224002
NC_050076.1	85228165	86367753	-0.012392	-0.001875	-0.001653	-0.005833
NC_050076.1	85299319	86989963	0.009477	0.001436	0.001198	0.004512
NC_050076.1	85299635	87257460	0.006466	0.001057	0.000835	0.003074
NC_050076.1	85490879	87290096	-0.006121	-0.000808	-0.000594	-0.002913
NC_050076.1	85491078	87362515	-0.016371	-0.002011	-0.001503	-0.007034
NC_050076.1	85493770	87362555	-0.333498	-0.061015	-0.043162	-0.171620
NC_050076.1	86110265	88184205	-0.312694	-0.050630	-0.036152	-0.162142
NC_050076.1	86110373	88828553	-0.196855	-0.032850	-0.023044	-0.106605
NC_050076.1	86367749	88983953	-0.165466	-0.026341	-0.018224	-0.139031
NC_050076.1	86367753	88983966	0.239691	0.027739	0.019868	0.189352
NC_050076.1	86989963	89560852	0.262530	0.031334	0.022440	0.207289
NC_050076.1	87257460	89560898	0.269402	0.035023	0.025388	0.199585
NC_050076.1	87290096	89750233	0.273032	0.033810	0.023754	0.202535
NC_050076.1	87362515	90548017	0.040357	0.007737	0.005156	-0.100178
NC_050076.1	87362555	92149604	0.186234	0.032641	0.021545	0.021101
NC_050076.1	88184205	92149665	0.576750	0.074101	0.050779	0.266978
NC_050076.1	88828553	92234223	0.663898	0.125360	0.083806	0.383803
NC_050076.1	88983953	92234243	0.509986	0.076753	0.052085	0.176483
NC_050076.1	88983966	92336460	0.504942	0.076921	0.054405	0.170856
NC_050076.1	89560852	92336767	0.003409	0.000804	0.000505	-0.125589
NC_050076.1	89560898	92582922	-0.014249	-0.003043	-0.001969	-0.147216
NC_050076.1	89750233	93285887	-0.035545	-0.005438	-0.003887	-0.174671
NC_050076.1	90548017	93337381	-0.040734	-0.006560	-0.004955	-0.179426
NC_050076.1	92149604	93337386	0.173082	0.022842	0.018503	0.161910
NC_050076.1	92149665	94260578	0.322889	0.066029	0.051609	0.305621
NC_050076.1	92234223	94412740	0.326103	0.057806	0.046578	0.308741
NC_050076.1	92234243	94536516	0.117314	0.015831	0.012768	0.109266
NC_050076.1	92336460	94536542	0.093878	0.012297	0.009925	0.093825
NC_050076.1	92336767	94694738	-0.142497	-0.024036	-0.018199	-0.284048
NC_050076.1	92582922	94694783	0.039970	0.005540	0.004481	-0.297325
NC_050076.1	93285887	95318299	0.347579	0.075696	0.056785	0.016113
NC_050076.1	93337381	95318409	0.349419	0.095692	0.063476	0.018206
NC_050076.1	93337386	95409070	0.351277	0.076521	0.050959	0.020324
NC_050076.1	94260578	95409078	0.038480	0.010831	0.006925	-0.169012
NC_050076.1	94412740	95944918	-0.282282	-0.067548	-0.045755	-0.461574
NC_050076.1	94536516	95945198	-0.288926	-0.076432	-0.048185	-0.336131
NC_050076.1	94536542	96207912	-0.395920	-0.104395	-0.067779	-0.440743
NC_050076.1	94694738	97113987	-0.084989	-0.024965	-0.015167	-0.249996
NC_050076.1	94694783	97144325	-0.111649	-0.033964	-0.020846	-0.211812
NC_050076.1	95318299	98152819	-0.026369	-0.005862	-0.003550	-0.098172
NC_050076.1	95318409	98478828	-0.351744	-0.059809	-0.037534	-0.310078
NC_050076.1	95409070	98479073	-0.397180	-0.083946	-0.049127	-0.339866
NC_050076.1	95409078	98863878	-0.536917	-0.178549	-0.093356	-0.443759
NC_050076.1	95944918	99966762	-0.545618	-0.109978	-0.066843	-0.450917
NC_050076.1	95945198	99966763	-0.631507	-0.160198	-0.093662	-0.525925
NC_050076.1	96207912	100264344	-0.591776	-0.158106	-0.093039	-0.625457
NC_050076.1	97113987	101168263	-0.391080	-0.110516	-0.064668	-0.391080
NC_050076.1	97144325	101168365	-0.680597	-0.176916	-0.108011	-0.680597
NC_050076.1	98152819	102756512	-0.392568	-0.071765	-0.046282	-0.392568
NC_050076.1	98478828	102756739	-0.379584	-0.079338	-0.052283	-0.379584
NC_050076.1	98479073	102756757	-0.423688	-0.098857	-0.063648	-0.423688
NC_050076.1	98863878	102756813	-0.396429	-0.086335	-0.058221	-0.396429
NC_050076.1	99966762	102756839	-0.238953	-0.040560	-0.029314	-0.237419
NC_050076.1	99966763	102790411	0.033802	0.005053	0.003625	0.035416
NC_050076.1	100264344	102790444	0.597545	0.057838	0.043081	0.296643
NC_050076.1	101168263	102790455	0.567681	0.052887	0.039056	0.271778
NC_050076.1	101168365	102790674	0.348465	0.022595	0.016552	0.132763
NC_050076.1	102756512	102790698	0.495255	0.041648	0.030470	0.218342
NC_050076.1	102756739	102790722	0.055048	0.004128	0.003002	0.017879
NC_050076.1	102756757	102867611	-0.169693	-0.012716	-0.009974	-0.120271
NC_050076.1	102756813	102895552	0.245043	0.011568	0.008842	-0.015350
NC_050076.1	102756839	102895561	0.250620	0.011758	0.009016	-0.013549
NC_050076.1	102790411	102895574	0.260484	0.011946	0.009236	-0.012058
NC_050076.1	102790444	102895575	0.702551	0.115132	0.094062	0.256437
NC_050076.1	102790455	103108572	0.808862	0.188553	0.156678	0.674359
NC_050076.1	102790674	103108959	0.809706	0.179498	0.121212	0.675691
NC_050076.1	102790698	103554416	0.809248	0.190507	0.122386	0.674969
NC_050076.1	102790722	103554750	0.779606	0.139209	0.093567	0.628742
NC_050076.1	102867611	104011409	0.780025	0.108944	0.072941	0.629388
NC_050076.1	102895552	104067579	0.951923	0.146578	0.092663	0.951923
NC_050076.1	102895561	104067582	0.990702	0.157283	0.104727	0.990702
NC_050076.1	102895574	104067612	0.991105	0.164948	0.109723	0.991105
NC_050076.1	102895575	104067622	0.991069	0.174629	0.113761	0.991069
NC_050076.1	103108572	104067623	0.983649	0.102556	0.064926	0.983649
NC_050076.1	103108959	104067629	0.932122	0.024467	0.015237	0.932122
NC_050076.1	103554416	104067630	0.948138	0.032623	0.025079	0.948138
NC_050076.1	103554750	104147638	-0.080828	-0.005701	-0.004385	-0.398478
NC_050076.1	104011409	104259124	-0.423409	-0.053902	-0.038329	-0.661574
NC_050076.1	104067579	104259213	-0.589759	-0.156066	-0.123298	-0.770686
NC_050076.1	104067582	104293643	-0.574473	-0.119651	-0.091862	-0.761908
NC_050076.1	104067612	104694251	-0.594248	-0.111786	-0.087562	-0.774222
NC_050077.1	822762	832931	0.947435	0.078949	0.059047	0.947435
NC_050077.1	822782	832981	0.928886	0.159205	0.137792	0.928886
NC_050077.1	822797	832982	0.909786	0.180613	0.152484	0.909786
NC_050077.1	832861	833147	0.131698	0.004969	0.003873	0.131698
NC_050077.1	832864	833164	0.231260	0.007905	0.005180	0.231260
NC_050077.1	832865	833169	0.006304	0.000264	0.000155	0.006304
NC_050077.1	832876	833226	0.057096	0.002481	0.001470	0.057096
NC_050077.1	832881	833229	-0.264540	-0.014697	-0.007291	-0.264540
NC_050077.1	832902	955021	-0.267348	-0.014910	-0.007396	-0.267348
NC_050077.1	832931	1019423	-0.904992	-0.159308	-0.090017	-0.904992
NC_050077.1	832981	1404877	-0.976141	-0.443163	-0.180530	-0.976141
NC_050077.1	832982	1404924	-0.976133	-0.382009	-0.169457	-0.976133
NC_050077.1	833147	1417190	-0.961425	-0.268006	-0.122122	-0.961425
NC_050077.1	833164	1465775	-0.973711	-0.350287	-0.153553	-0.973711
NC_050077.1	833169	1465836	-0.873914	-0.296940	-0.138181	-0.873914
NC_050077.1	833226	1729952	-0.866707	-0.232317	-0.121926	-0.866707
NC_050077.1	833229	2083582	-0.797032	-0.220936	-0.105622	-0.797032
NC_050077.1	955021	2353123	-0.791262	-0.204336	-0.097085	-0.791262
NC_050077.1	1019423	2353163	-0.334775	-0.106219	-0.052724	-0.334775
NC_050077.1	1404877	2449043	-0.148287	-0.046854	-0.022756	-0.140695
NC_050077.1	1404924	2749595	0.223491	0.038937	0.023226	0.230794
NC_050077.1	1417190	2749938	0.232012	0.036535	0.020873	0.239234
NC_050077.1	1465775	3090913	0.260938	0.032005	0.020706	0.251864
NC_050077.1	1465836	3090914	1.000000	0.109654	0.077795	0.933612
NC_050077.1	1729952	3144426	0.483032	0.066581	0.047662	0.456555
NC_050077.1	2083582	3657282	0.083076	0.015080	0.009311	0.084441
NC_050077.1	2353123	3657296	-0.175160	-0.041123	-0.024851	-0.162634
NC_050077.1	2353163	3687830	-0.179259	-0.043946	-0.026486	-0.166555
NC_050077.1	2449043	3687895	-0.525947	-0.102445	-0.061062	-0.490073
NC_050077.1	2749595	3687904	-0.551947	-0.105532	-0.062944	-0.523394
NC_050077.1	2749938	4034312	-0.536906	-0.115500	-0.062506	-0.509386
NC_050077.1	3090913	4034420	-0.522153	-0.121492	-0.066081	-0.495634
NC_050077.1	3090914	4100372	-0.566795	-0.165494	-0.078364	-0.561513
NC_050077.1	3144426	4462013	-0.789260	-0.196204	-0.083970	-0.739653
NC_050077.1	3657282	4575637	-0.715029	-0.106601	-0.051738	-0.665309
NC_050077.1	3657296	4873366	-0.575051	-0.065124	-0.031828	-0.517392
NC_050077.1	3687830	4891699	0.103812	0.003933	0.001990	0.080868
NC_050077.1	3687895	4935043	0.123370	0.003682	0.002103	0.095747
NC_050077.1	3687904	4935091	0.092767	0.002636	0.001515	0.071438
NC_050077.1	4034312	5112914	0.166024	0.004018	0.002499	0.130269
NC_050077.1	4034420	5295970	0.117212	0.002680	0.001686	0.090825
NC_050077.1	4100372	5571014	0.242028	0.006201	0.003966	0.193707
NC_050077.1	4462013	5617954	0.243611	0.007137	0.004598	0.195055
NC_050077.1	4575637	5626424	-0.049292	-0.000999	-0.000712	-0.049292
NC_050077.1	4873366	5979975	0.665039	0.046279	0.033235	0.665039
NC_050077.1	4891699	5980280	0.985019	0.105870	0.083269	0.985019
NC_050077.1	4935043	6649951	1.000000	0.093477	0.081352	0.934866
NC_050077.1	4935091	6650011	1.000000	0.107039	0.091504	0.935180
NC_050077.1	5112914	6650290	0.998980	0.110339	0.093854	0.934201
NC_050077.1	5295970	6710639	0.998975	0.145318	0.122338	0.933866
NC_050077.1	5571014	6876636	0.999287	0.196481	0.176067	0.953102
NC_050077.1	5617954	7091044	0.999377	0.220744	0.183861	0.958764
NC_050077.1	5626424	7091213	0.999388	0.218884	0.179960	0.878511
NC_050077.1	5979975	7604574	0.999394	0.223341	0.165226	0.792962
NC_050077.1	5980280	8845146	0.475857	0.114298	0.073602	0.377565
NC_050077.1	6649951	8956412	0.292911	0.047886	0.030771	0.216779
NC_050077.1	6650011	8995175	0.470406	0.137291	0.078736	0.385135
NC_050077.1	6650290	9025294	0.478336	0.129674	0.077167	0.392693
NC_050077.1	6710639	9920681	0.313713	0.096682	0.052440	0.154806
NC_050077.1	6876636	10284822	0.308335	0.094268	0.047521	0.149742
NC_050077.1	7091044	10365724	0.105710	0.026814	0.013047	-0.028431
NC_050077.1	7091213	10365728	-0.091700	-0.023014	-0.011195	-0.181219
NC_050077.1	7604574	11453777	-0.087990	-0.023654	-0.011131	-0.196118
NC_050077.1	8845146	11453998	-0.029384	-0.008725	-0.004495	-0.162246
NC_050077.1	8956412	11541781	0.507891	0.066018	0.042461	0.188424
NC_050077.1	8995175	11541839	0.507087	0.074384	0.047557	0.187470
NC_050077.1	9025294	11541980	0.069592	0.005451	0.003651	-0.210134
NC_050077.1	9920681	11541988	-0.458846	-0.073000	-0.044184	-0.481650
NC_050077.1	10284822	11542026	-0.252003	-0.027758	-0.019409	-0.189723
NC_050077.1	10365724	11542075	-0.253062	-0.028511	-0.022402	-0.190481
NC_050077.1	10365728	11856543	-0.210171	-0.024979	-0.019402	-0.136572
NC_050077.1	11453777	12131299	-0.198861	-0.019127	-0.015544	-0.129647
NC_050077.1	11453998	12131310	-0.281781	-0.025883	-0.021405	-0.180219
NC_050077.1	11541781	12131529	-0.486911	-0.038798	-0.032051	-0.316760
NC_050077.1	11541839	12443848	-0.545700	-0.061305	-0.045042	-0.348199
NC_050077.1	11541980	12443854	-0.505761	-0.056919	-0.042088	-0.298169
NC_050077.1	11541988	12845890	0.060069	0.009380	0.006836	0.044487
NC_050077.1	11542026	12866866	0.979602	0.077704	0.057767	0.613355
NC_050077.1	11542075	12872979	0.980252	0.076393	0.051864	0.621156
NC_050077.1	11856543	12875696	0.960982	0.074750	0.050781	0.609331
NC_050077.1	12131299	12913447	0.959122	0.068134	0.038565	0.731894
NC_050077.1	12131310	12913485	0.958764	0.082880	0.042696	0.730106
NC_050077.1	12131529	12981767	0.988701	0.144154	0.076746	0.842560
NC_050077.1	12443848	13032443	0.286017	0.070253	0.032320	0.256980
NC_050077.1	12443854	13483889	0.290220	0.068670	0.033013	0.261163
NC_050077.1	12845890	13521251	0.305547	0.069315	0.030929	0.289919
NC_050077.1	12866866	14127351	0.069310	0.010085	0.004767	0.064640
NC_050077.1	12872979	14127381	0.016335	0.002618	0.001160	0.015205
NC_050077.1	12875696	14965148	0.004878	0.000529	0.000284	0.004537
NC_050077.1	12913447	15833218	0.037761	0.003705	0.001918	0.032559
NC_050077.1	12913485	16893932	-0.170882	-0.019100	-0.011022	-0.274106
NC_050077.1	12981767	17476774	-0.113733	-0.012425	-0.007154	-0.226513
NC_050077.1	13032443	17518059	-0.593055	-0.044470	-0.025405	-0.593435
NC_050077.1	13483889	18763619	0.051600	0.001984	0.001219	-0.190393
NC_050077.1	13521251	18763841	0.158279	0.007135	0.004513	-0.112549
NC_050077.1	14127351	18971941	0.093057	0.003995	0.002684	-0.151316
NC_050077.1	14127381	19351765	0.355159	0.025400	0.016836	0.028259
NC_050077.1	14965148	19519329	-0.127215	-0.012016	-0.007972	-0.207102
NC_050077.1	15833218	19525135	-0.189454	-0.024846	-0.015760	-0.245017
NC_050077.1	16893932	20020361	-0.218892	-0.026163	-0.016988	-0.277415
NC_050077.1	17476774	20020422	-0.042369	-0.004784	-0.003064	-0.031611
NC_050077.1	17518059	20020587	-0.117013	-0.013809	-0.008861	-0.085916
NC_050077.1	18763619	20020642	-0.080152	-0.010099	-0.006579	-0.051312
NC_050077.1	18763841	21285289	-0.128313	-0.013003	-0.009091	-0.086083
NC_050077.1	18971941	21297090	-0.239407	-0.022570	-0.015284	-0.178917
NC_050077.1	19351765	21417720	-0.371364	-0.044132	-0.027878	-0.370848
NC_050077.1	19519329	21417978	-0.740637	-0.065594	-0.042228	-0.566825
NC_050077.1	19525135	21417987	-0.380689	-0.019169	-0.012963	-0.306725
NC_050077.1	20020361	22262833	-0.143111	-0.006060	-0.003772	-0.221137
NC_050077.1	20020422	22263130	-0.066471	-0.003202	-0.002182	-0.192969
NC_050077.1	20020587	22263160	0.003424	0.000153	0.000109	-0.165697
NC_050077.1	20020642	22681222	0.001845	0.000083	0.000060	-0.166172
NC_050077.1	21285289	24868581	-0.068213	-0.002173	-0.001571	-0.249654
NC_050077.1	21297090	24868910	-0.233592	-0.008647	-0.005814	-0.372626
NC_050077.1	21417720	25007863	-0.131961	-0.005296	-0.003620	-0.279917
NC_050077.1	21417978	25057105	0.872408	0.015214	0.010770	0.345193
NC_050077.1	21417987	25057124	0.796659	0.014302	0.009850	0.372671
NC_050077.1	22262833	25057128	0.710817	0.012497	0.008486	0.422715
NC_050077.1	22263130	25057147	0.590402	0.009822	0.007262	0.333131
NC_050077.1	22263160	25057149	0.433004	0.008326	0.006041	0.228997
NC_050077.1	22681222	25057199	0.218496	0.004300	0.002948	0.106454
NC_050077.1	24868581	25057367	0.218496	0.004300	0.002948	0.106454
NC_050077.1	24868910	25057378	0.001969	0.000107	0.000062	0.000905
NC_050077.1	25007863	25057393	-0.128205	-0.010213	-0.005711	-0.058762
NC_050077.1	25057105	25057416	-1.000000	-0.092621	-0.030110	-1.000000
NC_050077.1	25057124	25339092	-0.028571	-0.056248	-0.004102	-0.028571
NC_050077.1	25057128	25779727	-0.120690	-0.011768	-0.004098	-0.120690
NC_050077.1	25057147	25779809	0.545455	0.080884	0.035655	0.423445
NC_050077.1	25057149	25919765	-0.536506	-0.171908	-0.084187	-0.493832
NC_050077.1	25057199	25919800	-0.655800	-0.282960	-0.118912	-0.692188
NC_050077.1	25057367	26313796	-0.630757	-0.190566	-0.090188	-0.673025
NC_050077.1	25057378	26577222	-0.595044	-0.126365	-0.071435	-0.645437
NC_050077.1	25057393	27885559	-0.560438	-0.070602	-0.036679	-0.618501
NC_050077.1	25057416	28160346	-0.536625	-0.052841	-0.028586	-0.599938
NC_050077.1	25339092	28160531	-0.688600	-0.096474	-0.053257	-0.708471
NC_050077.1	25779727	28160617	-0.729141	-0.095623	-0.053786	-0.742259
NC_050077.1	25779809	28974670	-0.726541	-0.098211	-0.055254	-0.475124
NC_050077.1	25919765	30044261	-0.889380	-0.095044	-0.055969	-0.560141
NC_050077.1	25919800	30288632	-0.751516	-0.051891	-0.030162	-0.430742
NC_050077.1	26313796	30481651	0.074127	0.005387	0.003307	0.039605
NC_050077.1	26577222	30481821	0.068741	0.005122	0.003170	0.036628
NC_050077.1	27885559	30700232	0.092627	0.007373	0.004493	0.049954
NC_050077.1	28160346	30700296	0.085205	0.008666	0.005801	0.045779
NC_050077.1	28160531	31045610	0.136001	0.016634	0.011488	0.069951
NC_050077.1	28160617	31045634	0.918999	0.074876	0.053493	0.350146
NC_050077.1	28974670	32096947	0.919381	0.071899	0.050593	0.351316
NC_050077.1	30044261	32096980	0.926357	0.076827	0.058133	0.673777
NC_050077.1	30288632	32347149	1.000000	0.098184	0.073757	0.728909
NC_050077.1	30481651	32347443	1.000000	0.099996	0.080746	0.721647
NC_050077.1	30481821	32554095	1.000000	0.047924	0.043964	0.512160
NC_050077.1	30700232	33035588	0.140803	0.012485	0.010988	-0.145530
NC_050077.1	30700296	34061060	0.067386	0.003255	0.002766	-0.192850
NC_050077.1	31045610	34409415	0.118709	0.004607	0.003827	-0.160187
NC_050077.1	31045634	34409459	0.038369	0.001408	0.001179	-0.246996
NC_050077.1	32096947	34409487	-0.042558	-0.001430	-0.001199	-0.370634
NC_050077.1	32096980	35200677	0.487561	0.033762	0.027079	0.184156
NC_050077.1	32347149	35201043	0.445819	0.030023	0.023836	0.132119
NC_050077.1	32347443	35201123	0.444435	0.030732	0.024252	0.130423
NC_050077.1	32554095	35201161	0.443044	0.031479	0.024685	0.128720
NC_050077.1	33035588	35408947	0.463079	0.037173	0.028600	0.153429
NC_050077.1	34061060	35754767	1.000000	0.049804	0.038121	1.000000
NC_050077.1	34409415	35905415	1.000000	0.076102	0.054157	0.892170
NC_050077.1	34409459	35905464	0.969755	0.115413	0.077822	0.860626
NC_050077.1	34409487	35905768	0.968363	0.111025	0.072666	0.765336
NC_050077.1	35200677	35927576	0.981813	0.194426	0.120315	0.851897
NC_050077.1	35201043	36021337	0.966099	0.119852	0.081050	0.752258
NC_050077.1	35201123	36021397	0.966103	0.121240	0.081685	0.752281
NC_050077.1	35201161	36021418	0.949036	0.122947	0.082028	0.739696
NC_050077.1	35408947	36021439	0.932115	0.124751	0.082383	0.727194
NC_050077.1	35754767	36021632	0.909274	0.128822	0.081418	0.699069
NC_050077.1	35905415	36021660	0.890634	0.289357	0.165695	0.684228
NC_050077.1	35905464	36021686	0.891339	0.316024	0.212660	0.775172
NC_050077.1	35905768	36021709	0.908048	0.319129	0.215199	0.788796
NC_050077.1	35927576	36021710	0.889415	0.443178	0.298087	0.889415
NC_050077.1	36021337	36021722	-0.471591	-0.040999	-0.038534	-0.471591
NC_050077.1	36021397	36021738	-0.529716	-0.050772	-0.047304	-0.529716
NC_050077.1	36021418	36415235	0.733093	0.303733	0.216818	0.733093
NC_050077.1	36021439	36415431	0.871496	0.358355	0.294909	0.871496
NC_050077.1	36021632	38368560	-0.019496	-0.006437	-0.003847	-0.019496
NC_050077.1	36021660	38445764	0.292801	0.065966	0.049938	0.292801
NC_050077.1	36021686	39959744	0.114982	0.028099	0.020676	-0.022329
NC_050077.1	36021709	39992924	0.109986	0.026727	0.018978	-0.027385
NC_050077.1	36021710	41347621	-0.098766	-0.025786	-0.016172	-0.191465
NC_050077.1	36021722	41347637	-0.065911	-0.016632	-0.010667	-0.159772
NC_050077.1	36021738	41347893	-0.034702	-0.008196	-0.005429	-0.129512
NC_050077.1	36415235	41479741	-0.029295	-0.006575	-0.004432	-0.124561
NC_050077.1	36415431	41479760	-0.155744	-0.030364	-0.020985	-0.247654
NC_050077.1	38368560	41550912	-0.319307	-0.052473	-0.035516	-0.402586
NC_050077.1	38445764	41551002	-0.203305	-0.034517	-0.023771	-0.401156
NC_050077.1	39959744	41868633	-0.679900	-0.099215	-0.060315	-0.780832
NC_050077.1	39992924	41868639	-0.529577	-0.061571	-0.038852	-0.635826
NC_050077.1	41347621	42078198	-0.490947	-0.058333	-0.037893	-0.603660
NC_050077.1	41347637	42078492	-0.045848	-0.002867	-0.002262	-0.373474
NC_050077.1	41347893	42078500	-0.197470	-0.011544	-0.008976	-0.498022
NC_050077.1	41479741	42078501	-0.341151	-0.020017	-0.015147	-0.605616
NC_050077.1	41479760	42932291	-0.316883	-0.016531	-0.012439	-0.588097
NC_050077.1	41550912	42932303	-0.324218	-0.016884	-0.012693	-0.593419
NC_050077.1	41551002	43074426	-0.405522	-0.025729	-0.018153	-0.629616
NC_050077.1	41868633	43074577	0.592633	0.016743	0.013083	0.592633
NC_050077.1	41868639	43074616	0.526435	0.017698	0.014287	0.526435
NC_050077.1	42078198	43074623	0.434270	0.013361	0.010595	0.434270
NC_050077.1	42078492	43587189	-0.738044	-0.098165	-0.071696	-0.738044
NC_050077.1	42078500	43587352	-0.750048	-0.137621	-0.090971	-0.750048
NC_050077.1	42078501	43587492	-0.685165	-0.115870	-0.079629	-0.547480
NC_050077.1	42932291	43587565	-0.665140	-0.101651	-0.072277	-0.444315
NC_050077.1	42932303	43600347	-0.687757	-0.130480	-0.081709	-0.457360
NC_050077.1	43074426	43600382	-0.016683	-0.005345	-0.003326	-0.012799
NC_050077.1	43074577	43756484	0.349484	0.150876	0.105528	0.288800
NC_050077.1	43074616	43921502	0.336035	0.145753	0.091745	0.276692
NC_050077.1	43074623	43921533	0.337091	0.130549	0.085618	0.277640
NC_050077.1	43587189	43921561	0.336085	0.131968	0.086091	0.276737
NC_050077.1	43587352	43921562	1.000000	0.299293	0.206275	0.757067
NC_050077.1	43587492	43921566	1.000000	0.299293	0.206280	0.757081
NC_050077.1	43587565	43921569	1.000000	0.334646	0.220647	0.858808
NC_050077.1	43600347	43921570	1.000000	0.392969	0.242258	1.000000
NC_050077.1	43600382	43981881	0.415437	0.299196	0.178683	0.414592
NC_050077.1	43756484	43982059	0.144975	0.091162	0.041217	0.144544
NC_050077.1	43921502	44423442	-0.898207	-0.073687	-0.053319	-0.892301
NC_050077.1	43921533	44709112	-0.919238	-0.081532	-0.062297	-0.266544
NC_050077.1	43921561	44709348	-0.918781	-0.079720	-0.056520	-0.266456
NC_050077.1	43921562	44709387	-0.919448	-0.079853	-0.056510	-0.156092
NC_050077.1	43921566	44709432	-0.898306	-0.071547	-0.052047	-0.153910
NC_050077.1	43921569	44709459	-0.876687	-0.063138	-0.047297	-0.151637
NC_050077.1	43921570	44965943	-0.855233	-0.057513	-0.042115	-0.149338
NC_050077.1	43981881	44965954	-0.807131	-0.052265	-0.037715	-0.134926
NC_050077.1	43982059	44965983	0.992707	0.007205	0.005504	0.021545
NC_050077.1	44423442	44966290	0.807553	0.006279	0.005069	0.018693
NC_050077.1	44709112	45101380	0.806880	0.011013	0.007754	0.018613
NC_050077.1	44709348	45959300	0.827500	0.009959	0.006940	0.036170
NC_050077.1	44709387	46140624	0.833892	0.008787	0.006858	0.037789
NC_050077.1	44709432	46780166	0.865509	0.010227	0.008134	0.163932
NC_050077.1	44709459	47157544	0.839126	0.007107	0.004744	0.045007
NC_050077.1	44965943	47157751	0.838433	0.007261	0.004804	0.044787
NC_050077.1	44965954	50234538	0.867403	0.005981	0.004093	0.055807
NC_050077.1	44965983	50485932	0.857200	0.005245	0.003691	0.058298
NC_050077.1	44966290	50517333	0.869805	0.005611	0.003978	0.074377
NC_050077.1	45101380	50810231	0.474556	0.005980	0.004133	0.063885
NC_050077.1	45959300	50810239	0.226887	0.005898	0.004092	0.049054
NC_050077.1	46140624	50810252	0.163089	0.005767	0.004015	0.038065
NC_050077.1	46780166	50915072	0.053197	0.003219	0.002162	0.016924
NC_050077.1	47157544	50915142	0.042846	0.002558	0.001674	0.013530
NC_050077.1	47157751	50944266	0.084045	0.005487	0.003849	0.051328
NC_050077.1	50234538	50948686	0.141787	0.008928	0.006448	0.088771
NC_050077.1	50485932	50948729	0.396988	0.059551	0.044221	0.272010
NC_050077.1	50517333	51741021	-0.078130	-0.019408	-0.012893	-0.059856
NC_050077.1	50810231	51741035	-0.323786	-0.125180	-0.074475	-0.263196
NC_050077.1	50810239	52012002	-0.333752	-0.112699	-0.073650	-0.289290
NC_050077.1	50810252	52212191	-0.360261	-0.103858	-0.069535	-0.309419
NC_050077.1	50915072	52967673	-0.473921	-0.123871	-0.081691	-0.445360
NC_050077.1	50915142	52967890	-0.326574	-0.087087	-0.057429	-0.307373
NC_050077.1	50944266	52967903	-0.324238	-0.086929	-0.059509	-0.305207
NC_050077.1	50948686	53697335	-0.339083	-0.094010	-0.057050	-0.318970
NC_050077.1	50948729	55268547	-0.369635	-0.093088	-0.049395	-0.347240
NC_050077.1	51741021	55595809	-0.636634	-0.113661	-0.063228	-0.605229
NC_050077.1	51741035	56098090	-0.462661	-0.050683	-0.030344	-0.430179
NC_050077.1	52012002	56098317	0.016391	0.000946	0.000595	0.014422
NC_050077.1	52212191	56459081	-0.006720	-0.000401	-0.000242	-0.005911
NC_050077.1	52967673	58112286	-0.025693	-0.001544	-0.000881	-0.025693
NC_050077.1	52967890	58112311	0.932431	0.035322	0.020345	0.762110
NC_050077.1	52967903	58232533	0.941054	0.035375	0.021300	0.787515
NC_050077.1	53697335	58743068	0.940919	0.030712	0.018833	0.787107
NC_050077.1	55268547	58832829	0.940802	0.034175	0.021752	0.786755
NC_050077.1	55595809	59042689	0.001624	0.000131	0.000086	0.001473
NC_050077.1	56098090	59118689	0.072267	0.007171	0.004659	0.065992
NC_050077.1	56098317	61884185	0.067620	0.007016	0.004493	0.061722
NC_050077.1	56459081	62256567	0.058118	0.005961	0.003820	0.053001
NC_050077.1	58112286	63186793	0.430070	0.048011	0.033675	0.405934
NC_050077.1	58112311	64015922	0.437675	0.046107	0.034772	0.413105
NC_050077.1	58232533	64016173	0.414612	0.044235	0.032836	0.409980
NC_050077.1	58743068	64016242	0.229815	0.021706	0.015719	0.113464
NC_050077.1	58832829	64568952	0.216002	0.018884	0.013832	0.106388
NC_050077.1	59042689	64749197	0.215894	0.017741	0.013647	0.106327
NC_050077.1	59118689	64749427	0.966869	0.051350	0.041654	0.354594
NC_050077.1	61884185	64749485	0.964282	0.048349	0.039113	0.322124
NC_050077.1	62256567	64896917	0.947410	0.052545	0.039524	0.318053
NC_050077.1	63186793	64998047	0.041392	0.003846	0.002609	0.020012
NC_050077.1	64015922	65492585	-0.648067	-0.043781	-0.029526	-0.219412
NC_050077.1	64016173	65492888	-0.663302	-0.050707	-0.031902	-0.224718
NC_050077.1	64016242	65818528	-0.557822	-0.040560	-0.025747	-0.197478
NC_050077.1	64568952	65818819	-0.554048	-0.038540	-0.024067	-0.410470
NC_050077.1	64749197	66733564	-0.503763	-0.047455	-0.028158	-0.375465
NC_050077.1	64749427	67324001	-0.498525	-0.051779	-0.029747	-0.371891
NC_050077.1	64749485	67324014	-0.553944	-0.059616	-0.033196	-0.449433
NC_050077.1	64896917	67514923	-0.586342	-0.056866	-0.031420	-0.526433
NC_050077.1	64998047	67702698	-0.461470	-0.039296	-0.025083	-0.380075
NC_050077.1	65492585	69510978	0.946299	0.022149	0.015411	0.542297
NC_050077.1	65492888	69573663	0.934907	0.020734	0.013079	0.639807
NC_050077.1	65818528	69573665	0.937429	0.020753	0.013503	0.641270
NC_050077.1	65818819	69573683	0.928739	0.019094	0.012775	0.608621
NC_050077.1	66733564	69573714	0.937351	0.021537	0.015232	0.640965
NC_050077.1	67324001	69584579	0.980558	0.069015	0.048210	0.857506
NC_050077.1	67324014	69656541	0.980392	0.067973	0.049557	0.856443
NC_050077.1	67514923	69656543	0.980385	0.067952	0.049541	0.856398
NC_050077.1	67702698	69656544	0.980199	0.077432	0.057436	0.855211
NC_050077.1	69510978	70174790	0.980516	0.050389	0.035913	0.980516
NC_050077.1	69573663	70346976	0.980755	0.057095	0.043116	0.980755
NC_050077.1	69573665	70347010	0.961050	0.057440	0.044971	0.961050
NC_050077.1	69573683	70347202	0.957348	0.057363	0.044673	0.957348
NC_050077.1	69573714	70787537	0.956339	0.050279	0.037153	0.956339
NC_050077.1	69584579	70853479	0.956271	0.050477	0.034514	0.956271
NC_050077.1	69656541	70853523	0.843147	0.012946	0.008921	0.843147
NC_050077.1	69656543	70900010	-0.156862	-0.005485	-0.003530	-0.450500
NC_050077.1	69656544	71472367	-0.018872	-0.000540	-0.000339	-0.256190
NC_050077.1	70174790	71784142	0.019574	0.000547	0.000345	-0.231148
NC_050077.1	70346976	71784391	-0.168356	-0.006264	-0.003761	-0.345485
NC_050077.1	70347010	71784451	-0.168865	-0.006620	-0.003743	-0.345769
NC_050077.1	70347202	71999136	0.034124	0.001297	0.000700	-0.225302
NC_050077.1	70787537	71999166	0.187649	0.007744	0.004298	-0.120979
NC_050077.1	70853479	72070711	0.180242	0.008196	0.004592	-0.126668
NC_050077.1	70853523	72071020	0.152078	0.006656	0.003961	-0.147891
NC_050077.1	70900010	73041551	0.151117	0.005803	0.003523	-0.133210
NC_050077.1	71472367	73041797	1.000000	0.061935	0.038517	0.733468
NC_050077.1	71784142	73041804	0.983279	0.084712	0.053887	0.867570
NC_050077.1	71784391	73294830	0.984422	0.089870	0.054139	0.795277
NC_050077.1	71784451	73373859	0.968874	0.094372	0.053715	0.782857
NC_050077.1	71999136	73475254	0.968426	0.075497	0.043184	0.780340
NC_050077.1	71999166	73659490	0.949400	0.084571	0.052027	0.752019
NC_050077.1	72070711	73659522	0.946543	0.081497	0.049731	0.741054
NC_050077.1	72071020	73659796	0.949553	0.086500	0.052660	0.752613
NC_050077.1	73041551	73758937	0.055002	0.009972	0.005650	0.048099
NC_050077.1	73041797	73758994	0.032581	0.008163	0.004172	0.030462
NC_050077.1	73041804	73759240	-0.592627	-0.090229	-0.046130	-0.531723
NC_050077.1	73294830	74397533	-0.592390	-0.065026	-0.038272	-0.531478
NC_050077.1	73373859	74643157	-0.747020	-0.072763	-0.045355	-0.727564
NC_050077.1	73475254	74777147	-0.684188	-0.057129	-0.037157	-0.666828
NC_050077.1	73659490	74785343	-0.692526	-0.073687	-0.052437	-0.674869
NC_050077.1	73659522	74785348	-0.724675	-0.086225	-0.060734	-0.695350
NC_050077.1	73659796	74841024	-0.737602	-0.075094	-0.052622	-0.707539
NC_050077.1	73758937	74841068	-0.791959	-0.078690	-0.055222	-0.758714
NC_050077.1	73758994	74841102	0.007491	0.000188	0.000142	0.006450
NC_050077.1	73759240	74841283	0.040376	0.000988	0.000747	0.034656
NC_050077.1	74397533	74841288	0.077475	0.002015	0.001604	0.066865
NC_050077.1	74643157	75028440	0.372151	0.016063	0.011601	0.333912
NC_050077.1	74777147	75506696	0.473221	0.014202	0.010787	0.453179
NC_050077.1	74785343	75902787	0.404399	0.013110	0.009892	0.386299
NC_050077.1	74785348	75902819	0.375503	0.013051	0.009705	0.358915
NC_050077.1	74841024	75902831	-0.462045	-0.041021	-0.029356	-0.462045
NC_050077.1	74841068	75902847	-0.510183	-0.052846	-0.037481	-0.510183
NC_050077.1	74841102	75902850	-0.555872	-0.060700	-0.042101	-0.555872
NC_050077.1	74841283	75903067	-0.608901	-0.064522	-0.044812	-0.608901
NC_050077.1	74841288	75903096	-0.613945	-0.065631	-0.045523	-0.613945
NC_050077.1	75028440	75903103	-0.645331	-0.071965	-0.049083	-0.645331
NC_050077.1	75506696	75903127	-0.855491	-0.093485	-0.061857	-0.855491
NC_050077.1	75902787	76766436	-0.958065	-0.275703	-0.140660	-0.740651
NC_050077.1	75902819	77552382	-0.677928	-0.127017	-0.076530	-0.540646
NC_050077.1	75902831	77552386	-0.657800	-0.108821	-0.068888	-0.524870
NC_050077.1	75902847	77552581	0.604060	0.021301	0.015205	0.293550
NC_050077.1	75902850	77959117	-0.602467	-0.059527	-0.039134	-0.477335
NC_050077.1	75903067	78082844	-0.706454	-0.094911	-0.060569	-0.666627
NC_050077.1	75903096	78149076	-0.602186	-0.097928	-0.060692	-0.547709
NC_050077.1	75903103	78149077	-0.559068	-0.097982	-0.060864	-0.521732
NC_050077.1	75903127	78149092	-0.484448	-0.092710	-0.057712	-0.440915
NC_050077.1	76766436	78149109	-0.498701	-0.111710	-0.072622	-0.438195
NC_050077.1	77552382	78149398	-0.507975	-0.150997	-0.092388	-0.479463
NC_050077.1	77552386	78149402	-0.553558	-0.248895	-0.145226	-0.485232
NC_050077.1	77552581	78149412	-0.556702	-0.299621	-0.162056	-0.483880
NC_050077.1	77959117	78149434	-0.514842	-0.361446	-0.177376	-0.434354
NC_050077.1	78082844	78149438	-0.227818	-1.662585	-0.330189	-0.237969
NC_050077.1	78149076	78631382	0.363522	0.692360	0.339296	0.242163
NC_050077.1	78149077	78631409	0.369435	0.675623	0.323984	0.255244
NC_050077.1	78149092	78670407	0.380315	0.698660	0.186794	0.258387
NC_050077.1	78149109	79249254	0.414064	0.158817	0.084498	0.296503
NC_050077.1	78149398	79617287	0.640407	0.134844	0.067157	0.464500
NC_050077.1	78149402	79664179	0.665591	0.076157	0.047950	0.488627
NC_050077.1	78149412	79664180	0.727500	0.071591	0.046014	0.568001
NC_050077.1	78149434	80664963	0.760602	0.060737	0.038468	0.605179
NC_050077.1	78149438	80876587	0.897924	0.088625	0.057922	0.824581
NC_050077.1	78631382	80889675	0.969687	0.121230	0.078282	0.969848
NC_050077.1	78631409	81494965	0.957517	0.080695	0.053032	0.850271
NC_050077.1	78670407	81777354	0.975878	0.106577	0.072126	0.895709
NC_050077.1	79249254	81777423	0.999896	0.135843	0.097101	0.934566
NC_050077.1	79617287	81777606	0.982487	0.149155	0.106889	0.917928
NC_050077.1	79664179	82099688	0.752133	0.141643	0.106941	0.707371
NC_050077.1	79664180	82865991	0.755018	0.176205	0.128134	0.710576
NC_050077.1	80664963	82866008	0.757152	0.178256	0.129625	0.712950
NC_050077.1	80876587	82866054	0.757968	0.215769	0.169064	0.713859
NC_050077.1	80889675	82866335	0.692312	0.193238	0.152300	0.642619
NC_050077.1	81494965	83401929	0.370250	0.080667	0.066517	0.190266
NC_050077.1	81777354	83401937	0.193814	0.057537	0.047076	-0.040613
NC_050077.1	81777423	83829416	-0.229318	-0.057157	-0.043526	-0.461807
NC_050077.1	81777606	83829450	-0.802712	-0.183716	-0.133200	-0.883002
NC_050077.1	82099688	83829623	-0.852968	-0.283778	-0.179191	-0.902720
NC_050077.1	82865991	83921410	-0.746667	-0.146279	-0.111098	-0.839018
NC_050077.1	82866008	84103748	-0.797863	-0.180947	-0.135202	-0.872909
NC_050077.1	82866054	84103924	-0.784918	-0.179540	-0.134106	-0.864407
NC_050077.1	82866335	84144486	-0.459089	-0.129866	-0.096546	-0.634326
NC_050077.1	83401929	84794108	-0.456890	-0.118334	-0.079985	-0.633043
NC_050077.1	83401937	84794123	-0.379572	-0.099339	-0.065937	-0.560009
NC_050077.1	83829416	84794189	-0.279974	-0.061062	-0.042232	-0.454523
NC_050077.1	83829450	84794190	0.132546	0.037814	0.026649	-0.010510
NC_050077.1	83829623	84794484	0.342480	0.085348	0.062064	0.342480
NC_050077.1	83921410	86005508	1.000000	0.139894	0.110307	1.000000
NC_050078.2	401453	3616773	0.355644	0.057238	0.033344	0.224329
NC_050078.2	1852313	3814875	0.988175	0.120214	0.070027	0.531791
NC_050078.2	2395038	3814914	0.991990	0.179840	0.109512	0.991990
NC_050078.2	2564485	3815066	0.991992	0.206962	0.129536	0.991992
NC_050078.2	2564493	3885274	0.991799	0.193474	0.121277	0.991799
NC_050078.2	2564806	3885277	0.991595	0.189003	0.118414	0.991595
NC_050078.2	2912371	3885535	0.983686	0.193188	0.117721	0.983686
NC_050078.2	2912482	3915919	0.899062	0.160574	0.082182	0.899062
NC_050078.2	2912642	3915923	0.819541	0.168031	0.078775	0.819541
NC_050078.2	3616773	3916182	0.741887	0.174089	0.075426	0.741887
NC_050078.2	3814875	3916204	0.572769	0.118693	0.051481	0.572769
NC_050078.2	3814914	4153110	0.414223	0.087102	0.041237	0.414223
NC_050078.2	3815066	4153464	-0.418073	-0.035226	-0.016005	-0.418073
NC_050078.2	3885274	4153498	-0.610827	-0.067010	-0.027482	-0.610827
NC_050078.2	3885277	4416704	-0.910482	-0.336642	-0.106915	-0.910482
NC_050078.2	3885535	4416737	-0.973273	-0.339253	-0.109712	-0.973273
NC_050078.2	3915919	4416999	-0.955699	-0.244919	-0.096684	-0.955699
NC_050078.2	3915923	4524384	-0.900540	-0.191256	-0.088791	-0.900540
NC_050078.2	3916182	4629552	-0.840128	-0.117785	-0.056990	-0.840128
NC_050078.2	3916204	4739859	-0.781413	-0.090878	-0.048939	-0.583683
NC_050078.2	4153110	6138532	-0.777427	-0.085169	-0.043423	-0.581035
NC_050078.2	4153464	6138580	-0.748999	-0.075214	-0.041456	-0.543414
NC_050078.2	4153498	6170694	-0.742815	-0.075095	-0.042585	-0.539451
NC_050078.2	4416704	6170846	-0.697325	-0.064535	-0.036881	-0.495035
NC_050078.2	4416737	6334956	1.000000	0.013997	0.008634	0.285055
NC_050078.2	4416999	6335256	1.000000	0.014976	0.008954	0.282662
NC_050078.2	4524384	6674563	1.000000	0.015610	0.008264	0.274691
NC_050078.2	4629552	7152425	0.488118	0.008581	0.004261	0.138328
NC_050078.2	4739859	7258730	-0.075463	-0.001098	-0.000636	-0.023303
NC_050078.2	6138532	7258751	-0.403003	-0.006734	-0.003657	-0.403003
NC_050078.2	6138580	7978349	-0.906425	-0.065977	-0.036732	-0.906425
NC_050078.2	6170694	7978565	-0.727730	-0.054854	-0.031396	-0.727730
NC_050078.2	6170846	7978647	-0.612649	-0.049470	-0.028492	-0.612649
NC_050078.2	6334956	7978658	-0.511941	-0.044091	-0.026186	-0.511941
NC_050078.2	6335256	8475526	-0.516382	-0.044175	-0.025226	-0.516382
NC_050078.2	6674563	8549929	-0.504332	-0.038695	-0.021750	-0.504332
NC_050078.2	7152425	9367648	-0.507717	-0.033512	-0.019396	-0.507717
NC_050078.2	7258730	9367722	-0.485183	-0.030965	-0.018756	-0.485183
NC_050078.2	7258751	10538059	-0.691057	-0.104453	-0.058409	-0.691057
NC_050078.2	7978349	10538090	-0.666080	-0.094269	-0.054286	-0.666080
NC_050078.2	7978565	10944842	-0.425775	-0.030272	-0.019887	-0.425775
NC_050078.2	7978647	11228181	-0.546920	-0.032958	-0.019949	-0.546920
NC_050078.2	7978658	11228304	-0.664627	-0.038727	-0.022599	-0.664627
NC_050078.2	8475526	11228305	-0.807463	-0.043891	-0.025476	-0.807463
NC_050078.2	8549929	11228380	-0.808188	-0.044476	-0.026013	-0.808188
NC_050078.2	9367648	11228392	-0.695509	-0.043534	-0.026447	-0.615885
NC_050078.2	9367722	11228410	-0.686732	-0.050996	-0.032572	-0.608473
NC_050078.2	10538059	11228420	-0.679795	-0.048850	-0.031616	-0.602609
NC_050078.2	10538090	11628798	0.859940	0.011299	0.007382	0.493085
NC_050078.2	10944842	11629013	0.859403	0.011249	0.007349	0.491972
NC_050078.2	11228181	11629021	0.721323	0.018325	0.009634	0.412927
NC_050078.2	11228304	11637149	0.708795	0.022126	0.014101	0.398104
NC_050078.2	11228305	12211357	0.705251	0.013970	0.009425	0.158298
NC_050078.2	11228380	12211624	0.707034	0.014087	0.009504	0.099814
NC_050078.2	11228392	12211666	0.708795	0.014238	0.010107	0.073221
NC_050078.2	11228410	13142383	0.519401	0.005630	0.003746	0.036690
NC_050078.2	11228420	13142630	0.349662	0.003755	0.002388	0.024862
NC_050078.2	11628798	13201710	0.913771	0.069416	0.043144	0.334447
NC_050078.2	11629013	13573498	0.945147	0.053439	0.038466	0.344882
NC_050078.2	11629021	14155625	0.944259	0.046887	0.033399	0.341053
NC_050078.2	11637149	14155641	0.976975	0.046648	0.035214	0.356867
NC_050078.2	12211357	14155661	0.977704	0.048146	0.036357	0.364461
NC_050078.2	12211624	14249122	-0.002989	-0.000363	-0.000257	-0.001901
NC_050078.2	12211666	14249308	-0.101885	-0.014461	-0.009750	-0.144463
NC_050078.2	13142383	14364986	-0.114545	-0.016495	-0.010044	-0.190328
NC_050078.2	13142630	15968441	-0.120028	-0.012102	-0.007872	-0.195680
NC_050078.2	13201710	16365067	-0.287257	-0.032814	-0.021236	-0.438712
NC_050078.2	13573498	16365315	-0.935626	-0.123148	-0.076836	-0.947561
NC_050078.2	14155625	17057353	-0.942866	-0.153691	-0.086475	-0.953361
NC_050078.2	14155641	17057552	-0.889529	-0.181771	-0.096678	-0.910425
NC_050078.2	14155661	17057556	-0.888940	-0.182839	-0.096963	-0.866466
NC_050078.2	14249122	17057625	-0.931005	-0.267195	-0.129303	-0.904347
NC_050078.2	14249308	17311606	-0.873725	-0.171797	-0.091795	-0.854371
NC_050078.2	14364986	17311618	-0.903829	-0.231984	-0.119318	-0.876613
NC_050078.2	15968441	17311634	-0.897638	-0.224218	-0.127091	-0.871383
NC_050078.2	16365067	17311998	-0.448555	-0.293400	-0.142281	-0.484893
NC_050078.2	16365315	19897495	-0.431123	-0.306545	-0.156087	-0.455964
NC_050078.2	17057353	20721332	-0.160689	-0.046289	-0.029941	-0.222403
NC_050078.2	17057552	20882747	-0.189141	-0.053089	-0.033461	-0.245659
NC_050078.2	17057556	21016632	-0.216162	-0.059061	-0.037489	-0.270558
NC_050078.2	17057625	21016700	0.046005	0.014782	0.008833	-0.023977
NC_050078.2	17311606	21904190	-0.007850	-0.002190	-0.001302	-0.071021
NC_050078.2	17311618	24406085	-0.183849	-0.059533	-0.031033	-0.227788
NC_050078.2	17311634	24453723	-0.017160	-0.004385	-0.002461	-0.079916
NC_050078.2	17311998	24453832	-0.016383	-0.004175	-0.002347	-0.079143
NC_050078.2	19897495	24454048	-0.320911	-0.071457	-0.038973	-0.372587
NC_050078.2	20721332	24454053	-0.255213	-0.055224	-0.029930	-0.255173
NC_050078.2	20882747	24454086	-0.363563	-0.106213	-0.051764	-0.363501
NC_050078.2	21016632	24549977	-0.292201	-0.078815	-0.042359	-0.292151
NC_050078.2	21016700	25338482	-0.384968	-0.113424	-0.054004	-0.455469
NC_050078.2	21904190	25738280	-0.869272	-0.186686	-0.093050	-0.888582
NC_050078.2	24406085	25738317	-0.791293	-0.140024	-0.068309	-0.835480
NC_050078.2	24453723	25882038	0.207232	0.024267	0.016505	-0.064670
NC_050078.2	24453832	25882105	0.444998	0.074337	0.050582	0.200648
NC_050078.2	24454048	25882433	0.444190	0.074139	0.050437	0.199681
NC_050078.2	24454053	25970630	0.583747	0.090763	0.063257	0.272398
NC_050078.2	24454086	25970683	0.582967	0.092306	0.063939	0.271411
NC_050078.2	24549977	26950975	0.603621	0.092749	0.058997	0.280465
NC_050078.2	25338482	26950997	0.577401	0.091052	0.056415	0.252760
NC_050078.2	25738280	26951107	0.987025	0.125126	0.090682	0.446774
NC_050078.2	25738317	28547405	0.987115	0.129920	0.095734	0.448516
NC_050078.2	25882038	28547431	0.986770	0.131274	0.101488	0.306698
NC_050078.2	25882105	28547759	0.976732	0.109722	0.082344	0.199343
NC_050078.2	25882433	28547774	0.931650	0.035704	0.026781	0.074796
NC_050078.2	25970630	30425131	0.930577	0.034548	0.020621	0.073647
NC_050078.2	25970683	31172174	0.917533	0.024796	0.014570	0.062778
NC_050078.2	26950975	31172405	0.977702	0.096423	0.055074	0.208843
NC_050078.2	26950997	31283234	0.975211	0.089098	0.051144	0.199983
NC_050078.2	26951107	31283526	0.996205	0.089967	0.050806	0.207204
NC_050078.2	28547405	31695069	0.999432	0.080655	0.046375	0.325452
NC_050078.2	28547431	32871624	0.999468	0.086676	0.040260	0.340156
NC_050078.2	28547759	33136097	1.000000	0.077922	0.034880	0.692097
NC_050078.2	28547774	35243004	1.000000	0.085913	0.044974	0.780046
NC_050078.2	30425131	35510584	0.556652	0.063493	0.032057	0.231887
NC_050078.2	31172174	35510588	0.553499	0.066938	0.036012	0.229624
NC_050078.2	31172405	35510598	0.254622	0.040826	0.020916	-0.078447
NC_050078.2	31283234	35510975	-0.256865	-0.033829	-0.017553	-0.502381
NC_050078.2	31283526	35510993	-0.398768	-0.066241	-0.035386	-0.606480
NC_050078.2	31695069	36767952	-0.352852	-0.060470	-0.032909	-0.576890
NC_050078.2	32871624	36768293	-0.309854	-0.062366	-0.032051	-0.548371
NC_050078.2	33136097	36855785	-0.386161	-0.084792	-0.052163	-0.593397
NC_050078.2	35243004	37698730	-0.337094	-0.064924	-0.046652	-0.594405
NC_050078.2	35510584	37866493	-0.675088	-0.164368	-0.107709	-0.818967
NC_050078.2	35510588	38451672	-0.523995	-0.107310	-0.064487	-0.721860
NC_050078.2	35510598	38451696	-0.456462	-0.096693	-0.058355	-0.676706
NC_050078.2	35510975	38451706	-0.310280	-0.051872	-0.032632	-0.565187
NC_050078.2	35510993	38451707	0.030335	0.004898	0.003142	-0.262052
NC_050078.2	36767952	38451779	0.763041	0.136933	0.090087	0.702135
NC_050078.2	36768293	38634440	0.717833	0.136873	0.085555	0.654128
NC_050078.2	36855785	38634507	0.677473	0.120510	0.073387	0.609856
NC_050078.2	37698730	38634523	0.957471	0.270848	0.169878	0.957471
NC_050078.2	37866493	39541125	0.954668	0.488234	0.235838	0.882583
NC_050078.2	38451672	40067043	0.955009	0.403222	0.190429	0.883401
NC_050078.2	38451696	40892132	0.953115	0.333680	0.168171	0.878876
NC_050078.2	38451706	40892211	0.950797	0.281962	0.150390	0.873375
NC_050078.2	38451707	41364108	0.969382	0.266428	0.139645	0.891265
NC_050078.2	38451779	43681196	0.967770	0.120237	0.059076	0.886023
NC_050078.2	38634440	43892458	0.951382	0.078181	0.038457	0.835149
NC_050078.2	38634507	44745000	0.983819	0.071168	0.037347	0.863785
NC_050078.2	38634523	44745232	0.998918	0.071807	0.037620	0.359096
NC_050078.2	39541125	45863444	-0.729340	-0.047724	-0.024596	-0.262187
NC_050078.2	40067043	46124662	-0.753061	-0.048415	-0.024885	-0.282653
NC_050078.2	40892132	46124715	-0.782363	-0.052079	-0.027014	-0.290617
NC_050078.2	40892211	46269231	-0.871626	-0.085269	-0.044454	-0.474018
NC_050078.2	41364108	46303488	-0.869896	-0.084073	-0.044104	-0.473472
NC_050078.2	43681196	46303746	-0.901161	-0.074812	-0.042998	-0.483248
NC_050078.2	43892458	46303798	-0.896848	-0.105061	-0.074494	-0.481911
NC_050078.2	44745000	46500185	-0.844378	-0.098896	-0.070708	-0.441886
NC_050078.2	44745232	46680241	-0.852498	-0.106635	-0.074694	-0.444339
NC_050078.2	45863444	47764144	-0.336837	-0.042777	-0.030423	-0.329364
NC_050078.2	46124662	49227713	0.212704	0.013576	0.010486	-0.001672
NC_050078.2	46124715	49227941	0.431647	0.035566	0.027903	0.183871
NC_050078.2	46269231	49495826	0.422725	0.036482	0.028315	0.176626
NC_050078.2	46303488	49495833	0.987404	0.059627	0.049339	0.892061
NC_050078.2	46303746	49495881	0.976178	0.061697	0.050601	0.880541
NC_050078.2	46303798	49496097	0.976113	0.069485	0.055693	0.880292
NC_050078.2	46500185	49496137	0.964784	0.077166	0.060305	0.868724
NC_050078.2	46680241	49496166	0.953247	0.079013	0.060711	0.947166
NC_050078.2	47764144	49496167	0.953078	0.079020	0.060662	0.947004
NC_050078.2	49227713	49758675	0.947654	0.099014	0.084885	0.930809
NC_050078.2	49227941	49758708	0.947148	0.146158	0.127297	0.490915
NC_050078.2	49495826	49758735	0.905024	0.108203	0.107592	0.210121
NC_050078.2	49495833	49758746	0.961013	0.190789	0.190054	0.345004
NC_050078.2	49495881	49758786	0.973127	0.304946	0.303667	0.436769
NC_050078.2	49496097	49759009	0.986345	0.368940	0.368000	0.510671
NC_050078.2	49496137	49759016	0.988966	0.471667	0.470429	0.564368
NC_050078.2	49496166	49759042	0.995372	0.517811	0.517189	0.611099
NC_050078.2	49496167	49759056	1.000000	0.556721	0.556721	0.649444
NC_050078.2	49758675	51334721	1.000000	0.400494	0.350101	0.649476
NC_050078.2	49758708	51485082	1.000000	0.275494	0.244754	0.544656
NC_050078.2	49758735	52449681	1.000000	0.304524	0.267283	0.654917
NC_050078.2	49758746	52449970	1.000000	0.289837	0.255748	0.818809
NC_050078.2	49758786	52789019	1.000000	0.224402	0.190708	0.749223
NC_050078.2	49759009	52789031	1.000000	0.186005	0.158799	0.672641
NC_050078.2	49759016	52789078	1.000000	0.149867	0.128500	0.587953
NC_050078.2	49759042	52789329	1.000000	0.115795	0.099692	0.493798
NC_050078.2	49759056	53163324	1.000000	0.131883	0.115850	0.564586
NC_050078.2	51334721	53191488	0.998103	0.098085	0.081459	0.310048
NC_050078.2	51485082	54059039	0.223846	0.045864	0.037117	0.094531
NC_050078.2	52449681	54059077	0.200007	0.053072	0.040926	0.094696
NC_050078.2	52449970	54059119	0.192711	0.049984	0.035766	0.091353
NC_050078.2	52789019	54059122	0.184185	0.053284	0.036891	0.087347
NC_050078.2	52789031	54059350	0.140233	0.050005	0.034130	0.068025
NC_050078.2	52789078	54059374	0.092411	0.036443	0.021240	0.045971
NC_050078.2	52789329	54322081	0.045577	0.020290	0.010152	0.015824
NC_050078.2	53163324	54429763	-0.336135	-0.158984	-0.083488	-0.149327
NC_050078.2	53191488	55560269	-0.959817	-0.156553	-0.107379	-0.338559
NC_050078.2	54059039	55560310	-0.920796	-0.149125	-0.109198	-0.476528
NC_050078.2	54059077	55560539	-0.788861	-0.062814	-0.050071	-0.297217
NC_050078.2	54059119	56149781	-0.698793	-0.054311	-0.043880	-0.270057
NC_050078.2	54059122	56212802	-0.780607	-0.078108	-0.065400	-0.434902
NC_050078.2	54059350	56371059	-0.756117	-0.069772	-0.059258	-0.389340
NC_050078.2	54059374	56371085	-0.750635	-0.068949	-0.058591	-0.386677
NC_050078.2	54322081	56698403	-0.735037	-0.059840	-0.051767	-0.381000
NC_050078.2	54429763	56698471	-0.202635	-0.021985	-0.019761	-0.201456
NC_050078.2	55560269	57557390	0.352769	0.023583	0.021117	0.082551
NC_050078.2	55560310	57557391	0.508193	0.072998	0.061336	0.187756
NC_050078.2	55560539	57557464	0.603358	0.111660	0.093241	0.271249
NC_050078.2	56149781	57557485	0.667665	0.165466	0.135444	0.339177
NC_050078.2	56212802	57557630	0.712371	0.213341	0.173191	0.393385
NC_050078.2	56371059	57557689	0.999968	0.336313	0.279321	0.721269
NC_050078.2	56371085	57557699	1.000000	0.430887	0.350797	0.803331
NC_050078.2	56698403	57561448	0.627301	0.302566	0.228441	0.537877
NC_050078.2	56698471	58600316	0.626263	0.286426	0.224068	0.536861
NC_050078.2	57557390	58808994	0.554878	0.191032	0.109637	0.442517
NC_050078.2	57557391	59139050	0.550030	0.173702	0.108562	0.550030
NC_050078.2	57557464	60244794	0.494037	0.125339	0.074194	0.454355
NC_050078.2	57557485	60244832	0.410228	0.087299	0.052150	0.372325
NC_050078.2	57557630	60244884	0.305109	0.053581	0.032370	0.258176
NC_050078.2	57557689	60420285	0.132305	0.019311	0.011486	0.061536
NC_050078.2	57557699	60420327	-0.145848	-0.015682	-0.009108	-0.057905
NC_050078.2	57561448	60420373	-0.686474	-0.048823	-0.028673	-0.212184
NC_050078.2	58600316	62432615	0.976473	0.060710	0.033617	0.329853
NC_050078.2	58808994	62432630	0.976707	0.070550	0.037663	0.331631
NC_050078.2	59139050	62432889	0.977124	0.085066	0.052639	0.334855
NC_050078.2	60244794	63401319	0.998174	0.083260	0.052288	0.339645
NC_050078.2	60244832	63401505	0.998417	0.094338	0.063298	0.363970
NC_050078.2	60244884	63401516	0.998405	0.101942	0.066453	0.362561
NC_050078.2	60420285	63585297	-0.076245	-0.012172	-0.008126	0.027952
NC_050078.2	60420327	64354287	-0.070032	-0.010350	-0.006451	0.057816
NC_050078.2	60420373	64354506	-0.069330	-0.010373	-0.006437	0.058360
NC_050078.2	62432615	64354532	-0.067562	-0.010048	-0.006001	0.059731
NC_050078.2	62432630	64407010	-0.753252	-0.053934	-0.033772	-0.753252
NC_050078.2	62432889	64408795	0.067671	0.008582	0.005322	0.067671
NC_050078.2	63401319	64691023	0.094413	0.012410	0.007722	0.078504
NC_050078.2	63401505	66057659	0.098002	0.012671	0.007340	0.081542
NC_050078.2	63401516	66212549	0.088790	0.010845	0.006405	0.073751
NC_050078.2	63585297	66212576	0.092090	0.010765	0.006481	0.076539
NC_050078.2	64354287	66266809	1.000000	0.075098	0.044052	0.731220
NC_050078.2	64354506	66621046	1.000000	0.074901	0.048414	0.745182
NC_050078.2	64354532	66621047	1.000000	0.083111	0.054765	0.757520
NC_050078.2	64407010	66621050	1.000000	0.093259	0.062461	0.768495
NC_050078.2	64408795	66621053	1.000000	0.134901	0.100477	0.776948
NC_050078.2	64691023	66621058	1.000000	0.066513	0.050392	0.590712
NC_050078.2	66057659	66621084	1.000000	0.072661	0.058176	1.000000
NC_050078.2	66212549	66621116	1.000000	0.131744	0.131744	1.000000
NC_050078.2	66212576	66621137	1.000000	0.135401	0.135401	1.000000
NC_050078.2	66266809	66621147	0.977478	0.173360	0.173360	0.977478
NC_050078.2	66621046	66621286	0.979495	0.196130	0.196130	0.979495
NC_050078.2	66621047	66621291	0.979462	0.352258	0.283709	0.952202
NC_050078.2	66621050	66621321	0.979462	0.352258	0.283709	0.952202
NC_050078.2	66621053	66621322	0.979462	0.352258	0.283709	0.952202
NC_050078.2	66621058	66621341	0.979462	0.352258	0.283709	0.952202
NC_050078.2	66621084	66621355	0.979462	0.352258	0.283709	0.952202
NC_050078.2	66621116	66658116	0.983326	0.253759	0.154525	0.960990
NC_050078.2	66621137	67263356	0.982073	0.098953	0.060308	0.606476
NC_050078.2	66621147	67551158	0.981401	0.090205	0.056067	0.597495
NC_050078.2	66621286	67551188	1.000000	0.077196	0.049218	0.583352
NC_050078.2	66621291	67588359	1.000000	0.067235	0.043503	0.559597
NC_050078.2	66621321	68300429	1.000000	0.046369	0.033740	0.548310
NC_050078.2	66621322	68842063	1.000000	0.031933	0.023894	0.518390
NC_050078.2	66621341	68842079	-0.245036	-0.017852	-0.012892	-0.173867
NC_050078.2	66621355	69200977	-0.316909	-0.018585	-0.013278	-0.221157
NC_050078.2	66658116	69476596	-0.401175	-0.019934	-0.013889	-0.274653
NC_050078.2	67263356	69943574	-0.774089	-0.028993	-0.020191	-0.447689
NC_050078.2	67551158	69943641	-0.788067	-0.035107	-0.025808	-0.687089
NC_050078.2	67551188	69974708	-0.805273	-0.038179	-0.027827	-0.704917
NC_050078.2	67588359	69974715	-0.763187	-0.037010	-0.026982	-0.670022
NC_050078.2	68300429	69974718	-0.735756	-0.036827	-0.026732	-0.647169
NC_050078.2	68842063	70398076	-0.738731	-0.043120	-0.029383	-0.567585
NC_050078.2	68842079	70398396	-0.718080	-0.048424	-0.030541	-0.491696
NC_050078.2	69200977	70490714	0.920157	0.051647	0.034330	0.602207
NC_050078.2	69476596	70490821	0.919968	0.061192	0.041301	0.601593
NC_050078.2	69943574	71377956	0.922515	0.071013	0.051180	0.609975
NC_050078.2	69943641	71627712	0.926516	0.098151	0.079423	0.689923
NC_050078.2	69974708	71627791	0.907861	0.111526	0.087521	0.676231
NC_050078.2	69974715	71838082	0.962601	0.115947	0.083878	0.711795
NC_050078.2	69974718	71838162	0.962037	0.104378	0.077342	0.708596
NC_050078.2	70398076	71917368	0.961274	0.094080	0.067875	0.704301
NC_050078.2	70398396	73152049	0.960665	0.090886	0.064072	0.810485
NC_050078.2	70490714	73259431	0.979515	0.188816	0.139238	0.979515
NC_050078.2	70490821	73259452	0.980998	0.200663	0.148585	0.980998
NC_050078.2	71377956	73669781	0.461403	0.136952	0.090579	0.461403
NC_050078.2	71627712	74124022	0.238533	0.074883	0.046579	0.079143
NC_050078.2	71627791	74147853	0.388953	0.141302	0.090020	0.241774
NC_050078.2	71838082	74494761	0.394179	0.114109	0.078529	0.230443
NC_050078.2	71838162	74494767	0.399164	0.115407	0.083438	0.220471
NC_050078.2	71917368	75518460	0.398530	0.115414	0.083380	0.219824
NC_050078.2	73152049	75518534	0.398522	0.122549	0.090322	0.219817
NC_050078.2	73259431	75518760	0.513016	0.183100	0.137124	0.341397
NC_050078.2	73259452	75518783	0.513897	0.194842	0.151878	0.342372
NC_050078.2	73669781	75518784	0.513516	0.194545	0.151647	0.341950
NC_050078.2	74124022	75518831	0.771346	0.236519	0.189748	0.521041
NC_050078.2	74147853	77266146	0.995327	0.233081	0.171812	0.850403
NC_050078.2	74494761	77268830	0.995423	0.237671	0.167522	0.853024
NC_050078.2	74494767	77269148	0.996316	0.333969	0.226698	0.931575
NC_050078.2	75518460	77316085	0.996452	0.353218	0.222336	0.888049
NC_050078.2	75518534	77445455	0.703658	0.304405	0.176700	0.637167
NC_050078.2	75518760	77445513	0.703658	0.284359	0.169754	0.637167
NC_050078.2	75518783	77538866	0.691073	0.276338	0.169691	0.623270
NC_050078.2	75518784	77538903	0.632643	0.213846	0.131053	0.545057
NC_050078.2	75518831	77539731	0.549206	0.152970	0.093356	0.413217
NC_050078.2	77266146	77800130	0.555938	0.121224	0.081827	0.420868
NC_050078.2	77268830	79095059	0.518804	0.134820	0.102198	0.393887
NC_050078.2	77269148	79095091	0.051799	0.014095	0.010553	0.039130
NC_050078.2	77316085	79236430	-0.033843	-0.007587	-0.005568	-0.025013
NC_050078.2	77445455	79728074	-0.197968	-0.037516	-0.030426	-0.168645
NC_050078.2	77445513	79728129	0.077747	0.012201	0.010485	0.055133
NC_050078.2	77538866	79755989	0.050833	0.008735	0.007288	0.030742
NC_050078.2	77538903	79756009	-0.121037	-0.018890	-0.015317	-0.065863
NC_050078.2	77539731	79756012	-0.147366	-0.023707	-0.019025	-0.085487
NC_050078.2	77800130	80009754	-0.166411	-0.026031	-0.020827	-0.113052
NC_050078.2	79095059	80009967	-0.084212	-0.018643	-0.014646	-0.050615
NC_050079.1	605662	942548	0.793438	0.184058	0.131104	0.544626
NC_050079.1	605663	942597	0.706600	0.213558	0.131711	0.387014
NC_050079.1	605681	1320074	0.758246	0.194792	0.128372	0.426299
NC_050079.1	605702	1543298	0.748255	0.164780	0.102743	0.373591
NC_050079.1	795109	1543555	0.735536	0.154374	0.088977	0.358179
NC_050079.1	795144	2104514	0.739316	0.148401	0.084972	0.362679
NC_050079.1	795178	2104534	0.717516	0.144476	0.079758	0.337602
NC_050079.1	942306	2104536	0.691679	0.127917	0.071437	0.310412
NC_050079.1	942317	2104587	-0.182229	-0.060421	-0.027960	-0.098009
NC_050079.1	942548	2104729	-0.153303	-0.038364	-0.021929	-0.082380
NC_050079.1	942597	2492205	-0.062967	-0.011088	-0.007545	-0.043770
NC_050079.1	1320074	2492393	-0.025363	-0.004201	-0.003003	-0.025363
NC_050079.1	1543298	2580116	-0.059568	-0.011963	-0.007875	-0.054089
NC_050079.1	1543555	2580127	-0.485423	-0.092233	-0.061846	-0.387700
NC_050079.1	2104514	2580130	-0.524437	-0.113193	-0.078947	-0.413737
NC_050079.1	2104534	2580136	-0.494177	-0.137730	-0.095875	-0.366628
NC_050079.1	2104536	2580143	-0.471406	-0.171288	-0.113051	-0.335318
NC_050079.1	2104587	2580144	-0.428095	-0.203244	-0.126063	-0.287959
NC_050079.1	2104729	2580145	-0.051126	-0.016961	-0.011993	-0.032347
NC_050079.1	2492205	2580146	-0.044394	-0.026637	-0.016012	-0.027355
NC_050079.1	2492393	2580188	-0.098550	-2.746180	-0.161266	-0.054705
NC_050079.1	2580116	2580275	-0.101386	-3.154577	-0.180910	-0.055962
NC_050079.1	2580127	2580278	-0.101499	-3.112767	-0.518989	-0.056164
NC_050079.1	2580130	2580279	-0.187876	-6.900434	-0.651723	-0.105921
NC_050079.1	2580136	2580280	-0.138865	-2.700087	-0.523907	-0.074865
NC_050079.1	2580143	2580292	-0.138865	-2.700087	-0.523907	-0.074865
NC_050079.1	2580144	2580339	-0.112791	-1.811551	-0.430418	-0.059818
NC_050079.1	2580145	2580386	-0.137685	-2.532289	-0.499390	-0.074291
NC_050079.1	2580146	2580387	-0.137678	-2.676334	-0.504274	-0.074081
NC_050079.1	2580188	3218535	-0.117296	-0.053951	-0.030507	-0.065790
NC_050079.1	2580275	3218804	-0.070923	-0.024441	-0.015152	-0.040569
NC_050079.1	2580278	3231239	-0.066153	-0.020095	-0.009645	-0.030681
NC_050079.1	2580279	4272019	-0.434881	-0.161837	-0.077358	-0.243231
NC_050079.1	2580280	4272063	-0.349164	-0.102924	-0.053948	-0.188386
NC_050079.1	2580292	4272191	-0.385956	-0.091116	-0.050500	-0.214568
NC_050079.1	2580339	4272271	-0.391798	-0.067227	-0.040717	-0.221442
NC_050079.1	2580386	4941390	-0.480144	-0.057211	-0.032539	-0.280884
NC_050079.1	2580387	5564955	-0.487265	-0.056617	-0.030273	-0.286479
NC_050079.1	3218535	6089111	-0.559301	-0.055010	-0.028936	-0.335974
NC_050079.1	3218804	6089211	-0.681853	-0.093664	-0.045588	-0.399008
NC_050079.1	3231239	6089234	-0.792331	-0.116868	-0.052008	-0.453835
NC_050079.1	4272019	6089403	-0.568356	-0.076857	-0.043995	-0.438319
NC_050079.1	4272063	6089466	0.713505	0.038747	0.023495	0.285673
NC_050079.1	4272191	8105283	0.652154	0.029472	0.015243	0.252012
NC_050079.1	4272271	8459605	0.628487	0.026915	0.013209	0.233135
NC_050079.1	4941390	8459796	0.638653	0.030808	0.014418	0.241055
NC_050079.1	5564955	9199323	0.684202	0.030113	0.017100	0.257591
NC_050079.1	6089111	9199399	0.764084	0.031736	0.020317	0.285292
NC_050079.1	6089211	9497489	-0.349775	-0.036162	-0.023438	-0.216262
NC_050079.1	6089234	9748288	-0.273106	-0.024678	-0.016969	-0.157682
NC_050079.1	6089403	10195715	-0.178336	-0.016273	-0.011604	-0.089350
NC_050079.1	6089466	11574097	-0.175305	-0.014925	-0.009973	-0.102189
NC_050079.1	8105283	11604764	0.006058	0.000597	0.000402	0.004421
NC_050079.1	8459605	11604997	0.212580	0.027146	0.021485	0.163889
NC_050079.1	8459796	11605010	-0.056021	-0.009794	-0.007539	-0.045435
NC_050079.1	9199323	11739040	-0.074095	-0.012265	-0.009075	-0.059900
NC_050079.1	9199399	11739163	-0.074326	-0.015058	-0.010278	-0.060084
NC_050079.1	9497489	11739279	-0.032269	-0.006805	-0.004643	-0.026284
NC_050079.1	9748288	11941719	-0.094330	-0.019833	-0.013693	-0.077768
NC_050079.1	10195715	12218412	-0.341626	-0.114875	-0.068410	-0.306599
NC_050079.1	11574097	12218643	-0.376653	-0.132064	-0.076478	-0.376653
NC_050079.1	11604764	12559820	-0.442195	-0.193723	-0.106087	-0.285362
NC_050079.1	11604997	12559893	-0.624016	-0.246192	-0.125318	-0.385462
NC_050079.1	11605010	12559894	-0.858297	-0.321503	-0.156993	-0.502469
NC_050079.1	11739040	12590596	-0.795185	-0.202631	-0.102491	-0.421183
NC_050079.1	11739163	13346424	-0.337951	-0.112444	-0.059157	-0.144196
NC_050079.1	11739279	15675932	-0.338083	-0.080805	-0.044359	-0.144261
NC_050079.1	11941719	15676017	-0.391160	-0.088442	-0.048930	-0.169796
NC_050079.1	12218412	16044762	-0.053479	-0.009271	-0.004957	0.027421
NC_050079.1	12218643	16045029	0.036354	0.005634	0.003227	0.056811
NC_050079.1	12559820	16045035	0.042450	0.006613	0.003789	0.058622
NC_050079.1	12559893	16120494	-0.349648	-0.083697	-0.043213	-0.149642
NC_050079.1	12559894	16195999	-0.335178	-0.053229	-0.032962	-0.142393
NC_050079.1	12590596	16196042	-0.321015	-0.051491	-0.030768	-0.135236
NC_050079.1	13346424	16196066	-0.334436	-0.056191	-0.035325	-0.142020
NC_050079.1	15675932	17231670	-0.850848	-0.115948	-0.063898	-0.303812
NC_050079.1	15676017	17231713	-0.807362	-0.144133	-0.079581	-0.284657
NC_050079.1	16044762	17826991	-0.765890	-0.142547	-0.078054	-0.274107
NC_050079.1	16045029	17826992	-0.759155	-0.135241	-0.075762	-0.381802
NC_050079.1	16045035	18124152	-0.565529	-0.059982	-0.034748	-0.200350
NC_050079.1	16120494	18307729	-0.567076	-0.055765	-0.032934	-0.200770
NC_050079.1	16195999	18307763	0.998735	0.091846	0.064466	0.338342
NC_050079.1	16196042	18308071	0.997987	0.184362	0.106197	0.211496
NC_050079.1	16196066	18771374	0.997906	0.156241	0.096080	0.198812
NC_050079.1	17231670	20414851	0.998123	0.111387	0.068846	0.216857
NC_050079.1	17231713	20696631	0.999164	0.103567	0.077172	0.326070
NC_050079.1	17826991	20947552	0.999218	0.100985	0.070516	0.331498
NC_050079.1	17826992	20947827	0.999184	0.101164	0.067362	0.322205
NC_050079.1	18124152	21220516	0.384308	0.058050	0.030564	0.027685
NC_050079.1	18307729	21220579	0.043265	0.009095	0.004625	-0.176396
NC_050079.1	18307763	21260847	0.045163	0.008644	0.004659	-0.175448
NC_050079.1	18308071	22650856	-0.402709	-0.031648	-0.018858	-0.330243
NC_050079.1	18771374	23079257	-0.385939	-0.029379	-0.017823	-0.539915
NC_050079.1	20414851	23549422	-0.384118	-0.028040	-0.017763	-0.571462
NC_050079.1	20696631	24574280	-0.650325	-0.063755	-0.040459	-0.746031
NC_050079.1	20947552	24804412	-0.646369	-0.061292	-0.035254	-0.743911
NC_050079.1	20947827	25548623	-0.567403	-0.055144	-0.033027	-0.700542
NC_050079.1	21220516	25836423	-0.573205	-0.055625	-0.033045	-0.703648
NC_050079.1	21220579	25995696	-0.407505	-0.028102	-0.018774	-0.584726
NC_050079.1	21260847	25995762	-0.559000	-0.049540	-0.033045	-0.582626
NC_050079.1	22650856	26835195	-0.572371	-0.052778	-0.032936	-0.592174
NC_050079.1	23079257	26835238	-0.126169	-0.024824	-0.014584	-0.263235
NC_050079.1	23549422	27452957	-0.307468	-0.071174	-0.038251	-0.397297
NC_050079.1	24574280	27452988	-0.428032	-0.140825	-0.067825	-0.491091
NC_050079.1	24804412	27956057	-0.346646	-0.116249	-0.048548	-0.223704
NC_050079.1	25548623	28231855	-0.355287	-0.141505	-0.062722	-0.229387
NC_050079.1	25836423	28357702	-0.397512	-0.104057	-0.054389	-0.254278
NC_050079.1	25995696	28357730	-0.398888	-0.108667	-0.056378	-0.255368
NC_050079.1	25995762	28357739	-0.406446	-0.120334	-0.060685	-0.260141
NC_050079.1	26835195	28357747	-0.166151	-0.038128	-0.019307	-0.092817
NC_050079.1	26835238	28357755	-0.166603	-0.042601	-0.022333	-0.093092
NC_050079.1	27452957	28357760	-0.993690	-0.167637	-0.083132	-0.424847
NC_050079.1	27452988	28357761	-0.994133	-0.111136	-0.060324	-0.285021
NC_050079.1	27956057	28357762	-1.000000	-0.016754	-0.009321	-0.053441
NC_050079.1	28231855	28357764	-1.000000	-0.021819	-0.015689	-0.802062
NC_050079.1	28357702	28357800	-1.000000	-0.020517	-0.014803	-0.792299
NC_050079.1	28357730	28357948	-1.000000	10.097488	-0.089755	-0.792299
NC_050079.1	28357739	28357963	-1.000000	-0.112180	-0.066292	-0.792299
NC_050079.1	28357747	28357969	-1.000000	-0.112180	-0.099853	-0.792299
NC_050079.1	28357755	28358002	-1.000000	-0.112180	-0.099853	-0.792299
NC_050079.1	28357760	28358031	-1.000000	-0.046178	-0.043945	-0.792299
NC_050079.1	28357761	28358036	-1.000000	-0.046178	-0.043945	-0.792299
NC_050079.1	28357762	28358040	-1.000000	-0.046178	-0.043945	-0.792299
NC_050079.1	28357764	28358056	-1.000000	-0.046178	-0.043945	-0.792299
NC_050079.1	28357800	28897206	-1.000000	-0.161471	-0.090768	-1.000000
NC_050079.1	28357948	30677650	-0.901596	-0.048720	-0.036227	-0.945262
NC_050079.1	28357963	31081280	-0.895857	-0.044215	-0.033509	-0.942515
NC_050079.1	28357969	31081485	-0.961890	-0.142013	-0.098389	-0.970617
NC_050079.1	28358002	31880537	-0.191905	-0.030563	-0.020938	-0.316198
NC_050079.1	28358031	31880863	-0.326348	-0.063329	-0.039434	-0.409998
NC_050079.1	28358036	31965563	-0.223475	-0.050483	-0.028527	-0.315563
NC_050079.1	28358040	31965639	-0.216735	-0.047119	-0.026386	-0.309720
NC_050079.1	28358056	32754327	-0.192718	-0.029783	-0.016721	-0.266493
NC_050079.1	28897206	33135541	-0.169967	-0.024965	-0.014415	-0.247333
NC_050079.1	30677650	33135546	0.225900	0.038559	0.023795	0.207446
NC_050079.1	31081280	33691241	0.220889	0.051664	0.028770	0.202737
NC_050079.1	31081485	33794668	0.225969	0.052685	0.029465	0.207512
NC_050079.1	31880537	33994539	0.645930	0.106457	0.063019	0.577260
NC_050079.1	31880863	34915421	0.454734	0.052505	0.031429	0.385576
NC_050079.1	31965563	34915628	0.984362	0.077298	0.051132	0.811280
NC_050079.1	31965639	35259385	0.981191	0.062902	0.044563	0.780820
NC_050079.1	32754327	35259398	0.968281	0.063849	0.046051	0.767080
NC_050079.1	33135541	35259414	0.968958	0.093272	0.080577	0.964812
NC_050079.1	33135546	35259479	0.140483	0.025402	0.019318	0.138799
NC_050079.1	33691241	35259639	-0.715991	-0.066915	-0.049248	-0.714434
NC_050079.1	33794668	35273118	-0.724741	-0.074807	-0.052261	-0.723146
NC_050079.1	33994539	36365564	-0.754299	-0.053182	-0.034532	-0.752506
NC_050079.1	34915421	36365780	-0.847327	-0.095445	-0.058958	-0.884071
NC_050079.1	34915628	36852118	-0.746060	-0.081114	-0.054520	-0.806135
NC_050079.1	35259385	36852189	-0.665011	-0.076777	-0.049978	-0.741969
NC_050079.1	35259398	36869897	-0.663033	-0.070569	-0.047243	-0.740385
NC_050079.1	35259414	37923117	-0.663404	-0.055834	-0.038327	-0.740290
NC_050079.1	35259479	37923425	-0.058713	-0.007371	-0.005141	-0.210299
NC_050079.1	35259639	38161848	0.425681	0.032580	0.022968	0.117560
NC_050079.1	35273118	38162169	0.444286	0.034595	0.024438	0.140124
NC_050079.1	36365564	38316350	0.449922	0.034954	0.024839	0.140031
NC_050079.1	36365780	38316382	0.443945	0.044354	0.032950	0.131358
NC_050079.1	36852118	38316385	0.970550	0.071094	0.053801	0.849217
NC_050079.1	36852189	38316386	0.962208	0.096154	0.067276	0.800948
NC_050079.1	36869897	38316398	0.952754	0.097173	0.069246	0.751619
NC_050079.1	37923117	38316408	0.945522	0.113890	0.076490	0.718235
NC_050079.1	37923425	38316412	0.957894	0.196321	0.121259	0.696252
NC_050079.1	38161848	38316417	0.682176	0.031082	0.015754	0.164248
NC_050079.1	38162169	39032088	0.743025	0.054153	0.030951	0.131306
NC_050079.1	38316350	39032105	0.507671	0.041890	0.021651	0.065995
NC_050079.1	38316382	39112894	0.942881	0.309841	0.182501	0.534834
NC_050079.1	38316385	39112900	0.953954	0.263082	0.154463	0.577356
NC_050079.1	38316386	39112910	0.960437	0.233807	0.149395	0.618407
NC_050079.1	38316398	39112950	0.968790	0.213478	0.132270	0.658064
NC_050079.1	38316408	39169750	0.974604	0.183818	0.121807	0.683233
NC_050079.1	38316412	39253036	0.988314	0.206575	0.146389	0.803683
NC_050079.1	38316417	39253276	0.411854	0.111540	0.072822	0.359838
NC_050079.1	39032088	39465213	0.414917	0.072490	0.050354	0.369107
NC_050079.1	39032105	39765428	0.407145	0.067514	0.045421	0.407145
NC_050079.1	39112894	39765498	0.108557	0.022915	0.014895	0.108525
NC_050079.1	39112900	40878220	-0.162564	-0.021442	-0.014608	-0.162503
NC_050079.1	39112910	40944310	-0.195596	-0.020708	-0.014038	-0.194207
NC_050079.1	39112950	41125144	-0.237090	-0.025202	-0.016802	-0.235597
NC_050079.1	39169750	42357251	-0.250334	-0.025704	-0.017660	-0.235073
NC_050079.1	39253036	42357298	-0.216602	-0.023654	-0.016076	-0.203592
NC_050079.1	39253276	42357490	-0.714085	-0.061908	-0.041574	-0.612905
NC_050079.1	39465213	42489517	-0.474295	-0.023295	-0.016046	-0.366402
NC_050079.1	39765428	43225341	-0.419826	-0.028350	-0.018927	-0.242998
NC_050079.1	39765498	43225389	0.021866	0.002394	0.001675	0.015868
NC_050079.1	40878220	43554749	0.877281	0.052471	0.036462	0.443254
NC_050080.1	26617	3622845	-0.812599	-0.072511	-0.042180	-0.553792
NC_050080.1	468370	3622847	-0.417833	-0.049980	-0.028627	-0.395012
NC_050080.1	1356242	3676262	-0.398122	-0.052331	-0.028144	-0.376664
NC_050080.1	1368739	4087807	-0.342295	-0.052994	-0.030788	-0.324544
NC_050080.1	1368893	4088094	-0.283854	-0.040132	-0.024621	-0.269734
NC_050080.1	1368900	4408284	0.025689	0.004890	0.002975	0.025689
NC_050080.1	2926857	4651054	0.237576	0.054078	0.032639	0.237576
NC_050080.1	3056937	4651354	0.487837	0.112766	0.076002	0.487837
NC_050080.1	3057251	4707928	0.487635	0.107214	0.073420	0.487635
NC_050080.1	3622845	4707936	0.487528	0.105436	0.073823	0.487528
NC_050080.1	3622847	4960398	0.938174	0.201880	0.135674	0.938174
NC_050080.1	3676262	4976367	0.924478	0.150051	0.103512	0.924478
NC_050080.1	4087807	4976685	0.924273	0.161158	0.112129	0.924273
NC_050080.1	4088094	5228538	0.921187	0.127741	0.094134	0.861760
NC_050080.1	4408284	5485653	0.917401	0.128257	0.097544	0.855566
NC_050080.1	4651054	5485792	0.851187	0.070916	0.052999	0.753122
NC_050080.1	4651354	5485848	0.076173	0.001473	0.001218	0.048385
NC_050080.1	4707928	5758412	0.730688	0.049491	0.038542	0.625902
NC_050080.1	4707936	5758421	0.711052	0.056019	0.042103	0.609269
NC_050080.1	4960398	6194013	0.711415	0.050808	0.038666	0.609690
NC_050080.1	4976367	6472617	0.205645	0.020721	0.017153	-0.106097
NC_050080.1	4976685	6836636	0.172684	0.014520	0.009747	-0.132817
NC_050080.1	5228538	6836868	0.153785	0.012694	0.008633	-0.150045
NC_050080.1	5485653	6836980	0.144019	0.012822	0.008773	-0.173119
NC_050080.1	5485792	7127845	0.140573	0.012661	0.008231	-0.176528
NC_050080.1	5485848	7127847	0.139813	0.012602	0.008188	-0.177279
NC_050080.1	5758412	7127848	0.182074	0.017012	0.010855	-0.151459
NC_050080.1	5758421	7628777	-0.776453	-0.026945	-0.018974	-0.744360
NC_050080.1	6194013	7641986	-0.806868	-0.029263	-0.021141	-0.761510
NC_050080.1	6472617	7641989	-0.717733	-0.028857	-0.020707	-0.717564
NC_050080.1	6836636	7647506	0.289580	0.004915	0.003576	0.138612
NC_050080.1	6836868	7647696	0.501842	0.012757	0.011091	0.227842
NC_050080.1	6836980	7719830	0.848289	0.074780	0.064538	0.620893
NC_050080.1	7127845	7720201	0.847324	0.076727	0.065914	0.619130
NC_050080.1	7127847	8604666	0.852766	0.063605	0.056272	0.629146
NC_050080.1	7127848	8661737	0.853587	0.056958	0.051041	0.630675
NC_050080.1	7628777	8769035	0.860668	0.053065	0.048156	0.644041
NC_050080.1	7641986	8769038	0.866997	0.063985	0.058233	0.726913
NC_050080.1	7641989	9639036	1.000000	0.072383	0.064471	0.758673
NC_050080.1	7647506	9639054	0.999947	0.071330	0.063484	0.695578
NC_050080.1	7647696	9639125	0.999943	0.066792	0.059279	0.675792
NC_050080.1	7719830	10366073	0.175432	0.016527	0.013827	0.141949
NC_050080.1	7720201	10366104	-0.501213	-0.025967	-0.021721	-0.350635
NC_050080.1	8604666	10366335	-0.495700	-0.029341	-0.023981	-0.347161
NC_050080.1	8661737	10366423	-0.567121	-0.039601	-0.032664	-0.391577
NC_050080.1	8769035	11560729	-0.561396	-0.043219	-0.032253	-0.373591
NC_050080.1	8769038	11991962	-0.516149	-0.044260	-0.030837	-0.301809
NC_050080.1	9639036	12818441	-0.681296	-0.058582	-0.041131	-0.465178
NC_050080.1	9639054	12821019	-0.703583	-0.060739	-0.040095	-0.512090
NC_050080.1	9639125	12821021	-0.724918	-0.066845	-0.041504	-0.563772
NC_050080.1	10366073	12821091	-0.759332	-0.079228	-0.048992	-0.638110
NC_050080.1	10366104	13125255	-0.420123	-0.018366	-0.012175	-0.384603
NC_050080.1	10366335	13463236	-0.419748	-0.018354	-0.012168	-0.384413
NC_050080.1	10366423	13463497	-0.427433	-0.019013	-0.012519	-0.388299
NC_050080.1	11560729	13463554	-0.399444	-0.018755	-0.012203	-0.374046
NC_050080.1	11991962	13675910	-0.380997	-0.014810	-0.010055	-0.406717
NC_050080.1	12818441	13676175	0.470389	0.050072	0.033447	0.276614
NC_050080.1	12821019	13676206	0.735637	0.075811	0.049795	0.735637
NC_050080.1	12821021	13676207	0.777869	0.080030	0.059020	0.777869
NC_050080.1	12821091	13676234	0.824146	0.078097	0.062636	0.824146
NC_050080.1	13125255	13799377	1.000000	0.081226	0.062747	1.000000
NC_050080.1	13463236	14172309	1.000000	0.103868	0.081906	1.000000
NC_050080.1	13463497	14315963	1.000000	0.083078	0.068592	1.000000
NC_050080.1	13463554	14316025	1.000000	0.079464	0.066345	1.000000
NC_050080.1	13675910	15322655	1.000000	0.078782	0.064762	0.887860
NC_050080.1	13676175	15329307	1.000000	0.102708	0.084091	0.909515
NC_050080.1	13676206	16150437	1.000000	0.033303	0.026604	0.784569
NC_050080.1	13676207	16875051	0.922408	0.029836	0.022045	0.727113
NC_050080.1	13676234	16936585	0.925100	0.030900	0.022850	0.734632
NC_050080.1	13799377	16936644	0.925354	0.030979	0.022915	0.735346
NC_050080.1	14172309	16936669	0.927372	0.031878	0.024609	0.741065
NC_050080.1	14315963	16936872	0.925280	0.032668	0.024889	0.735140
NC_050080.1	14316025	16936899	0.925690	0.039676	0.028807	0.736294
NC_050080.1	15322655	17074455	0.925690	0.039647	0.028791	0.736294
NC_050080.1	15329307	17074517	0.930285	0.047265	0.034146	0.930285
NC_050080.1	16150437	17106588	0.853926	0.021992	0.015515	0.853966
NC_050080.1	16875051	17992291	-0.550518	-0.071906	-0.048650	-0.550412
NC_050080.1	16936585	17992303	-0.423772	-0.064695	-0.050455	-0.423680
NC_050080.1	16936644	17992612	-0.322595	-0.055809	-0.033273	-0.322516
NC_050080.1	16936669	19689695	-0.316788	-0.036035	-0.020300	-0.257526
NC_050080.1	16936872	20167312	-0.333110	-0.036179	-0.020143	-0.270171
NC_050080.1	16936899	20167665	-0.076142	-0.010415	-0.005758	-0.064059
NC_050080.1	17074455	20789271	-0.089144	-0.012073	-0.006668	-0.074861
NC_050080.1	17074517	20789287	-0.100264	-0.013483	-0.007437	-0.084066
NC_050080.1	17106588	20789483	-0.171398	-0.020579	-0.011608	-0.142254
NC_050080.1	17992291	20945956	-0.161279	-0.017985	-0.010085	-0.134099
NC_050080.1	17992303	20945961	0.999903	0.111215	0.067599	0.839719
NC_050080.1	17992612	20946206	0.999898	0.105580	0.064174	0.832596
NC_050080.1	19689695	21055947	0.999890	0.091549	0.058144	0.821444
NC_050080.1	20167312	21110829	0.477633	0.085132	0.055944	0.171624
NC_050080.1	20167665	21228229	0.471788	0.096958	0.062324	0.094927
NC_050080.1	20789271	21291020	0.386780	0.061180	0.034554	0.034151
NC_050080.1	20789287	21753101	0.407972	0.044065	0.024997	0.048364
NC_050080.1	20789483	22176055	0.409100	0.040236	0.021966	0.049137
NC_050080.1	20945956	22335033	0.406102	0.037509	0.017383	0.047087
NC_050080.1	20945961	22335098	-0.096092	-0.015419	-0.006851	-0.153294
NC_050080.1	20946206	22909990	-0.763973	-0.073290	-0.032529	-0.444228
NC_050080.1	21055947	22984648	-0.863041	-0.141059	-0.058846	-0.560553
NC_050080.1	21110829	23495612	-0.864921	-0.126977	-0.060076	-0.561388
NC_050080.1	21228229	23495896	-0.833362	-0.099506	-0.047623	-0.449688
NC_050080.1	21291020	24723446	-0.240917	-0.039151	-0.017317	-0.240917
NC_050080.1	21753101	24992776	-0.269147	-0.047330	-0.020170	-0.269147
NC_050080.1	22176055	25788579	-0.464665	-0.107883	-0.048573	-0.464665
NC_050080.1	22335033	26557025	-0.468939	-0.108729	-0.050037	-0.468939
NC_050080.1	22335098	26557032	-0.499660	-0.138782	-0.073893	-0.499660
NC_050080.1	22909990	26816940	-0.071887	-0.016579	-0.008373	-0.071887
NC_050080.1	22984648	27537901	-0.234902	-0.069389	-0.033949	-0.234902
NC_050080.1	23495612	27622174	-0.018569	-0.004187	-0.002175	-0.018569
NC_050080.1	23495896	27622200	-0.018420	-0.004922	-0.002349	-0.018420
NC_050080.1	24723446	27622407	-0.013963	-0.003569	-0.001743	-0.013963
NC_050080.1	24992776	28088531	-0.355136	-0.071479	-0.039783	-0.317314
NC_050080.1	25788579	28088559	-0.078406	-0.018860	-0.011594	-0.070492
NC_050080.1	26557025	28810432	0.236011	0.037790	0.020739	0.200349
NC_050080.1	26557032	29133872	0.235125	0.039923	0.022451	0.127538
NC_050080.1	26816940	29134103	0.350274	0.052138	0.030173	0.182228
NC_050080.1	27537901	29168669	0.043645	0.004353	0.003059	0.019774
NC_050080.1	27622174	29168711	0.998684	0.052608	0.038372	0.280226
NC_050080.1	27622200	29168722	0.998594	0.049315	0.035954	0.267127
NC_050080.1	27622407	29169011	0.992769	0.050688	0.036496	0.173073
NC_050080.1	28088531	29724358	0.993372	0.048506	0.036175	0.180508
NC_050080.1	28088559	29960862	0.104474	0.009330	0.006673	0.031065
NC_050080.1	28810432	29961061	-0.695278	-0.042793	-0.030023	-0.152047
NC_050080.1	29133872	29961103	-0.125622	-0.019764	-0.017056	-0.038593
NC_050080.1	29134103	31538179	-0.115873	-0.016144	-0.011629	-0.054693
NC_050080.1	29168669	31538269	-0.108300	-0.015088	-0.010889	-0.051303
NC_050080.1	29168711	31538286	-0.108060	-0.017753	-0.012205	-0.051195
NC_050080.1	29168722	31539708	-0.112752	-0.016386	-0.011672	-0.053299
NC_050080.1	29169011	31539711	-0.141288	-0.022722	-0.015734	-0.070548
NC_050080.1	29724358	31539777	-0.133331	-0.019636	-0.013197	-0.128349
NC_050080.1	29960862	31539934	0.060479	0.013840	0.008499	0.116373
NC_050080.1	29961061	31539967	0.660396	0.073572	0.054288	0.679791
NC_050080.1	29961103	31540203	0.960266	0.132533	0.102325	0.951122
NC_050080.1	31538179	31540512	0.927517	0.086565	0.063312	0.918334
NC_050080.1	31538269	31906200	0.125410	0.025301	0.019557	0.172996
NC_050080.1	31538286	33032585	0.101616	0.018981	0.012805	0.150593
NC_050080.1	31539708	33176984	0.376587	0.065000	0.043721	0.398395
NC_050080.1	31539711	33354938	0.376331	0.059490	0.041143	0.398160
NC_050080.1	31539777	34271922	0.394322	0.055562	0.034924	0.420785
NC_050080.1	31539934	34271933	0.394860	0.055933	0.036097	0.421277
NC_050080.1	31539967	34271939	0.301277	0.036185	0.023528	0.301277
NC_050080.1	31540203	34272194	0.485398	0.086446	0.052875	0.485398
NC_050080.1	31540512	34272202	0.359090	0.053535	0.032212	0.359090
NC_050080.1	31906200	36733089	0.369662	0.053004	0.033565	0.369662
NC_050080.1	33032585	36733167	0.971359	0.093383	0.062120	0.971359
NC_050080.1	33176984	36733183	0.368888	0.052450	0.035116	0.368888
NC_050080.1	33354938	36733375	0.077919	0.010947	0.007338	0.077919
NC_050080.1	34271922	37768404	0.075682	0.012718	0.007901	0.075682
NC_050080.1	34271933	37768706	-0.085559	-0.019982	-0.014506	-0.085280
NC_050080.1	34271939	37768715	-0.089131	-0.022208	-0.015826	-0.088840
NC_050080.1	34272194	37768720	-0.328171	-0.119934	-0.078171	-0.327348
NC_050080.1	34272202	38342116	-0.907484	-0.232301	-0.162704	-0.501628
NC_050080.1	36733089	38342429	-0.907617	-0.225610	-0.156320	-0.501686
NC_050080.1	36733167	39845029	-0.922962	-0.172211	-0.114621	-0.508339
NC_050080.1	36733183	39845386	-0.938556	-0.164255	-0.111352	-0.515051
NC_050080.1	36733375	40039892	-0.887433	-0.097820	-0.072426	-0.363674
NC_050080.1	37768404	40040143	-0.925366	-0.108193	-0.074249	-0.374774
NC_050080.1	37768706	40040158	-0.916275	-0.109877	-0.076142	-0.372137
NC_050080.1	37768715	40179814	-0.613934	-0.059399	-0.041175	-0.223730
NC_050080.1	37768720	40179870	-0.611139	-0.057459	-0.040199	-0.222956
NC_050080.1	38342116	40934156	0.994053	0.016677	0.012706	0.103369
NC_050081.1	1093305	2675109	0.995497	0.009525	0.006699	0.056254
NC_050081.1	1093360	2909609	0.995515	0.010437	0.007820	0.056462
NC_050081.1	1093419	2909628	0.826972	0.009519	0.006963	0.047074
NC_050081.1	1093594	2909916	0.800298	0.007526	0.005728	0.023529
NC_050081.1	1093610	2915915	-0.109135	-0.002090	-0.001484	-0.012404
NC_050081.1	1751322	2916210	-0.850063	-0.082991	-0.056595	-0.347359
NC_050081.1	2046784	2972077	-0.018778	-0.003661	-0.002398	-0.010450
NC_050081.1	2506638	3013596	-0.015159	-0.002728	-0.001742	-0.008449
NC_050081.1	2675065	3656457	-0.005960	-0.000941	-0.000679	-0.002705
NC_050081.1	2675109	3656688	-0.192390	-0.039235	-0.026934	-0.169113
NC_050081.1	2909609	3681661	-0.201344	-0.038161	-0.026500	-0.173122
NC_050081.1	2909628	4215159	0.122225	0.033602	0.021793	-0.004100
NC_050081.1	2909916	4335420	0.128497	0.030786	0.020921	-0.000674
NC_050081.1	2915915	4366763	0.144966	0.034271	0.022597	0.012749
NC_050081.1	2916210	4380601	0.184393	0.039396	0.026901	0.038476
NC_050081.1	2972077	4380608	0.188841	0.044492	0.029368	0.041281
NC_050081.1	3013596	4380611	-0.127488	-0.025100	-0.015866	-0.200641
NC_050081.1	3656457	4469518	-0.135271	-0.026147	-0.016761	-0.205671
NC_050081.1	3656688	4469712	-0.115266	-0.026467	-0.016302	-0.248857
NC_050081.1	3681661	5508633	0.080039	0.009911	0.006483	0.080039
NC_050081.1	4215159	5508716	0.079986	0.010446	0.006751	0.079986
NC_050081.1	4335420	5508717	-0.678810	-0.055493	-0.035736	-0.678810
NC_050081.1	4366763	6992825	-0.002244	-0.000220	-0.000149	-0.002244
NC_050081.1	4380601	7064491	-0.036033	-0.003860	-0.002507	-0.036033
NC_050081.1	4380608	7064793	-0.040566	-0.004532	-0.002987	-0.040566
NC_050081.1	4380611	7064814	0.932456	0.051644	0.035431	0.932456
NC_050081.1	4469518	7663870	0.288266	0.019482	0.014367	-0.039912
NC_050081.1	4469712	8986010	0.337471	0.022187	0.015611	0.009314
NC_050081.1	5508633	9311703	0.320782	0.019317	0.013842	-0.009404
NC_050081.1	5508716	9311716	0.170308	0.015205	0.010925	-0.098478
NC_050081.1	5508717	9311923	-0.190723	-0.025743	-0.017679	-0.329322
NC_050081.1	6992825	9349285	-0.190784	-0.025753	-0.016609	-0.329364
NC_050081.1	7064491	10082283	-0.677994	-0.079682	-0.051050	-0.703400
NC_050081.1	7064793	10082300	-0.556223	-0.066566	-0.045452	-0.579003
NC_050081.1	7064814	10082565	-0.691724	-0.111540	-0.074589	-0.677830
NC_050081.1	7663870	11403387	-0.776419	-0.148408	-0.100067	-0.750288
NC_050081.1	8986010	11561994	-0.734510	-0.139850	-0.088606	-0.671323
NC_050081.1	9311703	11918141	-0.759156	-0.140604	-0.092274	-0.693001
NC_050081.1	9311716	11918175	-0.784060	-0.169028	-0.105193	-0.714854
NC_050081.1	9311923	11976595	-0.823626	-0.198854	-0.118236	-0.763272
NC_050081.1	9349285	12418040	-0.773598	-0.125080	-0.081917	-0.704082
NC_050081.1	10082283	12418118	-0.773896	-0.125324	-0.084108	-0.704437
NC_050081.1	10082300	13067382	-0.880289	-0.180471	-0.109715	-0.862295
NC_050081.1	10082565	13523164	-0.963823	-0.171776	-0.105076	-0.966684
NC_050081.1	11403387	13523172	-0.903456	-0.129156	-0.081092	-0.916154
NC_050081.1	11561994	13523180	-0.781908	-0.082443	-0.051912	-0.824940
NC_050081.1	11918141	13800292	-0.751533	-0.084259	-0.051882	-0.789748
NC_050081.1	11918175	13915656	-0.854573	-0.155917	-0.094564	-0.867001
NC_050081.1	11976595	13915726	-0.788277	-0.140451	-0.090182	-0.775937
NC_050081.1	12418040	14068906	-0.790754	-0.154566	-0.099110	-0.778059
NC_050081.1	12418118	14068917	-0.791252	-0.180634	-0.109232	-0.780180
NC_050081.1	13067382	14189167	-0.844826	-0.259358	-0.149723	-0.828229
NC_050081.1	13523164	14189390	-0.816078	-0.248441	-0.138979	-0.773798
NC_050081.1	13523172	14189442	-0.791381	-0.315716	-0.168853	-0.746369
NC_050081.1	13523180	14189475	-0.828869	-0.323893	-0.173227	-0.781006
NC_050081.1	13800292	14189500	-0.869913	-0.357529	-0.184739	-0.818846
NC_050081.1	13915656	14344178	-0.903496	-0.432541	-0.226075	-0.860982
NC_050081.1	13915726	14983949	-0.909051	-0.535436	-0.226692	-0.868628
NC_050081.1	14068906	15773864	-0.974303	-0.268550	-0.142441	-0.976927
NC_050081.1	14068917	16299696	-0.965686	-0.169555	-0.091295	-0.970209
NC_050081.1	14189167	16389406	-0.424930	-0.101974	-0.053224	-0.481954
NC_050081.1	14189390	17412424	-0.417744	-0.087123	-0.048628	-0.476131
NC_050081.1	14189442	17412443	-0.151141	-0.039205	-0.022529	-0.221583
NC_050081.1	14189475	17468310	-0.153701	-0.042315	-0.022555	-0.158984
NC_050081.1	14189500	17468311	-0.152613	-0.042110	-0.022432	-0.158272
NC_050081.1	14344178	17468552	-0.151911	-0.041749	-0.022287	-0.157813
NC_050081.1	14983949	17468566	-0.119165	-0.031557	-0.016388	-0.136916
NC_050081.1	15773864	17468595	0.157088	0.030014	0.017557	0.019902
NC_050081.1	16299696	17504258	0.123406	0.046915	0.022469	-0.014324
NC_050081.1	16389406	18026985	0.304911	0.149995	0.084631	0.116836
NC_050081.1	17412424	18066940	0.088970	0.033720	0.019343	-0.037846
NC_050081.1	17412443	18066941	0.554963	0.195428	0.114493	0.158138
NC_050081.1	17468310	18066942	0.292011	0.074352	0.041008	-0.022467
NC_050081.1	17468311	18066945	0.298499	0.076334	0.049150	-0.038684
NC_050081.1	17468552	18066946	0.294674	0.090928	0.054415	-0.042870
NC_050081.1	17468566	18107788	0.297200	0.082848	0.051651	-0.040107
NC_050081.1	17468595	19029728	0.328491	0.068915	0.043696	-0.005438
NC_050081.1	17504258	20778220	0.449542	0.109559	0.070702	0.136692
NC_050081.1	18026985	21100222	1.000000	0.162479	0.112985	1.000000
NC_050081.1	18066940	21191548	1.000000	0.072535	0.048490	1.000000
NC_050081.1	18066941	21365984	1.000000	0.073658	0.047959	1.000000
NC_050081.1	18066942	21931548	1.000000	0.065914	0.035995	1.000000
NC_050081.1	18066945	21931567	0.997309	0.064339	0.035170	0.228941
NC_050081.1	18066946	22039587	0.997539	0.063580	0.034811	0.230427
NC_050081.1	18107788	22039878	0.997515	0.063039	0.034494	0.228687
NC_050081.1	19029728	22039879	0.997501	0.070455	0.036501	0.227678
NC_050081.1	20778220	22039883	0.997208	0.082540	0.043366	0.208766
NC_050081.1	21100222	22039884	0.992907	0.040675	0.019044	0.093713
NC_050081.1	21191548	22039885	0.990454	0.038011	0.017412	0.071183
NC_050081.1	21365984	22039886	0.990951	0.052831	0.020654	0.074835
NC_050081.1	21931548	22039887	0.990039	0.071311	0.025206	0.068393
NC_050081.1	21931567	22167719	0.990245	0.074876	0.028399	0.064777
NC_050081.1	22039587	22167770	1.000000	0.056840	0.026623	0.251282
NC_050081.1	22039878	22921602	-0.485325	-0.044919	-0.022422	-0.348256
NC_050081.1	22039879	24022668	-0.483263	-0.026839	-0.012142	-0.347366
NC_050081.1	22039883	24022671	-0.524391	-0.028386	-0.012830	-0.364877
NC_050081.1	22039884	24022678	-0.464508	-0.024152	-0.011399	-0.339210
NC_050081.1	22039885	24093610	-0.275884	-0.014511	-0.006532	-0.250697
NC_050081.1	22039886	24384911	-0.248942	-0.008925	-0.004526	-0.237003
NC_050081.1	22039887	24475790	-0.297880	-0.009911	-0.005197	-0.262292
NC_050081.1	22167719	24475973	-0.350235	-0.011588	-0.006070	-0.289162
NC_050081.1	22167770	24508968	-0.401467	-0.013553	-0.007771	-0.388545
NC_050081.1	22921602	24508969	-0.453337	-0.016337	-0.009076	-0.549394
NC_050081.1	24022668	24508995	-0.787628	-0.089058	-0.046543	-0.787628
NC_050081.1	24022671	24852543	-0.745024	-0.103870	-0.064944	-0.745024
NC_050081.1	24022678	24891369	0.056998	0.013159	0.008095	0.056998
NC_050081.1	24093610	24891485	-0.268442	-0.094353	-0.049481	-0.268442
NC_050081.1	24384911	24891632	0.011414	0.005165	0.003072	0.011414
NC_050081.1	24475790	24891659	-0.009579	-0.008615	-0.004043	-0.009579
NC_050081.1	24475973	24914089	-0.006438	-0.005880	-0.002737	-0.006438
NC_050081.1	24508968	24914090	-0.003750	-0.003417	-0.001593	-0.003750
NC_050081.1	24508969	24914091	-0.001098	-0.001146	-0.000496	-0.001098
NC_050081.1	24508995	25017084	0.001150	0.000960	0.000393	0.000784
NC_050081.1	24852543	25017149	0.018058	0.014997	0.006074	0.012248
NC_050081.1	24891369	25017261	0.012941	0.011592	0.004471	0.008763
NC_050081.1	24891485	25017305	-0.300345	-0.204762	-0.085260	-0.184467
NC_050081.1	24891632	25101746	0.056959	0.014861	0.007679	0.030146
NC_050081.1	24891659	25101747	-0.040689	-0.009933	-0.005053	0.043714
NC_050081.1	24914089	25101843	0.025686	0.005556	0.003214	0.074930
NC_050081.1	24914090	25255573	0.362005	0.114930	0.064678	0.260094
NC_050081.1	24914091	25255748	0.028351	0.011984	0.005971	0.060557
NC_050081.1	25017084	25382191	-0.019006	-0.008419	-0.004152	0.028490
NC_050081.1	25017149	25558958	0.156591	0.057860	0.036912	0.197918
NC_050081.1	25017261	25703663	0.441710	0.098922	0.066217	0.474332
NC_050081.1	25017305	25703915	0.174645	0.048760	0.030066	0.214585
NC_050081.1	25101746	25816409	0.306223	0.101591	0.062671	0.334636
NC_050081.1	25101747	26413147	0.135250	0.047362	0.032213	0.166782
NC_050081.1	25101843	26413170	0.036347	0.011331	0.007726	0.035246
NC_050081.1	25255573	26413185	0.041552	0.013094	0.008913	0.039169
NC_050081.1	25255748	26684349	-0.230097	-0.055133	-0.036712	-0.216086
NC_050081.1	25382191	26684365	-0.127617	-0.026927	-0.018892	-0.118906
NC_050081.1	25558958	26773425	-0.088353	-0.017652	-0.012532	-0.082135
NC_050081.1	25703663	26773436	-0.405463	-0.094480	-0.061615	-0.375418
NC_050081.1	25703915	26773482	-0.426347	-0.121433	-0.080768	-0.394321
NC_050081.1	25816409	26773670	-0.260514	-0.056255	-0.041763	-0.236728
NC_050081.1	26413147	28337979	-0.739805	-0.071639	-0.047957	-0.649702
NC_050081.1	26413170	29377949	-0.609409	-0.045619	-0.030242	-0.506969
NC_050081.1	26413185	29378024	-0.667528	-0.048086	-0.031908	-0.605296
NC_050081.1	26684349	31552497	-0.773203	-0.042632	-0.027028	-0.773203
NC_050081.1	26684365	31684664	-0.682850	-0.026032	-0.017316	-0.682850
NC_050081.1	26773425	31808599	0.330610	0.019969	0.013684	0.330610
NC_050081.1	26773436	31885757	0.321316	0.018238	0.012686	0.321316
NC_050081.1	26773482	31970989	0.430791	0.022893	0.015906	0.430791
NC_050081.1	26773670	32133583	0.422065	0.022798	0.015595	0.422065
NC_050081.1	28337979	32133587	0.394901	0.021843	0.014687	0.379431
NC_050081.1	29377949	32133615	0.365782	0.035634	0.026096	0.305978
NC_050081.1	29378024	32133716	0.364019	0.039668	0.028480	0.304364
NC_050081.1	31552497	32133718	0.418508	0.055584	0.039320	0.371165
NC_050081.1	31684664	32133743	0.401626	0.106088	0.095464	0.323754
NC_050081.1	31808599	32133806	0.387783	0.170596	0.140242	0.295944
NC_050081.1	31885757	32133816	-0.170976	-0.077896	-0.056711	-0.052239
NC_050081.1	31970989	32133847	-0.166158	-0.226406	-0.100878	-0.049861
NC_050081.1	32133583	32138762	0.595266	0.559256	0.379881	0.374284
NC_050081.1	32133587	32138789	0.594103	0.591025	0.393673	0.373277
NC_050081.1	32133615	32138797	0.608487	0.504701	0.363828	0.392519
NC_050081.1	32133716	32245582	0.633820	0.521773	0.337332	0.435350
NC_050081.1	32133718	32245593	0.636879	0.520349	0.338302	0.438252
NC_050081.1	32133743	32245608	0.597952	0.451101	0.236772	0.366792
NC_050081.1	32133806	32245619	0.618057	0.446220	0.242319	0.334533
NC_050081.1	32133816	32245620	0.581774	0.457917	0.264038	0.280581
NC_050081.1	32133847	32245630	0.609533	0.448003	0.250340	0.226734
NC_050081.1	32138762	32245631	0.625231	0.577109	0.314304	0.238598
NC_050081.1	32138789	32245882	0.242536	0.151715	0.064752	0.051722
NC_050081.1	32138797	32245886	0.245010	0.163811	0.085378	0.046992
NC_050081.1	32245582	32245945	0.242148	0.224110	0.107405	0.047060
NC_050081.1	32245593	32245946	0.275698	0.251500	0.151308	0.054886
NC_050081.1	32245608	32245978	-0.038911	-0.040630	-0.020893	-0.010312
NC_050081.1	32245619	32245979	0.026442	0.025229	0.016243	0.007130
NC_050081.1	32245620	32246005	-0.075771	-0.073659	-0.046039	-0.027011
NC_050081.1	32245630	32262723	-0.086750	-0.080999	-0.050313	-0.033031
NC_050081.1	32245631	32262740	-0.136625	-0.126061	-0.076076	-0.057086
NC_050081.1	32245882	32262882	-0.208975	-0.184856	-0.111414	-0.088596
NC_050081.1	32245886	32262883	-0.243144	-0.245883	-0.150035	-0.110033
NC_050081.1	32245945	32283391	-0.215166	-0.210508	-0.130113	-0.093152
NC_050081.1	32245946	32283397	-0.241164	-0.174122	-0.117136	-0.113205
NC_050081.1	32245978	32439466	-0.548990	-0.596572	-0.246554	-0.345866
NC_050081.1	32245979	32439787	-0.662320	-0.417594	-0.234076	-0.448804
NC_050081.1	32246005	33316686	-0.796986	-0.643730	-0.321563	-0.613482
NC_050081.1	32262723	33316731	-0.922257	-0.867656	-0.372823	-0.718580
NC_050081.1	32262740	33316737	-0.934216	-1.030615	-0.413779	-0.752077
NC_050081.1	32262882	33316761	-0.932403	-1.019380	-0.410427	-0.748068
NC_050081.1	32262883	33316952	-0.930833	-1.069606	-0.396963	-0.555965
NC_050081.1	32283391	33490019	-0.786345	-0.914618	-0.358486	-0.481166
NC_050081.1	32283397	33490035	-0.627810	-0.715764	-0.303183	-0.455450
NC_050081.1	32439466	33490037	-0.484404	-0.613229	-0.261082	-0.359417
NC_050081.1	32439787	33490295	-0.381277	-0.405918	-0.215706	-0.268577
NC_050081.1	33316686	33490299	-0.114343	-0.193804	-0.090311	-0.079974
NC_050081.1	33316731	33490332	0.069995	0.102966	0.054530	0.046099
NC_050081.1	33316737	33490344	0.349210	0.408727	0.286791	0.212041
NC_050081.1	33316761	33490354	0.694592	0.637188	0.555842	0.422438
NC_050081.1	33316952	33490360	0.717960	0.653157	0.583421	0.466348
NC_050081.1	33490019	33490376	0.721174	0.645143	0.638751	0.667913
NC_050081.1	33490035	33490386	0.720618	0.652634	0.574238	0.603298
NC_050081.1	33490037	33490411	0.705070	0.675315	0.510459	0.510552
NC_050081.1	33490295	33490413	0.705245	0.661501	0.504226	0.515584
NC_050081.1	33490299	33704235	0.710947	0.425152	0.305058	0.522080
NC_050081.1	33490332	33968842	0.700374	0.311020	0.216291	0.486986
NC_050081.1	33490344	33968903	0.707219	0.295080	0.207921	0.492373
NC_050081.1	33490354	33968904	0.700044	0.296393	0.207467	0.486702
NC_050081.1	33490360	33968939	0.704592	0.256379	0.174870	0.456849
NC_050081.1	33490376	33968940	0.515521	0.173904	0.100369	0.227258
NC_050081.1	33490386	33969072	0.364912	0.085983	0.045386	0.118337
NC_050081.1	33490411	33969102	0.408352	0.086237	0.050334	0.156657
NC_050081.1	33490413	34261574	0.458609	0.084032	0.054295	0.221864
NC_050081.1	33704235	34261797	-0.092915	-0.006283	-0.003844	-0.021805
NC_050081.1	33968842	34363087	0.083011	0.008252	0.004899	0.022218
NC_050081.1	33968903	34363151	0.026051	0.006420	0.003501	0.008677
NC_050081.1	33968904	34363153	0.082280	0.035894	0.019339	0.035650
NC_050081.1	33968939	34363172	0.054013	0.025305	0.013803	0.021171
NC_050081.1	33968940	34363177	0.021906	0.013176	0.006939	0.008857
NC_050081.1	33969072	34363300	0.067363	0.034566	0.021677	0.026037
NC_050081.1	33969102	34363308	0.107214	0.053712	0.036232	0.042432
NC_050081.1	34261574	34363365	0.213741	0.099961	0.071572	0.091166
NC_050081.1	34261797	34363385	0.264856	0.123915	0.091763	0.117342
NC_050081.1	34363087	34363396	0.231068	0.099795	0.075214	0.103748
NC_050081.1	34363151	34363407	0.151612	0.096486	0.082855	0.067041
NC_050081.1	34363153	34363410	0.131174	0.086296	0.072857	0.058483
NC_050081.1	34363172	34714615	-0.209328	-0.136223	-0.100252	-0.213093
NC_050081.1	34363177	34935471	-0.214761	-0.075311	-0.055889	-0.174062
NC_050081.1	34363300	35268299	-0.407859	-0.143923	-0.080878	-0.248373
NC_050081.1	34363308	35268369	-0.439078	-0.163877	-0.092342	-0.321656
NC_050081.1	34363365	35268583	-0.490237	-0.170703	-0.096472	-0.309403
NC_050081.1	34363385	35268613	-0.601169	-0.229099	-0.127941	-0.358354
NC_050081.1	34363396	35268636	-0.701478	-0.292623	-0.153919	-0.396792
NC_050081.1	34363407	35268641	-0.682731	-0.291715	-0.151422	-0.387596
NC_050081.1	34363410	35492575	-0.854579	-0.330102	-0.190458	-0.536178
NC_050081.1	34714615	35842945	-0.904789	-0.273038	-0.146278	-0.564383
NC_050081.1	34935471	35842973	-0.873292	-0.215612	-0.117889	-0.444411
NC_050081.1	35268299	35843013	-0.224101	-0.093325	-0.051438	-0.191882
NC_050081.1	35268369	35843222	0.176574	0.079385	0.046500	0.155641
NC_050081.1	35268583	36005615	0.229502	0.098549	0.058713	0.201228
NC_050081.1	35268613	36005619	0.245361	0.111902	0.065852	0.241577
NC_050081.1	35268636	36005622	0.314930	0.142516	0.081472	0.314930
NC_050081.1	35268641	36005623	0.340016	0.150902	0.086795	0.340016
NC_050081.1	35492575	36005624	0.332864	0.152567	0.086355	0.323997
NC_050081.1	35842945	36005629	0.981255	0.508364	0.250571	0.942916
NC_050081.1	35842973	36005632	0.990513	0.746618	0.425769	0.951654
NC_050081.1	35843013	36005633	0.990488	0.808533	0.444668	0.951530
NC_050081.1	35843222	36005634	0.981132	0.829881	0.309440	0.907436
NC_050081.1	36005615	36005636	-0.150000	-0.409112	-0.096114	-0.025210
NC_050081.1	36005619	36005638	-0.131148	-0.314081	-0.082380	-0.022346
NC_050081.1	36005622	36005642	-0.104000	-0.032547	-0.023954	-0.018081
NC_050081.1	36005623	36005643	-0.131148	-0.040058	-0.029482	-0.022346
NC_050081.1	36005624	36005644	-0.131148	-0.040058	-0.029482	-0.022346
NC_050081.1	36005629	36005645	1.000000	0.115894	0.115894	1.000000
NC_050081.1	36005632	36005648	1.000000	0.107713	0.107713	1.000000
NC_050081.1	36005633	36005651	1.000000	0.107713	0.107713	1.000000
NC_050081.1	36005634	36005652	1.000000	0.101377	0.101377	1.000000
NC_050081.1	36005636	36005655	1.000000	0.101377	0.101377	1.000000
NC_050081.1	36005638	36005657	1.000000	0.103476	0.103476	1.000000
NC_050081.1	36005642	36005660	1.000000	0.105493	0.105493	1.000000
NC_050081.1	36005643	36005665	1.000000	0.360000	0.360000	1.000000
NC_050081.1	36005644	36033477	0.937233	0.704569	0.555925	0.937233
NC_050081.1	36005645	36172679	0.159763	0.050671	0.041865	-0.172370
NC_050081.1	36005648	36958183	0.161811	0.018200	0.012019	-0.170330
NC_050081.1	36005651	36958187	0.148309	0.016890	0.010799	-0.177381
NC_050081.1	36005652	36958203	0.091865	0.012114	0.007595	-0.167176
NC_050081.1	36005655	36958211	0.050422	0.007573	0.004707	-0.158101
NC_050081.1	36005657	36958217	0.031017	0.005411	0.003359	-0.140113
NC_050081.1	36005660	36958226	0.033122	0.005775	0.003588	-0.138611
NC_050081.1	36005665	36958227	0.035219	0.006137	0.003817	-0.137112
NC_050081.1	36033477	36958233	0.036528	0.006343	0.003952	-0.136175
NC_050081.1	36172679	36958238	-0.487578	-0.063467	-0.038600	-0.391802
NC_050081.1	36958183	36958254	-0.214794	-0.031482	-0.016985	-0.095919
NC_050081.1	36958187	36958264	-0.216719	2.593575	-0.210091	-0.096694
NC_050081.1	36958203	36958268	-0.226967	1.856591	-0.393724	-0.096455
NC_050081.1	36958211	36958275	-0.204835	-1.526781	-0.306473	-0.087232
NC_050081.1	36958217	36958277	-0.186285	-0.742350	-0.244329	-0.079056
NC_050081.1	36958226	36958278	-0.164580	-0.570520	-0.200646	-0.062120
NC_050081.1	36958227	36958280	-0.204743	-1.066423	-0.258465	-0.069317
NC_050081.1	36958233	36958291	-0.221806	-1.557842	-0.197279	-0.075223
NC_050081.1	36958238	36958293	-0.187431	-1.385230	-0.174420	-0.064141
NC_050081.1	36958254	36958306	-0.200148	-0.799724	-0.154954	-0.072968
NC_050081.1	36958264	36958307	-0.195468	-0.493726	-0.110822	-0.064246
NC_050081.1	36958268	36958309	-0.249183	-1.508939	-0.184813	-0.090221
NC_050081.1	36958275	36958316	-0.205542	-0.841840	-0.165697	-0.077372
NC_050081.1	36958277	36958435	-0.225195	0.921638	-0.161471	-0.072597
NC_050081.1	36958278	36958437	-0.228296	0.886685	-0.164756	-0.073470
NC_050081.1	36958280	36958438	-0.186531	3.838232	-0.150166	-0.076811
NC_050081.1	36958291	36958439	-0.148421	-7.150607	-0.117087	-0.069580
NC_050081.1	36958293	36958455	-0.117240	-0.488705	-0.105295	-0.055275
NC_050081.1	36958306	36958456	-0.191198	-2.543035	-0.164512	-0.084287
NC_050081.1	36958307	36958458	-0.188807	-1.688635	-0.157779	-0.083327
NC_050081.1	36958309	36958500	-0.182253	-0.965278	-0.136933	-0.075071
NC_050081.1	36958316	36958503	-0.128048	-0.386622	-0.081031	-0.050966
NC_050081.1	36958435	36958524	-0.054151	-0.104718	-0.030727	-0.022288
NC_050081.1	36958437	36958536	0.028571	0.035144	0.020297	0.014696
NC_050081.1	36958438	36958543	0.052473	0.045764	0.030391	0.027317
NC_050081.1	36958439	36958545	0.095395	0.073127	0.046208	0.037218
NC_050081.1	36958455	36958554	-0.074050	-0.087430	-0.049748	-0.032840
NC_050081.1	36958456	36969745	-0.245573	-0.276114	-0.133895	-0.184438
NC_050081.1	36958458	36969773	-0.268021	-0.269169	-0.144933	-0.239342
NC_050081.1	36958500	36969778	-0.378329	-0.335600	-0.188729	-0.347463
NC_050081.1	36958503	36969779	-0.434195	-0.399848	-0.230764	-0.414991
NC_050081.1	36958524	37333770	-0.493238	-0.488242	-0.213361	-0.449063
NC_050081.1	36958536	37333867	-0.570184	-0.606234	-0.203971	-0.506539
NC_050081.1	36958543	37620157	-0.596959	-0.311419	-0.145217	-0.462181
NC_050081.1	36958545	37620170	-0.607145	-0.348167	-0.153640	-0.466832
NC_050081.1	36958554	37654539	-0.821935	-0.667085	-0.214491	-0.651163
NC_050081.1	36969745	37654573	-0.897104	-0.456677	-0.176674	-0.723987
NC_050081.1	36969773	37654574	-0.525697	-0.269539	-0.115590	-0.466975
NC_050081.1	36969778	37654589	-0.501883	-0.202952	-0.098511	-0.434602
NC_050081.1	36969779	37654815	-0.167763	-0.062829	-0.031363	-0.146730
NC_050081.1	37333770	37654817	-0.346762	-0.176907	-0.076212	-0.273439
NC_050081.1	37333867	37654827	-0.126743	-0.060837	-0.030624	-0.111480
NC_050081.1	37620157	37654835	0.031346	0.014609	0.008426	0.015865
NC_050081.1	37620170	37654838	0.152939	0.089643	0.051732	0.135751
NC_050081.1	37654539	37654851	0.237292	0.134962	0.082279	0.213008
NC_050081.1	37654573	37747204	0.066937	0.036897	0.024683	0.063689
NC_050081.1	37654574	37747269	-0.182629	-0.149353	-0.084759	-0.175733
NC_050081.1	37654589	37898050	-0.258800	-0.184063	-0.107925	-0.248423
NC_050081.1	37654815	37898104	-0.340941	-0.307111	-0.162057	-0.328700
NC_050081.1	37654817	37898252	-0.433753	-0.447838	-0.229795	-0.417142
NC_050081.1	37654827	38430224	-0.318010	-0.229072	-0.136897	-0.292907
NC_050081.1	37654835	39897197	-0.423655	-0.255495	-0.128967	-0.387759
NC_050081.1	37654838	39897461	-0.547713	-0.283027	-0.126685	-0.497632
NC_050081.1	37654851	39897462	-0.693027	-0.305545	-0.141995	-0.624299
NC_050082.1	359330	2512981	0.357275	0.041266	0.027151	0.235764
NC_050082.1	359696	2513213	0.359811	0.045011	0.030283	0.245647
NC_050082.1	387649	3037801	0.364017	0.039737	0.027170	0.406876
NC_050082.1	470933	3037805	0.178339	0.015593	0.010765	0.176740
NC_050082.1	470967	3038070	-0.156071	-0.010127	-0.007081	-0.154110
NC_050082.1	470968	3424973	-0.192110	-0.013122	-0.008147	-0.189691
NC_050082.1	632904	3424994	-0.215485	-0.015140	-0.009231	-0.097949
NC_050082.1	1540063	5694828	-0.170078	-0.010793	-0.007152	-0.075196
NC_050082.1	2241974	5695193	0.806370	0.038193	0.025973	0.293838
NC_050082.1	2512981	5782469	-0.012945	-0.001201	-0.000830	-0.006658
NC_050082.1	2513213	6981702	-0.234625	-0.029438	-0.020013	-0.132604
NC_050082.1	3037801	7354904	-0.410129	-0.054972	-0.037509	-0.252438
NC_050082.1	3037805	7600181	-0.416473	-0.064313	-0.042491	-0.185848
NC_050082.1	3038070	8355771	-0.424557	-0.057335	-0.038954	-0.189315
NC_050082.1	3424973	8449667	-0.196520	-0.033016	-0.020324	-0.096160
NC_050082.1	3424994	8449679	-0.170922	-0.030057	-0.020174	-0.084087
NC_050082.1	5694828	8449914	-0.150511	-0.025634	-0.017500	-0.095891
NC_050082.1	5695193	8449961	-0.150337	-0.029303	-0.019130	-0.098399
NC_050082.1	5782469	8449992	-0.263492	-0.047093	-0.031898	-0.169788
NC_050082.1	6981702	8484100	0.099277	0.014425	0.010155	0.055390
NC_050082.1	7354904	8484116	0.411617	0.057605	0.041186	0.205979
NC_050082.1	7600181	8484220	0.973446	0.131956	0.098598	0.406331
NC_050082.1	8355771	8500067	0.974216	0.126368	0.098687	0.824263
NC_050082.1	8449667	8500189	0.986356	0.181234	0.127478	0.834160
NC_050082.1	8449679	8886077	0.961931	0.064132	0.059115	0.637436
NC_050082.1	8449914	9692992	0.957830	0.052049	0.041984	0.612459
NC_050082.1	8449961	9693044	0.952724	0.047295	0.037972	0.583708
NC_050082.1	8449992	9970795	0.906165	0.044679	0.032861	0.520776
NC_050082.1	8484100	10426602	-0.527861	-0.099894	-0.064168	-0.435577
NC_050082.1	8484116	10426610	0.073601	0.022699	0.014643	0.067877
NC_050082.1	8484220	10570374	0.056028	0.016779	0.010864	0.054736
NC_050082.1	8500067	10570620	0.097731	0.026755	0.018085	0.096434
NC_050082.1	8500189	11110840	-0.107668	-0.038511	-0.021451	-0.247852
NC_050082.1	8886077	11471453	0.099408	0.036792	0.021065	0.008800
NC_050082.1	9692992	11723911	0.099451	0.036882	0.018900	0.008838
NC_050082.1	9693044	11724114	0.099567	0.041569	0.022085	0.008943
NC_050082.1	9970795	11724124	0.099720	0.041084	0.021965	0.009082
NC_050082.1	10426602	11760489	0.097834	0.042616	0.019121	0.008307
NC_050082.1	10426610	12899834	0.335505	0.078555	0.042771	0.181655
NC_050082.1	10570374	13575926	-0.205746	-0.037494	-0.019241	-0.258160
NC_050082.1	10570620	13576213	-0.253994	-0.044976	-0.022263	-0.295318
NC_050082.1	11110840	13614130	-0.273918	-0.044439	-0.022794	-0.293420
NC_050082.1	11471453	13765510	-0.024476	-0.002960	-0.001671	0.094189
NC_050082.1	11723911	13765511	-0.794713	-0.067215	-0.038029	-0.675976
NC_050082.1	11724114	13765757	-0.809954	-0.063617	-0.040896	-0.688067
NC_050082.1	11724124	13765771	-0.830761	-0.071012	-0.043340	-0.705783
NC_050082.1	11760489	14288475	-0.832098	-0.072133	-0.043770	-0.706841
NC_050082.1	12899834	14691729	-0.818642	-0.056808	-0.040635	-0.694399
NC_050082.1	13575926	14691730	-0.596628	-0.034755	-0.024450	-0.453972
NC_050082.1	13576213	14691731	0.529504	0.014438	0.010917	0.306825
NC_050082.1	13614130	14691732	0.622062	0.023399	0.018583	0.392970
NC_050082.1	13765510	14691737	0.536407	0.021921	0.016289	0.536407
NC_050082.1	13765511	14691738	0.625791	0.031569	0.023480	0.625791
NC_050082.1	13765757	14747918	0.927042	0.033441	0.024442	0.927042
NC_050082.1	13765771	14751162	0.979345	0.136804	0.089270	0.930698
NC_050082.1	14288475	15232943	1.000000	0.122028	0.083384	0.950376
NC_050082.1	14691729	15232992	1.000000	0.126387	0.085362	0.950318
NC_050082.1	14691730	15380955	1.000000	0.180207	0.128734	0.950314
NC_050082.1	14691731	15604249	-0.058290	-0.021933	-0.009975	-0.056858
NC_050082.1	14691732	15604428	0.292274	0.139152	0.059181	0.287430
NC_050082.1	14691737	15604511	-0.061859	-0.032455	-0.013547	-0.061087
NC_050082.1	14691738	15604532	-0.260015	-0.172701	-0.068067	-0.257440
NC_050082.1	14747918	16434194	-0.274432	-0.133869	-0.052367	-0.271684
NC_050082.1	14751162	16434196	-0.282585	-0.168986	-0.060079	-0.279737
NC_050082.1	15232943	16434197	-0.491177	-0.288068	-0.097834	-0.491177
NC_050082.1	15232992	16765419	-0.569403	-0.439822	-0.135611	-0.569306
NC_050082.1	15380955	17198948	-0.565574	-0.360646	-0.125690	-0.565478
NC_050082.1	15604249	17199212	-0.564458	-0.348073	-0.124027	-0.564363
NC_050082.1	15604428	17412711	-0.471788	-0.215096	-0.098985	-0.471692
NC_050082.1	15604511	17412928	-0.984369	-0.508166	-0.218266	-0.984166
NC_050082.1	15604532	17632737	-0.960720	-0.353619	-0.175907	-0.960457
NC_050082.1	16434194	18428623	-0.940360	-0.103292	-0.066718	-0.467011
NC_050082.1	16434196	18428809	-0.927048	-0.112593	-0.083288	-0.461996
NC_050082.1	16434197	18690219	-0.918480	-0.105567	-0.079285	-0.458749
NC_050082.1	16765419	18690461	-0.918037	-0.100059	-0.073508	-0.458271
NC_050082.1	17198948	18873535	-0.814832	-0.056906	-0.043360	-0.317903
NC_050082.1	17199212	18873834	-0.909249	-0.120964	-0.086410	-0.477816
NC_050082.1	17412711	18988629	-0.430343	-0.076536	-0.052399	-0.255317
NC_050082.1	17412928	18988631	-0.368379	-0.062764	-0.043332	-0.214555
NC_050082.1	17632737	18988637	-0.002425	-0.000260	-0.000198	0.002633
NC_050082.1	18428623	18988797	-0.012368	-0.001385	-0.001042	-0.002180
NC_050082.1	18428809	19313974	-0.356935	-0.107792	-0.063349	-0.350002
NC_050082.1	18690219	20224779	-0.448224	-0.129844	-0.077729	-0.507175
NC_050082.1	18690461	20334588	-0.207039	-0.072221	-0.042609	-0.282025
NC_050082.1	18873535	20334656	-0.203174	-0.070665	-0.043703	-0.278582
NC_050082.1	18873834	20837378	-0.002775	-0.000655	-0.000444	-0.087038
NC_050082.1	18988629	21367972	0.249982	0.038947	0.028800	0.121714
NC_050082.1	18988631	21433073	0.070820	0.008642	0.006471	-0.062053
NC_050082.1	18988637	21985399	0.107696	0.012964	0.009682	-0.023675
NC_050082.1	18988797	21985420	0.143149	0.018032	0.013453	0.010108
NC_050082.1	19313974	21985421	0.183770	0.024293	0.018129	0.046172
NC_050082.1	20224779	22002414	0.639893	0.067810	0.054577	0.262064
NC_050082.1	20334588	22002626	0.980643	0.094227	0.077199	0.564689
NC_050082.1	20334656	22113153	0.972027	0.061964	0.051609	0.446632
NC_050082.1	20837378	22215299	0.197730	0.021546	0.016306	0.114880
NC_050082.1	21367972	22215301	-0.185114	-0.022271	-0.016661	-0.089628
NC_050082.1	21433073	22473890	0.039056	0.008305	0.005683	0.021012
NC_050082.1	21985399	23300810	0.040598	0.006010	0.004061	0.021858
NC_050082.1	21985420	23573423	0.317088	0.073144	0.042266	0.205830
NC_050082.1	21985421	23627464	-0.058581	-0.018422	-0.009493	-0.042644
NC_050082.1	22002414	23864988	-0.079075	-0.022296	-0.011463	-0.057817
NC_050082.1	22002626	23865052	-0.042587	-0.011330	-0.006186	-0.037849
NC_050082.1	22113153	23865271	-0.015577	-0.004265	-0.002326	-0.013420
NC_050082.1	22215299	23865290	0.010021	0.003043	0.001564	0.008705
NC_050082.1	22215301	24100402	0.345819	0.073198	0.043254	0.288195
NC_050082.1	22473890	24100597	0.335298	0.069851	0.041275	0.278680
NC_050082.1	23300810	24175217	0.228863	0.039175	0.023543	0.184994
NC_050082.1	23573423	24251761	0.227521	0.057832	0.030685	0.183848
NC_050082.1	23627464	24262729	-0.306398	-0.045922	-0.027459	-0.202309
NC_050082.1	23864988	24904006	0.997505	0.064885	0.045100	0.482931
NC_050082.1	23865052	25288932	0.997812	0.061035	0.044586	0.500439
NC_050082.1	23865271	25375660	0.998216	0.046757	0.032948	0.524003
NC_050082.1	23865290	25375694	0.998849	0.038623	0.025662	0.569172
NC_050082.1	24100402	25746551	0.999861	0.030398	0.020589	0.336711
NC_050082.1	24100597	25888812	0.999859	0.032194	0.020292	0.334923
NC_050082.1	24175217	25888825	0.999866	0.030834	0.020073	0.345424
NC_050082.1	24251761	25889149	0.999872	0.031684	0.019908	0.355517
NC_050082.1	24262729	25889190	0.999872	0.032835	0.023078	0.356557
NC_050082.1	24904006	25899860	1.000000	0.074514	0.055171	0.612836
NC_050082.1	25288932	26425183	1.000000	0.049609	0.033161	0.570243
NC_050082.1	25375660	26505722	-0.138894	-0.017196	-0.010467	-0.104297
NC_050082.1	25375694	26505771	-0.020343	-0.002995	-0.001862	-0.015683
NC_050082.1	25746551	26853873	0.002623	0.000346	0.000213	0.002032
NC_050082.1	25888812	27003203	-0.389286	-0.079773	-0.048016	-0.389286
NC_050082.1	25888825	27032631	-0.536860	-0.146540	-0.087301	-0.536860
NC_050082.1	25889149	27463332	-0.545611	-0.159604	-0.083800	-0.545611
NC_050082.1	25889190	27463389	-0.554462	-0.163941	-0.088324	-0.554462
NC_050082.1	25899860	27463623	-0.555064	-0.159845	-0.087149	-0.555064
NC_050082.1	26425183	28025698	-0.832436	-0.250936	-0.132184	-0.832436
NC_050082.1	26505722	28162375	-0.859367	-0.326317	-0.166704	-0.859367
NC_050082.1	26505771	28314101	-0.752099	-0.210367	-0.119506	-0.752099
NC_050082.1	26853873	28441188	-0.889248	-0.269668	-0.133580	-0.889248
NC_050082.1	27003203	28441219	-0.880939	-0.263599	-0.136930	-0.880939
NC_050082.1	27032631	28441224	-0.797704	-0.188432	-0.100523	-0.797704
NC_050082.1	27463332	28441230	-0.672229	-0.112278	-0.059101	-0.672229
NC_050082.1	27463389	28441248	-0.628586	-0.108156	-0.059099	-0.628586
NC_050082.1	27463623	28441419	-0.587162	-0.103677	-0.048886	-0.587162
NC_050082.1	28025698	28441483	-0.547793	-0.099186	-0.046768	-0.547793
NC_050082.1	28162375	28493339	-0.245276	-0.030604	-0.013876	-0.112472
NC_050082.1	28314101	28493378	-0.177020	-0.023156	-0.010754	-0.080099
NC_050082.1	28441188	28515014	-0.205936	-0.023426	-0.011554	-0.091946
NC_050082.1	28441219	28515065	0.996649	0.054750	0.030741	0.257583
NC_050082.1	28441224	28943286	0.996270	0.061251	0.032749	0.237543
NC_050082.1	28441230	28943311	0.995786	0.061297	0.031699	0.208671
NC_050082.1	28441248	28943324	0.995282	0.056179	0.032222	0.190563
NC_050082.1	28441419	28943516	0.994640	0.050909	0.030757	0.171562
NC_050082.1	28441483	28971269	-0.328758	-0.037936	-0.025689	-0.112997
NC_050082.1	28493339	29274993	-0.359121	-0.037065	-0.025808	-0.116569
NC_050082.1	28493378	29277544	0.242661	0.037773	0.029302	0.202814
NC_050082.1	28515014	29707657	-0.041395	-0.007826	-0.005992	-0.178376
NC_050082.1	28515065	29707662	-0.240157	-0.065883	-0.046154	-0.398999
NC_050082.1	28943286	29975153	-0.129001	-0.034869	-0.024319	-0.310837
NC_050082.1	28943311	29975166	-0.269404	-0.087330	-0.058633	-0.393117
NC_050082.1	28943324	30511305	-0.283895	-0.085919	-0.054838	-0.431195
NC_050082.1	28943516	30511335	-0.283853	-0.088301	-0.055797	-0.431158
NC_050082.1	28971269	30625135	-0.281984	-0.078967	-0.051827	-0.429525
NC_050082.1	29274993	30625444	0.187157	0.058333	0.041714	-0.050281
NC_050082.1	29277544	31074501	0.180464	0.054450	0.035244	-0.060423
NC_050082.1	29707657	31274825	-0.057590	-0.012757	-0.008413	-0.291905
NC_050082.1	29707662	31288377	0.123579	0.024021	0.015204	-0.062368
NC_050082.1	29975153	31654488	0.405224	0.055535	0.037121	0.375213
NC_050082.1	29975166	31654735	0.292821	0.037239	0.024898	0.267392
NC_050082.1	30511305	31654754	0.981802	0.081731	0.056191	0.339119
NC_050082.1	30511335	31709914	0.280723	0.039100	0.027204	0.125455
NC_050082.1	30625135	31709951	0.471340	0.087880	0.061445	0.246820
NC_050082.1	30625444	31710198	0.472577	0.096722	0.065745	0.247744
NC_050082.1	31074501	31710236	0.095924	0.011946	0.008534	0.037535
NC_050082.1	31274825	31710275	0.099783	0.014127	0.011351	0.039147
NC_050082.1	31288377	32095496	0.082944	0.012488	0.009068	0.032174
NC_050082.1	31654488	32550327	0.097906	0.009495	0.006846	0.037980
NC_050082.1	31654735	32550359	0.096204	0.009959	0.007177	0.039119
NC_050082.1	31654754	32771780	-0.376080	-0.072948	-0.048571	-0.204154
NC_050082.1	31709914	33000115	-0.375886	-0.067328	-0.043745	-0.375832
NC_050082.1	31709951	33000119	-0.143328	-0.019663	-0.013337	-0.143328
NC_050082.1	31710198	33000120	-0.760074	-0.071109	-0.047472	-0.760074
NC_050082.1	31710236	33000121	-0.751435	-0.076642	-0.049762	-0.751435
NC_050082.1	31710275	33000126	-0.773923	-0.085239	-0.053583	-0.773923
NC_050082.1	32095496	33035805	-0.761801	-0.077792	-0.050383	-0.761801
NC_050082.1	32550327	33035851	-0.725214	-0.083836	-0.055801	-0.725214
NC_050083.1	227037	2791130	-0.546470	-0.078900	-0.058169	-0.639410
NC_050083.1	1089335	2791165	-0.547950	-0.084495	-0.062433	-0.640657
NC_050083.1	1232323	3319104	-0.543556	-0.090113	-0.063793	-0.636953
NC_050083.1	1232583	3631843	-0.545262	-0.096740	-0.067863	-0.638392
NC_050083.1	1232644	3631845	-0.548456	-0.103236	-0.071081	-0.641084
NC_050083.1	2075141	3632062	-0.620595	-0.146239	-0.092730	-0.682655
NC_050083.1	2075142	3632183	-0.540260	-0.225609	-0.118595	-0.583387
NC_050083.1	2400408	3869767	-0.474852	-0.170831	-0.093179	-0.468343
NC_050083.1	2790906	3869874	-0.903746	-0.402450	-0.197117	-0.887818
NC_050083.1	2791130	3870090	-0.845368	-0.268709	-0.131044	-0.817155
NC_050083.1	2791165	3870114	-0.836810	-0.255053	-0.132612	-0.805742
NC_050083.1	3319104	4134296	-0.837213	-0.220877	-0.122752	-0.806125
NC_050083.1	3631843	4156565	-0.617003	-0.205590	-0.128111	-0.596026
NC_050083.1	3631845	4156572	-0.438330	-0.140733	-0.092688	-0.424313
NC_050083.1	3632062	4156786	-0.459937	-0.149282	-0.098372	-0.445840
NC_050083.1	3632183	4156803	-0.062085	-0.012956	-0.010755	-0.058749
NC_050083.1	3869767	5100187	-0.115085	-0.026790	-0.021611	-0.111307
NC_050083.1	3869874	5100214	-0.428682	-0.158951	-0.114239	-0.425159
NC_050083.1	3870090	5100487	-0.436719	-0.172926	-0.103764	-0.433168
NC_050083.1	3870114	5114608	-0.443136	-0.171848	-0.107071	-0.442554
NC_050083.1	4134296	5114633	-0.088550	-0.021436	-0.015338	-0.088550
NC_050083.1	4156565	5114868	-0.370782	-0.169322	-0.099419	-0.370381
NC_050083.1	4156572	5114932	-0.431113	-0.208440	-0.117286	-0.430627
NC_050083.1	4156786	5114946	-0.687858	-0.502483	-0.228109	-0.686594
NC_050083.1	4156803	5349048	-0.323590	-0.148463	-0.092723	-0.322358
NC_050083.1	5100187	6071823	-0.364087	-0.127123	-0.073210	-0.362658
NC_050083.1	5100214	6071825	-0.480667	-0.207410	-0.112636	-0.479125
NC_050083.1	5100487	6318447	-0.348191	-0.110607	-0.061556	-0.346805
NC_050083.1	5114608	6318477	-0.341781	-0.103299	-0.063550	-0.340421
NC_050083.1	5114633	6318560	-0.335495	-0.101517	-0.063527	-0.334158
NC_050083.1	5114868	6318729	-0.092064	-0.034008	-0.021295	-0.091764
NC_050083.1	5114932	6318801	0.110171	0.030951	0.021019	0.109819
NC_050083.1	5114946	6380199	0.082664	0.020901	0.014530	0.082392
NC_050083.1	5349048	6415942	0.404729	0.075712	0.056313	0.364911
NC_050083.1	6071823	6416005	0.161395	0.030039	0.020236	0.078960
NC_050083.1	6071825	6463022	0.148510	0.037295	0.027221	0.072090
NC_050083.1	6318447	6463305	0.999195	0.138319	0.114234	0.369125
NC_050083.1	6318477	6932464	0.446129	0.078552	0.062350	0.067140
NC_050083.1	6318560	7266240	-0.055116	-0.012846	-0.009825	-0.118506
NC_050083.1	6318729	7671935	-0.058487	-0.008342	-0.006137	-0.120283
NC_050083.1	6318801	7704532	-0.681553	-0.058168	-0.041857	-0.373497
NC_050083.1	6380199	7704830	-0.060155	-0.008143	-0.005686	-0.121161
NC_050083.1	6415942	7723900	-0.064166	-0.009569	-0.006147	-0.123266
NC_050083.1	6416005	7973983	-0.081837	-0.012431	-0.007900	-0.140600
NC_050083.1	6463022	7974062	0.216040	0.042775	0.027762	0.071526
NC_050083.1	6463305	7974281	0.214144	0.040827	0.027357	0.069548
NC_050083.1	6932464	8054397	0.192209	0.032338	0.021648	0.045656
NC_050083.1	7266240	8247777	0.379943	0.050738	0.035362	0.365992
NC_050083.1	7671935	9163335	0.980052	0.086790	0.060330	0.930159
NC_050083.1	7704532	9457418	0.980125	0.105356	0.072525	0.930401
NC_050083.1	7704830	9457420	0.980127	0.110846	0.077688	0.930406
NC_050083.1	7723900	9457642	0.963286	0.062122	0.044258	0.876731
NC_050083.1	7973983	9457665	0.963449	0.059804	0.045540	0.877229
NC_050083.1	7974062	10009455	0.988946	0.094624	0.074972	0.938715
NC_050083.1	7974281	10011932	0.979693	0.048461	0.037740	0.892008
NC_050083.1	8054397	10070844	0.033958	0.003136	0.002253	0.032172
NC_050083.1	8247777	10140621	0.055109	0.005679	0.004115	0.055109
NC_050083.1	9163335	10252347	0.066060	0.007550	0.005438	0.066060
NC_050083.1	9457418	10252611	0.054069	0.007304	0.005392	0.054069
NC_050083.1	9457420	10367899	0.049668	0.008643	0.006515	0.025946
NC_050083.1	9457642	10367925	0.049804	0.008706	0.006556	0.026019
NC_050083.1	9457665	10452191	0.052356	0.008772	0.006678	0.027388
NC_050083.1	10009455	10452550	0.119424	0.021182	0.014139	0.061186
NC_050083.1	10011932	10933244	-0.576973	-0.068301	-0.040576	-0.214964
NC_050083.1	10070844	10933245	-0.735977	-0.170841	-0.091216	-0.352331
NC_050083.1	10140621	10954804	0.077572	0.013728	0.008545	0.032621
NC_050083.1	10252347	11024655	0.042878	0.007097	0.004486	0.017784
NC_050083.1	10252611	11024786	0.273226	0.061155	0.041138	0.131899
NC_050083.1	10367899	11210269	0.360657	0.096366	0.063776	0.185659
NC_050083.1	10367925	11471352	0.398511	0.071995	0.051812	0.337135
NC_050083.1	10452191	12222094	0.398546	0.052825	0.034195	0.337168
NC_050083.1	10452550	12222206	0.400171	0.051238	0.033601	0.338684
NC_050083.1	10933244	12344156	0.308632	0.040711	0.027173	0.283808
NC_050083.1	10933245	12344176	0.295522	0.044537	0.029558	0.271972
NC_050083.1	10954804	12344183	0.799240	0.086437	0.059141	0.713442
NC_050083.1	11024655	12572686	0.838509	0.098225	0.067410	0.764549
NC_050083.1	11024786	12903818	0.847870	0.101600	0.069008	0.773233
NC_050083.1	11210269	13194018	0.802397	0.079865	0.050866	0.713002
NC_050083.1	11471352	13194042	0.791409	0.072726	0.046750	0.698909
NC_050083.1	12222094	13506938	0.753619	0.081858	0.040302	0.753619
NC_050083.1	12222206	13525894	0.747486	0.145215	0.065962	0.747486
NC_050083.1	12344156	13668987	0.850997	0.246483	0.113200	0.850997
NC_050083.1	12344176	13900535	0.915892	0.223639	0.118542	0.915892
NC_050083.1	12344183	13900603	0.946153	0.207816	0.110907	0.946153
NC_050083.1	12572686	13900865	0.380668	0.117174	0.059585	0.380668
NC_050083.1	12903818	13915358	0.106035	0.031501	0.014224	0.106035
NC_050083.1	13194018	13915619	0.111666	0.029038	0.014208	0.111666
NC_050083.1	13194042	13943866	0.381862	0.115524	0.065333	0.381862
NC_050083.1	13506938	14079456	0.336159	0.097475	0.054615	0.333171
NC_050083.1	13525894	14079499	0.337510	0.109080	0.080944	0.334507
NC_050083.1	13668987	14079500	0.334527	0.108338	0.080386	0.331558
NC_050083.1	13900535	14079512	0.007876	0.002275	0.001723	0.007773
NC_050083.1	13900603	14079667	-0.001654	-0.000493	-0.000370	-0.001633
NC_050083.1	13900865	14079698	-0.011176	-0.003305	-0.002729	-0.011030
NC_050083.1	13915358	14079703	0.867934	0.136421	0.131601	0.846812
NC_050083.1	13915619	14079724	0.003847	0.001129	0.000963	0.003796
NC_050083.1	13943866	14079734	-0.015314	-0.005323	-0.004407	-0.015110
NC_050083.1	14079456	14079752	-1.000000	-0.219846	-0.179899	-0.974286
NC_050083.1	14079499	14183964	-0.974131	-0.172177	-0.128142	-0.974131
NC_050083.1	14079500	14662634	-0.984240	-0.172198	-0.134994	-0.984240
NC_050083.1	14079512	14693167	-0.990007	-0.246370	-0.173327	-0.990007
NC_050083.1	14079667	14783853	-0.937099	-0.177207	-0.127484	-0.937099
NC_050083.1	14079698	14805788	-0.945626	-0.222501	-0.152489	-0.952254
NC_050083.1	14079703	14932807	-0.928185	-0.219301	-0.150447	-0.936896
NC_050083.1	14079724	14933045	-0.910940	-0.181538	-0.131243	-0.921689
NC_050083.1	14079734	15098465	-0.879057	-0.122877	-0.093444	-0.898059
NC_050083.1	14079752	15163615	-0.898906	-0.150741	-0.112004	-0.923621
NC_050083.1	14183964	15163645	-0.913159	-0.189395	-0.135349	-0.938934
NC_050083.1	14662634	15528160	-0.916027	-0.191248	-0.130382	-0.940977
NC_050083.1	14693167	15627515	-0.872803	-0.172847	-0.109774	-0.916638
NC_050083.1	14783853	17028252	-0.864319	-0.157752	-0.096553	-0.913076
NC_050083.1	14805788	17028585	-0.910939	-0.210157	-0.113932	-0.943451
NC_050083.1	14932807	17228905	-0.314205	-0.061424	-0.038172	-0.485791
NC_050083.1	14933045	17228921	-0.324756	-0.067461	-0.040824	-0.494716
NC_050083.1	15098465	17907237	-0.315061	-0.069299	-0.039944	-0.467250
NC_050083.1	15163615	18009868	-0.291118	-0.065894	-0.036401	-0.453811
NC_050083.1	15163645	18009880	-0.124133	-0.024371	-0.013605	-0.258663
NC_050083.1	15528160	18009900	-0.189556	-0.040564	-0.022157	-0.178109
NC_050083.1	15627515	18009911	-0.186856	-0.045273	-0.025945	-0.175596
NC_050083.1	17028252	18009917	-0.367664	-0.131222	-0.070281	-0.348759
NC_050083.1	17028585	18009935	-0.144494	-0.044702	-0.026671	-0.134621
NC_050083.1	17228905	18009956	-0.149504	-0.049948	-0.032553	-0.139247
NC_050083.1	17228921	18010143	-0.342272	-0.187205	-0.100412	-0.299211
NC_050083.1	17907237	18010192	-0.344522	-0.186654	-0.100480	-0.301115
NC_050083.1	18009868	18030709	-0.371837	-0.173859	-0.096424	-0.348652
NC_050083.1	18009880	18030932	-0.365942	-0.139532	-0.089111	-0.343216
NC_050083.1	18009900	18030935	-0.386627	-0.155407	-0.096796	-0.362276
NC_050083.1	18009911	18030979	0.382746	0.142974	0.096190	0.361939
NC_050083.1	18009917	18031039	0.380043	0.147706	0.089061	0.359299
NC_050083.1	18009935	18072950	0.792294	0.201469	0.118654	0.740760
NC_050083.1	18009956	18541925	0.802872	0.170114	0.109889	0.750801
NC_050083.1	18010143	18658736	0.804215	0.116082	0.084681	0.752390
NC_050083.1	18010192	18970409	0.720000	0.063210	0.047486	0.720000
NC_050083.1	18030709	18970415	0.231582	0.028525	0.020755	-0.040582
NC_050083.1	18030932	18970623	0.226329	0.033913	0.024566	-0.024399
NC_050083.1	18030935	19085316	0.212205	0.035005	0.022986	-0.030075
NC_050083.1	18030979	19085342	0.198340	0.033630	0.021866	-0.035671
NC_050083.1	18031039	19085348	-0.882387	-0.071897	-0.047976	-0.359927
NC_050083.1	18072950	19085350	-0.897207	-0.075986	-0.053783	-0.364676
NC_050083.1	18541925	19085361	-0.869394	-0.064764	-0.053163	-0.331092
NC_050083.1	18658736	19085394	-0.918191	-0.083341	-0.058173	-0.340296
NC_050083.1	18970409	19085401	-0.968624	-0.239288	-0.109407	-0.349690
NC_050083.1	18970415	19183730	-1.000000	-17.155352	-0.200954	-0.478562
NC_050083.1	18970623	19690074	-0.955542	-0.183354	-0.055374	-0.288857
NC_050083.1	19085316	19813963	-0.955514	-0.188441	-0.050890	-0.277053
NC_050083.1	19085342	19814266	-0.933818	-0.164049	-0.049717	-0.270768
NC_050083.1	19085348	19814272	-0.962746	-0.300463	-0.087444	-0.378240
NC_050083.1	19085350	20076558	-0.856090	-0.215960	-0.074966	-0.350036
NC_050083.1	19085361	21449764	-0.841048	-0.086587	-0.045342	-0.344227
NC_050083.1	19085394	21458350	-0.823244	-0.077288	-0.041162	-0.337730
NC_050083.1	19085401	21458676	-0.821421	-0.076345	-0.040605	-0.210251
NC_050083.1	19183730	21462013	-0.821048	-0.076153	-0.037641	-0.209897
NC_050083.1	19690074	22002467	-0.865356	-0.084231	-0.046594	-0.238832
NC_050083.1	19813963	22002492	-0.881676	-0.106934	-0.059760	-0.241805
NC_050083.1	19814266	22601793	-0.845201	-0.096352	-0.054876	-0.368767
NC_050083.1	19814272	22833633	-0.912693	-0.144946	-0.074764	-0.515081
NC_050083.1	20076558	23110829	-0.881016	-0.101397	-0.055964	-0.416193
NC_050083.1	21449764	23118628	-0.930292	-0.098739	-0.055839	-0.433480
NC_050083.1	21458350	23156562	-0.938354	-0.152213	-0.074117	-0.297324
NC_050083.1	21458676	23422642	-0.905829	-0.149706	-0.072422	-0.290347
NC_050083.1	21462013	23422675	-0.906268	-0.150300	-0.075917	-0.421625
NC_050083.1	22002467	24090751	-0.928321	-0.144022	-0.079329	-0.494044
NC_050083.1	22002492	24090758	-0.811740	-0.100785	-0.057048	-0.345078
NC_050083.1	22601793	24351428	-0.727833	-0.088663	-0.051627	-0.317872
NC_050083.1	22833633	24756232	-0.468728	-0.067719	-0.038632	-0.216761
NC_050083.1	23110829	24756286	0.203076	0.024235	0.016515	0.074530
NC_050083.1	23118628	24786820	0.435041	0.078188	0.048530	0.209630
NC_050083.1	23156562	25438904	0.432275	0.086750	0.048810	0.147974
NC_050083.1	23422642	25438949	0.431272	0.083761	0.047817	0.154908
NC_050083.1	23422675	25438952	0.419722	0.087714	0.049860	0.114176
NC_050083.1	24090751	25439036	0.440312	0.085864	0.050710	0.121574
NC_050083.1	24090758	25538396	0.982749	0.223988	0.139418	0.213217
NC_050083.1	24351428	25538424	0.982058	0.213369	0.133239	0.210949
NC_050083.1	24756232	25538500	0.966079	0.231166	0.136082	0.199345
NC_050083.1	24756286	25538509	0.935820	0.199037	0.135500	0.158305
NC_050083.1	24786820	25538751	0.878268	0.154201	0.098583	0.110647
NC_050083.1	25438904	25711492	0.496559	0.021081	0.016867	0.016724
NC_050083.1	25438949	25711714	0.424991	0.018695	0.018307	0.022557
NC_050083.1	25438952	25711726	0.598643	0.032593	0.032117	0.071470
NC_050083.1	25439036	26186207	-0.433488	-0.058189	-0.045827	-0.585809
NC_050083.1	25538396	26186852	-0.523251	-0.057302	-0.042126	-0.638178
NC_050083.1	25538424	26307530	-0.430349	-0.045362	-0.034088	-0.585613
NC_050083.1	25538500	26340877	-0.431505	-0.040212	-0.028810	-0.586302
NC_050084.1	407633	1327129	-0.647714	-0.072486	-0.042305	-0.569158
NC_050084.1	993658	1327132	-0.778778	-0.139028	-0.084922	-0.677787
NC_050084.1	995237	1504525	0.788265	0.022870	0.017453	0.460758
NC_050084.1	995285	1731977	0.768577	0.022203	0.016597	0.435707
NC_050084.1	1040975	1732296	0.882738	0.023288	0.013713	0.503998
NC_050084.1	1041287	1844602	1.000000	0.023862	0.014443	0.562246
NC_050084.1	1327125	1844611	1.000000	0.024085	0.014262	1.000000
NC_050084.1	1327126	1969317	1.000000	0.072620	0.044738	1.000000
NC_050084.1	1327127	1969399	1.000000	0.077053	0.046612	1.000000
NC_050084.1	1327129	1969419	1.000000	0.078917	0.049937	1.000000
NC_050084.1	1327132	1969585	1.000000	0.079594	0.049474	1.000000
NC_050084.1	1504525	1969742	1.000000	0.082651	0.052569	0.572260
NC_050084.1	1731977	1969797	0.997202	0.087690	0.054564	0.407704
NC_050084.1	1732296	2224373	0.995570	0.094774	0.058065	0.216194
NC_050084.1	1844602	2224523	0.995931	0.103633	0.079883	0.230880
NC_050084.1	1844611	2224524	0.995947	0.101559	0.078711	0.230630
NC_050084.1	1969317	2478223	0.995930	0.096441	0.066323	0.228985
NC_050084.1	1969399	3593346	0.997688	0.157434	0.097422	0.343746
NC_050084.1	1969419	3593720	0.997557	0.129083	0.088215	0.331367
NC_050084.1	1969585	3848419	0.492989	0.073167	0.048265	0.187862
NC_050084.1	1969742	3848693	0.463752	0.064884	0.044761	0.170631
NC_050084.1	1969797	3963663	0.131455	0.021829	0.014692	-0.033762
NC_050084.1	2224373	4194236	0.211921	0.028100	0.018336	0.010130
NC_050084.1	2224523	4194471	0.249250	0.034280	0.023047	0.051694
NC_050084.1	2224524	4194489	0.255652	0.035587	0.023898	0.055503
NC_050084.1	2478223	4194550	0.286524	0.041160	0.027739	0.081580
NC_050084.1	3593346	4668824	0.293483	0.040822	0.025769	0.088065
NC_050084.1	3593720	4668825	-0.137241	-0.014070	-0.008676	-0.255360
NC_050084.1	3848419	4668829	-0.134917	-0.015348	-0.009089	-0.253761
NC_050084.1	3848693	4668844	-0.329572	-0.055881	-0.031284	-0.369732
NC_050084.1	3963663	4669082	-0.317210	-0.054547	-0.030474	-0.360993
NC_050084.1	4194236	4730016	-0.128098	-0.016044	-0.009532	-0.097654
NC_050084.1	4194471	5771161	-0.619231	-0.173046	-0.088144	-0.522516
NC_050084.1	4194489	5771209	-0.645239	-0.175723	-0.089941	-0.573353
NC_050084.1	4194550	5771419	-0.812015	-0.322217	-0.148543	-0.775877
NC_050084.1	4668824	5931794	-0.852596	-0.304573	-0.146702	-0.810691
NC_050084.1	4668825	5931816	-0.839016	-0.306881	-0.189715	-0.760926
NC_050084.1	4668829	6274337	-0.814261	-0.221449	-0.144950	-0.739075
NC_050084.1	4668844	7027309	-0.870585	-0.275880	-0.156178	-0.807424
NC_050084.1	4669082	7027317	-0.804815	-0.170413	-0.106782	-0.730501
NC_050084.1	4730016	7040982	-0.816886	-0.178734	-0.103393	-0.741000
NC_050084.1	5771161	7346512	-0.816790	-0.160166	-0.093274	-0.740916
NC_050084.1	5771209	7423094	-0.787504	-0.132854	-0.082249	-0.746198
NC_050084.1	5771419	7423125	-0.868746	-0.180910	-0.107015	-0.835830
NC_050084.1	5931794	8024500	-0.793651	-0.111453	-0.070166	-0.780435
NC_050084.1	5931816	9295363	-0.866871	-0.137147	-0.084930	-0.881317
NC_050084.1	6274337	9584150	-0.882690	-0.129614	-0.079424	-0.925417
NC_050084.1	7027309	9584347	-0.905543	-0.148457	-0.089406	-0.940211
NC_050084.1	7027317	9584436	-0.846764	-0.101914	-0.068137	-0.920330
NC_050084.1	7040982	9812586	-0.899355	-0.129190	-0.080952	-0.944869
NC_050084.1	7346512	10028062	-0.907306	-0.124280	-0.078486	-0.949002
NC_050084.1	7423094	10437295	-0.534065	-0.111081	-0.064649	-0.728167
NC_050084.1	7423125	10510689	-0.489498	-0.078119	-0.047007	-0.697594
NC_050084.1	8024500	10668273	-0.311674	-0.024990	-0.014392	-0.563812
NC_050084.1	9295363	10668282	-0.320401	-0.025520	-0.014697	-0.570339
NC_050084.1	9584150	10760100	0.093779	0.005448	0.003123	-0.185565
NC_050084.1	9584347	11232874	0.198582	0.014213	0.007941	-0.081061
NC_050084.1	9584436	11232880	0.252109	0.020563	0.011642	-0.025138
NC_050084.1	9812586	11718653	0.286435	0.022267	0.012638	0.011683
NC_050084.1	10028062	12042552	0.388890	0.022011	0.012688	0.078081
NC_050084.1	10437295	12185969	0.422574	0.023421	0.014507	0.111106
NC_050084.1	10510689	12186013	0.068422	0.002599	0.001620	-0.257774
NC_050084.1	10668273	12313642	0.907541	0.021314	0.013414	0.907541
NC_050084.1	10668282	12313695	0.953791	0.030503	0.022255	0.953791
NC_050084.1	10760100	12837556	0.960650	0.035837	0.024232	0.520653
NC_050084.1	11232874	13019627	0.003735	0.000265	0.000170	-0.248348
NC_050084.1	11232880	13019632	-0.174148	-0.011528	-0.007418	-0.353645
NC_050084.1	11718653	13725338	-0.292332	-0.016768	-0.010971	-0.414766
NC_050084.1	12042552	13725378	-0.173054	-0.011252	-0.007433	-0.353049
NC_050084.1	12185969	14134592	-0.171617	-0.015538	-0.010633	-0.352265
NC_050084.1	12186013	14134872	-0.211620	-0.020915	-0.013753	-0.373715
NC_050084.1	12313642	14134891	-0.178473	-0.015716	-0.010766	-0.357735
NC_050084.1	12313695	14167195	-0.611045	-0.114938	-0.068728	-0.576635
NC_050084.1	12837556	14198652	0.010210	0.002798	0.001747	-0.122754
NC_050084.1	13019627	14198939	-0.027828	-0.007093	-0.004400	-0.177112
NC_050084.1	13019632	14291681	0.209328	0.036522	0.025514	0.209328
NC_050084.1	13725338	14785310	-0.182635	-0.037223	-0.024668	-0.182635
NC_050084.1	13725378	15177253	-0.180080	-0.036204	-0.024120	-0.180080
NC_050084.1	14134592	15177412	-0.403358	-0.107199	-0.069145	-0.403151
NC_050084.1	14134872	16219280	-0.407782	-0.101142	-0.059983	-0.407572
NC_050084.1	14134891	16219440	-0.414872	-0.110003	-0.063397	-0.414659
NC_050084.1	14167195	16651978	-0.415776	-0.110155	-0.063292	-0.415562
NC_050084.1	14198652	16652020	-0.248603	-0.045789	-0.028355	-0.248439
NC_050084.1	14198939	16652053	-0.876840	-0.114450	-0.069157	-0.875975
NC_050084.1	14291681	16758549	-0.894885	-0.122132	-0.078989	-0.894061
NC_050084.1	14785310	16758642	-0.962283	-0.206512	-0.122738	-0.961644
NC_050084.1	15177253	17138684	-0.943664	-0.144850	-0.091119	-0.942729
NC_050084.1	15177412	17138844	-0.948671	-0.144057	-0.090896	-0.947728
NC_050084.1	16219280	17281439	-0.731866	-0.062675	-0.040692	-0.653566
NC_050084.1	16219440	17351234	-0.738767	-0.066317	-0.043347	-0.660346
NC_050084.1	16651978	17351475	-0.813254	-0.102121	-0.059654	-0.802581
NC_050084.1	16652020	17351476	-0.865701	-0.150605	-0.083597	-0.868103
NC_050084.1	16652053	18044961	-0.894266	-0.169803	-0.092249	-0.898907
NC_050084.1	16758549	18653060	-0.825768	-0.163029	-0.088482	-0.821513
NC_050084.1	16758642	18690879	-0.305592	-0.083446	-0.045250	-0.472690
NC_050084.1	17138684	18784759	-0.075579	-0.015443	-0.008734	-0.365515
NC_050084.1	17138844	18784811	-0.065405	-0.015073	-0.008335	-0.359975
NC_050084.1	17281439	18785109	-0.067179	-0.013486	-0.007908	-0.361348
NC_050084.1	17351234	19666737	-0.191966	-0.039984	-0.021330	-0.444261
NC_050084.1	17351475	19720506	0.124825	0.031901	0.019232	-0.174904
NC_050084.1	17351476	19792509	0.297719	0.051139	0.034193	0.015494
NC_050084.1	18044961	19792571	0.530615	0.073923	0.051087	0.316298
NC_050084.1	18653060	19995145	0.795991	0.111313	0.080213	0.422283
NC_050084.1	18690879	19995168	0.787203	0.106780	0.076694	0.426281
NC_050084.1	18784759	20068774	0.626714	0.047534	0.032077	0.252176
NC_050084.1	18784811	20110728	0.787249	0.101261	0.069067	0.426348
NC_050084.1	18785109	20327513	0.779083	0.101880	0.069100	0.421947
NC_050084.1	19666737	20327696	0.778490	0.119171	0.076549	0.421108
NC_050084.1	19720506	20327720	0.993720	0.209958	0.156192	0.606387
NC_050084.1	19792509	20327754	0.990701	0.163205	0.123872	0.509130
NC_050084.1	19792571	20349658	0.990709	0.227328	0.174582	0.509349
NC_050084.1	19995145	20349673	0.993720	0.336392	0.258506	0.606363
NC_050084.1	19995168	20352322	0.993690	0.322090	0.220493	0.762040
NC_050084.1	20068774	20579794	0.993700	0.304527	0.208614	0.762342
NC_050084.1	20110728	21784754	0.994920	0.431620	0.323490	0.809306
NC_050084.1	20327513	21785003	0.993223	0.353788	0.237522	0.764255
NC_050084.1	20327696	21993226	0.999806	0.312207	0.190650	0.771025
NC_050084.1	20327720	21993289	0.992938	0.313965	0.190846	0.766542
NC_050084.1	20327754	21993473	0.989501	0.191799	0.113700	0.695782
NC_050084.1	20349658	22752426	0.990427	0.206614	0.126232	0.684921
NC_050084.1	20349673	22752434	0.937931	0.226657	0.143541	0.660059
NC_050084.1	20352322	22752448	0.896685	0.141685	0.086912	0.544441
NC_050084.1	20579794	22752517	0.882846	0.144436	0.097899	0.789617
NC_050084.1	21784754	24181620	0.827805	0.143102	0.092976	0.693179
NC_050084.1	21785003	24181640	0.624078	0.073466	0.046453	0.391083
NC_050084.1	21993226	24212662	0.613129	0.063453	0.043823	0.380089
NC_050084.1	21993289	24333496	0.629559	0.073832	0.058604	0.396677
NC_050084.1	21993473	25377943	0.692255	0.074071	0.046716	0.457081
NC_050084.1	22752426	25378197	0.718297	0.091187	0.052582	0.488315
NC_050085.1	380604	1378199	0.598749	0.014242	0.009551	0.532657
NC_050085.1	380666	1480998	0.698279	0.015179	0.010535	0.622284
NC_050085.1	380865	1837819	0.801118	0.011815	0.007482	0.754303
NC_050085.1	531126	1837883	0.934255	0.018654	0.012394	0.934255
NC_050085.1	679123	1837896	0.911436	0.014687	0.009482	0.911436
NC_050085.1	679346	1838086	1.000000	0.021581	0.013698	1.000000
NC_050085.1	693834	1925100	1.000000	0.021660	0.013721	1.000000
NC_050085.1	694100	1925211	0.948460	0.024523	0.016000	0.276733
NC_050085.1	1378077	2028220	0.988090	0.102601	0.068659	0.633016
NC_050085.1	1378199	2028227	0.988129	0.102720	0.068788	0.633796
NC_050085.1	1480998	2768115	0.109013	0.014811	0.010418	0.082988
NC_050085.1	1837819	2849974	-0.228093	-0.046884	-0.030999	-0.186838
NC_050085.1	1837883	2850177	-0.223768	-0.059261	-0.045669	-0.183413
NC_050085.1	1837896	2850211	-0.307679	-0.091988	-0.068498	-0.253870
NC_050085.1	1838086	2850214	-0.309920	-0.097937	-0.071850	-0.255642
NC_050085.1	1925100	3842185	-0.318783	-0.084116	-0.068378	-0.262642
NC_050085.1	1925211	4922963	-0.478615	-0.126029	-0.101758	-0.410652
NC_050085.1	2028220	5091611	-0.473973	-0.117412	-0.099116	-0.440191
NC_050085.1	2028227	5091684	-0.915155	-0.185649	-0.155173	-0.763101
NC_050085.1	2768115	5433390	-0.917523	-0.175143	-0.141556	-0.764918
NC_050085.1	2849974	5744887	-0.311327	-0.067437	-0.053131	-0.259546
NC_050085.1	2850177	5745024	-0.009404	-0.001373	-0.001152	-0.007362
NC_050085.1	2850211	5745105	-0.001324	-0.000195	-0.000155	-0.001039
NC_050085.1	2850214	6921476	0.114682	0.014088	0.011589	0.088440
NC_050085.1	3842185	6921850	0.108225	0.013357	0.010981	0.083537
NC_050085.1	4922963	6949436	0.097933	0.010351	0.007957	0.075394
NC_050085.1	5091611	7061612	0.088597	0.012123	0.008741	0.068340
NC_050085.1	5091684	7148848	0.095652	0.012252	0.008826	0.083389
NC_050085.1	5433390	7148902	0.102599	0.013118	0.009102	0.102599
NC_050085.1	5744887	7327905	-0.216791	-0.035371	-0.024313	-0.216791
NC_050085.1	5745024	7977148	-0.774106	-0.089280	-0.058652	-0.774106
NC_050085.1	5745105	8354697	-0.807137	-0.086706	-0.056160	-0.807137
NC_050085.1	6921476	8386397	-0.823509	-0.087783	-0.058752	-0.823509
NC_050085.1	6921850	8528140	-0.753103	-0.086917	-0.056525	-0.753103
NC_050085.1	6949436	8528170	-0.745405	-0.083070	-0.053874	-0.745405
NC_050085.1	7061612	8528345	-0.785363	-0.115770	-0.073697	-0.785363
NC_050085.1	7148848	8528395	-0.770625	-0.107322	-0.067775	-0.769635
NC_050085.1	7148902	8613695	-0.783680	-0.107863	-0.069731	-0.782666
NC_050085.1	7327905	8920327	-0.800988	-0.100204	-0.069604	-0.799941
NC_050085.1	7977148	8920387	-0.748919	-0.077854	-0.055592	-0.808317
NC_050085.1	8354697	8920555	-0.750683	-0.085835	-0.066309	-0.809699
NC_050085.1	8386397	8920560	-0.809843	-0.143570	-0.110125	-0.871104
NC_050085.1	8528140	8920605	-0.861033	-0.199227	-0.145737	-0.911947
NC_050085.1	8528170	9027251	-0.850639	-0.193704	-0.146821	-0.905217
NC_050085.1	8528345	9027510	-0.855998	-0.206321	-0.148333	-0.908690
NC_050085.1	8528395	9050844	-0.854766	-0.208628	-0.149594	-0.903095
NC_050085.1	8613695	9153575	-0.809267	-0.145519	-0.104687	-0.886714
NC_050085.1	8920327	9264250	-0.841111	-0.137654	-0.102990	-0.900912
NC_050085.1	8920387	9579065	-0.884524	-0.213029	-0.137467	-0.919418
NC_050085.1	8920555	9767659	-0.902064	-0.300335	-0.182582	-0.919593
NC_050085.1	8920560	10127196	-0.890697	-0.298333	-0.181365	-0.910791
NC_050085.1	8920605	10127352	-0.852552	-0.223350	-0.144936	-0.868216
NC_050085.1	9027251	10186654	-0.813788	-0.167104	-0.113874	-0.805948
NC_050085.1	9027510	10253489	-0.886256	-0.183841	-0.120069	-0.788097
NC_050085.1	9050844	10253522	-0.872305	-0.170107	-0.120445	-0.776234
NC_050085.1	9153575	10370769	-0.872674	-0.154108	-0.100903	-0.782700
NC_050085.1	9264250	10581389	-0.877416	-0.127642	-0.085167	-0.790043
NC_050085.1	9579065	10863455	-0.907292	-0.180284	-0.106751	-0.837548
NC_050085.1	9767659	10884236	-0.876296	-0.128643	-0.081744	-0.792871
NC_050085.1	10127196	11341431	-0.782647	-0.061941	-0.039591	-0.665053
NC_050085.1	10127352	11373827	-0.890369	-0.114261	-0.068538	-0.804275
NC_050085.1	10186654	12262355	-0.902675	-0.079593	-0.050409	-0.814958
NC_050085.1	10253489	12262448	-0.900438	-0.079489	-0.050343	-0.813017
NC_050085.1	10253522	12420399	-0.932157	-0.080659	-0.050507	-0.932056
NC_050085.1	10370769	12420661	-0.371868	-0.044994	-0.028250	-0.371840
NC_050085.1	10581389	12420694	-0.364553	-0.045624	-0.029698	-0.364525
NC_050085.1	10863455	12420709	-0.286857	-0.035921	-0.024077	-0.286833
NC_050085.1	10884236	13239915	0.058266	0.004813	0.003341	0.058259
NC_050085.1	11341431	13335868	0.054196	0.004729	0.003299	0.054189
NC_050085.1	11373827	13335875	0.043891	0.004451	0.003165	0.043278
NC_050085.1	12262355	13335882	0.957151	0.054634	0.041215	0.932582
NC_050085.1	12262448	14312537	0.954448	0.096657	0.060755	0.389780
NC_050085.1	12420399	14678264	0.975962	0.186833	0.117545	0.553121
NC_050085.1	12420661	14982735	0.981001	0.240906	0.160099	0.627966
NC_050085.1	12420694	15026331	0.969624	0.119189	0.080147	0.476008
NC_050085.1	12420709	15026542	0.969335	0.119341	0.079958	0.435639
NC_050085.1	13239915	15192975	0.969609	0.105702	0.073802	0.437683
NC_050085.1	13335868	15222941	0.969794	0.139903	0.100283	0.422146
NC_050085.1	13335875	15384576	0.230200	0.055642	0.036990	0.152038
NC_050085.1	13335882	15552845	0.444962	0.118090	0.084224	0.291136
NC_050085.1	14312537	15552846	0.455750	0.113642	0.082706	0.298189
NC_050085.1	14678264	15553023	0.460650	0.107821	0.095070	0.402142
NC_050085.1	14982735	15611597	0.261283	0.047583	0.041560	0.159426
NC_050085.1	15026331	15611600	0.067443	0.010165	0.008813	0.021356
NC_050085.1	15026542	15611602	0.062076	0.012588	0.011406	0.015860
NC_050085.1	15192975	15611605	0.056587	0.012413	0.011125	0.012092
NC_050085.1	15222941	15611607	0.043607	0.013368	0.011462	0.007699
NC_050085.1	15384576	15611610	0.037805	0.013323	0.011151	0.005767
NC_050085.1	15552845	15817353	0.995822	0.096886	0.082316	0.088033
NC_050085.1	15552846	15817406	0.966128	0.013691	0.010564	0.011362
NC_050085.1	15553023	15817449	0.955649	0.010644	0.007635	0.008591
NC_050085.1	15611597	15817659	0.934287	0.008599	0.005800	0.005662
NC_050085.1	15611600	15817660	0.916792	0.008628	0.005817	0.006763
NC_050085.1	15611602	15817665	0.793918	0.025984	0.017689	0.025446
NC_050085.1	15611605	15905499	0.729118	0.023451	0.015365	0.031867
NC_050085.1	15611607	15905500	0.668836	0.022249	0.014610	0.044152
NC_050085.1	15611610	16035494	-0.332955	-0.018232	-0.013253	-0.086625
NC_050085.1	15817353	16052784	-0.305468	-0.013567	-0.009475	-0.294008
NC_050085.1	15817406	16112756	-0.741855	-0.119369	-0.071632	-0.729968
NC_050085.1	15817449	16144734	-0.780282	-0.128651	-0.064836	-0.768128
NC_050085.1	15817659	16454467	-0.165041	-0.040837	-0.021635	-0.163350
NC_050085.1	15817660	16454696	-0.149167	-0.033422	-0.018643	-0.147659
NC_050085.1	15817665	16571263	-0.149545	-0.033536	-0.018678	-0.091919
NC_050085.1	15905499	16571284	-0.211316	-0.042744	-0.024177	-0.127148
NC_050085.1	15905500	16571313	-0.213059	-0.044953	-0.025710	-0.126610
NC_050085.1	16035494	16571324	-0.215083	-0.045861	-0.026153	-0.127281
NC_050085.1	16052784	16571328	-0.066552	-0.018750	-0.008792	-0.036239
NC_050085.1	16112756	16571333	-0.086267	-0.043014	-0.017016	-0.046683
NC_050085.1	16144734	17240242	0.665428	0.163382	0.077474	0.256488
NC_050085.1	16454467	17400684	0.789211	0.142401	0.108638	0.301039
NC_050085.1	16454696	17882004	-0.298057	-0.017769	-0.013148	-0.062915
NC_050085.1	16571263	18051926	-0.214511	-0.015567	-0.007427	-0.051549
NC_050085.1	16571284	19425295	-0.209319	-0.008138	-0.004245	-0.176788
NC_050085.1	16571313	19472365	-0.113297	-0.004596	-0.002443	-0.120831
NC_050085.1	16571324	20346245	-0.120105	-0.004721	-0.002550	-0.137125
NC_050085.1	16571328	20346529	-0.100905	-0.003163	-0.001843	-0.132863
NC_050085.1	16571333	20346530	-0.103526	-0.003184	-0.001858	-0.138532
NC_050085.1	17240242	20346536	-0.054703	-0.001557	-0.000914	-0.111126
NC_050085.1	17400684	20407520	-0.750980	-0.078781	-0.046076	-0.729031
NC_050085.1	17882004	20707037	-0.813658	-0.091477	-0.053370	-0.786839
NC_050085.1	18051926	20725363	-0.775514	-0.076294	-0.043580	-0.741900
NC_050085.1	19425295	21261980	-0.811602	-0.058460	-0.043444	-0.775741
NC_050085.1	19472365	21403304	-0.812833	-0.078245	-0.065364	-0.330110
NC_050085.1	20346245	21403380	-0.852971	-0.082234	-0.068429	-0.341915
NC_050085.1	20346529	21403588	-0.811155	-0.074806	-0.062830	-0.325934
NC_050085.1	20346530	21403604	-0.788947	-0.082559	-0.067961	-0.317541
NC_050085.1	20346536	21452486	-0.779036	-0.080058	-0.062905	-0.315793
NC_050085.1	20407520	21590903	-0.845550	-0.124205	-0.090108	-0.497652
NC_050085.1	20707037	22303066	-0.842792	-0.102143	-0.057620	-0.493819
NC_050085.1	20725363	22303130	-0.821781	-0.104118	-0.057890	-0.486490
NC_050085.1	21261980	22303169	-0.804992	-0.103931	-0.060191	-0.480565
NC_050085.1	21403304	22509463	-0.762596	-0.166233	-0.075432	-0.465319
NC_050085.1	21403380	22509514	-0.748283	-0.155206	-0.068916	-0.805929
NC_050085.1	21403588	22509675	-0.755831	-0.153865	-0.068868	-0.811935
NC_050085.1	21403604	22509775	-0.767205	-0.151481	-0.068705	-0.820962
NC_050085.1	21452486	22735744	-0.547026	-0.115911	-0.053669	-0.641307
NC_050085.1	21590903	23004356	-0.543371	-0.077641	-0.044927	-0.638235
NC_050085.1	22303066	23004646	-0.371645	-0.036750	-0.023041	-0.371645
NC_050086.2	182045	1538890	0.122732	0.024280	0.011143	0.114804
NC_050086.2	182174	1882149	0.173892	0.025417	0.013578	0.163275
NC_050086.2	182287	2145943	0.163381	0.020303	0.011863	0.153422
NC_050086.2	608865	2201192	-0.040307	-0.005036	-0.003039	-0.174358
NC_050086.2	608899	2615520	-0.058469	-0.006495	-0.003978	-0.191007
NC_050086.2	609129	2615830	-0.051676	-0.005414	-0.003391	-0.182302
NC_050086.2	1325911	3175225	-0.099443	-0.009997	-0.006508	-0.215324
NC_050086.2	1450779	3175227	0.409099	0.027962	0.019869	0.086507
NC_050086.2	1538885	3175304	-0.248240	-0.008480	-0.006780	-0.196282
NC_050086.2	1538890	3175436	-0.246975	-0.008618	-0.006652	-0.195820
NC_050086.2	1882149	3175466	-0.323534	-0.010675	-0.008050	-0.212143
NC_050086.2	2145943	3175515	-0.614640	-0.021189	-0.015465	-0.262760
NC_050086.2	2201192	3595661	0.271139	0.023497	0.016419	0.030340
NC_050086.2	2615520	3750968	0.998960	0.076230	0.050381	0.351894
NC_050086.2	2615830	4023340	0.999055	0.105912	0.072559	0.369394
NC_050086.2	3175225	4023611	0.999134	0.122269	0.082269	0.384362
NC_050086.2	3175227	4287672	0.999187	0.103824	0.068758	0.399973
NC_050086.2	3175304	4287715	0.999201	0.103016	0.068781	0.403220
NC_050086.2	3175436	4287726	0.999967	0.177363	0.121946	0.937943
NC_050086.2	3175466	4287745	1.000000	0.174890	0.143100	1.000000
NC_050086.2	3175515	4287999	1.000000	0.163461	0.132979	1.000000
NC_050086.2	3595661	4288019	0.374064	0.094123	0.070959	0.420653
NC_050086.2	3750968	4389447	0.009513	0.001740	0.001076	0.009513
NC_050086.2	4023340	4485701	-0.019851	-0.002876	-0.001980	-0.019851
NC_050086.2	4023611	4737370	-0.064691	-0.009791	-0.006571	-0.064691
NC_050086.2	4287672	4737632	-0.114210	-0.017733	-0.011196	-0.114210
NC_050086.2	4287715	4737655	-0.373571	-0.094422	-0.055896	-0.373542
NC_050086.2	4287726	4737662	-0.380643	-0.096102	-0.056797	-0.380613
NC_050086.2	4287745	4737692	-0.936954	-0.168853	-0.099736	-0.936851
NC_050086.2	4287999	4941646	-0.959902	-0.190687	-0.095704	-0.960223
NC_050086.2	4288019	4993118	-0.936577	-0.202350	-0.102137	-0.937139
NC_050086.2	4389447	5465700	-0.829826	-0.083229	-0.048414	-0.832448
NC_050086.2	4485701	5528034	-0.761087	-0.071611	-0.045974	-0.765948
NC_050086.2	4737370	5550235	-0.771885	-0.100206	-0.057943	-0.776312
NC_050086.2	4737632	5833881	-0.787571	-0.113891	-0.064471	-0.796466
NC_050086.2	4737655	5834230	-0.771853	-0.096648	-0.060991	-0.781442
NC_050086.2	4737662	5834235	0.562486	0.055149	0.037713	0.483493
NC_050086.2	4737692	5874130	0.739559	0.106186	0.075683	0.686114
NC_050086.2	4941646	5874162	0.666135	0.101817	0.071673	0.616654
NC_050086.2	4993118	5874355	0.741200	0.103757	0.088329	0.710879
NC_050086.2	5465700	5874373	0.162956	0.035410	0.027968	0.148894
NC_050086.2	5528034	6221903	0.274306	0.096592	0.070913	0.260926
NC_050086.2	5550235	6418772	0.264731	0.093419	0.072352	0.245248
NC_050086.2	5833881	6418774	0.291008	0.119796	0.089577	0.268739
NC_050086.2	5834230	6484874	0.340015	0.121312	0.086716	0.329207
NC_050086.2	5834235	6484935	0.343701	0.125585	0.090159	0.332835
NC_050086.2	5874130	6723588	0.185825	0.047949	0.035671	0.178592
NC_050086.2	5874162	6941440	-0.167627	-0.036245	-0.020458	-0.158425
NC_050086.2	5874355	6941443	-0.118746	-0.023591	-0.013653	-0.111981
NC_050086.2	5874373	6941645	-0.142682	-0.024974	-0.015089	-0.134389
NC_050086.2	6221903	6941707	0.936680	0.067298	0.044909	0.823919
NC_050086.2	6418772	7527042	-0.599795	-0.072081	-0.044392	-0.551789
NC_050086.2	6418774	7527096	-0.589642	-0.074896	-0.045830	-0.579963
NC_050086.2	6484874	7527155	-0.588088	-0.071978	-0.044637	-0.587555
NC_050086.2	6484935	7683363	-0.620520	-0.063203	-0.044088	-0.619946
NC_050086.2	6723588	8100085	-0.793928	-0.127163	-0.083772	-0.793471
NC_050086.2	6941440	8100338	-0.944409	-0.238667	-0.141140	-0.943999
NC_050086.2	6941443	8100344	-0.955035	-0.267582	-0.185472	-0.954618
NC_050086.2	6941645	8100346	-0.920178	-0.268524	-0.184823	-0.802771
NC_050086.2	6941707	8142778	-0.930534	-0.350072	-0.190099	-0.521046
NC_050086.2	7527042	8142793	-0.422843	-0.218567	-0.118006	-0.267754
NC_050086.2	7527096	8143153	-0.198044	-0.070527	-0.046302	-0.110071
NC_050086.2	7527155	8143176	-0.192360	-0.059746	-0.041087	-0.107138
NC_050086.2	7683363	8501764	-0.197921	-0.063541	-0.043232	-0.110328
NC_050086.2	8100085	8501785	-0.203226	-0.101011	-0.058465	-0.113390
NC_050086.2	8100338	8501786	0.124519	0.062985	0.036308	0.058786
NC_050086.2	8100344	8501828	0.910301	0.280399	0.181506	0.313950
NC_050086.2	8100346	8501861	0.900510	0.279249	0.153809	0.311619
NC_050086.2	8142778	8501876	-0.019473	-0.014740	-0.005675	-0.010560
NC_050086.2	8142793	8502002	-0.022777	-0.017329	-0.009002	-0.022751
NC_050086.2	8143153	8502094	-0.952448	-0.604693	-0.195794	-0.950416
NC_050086.2	8143176	8502110	-0.965079	-0.780326	-0.213289	-0.963027
NC_050086.2	8501764	8523053	-0.232826	-0.231193	-0.075843	-0.092954
NC_050086.2	8501785	8604702	-0.221039	-0.146914	-0.055426	-0.082491
NC_050086.2	8501786	8807389	-0.206255	-0.097585	-0.044981	-0.069674
NC_050086.2	8501828	8859308	-0.150811	-0.053568	-0.029050	-0.024776
NC_050086.2	8501861	8972212	-0.169134	-0.042327	-0.026668	-0.043538
NC_050086.2	8501876	8988938	-0.168956	-0.041366	-0.028863	-0.043356
NC_050086.2	8502002	9368373	0.743127	0.085210	0.061346	0.794895
NC_050086.2	8502094	9368393	0.779125	0.082789	0.061766	0.821751
NC_050086.2	8502110	9815534	0.802473	0.068928	0.048718	0.840463
NC_050086.2	8523053	9815567	0.825624	0.064850	0.047100	0.859047
NC_050086.2	8604702	9909332	0.417659	0.010431	0.007446	0.417659
NC_050086.2	8807389	10395013	-0.705653	-0.088486	-0.059981	-0.705184
NC_050086.2	8859308	10395059	-0.667184	-0.085748	-0.054831	-0.666750
NC_050086.2	8972212	10395076	-0.771820	-0.109269	-0.066018	-0.771291
NC_050086.2	8988938	10395079	-0.700268	-0.115175	-0.065493	-0.699785
NC_050086.2	9368373	10395100	-0.639147	-0.096547	-0.051096	-0.638718
NC_050086.2	9368393	10395127	-0.633125	-0.094871	-0.053617	-0.241951
NC_050086.2	9815534	10395133	-0.653238	-0.096931	-0.054723	-0.247752
NC_050086.2	9815567	10395319	-0.614619	-0.107019	-0.070145	-0.236535
NC_050086.2	9909332	10395363	-0.577763	-0.103241	-0.067603	-0.225517
NC_050086.2	10395013	11107800	-0.576005	-0.041378	-0.024185	-0.224984
NC_050086.2	10395059	11218957	0.853251	0.013990	0.008483	0.109158
NC_050086.2	10395076	11218979	0.825363	0.012213	0.007460	0.048221
NC_050086.2	10395079	11218989	0.819226	0.012163	0.007430	0.048015
NC_050086.2	10395100	11219084	0.692519	0.009446	0.005500	0.035670
NC_050086.2	10395127	11219315	0.521239	0.006425	0.003906	0.023039
NC_050086.2	10395133	11219324	0.439772	0.005729	0.003484	0.038860
NC_050086.2	10395319	11219334	0.195722	0.002285	0.001350	0.014656
NC_050086.2	10395363	11219336	0.862866	0.061395	0.036110	0.282920
NC_050086.2	11107800	11219337	0.923219	0.121839	0.071330	0.435965
NC_050086.2	11218957	11219347	0.911130	0.784131	0.558825	0.430200
NC_050086.2	11218979	11219348	0.911130	0.784131	0.558825	0.430200
NC_050086.2	11218989	11285374	0.911960	0.541731	0.337535	0.911960
NC_050086.2	11219084	11285383	0.923343	0.547139	0.339741	0.433257
NC_050086.2	11219315	11663579	0.922288	0.381483	0.302838	0.432888
NC_050086.2	11219324	12258426	0.240303	0.103450	0.077207	0.138947
NC_050086.2	11219334	12258447	-0.084497	-0.049591	-0.032872	-0.054924
NC_050086.2	11219336	12543710	-0.079026	-0.031829	-0.023613	-0.051363
NC_050086.2	11219337	12543736	-0.396644	-0.136075	-0.098157	-0.165523
NC_050086.2	11219347	12543789	-0.391946	-0.134797	-0.092626	-0.163799
NC_050086.2	11219348	12544032	-0.386133	-0.124747	-0.076926	-0.161260
NC_050086.2	11285374	12763165	-0.434510	-0.136877	-0.085063	-0.190192
NC_050086.2	11285383	12867771	-0.153575	-0.051009	-0.035705	-0.075541
NC_050086.2	11663579	13114609	-0.153703	-0.051058	-0.035741	-0.076774
NC_050086.2	12258426	13114933	-0.153354	-0.058134	-0.039040	-0.076584
NC_050086.2	12258447	13114950	0.135976	0.047949	0.032417	0.058072
NC_050086.2	12543710	13138147	0.721612	0.156953	0.118452	0.238686
NC_050086.2	12543736	13157870	0.738754	0.190607	0.127654	0.254858
NC_050086.2	12543789	13287115	0.742452	0.171792	0.119797	0.389349
NC_050086.2	12544032	13287473	0.572055	0.078170	0.053648	0.228190
NC_050086.2	12763165	13510455	0.572955	0.074683	0.056442	0.228838
NC_050086.2	12867771	13510478	0.978409	0.111048	0.084601	0.339491
NC_050086.2	13114609	13510535	0.906594	0.034659	0.023812	0.099171
NC_050086.2	13114933	13510536	0.912827	0.034769	0.023955	0.912827
NC_050086.2	13114950	13510537	1.000000	0.036491	0.025174	1.000000
NC_050086.2	13138147	13510539	1.000000	0.036985	0.025268	1.000000
NC_050086.2	13157870	13510540	1.000000	0.039565	0.026134	1.000000
NC_050086.2	13287115	13510541	1.000000	0.022499	0.014914	1.000000
NC_050086.2	13287473	13510542	1.000000	0.020307	0.011693	1.000000
NC_050086.2	13510455	13510545	1.000000	0.014554	0.008814	1.000000
NC_050086.2	13510478	13510548	1.000000	0.037051	0.021788	1.000000
NC_050086.2	13510535	13510549	1.000000	0.218571	0.218571	1.000000
NC_050086.2	13510536	13510554	1.000000	0.192174	0.192174	1.000000
NC_050086.2	13510537	13510575	1.000000	0.189278	0.189278	1.000000
NC_050086.2	13510539	13510578	1.000000	0.192174	0.192174	1.000000
NC_050086.2	13510540	13510579	1.000000	0.192174	0.192174	1.000000
NC_050086.2	13510541	13510580	1.000000	0.192174	0.192174	1.000000
NC_050086.2	13510542	13510837	1.000000	0.856171	0.078741	1.000000
NC_050086.2	13510545	13546719	1.000000	0.090771	0.047533	1.000000
NC_050086.2	13510548	13547047	1.000000	0.037076	0.027908	1.000000
NC_050086.2	13510549	13687601	0.827307	0.025559	0.015535	0.827307
NC_050086.2	13510554	13815505	0.860031	0.020085	0.014384	0.860031
NC_050086.2	13510575	14054487	0.896600	0.021845	0.016733	0.896600
NC_050086.2	13510578	14054721	0.917972	0.023030	0.017107	0.917972
NC_050086.2	13510579	14615201	-0.605350	-0.073727	-0.051092	-0.605350
NC_050086.2	13510580	14675084	-0.763504	-0.138288	-0.092589	-0.763504
NC_050086.2	13510837	15528519	-0.717083	-0.104701	-0.064389	-0.717083
NC_050086.2	13546719	15931784	-0.822637	-0.113594	-0.076798	-0.848471
NC_050086.2	13547047	15932247	-0.833272	-0.115596	-0.076362	-0.857581
NC_050086.2	13687601	18647795	-0.836004	-0.103975	-0.060420	-0.859945
NC_050086.2	13815505	18647846	-0.835353	-0.108675	-0.062891	-0.528469
NC_050086.2	14054487	18652989	-0.318965	-0.059445	-0.033986	-0.267946
NC_050086.2	14054721	19674583	-0.168022	-0.034192	-0.018178	-0.175888
NC_050086.2	14615201	19674595	-0.112100	-0.026212	-0.013747	-0.139535
NC_050087.2	89852	2275047	-0.431394	-0.083283	-0.049277	-0.428534
NC_050087.2	668173	2275114	-0.187333	-0.028714	-0.017486	-0.185769
NC_050087.2	1163691	2275115	0.087891	0.020903	0.012463	0.087326
NC_050087.2	1168318	2275309	-0.126044	-0.047907	-0.027732	-0.125386
NC_050087.2	1168401	2275370	-0.121473	-0.048855	-0.028196	-0.121473
NC_050087.2	1925844	2275372	0.243668	0.099516	0.059994	0.243668
NC_050087.2	2072169	2287174	0.213519	0.095235	0.051842	0.213519
NC_050087.2	2072419	3148219	0.516657	0.187502	0.113087	0.480276
NC_050087.2	2154259	3148391	0.504938	0.191601	0.117769	0.469494
NC_050087.2	2275047	4050218	0.456875	0.210302	0.116731	0.425195
NC_050087.2	2275114	4050263	0.457242	0.194716	0.121651	0.425557
NC_050087.2	2275115	4318983	0.442473	0.186335	0.115728	0.411036
NC_050087.2	2275309	4319018	0.263916	0.089780	0.054389	0.239711
NC_050087.2	2275370	4457496	0.865110	0.180633	0.121579	0.753396
NC_050087.2	2275372	4457763	0.864849	0.200301	0.130081	0.752980
NC_050087.2	2287174	4457770	0.740268	0.100360	0.062442	0.575854
NC_050087.2	3148219	5009266	0.038388	0.001182	0.000921	0.018662
NC_050087.2	3148391	5009578	-0.122907	-0.002949	-0.002203	-0.122907
NC_050087.2	4050218	5479634	0.026851	0.000534	0.000353	0.026851
NC_050087.2	4050263	5479715	1.000000	0.010175	0.007491	1.000000
NC_050087.2	4318983	5714291	0.698138	0.007924	0.005477	0.698138
NC_050087.2	4319018	5967156	0.945911	0.050250	0.035301	0.958112
NC_050087.2	4457496	5967364	-0.061672	-0.006765	-0.004549	0.071337
NC_050087.2	4457763	5967366	-0.032940	-0.003996	-0.002623	0.086135
NC_050087.2	4457770	6055515	-0.034744	-0.004386	-0.002743	0.084846
NC_050087.2	5009266	6055525	-0.031587	-0.003875	-0.002452	0.087103
NC_050087.2	5009578	6055836	-0.043510	-0.006593	-0.003838	0.077422
NC_050087.2	5479634	6055842	-0.048645	-0.008943	-0.005022	0.073757
NC_050087.2	5479715	6055881	-0.053717	-0.012279	-0.006774	0.070143
NC_050087.2	5714291	6979992	-0.023881	-0.003584	-0.001716	0.091498
NC_050087.2	5967156	6980007	0.022415	0.003351	0.001699	0.127228
NC_050087.2	5967364	7061907	-0.633820	-0.075871	-0.026311	-0.224232
NC_050087.2	5967366	7351728	0.888074	0.019279	0.007363	0.087953
NC_050087.2	6055515	7620029	0.976642	0.091010	0.035917	0.356537
NC_050087.2	6055525	7714262	0.976795	0.082957	0.035041	0.358079
NC_050087.2	6055836	7714450	0.977787	0.083217	0.035999	0.348472
NC_050087.2	6055842	8278440	0.959317	0.056500	0.028915	0.339816
NC_050087.2	6055881	8278451	0.948784	0.056771	0.029087	0.328715
NC_050087.2	6979992	8278489	0.948783	0.056854	0.030570	0.328709
NC_050087.2	6980007	8278582	0.945940	0.075566	0.044077	0.316258
NC_050087.2	7061907	8278606	0.895890	0.080559	0.045511	0.299768
NC_050087.2	7351728	8278612	0.828189	0.078802	0.060837	0.601897
NC_050087.2	7620029	8278627	0.818890	0.086052	0.065045	0.560332
NC_050087.2	7714262	8278630	0.313630	0.010432	0.008100	0.107168
NC_050087.2	7714450	8278643	0.136111	0.005803	0.004533	0.045137
NC_050087.2	8278440	8278658	0.013194	0.000538	0.000412	-0.005010
NC_050087.2	8278451	8278675	0.030457	0.006583	0.005891	0.014561
NC_050087.2	8278489	8343511	0.218207	0.054526	0.038088	0.122391
NC_050087.2	8278582	8343517	0.374658	0.110745	0.078633	0.229793
NC_050087.2	8278606	8343520	0.391124	0.077996	0.062147	0.241819
NC_050087.2	8278612	8343528	0.585869	0.128776	0.103453	0.416906
NC_050087.2	8278627	8343733	0.731227	0.159273	0.118930	0.523076
NC_050087.2	8278630	8343762	0.748368	0.155330	0.116039	0.636440
NC_050087.2	8278643	8343819	0.788407	0.210887	0.144284	0.686836
NC_050087.2	8278658	8343820	0.948423	0.190466	0.140434	0.820016
NC_050087.2	8278675	8623367	0.952744	0.226420	0.124898	0.376073
NC_050087.2	8343511	8623380	0.769462	0.169776	0.099077	0.310009
NC_050087.2	8343517	8972451	0.736273	0.107337	0.075406	0.279234
NC_050087.2	8343520	8972454	0.588693	0.088796	0.062260	0.227054
NC_050087.2	8343528	8972455	0.134969	0.044249	0.027776	0.068500
NC_050087.2	8343733	8972460	-0.186836	-0.077737	-0.046287	-0.088477
NC_050087.2	8343762	8972518	-0.180467	-0.073954	-0.046257	-0.078665
NC_050087.2	8343819	8972519	-0.238212	-0.129798	-0.078480	-0.115963
NC_050087.2	8343820	8972525	-0.316180	-0.167249	-0.104214	-0.149860
NC_050087.2	8623367	8972783	-0.334303	-0.255342	-0.135053	-0.158591
NC_050087.2	8623380	8972786	-0.393839	-0.308585	-0.219429	-0.247701
NC_050087.2	8972451	8972834	-0.256130	-0.288090	-0.203364	-0.160758
NC_050087.2	8972454	9434128	-0.201492	-0.153510	-0.120970	-0.127722
NC_050087.2	8972455	9434153	-0.176472	-0.091787	-0.077330	-0.115158
NC_050087.2	8972460	9434360	-0.042821	-0.013778	-0.008612	-0.027399
NC_050087.2	8972518	9434444	0.148274	0.030430	0.020888	0.094639
NC_050087.2	8972519	9908608	0.152204	0.029622	0.020644	0.111358
NC_050087.2	8972525	9908613	0.453062	0.058088	0.041104	0.334551
NC_050087.2	8972783	9908629	0.406659	0.064534	0.046018	0.300514
NC_050087.2	8972786	9908704	0.430461	0.066887	0.047967	0.317617
NC_050087.2	8972834	9908712	0.440838	0.068328	0.049000	0.315874
NC_050087.2	9434128	9908731	0.669128	0.060322	0.043200	0.543163
NC_050087.2	9434153	9908767	0.471413	0.061136	0.037047	0.121483
NC_050087.2	9434360	9908768	0.627720	0.132889	0.076042	0.221334
NC_050087.2	9434444	9908775	0.606377	0.203932	0.184710	0.261230
NC_050087.2	9908608	10122081	0.578727	0.216535	0.171551	0.240467
NC_050087.2	9908613	10122122	0.640017	0.314045	0.214326	0.346310
NC_050087.2	9908629	10122140	0.672854	0.336879	0.247894	0.417595
NC_050087.2	9908704	10122196	0.734848	0.337905	0.221783	0.441115
NC_050087.2	9908712	10122286	0.383140	0.208148	0.129806	0.233593
NC_050087.2	9908731	10966562	0.342004	0.211815	0.116131	0.206236
NC_050087.2	9908767	10966572	0.340455	0.220182	0.118225	0.205266
NC_050087.2	9908768	10966583	0.369050	0.225424	0.126764	0.312921
NC_050087.2	9908775	10966585	0.260980	0.168529	0.085820	0.232770
NC_050087.2	10122081	10966786	0.128918	0.095429	0.041727	0.114552
NC_050087.2	10122122	10966794	0.119286	0.130800	0.048276	0.108344
NC_050087.2	10122140	10966816	0.051861	0.049470	0.019814	0.023362
NC_050087.2	10122196	10966853	-0.235588	-0.330011	-0.075198	-0.217190
NC_050087.2	10122286	10966856	-0.240967	-0.346722	-0.091037	-0.220384
NC_050087.2	10966562	10966861	0.215094	0.278419	0.065269	0.116374
NC_050087.2	10966572	12022412	0.519763	0.034837	0.028681	0.265825
NC_050087.2	10966583	12135991	0.522574	0.034847	0.026856	0.267955
NC_050087.2	10966585	12136024	0.537520	0.032412	0.025797	0.279731
NC_050087.2	10966786	12136042	0.544029	0.031633	0.025433	0.284970
NC_050087.2	10966794	12136196	1.000000	0.039131	0.032905	0.632631
NC_050087.2	10966816	12136295	1.000000	0.038092	0.032591	0.652674
NC_050087.2	10966853	12697224	0.966087	0.098599	0.086892	0.811494
NC_050087.2	10966856	14250419	0.966428	0.071896	0.055063	0.813092
NC_050087.2	10966861	14250424	0.983636	0.139237	0.108479	0.900825
NC_050087.2	12022412	15213578	0.956521	0.100882	0.075820	0.876990
NC_050087.2	12135991	16068708	0.942915	0.124278	0.089241	0.942915
NC_050087.2	12136024	16664021	0.943149	0.111906	0.081226	0.943250
NC_050087.2	12136042	16664125	0.904753	0.114590	0.081827	0.868420
NC_050087.2	12136196	17140874	0.904881	0.104459	0.070154	0.868593
NC_050087.2	12136295	17141141	0.903192	0.108953	0.068342	0.435043
NC_050087.2	12697224	17141177	0.935913	0.170065	0.106787	0.548378
NC_050087.2	14250419	17141186	0.927407	0.130360	0.080113	0.319578
NC_050087.2	14250424	17476575	0.918426	0.155516	0.096759	0.316385
NC_050087.2	15213578	18644312	0.214469	0.029462	0.017312	0.058382
NC_050087.2	16068708	18644584	0.270540	0.056890	0.032281	0.075133
NC_050087.2	16664021	18644592	-0.133405	-0.046389	-0.023473	-0.056647
NC_050087.2	16664125	18644611	-0.102277	-0.041104	-0.020989	-0.044777
NC_050087.2	17140874	18644643	0.177305	0.082400	0.044679	0.079847
NC_050087.2	17141141	18708174	0.177556	0.089935	0.055853	0.079973
NC_050087.2	17141177	18708215	0.174332	0.088420	0.061670	0.105474
NC_050087.2	17141186	18708267	-0.162768	-0.059089	-0.041113	-0.084802
NC_050087.2	17476575	18708480	-0.162813	-0.059108	-0.041127	-0.085318
NC_050087.2	18644312	18708482	-0.159025	-0.067439	-0.050512	-0.061049
NC_050087.2	18644584	18708483	0.103676	0.037906	0.032249	0.027198
NC_050087.2	18644592	18708484	0.065270	0.027259	0.022558	0.014558
NC_050087.2	18644611	18708486	0.964082	0.210177	0.208835	0.112981
NC_050087.2	18644643	18708487	0.956394	0.233937	0.232127	0.091721
NC_050087.2	18708174	18708488	0.431716	0.011108	0.011002	0.003352
NC_050087.2	18708215	18708489	0.340164	0.014066	0.013843	0.002224
NC_050087.2	18708267	18708490	0.514688	0.019759	0.019556	0.002854
NC_050087.2	18708480	18708491	0.465413	0.030192	0.029676	0.002386
NC_050087.2	18708482	18708492	0.469689	0.030310	0.030310	0.002796
NC_050087.2	18708483	18708495	0.481940	0.030331	0.030331	0.003124
NC_050087.2	18708484	18708496	0.490680	0.030396	0.030396	0.003301
NC_050087.2	18708486	18708497	0.477858	0.030356	0.030356	0.003107
NC_050087.2	18708487	18708499	0.460326	0.030325	0.030325	0.002902
NC_050087.2	18708488	18708501	0.480947	0.030267	0.030267	0.003125
NC_050087.2	18708489	18708502	0.484786	0.030233	0.030233	0.003142
NC_050087.2	18708490	18708504	0.510133	0.030340	0.030340	0.003533
NC_050087.2	18708491	18708506	0.536308	0.030369	0.030369	0.003962
NC_050087.2	18708492	18708507	0.532954	0.030410	0.030410	0.003945
NC_050087.2	18708495	18708508	0.547231	0.030416	0.030416	0.004176
NC_050087.2	18708496	18708509	0.557482	0.030446	0.030446	0.004395
NC_050087.2	18708497	18708510	0.526017	0.030477	0.030477	0.003912
NC_050087.2	18708499	18708511	0.529607	0.030448	0.030448	0.003928
NC_050087.2	18708501	18708513	0.534323	0.030557	0.030557	0.004107
NC_050087.2	18708502	18708514	0.509671	0.030603	0.030603	0.003665
NC_050087.2	18708504	18708515	0.520833	0.030616	0.030616	0.003874
NC_050087.2	18708506	18708516	0.530864	0.030500	0.030500	0.003926
NC_050087.2	18708507	18708517	0.530864	0.030500	0.030500	0.003926
NC_050087.2	18708508	18708521	0.524171	0.030573	0.030573	0.003892
NC_050087.2	18708509	18708523	0.524171	0.030573	0.030573	0.003892
NC_050087.2	18708510	18708524	0.524171	0.030573	0.030573	0.003892
NC_050087.2	18708511	18708525	0.555759	0.030533	0.030533	0.004375
NC_050087.2	18708513	18708529	0.555853	0.030670	0.030628	0.004549
NC_050087.2	18708514	18708530	0.568610	0.030550	0.030509	0.004618
NC_050087.2	18708515	18708531	0.573936	0.030565	0.030525	0.004834
NC_050087.2	18708516	18708533	0.567674	0.030635	0.030595	0.004800
NC_050087.2	18708517	18708534	0.567674	0.030635	0.030595	0.004800
NC_050087.2	18708521	18708536	0.548519	0.030617	0.030574	0.004342
NC_050087.2	18708523	18874316	0.612946	0.023583	0.016940	0.005536
NC_050087.2	18708524	18874344	0.666950	0.020171	0.015543	0.006969
NC_050088.1	436526	4236639	-0.342039	-0.012007	-0.008069	-0.364553
NC_050088.1	436709	4266513	-0.376849	-0.012716	-0.008313	-0.390137
NC_050088.1	436790	4353133	-0.430295	-0.012929	-0.008550	-0.428728
NC_050088.1	669218	4353210	-0.488059	-0.014100	-0.009058	-0.469523
NC_050088.1	807235	4353215	-0.373895	-0.009716	-0.006154	-0.390483
NC_050088.1	810463	4985654	-0.729860	-0.018586	-0.011682	-0.777793
NC_050088.1	845925	5656018	-0.689004	-0.016078	-0.010290	-0.747223
NC_050088.1	845935	5794261	-0.690565	-0.016265	-0.010372	-0.748536
NC_050088.1	3590324	5794280	-0.682437	-0.016138	-0.010294	-0.741698
NC_050088.1	4236639	6250987	0.032916	0.000549	0.000390	0.032916
NC_050088.1	4266513	6957486	-0.011491	-0.000133	-0.000096	-0.011491
NC_050088.1	4353133	7405359	-0.672873	-0.020371	-0.012353	-0.672873
NC_050088.1	4353210	7549754	-0.455382	-0.018139	-0.010352	-0.455382
NC_050088.1	4353215	7748177	-0.316984	-0.013953	-0.008429	-0.316984
NC_050088.1	4985654	7748434	-0.702594	-0.068555	-0.038320	-0.702594
NC_050088.1	5656018	7890364	-0.667247	-0.052332	-0.028243	-0.667247
NC_050088.1	5794261	7890367	-0.666991	-0.053017	-0.028836	-0.666991
NC_050088.1	5794280	7957278	-0.554882	-0.047964	-0.026669	-0.554882
NC_050088.1	6250987	8174515	0.025201	0.003147	0.001777	0.025201
NC_050088.1	6957486	8258711	0.007877	0.000998	0.000563	0.007877
NC_050088.1	7405359	8258736	0.001222	0.000228	0.000112	0.000709
NC_050088.1	7549754	8317768	0.175784	0.028277	0.017574	0.096039
NC_050088.1	7748177	8498183	0.153501	0.021757	0.014138	0.082849
NC_050088.1	7748434	8498212	0.136755	0.019033	0.012362	0.073144
NC_050088.1	7890364	8789117	0.227558	0.028429	0.017915	0.117351
NC_050088.1	7890367	8819813	0.217120	0.028162	0.019118	0.112013
NC_050088.1	7957278	8825748	0.038618	0.005543	0.003371	0.021371
NC_050088.1	8174515	8851213	-0.017258	-0.002509	-0.001429	-0.006808
NC_050088.1	8258711	8851230	-0.889680	-0.148073	-0.075564	-0.331857
NC_050088.1	8258736	8937863	-0.409729	-0.081696	-0.042222	-0.137538
NC_050088.1	8317768	8937935	-0.373885	-0.067882	-0.035799	-0.177824
NC_050088.1	8498183	9556825	-0.383420	-0.061602	-0.032488	-0.182794
NC_050088.1	8498212	9557085	-0.397820	-0.066511	-0.033329	-0.190250
NC_050088.1	8789117	9557136	-0.059619	-0.013199	-0.006436	0.002545
NC_050088.1	8819813	9557139	0.383915	0.090471	0.048265	0.302010
NC_050088.1	8825748	10257833	0.390335	0.051349	0.033729	0.306409
NC_050088.1	8851213	10988693	0.635350	0.094385	0.065017	0.490034
NC_050088.1	8851230	11012557	0.704365	0.125542	0.089181	0.716332
NC_050088.1	8937863	11137033	1.000000	0.149520	0.104558	1.000000
NC_050088.1	8937935	11137164	1.000000	0.132204	0.093933	1.000000
NC_050088.1	9556825	11137171	1.000000	0.137557	0.100993	1.000000
NC_050088.1	9557085	11137188	1.000000	0.151993	0.114084	1.000000
NC_050088.1	9557136	11137215	1.000000	0.160696	0.121787	1.000000
NC_050088.1	9557139	11137259	1.000000	0.127253	0.096655	1.000000
NC_050088.1	10257833	11137262	1.000000	0.097849	0.074374	1.000000
NC_050088.1	10988693	11137279	1.000000	0.200951	0.140807	1.000000
NC_050088.1	11012557	11302748	1.000000	0.176891	0.124727	1.000000
NC_050088.1	11137033	11303048	0.982224	0.106068	0.072142	0.982224
NC_050088.1	11137164	12056584	0.073546	0.011647	0.007362	0.073546
NC_050088.1	11137171	12056621	-0.302684	-0.072799	-0.042631	-0.302657
NC_050088.1	11137188	12276507	-0.367962	-0.092004	-0.051994	-0.367928
NC_050088.1	11137215	12276514	-0.417014	-0.117792	-0.061929	-0.254876
NC_050088.1	11137259	12276523	-0.471420	-0.143391	-0.075766	-0.284458
NC_050088.1	11137262	12276532	-0.529562	-0.191689	-0.097703	-0.315249
NC_050088.1	11137279	12276534	-0.591837	-0.240017	-0.113341	-0.347324
NC_050088.1	11302748	12276717	-0.644163	-0.218570	-0.111184	-0.372967
NC_050088.1	11303048	12276739	-0.980994	-0.351931	-0.171624	-0.524100
NC_050088.1	12056584	12276740	-0.980982	-0.416324	-0.188601	-0.523943
NC_050088.1	12056621	12276786	-0.963585	-0.525241	-0.336943	-0.360858
NC_050088.1	12276507	12342154	-0.644480	-0.035733	-0.033864	-0.037244
NC_050088.1	12276514	12342158	-0.579840	-0.035103	-0.031494	-0.041831
NC_050088.1	12276523	12342163	-0.579178	-0.048376	-0.040600	-0.200956
NC_050088.1	12276532	12342167	-0.555136	-0.044965	-0.037587	-0.180002
NC_050088.1	12276534	12342180	-0.528082	-0.047879	-0.038887	-0.161594
NC_050088.1	12276717	12342182	-0.477074	-0.045418	-0.036840	-0.143517
NC_050088.1	12276739	12838852	-0.541464	-0.078202	-0.057139	-0.158070
NC_050088.1	12276740	12838883	-0.460311	-0.036295	-0.024718	-0.133876
NC_050088.1	12276786	12916684	0.724403	0.166506	0.104226	0.486127
NC_050088.1	12342154	13003275	0.826179	0.186929	0.133956	0.620868
NC_050088.1	12342158	13077395	0.854978	0.123733	0.086907	0.648859
NC_050088.1	12342163	13371216	0.922675	0.127446	0.092362	0.796614
NC_050088.1	12342167	13511837	0.963406	0.122095	0.090933	0.898002
NC_050088.1	12342180	13606745	0.966014	0.117321	0.088762	0.912663
NC_050088.1	12342182	13606783	0.988333	0.118061	0.089710	0.970915
NC_050088.1	12838852	13606816	1.000000	0.114961	0.088556	1.000000
NC_050088.1	12838883	13777731	1.000000	0.114820	0.083177	1.000000
NC_050088.1	12916684	13777739	1.000000	0.123808	0.091941	1.000000
NC_050088.1	13003275	13777775	1.000000	0.090017	0.070317	1.000000
NC_050088.1	13077395	13777995	1.000000	0.074413	0.055835	1.000000
NC_050088.1	13371216	13778036	1.000000	0.099066	0.078611	1.000000
NC_050088.1	13511837	13917684	1.000000	0.091070	0.068042	1.000000
NC_050088.1	13606745	15202519	0.032549	0.004687	0.002931	0.032549
NC_050088.1	13606783	15803237	0.016350	0.002084	0.001354	0.016350
NC_050088.1	13606816	15803286	0.021244	0.002565	0.001701	0.021244
NC_050088.1	13777731	15803447	-0.011389	-0.001428	-0.000924	-0.011027
NC_050088.1	13777739	15803480	-0.104579	-0.013835	-0.009478	-0.104147
NC_050088.1	13777775	15803487	-0.219426	-0.027911	-0.018759	-0.215579
NC_050088.1	13777995	15803516	-0.357513	-0.042679	-0.028269	-0.352747
NC_050088.1	13778036	15815417	-0.440392	-0.044997	-0.030397	-0.435028
NC_050088.1	13917684	16792714	-0.631605	-0.053605	-0.036920	-0.624726
NC_050088.1	15202519	16792718	-0.730905	-0.059112	-0.042959	-0.723164
NC_050088.1	15803237	16792838	1.000000	0.012936	0.011380	1.000000
NC_050088.1	15803286	16859601	0.996192	0.013854	0.010171	0.067922
NC_050088.1	15803447	16859666	0.996637	0.015043	0.011167	0.075981
NC_050088.1	15803480	16905261	0.997208	0.014859	0.011569	0.089524
NC_050088.1	15803487	17425906	0.965949	0.012585	0.009562	0.050870
NC_050088.1	15803516	17706700	0.965552	0.012675	0.009000	0.049261
NC_050089.1	766536	3332863	-0.736895	-0.066606	-0.044533	-0.656572
NC_050089.1	1832298	3332911	-0.684062	-0.078033	-0.052357	-0.582019
NC_050089.1	2410592	3419797	-0.481237	-0.078038	-0.053023	-0.384312
NC_050089.1	2410604	3841546	-0.480062	-0.059288	-0.043525	-0.385073
NC_050089.1	2515400	3841749	-0.474752	-0.056468	-0.041904	-0.381085
NC_050089.1	3236323	3841815	-0.526138	-0.070334	-0.050595	-0.421342
NC_050089.1	3332650	3873284	-0.537328	-0.090055	-0.076412	-0.429639
NC_050089.1	3332660	3873484	-0.241116	-0.022641	-0.021307	-0.173734
NC_050089.1	3332746	3898461	0.928382	0.037043	0.034555	0.359777
NC_050089.1	3332863	4036860	0.910618	0.025800	0.024252	0.351800
NC_050089.1	3332911	4563944	0.884727	0.015160	0.012291	0.210010
NC_050089.1	3419797	4592764	0.832870	0.009818	0.007964	0.167697
NC_050089.1	3841546	4592849	0.758832	0.006780	0.005442	0.043340
NC_050089.1	3841749	4593026	0.757027	0.008744	0.006623	0.042918
NC_050089.1	3841815	4593121	0.963049	0.071878	0.054673	0.279504
NC_050089.1	3873284	4678706	0.988789	0.070331	0.054074	0.287474
NC_050089.1	3873484	4678739	0.989445	0.081467	0.061924	0.297656
NC_050089.1	3898461	5264788	0.991953	0.090233	0.059707	0.342987
NC_050089.1	4036860	5499734	0.999033	0.130729	0.086538	0.466548
NC_050089.1	4563944	5499785	0.999280	0.200644	0.126686	0.540052
NC_050089.1	4592764	5648224	0.999337	0.271289	0.183945	0.596763
NC_050089.1	4592849	6458207	0.999337	0.252484	0.170334	0.596945
NC_050089.1	4593026	6686752	0.932071	0.211188	0.148302	0.846672
NC_050089.1	4593121	7057260	0.775570	0.142237	0.099246	0.709487
NC_050089.1	4678706	7550299	0.771356	0.139072	0.093122	0.704505
NC_050089.1	4678739	7607031	0.771429	0.134553	0.088155	0.704591
NC_050089.1	5264788	7709586	0.763666	0.123172	0.081922	0.722227
NC_050089.1	5499734	8582950	0.748328	0.101999	0.074068	0.748328
NC_050089.1	5499785	8583248	0.685864	0.069664	0.053432	0.685864
NC_050089.1	5648224	8715475	0.008294	0.000906	0.000647	0.008288
NC_050089.1	6458207	8715489	0.031200	0.003528	0.002439	0.031181
NC_050089.1	6686752	8862164	0.282557	0.042877	0.029645	0.282429
NC_050089.1	7057260	8862482	0.338650	0.055231	0.037354	0.338495
NC_050089.1	7550299	8862483	0.443684	0.091132	0.058637	0.441323
NC_050089.1	7607031	8862498	0.260282	0.040375	0.027187	0.258443
NC_050089.1	7709586	8862519	0.264966	0.043009	0.029845	0.263107
NC_050089.1	8582950	9203020	0.268452	0.048098	0.029900	0.266577
NC_050089.1	8583248	9203135	0.204689	0.064774	0.035760	0.203150
NC_050089.1	8715475	9203494	0.145709	0.054526	0.024801	0.144533
NC_050089.1	8715489	9237430	0.946827	0.144450	0.085244	0.935470
NC_050089.1	8862164	9374787	0.944280	0.099751	0.070133	0.932417
NC_050089.1	8862482	9374808	0.776900	0.024626	0.016969	0.109944
NC_050089.1	8862483	10115592	0.630757	0.011398	0.007719	0.071419
NC_050089.1	8862498	10115631	0.875711	0.018671	0.013373	0.122825
NC_050089.1	8862519	10115644	0.882089	0.019693	0.014131	0.129429
NC_050089.1	9203020	10115738	0.877947	0.018570	0.013399	0.125073
NC_050089.1	9203135	10116017	0.959653	0.055135	0.041118	0.314336
NC_050089.1	9203494	10116030	0.979284	0.054271	0.041047	0.324829
NC_050089.1	9237430	10495847	0.979607	0.054769	0.043300	0.328358
NC_050089.1	9374787	10496176	0.980112	0.063744	0.049228	0.334020
NC_050089.1	9374808	10498892	0.981683	0.094289	0.067298	0.352933
NC_050089.1	10115592	10498917	0.983409	0.101842	0.072978	0.936288
NC_050089.1	10115631	10498951	1.000000	0.138352	0.106211	0.952035
NC_050089.1	10115644	10499218	1.000000	0.154716	0.111968	0.952267
NC_050089.1	10115738	10612434	1.000000	0.144153	0.104324	0.948947
NC_050089.1	10116017	10612442	1.000000	0.162879	0.113397	0.948388
NC_050089.1	10116030	10612444	1.000000	0.095027	0.074260	1.000000
NC_050089.1	10495847	10612446	1.000000	0.111452	0.082659	1.000000
NC_050089.1	10496176	10643799	1.000000	0.267635	0.176080	1.000000
NC_050089.1	10498892	11159752	0.438730	0.098064	0.047199	0.123450
NC_050089.1	10498917	11159906	0.080794	0.022430	0.010350	-0.259529
NC_050089.1	10498951	11596368	0.046949	0.011192	0.005183	-0.290937
NC_050089.1	10499218	11643520	0.037695	0.008205	0.003984	-0.297142
NC_050089.1	10612434	11721219	0.239176	0.046698	0.025650	-0.099862
NC_050089.1	10612442	11739501	0.454623	0.123829	0.068016	0.145380
NC_050089.1	10612444	12359872	0.299594	0.075756	0.043715	-0.035761
NC_050089.1	10612446	12691018	0.325956	0.074464	0.044206	-0.006553
NC_050089.1	10643799	12740764	0.321648	0.055752	0.034156	-0.009067
NC_050089.1	11159752	13117975	0.144650	0.019884	0.012320	-0.194375
NC_050089.1	11159906	13433357	0.342584	0.035621	0.025489	0.016562
NC_050089.1	11596368	13433405	0.619867	0.051700	0.037909	0.372226
NC_050089.1	11643520	13433654	0.557413	0.048112	0.036069	0.310942
NC_050089.1	11721219	13469765	0.320972	0.032725	0.023830	0.004918
NC_050089.1	11739501	13576983	0.124069	0.009979	0.007313	-0.130765
NC_050089.1	12359872	13653841	-0.534675	-0.024538	-0.017506	-0.413221
NC_050089.1	12691018	13653888	-0.671221	-0.048450	-0.033253	-0.428145
NC_050089.1	12740764	13944001	-0.769672	-0.045003	-0.031404	-0.465497
NC_050089.1	13117975	13944051	-0.706710	-0.051004	-0.036285	-0.440833
NC_050089.1	13433357	13944235	-0.831737	-0.090614	-0.062331	-0.552916
NC_050089.1	13433405	13944243	-0.877966	-0.176751	-0.116826	-0.621844
NC_050089.1	13433654	14037062	-0.897734	-0.189520	-0.125206	-0.654092
NC_050089.1	13469765	14156965	-0.880317	-0.170991	-0.114847	-0.638810
NC_050089.1	13576983	14193231	-0.896426	-0.208598	-0.116928	-0.646629
NC_050089.1	13653841	14439377	-0.861601	-0.207945	-0.118852	-0.861601
NC_050089.1	13653888	14633911	-0.889249	-0.214394	-0.124301	-0.889249
NC_050089.1	13944001	15061860	-0.420219	-0.071953	-0.046426	-0.420219
NC_050089.1	13944051	15162393	-0.435532	-0.085472	-0.054048	-0.435532
NC_050089.1	13944235	15162448	-0.560537	-0.140403	-0.082740	-0.560537
NC_050089.1	13944243	16414770	-0.575146	-0.135572	-0.081532	-0.575146
NC_050089.1	14037062	16415139	-0.499262	-0.099807	-0.061457	-0.499262
NC_050089.1	14156965	16473455	-0.440825	-0.064827	-0.042054	-0.440825
NC_050089.1	14193231	16659651	-0.450234	-0.070621	-0.043856	-0.450234
NC_050089.1	14439377	16980583	-0.252988	-0.030287	-0.021288	-0.238602
NC_050089.1	14633911	16980776	-0.263628	-0.034144	-0.023340	-0.235045
NC_050089.1	15061860	17105094	-0.233812	-0.030960	-0.021261	-0.192888
NC_050089.1	15162393	17105118	-0.795660	-0.102740	-0.067567	-0.607941
NC_050089.1	15162448	17105350	-0.801798	-0.122204	-0.078347	-0.612137
NC_050089.1	16414770	17144368	-0.640224	-0.047285	-0.034249	-0.409768
NC_050089.1	16415139	17285672	0.916584	0.014175	0.010909	0.236818
NC_050089.1	16473455	17285942	0.917569	0.013679	0.010643	0.239166
NC_050089.1	16659651	17299701	0.914501	0.024705	0.017107	0.231983
NC_050089.1	16980583	17371634	0.937376	0.030237	0.023525	0.297113
NC_050089.1	16980776	17534135	0.202949	0.008032	0.006162	0.093928
NC_050089.1	17105094	18191259	0.756129	0.073338	0.051828	0.621222
NC_050089.1	17105118	18385715	0.813379	0.093236	0.065478	0.813379
NC_050089.1	17105350	18494681	0.802603	0.088373	0.060179	0.802603
NC_050090.1	116960	1210766	1.000000	0.357635	0.247189	1.000000
NC_050090.1	117276	1524465	0.994963	0.276492	0.184939	0.994963
NC_050090.1	117282	1524501	0.994982	0.258710	0.177019	0.994982
NC_050090.1	1028339	1600060	0.994981	0.216940	0.155838	0.994981
NC_050090.1	1028341	1994709	0.994975	0.243302	0.191544	0.954530
NC_050090.1	1028343	2218357	0.993394	0.174959	0.135638	0.940977
NC_050090.1	1028377	2218392	0.950706	0.124230	0.090389	0.880538
NC_050090.1	1165563	2218399	0.013009	0.002000	0.001336	0.012080
NC_050090.1	1165633	2218466	0.010919	0.001675	0.001125	0.010138
NC_050090.1	1210766	2218687	0.008821	0.001350	0.000907	0.008189
NC_050090.1	1524465	2218749	-0.943320	-0.155077	-0.101561	-0.875414
NC_050090.1	1524501	2434669	-0.905927	-0.198093	-0.133529	-0.841596
NC_050090.1	1600060	3422360	-0.919591	-0.123241	-0.079889	-0.854139
NC_050090.1	1994709	3422561	-0.842096	-0.120404	-0.077691	-0.784413
NC_050090.1	2218357	3422583	-0.775768	-0.115882	-0.077923	-0.775768
NC_050090.1	2218392	3422781	-0.771030	-0.115935	-0.079836	-0.539150
NC_050090.1	2218399	3422981	-0.790190	-0.126115	-0.090764	-0.595771
NC_050090.1	2218466	3670322	-0.646598	-0.062002	-0.046857	-0.447122
NC_050090.1	2218687	3847430	-0.659579	-0.061545	-0.041811	-0.454461
NC_050090.1	2218749	3847431	-0.672518	-0.066964	-0.044535	-0.461786
NC_050090.1	2434669	3847476	0.003316	0.000115	0.000082	-0.137471
NC_050090.1	3422360	3847502	-0.005220	-0.000173	-0.000124	-0.140521
NC_050090.1	3422561	3847552	-0.019663	-0.001144	-0.000876	-0.080053
NC_050090.1	3422583	3847724	-0.099797	-0.006331	-0.004657	-0.094021
NC_050090.1	3422781	3847733	-0.411467	-0.024990	-0.017705	-0.138243
NC_050090.1	3422981	3847745	-0.448067	-0.036020	-0.023381	-0.209787
NC_050090.1	3670322	3847760	0.166295	0.006799	0.004428	0.021313
NC_050090.1	3847430	3847773	0.081674	0.003537	0.002277	0.010732
NC_050090.1	3847431	3847780	0.081674	0.004969	0.004647	0.010732
NC_050090.1	3847476	3847781	0.081674	0.004969	0.004647	0.010732
NC_050090.1	3847502	3847792	-0.153560	-0.011652	-0.010579	-0.018303
NC_050090.1	3847552	3847806	-0.451674	-0.085258	-0.065603	-0.048166
NC_050090.1	3847724	3847808	-0.434629	-0.073214	-0.065321	-0.434629
NC_050090.1	3847733	3847809	-1.000000	-inf	-1.000000	-1.000000
NC_050090.1	3847745	3892874	0.121101	0.120728	0.083950	0.121101
NC_050090.1	3847760	3892919	-0.011520	-0.006503	-0.005059	-0.011520
NC_050090.1	3847773	4125934	-0.767028	-0.368388	-0.159791	-0.767028
NC_050090.1	3847780	4141439	-0.081561	-0.039783	-0.021886	-0.081561
NC_050090.1	3847781	4141717	-0.075203	-0.026234	-0.016542	-0.075203
NC_050090.1	3847792	4239254	-0.090016	-0.031913	-0.020051	-0.096670
NC_050090.1	3847806	4239366	-0.078910	-0.021194	-0.014645	-0.085655
NC_050090.1	3847808	4239504	-0.211563	-0.066253	-0.044571	-0.315728
NC_050090.1	3847809	4502636	-0.307682	-0.089513	-0.060219	-0.388558
NC_050090.1	3892874	4601357	-0.264157	-0.063829	-0.045844	-0.307962
NC_050090.1	3892919	4914539	-0.325680	-0.070327	-0.051421	-0.358030
NC_050090.1	4125934	4914850	0.030897	0.007838	0.005358	-0.055125
NC_050090.1	4141439	5226145	0.407800	0.076055	0.059381	0.215119
NC_050090.1	4141717	5436600	0.168616	0.020624	0.015538	-0.012828
NC_050090.1	4239254	5436609	0.172857	0.023738	0.017382	-0.009108
NC_050090.1	4239366	5675296	0.203474	0.026452	0.018568	0.015838
NC_050090.1	4239504	5692889	0.031202	0.005436	0.003571	-0.092879
NC_050090.1	4502636	5692897	0.117598	0.018906	0.012510	0.111942
NC_050090.1	4601357	5692898	0.407700	0.067274	0.044828	0.286676
NC_050090.1	4914539	5692958	0.377626	0.074230	0.045597	0.288613
NC_050090.1	4914850	5692959	0.454190	0.115169	0.068295	0.375838
NC_050090.1	5226145	5692975	-0.012550	-0.002279	-0.001427	0.068964
NC_050090.1	5436600	5692989	-0.171530	-0.061494	-0.035215	-0.048994
NC_050090.1	5436609	5753096	-0.103427	-0.066660	-0.029487	-0.008992
NC_050090.1	5675296	5753394	-0.088560	-0.035198	-0.019920	-0.000032
NC_050090.1	5692889	5753399	-0.059038	-0.022815	-0.015400	0.018009
NC_050090.1	5692897	6494640	0.023334	0.005602	0.003921	0.051669
NC_050090.1	5692898	6618496	0.545673	0.175655	0.118158	0.426518
NC_050090.1	5692958	7080790	0.519467	0.159835	0.106650	0.492590
NC_050090.1	5692959	7080819	0.524251	0.143255	0.099678	0.497224
NC_050090.1	5692975	8147598	0.530118	0.125115	0.087774	0.394787
NC_050090.1	5692989	8231869	0.472379	0.123511	0.087711	0.329651
NC_050090.1	5753096	12157673	0.706404	0.114948	0.088571	0.477416
NC_050090.1	5753394	12157870	0.573609	0.106499	0.083488	0.320619
NC_050090.1	5753399	12781778	0.115015	0.032085	0.021868	0.063236
NC_050090.1	6494640	12781804	0.108727	0.026692	0.017897	0.058838
NC_050090.1	6618496	12781809	0.398099	0.126459	0.085423	0.287571
NC_050090.1	7080790	13311978	0.151050	0.037191	0.026120	0.097950
NC_050090.1	7080819	13311989	0.398350	0.126823	0.091344	0.287785
NC_050090.1	8147598	13312158	0.394206	0.137580	0.096156	0.203213
NC_050090.1	8231869	13466438	0.353300	0.118037	0.084035	0.190858
NC_050090.1	12157673	13466736	0.384838	0.105342	0.077631	0.210420
NC_050090.1	12157870	13474870	0.372698	0.143941	0.096709	0.204109
NC_050090.1	12781778	13919128	0.076450	0.032358	0.019181	0.050810
NC_050090.1	12781804	13919175	0.519911	0.225678	0.151706	0.352263
NC_050090.1	12781809	13919176	0.614494	0.368147	0.255944	0.444591
NC_050090.1	13311978	13919337	0.527723	0.290769	0.191829	0.359442
NC_050090.1	13311989	13919359	0.621440	0.377546	0.259330	0.451868
NC_050090.1	13312158	13919383	0.527435	0.291974	0.192277	0.359176
NC_050090.1	13466438	17225778	0.531958	0.234701	0.144495	0.511655
NC_050091.1	301357	2973327	0.114508	0.013405	0.008707	0.077813
NC_050091.1	966668	2973341	0.150793	0.020782	0.013257	0.098692
NC_050091.1	999963	2973386	0.188358	0.027691	0.017540	0.119474
NC_050091.1	1189088	2973396	0.238620	0.037624	0.026695	0.148956
NC_050091.1	1257457	2973590	1.000000	0.098317	0.076831	0.496856
NC_050091.1	1865641	2973641	1.000000	0.096728	0.073848	0.384849
NC_050091.1	2175042	3203965	1.000000	0.092622	0.072036	0.531832
NC_050091.1	2500727	3203974	0.983067	0.092257	0.071576	0.524018
NC_050091.1	2500763	3203981	0.984903	0.111213	0.084898	0.524359
NC_050091.1	2973327	3626265	0.990471	0.170321	0.118350	0.637219
NC_050091.1	2973341	3779286	0.990045	0.132202	0.109334	0.661387
NC_050091.1	2973386	3779287	0.989579	0.125447	0.103859	0.690034
NC_050091.1	2973396	3779573	0.989048	0.106007	0.086110	0.723972
NC_050091.1	2973590	3889313	0.977048	0.100102	0.072245	0.743947
NC_050091.1	2973641	3889388	0.975734	0.093945	0.067923	0.795880
NC_050091.1	3203965	3889415	0.967501	0.070399	0.051796	0.793044
NC_050091.1	3203974	3889598	0.945365	0.070184	0.049515	0.840037
NC_050091.1	3203981	3891082	0.965783	0.070202	0.048691	0.862295
NC_050091.1	3626265	3891266	0.979521	0.118966	0.076319	0.979670
NC_050091.1	3779286	3891296	0.980391	0.129262	0.088681	0.980527
NC_050091.1	3779287	3971099	0.980817	0.204772	0.119831	0.980948
NC_050091.1	3779573	4202796	0.980869	0.203047	0.103985	0.980999
NC_050091.1	3889313	4386932	0.987166	0.290652	0.145590	0.987225
NC_050091.1	3889388	4583127	0.993608	0.270735	0.159605	0.993637
NC_050091.1	3889415	4583130	0.993579	0.299240	0.168775	0.993609
NC_050091.1	3889598	4583432	0.993559	0.330381	0.150207	0.993589
NC_050091.1	3891082	4817596	0.991635	0.330703	0.150172	0.991674
NC_050091.1	3891266	5072775	0.499970	0.218641	0.097824	0.499970
NC_050091.1	3891296	5073062	0.343108	0.087819	0.049118	0.341810
NC_050091.1	3971099	5073109	-0.208001	-0.053429	-0.027853	-0.208827
NC_050091.1	4202796	5522282	-0.227247	-0.049198	-0.027078	-0.228067
NC_050091.1	4386932	5522571	-0.230972	-0.051699	-0.031395	-0.231790
NC_050091.1	4583127	5522596	-0.230972	-0.064276	-0.039488	-0.231790
NC_050091.1	4583130	5687610	-0.243885	-0.063828	-0.040056	-0.244692
NC_050091.1	4583432	5750120	-0.447221	-0.159215	-0.089358	-0.447653
NC_050091.1	4817596	5764736	-0.417929	-0.116766	-0.084967	-0.418374
NC_050091.1	5072775	5787000	-0.394946	-0.094902	-0.075631	-0.395404
NC_050091.1	5073062	5787003	-0.186816	-0.033792	-0.028296	-0.187633
NC_050091.1	5073109	5909897	0.080703	0.022581	0.017415	0.080703
NC_050091.1	5522282	6479752	0.059711	0.014965	0.010221	0.059711
NC_050091.1	5522571	6480003	0.064611	0.017551	0.011917	0.058695
NC_050091.1	5522596	6497942	0.064387	0.017098	0.011693	0.058490
NC_050091.1	5687610	6498183	-0.261773	-0.055269	-0.035716	-0.230439
NC_050091.1	5750120	6673613	0.071948	0.019634	0.011782	0.065367
NC_050091.1	5764736	7256655	0.597260	0.138546	0.094040	0.542626
NC_050091.1	5787000	7800334	0.255982	0.078776	0.044257	0.236726
NC_050091.1	5787003	7800338	0.249009	0.083660	0.044990	0.230116
NC_050091.1	5909897	7800343	0.366559	0.142920	0.077618	0.342818
NC_050091.1	6479752	8274254	0.267762	0.086633	0.049484	0.247916
NC_050091.1	6480003	10450307	0.510324	0.106261	0.065535	0.465989
NC_050091.1	6497942	10738384	0.510946	0.110662	0.067249	0.510946
NC_050091.1	6498183	10738463	0.514411	0.112052	0.068130	0.514411
NC_050091.1	6673613	10957253	0.513921	0.101455	0.064894	0.513921
NC_050091.1	7256655	10957265	0.357773	0.056490	0.037847	0.357773
NC_050091.1	7800334	10957572	0.052759	0.006252	0.004117	0.052759
NC_050091.1	7800338	11346100	0.242893	0.027669	0.018533	0.241330
NC_050091.1	7800343	11346291	-0.054506	-0.008608	-0.005505	-0.054236
NC_050091.1	8274254	11346355	-0.516904	-0.057075	-0.035725	-0.473670
NC_050091.1	10450307	11346387	-0.430047	-0.052888	-0.032506	-0.369034
NC_050091.1	10738384	11453391	-0.565454	-0.167346	-0.103542	-0.585497
NC_050091.1	10738463	11453425	-0.670423	-0.278101	-0.155245	-0.706708
NC_050091.1	10957253	12640260	-0.691231	-0.334787	-0.172972	-0.720977
NC_050091.1	10957265	12640299	-0.550558	-0.424024	-0.184659	-0.622201
NC_050091.1	10957572	12640312	-0.493785	-0.490334	-0.187859	-0.580745
NC_050091.1	11346100	12781942	-0.381952	-0.471225	-0.165304	-0.496237
NC_050091.1	11346291	12902049	-0.346225	-0.264687	-0.123466	-0.477048
NC_050091.1	11346355	13841365	-0.199237	-0.100789	-0.054213	-0.398109
NC_050091.1	11346387	13841661	-0.504905	-0.412756	-0.169828	-0.601305
NC_050091.1	11453391	13841724	-0.550341	-0.272798	-0.144068	-0.657308
NC_050091.1	11453425	13961471	-0.459889	-0.158965	-0.093353	-0.543829
NC_050091.1	12640260	13961480	-0.457189	-0.162407	-0.089018	-0.457189
NC_050091.1	12640299	15906859	-0.450354	-0.121498	-0.067820	-0.450354
NC_050091.1	12640312	15907167	-0.136558	-0.043754	-0.025195	-0.136558
NC_050091.1	12781942	15907170	-0.180242	-0.057068	-0.032554	-0.180242
NC_050091.1	12902049	15939959	-0.271664	-0.075421	-0.044070	-0.271664
NC_050091.1	13841365	15940118	-0.129297	-0.031514	-0.020811	-0.121766
NC_050091.1	13841661	16489768	0.179368	0.052488	0.034778	0.171652
NC_050091.1	13841724	16549122	0.566599	0.116639	0.078646	0.534675
NC_050091.1	13961471	16549135	0.675612	0.225736	0.142254	0.646711
NC_050092.1	2752164	4490044	0.114893	0.013056	0.010477	0.108170
NC_050092.1	3636786	4563187	0.909550	0.092232	0.077175	0.889941
NC_050092.1	3851363	4563275	0.853596	0.110937	0.086038	0.834977
NC_050092.1	3851365	4563494	0.872286	0.118475	0.092564	0.705523
NC_050092.1	4250446	4597022	0.896762	0.127959	0.101197	0.739496
NC_050092.1	4250533	5064642	0.730395	0.027731	0.021381	0.464080
NC_050092.1	4404293	5064800	0.722428	0.028765	0.022939	0.455794
NC_050092.1	4404327	5064845	0.666144	0.023729	0.018622	0.115385
NC_050092.1	4404330	5562277	0.739399	0.030317	0.022212	0.157772
NC_050092.1	4490044	5677815	-0.413902	-0.038427	-0.026586	-0.157959
NC_050092.1	4563187	5678070	-0.395408	-0.035630	-0.025890	-0.095835
NC_050092.1	4563275	5678126	-0.638120	-0.119891	-0.079492	-0.222509
NC_050092.1	4563494	5692171	-0.509297	-0.091241	-0.064261	-0.184415
NC_050092.1	4597022	5709166	-0.676279	-0.170163	-0.112897	-0.306577
NC_050092.1	5064642	6137534	-0.819966	-0.228453	-0.146742	-0.411047
NC_050092.1	5064800	6566969	-0.823842	-0.364102	-0.180287	-0.412554
NC_050092.1	5064845	6727183	-0.771204	-0.291600	-0.150047	-0.392428
NC_050092.1	5562277	6727410	-0.811779	-0.378024	-0.183306	-0.585937
NC_050092.1	5677815	6727417	-0.870044	-0.512553	-0.238292	-0.622922
NC_050092.1	5678070	6727422	-0.781323	-0.348388	-0.179546	-0.529978
NC_050092.1	5678126	6727463	-0.726316	-0.300352	-0.162932	-0.725595
NC_050092.1	5692171	6727470	-0.644504	-0.197909	-0.115418	-0.643787
NC_050092.1	5709166	7557194	-0.750109	-0.231713	-0.132463	-0.749253
NC_050092.1	6137534	7566413	-0.638588	-0.140952	-0.079802	-0.637571
NC_050092.1	6566969	7566580	-0.401377	-0.059959	-0.035468	-0.400353
NC_050092.1	6727183	7731737	-0.383242	-0.057262	-0.039079	-0.382278
NC_050092.1	6727410	7739665	-0.496619	-0.072505	-0.046188	-0.495267
NC_050092.1	6727417	7883075	0.848418	0.122958	0.082314	0.848418
NC_050092.1	6727422	7883161	0.865603	0.114007	0.078778	0.865603
NC_050092.1	6727463	7959567	0.062329	0.014412	0.009026	0.062329
NC_050092.1	6727470	7959681	0.003803	0.000892	0.000521	0.003803
NC_050092.1	7557194	8090856	0.029951	0.005665	0.003493	0.029951
NC_050092.1	7566413	8130413	0.080528	0.014605	0.009068	0.080528
NC_050092.1	7566580	8850053	0.071048	0.008283	0.004896	0.069842
NC_050092.1	7731737	8985772	0.070557	0.008260	0.004872	0.064390
NC_050092.1	7739665	9220640	0.307846	0.047687	0.028578	0.290099
NC_050092.1	7883075	9220885	0.304103	0.052302	0.031797	0.286473
NC_050092.1	7883161	9334830	-0.078344	-0.009361	-0.005768	-0.073078
NC_050092.1	7959567	9334874	-0.087324	-0.011091	-0.006651	-0.045334
NC_050092.1	7959681	9334905	0.929401	0.053930	0.034341	0.309195
NC_050092.1	8090856	9335104	0.952923	0.054154	0.035768	0.316746
NC_050092.1	8130413	9415652	0.977116	0.122865	0.079150	0.494790
NC_050092.1	8850053	9459391	0.978058	0.127815	0.082441	0.505554
NC_050092.1	8985772	9695956	0.986425	0.131339	0.108560	0.500871
NC_050092.1	9220640	9696049	0.986364	0.138650	0.113459	0.521221
NC_050092.1	9220885	9696208	0.980209	0.100560	0.085145	0.405053
NC_050092.1	9334830	10544667	0.981001	0.073523	0.055134	0.415130
NC_050092.1	9334874	11017688	0.996199	0.072656	0.054731	0.268653
NC_050092.1	9334905	11017893	0.999193	0.063011	0.049229	0.383790
NC_050092.1	9335104	11017932	0.999196	0.062141	0.047174	0.384546
NC_050092.1	9415652	11035402	0.999370	0.071028	0.055306	0.443543
NC_050092.1	9459391	11242042	0.806449	0.032231	0.025143	0.236489
NC_050092.1	9695956	11420370	-0.150372	-0.010815	-0.007898	-0.066610
NC_050092.1	9696049	12062438	-0.208239	-0.017958	-0.011429	-0.094402
NC_050092.1	9696208	12076156	-0.214559	-0.018614	-0.011476	-0.091708
NC_050092.1	10544667	12076365	-0.331793	-0.028124	-0.016525	-0.143636
NC_050092.1	11017688	12864516	-0.323077	-0.030784	-0.016691	-0.140384
NC_050092.1	11017893	12864832	-0.326536	-0.031639	-0.016207	-0.285035
NC_050092.1	11017932	13129867	-0.316096	-0.032422	-0.014466	-0.246280
NC_050092.1	11035402	13503892	-0.298209	-0.032930	-0.014606	-0.232818
NC_050092.1	11242042	13503930	-0.580559	-0.064636	-0.025447	-0.436801
NC_050092.1	11420370	14093779	-0.518597	-0.050220	-0.020599	-0.384950
NC_050092.1	12062438	14094080	0.760681	0.023603	0.009787	0.361736
NC_050092.1	12076156	14094169	0.732889	0.024516	0.009950	0.329569
NC_050092.1	12076365	14105003	0.842725	0.034518	0.015451	0.602234
NC_050092.1	12864516	14105007	0.915031	0.035979	0.016799	0.645627
NC_050092.1	12864832	14105021	-0.427831	-0.071899	-0.032448	-0.361912
NC_050092.1	13129867	14105246	-0.428466	-0.073921	-0.036833	-0.362521
NC_050092.1	13503892	14384940	-0.578371	-0.145508	-0.065426	-0.578371
NC_050092.1	13503930	14508463	-0.589049	-0.119886	-0.060036	-0.589049
NC_050092.1	14093779	14807903	-0.195251	-0.038199	-0.022228	-0.195251
NC_050092.1	14094080	15962219	-0.206274	-0.026339	-0.015553	-0.206274
NC_050092.1	14094169	16294100	-0.362639	-0.060683	-0.032967	-0.464695
NC_050092.1	14105003	16294120	-0.471655	-0.100204	-0.054800	-0.600274
NC_050093.1	461805	1492334	-0.266553	-0.047527	-0.028153	-0.266531
NC_050093.1	556607	1492398	-0.277974	-0.060728	-0.035596	-0.276973
NC_050093.1	556616	1513225	-0.224730	-0.045801	-0.024907	-0.223630
NC_050093.1	556695	1789194	0.001150	0.000276	0.000142	0.001145
NC_050093.1	661620	1789488	-0.389435	-0.068524	-0.034444	-0.387310
NC_050093.1	1161520	2111071	-0.391674	-0.058874	-0.030938	-0.390140
NC_050093.1	1457971	2185633	-0.001449	-0.000383	-0.000196	-0.002147
NC_050093.1	1457984	2185817	0.154486	0.046140	0.023125	0.152007
NC_050093.1	1458162	2345654	0.121235	0.027670	0.015180	0.119128
NC_050093.1	1492334	2628296	0.120673	0.022714	0.012608	0.118571
NC_050093.1	1492398	2764875	0.120932	0.021869	0.013094	0.118827
NC_050093.1	1513225	2765136	0.125423	0.021496	0.013166	0.123703
NC_050093.1	1789194	2988157	0.507852	0.060357	0.039361	0.470837
NC_050093.1	1789488	3085766	0.351282	0.030313	0.020006	0.316267
NC_050093.1	2111071	3085769	0.368204	0.032287	0.021740	0.332432
NC_050093.1	2185633	4192846	0.378942	0.037475	0.025190	0.344026
NC_050093.1	2185817	4192847	-0.431293	-0.019871	-0.013450	-0.349536
NC_050093.1	2345654	4192901	0.569665	0.009495	0.006775	0.065376
NC_050093.1	2628296	4192945	0.998841	0.017317	0.012090	0.097474
NC_050093.1	2764875	4243729	0.999766	0.095504	0.068869	0.348571
NC_050093.1	2765136	4243739	0.999765	0.107077	0.074651	0.348181
NC_050093.1	2988157	4678932	0.054107	0.008893	0.005467	0.027061
NC_050093.1	3085766	4926534	0.292573	0.065577	0.044295	0.173025
NC_050093.1	3085769	4926545	0.300407	0.071671	0.052486	0.178465
NC_050093.1	4192846	4926765	0.311471	0.075444	0.055261	0.186233
NC_050093.1	4192847	4926780	0.328008	0.077143	0.057308	0.198034
NC_050093.1	4192901	4926782	0.343770	0.082792	0.061505	0.209497
NC_050093.1	4192945	4926848	0.367542	0.085047	0.061085	0.367542
NC_050093.1	4243729	5248892	0.383675	0.084265	0.060745	0.383675
NC_050093.1	4243739	5248936	0.146352	0.025421	0.018708	0.146352
NC_050093.1	4678932	5519195	-0.177910	-0.043821	-0.029630	-0.177910
NC_050093.1	4926534	5519238	0.222242	0.047152	0.037538	0.222242
NC_050093.1	4926545	5519284	-0.082629	-0.013196	-0.010404	-0.082629
NC_050093.1	4926765	5808075	-0.084171	-0.013423	-0.010583	-0.084171
NC_050093.1	4926780	5857908	0.025475	0.004243	0.003389	0.024000
NC_050093.1	4926782	7492661	-0.012971	-0.001222	-0.000931	-0.012192
NC_050093.1	4926848	8682039	-0.047122	-0.003312	-0.002322	-0.044204
NC_050093.1	5248892	8682088	-0.103396	-0.006914	-0.004985	-0.096670
NC_050093.1	5248936	8682402	-0.488027	-0.054371	-0.037437	-0.466520
NC_050093.1	5519195	8682427	-0.496815	-0.056521	-0.038549	-0.273877
NC_050093.1	5519238	8682436	-0.506414	-0.058873	-0.040689	-0.281515
NC_050093.1	5519284	9087225	-0.497856	-0.056542	-0.039427	-0.277458
NC_050093.1	5808075	9087306	-0.551839	-0.062628	-0.043209	-0.302714
NC_050093.1	5857908	9087464	-0.536296	-0.061538	-0.042445	-0.295523
NC_050093.1	7492661	9610613	-0.685956	-0.071259	-0.047362	-0.358799
NC_050093.1	8682039	9610660	-0.647332	-0.107453	-0.068702	-0.330690
NC_050093.1	8682088	10295436	-0.160207	-0.063077	-0.041602	-0.095682
NC_050093.1	8682402	10295749	-0.159583	-0.054572	-0.035164	-0.095330
NC_050093.1	8682427	11396576	0.192425	0.029942	0.020220	0.095897
NC_050093.1	8682436	11800465	-0.136092	-0.023728	-0.015965	-0.118910
NC_050093.1	9087225	11802960	0.223449	0.026816	0.018894	0.185731
NC_050093.1	9087306	11802978	0.188334	0.023057	0.015934	0.155357
NC_050093.1	9087464	12248465	0.336433	0.044134	0.031524	0.286684
NC_050093.1	9610613	12248533	0.312627	0.039551	0.028258	0.264992
NC_050093.1	9610660	12248769	0.454754	0.075727	0.055935	0.414991
NC_050093.1	10295436	12369362	0.448003	0.071897	0.048740	0.426812
NC_050093.1	10295749	12648651	0.227367	0.024744	0.017193	0.212724
NC_050093.1	11396576	12648904	0.213209	0.024514	0.016698	0.199377
NC_050093.1	11800465	12681504	0.444857	0.089736	0.059097	0.444857
NC_050093.1	11802960	12681533	0.989387	0.242301	0.156222	0.989387
NC_050093.1	11802978	12681549	0.991781	0.304065	0.198189	0.991781
NC_050093.1	12248465	12720952	0.991702	0.317140	0.203342	0.686556
NC_050093.1	12248533	12721195	0.990671	0.324235	0.198987	0.660569
NC_050093.1	12248769	12721223	0.992550	0.406828	0.249674	0.709455
NC_050093.1	12369362	13074294	0.991230	0.296980	0.184033	0.674420
NC_050093.1	12648651	13074328	0.986162	0.336704	0.226765	0.670112
NC_050093.1	12648904	13074380	0.990156	0.332173	0.234447	0.668726
NC_050093.1	12681504	13098798	0.929460	0.322270	0.233943	0.562601
NC_050093.1	12681533	13347245	0.536840	0.180919	0.127780	0.314613
NC_050093.1	12681549	13347479	0.381245	0.100818	0.074864	0.193082
NC_050093.1	12720952	13798140	0.068499	0.012803	0.008213	0.019287
NC_050093.1	12721195	14101777	0.081540	0.014102	0.009350	0.043429
NC_050093.1	12721223	14345424	0.136225	0.020784	0.013916	0.086283
NC_050093.1	13074294	14703425	-0.435188	-0.034743	-0.022859	-0.304514
NC_050093.1	13074328	14703492	-0.291887	-0.029363	-0.019334	-0.217220
NC_050093.1	13074380	14745181	-0.291781	-0.027949	-0.018707	-0.217141
NC_050093.1	13098798	14745364	-0.344212	-0.040897	-0.024512	-0.255310
NC_050093.1	13347245	14745392	-0.268183	-0.028855	-0.017808	-0.268183
NC_050093.1	13347479	14908967	0.676423	0.032629	0.022447	0.160417
NC_050093.1	13798140	14909038	0.652697	0.032945	0.022271	0.131536
NC_050093.1	14101777	14997718	0.682083	0.033091	0.025990	0.147417
NC_050093.1	14345424	14997807	0.782960	0.057930	0.045101	0.225243
NC_050094.1	511411	2582595	-0.217876	-0.026216	-0.016854	-0.048170
NC_050094.1	634157	2582765	-0.407487	-0.073233	-0.045812	-0.081182
NC_050094.1	634163	3347635	-0.544115	-0.066010	-0.039749	-0.103439
NC_050094.1	634205	4000687	-0.524862	-0.047984	-0.030778	-0.139790
NC_050094.1	634211	4106794	-0.514191	-0.045139	-0.029454	-0.224850
NC_050094.1	634251	4106800	0.105489	0.014232	0.009576	0.096720
NC_050094.1	634266	5348207	0.108915	0.013127	0.007785	0.099892
NC_050094.1	1926002	5348213	0.326635	0.052309	0.030968	0.326188
NC_050094.1	1926225	5389168	0.323691	0.058636	0.034309	0.323247
NC_050094.1	2582595	5389357	0.354634	0.070788	0.042441	0.366004
NC_050094.1	2582765	5760759	0.987408	0.134358	0.083769	0.987744
NC_050094.1	3347635	5761026	1.000000	0.118149	0.079142	1.000000
NC_050094.1	4000687	6281409	1.000000	0.120571	0.077909	1.000000
NC_050094.1	4106794	6281494	1.000000	0.141161	0.085356	1.000000
NC_050094.1	4106800	6281506	1.000000	0.136828	0.083873	1.000000
NC_050094.1	5348207	6444028	1.000000	0.078252	0.046156	1.000000
NC_050094.1	5348213	6959613	1.000000	0.077840	0.050661	1.000000
NC_050094.1	5389168	7010278	0.925956	0.019953	0.012007	0.936562
NC_050094.1	5389357	7095173	0.928227	0.019104	0.010945	0.602806
NC_050094.1	5760759	8262022	0.868773	0.009009	0.004909	0.398209
NC_050094.1	5761026	8262299	0.841427	0.008790	0.004782	0.074167
NC_050094.1	6281409	8262342	0.796619	0.007057	0.003787	0.055832
NC_050094.1	6281494	8342103	-0.792873	-0.070724	-0.030624	-0.292234
NC_050094.1	6281506	8970477	-0.801099	-0.048238	-0.025852	-0.294413
NC_050094.1	6444028	8970721	-0.696820	-0.044777	-0.023937	-0.251734
NC_050094.1	6959613	8970764	0.127465	0.015929	0.008805	0.066764
NC_050094.1	7010278	8995354	0.127406	0.016091	0.009221	0.066731
NC_050094.1	7095173	8995377	0.139209	0.017584	0.010751	0.072966
NC_050094.1	8262022	8995406	0.139778	0.018459	0.012004	0.077105
NC_050094.1	8262299	8995478	0.136293	0.020505	0.013738	0.075046
NC_050094.1	8262342	9157455	0.172295	0.025131	0.017241	0.160553
NC_050094.1	8342103	9157515	-0.183547	-0.041223	-0.026184	-0.174493
NC_050094.1	8970477	9255807	-0.004349	-0.000529	-0.000423	-0.004091
NC_050094.1	8970721	9518969	-0.008004	-0.001229	-0.000875	-0.007528
NC_050094.1	8970764	9519207	-0.030430	-0.004555	-0.003247	-0.030408
NC_050094.1	8995354	9519259	-0.741355	-0.065783	-0.046867	-0.740478
NC_050094.1	8995377	10781017	-0.649699	-0.063536	-0.042146	-0.541897
NC_050094.1	8995406	10781190	-0.664524	-0.068810	-0.043510	-0.553437
NC_050094.1	8995478	11187866	-0.665061	-0.062771	-0.040085	-0.553854
NC_050094.1	9157455	11188073	0.004751	0.000668	0.000456	0.004242
NC_050094.1	9157515	11188114	-0.018991	-0.002606	-0.001712	-0.016912
NC_050094.1	9255807	11378127	0.572885	0.047268	0.032941	0.480755
NC_050094.1	9518969	11378160	1.000000	0.098546	0.066144	0.806147
NC_050094.1	9519207	11378414	1.000000	0.124308	0.089435	0.816118
NC_050094.1	9519259	11628317	1.000000	0.192828	0.143183	0.885616
NC_050094.1	10781017	11628554	1.000000	0.179066	0.135562	0.885950
NC_050094.1	10781190	11918393	1.000000	0.175873	0.140836	1.000000
NC_050094.1	11187866	12205438	1.000000	0.147207	0.125817	1.000000
NC_050094.1	11188073	12334640	0.989494	0.162352	0.135125	0.989494
NC_050094.1	11188114	12366754	0.963406	0.101284	0.081995	0.963406
NC_050094.1	11378127	12366771	0.945139	0.107316	0.092216	0.945139
NC_050094.1	11378160	12366772	0.926399	0.114508	0.096896	0.926399
NC_050094.1	11378414	12366780	0.907960	0.119947	0.100259	0.907960
NC_050094.1	11628317	12366801	0.882615	0.110426	0.092065	0.882615
NC_050094.1	11628554	12366839	-0.321538	-0.005619	-0.004421	-0.321538
NC_050094.1	11918393	12366852	-0.589919	-0.010425	-0.007840	-0.589919
NC_050094.1	12205438	12366866	-0.633443	-0.016412	-0.013769	-0.633443
NC_050094.1	12334640	12366867	-0.824349	-0.056206	-0.037252	-0.824349
NC_050094.1	12366754	12366973	-0.824896	-0.105562	-0.094525	-0.824896
NC_050094.1	12366771	12366982	-0.824896	-0.114550	-0.101668	-0.824896
NC_050094.1	12366772	12366997	-0.824896	-0.114550	-0.101668	-0.824896
NC_050094.1	12366780	12367022	-0.824896	-0.114550	-0.101668	-0.824896
NC_050094.1	12366801	12367023	-0.824896	-0.114550	-0.101668	-0.824896
NC_050094.1	12366839	12367086	-0.824896	-0.114550	-0.101668	-0.824896
NC_050094.1	12366852	12367092	-0.645356	-0.044249	-0.041886	-0.645356
NC_050094.1	12366866	12367100	-0.826957	-0.116205	-0.102985	-0.826957
NC_050094.1	12366867	12670083	-0.723392	-0.054215	-0.030095	-0.723392
NC_050094.1	12366973	12670163	0.836864	0.335168	0.230051	0.836864
NC_050094.1	12366982	12670313	-0.069761	-0.056497	-0.029471	-0.069718
NC_050094.1	12366997	12708645	-0.009931	-0.005678	-0.003516	-0.009925
NC_050094.1	12367022	12708815	-0.006010	-0.002209	-0.001580	-0.003530
NC_050094.1	12367023	12777076	0.004328	0.000925	0.000752	0.002542
NC_050094.1	12367086	13035192	-0.334348	-0.095759	-0.073585	-0.228104
NC_050094.1	12367092	13035221	-0.475090	-0.146289	-0.108304	-0.347469
NC_050094.1	12367100	13212348	-0.473476	-0.133614	-0.101140	-0.346389
NC_050094.1	12670083	13591673	-0.483068	-0.099106	-0.073163	-0.355143
NC_050094.1	12670163	14458464	-0.485036	-0.097338	-0.070376	-0.261167
NC_050094.1	12670313	14458695	-0.686614	-0.125304	-0.089779	-0.347910
NC_050094.1	12708645	15487629	-0.691915	-0.121033	-0.082166	-0.353607
NC_050094.1	12708815	15547731	-0.737928	-0.127468	-0.085612	-0.371466
NC_050094.1	12777076	15645199	-0.797403	-0.197853	-0.119230	-0.552786
NC_050094.1	13035192	16017364	-0.612369	-0.195333	-0.102839	-0.438252
NC_050094.1	13035221	16017381	-0.332456	-0.099230	-0.053056	-0.229992
NC_050094.1	13212348	16017390	-0.030399	-0.009314	-0.004878	-0.020029
NC_050094.1	13591673	16017392	0.082169	0.031637	0.015680	0.058265
NC_050094.1	14458464	16017394	0.194330	0.139769	0.058392	0.140620
NC_050094.1	14458695	16017402	0.269485	0.230119	0.101201	0.269944
NC_050094.1	15487629	16017423	0.211791	0.164993	0.073201	0.177236
NC_050095.1	2307057	4699977	-0.693155	-0.135025	-0.061003	-0.372536
NC_050095.1	2831650	4699979	0.427583	0.022493	0.010203	0.092638
NC_050095.1	2831654	4700018	0.292661	0.016667	0.008975	0.049035
NC_050095.1	4293600	4700238	0.461049	0.024703	0.015302	0.107114
NC_050095.1	4293619	4700240	0.673369	0.035791	0.024356	0.204080
NC_050095.1	4293809	4700244	0.714326	0.036972	0.026412	0.238904
NC_050095.1	4369845	4700254	0.776751	0.038882	0.029529	0.074426
NC_050095.1	4369891	5585831	0.242071	0.022166	0.015834	0.045595
NC_050095.1	4369902	5585835	0.234926	0.018962	0.013698	0.047962
NC_050095.1	4699977	5585909	0.080650	0.011181	0.007031	0.021827
NC_050095.1	4699979	5585929	0.078552	0.013639	0.009168	0.020425
NC_050095.1	4700018	5585930	0.187283	0.039485	0.025939	0.056791
NC_050095.1	4700238	5586105	0.182865	0.038593	0.027158	0.054239
NC_050095.1	4700240	5586132	0.082624	0.022788	0.015778	0.028035
NC_050095.1	4700244	5586141	-0.034566	-0.011443	-0.007274	-0.012017
NC_050095.1	4700254	5586155	-0.125242	-0.054488	-0.030271	-0.044588
NC_050095.1	5585831	5586180	-0.123608	-0.053267	-0.029954	-0.060446
NC_050095.1	5585835	5668378	-0.110178	-0.046688	-0.028646	-0.049828
NC_050095.1	5585909	5762460	-0.116746	-0.054897	-0.032114	-0.032259
NC_050095.1	5585929	5762743	-0.099759	-0.028163	-0.017434	-0.022481
NC_050095.1	5585930	5762751	-0.580754	-0.305654	-0.158058	-0.218710
NC_050095.1	5586105	5762756	-0.820215	-0.695553	-0.291411	-0.380950
NC_050095.1	5586132	5762778	-0.842937	-0.600374	-0.276692	-0.416751
NC_050095.1	5586141	5762796	-0.958463	-0.631905	-0.280831	-0.447037
NC_050095.1	5586155	6128340	-0.958500	-0.461229	-0.243191	-0.436058
NC_050095.1	5586180	6461298	-0.289044	-0.159476	-0.096069	-0.158974
