
Round_1_Replicate_1
1       , -65608.8    , array([ 0.741369   ,  5.57287    ,  2.61681    ])
2       , -65814.7    , array([ 0.730359   ,  5.57287    ,  2.61681    ])
3       , -67203.4    , array([ 0.741369   ,  6.07272    ,  2.61681    ])
4       , -65435.9    , array([ 0.741369   ,  5.57287    ,  2.74575    ])
5       , -63971.3    , array([ 0.734011   ,  5.11417    ,  2.70208    ])
6       , -62271.9    , array([ 0.730359   ,  4.69322    ,  2.74575    ])
7       , -63064.9    , array([ 0.745076   ,  4.96982    ,  2.79013    ])
likelihood = -62271.85
theta = 4640.75
Optimized parameters = [0.73035871 4.69322442 2.74575155]

Round_1_Replicate_2
8       , -90835.3    , array([ 0.139307   ,  2.512      ,  2.26891    ])
9       , -93797.8    , array([ 0.126232   ,  2.512      ,  2.26891    ])
10      , -91869.1    , array([ 0.139307   ,  2.63039    ,  2.26891    ])
11      , -91031.6    , array([ 0.139307   ,  2.512      ,  2.36379    ])
12      , -88708.4    , array([ 0.153735   ,  2.59032    ,  2.33173    ])
13      , -86179      , array([ 0.169658   ,  2.63039    ,  2.36379    ])
14      , -86821.2    , array([ 0.15887    ,  2.47373    ,  2.39629    ])
likelihood = -86179.02
theta = 6715.5
Optimized parameters = [0.16965837 2.6303902  2.36378785]

Round_1_Replicate_3
15      , -135811     , array([ 4.14379    ,  3.75594    ,  1.36922    ])
16      , -139426     , array([ 4.44906    ,  3.75594    ,  1.36922    ])
17      , -139469     , array([ 4.14379    ,  4.01287    ,  1.36922    ])
18      , -134496     , array([ 4.14379    ,  3.75594    ,  1.3909     ])
19      , -133509     , array([ 4.34488    ,  3.51547    ,  1.38364    ])
20      , -130253     , array([ 4.44906    ,  3.29039    ,  1.3909     ])
21      , -127945     , array([ 4.04677    ,  3.43878    ,  1.39821    ])
22      , -122370     , array([ 3.85948    ,  3.29039    ,  1.41293    ])
likelihood = -122370.25
theta = 4794.97
Optimized parameters = [3.85947528 3.29038674 1.41292803]

Round_1_Replicate_4
23      , -17982.7    , array([ 0.815782   ,  0.210394   ,  1.01086    ])
24      , -17920      , array([ 0.807519   ,  0.210394   ,  1.01086    ])
25      , -18042.4    , array([ 0.815782   ,  0.194619   ,  1.01086    ])
26      , -17983.2    , array([ 0.815782   ,  0.210394   ,  1.01141    ])
27      , -17955.2    , array([ 0.810264   ,  0.227447   ,  1.01122    ])
28      , -17913.8    , array([ 0.806606   ,  0.221615   ,  1.01056    ])
29      , -17893.9    , array([ 0.802057   ,  0.227447   ,  1.01013    ])
likelihood = -17893.85
theta = 12609.86
Optimized parameters = [0.80205727 0.22744749 1.01013221]

Round_1_Replicate_5
30      , -65833.2    , array([ 0.17888    ,  0.140291   ,  3.76734    ])
31      , -68152.2    , array([ 0.164131   ,  0.140291   ,  3.76734    ])
32      , -66131.4    , array([ 0.17888    ,  0.127169   ,  3.76734    ])
33      , -67412.7    , array([ 0.17888    ,  0.140291   ,  4.02565    ])
34      , -64776      , array([ 0.194955   ,  0.131401   ,  3.93764    ])
35      , -63116.4    , array([ 0.212474   ,  0.127169   ,  4.02565    ])
36      , -62638.8    , array([ 0.200628   ,  0.123074   ,  3.68497    ])
37      , -60275.7    , array([ 0.212474   ,  0.115275   ,  3.5256     ])
likelihood = -60275.7
theta = 10194.19
Optimized parameters = [0.21247399 0.11527455 3.52560005]

Round_1_Replicate_6
38      , -68271.1    , array([ 0.125184   ,  0.784857   ,  1.7576     ])
39      , -71325.3    , array([ 0.11283    ,  0.784857   ,  1.7576     ])
40      , -68069.7    , array([ 0.125184   ,  0.775408   ,  1.7576     ])
41      , -68503.5    , array([ 0.125184   ,  0.784857   ,  1.80786    ])
42      , -65235.9    , array([ 0.13889    ,  0.778545   ,  1.79095    ])
43      , -62192.3    , array([ 0.154097   ,  0.775408   ,  1.80786    ])
44      , -63826.6    , array([ 0.143784   ,  0.772283   ,  1.74115    ])
likelihood = -62192.27
theta = 11409.37
Optimized parameters = [0.15409654 0.77540784 1.80786226]

Round_1_Replicate_7
45      , -30991.9    , array([ 3.87049    ,  0.600105   ,  3.60764    ])
46      , -32327.3    , array([ 4.14146    ,  0.600105   ,  3.60764    ])
47      , -30966.9    , array([ 3.87049    ,  0.584977   ,  3.60764    ])
48      , -30144.3    , array([ 3.87049    ,  0.600105   ,  3.84667    ])
49      , -29158.7    , array([ 3.61724    ,  0.589977   ,  3.76528    ])
50      , -27725.7    , array([ 3.38056    ,  0.584977   ,  3.84667    ])
51      , -28235.2    , array([ 3.53656    ,  0.58002    ,  3.92981    ])
likelihood = -27725.67
theta = 4409.88
Optimized parameters = [3.38056351 0.58497707 3.8466665 ]

Round_1_Replicate_8
52      , -64685.6    , array([ 0.795363   ,  5.84914    ,  3.79474    ])
53      , -64909.7    , array([ 0.78631    ,  5.84914    ,  3.79474    ])
54      , -66476      , array([ 0.795363   ,  6.3892     ,  3.79474    ])
55      , -64690.8    , array([ 0.795363   ,  5.84914    ,  4.05641    ])
56      , -62987.5    , array([ 0.789316   ,  5.35473    ,  3.96724    ])
57      , -61172.9    , array([ 0.78631    ,  4.90211    ,  4.05641    ])
58      , -62121.4    , array([ 0.798404   ,  5.19939    ,  4.14758    ])
likelihood = -61172.91
theta = 3829.34
Optimized parameters = [0.78630976 4.90210622 4.05640503]

Round_1_Replicate_9
59      , -41302.9    , array([ 5.02337    ,  0.252327   ,  2.34498    ])
60      , -42736.6    , array([ 5.44559    ,  0.252327   ,  2.34498    ])
61      , -41574      , array([ 5.02337    ,  0.235539   ,  2.34498    ])
62      , -41148.9    , array([ 5.02337    ,  0.252327   ,  2.44707    ])
63      , -39887.8    , array([ 4.63388    ,  0.241007   ,  2.41256    ])
64      , -38385      , array([ 4.2746     ,  0.235539   ,  2.44707    ])
65      , -38968.1    , array([ 4.51089    ,  0.258185   ,  2.48208    ])
likelihood = -38384.97
theta = 5215.1
Optimized parameters = [4.27459858 0.23553854 2.44707371]

Round_1_Replicate_10
66      , -205121     , array([ 2.3185     ,  4.57238    ,  0.483413   ])
67      , -208311     , array([ 2.41806    ,  4.57238    ,  0.483413   ])
68      , -208180     , array([ 2.3185     ,  4.93343    ,  0.483413   ])
69      , -208747     , array([ 2.3185     ,  4.57238    ,  0.46616    ])
70      , -205735     , array([ 2.38441    ,  4.81002    ,  0.501306   ])
71      , -204263     , array([ 2.26497    ,  4.97527    ,  0.495269   ])
72      , -202031     , array([ 2.1921     ,  5.18984    ,  0.501306   ])
likelihood = -202031.34
theta = 7576.1
Optimized parameters = [2.19209765 5.18983721 0.50130592]

Round_2_Replicate_1
73      , -76372.4    , array([ 1.39416    ,  0.484666   ,  0.365484   ])
74      , -76792.1    , array([ 1.41751    ,  0.484666   ,  0.365484   ])
75      , -74359.6    , array([ 1.39416    ,  0.467428   ,  0.365484   ])
76      , -79880.7    , array([ 1.39416    ,  0.484666   ,  0.347546   ])
77      , -71962.8    , array([ 1.40969    ,  0.473105   ,  0.384348   ])
78      , -68260.3    , array([ 1.41751    ,  0.467428   ,  0.404186   ])
79      , -69207      , array([ 1.38646    ,  0.461819   ,  0.390851   ])
80      , -65128.3    , array([ 1.40449    ,  0.447189   ,  0.408732   ])
81      , -60070.5    , array([ 1.40969    ,  0.429552   ,  0.432239   ])
82      , -58018.4    , array([ 1.4149     ,  0.438282   ,  0.457098   ])
83      , -51224.9    , array([ 1.42539    ,  0.424398   ,  0.511186   ])
likelihood = -51224.93
theta = 10958.73
Optimized parameters = [1.42538698 0.42439811 0.51118614]

Round_2_Replicate_2
84      , -75662.5    , array([ 0.646753   ,  0.467599   ,  0.262145   ])
85      , -74937.5    , array([ 0.632813   ,  0.467599   ,  0.262145   ])
86      , -73732.1    , array([ 0.646753   ,  0.450161   ,  0.262145   ])
87      , -80735.7    , array([ 0.646753   ,  0.467599   ,  0.245171   ])
88      , -69116.2    , array([ 0.637426   ,  0.4559     ,  0.280295   ])
89      , -63755.7    , array([ 0.632813   ,  0.450161   ,  0.299701   ])
90      , -65917.7    , array([ 0.628233   ,  0.444493   ,  0.286619   ])
91      , -60929.1    , array([ 0.638971   ,  0.429727   ,  0.304192   ])
92      , -54624.8    , array([ 0.642072   ,  0.411958   ,  0.327681   ])
93      , -50477.5    , array([ 0.622179   ,  0.420749   ,  0.352984   ])
94      , -41297.9    , array([ 0.610244   ,  0.406772   ,  0.409601   ])
likelihood = -41297.94
theta = 13851.19
Optimized parameters = [0.6102438  0.40677158 0.40960121]

Round_2_Replicate_3
95      , -56677.6    , array([ 0.22612    ,  0.0734921  ,  3.00294    ])
96      , -58571      , array([ 0.209921   ,  0.0734921  ,  3.00294    ])
97      , -57212.2    , array([ 0.22612    ,  0.0644989  ,  3.00294    ])
98      , -57909.5    , array([ 0.22612    ,  0.0734921  ,  3.17266    ])
99      , -55977.1    , array([ 0.243569   ,  0.0673672  ,  3.11505    ])
100     , -54718      , array([ 0.262365   ,  0.0644989  ,  3.17266    ])
101     , -54509.2    , array([ 0.24968    ,  0.0617528  ,  2.94841    ])
102     , -52872.1    , array([ 0.262365   ,  0.0566063  ,  2.8423     ])
103     , -52296.4    , array([ 0.275694   ,  0.0644989  ,  3.00294    ])
104     , -49929      , array([ 0.304419   ,  0.0644989  ,  3.00294    ])
105     , -48587.1    , array([ 0.336137   ,  0.0518887  ,  3.00294    ])
106     , -45062.4    , array([ 0.40983    ,  0.0436002  ,  3.00294    ])
likelihood = -45062.41
theta = 10706.62
Optimized parameters = [0.40983002 0.04360022 3.0029397 ]

Round_2_Replicate_4
107     , -31677.4    , array([ 0.232656   ,  0.0661564  ,  0.835634   ])
108     , -33485.3    , array([ 0.216297   ,  0.0661564  ,  0.835634   ])
109     , -32447.4    , array([ 0.232656   ,  0.0577564  ,  0.835634   ])
110     , -31472.7    , array([ 0.232656   ,  0.0661564  ,  0.828165   ])
111     , -30352.1    , array([ 0.250252   ,  0.0604307  ,  0.830647   ])
112     , -28941.4    , array([ 0.26918    ,  0.0577564  ,  0.828165   ])
113     , -28849.7    , array([ 0.256409   ,  0.0692195  ,  0.82569    ])
114     , -27112.5    , array([ 0.26918    ,  0.075778   ,  0.820763   ])
115     , -26777.4    , array([ 0.282587   ,  0.0661564  ,  0.815865   ])
116     , -24697.9    , array([ 0.311438   ,  0.0661564  ,  0.806156   ])
117     , -23214.9    , array([ 0.343234   ,  0.0661564  ,  0.808573   ])
118     , -20855.9    , array([ 0.416897   ,  0.0661564  ,  0.798951   ])
likelihood = -20855.92
theta = 18222.65
Optimized parameters = [0.41689663 0.06615636 0.798951  ]

Round_2_Replicate_5
119     , -19271.1    , array([ 0.743971   ,  0.0959669  ,  0.623731   ])
120     , -19099.5    , array([ 0.73305    ,  0.0959669  ,  0.623731   ])
121     , -19846.4    , array([ 0.743971   ,  0.0853547  ,  0.623731   ])
122     , -19303.4    , array([ 0.743971   ,  0.0959669  ,  0.609182   ])
123     , -18672.8    , array([ 0.736672   ,  0.107898   ,  0.613993   ])
124     , -18233.7    , array([ 0.73305    ,  0.121314   ,  0.609182   ])
125     , -18374.9    , array([ 0.729445   ,  0.112197   ,  0.628657   ])
126     , -17923.7    , array([ 0.71992    ,  0.124514   ,  0.617222   ])
127     , -17516.3    , array([ 0.708188   ,  0.14183    ,  0.613993   ])
128     , -17659.2    , array([ 0.71403    ,  0.161554   ,  0.610782   ])
likelihood = -17516.25
theta = 14971.75
Optimized parameters = [0.70818774 0.14182992 0.61399339]

Round_2_Replicate_6
129     , -36605.1    , array([ 3.05068    ,  0.18964    ,  0.915297   ])
130     , -37375.5    , array([ 3.22564    ,  0.18964    ,  0.915297   ])
131     , -36629.6    , array([ 3.05068    ,  0.174512   ,  0.915297   ])
132     , -36623.8    , array([ 3.05068    ,  0.18964    ,  0.911255   ])
133     , -35838.4    , array([ 2.8852     ,  0.179416   ,  0.912601   ])
134     , -35067.8    , array([ 2.72871    ,  0.174512   ,  0.911255   ])
135     , -35596.2    , array([ 2.83206    ,  0.194968   ,  0.909912   ])
136     , -34851.8    , array([ 2.6951     ,  0.182761   ,  0.913049   ])
137     , -33949.9    , array([ 2.53317    ,  0.179416   ,  0.913948   ])
138     , -33070.3    , array([ 2.38096    ,  0.176131   ,  0.908124   ])
139     , -31249.6    , array([ 2.10344    ,  0.169743   ,  0.904559   ])
likelihood = -31249.56
theta = 9563.6
Optimized parameters = [2.10344328 0.16974265 0.90455915]

Round_2_Replicate_7
140     , -23729.3    , array([ 0.861305   ,  0.101863   ,  1.76154    ])
141     , -23744.5    , array([ 0.854899   ,  0.101863   ,  1.76154    ])
142     , -24266.1    , array([ 0.861305   ,  0.0908689  ,  1.76154    ])
143     , -23951.3    , array([ 0.861305   ,  0.101863   ,  1.81212    ])
144     , -23319.1    , array([ 0.857029   ,  0.114186   ,  1.7951     ])
145     , -22832.5    , array([ 0.854899   ,  0.128001   ,  1.81212    ])
146     , -22907.1    , array([ 0.852775   ,  0.118617   ,  1.74499    ])
147     , -22552.8    , array([ 0.857741   ,  0.131291   ,  1.78384    ])
148     , -21927.2    , array([ 0.859165   ,  0.149055   ,  1.7951     ])
149     , -21398.4    , array([ 0.84995    ,  0.169222   ,  1.80643    ])
150     , -20642.2    , array([ 0.844328   ,  0.21811    ,  1.8293     ])
likelihood = -20642.16
theta = 10523.9
Optimized parameters = [0.84432843 0.21811041 1.82930033]

Round_2_Replicate_8
151     , -21922.9    , array([ 1.00387    ,  0.333361   ,  0.959175   ])
152     , -21925.2    , array([ 1.00407    ,  0.333361   ,  0.959175   ])
153     , -21452.1    , array([ 1.00387    ,  0.315545   ,  0.959175   ])
154     , -21946      , array([ 1.00387    ,  0.333361   ,  0.957178   ])
155     , -21581.4    , array([ 1.004      ,  0.321375   ,  0.961176   ])
156     , -21389.4    , array([ 1.00377    ,  0.313625   ,  0.960508   ])
157     , -21155.4    , array([ 1.00362    ,  0.304199   ,  0.961176   ])
158     , -20947      , array([ 1.00379    ,  0.295057   ,  0.961844   ])
159     , -20589      , array([ 1.00375    ,  0.277588   ,  0.963181   ])
160     , -20601.1    , array([ 1.00349    ,  0.277588   ,  0.961176   ])
likelihood = -20588.97
theta = 11510.73
Optimized parameters = [1.00374517 0.27758807 0.96318116]

Round_2_Replicate_9
161     , -17386.7    , array([ 0.469805   ,  0.11972    ,  0.812382   ])
162     , -17588.5    , array([ 0.45239    ,  0.11972    ,  0.812382   ])
163     , -17788.9    , array([ 0.469805   ,  0.107665   ,  0.812382   ])
164     , -17276      , array([ 0.469805   ,  0.11972    ,  0.803985   ])
165     , -17092.1    , array([ 0.458122   ,  0.133124   ,  0.806774   ])
166     , -16847.7    , array([ 0.45239    ,  0.14803    ,  0.803985   ])
167     , -16733.1    , array([ 0.475757   ,  0.137918   ,  0.801206   ])
168     , -16392.1    , array([ 0.487889   ,  0.14803    ,  0.795676   ])
169     , -16334.9    , array([ 0.469805   ,  0.158883   ,  0.790184   ])
170     , -16110.9    , array([ 0.469805   ,  0.183034   ,  0.779313   ])
171     , -16330.3    , array([ 0.469805   ,  0.210857   ,  0.782017   ])
likelihood = -16110.93
theta = 16286.93
Optimized parameters = [0.46980462 0.18303438 0.77931335]

Round_2_Replicate_10
172     , -25799      , array([ 0.47961    ,  0.276545   ,  1.70543    ])
173     , -26445      , array([ 0.46231    ,  0.276545   ,  1.70543    ])
174     , -25782.4    , array([ 0.47961    ,  0.25933    ,  1.70543    ])
175     , -26183.7    , array([ 0.47961    ,  0.276545   ,  1.75156    ])
176     , -25419.5    , array([ 0.497558   ,  0.264946   ,  1.73605    ])
177     , -24949.9    , array([ 0.516178   ,  0.25933    ,  1.75156    ])
178     , -24843      , array([ 0.503689   ,  0.253834   ,  1.69032    ])
179     , -24224.9    , array([ 0.516178   ,  0.243188   ,  1.66051    ])
180     , -24266.2    , array([ 0.528977   ,  0.232988   ,  1.70543    ])
181     , -23342      , array([ 0.56468    ,  0.23133    ,  1.70543    ])
182     , -22408.2    , array([ 0.612716   ,  0.218485   ,  1.70543    ])
likelihood = -22408.18
theta = 11943.32
Optimized parameters = [0.61271559 0.21848532 1.7054278 ]

Round_3_Replicate_1
183     , -38189.4    , array([ 0.498244   ,  0.0684337  ,  2.84741    ])
184     , -38848.1    , array([ 0.481187   ,  0.0684337  ,  2.84741    ])
185     , -38759.3    , array([ 0.498244   ,  0.0598458  ,  2.84741    ])
186     , -39113.7    , array([ 0.498244   ,  0.0684337  ,  3.00035    ])
187     , -38090      , array([ 0.486807   ,  0.0625815  ,  2.70226    ])
188     , -37599      , array([ 0.481187   ,  0.0598458  ,  2.56451    ])
189     , -37535.9    , array([ 0.504063   ,  0.0572297  ,  2.65554    ])
190     , -36928.9    , array([ 0.515905   ,  0.0523356  ,  2.56451    ])
191     , -36386      , array([ 0.498244   ,  0.0598458  ,  2.4766     ])
192     , -35248.6    , array([ 0.498244   ,  0.0598458  ,  2.30972    ])
193     , -35099      , array([ 0.498244   ,  0.04786    ,  2.15409    ])
194     , -33736      , array([ 0.498244   ,  0.0400243  ,  1.87357    ])
195     , -33170.8    , array([ 0.528026   ,  0.0418539  ,  1.94007    ])
196     , -31369.8    , array([ 0.553128   ,  0.0350016  ,  1.68743    ])
197     , -30143.2    , array([ 0.515905   ,  0.0366016  ,  1.46768    ])
198     , -27369.7    , array([ 0.515905   ,  0.0306091  ,  1.11031    ])
199     , -28102.4    , array([ 0.546743   ,  0.0204711  ,  1          ])
200     , -26978.9    , array([ 0.581671   ,  0.0195762  ,  0.811167   ])
201     , -29244.8    , array([ 0.628485   ,  0.0136909  ,  0.53374    ])
202     , -27029.1    , array([ 0.541827   ,  0.0151959  ,  0.552686   ])
likelihood = -26978.85
theta = 16561.64
Optimized parameters = [0.58167059 0.01957624 0.81116652]

Round_3_Replicate_2
203     , -37284.1    , array([ 0.298933   ,  0.0569638  ,  1.46248    ])
204     , -38574.7    , array([ 0.281419   ,  0.0569638  ,  1.46248    ])
205     , -37960.5    , array([ 0.298933   ,  0.0493604  ,  1.46248    ])
206     , -37619.1    , array([ 0.298933   ,  0.0569638  ,  1.49054    ])
207     , -36696.9    , array([ 0.317538   ,  0.0517749  ,  1.48113    ])
208     , -35815.6    , array([ 0.3373     ,  0.0493604  ,  1.49054    ])
209     , -35839.6    , array([ 0.323993   ,  0.0597501  ,  1.50001    ])
210     , -35015      , array([ 0.341856   ,  0.0534497  ,  1.478      ])
211     , -33792.7    , array([ 0.365577   ,  0.0517749  ,  1.47177    ])
212     , -33176.5    , array([ 0.390943   ,  0.0501525  ,  1.51274    ])
213     , -31481.5    , array([ 0.447077   ,  0.0470586  ,  1.53851    ])
214     , -31910.3    , array([ 0.447077   ,  0.0407773  ,  1.50001    ])
215     , -29570.8    , array([ 0.518178   ,  0.0434582  ,  1.51594    ])
216     , -27959.9    , array([ 0.642259   ,  0.0407773  ,  1.5288     ])
217     , -28457.9    , array([ 0.696101   ,  0.0353345  ,  1.57467    ])
218     , -27498.8    , array([ 0.764647   ,  0.0407773  ,  1.59587    ])
219     , -27759.8    , array([ 1          ,  0.0407773  ,  1.64608    ])
220     , -29281.7    , array([ 1.09357    ,  0.0321158  ,  1.59438    ])
221     , -27964.5    , array([ 0.874441   ,  0.0353345  ,  1.58022    ])
likelihood = -27498.83
theta = 12293.64
Optimized parameters = [0.76464683 0.04077733 1.5958742 ]

Round_3_Replicate_3
222     , -38784.1    , array([ 0.220488   ,  0.39299    ,  0.306559   ])
223     , -39017.8    , array([ 0.204435   ,  0.39299    ,  0.306559   ])
224     , -37315      , array([ 0.220488   ,  0.37506    ,  0.306559   ])
225     , -40401.8    , array([ 0.220488   ,  0.39299    ,  0.288962   ])
226     , -36663.5    , array([ 0.209651   ,  0.380944   ,  0.325229   ])
227     , -35352.3    , array([ 0.204435   ,  0.37506    ,  0.345035   ])
228     , -34925.5    , array([ 0.226115   ,  0.369267   ,  0.331701   ])
229     , -32972.4    , array([ 0.237802   ,  0.357948   ,  0.345035   ])
230     , -31809.9    , array([ 0.220488   ,  0.346976   ,  0.358905   ])
231     , -29128.4    , array([ 0.220488   ,  0.32603    ,  0.388339   ])
232     , -28877.8    , array([ 0.220488   ,  0.331145   ,  0.420188   ])
233     , -27169.8    , array([ 0.220488   ,  0.311155   ,  0.491936   ])
234     , -23834.4    , array([ 0.250094   ,  0.292372   ,  0.472925   ])
235     , -20571      , array([ 0.276616   ,  0.258139   ,  0.553678   ])
236     , -24569.5    , array([ 0.237802   ,  0.246361   ,  0.648219   ])
237     , -24813.7    , array([ 0.269733   ,  0.224394   ,  0.810427   ])
238     , -23369.7    , array([ 0.308531   ,  0.189081   ,  0.892387   ])
239     , -19734.5    , array([ 0.275843   ,  0.233904   ,  0.577619   ])
240     , -19012.1    , array([ 0.278949   ,  0.23881    ,  0.487646   ])
likelihood = -19012.06
theta = 19000.7
Optimized parameters = [0.27894918 0.23880982 0.48764637]

Round_3_Replicate_4
241     , -17518.2    , array([ 0.69395    ,  0.175518   ,  0.610225   ])
242     , -17314.1    , array([ 0.681388   ,  0.175518   ,  0.610225   ])
243     , -17331.7    , array([ 0.69395    ,  0.160893   ,  0.610225   ])
244     , -17679.9    , array([ 0.69395    ,  0.175518   ,  0.595339   ])
245     , -17126.3    , array([ 0.68555    ,  0.165628   ,  0.625483   ])
246     , -16941.8    , array([ 0.681388   ,  0.160893   ,  0.641122   ])
247     , -16919.2    , array([ 0.677251   ,  0.156295   ,  0.630653   ])
248     , -16774.7    , array([ 0.669053   ,  0.147487   ,  0.641122   ])
249     , -16602.7    , array([ 0.660955   ,  0.160893   ,  0.651765   ])
250     , -16338.3    , array([ 0.64505    ,  0.160893   ,  0.673584   ])
251     , -16574      , array([ 0.64899    ,  0.139176   ,  0.696134   ])
252     , -16370.8    , array([ 0.628252   ,  0.137837   ,  0.699965   ])
253     , -16270.9    , array([ 0.61355    ,  0.143734   ,  0.742163   ])
254     , -16451.9    , array([ 0.587549   ,  0.141893   ,  0.798507   ])
255     , -15991.6    , array([ 0.609275   ,  0.155624   ,  0.713322   ])
256     , -15806.3    , array([ 0.590338   ,  0.164564   ,  0.722075   ])
257     , -15918.5    , array([ 0.603803   ,  0.176843   ,  0.72428    ])
258     , -16035.3    , array([ 0.562735   ,  0.161355   ,  0.789951   ])
likelihood = -15806.27
theta = 15413.51
Optimized parameters = [0.59033834 0.16456374 0.72207489]

Round_3_Replicate_5
259     , -22985.8    , array([ 0.468704   ,  0.341839   ,  0.562804   ])
260     , -22815.5    , array([ 0.451277   ,  0.341839   ,  0.562804   ])
261     , -21901      , array([ 0.468704   ,  0.323975   ,  0.562804   ])
262     , -23494.7    , array([ 0.468704   ,  0.341839   ,  0.546858   ])
263     , -21719.3    , array([ 0.457013   ,  0.329824   ,  0.579214   ])
264     , -20985.3    , array([ 0.451277   ,  0.323975   ,  0.596103   ])
265     , -20861.8    , array([ 0.445614   ,  0.318231   ,  0.58479    ])
266     , -20006.4    , array([ 0.434499   ,  0.307046   ,  0.596103   ])
267     , -19301.8    , array([ 0.451277   ,  0.296254   ,  0.607635   ])
268     , -18044.1    , array([ 0.451277   ,  0.275794   ,  0.631372   ])
269     , -18223.9    , array([ 0.423661   ,  0.280773   ,  0.656037   ])
270     , -17200      , array([ 0.421881   ,  0.255221   ,  0.660241   ])
271     , -16610.5    , array([ 0.407909   ,  0.226527   ,  0.694853   ])
272     , -16602.8    , array([ 0.420109   ,  0.219872   ,  0.731279   ])
273     , -17391.2    , array([ 0.413094   ,  0.18606    ,  0.809961   ])
274     , -16045.7    , array([ 0.428444   ,  0.204281   ,  0.714352   ])
275     , -16134.4    , array([ 0.430856   ,  0.174247   ,  0.745426   ])
276     , -17985.4    , array([ 0.38854    ,  0.170252   ,  0.805948   ])
277     , -16866.7    , array([ 0.403355   ,  0.192073   ,  0.758231   ])
278     , -16732.8    , array([ 0.434702   ,  0.244462   ,  0.671106   ])
279     , -16447.4    , array([ 0.426644   ,  0.230158   ,  0.6919     ])
likelihood = -16045.73
theta = 16747.48
Optimized parameters = [0.42844404 0.20428096 0.71435249]

Round_4_Replicate_1
280     , -21336.8    , array([ 0.506713   ,  0.297444   ,  1.28415    ])
281     , -21787      , array([ 0.489778   ,  0.297444   ,  1.28415    ])
282     , -21199.1    , array([ 0.506713   ,  0.279947   ,  1.28415    ])
283     , -21482.2    , array([ 0.506713   ,  0.297444   ,  1.30031    ])
284     , -20919      , array([ 0.524232   ,  0.285662   ,  1.2949     ])
285     , -20540.6    , array([ 0.542357   ,  0.279947   ,  1.30031    ])
286     , -20572.9    , array([ 0.530205   ,  0.274347   ,  1.27881    ])
287     , -20287.9    , array([ 0.546469   ,  0.259953   ,  1.29131    ])
288     , -19912      , array([ 0.567503   ,  0.243019   ,  1.2949     ])
289     , -19618.1    , array([ 0.589346   ,  0.251343   ,  1.2985     ])
290     , -19128.3    , array([ 0.635586   ,  0.238157   ,  1.30574    ])
291     , -19249.2    , array([ 0.635586   ,  0.233392   ,  1.32217    ])
292     , -18956.1    , array([ 0.690652   ,  0.202605   ,  1.31484    ])
293     , -19166.4    , array([ 0.779374   ,  0.172361   ,  1.32217    ])
294     , -18825.6    , array([ 0.75238    ,  0.206741   ,  1.33386    ])
295     , -19167.1    , array([ 0.866307   ,  0.190687   ,  1.35377    ])
296     , -18804.5    , array([ 0.751749   ,  0.198552   ,  1.31403    ])
297     , -18998.3    , array([ 0.817564   ,  0.183134   ,  1.30998    ])
298     , -19310.1    , array([ 0.840759   ,  0.172361   ,  1.33619    ])
299     , -18884.3    , array([ 0.68163    ,  0.219663   ,  1.31329    ])
300     , -18719.1    , array([ 0.766973   ,  0.213823   ,  1.32589    ])
301     , -18709.5    , array([ 0.80824    ,  0.219663   ,  1.33145    ])
302     , -19063.1    , array([ 0.870599   ,  0.197219   ,  1.33968    ])
303     , -18768      , array([ 0.72463    ,  0.213823   ,  1.31984    ])
304     , -18644.8    , array([ 0.769217   ,  0.214304   ,  1.30976    ])
305     , -18571.1    , array([ 0.777777   ,  0.218188   ,  1.29788    ])
306     , -18572.6    , array([ 0.787532   ,  0.237623   ,  1.31861    ])
307     , -18695.5    , array([ 0.863627   ,  0.236735   ,  1.31199    ])
likelihood = -18571.08
theta = 12051.31
Optimized parameters = [0.77777673 0.2181884  1.29787832]

Round_4_Replicate_2
308     , -19610.1    , array([ 0.628133   ,  0.311009   ,  1.32249    ])
309     , -19781.3    , array([ 0.613697   ,  0.311009   ,  1.32249    ])
310     , -19474.5    , array([ 0.628133   ,  0.293367   ,  1.32249    ])
311     , -19719.1    , array([ 0.628133   ,  0.311009   ,  1.34111    ])
312     , -19432.1    , array([ 0.642908   ,  0.299133   ,  1.33487    ])
313     , -19287.7    , array([ 0.658031   ,  0.293367   ,  1.34111    ])
314     , -19204      , array([ 0.64791    ,  0.287711   ,  1.31635    ])
315     , -18991.1    , array([ 0.658031   ,  0.276726   ,  1.30414    ])
316     , -18980.5    , array([ 0.66831    ,  0.266159   ,  1.32249    ])
317     , -18823.3    , array([ 0.689352   ,  0.246222   ,  1.32249    ])
318     , -18715.6    , array([ 0.711057   ,  0.251062   ,  1.32249    ])
319     , -18622.2    , array([ 0.756538   ,  0.232255   ,  1.32249    ])
320     , -18581.2    , array([ 0.744902   ,  0.214857   ,  1.29204    ])
321     , -18782      , array([ 0.792548   ,  0.183874   ,  1.26819    ])
322     , -18906.1    , array([ 0.809098   ,  0.192418   ,  1.32044    ])
323     , -18698.4    , array([ 0.768356   ,  0.210715   ,  1.31635    ])
324     , -18841.9    , array([ 0.830272   ,  0.194931   ,  1.29808    ])
325     , -18671.4    , array([ 0.722164   ,  0.232255   ,  1.31635    ])
326     , -18613      , array([ 0.71474    ,  0.243047   ,  1.30414    ])
327     , -18526.3    , array([ 0.755236   ,  0.227286   ,  1.29606    ])
328     , -18488.7    , array([ 0.772336   ,  0.224841   ,  1.28604    ])
329     , -18439.3    , array([ 0.730923   ,  0.222423   ,  1.26622    ])
330     , -18347.2    , array([ 0.718443   ,  0.217664   ,  1.23899    ])
331     , -18495.6    , array([ 0.776337   ,  0.197477   ,  1.24092    ])
332     , -18288      , array([ 0.765714   ,  0.211172   ,  1.21927    ])
333     , -18187.8    , array([ 0.776337   ,  0.209353   ,  1.18443    ])
334     , -18232.7    , array([ 0.734709   ,  0.238878   ,  1.23068    ])
335     , -17932.2    , array([ 0.71433    ,  0.21845    ,  1.15318    ])
336     , -17647.1    , array([ 0.686982   ,  0.215323   ,  1.09198    ])
likelihood = -17647.08
theta = 13158.34
Optimized parameters = [0.68698171 0.21532252 1.09198424]

Round_4_Replicate_3
337     , -18455.9    , array([ 0.723379   ,  0.208142   ,  1.25126    ])
338     , -18478      , array([ 0.711761   ,  0.208142   ,  1.25126    ])
339     , -18588.6    , array([ 0.723379   ,  0.192432   ,  1.25126    ])
340     , -18527.7    , array([ 0.723379   ,  0.208142   ,  1.26537    ])
341     , -18431.3    , array([ 0.715613   ,  0.225134   ,  1.26065    ])
342     , -18429.8    , array([ 0.711761   ,  0.243514   ,  1.26537    ])
343     , -18361.7    , array([ 0.70793    ,  0.231101   ,  1.2466     ])
344     , -18323.8    , array([ 0.70033    ,  0.243514   ,  1.23732    ])
345     , -18374.9    , array([ 0.711761   ,  0.256593   ,  1.25126    ])
346     , -18637.9    , array([ 0.692811   ,  0.295009   ,  1.25126    ])
347     , -18377.5    , array([ 0.715613   ,  0.227106   ,  1.25126    ])
348     , -18261.6    , array([ 0.706658   ,  0.240699   ,  1.22811    ])
349     , -18178.8    , array([ 0.70412    ,  0.239304   ,  1.20989    ])
350     , -18290.5    , array([ 0.695308   ,  0.26725    ,  1.21442    ])
351     , -18121.9    , array([ 0.688256   ,  0.243043   ,  1.19046    ])
352     , -17995.3    , array([ 0.676796   ,  0.236538   ,  1.16118    ])
353     , -17975.7    , array([ 0.683731   ,  0.251182   ,  1.15397    ])
354     , -17831      , array([ 0.67558    ,  0.255106   ,  1.11443    ])
355     , -17734.5    , array([ 0.67558    ,  0.221886   ,  1.11027    ])
356     , -17537.2    , array([ 0.665927   ,  0.202179   ,  1.0616     ])
357     , -17300.9    , array([ 0.642778   ,  0.221457   ,  1.0214     ])
358     , -16857.8    , array([ 0.614141   ,  0.213039   ,  0.938464   ])
359     , -16781.5    , array([ 0.626791   ,  0.20895    ,  0.923394   ])
360     , -16250.7    , array([ 0.603191   ,  0.196388   ,  0.823438   ])
361     , -16062.2    , array([ 0.582223   ,  0.162737   ,  0.786358   ])
362     , -15538      , array([ 0.5405     ,  0.129977   ,  0.660548   ])
363     , -14844.4    , array([ 0.513948   ,  0.152952   ,  0.601648   ])
364     , -14137.4    , array([ 0.451508   ,  0.133035   ,  0.452933   ])
365     , -14330.3    , array([ 0.453952   ,  0.106049   ,  0.418757   ])
likelihood = -14137.36
theta = 18006.17
Optimized parameters = [0.45150821 0.13303507 0.45293273]

Round_4_Replicate_4
366     , -17350      , array([ 0.392831   ,  0.229001   ,  0.478901   ])
367     , -17245.7    , array([ 0.374901   ,  0.229001   ,  0.478901   ])
368     , -16364.5    , array([ 0.392831   ,  0.21273    ,  0.478901   ])
369     , -17742.1    , array([ 0.392831   ,  0.229001   ,  0.461592   ])
370     , -16356      , array([ 0.380785   ,  0.218021   ,  0.496859   ])
371     , -15917.4    , array([ 0.374901   ,  0.21273    ,  0.515491   ])
372     , -15745      , array([ 0.369108   ,  0.207568   ,  0.502994   ])
373     , -15289.1    , array([ 0.357789   ,  0.197615   ,  0.515491   ])
374     , -14830.2    , array([ 0.374901   ,  0.18814    ,  0.528299   ])
375     , -14464.9    , array([ 0.374901   ,  0.170532   ,  0.554877   ])
376     , -15265.8    , array([ 0.346817   ,  0.174773   ,  0.582792   ])
377     , -15128.7    , array([ 0.345021   ,  0.15331    ,  0.587579   ])
378     , -16047.4    , array([ 0.35287    ,  0.139341   ,  0.641155   ])
379     , -14821.9    , array([ 0.356553   ,  0.181086   ,  0.544386   ])
380     , -14200.3    , array([ 0.370815   ,  0.161324   ,  0.541917   ])
381     , -13880.2    , array([ 0.38343    ,  0.154993   ,  0.522568   ])
382     , -14812.7    , array([ 0.399918   ,  0.185253   ,  0.497085   ])
383     , -14026.2    , array([ 0.417758   ,  0.159234   ,  0.504979   ])
384     , -14140.5    , array([ 0.383454   ,  0.140714   ,  0.55887    ])
385     , -13659.7    , array([ 0.41524    ,  0.134478   ,  0.503062   ])
386     , -13832.1    , array([ 0.43701    ,  0.11942    ,  0.478998   ])
387     , -14296.3    , array([ 0.428115   ,  0.158123   ,  0.465637   ])
388     , -13842.3    , array([ 0.394162   ,  0.144878   ,  0.533943   ])
389     , -13891      , array([ 0.37802    ,  0.131203   ,  0.534851   ])
390     , -13758.2    , array([ 0.387586   ,  0.13771    ,  0.527221   ])
391     , -13806.8    , array([ 0.414836   ,  0.124576   ,  0.519912   ])
likelihood = -13659.68
theta = 18429.59
Optimized parameters = [0.41524041 0.13447843 0.50306175]

Round_4_Replicate_5
392     , -22929.3    , array([ 1.05943    ,  0.176735   ,  0.643084   ])
393     , -22973.7    , array([ 1.06249    ,  0.176735   ,  0.643084   ])
394     , -22748.6    , array([ 1.05943    ,  0.162065   ,  0.643084   ])
395     , -23138.8    , array([ 1.05943    ,  0.176735   ,  0.629044   ])
396     , -22644.6    , array([ 1.06147    ,  0.166814   ,  0.657437   ])
397     , -22467.3    , array([ 1.06249    ,  0.162065   ,  0.672111   ])
398     , -22497.8    , array([ 1.05841    ,  0.15745    ,  0.662293   ])
399     , -22444.5    , array([ 1.06079    ,  0.145778   ,  0.675416   ])
400     , -22513.9    , array([ 1.06147    ,  0.132396   ,  0.692186   ])
401     , -22262      , array([ 1.0617     ,  0.148136   ,  0.697869   ])
402     , -22161.9    , array([ 1.06283    ,  0.141627   ,  0.726987   ])
403     , -22229.2    , array([ 1.06568    ,  0.142083   ,  0.721068   ])
404     , -22405.3    , array([ 1.0637     ,  0.126444   ,  0.744632   ])
405     , -22228.7    , array([ 1.06736    ,  0.127849   ,  0.790785   ])
406     , -22005.6    , array([ 1.06688    ,  0.148489   ,  0.746619   ])
407     , -21910.9    , array([ 1.06847    ,  0.160913   ,  0.747614   ])
408     , -21861.1    , array([ 1.06676    ,  0.143577   ,  0.789828   ])
409     , -21706.2    , array([ 1.0673     ,  0.14433    ,  0.826629   ])
410     , -21889.1    , array([ 1.06503    ,  0.172994   ,  0.741797   ])
411     , -21433      , array([ 1.07105    ,  0.178445   ,  0.817815   ])
412     , -21204.5    , array([ 1.07518    ,  0.200301   ,  0.8674     ])
413     , -21090.8    , array([ 1.06985    ,  0.181741   ,  0.878076   ])
414     , -20750.3    , array([ 1.07055    ,  0.193146   ,  0.951612   ])
415     , -20664.8    , array([ 1.07701    ,  0.181936   ,  1.04482    ])
416     , -20458.7    , array([ 1.08305    ,  0.186579   ,  1.24       ])
417     , -20114.2    , array([ 1.08527    ,  0.258781   ,  1.22863    ])
418     , -20194.1    , array([ 1.09436    ,  0.346514   ,  1.49788    ])
likelihood = -20114.19
theta = 10685.56
Optimized parameters = [1.08526532 0.25878088 1.22863378]

Round_1_Replicate_1
1304    , -187636     , array([ 5.67395    ,  4.95839    ,  1.11824    ])
1305    , -192437     , array([ 6.18842    ,  4.95839    ,  1.11824    ])
1306    , -192576     , array([ 5.67395    ,  5.37165    ,  1.11824    ])
1307    , -187110     , array([ 5.67395    ,  4.95839    ,  1.1245     ])
1308    , -185228     , array([ 6.01194    ,  4.57692    ,  1.12241    ])
1309    , -181033     , array([ 6.18842    ,  4.2248     ,  1.1245     ])
1310    , -178537     , array([ 5.51214    ,  4.4564     ,  1.1266     ])
1311    , -171682     , array([ 5.20225    ,  4.2248     ,  1.1308     ])
likelihood = -171681.95
theta = 4864.98
Optimized parameters = [5.20224736 4.22480411 1.13080458]

Round_1_Replicate_2
1312    , -62226.3    , array([ 0.962798   ,  0.393194   ,  0.332515   ])
1313    , -62178.3    , array([ 0.960974   ,  0.393194   ,  0.332515   ])
1314    , -59997.9    , array([ 0.962798   ,  0.375264   ,  0.332515   ])
1315    , -65725.8    , array([ 0.962798   ,  0.393194   ,  0.314703   ])
1316    , -57423.3    , array([ 0.961582   ,  0.381148   ,  0.351334   ])
1317    , -53611.6    , array([ 0.960974   ,  0.375264   ,  0.371219   ])
1318    , -54955.5    , array([ 0.960367   ,  0.369471   ,  0.357841   ])
likelihood = -53611.57
theta = 12713.57
Optimized parameters = [0.96097436 0.37526425 0.37121851]

Round_1_Replicate_3
1319    , -43512.9    , array([ 0.690924   ,  0.382625   ,  0.394747   ])
1320    , -43101.1    , array([ 0.678268   ,  0.382625   ,  0.394747   ])
1321    , -41770.4    , array([ 0.690924   ,  0.36468    ,  0.394747   ])
1322    , -45797.3    , array([ 0.690924   ,  0.382625   ,  0.37682    ])
1323    , -39962.7    , array([ 0.682461   ,  0.370566   ,  0.413526   ])
1324    , -37315.3    , array([ 0.678268   ,  0.36468    ,  0.433198   ])
1325    , -37958.8    , array([ 0.674102   ,  0.358888   ,  0.419982   ])
likelihood = -37315.26
theta = 13709.77
Optimized parameters = [0.67826824 0.36468022 0.43319822]

Round_1_Replicate_4
1326    , -177584     , array([ 1.43968    ,  2.75597    ,  0.361327   ])
1327    , -178899     , array([ 1.46615    ,  2.75597    ,  0.361327   ])
1328    , -179685     , array([ 1.43968    ,  2.89927    ,  0.361327   ])
1329    , -182688     , array([ 1.43968    ,  2.75597    ,  0.343397   ])
1330    , -174812     , array([ 1.45727    ,  2.8507     ,  0.380194   ])
1331    , -170928     , array([ 1.46615    ,  2.89927    ,  0.400047   ])
1332    , -171864     , array([ 1.47508    ,  2.7098     ,  0.3867     ])
likelihood = -170928.07
theta = 8989.28
Optimized parameters = [1.46614914 2.89927112 0.40004676]

Round_1_Replicate_5
1333    , -48610.1    , array([ 0.202852   ,  0.22188    ,  2.08711    ])
1334    , -50661.8    , array([ 0.1873     ,  0.22188    ,  2.08711    ])
1335    , -48656.5    , array([ 0.202852   ,  0.20579    ,  2.08711    ])
1336    , -49295.1    , array([ 0.202852   ,  0.22188    ,  2.16532    ])
1337    , -47083.7    , array([ 0.219695   ,  0.211019   ,  2.13893    ])
1338    , -45366.7    , array([ 0.237936   ,  0.20579    ,  2.16532    ])
1339    , -45796.3    , array([ 0.225614   ,  0.20069    ,  2.06167    ])
likelihood = -45366.71
theta = 13047.16
Optimized parameters = [0.23793629 0.20578998 2.16532431]

Round_1_Replicate_6
1340    , -19369.4    , array([ 0.533796   ,  0.290434   ,  0.622593   ])
1341    , -19201      , array([ 0.517302   ,  0.290434   ,  0.622593   ])
1342    , -18519.3    , array([ 0.533796   ,  0.273023   ,  0.622593   ])
1343    , -19652.9    , array([ 0.533796   ,  0.290434   ,  0.608015   ])
1344    , -18457      , array([ 0.522742   ,  0.278708   ,  0.63752    ])
1345    , -17974.1    , array([ 0.517302   ,  0.273023   ,  0.652805   ])
1346    , -17806.3    , array([ 0.511918   ,  0.267455   ,  0.642575   ])
1347    , -17202.5    , array([ 0.501317   ,  0.256656   ,  0.652805   ])
likelihood = -17202.52
theta = 15499.96
Optimized parameters = [0.50131729 0.25665647 0.65280506]

Round_1_Replicate_7
1348    , -59208.1    , array([ 0.376333   ,  0.870065   ,  7.09122    ])
1349    , -60550.8    , array([ 0.358386   ,  0.870065   ,  7.09122    ])
1350    , -59184.7    , array([ 0.376333   ,  0.864031   ,  7.09122    ])
1351    , -61340      , array([ 0.376333   ,  0.870065   ,  7.82091    ])
1352    , -58022.7    , array([ 0.364272   ,  0.866038   ,  6.42962    ])
1353    , -56470.1    , array([ 0.358386   ,  0.864031   ,  5.82974    ])
1354    , -55989.3    , array([ 0.382513   ,  0.862029   ,  6.22309    ])
1355    , -53773.9    , array([ 0.395179   ,  0.858039   ,  5.82974    ])
likelihood = -53773.91
theta = 5692.68
Optimized parameters = [0.39517931 0.85803897 5.82973686]

Round_1_Replicate_8
1356    , -44578.4    , array([ 0.346173   ,  0.402749   ,  3.38972    ])
1357    , -45882.5    , array([ 0.328291   ,  0.402749   ,  3.38972    ])
1358    , -44527.2    , array([ 0.346173   ,  0.384845   ,  3.38972    ])
1359    , -45729.7    , array([ 0.346173   ,  0.402749   ,  3.60306    ])
1360    , -44020.9    , array([ 0.36503    ,  0.390723   ,  3.53049    ])
1361    , -43124      , array([ 0.384915   ,  0.384845   ,  3.60306    ])
1362    , -42436.7    , array([ 0.371542   ,  0.379056   ,  3.32145    ])
1363    , -40838.8    , array([ 0.384915   ,  0.367737   ,  3.18901    ])
likelihood = -40838.81
theta = 9290.77
Optimized parameters = [0.38491464 0.36773749 3.18900536]

Round_1_Replicate_9
1364    , -26970      , array([ 0.786887   ,  0.505984   ,  0.875368   ])
1365    , -26851.7    , array([ 0.777514   ,  0.505984   ,  0.875368   ])
1366    , -26269.9    , array([ 0.786887   ,  0.489039   ,  0.875368   ])
1367    , -27104.2    , array([ 0.786887   ,  0.505984   ,  0.869562   ])
1368    , -26294.7    , array([ 0.780626   ,  0.494624   ,  0.881214   ])
1369    , -25982.2    , array([ 0.776479   ,  0.487192   ,  0.879261   ])
1370    , -25509      , array([ 0.771327   ,  0.478059   ,  0.881214   ])
likelihood = -25509.01
theta = 11638.46
Optimized parameters = [0.77132713 0.47805928 0.88121376]

Round_1_Replicate_10
1371    , -54741.7    , array([ 0.55952    ,  0.489419   ,  0.348012   ])
1372    , -53981.9    , array([ 0.543509   ,  0.489419   ,  0.348012   ])
1373    , -53279.2    , array([ 0.55952    ,  0.472242   ,  0.348012   ])
1374    , -57826.4    , array([ 0.55952    ,  0.489419   ,  0.330122   ])
1375    , -50389.9    , array([ 0.548794   ,  0.4779     ,  0.366872   ])
1376    , -46997.1    , array([ 0.543509   ,  0.472242   ,  0.386754   ])
1377    , -48093.7    , array([ 0.538274   ,  0.466651   ,  0.373383   ])
likelihood = -46997.08
theta = 13883.36
Optimized parameters = [0.54350863 0.47224199 0.38675424]

Round_2_Replicate_1
1378    , -16698.6    , array([ 0.455549   ,  0.0661102  ,  0.325326   ])
1379    , -16215.2    , array([ 0.437987   ,  0.0661102  ,  0.325326   ])
1380    , -17470.7    , array([ 0.455549   ,  0.0577141  ,  0.325326   ])
1381    , -16935.9    , array([ 0.455549   ,  0.0661102  ,  0.307563   ])
1382    , -15961.4    , array([ 0.443765   ,  0.0757277  ,  0.313373   ])
1383    , -15668.8    , array([ 0.437987   ,  0.0867444  ,  0.307563   ])
1384    , -15224.9    , array([ 0.432285   ,  0.079235   ,  0.331472   ])
1385    , -14533.6    , array([ 0.421103   ,  0.0867444  ,  0.344114   ])
1386    , -14453.6    , array([ 0.41021    ,  0.0949655  ,  0.325326   ])
1387    , -14339.9    , array([ 0.389262   ,  0.113819   ,  0.325326   ])
1388    , -15834.1    , array([ 0.394396   ,  0.136415   ,  0.325326   ])
1389    , -14780.7    , array([ 0.404869   ,  0.113819   ,  0.325326   ])
likelihood = -14339.86
theta = 19234.34
Optimized parameters = [0.38926179 0.11381899 0.32532561]

Round_2_Replicate_2
1390    , -27029      , array([ 0.244506   ,  0.108859   ,  0.794805   ])
1391    , -28748.2    , array([ 0.227879   ,  0.108859   ,  0.794805   ])
1392    , -27406.7    , array([ 0.244506   ,  0.0974335  ,  0.794805   ])
1393    , -26779.9    , array([ 0.244506   ,  0.108859   ,  0.78573    ])
1394    , -25498.2    , array([ 0.262346   ,  0.101102   ,  0.788743   ])
1395    , -24071      , array([ 0.281488   ,  0.0974335  ,  0.78573    ])
1396    , -24462      , array([ 0.268578   ,  0.112958   ,  0.782728   ])
1397    , -23247.9    , array([ 0.285928   ,  0.103624   ,  0.77478    ])
1398    , -21656.7    , array([ 0.309201   ,  0.101102   ,  0.764957   ])
1399    , -20632.2    , array([ 0.334368   ,  0.0986414  ,  0.769853   ])
1400    , -18822.3    , array([ 0.391014   ,  0.093898   ,  0.762035   ])
likelihood = -18822.32
theta = 18453.79
Optimized parameters = [0.39101434 0.09389796 0.76203481]

Round_2_Replicate_3
1401    , -40630.5    , array([ 0.37114    ,  0.65659    ,  2.61052    ])
1402    , -41835.3    , array([ 0.353195   ,  0.65659    ,  2.61052    ])
1403    , -40460.5    , array([ 0.37114    ,  0.642923   ,  2.61052    ])
1404    , -41259.5    , array([ 0.37114    ,  0.65659    ,  2.73881    ])
1405    , -39746.9    , array([ 0.389996   ,  0.647447   ,  2.69536    ])
1406    , -38736.1    , array([ 0.409811   ,  0.642923   ,  2.73881    ])
1407    , -38637.3    , array([ 0.396492   ,  0.638431   ,  2.5691     ])
1408    , -37373.7    , array([ 0.409811   ,  0.629541   ,  2.48823    ])
1409    , -37105.1    , array([ 0.423577   ,  0.620774   ,  2.61052    ])
1410    , -35433.4    , array([ 0.452512   ,  0.603606   ,  2.61052    ])
1411    , -34053.9    , array([ 0.483423   ,  0.607853   ,  2.61052    ])
1412    , -31177.2    , array([ 0.551725   ,  0.591041   ,  2.61052    ])
likelihood = -31177.25
theta = 8967.39
Optimized parameters = [0.5517247  0.59104144 2.61051609]

Round_2_Replicate_4
1413    , -24242.8    , array([ 0.793974   ,  0.470222   ,  2.60698    ])
1414    , -24388.9    , array([ 0.784868   ,  0.470222   ,  2.60698    ])
1415    , -24151.2    , array([ 0.793974   ,  0.452812   ,  2.60698    ])
1416    , -24714.8    , array([ 0.793974   ,  0.470222   ,  2.73492    ])
1417    , -23820.8    , array([ 0.787891   ,  0.458543   ,  2.48502    ])
1418    , -23399.7    , array([ 0.784868   ,  0.452812   ,  2.36877    ])
1419    , -23475      , array([ 0.797032   ,  0.447153   ,  2.44565    ])
1420    , -23113.6    , array([ 0.789913   ,  0.432407   ,  2.34369    ])
1421    , -22581.3    , array([ 0.787891   ,  0.414655   ,  2.22219    ])
1422    , -22225.9    , array([ 0.785874   ,  0.423438   ,  2.10699    ])
1423    , -21396.1    , array([ 0.781855   ,  0.409473   ,  1.8942     ])
likelihood = -21396.11
theta = 9916.22
Optimized parameters = [0.78185543 0.40947299 1.89419513]

Round_2_Replicate_5
1424    , -18659.8    , array([ 0.864172   ,  0.285622   ,  1.20217    ])
1425    , -18627.9    , array([ 0.857887   ,  0.285622   ,  1.20217    ])
1426    , -18549.4    , array([ 0.864172   ,  0.268275   ,  1.20217    ])
1427    , -18661.6    , array([ 0.864172   ,  0.285622   ,  1.21329    ])
1428    , -18553.4    , array([ 0.859977   ,  0.273937   ,  1.19115    ])
1429    , -18499.5    , array([ 0.857191   ,  0.266414   ,  1.19481    ])
1430    , -18442      , array([ 0.853722   ,  0.2573     ,  1.19115    ])
1431    , -18452.7    , array([ 0.860674   ,  0.248498   ,  1.1875     ])
1432    , -18448.8    , array([ 0.859047   ,  0.242798   ,  1.19604    ])
likelihood = -18441.98
theta = 11721.59
Optimized parameters = [0.85372231 0.25730031 1.19115352]

Round_2_Replicate_6
1433    , -49437.9    , array([ 0.236765   ,  0.486658   ,  2.48601    ])
1434    , -51371.8    , array([ 0.22031    ,  0.486658   ,  2.48601    ])
1435    , -49251.2    , array([ 0.236765   ,  0.469445   ,  2.48601    ])
1436    , -50190.8    , array([ 0.236765   ,  0.486658   ,  2.60182    ])
1437    , -47908.4    , array([ 0.25445    ,  0.475114   ,  2.56263    ])
1438    , -46223.5    , array([ 0.273455   ,  0.469445   ,  2.60182    ])
1439    , -46399.3    , array([ 0.260633   ,  0.463844   ,  2.44856    ])
1440    , -45196.1    , array([ 0.277868   ,  0.449232   ,  2.53683    ])
1441    , -43184.4    , array([ 0.301022   ,  0.431613   ,  2.56263    ])
1442    , -41423.2    , array([ 0.326106   ,  0.440334   ,  2.58869    ])
1443    , -37825.5    , array([ 0.382718   ,  0.426463   ,  2.64161    ])
likelihood = -37825.52
theta = 10065.3
Optimized parameters = [0.38271767 0.42646313 2.64161479]

Round_2_Replicate_7
1444    , -35208.3    , array([ 0.343198   ,  0.153718   ,  1.89098    ])
1445    , -36344.8    , array([ 0.325329   ,  0.153718   ,  1.89098    ])
1446    , -35504.2    , array([ 0.343198   ,  0.139978   ,  1.89098    ])
1447    , -35769.4    , array([ 0.343198   ,  0.153718   ,  1.95219    ])
1448    , -34668.5    , array([ 0.362049   ,  0.144416   ,  1.93157    ])
1449    , -33878.3    , array([ 0.381936   ,  0.139978   ,  1.95219    ])
1450    , -33962.6    , array([ 0.36856    ,  0.135677   ,  1.87101    ])
1451    , -33192.6    , array([ 0.386501   ,  0.145926   ,  1.91795    ])
1452    , -32081.1    , array([ 0.410161   ,  0.148994   ,  1.93157    ])
1453    , -31577.5    , array([ 0.435269   ,  0.130147   ,  1.94529    ])
1454    , -30070.9    , array([ 0.490189   ,  0.119753   ,  1.97303    ])
likelihood = -30070.94
theta = 12493.53
Optimized parameters = [0.4901888  0.11975343 1.97303022]

Round_2_Replicate_8
1455    , -28123.5    , array([ 1.65272    ,  0.209609   ,  0.830246   ])
1456    , -28523.2    , array([ 1.69476    ,  0.209609   ,  0.830246   ])
1457    , -27965.7    , array([ 1.65272    ,  0.193856   ,  0.830246   ])
1458    , -28203.6    , array([ 1.65272    ,  0.209609   ,  0.822559   ])
1459    , -27655.8    , array([ 1.61171    ,  0.198971   ,  0.825114   ])
1460    , -27240.2    , array([ 1.57173    ,  0.193856   ,  0.822559   ])
1461    , -27388.2    , array([ 1.59827    ,  0.188873   ,  0.832824   ])
1462    , -27066.9    , array([ 1.56298    ,  0.176202   ,  0.826821   ])
1463    , -26717.8    , array([ 1.51996    ,  0.161551   ,  0.825114   ])
1464    , -26243.8    , array([ 1.47812    ,  0.168718   ,  0.82341    ])
1465    , -25493.9    , array([ 1.39787    ,  0.157399   ,  0.820013   ])
likelihood = -25493.92
theta = 11216.59
Optimized parameters = [1.39786537 0.15739857 0.82001275]

Round_2_Replicate_9
1466    , -29699.3    , array([ 0.328713   ,  0.346221   ,  1.27358    ])
1467    , -30969.8    , array([ 0.310927   ,  0.346221   ,  1.27358    ])
1468    , -29415.2    , array([ 0.328713   ,  0.328338   ,  1.27358    ])
1469    , -29872.7    , array([ 0.328713   ,  0.346221   ,  1.28907    ])
1470    , -28399.8    , array([ 0.347517   ,  0.334194   ,  1.28389    ])
1471    , -27199.4    , array([ 0.367397   ,  0.328338   ,  1.28907    ])
1472    , -27657.8    , array([ 0.354022   ,  0.322585   ,  1.26846    ])
1473    , -26578.8    , array([ 0.371967   ,  0.307731   ,  1.28044    ])
1474    , -25217.5    , array([ 0.395683   ,  0.290121   ,  1.28389    ])
1475    , -24214.5    , array([ 0.420912   ,  0.298796   ,  1.28734    ])
1476    , -22175      , array([ 0.476298   ,  0.285038   ,  1.29428    ])
likelihood = -22175.02
theta = 13623.84
Optimized parameters = [0.47629754 0.28503754 1.29427978]

Round_2_Replicate_10
1477    , -15225.9    , array([ 0.402001   ,  0.0835337  ,  0.524373   ])
1478    , -15214.5    , array([ 0.384095   ,  0.0835337  ,  0.524373   ])
1479    , -15868.8    , array([ 0.402001   ,  0.0737828  ,  0.524373   ])
1480    , -15004.5    , array([ 0.402001   ,  0.0835337  ,  0.507718   ])
1481    , -14469.8    , array([ 0.389973   ,  0.0945733  ,  0.51321    ])
1482    , -13924.9    , array([ 0.384095   ,  0.107072   ,  0.507718   ])
1483    , -14133.7    , array([ 0.378305   ,  0.0985684  ,  0.502285   ])
1484    , -13631.7    , array([ 0.391952   ,  0.110066   ,  0.488078   ])
1485    , -13351.7    , array([ 0.395941   ,  0.126343   ,  0.470884   ])
1486    , -13451.1    , array([ 0.370721   ,  0.145027   ,  0.479404   ])
likelihood = -13351.66
theta = 18919.7
Optimized parameters = [0.39594109 0.12634311 0.470884  ]

Round_3_Replicate_1
1487    , -32615.2    , array([ 0.459824   ,  0.0359579  ,  1.55184    ])
1488    , -33226      , array([ 0.442305   ,  0.0359579  ,  1.55184    ])
1489    , -33378.7    , array([ 0.459824   ,  0.0304497  ,  1.55184    ])
1490    , -32947.6    , array([ 0.459824   ,  0.0359579  ,  1.58631    ])
1491    , -32460.6    , array([ 0.448069   ,  0.0424624  ,  1.57474    ])
1492    , -31834.2    , array([ 0.442305   ,  0.0501435  ,  1.58631    ])
1493    , -31749.3    , array([ 0.465817   ,  0.0448822  ,  1.59797    ])
1494    , -30957.1    , array([ 0.478038   ,  0.0501435  ,  1.62155    ])
1495    , -30664.3    , array([ 0.459824   ,  0.0560215  ,  1.58631    ])
1496    , -29706.4    , array([ 0.459824   ,  0.0699254  ,  1.58631    ])
1497    , -29583.9    , array([ 0.459824   ,  0.0872801  ,  1.64548    ])
1498    , -28094.8    , array([ 0.459824   ,  0.13598    ,  1.6944     ])
1499    , -27407.9    , array([ 0.490579   ,  0.121713   ,  1.68203    ])
1500    , -25269.1    , array([ 0.516658   ,  0.189626   ,  1.73204    ])
1501    , -26027.7    , array([ 0.478038   ,  0.295432   ,  1.7194     ])
1502    , -28615.3    , array([ 0.510011   ,  0.553672   ,  1.85458    ])
1503    , -26028.8    , array([ 0.496973   ,  0.330064   ,  1.78353    ])
1504    , -26814      , array([ 0.537123   ,  0.514232   ,  1.79664    ])
1505    , -25557.6    , array([ 0.516658   ,  0.368755   ,  1.77052    ])
1506    , -24793.3    , array([ 0.510011   ,  0.228103   ,  1.69854    ])
1507    , -24587.6    , array([ 0.516658   ,  0.189626   ,  1.65758    ])
likelihood = -24587.61
theta = 12838.13
Optimized parameters = [0.51665808 0.18962557 1.6575757 ]

Round_3_Replicate_2
1508    , -20117.2    , array([ 1.09336    ,  0.360514   ,  1.71393    ])
1509    , -20134.8    , array([ 1.09825    ,  0.360514   ,  1.71393    ])
1510    , -20035.2    , array([ 1.09336    ,  0.342585   ,  1.71393    ])
1511    , -20116.5    , array([ 1.09336    ,  0.360514   ,  1.76073    ])
1512    , -20046.3    , array([ 1.08849    ,  0.34846    ,  1.74499    ])
1513    , -20030.7    , array([ 1.09011    ,  0.340649   ,  1.76601    ])
1514    , -20015.8    , array([ 1.08849    ,  0.331131   ,  1.79264    ])
1515    , -19964.4    , array([ 1.08687    ,  0.321878   ,  1.73977    ])
1516    , -19932.3    , array([ 1.08364    ,  0.304142   ,  1.72939    ])
1517    , -19959.1    , array([ 1.08849    ,  0.304142   ,  1.74499    ])
1518    , -20005.6    , array([ 1.08042    ,  0.285759   ,  1.79801    ])
1519    , -19979.3    , array([ 1.07989    ,  0.26798    ,  1.7225     ])
1520    , -19912.2    , array([ 1.08759    ,  0.297511   ,  1.66893    ])
1521    , -19915.1    , array([ 1.09119    ,  0.303568   ,  1.6079     ])
1522    , -20025.1    , array([ 1.0933     ,  0.340149   ,  1.70578    ])
1523    , -19940.4    , array([ 1.08322    ,  0.284442   ,  1.7183     ])
1524    , -19891.8    , array([ 1.08116    ,  0.28662    ,  1.66659    ])
1525    , -19865.8    , array([ 1.07751    ,  0.278241   ,  1.62872    ])
likelihood = -19865.78
theta = 9827.26
Optimized parameters = [1.07750894 0.2782409  1.62871568]

Round_3_Replicate_3
1526    , -18982.3    , array([ 0.622939   ,  0.0780596  ,  0.755026   ])
1527    , -18860.8    , array([ 0.60837    ,  0.0780596  ,  0.755026   ])
1528    , -19740      , array([ 0.622939   ,  0.0687144  ,  0.755026   ])
1529    , -18926.7    , array([ 0.622939   ,  0.0780596  ,  0.744492   ])
1530    , -18188.8    , array([ 0.613188   ,  0.0886758  ,  0.747987   ])
1531    , -17525      , array([ 0.60837    ,  0.100736   ,  0.744492   ])
1532    , -17863.3    , array([ 0.603589   ,  0.0925262  ,  0.741013   ])
1533    , -17296.2    , array([ 0.591025   ,  0.103631   ,  0.749155   ])
1534    , -16640.5    , array([ 0.575687   ,  0.119405   ,  0.751498   ])
1535    , -16128.5    , array([ 0.583305   ,  0.13758    ,  0.7364     ])
1536    , -15707.2    , array([ 0.571163   ,  0.182649   ,  0.727261   ])
1537    , -15725.8    , array([ 0.566675   ,  0.182649   ,  0.741013   ])
1538    , -16747.6    , array([ 0.536232   ,  0.249452   ,  0.735252   ])
1539    , -15779      , array([ 0.553422   ,  0.198855   ,  0.737551   ])
1540    , -18472.3    , array([ 0.551969   ,  0.295683   ,  0.719356   ])
1541    , -15889.3    , array([ 0.569663   ,  0.149787   ,  0.74333    ])
1542    , -16484.1    , array([ 0.557805   ,  0.235708   ,  0.727261   ])
1543    , -15709.9    , array([ 0.566675   ,  0.167764   ,  0.73928    ])
1544    , -15833.7    , array([ 0.583305   ,  0.158521   ,  0.734105   ])
1545    , -15709.8    , array([ 0.560746   ,  0.187899   ,  0.736688   ])
likelihood = -15707.2
theta = 15400.23
Optimized parameters = [0.57116313 0.18264917 0.72726058]

Round_3_Replicate_4
1546    , -23995.4    , array([ 0.444576   ,  0.331993   ,  1.32052    ])
1547    , -24695.7    , array([ 0.426917   ,  0.331993   ,  1.32052    ])
1548    , -23785.5    , array([ 0.444576   ,  0.314185   ,  1.32052    ])
1549    , -24173.8    , array([ 0.444576   ,  0.331993   ,  1.33901    ])
1550    , -23309.7    , array([ 0.462966   ,  0.320012   ,  1.33282    ])
1551    , -22684.1    , array([ 0.482116   ,  0.314185   ,  1.33901    ])
1552    , -22801.7    , array([ 0.469263   ,  0.308464   ,  1.31442    ])
1553    , -22271.4    , array([ 0.486478   ,  0.293712   ,  1.32871    ])
1554    , -21573.9    , array([ 0.508888   ,  0.27626    ,  1.33282    ])
1555    , -21096.5    , array([ 0.532329   ,  0.284852   ,  1.33694    ])
1556    , -20134.5    , array([ 0.582502   ,  0.271229   ,  1.34523    ])
1557    , -20263.2    , array([ 0.582502   ,  0.26629    ,  1.36406    ])
1558    , -19402.3    , array([ 0.643171   ,  0.234146   ,  1.35565    ])
1559    , -19034.1    , array([ 0.742871   ,  0.202133   ,  1.36406    ])
1560    , -18933.9    , array([ 0.784122   ,  0.216223   ,  1.38315    ])
1561    , -19727.1    , array([ 0.973341   ,  0.191291   ,  1.40903    ])
1562    , -19072.4    , array([ 0.835153   ,  0.195237   ,  1.36406    ])
1563    , -20962      , array([ 1.06189    ,  0.153956   ,  1.39603    ])
1564    , -19126      , array([ 0.67685    ,  0.235424   ,  1.35775    ])
likelihood = -18933.94
theta = 11815.29
Optimized parameters = [0.78412246 0.21622282 1.38315108]

Round_3_Replicate_5
1565    , -18929.4    , array([ 0.253006   ,  0.152459   ,  0.241456   ])
1566    , -18449.5    , array([ 0.236204   ,  0.152459   ,  0.241456   ])
1567    , -17054.9    , array([ 0.253006   ,  0.138774   ,  0.241456   ])
1568    , -20751      , array([ 0.253006   ,  0.152459   ,  0.224895   ])
1569    , -16023.4    , array([ 0.241677   ,  0.143194   ,  0.259236   ])
1570    , -14516.4    , array([ 0.236204   ,  0.138774   ,  0.278326   ])
1571    , -14544.9    , array([ 0.230856   ,  0.134492   ,  0.265449   ])
1572    , -13005.7    , array([ 0.24353    ,  0.123706   ,  0.282756   ])
1573    , -11885.5    , array([ 0.247277   ,  0.111432   ,  0.305984   ])
1574    , -12639.5    , array([ 0.223912   ,  0.117409   ,  0.33112    ])
1575    , -12331.1    , array([ 0.24045    ,  0.110659   ,  0.349014   ])
1576    , -13598.6    , array([ 0.237813   ,  0.0922193  ,  0.387076   ])
1577    , -12484.4    , array([ 0.23741    ,  0.102139   ,  0.35644    ])
1578    , -11797      , array([ 0.260853   ,  0.0993327  ,  0.341743   ])
1579    , -11904.6    , array([ 0.281549   ,  0.0913667  ,  0.347182   ])
1580    , -11950.9    , array([ 0.261961   ,  0.112081   ,  0.308679   ])
1581    , -11942.2    , array([ 0.273854   ,  0.104337   ,  0.290465   ])
likelihood = -11797.0
theta = 22407.06
Optimized parameters = [0.26085264 0.0993327  0.34174299]

Round_4_Replicate_1
1582    , -12419.7    , array([ 0.309894   ,  0.0913385  ,  0.377754   ])
1583    , -12399.5    , array([ 0.292263   ,  0.0913385  ,  0.377754   ])
1584    , -12842.2    , array([ 0.309894   ,  0.0810376  ,  0.377754   ])
1585    , -12208.2    , array([ 0.309894   ,  0.0913385  ,  0.359807   ])
1586    , -12054.4    , array([ 0.298026   ,  0.102949   ,  0.365693   ])
1587    , -12155.1    , array([ 0.292263   ,  0.116035   ,  0.359807   ])
1588    , -11966.4    , array([ 0.290367   ,  0.0989234  ,  0.357866   ])
1589    , -11850.8    , array([ 0.28107    ,  0.102949   ,  0.348319   ])
1590    , -11995.6    , array([ 0.299972   ,  0.107138   ,  0.339026   ])
1591    , -12192.3    , array([ 0.276834   ,  0.119162   ,  0.342095   ])
1592    , -11980      , array([ 0.284753   ,  0.111498   ,  0.34644    ])
1593    , -11961.1    , array([ 0.279247   ,  0.111498   ,  0.32467    ])
1594    , -11906      , array([ 0.264504   ,  0.110025   ,  0.34025    ])
1595    , -11709.4    , array([ 0.265271   ,  0.10479    ,  0.32899    ])
1596    , -11589.7    , array([ 0.256035   ,  0.101589   ,  0.320598   ])
1597    , -11956.5    , array([ 0.255296   ,  0.0984859  ,  0.348109   ])
1598    , -11810.6    , array([ 0.261084   ,  0.101589   ,  0.342095   ])
1599    , -11666.3    , array([ 0.267196   ,  0.094635   ,  0.333369   ])
1600    , -11511.9    , array([ 0.243104   ,  0.0956187  ,  0.316261   ])
1601    , -11403.8    , array([ 0.22609    ,  0.0921517  ,  0.301356   ])
1602    , -11231.5    , array([ 0.237772   ,  0.0908004  ,  0.295913   ])
1603    , -10981.6    , array([ 0.226909   ,  0.0858436  ,  0.275215   ])
1604    , -11106.6    , array([ 0.208349   ,  0.0913385  ,  0.267229   ])
1605    , -10746      , array([ 0.189517   ,  0.0792617  ,  0.24611    ])
1606    , -10478      , array([ 0.163051   ,  0.0700118  ,  0.215632   ])
1607    , -10309.1    , array([ 0.172595   ,  0.0727532  ,  0.209459   ])
1608    , -10026.9    , array([ 0.150801   ,  0.0646437  ,  0.174626   ])
likelihood = -10026.89
theta = 26207.04
Optimized parameters = [0.15080083 0.06464371 0.17462578]

Round_4_Replicate_2
1609    , -12141.6    , array([ 0.170998   ,  0.0935711  ,  0.2604     ])
1610    , -13111.6    , array([ 0.156545   ,  0.0935711  ,  0.2604     ])
1611    , -11808.6    , array([ 0.170998   ,  0.0831188  ,  0.2604     ])
1612    , -11779.6    , array([ 0.170998   ,  0.0935711  ,  0.243458   ])
1613    , -11033.3    , array([ 0.186785   ,  0.0864663  ,  0.248979   ])
1614    , -10720.3    , array([ 0.204029   ,  0.0831188  ,  0.243458   ])
1615    , -10621.6    , array([ 0.192364   ,  0.0799008  ,  0.238059   ])
1616    , -10491.5    , array([ 0.204029   ,  0.073834   ,  0.227618   ])
1617    , -11273.6    , array([ 0.216401   ,  0.0831188  ,  0.217634   ])
1618    , -11943.7    , array([ 0.253185   ,  0.0682277  ,  0.216013   ])
1619    , -10903.2    , array([ 0.188626   ,  0.0864663  ,  0.236286   ])
1620    , -11119.4    , array([ 0.182557   ,  0.0788561  ,  0.255261   ])
1621    , -10729.1    , array([ 0.190486   ,  0.0799008  ,  0.245285   ])
1622    , -10606.7    , array([ 0.210812   ,  0.0719158  ,  0.241043   ])
1623    , -10795.4    , array([ 0.223352   ,  0.0725496  ,  0.229516   ])
1624    , -10586.4    , array([ 0.198219   ,  0.077996   ,  0.241244   ])
1625    , -10536.3    , array([ 0.204548   ,  0.0668451  ,  0.229834   ])
1626    , -10401.4    , array([ 0.194026   ,  0.0735824  ,  0.224882   ])
1627    , -10375      , array([ 0.186141   ,  0.0744302  ,  0.217213   ])
1628    , -10388.5    , array([ 0.197883   ,  0.0657624  ,  0.209515   ])
1629    , -10534.1    , array([ 0.187571   ,  0.0759019  ,  0.206755   ])
1630    , -10409.7    , array([ 0.191678   ,  0.0735287  ,  0.212298   ])
1631    , -10210.5    , array([ 0.180381   ,  0.0685277  ,  0.199293   ])
1632    , -10109.4    , array([ 0.169605   ,  0.0660193  ,  0.186481   ])
1633    , -10089.6    , array([ 0.176965   ,  0.0640435  ,  0.195979   ])
1634    , -9988.27    , array([ 0.170037   ,  0.0597702  ,  0.188297   ])
1635    , -10106.7    , array([ 0.154932   ,  0.0671881  ,  0.184938   ])
likelihood = -9988.27
theta = 25758.9
Optimized parameters = [0.17003736 0.05977018 0.18829661]

Round_4_Replicate_3
1636    , -20773.5    , array([ 0.239276   ,  0.0764672  ,  0.54969    ])
1637    , -22195.6    , array([ 0.222764   ,  0.0764672  ,  0.54969    ])
1638    , -21394.2    , array([ 0.239276   ,  0.0672433  ,  0.54969    ])
1639    , -20145.6    , array([ 0.239276   ,  0.0764672  ,  0.533487   ])
1640    , -19568.5    , array([ 0.257013   ,  0.0701872  ,  0.538834   ])
1641    , -18614.2    , array([ 0.276064   ,  0.0672433  ,  0.533487   ])
1642    , -18219.5    , array([ 0.263212   ,  0.0798149  ,  0.528192   ])
1643    , -16851.5    , array([ 0.276064   ,  0.0869564  ,  0.517761   ])
1644    , -16636.6    , array([ 0.289543   ,  0.0764672  ,  0.507536   ])
1645    , -15425.7    , array([ 0.318507   ,  0.0764672  ,  0.487687   ])
1646    , -15216.6    , array([ 0.350369   ,  0.0764672  ,  0.492575   ])
1647    , -15267      , array([ 0.423974   ,  0.0764672  ,  0.473311   ])
1648    , -13743.1    , array([ 0.355981   ,  0.0947369  ,  0.467059   ])
1649    , -13379.8    , array([ 0.404237   ,  0.112449   ,  0.437015   ])
1650    , -14974.5    , array([ 0.459034   ,  0.0869564  ,  0.429811   ])
1651    , -15443.6    , array([ 0.507636   ,  0.107732   ,  0.419459   ])
1652    , -14353      , array([ 0.357872   ,  0.0833092  ,  0.469654   ])
1653    , -14756      , array([ 0.468037   ,  0.114066   ,  0.402311   ])
1654    , -12946.6    , array([ 0.361896   ,  0.120199   ,  0.441178   ])
1655    , -13259.1    , array([ 0.321332   ,  0.141319   ,  0.446973   ])
1656    , -15177.3    , array([ 0.29901    ,  0.0948873  ,  0.501222   ])
1657    , -13622.9    , array([ 0.418438   ,  0.108936   ,  0.425039   ])
1658    , -15369      , array([ 0.434017   ,  0.155354   ,  0.401711   ])
1659    , -13504.9    , array([ 0.375554   ,  0.0973533  ,  0.451661   ])
1660    , -13226.5    , array([ 0.34538    ,  0.11023    ,  0.462224   ])
1661    , -13091.4    , array([ 0.36392    ,  0.133994   ,  0.441736   ])
1662    , -13300.7    , array([ 0.315226   ,  0.130388   ,  0.459822   ])
1663    , -13041.6    , array([ 0.335448   ,  0.125651   ,  0.454011   ])
likelihood = -12946.61
theta = 19659.25
Optimized parameters = [0.36189627 0.12019901 0.44117767]

Round_4_Replicate_4
1664    , -14940.3    , array([ 0.426911   ,  0.0803025  ,  0.33993    ])
1665    , -14477.3    , array([ 0.409123   ,  0.0803025  ,  0.33993    ])
1666    , -15453.1    , array([ 0.426911   ,  0.070789   ,  0.33993    ])
1667    , -15169.3    , array([ 0.426911   ,  0.0803025  ,  0.322076   ])
1668    , -14537.6    , array([ 0.414968   ,  0.0910946  ,  0.32792    ])
1669    , -14105.7    , array([ 0.407193   ,  0.087345   ,  0.350272   ])
1670    , -13689.1    , array([ 0.397678   ,  0.0910946  ,  0.365283   ])
1671    , -13537.6    , array([ 0.388386   ,  0.0950051  ,  0.348179   ])
1672    , -13084      , array([ 0.370447   ,  0.103337   ,  0.352378   ])
1673    , -13132.7    , array([ 0.370447   ,  0.0910946  ,  0.378661   ])
1674    , -12643.2    , array([ 0.35167    ,  0.1124     ,  0.392528   ])
1675    , -12871      , array([ 0.326045   ,  0.132979   ,  0.421804   ])
1676    , -12445.1    , array([ 0.33332    ,  0.113986   ,  0.383228   ])
1677    , -12595      , array([ 0.305158   ,  0.127505   ,  0.392528   ])
1678    , -12988.4    , array([ 0.333495   ,  0.132359   ,  0.372656   ])
1679    , -12987.2    , array([ 0.310931   ,  0.137612   ,  0.415669   ])
1680    , -12703      , array([ 0.329624   ,  0.110262   ,  0.422742   ])
1681    , -13086.1    , array([ 0.367575   ,  0.0914894  ,  0.383284   ])
1682    , -12618.3    , array([ 0.324216   ,  0.124261   ,  0.407325   ])
1683    , -12842.7    , array([ 0.342928   ,  0.123654   ,  0.367652   ])
1684    , -12555.9    , array([ 0.3329     ,  0.113468   ,  0.40824    ])
1685    , -12576.3    , array([ 0.309887   ,  0.122069   ,  0.406448   ])
1686    , -12392.7    , array([ 0.326151   ,  0.109115   ,  0.391121   ])
1687    , -12375      , array([ 0.327122   ,  0.102249   ,  0.383262   ])
1688    , -12698.8    , array([ 0.353769   ,  0.098699   ,  0.376913   ])
1689    , -12447.7    , array([ 0.320319   ,  0.115753   ,  0.398854   ])
likelihood = -12375.02
theta = 20728.92
Optimized parameters = [0.32712216 0.10224852 0.38326228]

Round_4_Replicate_5
1690    , -20518.2    , array([ 0.161101   ,  0.136828   ,  0.38256    ])
1691    , -22997      , array([ 0.147046   ,  0.136828   ,  0.38256    ])
1692    , -20058.2    , array([ 0.161101   ,  0.123875   ,  0.38256    ])
1693    , -19621.5    , array([ 0.161101   ,  0.136828   ,  0.364615   ])
1694    , -17486.3    , array([ 0.1765     ,  0.12805    ,  0.370501   ])
1695    , -15432.1    , array([ 0.19337    ,  0.123875   ,  0.364615   ])
1696    , -16089.9    , array([ 0.181953   ,  0.119835   ,  0.358823   ])
1697    , -14699.7    , array([ 0.197333   ,  0.129473   ,  0.343822   ])
1698    , -13554.5    , array([ 0.218398   ,  0.132366   ,  0.325949   ])
1699    , -12198.9    , array([ 0.241712   ,  0.114654   ,  0.334766   ])
1700    , -11974.7    , array([ 0.296073   ,  0.104953   ,  0.320771   ])
1701    , -12666.4    , array([ 0.296073   ,  0.119835   ,  0.315675   ])
1702    , -15472.4    , array([ 0.370092   ,  0.113394   ,  0.282199   ])
1703    , -12870.2    , array([ 0.227441   ,  0.121167   ,  0.341991   ])
1704    , -12592.9    , array([ 0.336663   ,  0.100046   ,  0.325949   ])
1705    , -15414.9    , array([ 0.419882   ,  0.0961918  ,  0.300867   ])
1706    , -11996.3    , array([ 0.265114   ,  0.114373   ,  0.331211   ])
1707    , -11894.8    , array([ 0.299654   ,  0.0942819  ,  0.336558   ])
1708    , -12237.8    , array([ 0.30146    ,  0.0836277  ,  0.347512   ])
1709    , -11960.2    , array([ 0.24384    ,  0.10855    ,  0.332984   ])
1710    , -11801.4    , array([ 0.292853   ,  0.0917026  ,  0.328862   ])
1711    , -12198.5    , array([ 0.307792   ,  0.0821128  ,  0.327694   ])
1712    , -11926.2    , array([ 0.260326   ,  0.0913336  ,  0.345252   ])
1713    , -12776.5    , array([ 0.330181   ,  0.0787038  ,  0.340709   ])
1714    , -11699.3    , array([ 0.263037   ,  0.100166   ,  0.334899   ])
1715    , -12109.1    , array([ 0.311415   ,  0.0994774  ,  0.321999   ])
1716    , -11755.6    , array([ 0.272253   ,  0.0933048  ,  0.339286   ])
likelihood = -11699.27
theta = 22301.94
Optimized parameters = [0.26303727 0.10016644 0.33489853]

Round_1_Replicate_1
2598    , -22217.3    , array([ 0.786692   ,  0.52332    ,  1.72126    ])
2599    , -22291.5    , array([ 0.777311   ,  0.52332    ,  1.72126    ])
2600    , -21970.4    , array([ 0.786692   ,  0.506647   ,  1.72126    ])
2601    , -22287.7    , array([ 0.786692   ,  0.52332    ,  1.76863    ])
2602    , -22026.9    , array([ 0.796186   ,  0.512145   ,  1.7527     ])
2603    , -21860.3    , array([ 0.793008   ,  0.504827   ,  1.69549    ])
2604    , -21660.8    , array([ 0.796186   ,  0.495828   ,  1.66005    ])
likelihood = -21660.83
theta = 9955.19
Optimized parameters = [0.79618577 0.49582779 1.66005473]

Round_1_Replicate_2
2605    , -94036.5    , array([ 0.247165   ,  0.926674   ,  0.176575   ])
2606    , -91317.5    , array([ 0.230482   ,  0.926674   ,  0.176575   ])
2607    , -93928.4    , array([ 0.247165   ,  0.923152   ,  0.176575   ])
2608    , -99931.5    , array([ 0.247165   ,  0.926674   ,  0.161911   ])
2609    , -86855      , array([ 0.235914   ,  0.924325   ,  0.192567   ])
2610    , -81299.4    , array([ 0.230482   ,  0.923152   ,  0.210008   ])
2611    , -83686.7    , array([ 0.225175   ,  0.921981   ,  0.198214   ])
likelihood = -81299.37
theta = 14594.67
Optimized parameters = [0.2304821  0.92315241 0.21000809]

Round_1_Replicate_3
2612    , -302598     , array([ 3.26499    ,  6.28316    ,  0.257304   ])
2613    , -306376     , array([ 3.46399    ,  6.28316    ,  0.257304   ])
2614    , -305683     , array([ 3.26499    ,  6.8879     ,  0.257304   ])
2615    , -308327     , array([ 3.26499    ,  6.28316    ,  0.240419   ])
2616    , -301507     , array([ 3.39634    ,  6.68012    ,  0.275374   ])
2617    , -298048     , array([ 3.46399    ,  6.8879     ,  0.294714   ])
2618    , -297574     , array([ 3.20123    ,  7.10215    ,  0.281676   ])
2619    , -292741     , array([ 3.07743    ,  7.55085    ,  0.294714   ])
likelihood = -292740.93
theta = 8777.15
Optimized parameters = [3.07742913 7.5508535  0.29471428]

Round_1_Replicate_4
2620    , -64023      , array([ 0.312595   ,  0.271669   ,  6.89966    ])
2621    , -65573.8    , array([ 0.294938   ,  0.271669   ,  6.89966    ])
2622    , -64187.8    , array([ 0.312595   ,  0.254532   ,  6.89966    ])
2623    , -66508      , array([ 0.312595   ,  0.271669   ,  7.59922    ])
2624    , -62731.5    , array([ 0.30071    ,  0.26012    ,  6.2645     ])
2625    , -60909.3    , array([ 0.294938   ,  0.254532   ,  5.68781    ])
2626    , -60497.7    , array([ 0.318712   ,  0.249063   ,  6.06605    ])
2627    , -57969.6    , array([ 0.331308   ,  0.238476   ,  5.68781    ])
likelihood = -57969.64
theta = 6752.08
Optimized parameters = [0.33130847 0.23847555 5.68780676]

Round_1_Replicate_5
2628    , -38588.3    , array([ 0.706908   ,  1.23887    ,  4.7129     ])
2629    , -38975.7    , array([ 0.694754   ,  1.23887    ,  4.7129     ])
2630    , -38698.6    , array([ 0.706908   ,  1.25221    ,  4.7129     ])
2631    , -39481.7    , array([ 0.706908   ,  1.23887    ,  5.09275    ])
2632    , -38136.5    , array([ 0.698782   ,  1.24774    ,  4.36138    ])
2633    , -37624.3    , array([ 0.694754   ,  1.25221    ,  4.03607    ])
2634    , -37611.1    , array([ 0.711007   ,  1.25669    ,  4.25013    ])
2635    , -37029.4    , array([ 0.719275   ,  1.26569    ,  4.03607    ])
likelihood = -37029.4
theta = 5918.17
Optimized parameters = [0.71927507 1.26568982 4.03607343]

Round_1_Replicate_6
2636    , -46764.6    , array([ 2.76582    ,  4.85583    ,  5.66196    ])
2637    , -47193.7    , array([ 2.91015    ,  4.85583    ,  5.66196    ])
2638    , -48674.3    , array([ 2.76582    ,  5.25505    ,  5.66196    ])
2639    , -44593.4    , array([ 2.76582    ,  4.85583    ,  6.17469    ])
2640    , -43612.1    , array([ 2.86122    ,  4.48694    ,  5.99882    ])
2641    , -41171.8    , array([ 2.91015    ,  4.14608    ,  6.17469    ])
2642    , -41480.9    , array([ 2.71932    ,  4.37031    ,  6.35572    ])
likelihood = -41171.79
theta = 2652.88
Optimized parameters = [2.91014681 4.14607545 6.174694  ]

Round_1_Replicate_7
2643    , -73806.1    , array([ 0.207722   ,  1.39692    ,  0.319673   ])
2644    , -73753.8    , array([ 0.192025   ,  1.39692    ,  0.319673   ])
2645    , -74175.7    , array([ 0.207722   ,  1.42046    ,  0.319673   ])
2646    , -75327      , array([ 0.207722   ,  1.39692    ,  0.301955   ])
2647    , -72738.6    , array([ 0.197121   ,  1.41257    ,  0.338432   ])
2648    , -71900.4    , array([ 0.192025   ,  1.42046    ,  0.358291   ])
2649    , -72242.7    , array([ 0.187061   ,  1.38916    ,  0.344926   ])
likelihood = -71900.42
theta = 13228.05
Optimized parameters = [0.19202492 1.42046357 0.35829083]

Round_1_Replicate_8
2650    , -59467.2    , array([ 0.177803   ,  0.59836    ,  0.237675   ])
2651    , -59383.5    , array([ 0.163093   ,  0.59836    ,  0.237675   ])
2652    , -58682.9    , array([ 0.177803   ,  0.583191   ,  0.237675   ])
2653    , -61899      , array([ 0.177803   ,  0.59836    ,  0.221199   ])
2654    , -56891.4    , array([ 0.167856   ,  0.588204   ,  0.255379   ])
2655    , -55142.3    , array([ 0.163093   ,  0.583191   ,  0.274401   ])
2656    , -56134.8    , array([ 0.158465   ,  0.578221   ,  0.261568   ])
likelihood = -55142.32
theta = 16662.63
Optimized parameters = [0.16309292 0.58319132 0.27440103]

Round_1_Replicate_9
2657    , -45471.3    , array([ 0.727987   ,  0.199683   ,  7.36078    ])
2658    , -45829      , array([ 0.716522   ,  0.199683   ,  7.36078    ])
2659    , -45762.3    , array([ 0.727987   ,  0.184229   ,  7.36078    ])
2660    , -47819.5    , array([ 0.727987   ,  0.199683   ,  8.13336    ])
2661    , -43636.6    , array([ 0.720324   ,  0.189242   ,  6.66158    ])
2662    , -41661.1    , array([ 0.716522   ,  0.184229   ,  6.0288     ])
2663    , -42750.4    , array([ 0.731849   ,  0.179348   ,  6.4436     ])
likelihood = -41661.08
theta = 5961.22
Optimized parameters = [0.71652233 0.1842287  6.02880485]

Round_1_Replicate_10
2664    , -99203.8    , array([ 2.83458    ,  7.79813    ,  2.3877     ])
2665    , -102100     , array([ 2.98616    ,  7.79813    ,  2.3877     ])
2666    , -101635     , array([ 2.83458    ,  8.64151    ,  2.3877     ])
2667    , -96368.1    , array([ 2.83458    ,  7.79813    ,  2.49389    ])
2668    , -96171.7    , array([ 2.69069    ,  8.35071    ,  2.45798    ])
2669    , -93414      , array([ 2.55411    ,  8.64151    ,  2.49389    ])
2670    , -91165.4    , array([ 2.64437    ,  7.5357     ,  2.53033    ])
2671    , -86256.4    , array([ 2.55411    ,  7.03705    ,  2.60482    ])
likelihood = -86256.39
theta = 3473.04
Optimized parameters = [2.55410792 7.03705345 2.60481532]

Round_2_Replicate_1
2672    , -43959.8    , array([ 1.55222    ,  0.452957   ,  0.66828    ])
2673    , -44400.6    , array([ 1.58673    ,  0.452957   ,  0.66828    ])
2674    , -42734      , array([ 1.55222    ,  0.435371   ,  0.66828    ])
2675    , -44729.8    , array([ 1.55222    ,  0.452957   ,  0.654947   ])
2676    , -42693      , array([ 1.57514    ,  0.441156   ,  0.681884   ])
2677    , -41733.9    , array([ 1.58673    ,  0.435371   ,  0.695765   ])
2678    , -41247.1    , array([ 1.54089    ,  0.429663   ,  0.68648    ])
2679    , -39767.6    , array([ 1.51847    ,  0.418469   ,  0.695765   ])
2680    , -39047.2    , array([ 1.55222    ,  0.407566   ,  0.705175   ])
2681    , -36927.6    , array([ 1.55222    ,  0.386606   ,  0.72438    ])
2682    , -36468.4    , array([ 1.55222    ,  0.391743   ,  0.744108   ])
2683    , -33936.3    , array([ 1.55222    ,  0.371596   ,  0.78519    ])
likelihood = -33936.32
theta = 10065.15
Optimized parameters = [1.55222378 0.37159629 0.78519024]

Round_2_Replicate_2
2684    , -54599.9    , array([ 0.410824   ,  1.86899    ,  1.38672    ])
2685    , -55421.5    , array([ 0.392951   ,  1.86899    ,  1.38672    ])
2686    , -55314.4    , array([ 0.410824   ,  1.92836    ,  1.38672    ])
2687    , -54534.4    , array([ 0.410824   ,  1.86899    ,  1.40958    ])
2688    , -54253.7    , array([ 0.42951    ,  1.90836    ,  1.40192    ])
2689    , -53737.1    , array([ 0.449045   ,  1.92836    ,  1.40958    ])
2690    , -53230.4    , array([ 0.435925   ,  1.84961    ,  1.41728    ])
2691    , -52200.5    , array([ 0.449045   ,  1.81145    ,  1.43281    ])
2692    , -52390.8    , array([ 0.46256    ,  1.86899    ,  1.44851    ])
2693    , -51230.2    , array([ 0.500622   ,  1.86899    ,  1.45114    ])
2694    , -49919.1    , array([ 0.552634   ,  1.86899    ,  1.47238    ])
likelihood = -49919.14
theta = 7924.17
Optimized parameters = [0.55263353 1.8689921  1.47238414]

Round_2_Replicate_3
2695    , -33856.8    , array([ 2.05204    ,  0.415959   ,  1.08218    ])
2696    , -34483.8    , array([ 2.12713    ,  0.415959   ,  1.08218    ])
2697    , -33254.2    , array([ 2.05204    ,  0.39811    ,  1.08218    ])
2698    , -33782.7    , array([ 2.05204    ,  0.415959   ,  1.08646    ])
2699    , -32777.9    , array([ 1.97959    ,  0.403973   ,  1.08503    ])
2700    , -31941.6    , array([ 1.90971    ,  0.39811    ,  1.08646    ])
2701    , -32148.9    , array([ 1.95602    ,  0.392332   ,  1.08789    ])
2702    , -31189.9    , array([ 1.89452    ,  0.377331   ,  1.08455    ])
2703    , -30009.2    , array([ 1.82035    ,  0.359384   ,  1.0836     ])
2704    , -29496.6    , array([ 1.74908    ,  0.368248   ,  1.0898     ])
2705    , -27744.7    , array([ 1.61482    ,  0.354168   ,  1.09363    ])
likelihood = -27744.7
theta = 9271.96
Optimized parameters = [1.61481798 0.35416814 1.09363365]

Round_2_Replicate_4
2706    , -43425.4    , array([ 0.360647   ,  0.587863   ,  3.15592    ])
2707    , -44719.6    , array([ 0.342717   ,  0.587863   ,  3.15592    ])
2708    , -43297.7    , array([ 0.360647   ,  0.572453   ,  3.15592    ])
2709    , -44393.4    , array([ 0.360647   ,  0.587863   ,  3.34258    ])
2710    , -42707.8    , array([ 0.379514   ,  0.577544   ,  3.27916    ])
2711    , -41734.4    , array([ 0.399369   ,  0.572453   ,  3.34258    ])
2712    , -41248.8    , array([ 0.38602    ,  0.567406   ,  3.09604    ])
2713    , -39724      , array([ 0.399369   ,  0.557447   ,  2.97968    ])
2714    , -39767.7    , array([ 0.413179   ,  0.547662   ,  3.15592    ])
2715    , -37623.8    , array([ 0.452385   ,  0.546048   ,  3.15592    ])
2716    , -34997.4    , array([ 0.506666   ,  0.533306   ,  3.15592    ])
likelihood = -34997.4
theta = 8487.58
Optimized parameters = [0.50666553 0.53330592 3.15591754]

Round_2_Replicate_5
2717    , -37043.2    , array([ 1.18089    ,  0.306686   ,  0.508553   ])
2718    , -37200.4    , array([ 1.19074    ,  0.306686   ,  0.508553   ])
2719    , -35538.9    , array([ 1.18089    ,  0.289087   ,  0.508553   ])
2720    , -38203.1    , array([ 1.18089    ,  0.306686   ,  0.491647   ])
2721    , -35067.4    , array([ 1.18745    ,  0.294838   ,  0.526041   ])
2722    , -33660.8    , array([ 1.19074    ,  0.289087   ,  0.54413    ])
2723    , -33671.6    , array([ 1.17762    ,  0.283448   ,  0.532003   ])
2724    , -31875.8    , array([ 1.18526    ,  0.268943   ,  0.548234   ])
2725    , -29842.2    , array([ 1.18745    ,  0.251851   ,  0.56922    ])
2726    , -29564.6    , array([ 1.18964    ,  0.260257   ,  0.59101    ])
2727    , -27396.7    , array([ 1.19405    ,  0.246938   ,  0.637124   ])
likelihood = -27396.67
theta = 11880.8
Optimized parameters = [1.19404783 0.2469381  0.63712436]

Round_2_Replicate_6
2728    , -46760.4    , array([ 0.245487   ,  0.640878   ,  1.8438     ])
2729    , -48602.9    , array([ 0.228839   ,  0.640878   ,  1.8438     ])
2730    , -46491.8    , array([ 0.245487   ,  0.626779   ,  1.8438     ])
2731    , -47072.2    , array([ 0.245487   ,  0.640878   ,  1.90108    ])
2732    , -44980.7    , array([ 0.263347   ,  0.631444   ,  1.88179    ])
2733    , -43225.2    , array([ 0.282505   ,  0.626779   ,  1.90108    ])
2734    , -43904.5    , array([ 0.269584   ,  0.622148   ,  1.8251     ])
2735    , -42356.7    , array([ 0.286948   ,  0.609966   ,  1.86904    ])
2736    , -40246.6    , array([ 0.310235   ,  0.595074   ,  1.88179    ])
2737    , -38577.8    , array([ 0.335412   ,  0.602474   ,  1.89463    ])
2738    , -34932.3    , array([ 0.39206    ,  0.590678   ,  1.92056    ])
likelihood = -34932.26
theta = 10818.17
Optimized parameters = [0.39206015 0.59067804 1.92056474]

Round_2_Replicate_7
2739    , -68503.7    , array([ 0.239674   ,  0.244347   ,  6.15418    ])
2740    , -70441.6    , array([ 0.223152   ,  0.244347   ,  6.15418    ])
2741    , -68683.7    , array([ 0.239674   ,  0.227723   ,  6.15418    ])
2742    , -70839.9    , array([ 0.239674   ,  0.244347   ,  6.73952    ])
2743    , -67618.4    , array([ 0.228529   ,  0.233135   ,  5.61968    ])
2744    , -66078.4    , array([ 0.223152   ,  0.227723   ,  5.1316     ])
2745    , -65060.7    , array([ 0.245448   ,  0.222437   ,  5.45204    ])
2746    , -62424.9    , array([ 0.257418   ,  0.21223    ,  5.1316     ])
2747    , -62702.6    , array([ 0.239674   ,  0.227723   ,  4.83       ])
2748    , -58996.5    , array([ 0.239674   ,  0.202492   ,  4.1096     ])
2749    , -54579.9    , array([ 0.239674   ,  0.184335   ,  3.35825    ])
likelihood = -54579.9
theta = 10152.95
Optimized parameters = [0.23967363 0.18433501 3.35825338]

Round_2_Replicate_8
2750    , -17893.2    , array([ 0.682577   ,  0.275932   ,  1.0872     ])
2751    , -17902.3    , array([ 0.669667   ,  0.275932   ,  1.0872     ])
2752    , -17740.3    , array([ 0.682577   ,  0.258728   ,  1.0872     ])
2753    , -17906.6    , array([ 0.682577   ,  0.275932   ,  1.09176    ])
2754    , -17772.3    , array([ 0.673943   ,  0.26434    ,  1.08267    ])
2755    , -17716.8    , array([ 0.689856   ,  0.256884   ,  1.08418    ])
2756    , -17663.7    , array([ 0.700177   ,  0.247858   ,  1.08267    ])
2757    , -17612.4    , array([ 0.688394   ,  0.23915    ,  1.08116    ])
2758    , -17574.6    , array([ 0.691321   ,  0.22264    ,  1.07815    ])
2759    , -17614.3    , array([ 0.709147   ,  0.22264    ,  1.08267    ])
likelihood = -17574.61
theta = 13120.32
Optimized parameters = [0.69132118 0.22264    1.07815175]

Round_2_Replicate_9
2760    , -36162.9    , array([ 0.958042   ,  0.885049   ,  1.14647    ])
2761    , -36137.2    , array([ 0.955991   ,  0.885049   ,  1.14647    ])
2762    , -36000.9    , array([ 0.958042   ,  0.879661   ,  1.14647    ])
2763    , -35978.6    , array([ 0.958042   ,  0.885049   ,  1.15433    ])
2764    , -35915.3    , array([ 0.956674   ,  0.881454   ,  1.1517     ])
2765    , -35792.5    , array([ 0.955991   ,  0.879661   ,  1.15433    ])
2766    , -35711.8    , array([ 0.958726   ,  0.877873   ,  1.15696    ])
2767    , -35501.5    , array([ 0.960097   ,  0.874307   ,  1.16224    ])
2768    , -35516.5    , array([ 0.958042   ,  0.879661   ,  1.16755    ])
2769    , -35232.3    , array([ 0.958042   ,  0.870755   ,  1.16844    ])
2770    , -34866.3    , array([ 0.958042   ,  0.863695   ,  1.17556    ])
likelihood = -34866.3
theta = 9120.62
Optimized parameters = [0.95804168 0.8636954  1.17555693]

Round_2_Replicate_10
2771    , -26322.6    , array([ 1.2497     ,  0.207936   ,  0.644711   ])
2772    , -26503.4    , array([ 1.26371    ,  0.207936   ,  0.644711   ])
2773    , -25841.4    , array([ 1.2497     ,  0.192232   ,  0.644711   ])
2774    , -26620.3    , array([ 1.2497     ,  0.207936   ,  0.630715   ])
2775    , -25844.7    , array([ 1.25902    ,  0.19733    ,  0.659017   ])
2776    , -25535.4    , array([ 1.24199    ,  0.190562   ,  0.654213   ])
2777    , -25144.6    , array([ 1.23127    ,  0.182428   ,  0.659017   ])
2778    , -25102.2    , array([ 1.24353    ,  0.17464    ,  0.663856   ])
2779    , -24814.5    , array([ 1.24045    ,  0.160048   ,  0.673641   ])
2780    , -24747.7    , array([ 1.22215    ,  0.160048   ,  0.659017   ])
2781    , -24519.8    , array([ 1.20413    ,  0.144139   ,  0.659017   ])
likelihood = -24519.79
theta = 12375.6
Optimized parameters = [1.20412642 0.14413855 0.65901719]

Round_3_Replicate_1
2782    , -28422      , array([ 0.395618   ,  0.0661591  ,  1.22117    ])
2783    , -29199.4    , array([ 0.377694   ,  0.0661591  ,  1.22117    ])
2784    , -28910.2    , array([ 0.395618   ,  0.057759   ,  1.22117    ])
2785    , -28589.7    , array([ 0.395618   ,  0.0661591  ,  1.23343    ])
2786    , -28156.2    , array([ 0.414393   ,  0.0604333  ,  1.22933    ])
2787    , -27634.7    , array([ 0.434058   ,  0.057759   ,  1.23343    ])
2788    , -27449.6    , array([ 0.420847   ,  0.0692224  ,  1.23755    ])
2789    , -26638.1    , array([ 0.434058   ,  0.075781   ,  1.24582    ])
2790    , -26742.4    , array([ 0.447685   ,  0.0661591  ,  1.23343    ])
2791    , -25954.9    , array([ 0.48615    ,  0.0661591  ,  1.25414    ])
2792    , -25072.7    , array([ 0.538911   ,  0.0661591  ,  1.27096    ])
2793    , -24365.7    , array([ 0.511851   ,  0.082961   ,  1.26673    ])
2794    , -22760.7    , array([ 0.555829   ,  0.0994263  ,  1.28372    ])
2795    , -22946.9    , array([ 0.573278   ,  0.0950265  ,  1.30093    ])
2796    , -21999.2    , array([ 0.711761   ,  0.096471   ,  1.32572    ])
2797    , -21771.5    , array([ 0.911439   ,  0.108847   ,  1.36757    ])
2798    , -19745.1    , array([ 0.813778   ,  0.153999   ,  1.36454    ])
2799    , -19473.1    , array([ 1          ,  0.234953   ,  1.41388    ])
2800    , -20515.8    , array([ 1.10853    ,  0.196044   ,  1.40918    ])
likelihood = -19473.06
theta = 10695.54
Optimized parameters = [1.         0.23495314 1.41387717]

Round_3_Replicate_2
2801    , -26780.3    , array([ 1.27146    ,  0.740619   ,  1.72334    ])
2802    , -26884.1    , array([ 1.28682    ,  0.740619   ,  1.72334    ])
2803    , -26551.7    , array([ 1.27146    ,  0.729583   ,  1.72334    ])
2804    , -26392.3    , array([ 1.27146    ,  0.740619   ,  1.77088    ])
2805    , -26275.2    , array([ 1.25629    ,  0.733243   ,  1.75489    ])
2806    , -25992.2    , array([ 1.24129    ,  0.729583   ,  1.77088    ])
2807    , -25861.6    , array([ 1.25127    ,  0.725941   ,  1.78702    ])
2808    , -25445.6    , array([ 1.24129    ,  0.718711   ,  1.81973    ])
2809    , -25388.5    , array([ 1.23139    ,  0.729583   ,  1.85305    ])
2810    , -24918.7    , array([ 1.21183    ,  0.729583   ,  1.92152    ])
2811    , -24619.9    , array([ 1.19259    ,  0.711553   ,  1.90417    ])
2812    , -23974.6    , array([ 1.155      ,  0.697451   ,  1.97453    ])
2813    , -23802      , array([ 1.16428    ,  0.70095    ,  2.04749    ])
2814    , -23226.2    , array([ 1.12759    ,  0.687058   ,  2.2016     ])
2815    , -23239.9    , array([ 1.09206    ,  0.690505   ,  2.26233    ])
2816    , -22939.6    , array([ 1.04362    ,  0.655705   ,  2.38887    ])
2817    , -23403.1    , array([ 0.968485   ,  0.62162    ,  2.66359    ])
2818    , -23272.4    , array([ 1.0234     ,  0.658262   ,  2.63954    ])
2819    , -23045.4    , array([ 1.05482    ,  0.667848   ,  2.45477    ])
2820    , -22834.9    , array([ 1.05764    ,  0.650258   ,  2.43261    ])
2821    , -22781      , array([ 1.04084    ,  0.631023   ,  2.52249    ])
likelihood = -22781.03
theta = 7670.78
Optimized parameters = [1.04083997 0.63102338 2.52249415]

Round_3_Replicate_3
2822    , -67519.3    , array([ 0.591215   ,  0.470128   ,  0.283151   ])
2823    , -66694.9    , array([ 0.575881   ,  0.470128   ,  0.283151   ])
2824    , -65750.2    , array([ 0.591215   ,  0.452717   ,  0.283151   ])
2825    , -71936.8    , array([ 0.591215   ,  0.470128   ,  0.265839   ])
2826    , -61654.2    , array([ 0.580948   ,  0.458448   ,  0.30159    ])
2827    , -56937.3    , array([ 0.575881   ,  0.452717   ,  0.32123    ])
2828    , -58711.9    , array([ 0.570859   ,  0.447058   ,  0.307999   ])
2829    , -54456.4    , array([ 0.582647   ,  0.432311   ,  0.325765   ])
2830    , -48958.7    , array([ 0.586059   ,  0.414558   ,  0.34942    ])
2831    , -45272.4    , array([ 0.56423    ,  0.423342   ,  0.374793   ])
2832    , -37325.4    , array([ 0.551203   ,  0.409376   ,  0.4312     ])
2833    , -37550.2    , array([ 0.570859   ,  0.404259   ,  0.4312     ])
2834    , -29236.3    , array([ 0.562585   ,  0.370184   ,  0.5031     ])
2835    , -21796      , array([ 0.556053   ,  0.334745   ,  0.629612   ])
2836    , -21226.6    , array([ 0.533781   ,  0.350546   ,  0.684866   ])
2837    , -19203.7    , array([ 0.509417   ,  0.322348   ,  0.958813   ])
2838    , -18849.4    , array([ 0.507932   ,  0.309111   ,  0.945465   ])
2839    , -23040.5    , array([ 0.479119   ,  0.270297   ,  1.4        ])
2840    , -24205.7    , array([ 0.49814    ,  0.253112   ,  1.59572    ])
2841    , -19923.9    , array([ 0.510907   ,  0.28544    ,  1.1505     ])
likelihood = -18849.4
theta = 14207.87
Optimized parameters = [0.50793178 0.30911092 0.94546452]

Round_3_Replicate_4
2842    , -36241.8    , array([ 0.221839   ,  0.450562   ,  0.721467   ])
2843    , -38282.8    , array([ 0.20575    ,  0.450562   ,  0.721467   ])
2844    , -35485.7    , array([ 0.221839   ,  0.432955   ,  0.721467   ])
2845    , -36138.1    , array([ 0.221839   ,  0.450562   ,  0.709786   ])
2846    , -33748.4    , array([ 0.239186   ,  0.438746   ,  0.713658   ])
2847    , -31703.6    , array([ 0.25789    ,  0.432955   ,  0.709786   ])
2848    , -32575.3    , array([ 0.245265   ,  0.42724    ,  0.705934   ])
2849    , -30459.3    , array([ 0.262241   ,  0.412366   ,  0.714954   ])
2850    , -27952.6    , array([ 0.285123   ,  0.3945     ,  0.717552   ])
2851    , -26785.6    , array([ 0.310001   ,  0.403334   ,  0.700831   ])
2852    , -24003.8    , array([ 0.366459   ,  0.389293   ,  0.690736   ])
2853    , -23715.3    , array([ 0.366459   ,  0.384154   ,  0.705934   ])
2854    , -21502.9    , array([ 0.44794    ,  0.36427    ,  0.705934   ])
2855    , -20270.3    , array([ 0.503598   ,  0.337848   ,  0.699561   ])
2856    , -20643.5    , array([ 0.703735   ,  0.298443   ,  0.694504   ])
2857    , -22077.5    , array([ 0.665561   ,  0.334375   ,  0.680374   ])
2858    , -21914.7    , array([ 0.770849   ,  0.306179   ,  0.699702   ])
2859    , -20006.7    , array([ 0.468088   ,  0.336135   ,  0.723748   ])
2860    , -21003.2    , array([ 0.392552   ,  0.337018   ,  0.746461   ])
likelihood = -20006.68
theta = 14878.08
Optimized parameters = [0.46808829 0.3361347  0.72374816]

Round_3_Replicate_5
2861    , -27405.8    , array([ 0.472563   ,  0.561062   ,  0.944068   ])
2862    , -27740.3    , array([ 0.455179   ,  0.561062   ,  0.944068   ])
2863    , -26849.5    , array([ 0.472563   ,  0.545081   ,  0.944068   ])
2864    , -27420.6    , array([ 0.472563   ,  0.561062   ,  0.941355   ])
2865    , -26757.8    , array([ 0.49061    ,  0.550357   ,  0.942259   ])
2866    , -26343.5    , array([ 0.509347   ,  0.545081   ,  0.941355   ])
2867    , -26288.7    , array([ 0.496778   ,  0.539856   ,  0.944974   ])
2868    , -25761.3    , array([ 0.509347   ,  0.529556   ,  0.946789   ])
2869    , -25289.8    , array([ 0.522234   ,  0.519452   ,  0.944068   ])
2870    , -24393.4    , array([ 0.548994   ,  0.499819   ,  0.944068   ])
2871    , -24445      , array([ 0.577126   ,  0.504656   ,  0.944068   ])
2872    , -23502.3    , array([ 0.581952   ,  0.479386   ,  0.948607   ])
2873    , -22405.7    , array([ 0.622049   ,  0.449571   ,  0.952254   ])
2874    , -22314.4    , array([ 0.664908   ,  0.442411   ,  0.946789   ])
2875    , -21629.8    , array([ 0.759688   ,  0.404374   ,  0.946789   ])
2876    , -21060.2    , array([ 0.704825   ,  0.400498   ,  0.951341   ])
2877    , -20214.8    , array([ 0.778909   ,  0.356781   ,  0.954998   ])
2878    , -20849.4    , array([ 0.935542   ,  0.32298    ,  0.95867    ])
2879    , -21817.1    , array([ 1.08384    ,  0.288033   ,  0.954693   ])
2880    , -20956.9    , array([ 0.943366   ,  0.321945   ,  0.954083   ])
likelihood = -20214.78
theta = 12089.03
Optimized parameters = [0.77890859 0.35678129 0.9549985 ]

Round_4_Replicate_1
2881    , -21000.6    , array([ 0.422413   ,  0.231514   ,  1.06988    ])
2882    , -21656.1    , array([ 0.404599   ,  0.231514   ,  1.06988    ])
2883    , -20952.9    , array([ 0.422413   ,  0.215182   ,  1.06988    ])
2884    , -21048.9    , array([ 0.422413   ,  0.231514   ,  1.0735     ])
2885    , -20395.2    , array([ 0.441012   ,  0.220494   ,  1.07229    ])
2886    , -19859.7    , array([ 0.46043    ,  0.215182   ,  1.0735     ])
2887    , -20153.4    , array([ 0.447392   ,  0.209999   ,  1.06868    ])
2888    , -19752.9    , array([ 0.46486    ,  0.196777   ,  1.07149    ])
2889    , -19341.1    , array([ 0.487657   ,  0.181415   ,  1.07229    ])
2890    , -18853.9    , array([ 0.511572   ,  0.18894    ,  1.0731     ])
2891    , -18303.2    , array([ 0.562978   ,  0.177045   ,  1.07471    ])
2892    , -18384.4    , array([ 0.562978   ,  0.17278    ,  1.07835    ])
2893    , -18422.2    , array([ 0.625511   ,  0.145667   ,  1.07673    ])
2894    , -18322.8    , array([ 0.697211   ,  0.149263   ,  1.08091    ])
2895    , -18050      , array([ 0.584337   ,  0.18894    ,  1.07925    ])
2896    , -18120.5    , array([ 0.564778   ,  0.215182   ,  1.08051    ])
2897    , -17944.7    , array([ 0.665561   ,  0.169075   ,  1.07823    ])
2898    , -18042.4    , array([ 0.723663   ,  0.167253   ,  1.07817    ])
2899    , -18620.2    , array([ 0.521032   ,  0.212671   ,  1.07389    ])
2900    , -18060      , array([ 0.648245   ,  0.163076   ,  1.07915    ])
2901    , -17994      , array([ 0.708874   ,  0.169738   ,  1.08306    ])
2902    , -17750.9    , array([ 0.653443   ,  0.189263   ,  1.0812     ])
2903    , -17657.6    , array([ 0.656057   ,  0.203893   ,  1.08222    ])
2904    , -18236.8    , array([ 0.783073   ,  0.171863   ,  1.08309    ])
2905    , -17850.4    , array([ 0.628707   ,  0.184518   ,  1.08021    ])
2906    , -17871.9    , array([ 0.595868   ,  0.202256   ,  1.07739    ])
likelihood = -17657.57
theta = 13473.65
Optimized parameters = [0.65605725 0.20389344 1.08222343]

Round_4_Replicate_2
2907    , -29224.9    , array([ 0.73991    ,  0.4141     ,  0.636718   ])
2908    , -29005.1    , array([ 0.728849   ,  0.4141     ,  0.636718   ])
2909    , -28169.8    , array([ 0.73991    ,  0.396242   ,  0.636718   ])
2910    , -29861.2    , array([ 0.73991    ,  0.4141     ,  0.622507   ])
2911    , -27783      , array([ 0.732518   ,  0.402108   ,  0.651253   ])
2912    , -26826      , array([ 0.728849   ,  0.396242   ,  0.66612    ])
2913    , -26797.7    , array([ 0.725199   ,  0.390462   ,  0.656172   ])
2914    , -25688.8    , array([ 0.717954   ,  0.379154   ,  0.66612    ])
2915    , -24956.6    , array([ 0.728849   ,  0.368174   ,  0.676219   ])
2916    , -23279      , array([ 0.728849   ,  0.347158   ,  0.69688    ])
2917    , -22724.2    , array([ 0.710781   ,  0.352296   ,  0.718171   ])
2918    , -20767.4    , array([ 0.69665    ,  0.332186   ,  0.762726   ])
2919    , -20223.3    , array([ 0.700156   ,  0.313224   ,  0.751334   ])
2920    , -18324.4    , array([ 0.686236   ,  0.278486   ,  0.797946   ])
2921    , -17755.6    , array([ 0.68969    ,  0.266476   ,  0.84745    ])
2922    , -17079.6    , array([ 0.675978   ,  0.223398   ,  0.955861   ])
2923    , -17183.7    , array([ 0.646114   ,  0.216928   ,  1          ])
2924    , -18065.3    , array([ 0.642879   ,  0.170641   ,  1.09449    ])
2925    , -20088.3    , array([ 0.624847   ,  0.146842   ,  1.29151    ])
2926    , -17054.8    , array([ 0.670345   ,  0.237309   ,  0.900025   ])
2927    , -18700.6    , array([ 0.685853   ,  0.298577   ,  0.826461   ])
2928    , -17336.4    , array([ 0.653363   ,  0.196258   ,  1.02027    ])
2929    , -17411.3    , array([ 0.674848   ,  0.259605   ,  0.886583   ])
2930    , -17119.2    , array([ 0.658669   ,  0.210474   ,  0.985065   ])
2931    , -17095.2    , array([ 0.691231   ,  0.230186   ,  0.895521   ])
2932    , -17519.5    , array([ 0.700221   ,  0.251835   ,  0.853136   ])
2933    , -17023.8    , array([ 0.66882    ,  0.220129   ,  0.950284   ])
2934    , -17095.8    , array([ 0.652736   ,  0.223513   ,  0.97632    ])
2935    , -17043.1    , array([ 0.681399   ,  0.228499   ,  0.915072   ])
likelihood = -17023.85
theta = 13648.22
Optimized parameters = [0.66882018 0.22012941 0.95028374]

Round_4_Replicate_3
2936    , -16812.7    , array([ 0.355894   ,  0.223798   ,  0.615396   ])
2937    , -17262.6    , array([ 0.337977   ,  0.223798   ,  0.615396   ])
2938    , -16290.9    , array([ 0.355894   ,  0.207658   ,  0.615396   ])
2939    , -16699.3    , array([ 0.355894   ,  0.223798   ,  0.600637   ])
2940    , -16028.2    , array([ 0.374761   ,  0.212904   ,  0.605517   ])
2941    , -15605.7    , array([ 0.394629   ,  0.207658   ,  0.600637   ])
2942    , -15551.7    , array([ 0.38127    ,  0.202541   ,  0.595797   ])
2943    , -15086.7    , array([ 0.394629   ,  0.192682   ,  0.586233   ])
2944    , -14866.7    , array([ 0.408456   ,  0.183303   ,  0.600637   ])
2945    , -14520.4    , array([ 0.437579   ,  0.165892   ,  0.600637   ])
2946    , -14607.6    , array([ 0.46878    ,  0.170084   ,  0.576822   ])
2947    , -14424.5    , array([ 0.474192   ,  0.148892   ,  0.575268   ])
2948    , -14979.6    , array([ 0.5198     ,  0.126076   ,  0.562989   ])
2949    , -15105.7    , array([ 0.535958   ,  0.135124   ,  0.582031   ])
2950    , -14590.4    , array([ 0.426014   ,  0.176325   ,  0.58518    ])
2951    , -14433.7    , array([ 0.423306   ,  0.1568     ,  0.597227   ])
2952    , -14501.2    , array([ 0.463823   ,  0.139867   ,  0.59675    ])
2953    , -14473.8    , array([ 0.469444   ,  0.132677   ,  0.578881   ])
2954    , -14250.6    , array([ 0.446453   ,  0.151924   ,  0.570962   ])
2955    , -14214.4    , array([ 0.438014   ,  0.158337   ,  0.558489   ])
2956    , -14630.5    , array([ 0.421192   ,  0.180193   ,  0.574681   ])
2957    , -14324.3    , array([ 0.456886   ,  0.143229   ,  0.577828   ])
2958    , -14519.2    , array([ 0.491487   ,  0.143541   ,  0.544899   ])
2959    , -14311.7    , array([ 0.439409   ,  0.153375   ,  0.583692   ])
2960    , -14203.9    , array([ 0.417019   ,  0.154184   ,  0.571208   ])
2961    , -14283.7    , array([ 0.391072   ,  0.1569     ,  0.569188   ])
2962    , -14345.4    , array([ 0.407255   ,  0.168352   ,  0.564325   ])
2963    , -14248.1    , array([ 0.443939   ,  0.149134   ,  0.574422   ])
likelihood = -14203.92
theta = 17960.8
Optimized parameters = [0.41701898 0.15418403 0.57120773]

Round_4_Replicate_4
2964    , -32159.9    , array([ 0.410873   ,  0.315853   ,  2.1177     ])
2965    , -33106.3    , array([ 0.393      ,  0.315853   ,  2.1177     ])
2966    , -32132.5    , array([ 0.410873   ,  0.298166   ,  2.1177     ])
2967    , -32768      , array([ 0.410873   ,  0.315853   ,  2.19866    ])
2968    , -31620.1    , array([ 0.429558   ,  0.303949   ,  2.17134    ])
2969    , -30917.7    , array([ 0.449093   ,  0.298166   ,  2.19866    ])
2970    , -30706.9    , array([ 0.435974   ,  0.292494   ,  2.09139    ])
2971    , -29720.3    , array([ 0.449093   ,  0.281471   ,  2.03973    ])
2972    , -29768.9    , array([ 0.462608   ,  0.270863   ,  2.1177     ])
2973    , -28285.7    , array([ 0.500668   ,  0.269134   ,  2.1177     ])
2974    , -26630.2    , array([ 0.552677   ,  0.255696   ,  2.1177     ])
2975    , -26575.4    , array([ 0.526031   ,  0.242928   ,  1.98934    ])
2976    , -24777.6    , array([ 0.569309   ,  0.219274   ,  1.89228    ])
2977    , -24411.6    , array([ 0.586441   ,  0.232281   ,  1.91609    ])
2978    , -22440.5    , array([ 0.660283   ,  0.215103   ,  1.8226     ])
2979    , -21602.1    , array([ 0.781082   ,  0.186841   ,  1.84554    ])
2980    , -21637.5    , array([ 1.03009    ,  0.152227   ,  1.75549    ])
2981    , -20707.9    , array([ 0.799303   ,  0.166858   ,  1.62182    ])
2982    , -20992.2    , array([ 0.961239   ,  0.134791   ,  1.41929    ])
2983    , -20829      , array([ 0.972921   ,  0.162177   ,  1.63767    ])
2984    , -21973      , array([ 1.08624    ,  0.136949   ,  1.58322    ])
2985    , -21061.9    , array([ 0.95913    ,  0.153314   ,  1.63995    ])
2986    , -21452.4    , array([ 1.05297    ,  0.138189   ,  1.44516    ])
2987    , -20918.3    , array([ 0.977203   ,  0.149012   ,  1.53627    ])
2988    , -20323.2    , array([ 0.868237   ,  0.165244   ,  1.55704    ])
2989    , -20034      , array([ 0.826073   ,  0.171552   ,  1.51718    ])
2990    , -20640.9    , array([ 0.76188    ,  0.186752   ,  1.64832    ])
2991    , -21038.4    , array([ 0.65013    ,  0.188517   ,  1.55296    ])
2992    , -20489.7    , array([ 0.879646   ,  0.168395   ,  1.61607    ])
likelihood = -20034.04
theta = 11499.38
Optimized parameters = [0.82607339 0.1715524  1.51717672]

Round_4_Replicate_5
2993    , -18456.3    , array([ 0.850168   ,  0.252748   ,  1.00132    ])
2994    , -18396.3    , array([ 0.843296   ,  0.252748   ,  1.00132    ])
2995    , -18324.7    , array([ 0.850168   ,  0.235951   ,  1.00132    ])
2996    , -18456.2    , array([ 0.850168   ,  0.252748   ,  1.00139    ])
2997    , -18320      , array([ 0.84558    ,  0.241422   ,  1.00137    ])
2998    , -18264.9    , array([ 0.843296   ,  0.235951   ,  1.00139    ])
2999    , -18218.1    , array([ 0.841017   ,  0.230604   ,  1.0013     ])
3000    , -18148.1    , array([ 0.836479   ,  0.22027    ,  1.00126    ])
3001    , -18203.6    , array([ 0.843296   ,  0.2104     ,  1.00132    ])
3002    , -18109.8    , array([ 0.831965   ,  0.208798   ,  1.00132    ])
3003    , -18078.5    , array([ 0.823011   ,  0.196417   ,  1.00132    ])
3004    , -18179.2    , array([ 0.82524    ,  0.18477    ,  1.00121    ])
3005    , -18041.6    , array([ 0.813419   ,  0.19002    ,  1.0012     ])
3006    , -18011.9    , array([ 0.79888    ,  0.180583   ,  1.00115    ])
3007    , -17955.4    , array([ 0.813419   ,  0.213096   ,  1.00127    ])
3008    , -17938.5    , array([ 0.807572   ,  0.228848   ,  1.0013     ])
3009    , -17876.1    , array([ 0.783893   ,  0.183364   ,  1.00126    ])
3010    , -17899.7    , array([ 0.758853   ,  0.167299   ,  1.00126    ])
3011    , -17696      , array([ 0.771272   ,  0.196417   ,  1.00115    ])
3012    , -17544.9    , array([ 0.746635   ,  0.196417   ,  1.00106    ])
3013    , -17595.2    , array([ 0.759538   ,  0.225952   ,  1.00126    ])
3014    , -17572.5    , array([ 0.721266   ,  0.176791   ,  1.00108    ])
3015    , -17297.6    , array([ 0.70293    ,  0.215339   ,  1.00101    ])
3016    , -17254.3    , array([ 0.66564    ,  0.233361   ,  1.00089    ])
3017    , -17371.1    , array([ 0.664374   ,  0.178551   ,  1.00076    ])
3018    , -17232.2    , array([ 0.662336   ,  0.229714   ,  1.00072    ])
3019    , -17486.3    , array([ 0.634701   ,  0.261848   ,  1.00054    ])
likelihood = -17232.19
theta = 13482.62
Optimized parameters = [0.66233564 0.22971351 1.00072268]
