
Round_1_Replicate_1
419     , -246972     , array([ 0.654228   ,  0.356275   ,  6.2575     ,  2.30666    ])
420     , -246181     , array([ 0.640495   ,  0.356275   ,  6.2575     ,  2.30666    ])
421     , -243733     , array([ 0.654228   ,  0.338356   ,  6.2575     ,  2.30666    ])
422     , -255896     , array([ 0.654228   ,  0.356275   ,  6.85836    ,  2.30666    ])
423     , -246972     , array([ 0.654228   ,  0.356275   ,  6.2575     ,  2.4051     ])
424     , -235891     , array([ 0.647325   ,  0.3472     ,  5.70927    ,  2.35536    ])
425     , -225700     , array([ 0.643901   ,  0.34275    ,  5.20907    ,  2.3801     ])
426     , -234368     , array([ 0.642196   ,  0.340546   ,  5.70927    ,  2.24719    ])
likelihood = -225699.77
theta = 14683.31
Optimized parameters = [0.64390094 0.34274968 5.20907355 2.38009967]

Round_1_Replicate_2
427     , -105112     , array([ 7.56245    ,  0.145585   ,  0.952284   ,  1.8399     ])
428     , -106007     , array([ 8.3675     ,  0.145585   ,  0.952284   ,  1.8399     ])
429     , -102523     , array([ 7.56245    ,  0.132213   ,  0.952284   ,  1.8399     ])
430     , -105012     , array([ 7.56245    ,  0.145585   ,  0.949959   ,  1.8399     ])
431     , -105170     , array([ 7.56245    ,  0.145585   ,  0.952284   ,  1.89685    ])
432     , -102819     , array([ 6.83485    ,  0.138738   ,  0.951121   ,  1.86816    ])
433     , -102569     , array([ 7.18945    ,  0.135436   ,  0.95054    ,  1.79831    ])
likelihood = -102522.59
theta = 7076.21
Optimized parameters = [7.56244814 0.1322128  0.95228405 1.83989659]

Round_1_Replicate_3
434     , -99673.3    , array([ 0.15391    ,  4.74645    ,  0.24186    ,  0.545945   ])
435     , -100698     , array([ 0.140162   ,  4.74645    ,  0.24186    ,  0.545945   ])
436     , -100559     , array([ 0.15391    ,  5.13083    ,  0.24186    ,  0.545945   ])
437     , -98868.4    , array([ 0.15391    ,  4.74645    ,  0.22529    ,  0.545945   ])
438     , -99658.2    , array([ 0.15391    ,  4.74645    ,  0.24186    ,  0.529671   ])
439     , -98895.7    , array([ 0.169007   ,  4.9349     ,  0.233428   ,  0.537747   ])
440     , -97920      , array([ 0.161282   ,  4.47719    ,  0.229323   ,  0.533694   ])
441     , -96578.2    , array([ 0.165099   ,  4.18229    ,  0.2233     ,  0.527672   ])
likelihood = -96578.2
theta = 10447.93
Optimized parameters = [0.16509907 4.18229066 0.22330011 0.52767166]

Round_1_Replicate_4
442     , -315195     , array([ 1.66745    ,  1.78877    ,  2.22394    ,  0.136519   ])
443     , -316324     , array([ 1.71063    ,  1.78877    ,  2.22394    ,  0.136519   ])
444     , -316432     , array([ 1.66745    ,  1.84154    ,  2.22394    ,  0.136519   ])
445     , -316708     , array([ 1.66745    ,  1.78877    ,  2.31462    ,  0.136519   ])
446     , -319430     , array([ 1.66745    ,  1.78877    ,  2.22394    ,  0.123581   ])
447     , -313270     , array([ 1.68891    ,  1.81496    ,  2.26883    ,  0.150811   ])
448     , -310783     , array([ 1.69973    ,  1.8282     ,  2.29161    ,  0.166599   ])
449     , -312330     , array([ 1.70517    ,  1.83486    ,  2.16908    ,  0.150811   ])
likelihood = -310782.8
theta = 11283.26
Optimized parameters = [1.69973433 1.82820361 2.29161207 0.16659939]

Round_1_Replicate_5
450     , -260301     , array([ 6.90777    ,  6.67075    ,  0.125809   ,  0.938262   ])
451     , -265849     , array([ 7.6086     ,  6.67075    ,  0.125809   ,  0.938262   ])
452     , -265858     , array([ 6.90777    ,  7.33471    ,  0.125809   ,  0.938262   ])
453     , -257984     , array([ 6.90777    ,  6.67075    ,  0.113422   ,  0.938262   ])
454     , -260525     , array([ 6.90777    ,  6.67075    ,  0.125809   ,  0.935277   ])
455     , -256059     , array([ 7.24972    ,  6.06688    ,  0.119455   ,  0.936769   ])
456     , -250507     , array([ 7.42699    ,  5.51769    ,  0.1164     ,  0.936023   ])
457     , -249112     , array([ 6.50292    ,  6.06688    ,  0.114901   ,  0.93565    ])
458     , -240675     , array([ 6.01188    ,  5.78577    ,  0.109807   ,  0.934347   ])
likelihood = -240675.46
theta = 5060.9
Optimized parameters = [6.01188303 5.78577152 0.10980741 0.93434663]

Round_1_Replicate_6
459     , -356311     , array([ 1.96067    ,  4.62759    ,  2.88013    ,  1.57861    ])
460     , -358402     , array([ 2.02779    ,  4.62759    ,  2.88013    ,  1.57861    ])
461     , -358172     , array([ 1.96067    ,  4.996      ,  2.88013    ,  1.57861    ])
462     , -359770     , array([ 1.96067    ,  4.62759    ,  3.03657    ,  1.57861    ])
463     , -356175     , array([ 1.96067    ,  4.62759    ,  2.88013    ,  1.61506    ])
464     , -354729     , array([ 1.99395    ,  4.80827    ,  2.73175    ,  1.59673    ])
465     , -352106     , array([ 2.0108     ,  4.90123    ,  2.59102    ,  1.60587    ])
466     , -352958     , array([ 1.91984    ,  4.94839    ,  2.73175    ,  1.61046    ])
likelihood = -352106.09
theta = 4899.49
Optimized parameters = [2.01079936 4.90123306 2.5910216  1.60586829]

Round_1_Replicate_7
467     , -37926.8    , array([ 1.08432    ,  0.898687   ,  0.215485   ,  5.86306    ])
468     , -37981.3    , array([ 1.08872    ,  0.898687   ,  0.215485   ,  5.86306    ])
469     , -37766.9    , array([ 1.08432    ,  0.8939     ,  0.215485   ,  5.86306    ])
470     , -35188.1    , array([ 1.08432    ,  0.898687   ,  0.199567   ,  5.86306    ])
471     , -37500      , array([ 1.08432    ,  0.898687   ,  0.215485   ,  6.40517    ])
472     , -36177.1    , array([ 1.07994    ,  0.89629    ,  0.207373   ,  6.12812    ])
473     , -35376.3    , array([ 1.08213    ,  0.895094   ,  0.203432   ,  6.26511    ])
likelihood = -35188.12
theta = 5941.07
Optimized parameters = [1.08432362 0.89868707 0.19956653 5.86305873]

Round_1_Replicate_8
474     , -44593      , array([ 0.47784    ,  1.46596    ,  0.128878   ,  2.9196     ])
475     , -44923.8    , array([ 0.460518   ,  1.46596    ,  0.128878   ,  2.9196     ])
476     , -45234.9    , array([ 0.47784    ,  1.49427    ,  0.128878   ,  2.9196     ])
477     , -43200.9    , array([ 0.47784    ,  1.46596    ,  0.116329   ,  2.9196     ])
478     , -44179.7    , array([ 0.47784    ,  1.46596    ,  0.128878   ,  3.08028    ])
479     , -43198.6    , array([ 0.469099   ,  1.43819    ,  0.122442   ,  2.99887    ])
480     , -42228.9    , array([ 0.464789   ,  1.41094    ,  0.119346   ,  3.0393     ])
481     , -42143.2    , array([ 0.488995   ,  1.43819    ,  0.117828   ,  3.05972    ])
482     , -40802      , array([ 0.503888   ,  1.4245     ,  0.112663   ,  3.13228    ])
likelihood = -40801.95
theta = 7104.02
Optimized parameters = [0.50388795 1.42450032 0.11266347 3.13228299]

Round_1_Replicate_9
483     , -119253     , array([ 6.8263     ,  0.925906   ,  0.348979   ,  4.31654    ])
484     , -121445     , array([ 7.51441    ,  0.925906   ,  0.348979   ,  4.31654    ])
485     , -119065     , array([ 6.8263     ,  0.922349   ,  0.348979   ,  4.31654    ])
486     , -115679     , array([ 6.8263     ,  0.925906   ,  0.331085   ,  4.31654    ])
487     , -119049     , array([ 6.8263     ,  0.925906   ,  0.348979   ,  4.644      ])
488     , -114917     , array([ 6.20121    ,  0.924125   ,  0.339914   ,  4.47727    ])
489     , -111433     , array([ 5.63335    ,  0.923237   ,  0.33547    ,  4.55987    ])
490     , -113421     , array([ 6.20121    ,  0.922793   ,  0.33327    ,  4.60174    ])
likelihood = -111432.78
theta = 3621.39
Optimized parameters = [5.63335458 0.92323662 0.33547039 4.55987397]

Round_1_Replicate_10
491     , -23056      , array([ 0.204468   ,  0.387143   ,  0.177739   ,  6.92489    ])
492     , -24539.9    , array([ 0.188868   ,  0.387143   ,  0.177739   ,  6.92489    ])
493     , -22309.6    , array([ 0.204468   ,  0.369203   ,  0.177739   ,  6.92489    ])
494     , -23309.1    , array([ 0.204468   ,  0.387143   ,  0.163032   ,  6.92489    ])
495     , -23059.8    , array([ 0.204468   ,  0.387143   ,  0.177739   ,  7.6284     ])
496     , -21365.1    , array([ 0.221358   ,  0.378067   ,  0.170226   ,  7.26814    ])
497     , -19872.8    , array([ 0.239642   ,  0.373609   ,  0.16659    ,  7.44609    ])
498     , -20909.8    , array([ 0.221358   ,  0.371399   ,  0.187597   ,  7.53669    ])
likelihood = -19872.77
theta = 10498.23
Optimized parameters = [0.23964236 0.37360858 0.16659019 7.44608874]

Round_2_Replicate_1
499     , -23148      , array([ 0.244252   ,  0.293303   ,  0.0593857  ,  2.10757    ])
500     , -24520.1    , array([ 0.22763    ,  0.293303   ,  0.0593857  ,  2.10757    ])
501     , -22746.2    , array([ 0.244252   ,  0.275856   ,  0.0593857  ,  2.10757    ])
502     , -24316.2    , array([ 0.244252   ,  0.293303   ,  0.0515663  ,  2.10757    ])
503     , -23247      , array([ 0.244252   ,  0.293303   ,  0.0593857  ,  2.18761    ])
504     , -22249.8    , array([ 0.262087   ,  0.284446   ,  0.0553381  ,  2.14722    ])
505     , -21181.4    , array([ 0.281225   ,  0.280118   ,  0.0534189  ,  2.16732    ])
506     , -20834.3    , array([ 0.262087   ,  0.277979   ,  0.0648641  ,  2.17745    ])
507     , -19142.5    , array([ 0.271488   ,  0.27062    ,  0.0727484  ,  2.21325    ])
508     , -19898.9    , array([ 0.276313   ,  0.267014   ,  0.0623389  ,  2.11003    ])
509     , -18472.8    , array([ 0.29389    ,  0.254766   ,  0.0638701  ,  2.19144    ])
510     , -16391      , array([ 0.322372   ,  0.23744    ,  0.0662378  ,  2.23462    ])
likelihood = -16391.03
theta = 13057.14
Optimized parameters = [0.32237196 0.23743997 0.0662378  2.23462008]

Round_2_Replicate_2
511     , -77822.4    , array([ 0.0734966  ,  0.995363   ,  0.0470221  ,  22.7543    ])
512     , -81712.7    , array([ 0.0645031  ,  0.995363   ,  0.0470221  ,  22.7543    ])
513     , -77819.5    , array([ 0.0734966  ,  0.995132   ,  0.0470221  ,  22.7543    ])
514     , -80202      , array([ 0.0734966  ,  0.995363   ,  0.0403569  ,  22.7543    ])
515     , -78125.7    , array([ 0.0734966  ,  0.995363   ,  0.0470221  ,  26.6021    ])
516     , -75290.3    , array([ 0.0837441  ,  0.995247   ,  0.0435622  ,  24.6031    ])
517     , -72129.2    , array([ 0.0954203  ,  0.99519    ,  0.0419289  ,  25.5831    ])
518     , -72788.1    , array([ 0.0837441  ,  0.995161   ,  0.051736   ,  26.0876    ])
519     , -72094.4    , array([ 0.0893917  ,  0.995059   ,  0.0465751  ,  22.0974    ])
520     , -69069.4    , array([ 0.0985853  ,  0.994908   ,  0.0463531  ,  20.1397    ])
521     , -68094.4    , array([ 0.103531   ,  0.994832   ,  0.0462425  ,  24.3046    ])
522     , -63309.1    , array([ 0.122877   ,  0.994566   ,  0.0458576  ,  25.1189    ])
likelihood = -63309.06
theta = 3844.33
Optimized parameters = [ 0.12287711  0.99456638  0.04585759 25.11893263]

Round_2_Replicate_3
523     , -37011.6    , array([ 0.109387   ,  0.22735    ,  0.075511   ,  2.11613    ])
524     , -39791.8    , array([ 0.09793    ,  0.22735    ,  0.075511   ,  2.11613    ])
525     , -36612.8    , array([ 0.109387   ,  0.21112    ,  0.075511   ,  2.11613    ])
526     , -38497.6    , array([ 0.109387   ,  0.22735    ,  0.0663606  ,  2.11613    ])
527     , -37194.3    , array([ 0.109387   ,  0.22735    ,  0.075511   ,  2.19694    ])
528     , -34934.1    , array([ 0.122185   ,  0.219085   ,  0.0707881  ,  2.15616    ])
529     , -32611.9    , array([ 0.13648    ,  0.215065   ,  0.0685386  ,  2.17645    ])
530     , -33173.5    , array([ 0.122185   ,  0.213084   ,  0.0818601  ,  2.18667    ])
531     , -32541      , array([ 0.129135   ,  0.20629    ,  0.0749038  ,  2.10131    ])
532     , -30330.3    , array([ 0.140308   ,  0.196503   ,  0.074602   ,  2.05506    ])
533     , -29521.8    , array([ 0.146252   ,  0.191785   ,  0.0744516  ,  2.14985    ])
534     , -26135.6    , array([ 0.16911    ,  0.176147   ,  0.0739275  ,  2.16692    ])
likelihood = -26135.58
theta = 15348.99
Optimized parameters = [0.1691105  0.17614694 0.07392752 2.16691599]

Round_2_Replicate_4
535     , -36852.6    , array([ 0.206843   ,  0.778724   ,  0.112459   ,  23.6362    ])
536     , -38696.5    , array([ 0.191172   ,  0.778724   ,  0.112459   ,  23.6362    ])
537     , -36595.6    , array([ 0.206843   ,  0.769046   ,  0.112459   ,  23.6362    ])
538     , -37241.1    , array([ 0.206843   ,  0.778724   ,  0.100819   ,  23.6362    ])
539     , -36858.5    , array([ 0.206843   ,  0.778724   ,  0.112459   ,  27.6858    ])
540     , -35074.6    , array([ 0.2238     ,  0.77387    ,  0.10648    ,  25.581     ])
541     , -33325.1    , array([ 0.242146   ,  0.771454   ,  0.103611   ,  26.6126    ])
542     , -34741.7    , array([ 0.2238     ,  0.770249   ,  0.120406   ,  27.1439    ])
543     , -33853.4    , array([ 0.232792   ,  0.766047   ,  0.111693   ,  22.9457    ])
544     , -32403.4    , array([ 0.246963   ,  0.759786   ,  0.111313   ,  26.4814    ])
545     , -30280.8    , array([ 0.269853   ,  0.750491   ,  0.110744   ,  28.03      ])
likelihood = -30280.77
theta = 6325.59
Optimized parameters = [ 0.2698527   0.75049089  0.11074408 28.02999237]

Round_2_Replicate_5
546     , -5775.3     , array([ 0.379353   ,  0.150702   ,  0.216976   ,  26.0874    ])
547     , -6042.07    , array([ 0.361406   ,  0.150702   ,  0.216976   ,  26.0874    ])
548     , -5397.17    , array([ 0.379353   ,  0.137096   ,  0.216976   ,  26.0874    ])
549     , -5892.08    , array([ 0.379353   ,  0.150702   ,  0.201017   ,  26.0874    ])
551     , -5771.27    , array([ 0.370271   ,  0.143738   ,  0.208844   ,  22.162     ])
552     , -5387.07    , array([ 0.393395   ,  0.140378   ,  0.204893   ,  24.0447    ])
553     , -5124.05    , array([ 0.410436   ,  0.135484   ,  0.199107   ,  23.0842    ])
554     , -5158.35    , array([ 0.389837   ,  0.133101   ,  0.220107   ,  22.6184    ])
555     , -5032.55    , array([ 0.395187   ,  0.125088   ,  0.205383   ,  21.0609    ])
556     , -4836.39    , array([ 0.40335    ,  0.113963   ,  0.199821   ,  18.9235    ])
likelihood = -4836.39
theta = 11736.47
Optimized parameters = [ 0.40334981  0.1139627   0.19982096 18.92347786]

Round_2_Replicate_6
557     , -78727.5    , array([ 0.0787363  ,  1.4785     ,  0.0710483  ,  12.4139    ])
558     , -82431.4    , array([ 0.06934    ,  1.4785     ,  0.0710483  ,  12.4139    ])
559     , -79237      , array([ 0.0787363  ,  1.50769    ,  0.0710483  ,  12.4139    ])
560     , -79156.4    , array([ 0.0787363  ,  1.4785     ,  0.0622489  ,  12.4139    ])
561     , -78823.7    , array([ 0.0787363  ,  1.4785     ,  0.0710483  ,  14.0801    ])
562     , -75519.3    , array([ 0.0894059  ,  1.49303    ,  0.0665032  ,  13.2208    ])
563     , -72115.8    , array([ 0.101521   ,  1.50034    ,  0.0643409  ,  13.6436    ])
564     , -75211.2    , array([ 0.0894059  ,  1.46055    ,  0.0632863  ,  13.8601    ])
565     , -73324.6    , array([ 0.0952712  ,  1.48031    ,  0.0728317  ,  14.6452    ])
566     , -70850.2    , array([ 0.104799   ,  1.48121    ,  0.0646073  ,  13.1688    ])
567     , -66952.4    , array([ 0.120905   ,  1.48257    ,  0.0616092  ,  12.7356    ])
likelihood = -66952.36
theta = 4588.23
Optimized parameters = [ 0.1209053   1.48257277  0.0616092  12.73558366]

Round_2_Replicate_7
568     , -44138.5    , array([ 0.0994057  ,  0.424349   ,  0.108855   ,  5.44316    ])
569     , -47194.8    , array([ 0.088569   ,  0.424349   ,  0.108855   ,  5.44316    ])
570     , -43599.2    , array([ 0.0994057  ,  0.406546   ,  0.108855   ,  5.44316    ])
571     , -45369.4    , array([ 0.0994057  ,  0.424349   ,  0.0974297  ,  5.44316    ])
572     , -44320.2    , array([ 0.0994057  ,  0.424349   ,  0.108855   ,  5.92439    ])
573     , -41571.2    , array([ 0.111568   ,  0.415352   ,  0.102984   ,  5.67868    ])
574     , -38855.6    , array([ 0.125219   ,  0.410925   ,  0.100168   ,  5.80023    ])
575     , -40092.2    , array([ 0.111568   ,  0.408729   ,  0.116667   ,  5.86198    ])
576     , -39023.2    , array([ 0.118197   ,  0.401137   ,  0.108103   ,  5.35738    ])
577     , -36729.7    , array([ 0.128885   ,  0.390011   ,  0.107729   ,  5.78489    ])
578     , -33218.9    , array([ 0.146757   ,  0.373899   ,  0.107171   ,  5.96373    ])
likelihood = -33218.92
theta = 9990.87
Optimized parameters = [0.14675675 0.37389879 0.10717084 5.96372717]

Round_2_Replicate_8
579     , -22854      , array([ 0.754553   ,  0.119753   ,  0.468761   ,  4.26529    ])
580     , -22508.2    , array([ 0.744002   ,  0.119753   ,  0.468761   ,  4.26529    ])
581     , -22190.2    , array([ 0.754553   ,  0.107696   ,  0.468761   ,  4.26529    ])
582     , -21723.9    , array([ 0.754553   ,  0.119753   ,  0.451335   ,  4.26529    ])
583     , -22804.9    , array([ 0.754553   ,  0.119753   ,  0.468761   ,  4.58613    ])
584     , -21748.3    , array([ 0.749259   ,  0.113565   ,  0.459966   ,  4.4228     ])
585     , -21298.6    , array([ 0.746626   ,  0.110592   ,  0.45563    ,  4.03948    ])
586     , -20605.6    , array([ 0.742694   ,  0.106277   ,  0.449203   ,  3.7911     ])
587     , -20685.3    , array([ 0.756548   ,  0.104184   ,  0.446024   ,  4.09479    ])
588     , -20188.8    , array([ 0.746955   ,  0.113942   ,  0.435072   ,  4.01211    ])
589     , -19253      , array([ 0.743184   ,  0.117199   ,  0.419147   ,  3.89121    ])
likelihood = -19253.03
theta = 12727.56
Optimized parameters = [0.74318431 0.11719945 0.41914654 3.89120954]

Round_2_Replicate_9
590     , -40514      , array([ 0.210954   ,  0.901462   ,  0.141885   ,  6.67194    ])
591     , -42175.6    , array([ 0.195162   ,  0.901462   ,  0.141885   ,  6.67194    ])
592     , -40370.1    , array([ 0.210954   ,  0.896799   ,  0.141885   ,  6.67194    ])
593     , -40031.9    , array([ 0.210954   ,  0.901462   ,  0.128686   ,  6.67194    ])
594     , -40452.9    , array([ 0.210954   ,  0.901462   ,  0.141885   ,  7.33609    ])
595     , -38513.9    , array([ 0.228022   ,  0.899127   ,  0.135124   ,  6.99614    ])
596     , -36748.5    , array([ 0.246472   ,  0.897962   ,  0.131866   ,  7.1641     ])
597     , -38257.6    , array([ 0.228022   ,  0.89738    ,  0.130266   ,  7.24958    ])
598     , -37284      , array([ 0.237068   ,  0.895346   ,  0.124819   ,  6.55428    ])
599     , -35897.6    , array([ 0.251313   ,  0.899273   ,  0.117072   ,  7.14289    ])
600     , -33879.2    , array([ 0.274303   ,  0.900513   ,  0.106344   ,  7.39068    ])
likelihood = -33879.15
theta = 6924.9
Optimized parameters = [0.27430284 0.90051297 0.1063441  7.39068094]

Round_2_Replicate_10
601     , -13247.1    , array([ 0.508984   ,  0.127051   ,  0.434443   ,  11.486     ])
602     , -12769.1    , array([ 0.492084   ,  0.127051   ,  0.434443   ,  11.486     ])
603     , -12531.1    , array([ 0.508984   ,  0.114598   ,  0.434443   ,  11.486     ])
604     , -12352.9    , array([ 0.508984   ,  0.127051   ,  0.416706   ,  11.486     ])
605     , -13245.9    , array([ 0.508984   ,  0.127051   ,  0.434443   ,  12.9771    ])
606     , -12191.8    , array([ 0.500462   ,  0.120664   ,  0.425482   ,  12.2088    ])
607     , -11693.1    , array([ 0.496255   ,  0.117592   ,  0.421071   ,  12.5871    ])
608     , -11453.6    , array([ 0.494165   ,  0.116085   ,  0.418883   ,  10.6424    ])
609     , -10646.4    , array([ 0.486919   ,  0.110962   ,  0.411313   ,  9.63761    ])
610     , -10920.9    , array([ 0.508447   ,  0.108487   ,  0.407579   ,  11.0141    ])
611     , -10315.7    , array([ 0.491306   ,  0.117024   ,  0.394777   ,  10.7854    ])
612     , -9357.41    , array([ 0.482698   ,  0.118257   ,  0.376324   ,  10.4513    ])
likelihood = -9357.41
theta = 14691.52
Optimized parameters = [ 0.48269803  0.11825694  0.37632351 10.45129829]

Round_3_Replicate_1
613     , -54401.6    , array([ 0.32318    ,  0.423127   ,  0.783596   ,  6.7858     ])
614     , -53836.6    , array([ 0.305433   ,  0.423127   ,  0.783596   ,  6.7858     ])
615     , -52734.3    , array([ 0.32318    ,  0.405316   ,  0.783596   ,  6.7858     ])
616     , -53797.1    , array([ 0.32318    ,  0.423127   ,  0.774099   ,  6.7858     ])
617     , -54398.5    , array([ 0.32318    ,  0.423127   ,  0.783596   ,  7.4676     ])
618     , -52970.3    , array([ 0.314181   ,  0.414126   ,  0.778833   ,  7.11855    ])
619     , -52273.4    , array([ 0.309777   ,  0.409697   ,  0.776463   ,  6.31562    ])
620     , -51242.5    , array([ 0.303285   ,  0.403143   ,  0.77292    ,  5.80809    ])
621     , -51558.2    , array([ 0.32662    ,  0.399905   ,  0.771155   ,  6.43002    ])
622     , -50458.3    , array([ 0.310324   ,  0.388777   ,  0.77913    ,  6.25919    ])
623     , -48836.8    , array([ 0.304089   ,  0.372663   ,  0.781657   ,  6.01141    ])
624     , -49219.7    , array([ 0.314043   ,  0.376818   ,  0.775797   ,  5.48303    ])
625     , -47750.6    , array([ 0.300952   ,  0.371226   ,  0.767235   ,  5.17035    ])
626     , -45397.3    , array([ 0.290418   ,  0.355272   ,  0.759184   ,  4.51315    ])
627     , -45878.2    , array([ 0.280794   ,  0.354631   ,  0.773537   ,  4.57133    ])
628     , -43550.1    , array([ 0.290971   ,  0.329938   ,  0.772079   ,  4.48979    ])
629     , -40001.4    , array([ 0.285003   ,  0.298483   ,  0.771658   ,  3.9475     ])
630     , -40958.4    , array([ 0.267696   ,  0.314163   ,  0.767161   ,  4.03543    ])
likelihood = -40001.41
theta = 18363.95
Optimized parameters = [0.28500314 0.29848318 0.77165823 3.94750457]

Round_3_Replicate_2
631     , -13147.5    , array([ 0.216919   ,  0.0436793  ,  0.183103   ,  29.7       ])
632     , -14331.1    , array([ 0.200961   ,  0.0436793  ,  0.183103   ,  29.7       ])
633     , -13669.4    , array([ 0.216919   ,  0.0373499  ,  0.183103   ,  29.7       ])
634     , -14737.3    , array([ 0.216919   ,  0.0436793  ,  0.168202   ,  29.7       ])
636     , -14789.6    , array([ 0.208787   ,  0.0403909  ,  0.175495   ,  25.0679    ])
637     , -14368.4    , array([ 0.210791   ,  0.041189   ,  0.177367   ,  27.2859    ])
638     , -13025.1    , array([ 0.205817   ,  0.0392225  ,  0.196178   ,  28.4673    ])
639     , -12220.2    , array([ 0.200482   ,  0.0371677  ,  0.211865   ,  27.8703    ])
641     , -13837.5    , array([ 0.209724   ,  0.040763   ,  0.183529   ,  28.242     ])
642     , -12190.3    , array([ 0.221333   ,  0.0359934  ,  0.197188   ,  28.0555    ])
643     , -11291.6    , array([ 0.232281   ,  0.0326735  ,  0.204632   ,  27.2678    ])
644     , -11352      , array([ 0.223199   ,  0.0345301  ,  0.207734   ,  28.9906    ])
645     , -10397.1    , array([ 0.218898   ,  0.0362349  ,  0.22178    ,  27.2362    ])
646     , -8996.92    , array([ 0.219895   ,  0.03569    ,  0.244081   ,  26.082     ])
647     , -9121.87    , array([ 0.220395   ,  0.0280076  ,  0.25606    ,  25.5234    ])
648     , -8544.35    , array([ 0.250027   ,  0.0285721  ,  0.243288   ,  26.0286    ])
649     , -7516.01    , array([ 0.279218   ,  0.0250514  ,  0.260706   ,  25.154     ])
650     , -7345.69    , array([ 0.251186   ,  0.0261956  ,  0.277967   ,  23.3083    ])
651     , -6411.43    , array([ 0.266469   ,  0.0228162  ,  0.32154    ,  20.8996    ])
likelihood = -6411.43
theta = 19813.45
Optimized parameters = [ 0.26646855  0.02281621  0.32154013 20.89959991]

Round_3_Replicate_3
652     , -35125.2    , array([ 0.169384   ,  0.39073    ,  0.484932   ,  24.8299    ])
653     , -36120.3    , array([ 0.154994   ,  0.39073    ,  0.484932   ,  24.8299    ])
654     , -33627.2    , array([ 0.169384   ,  0.372796   ,  0.484932   ,  24.8299    ])
655     , -34353.9    , array([ 0.169384   ,  0.39073    ,  0.467697   ,  24.8299    ])
656     , -35125.2    , array([ 0.169384   ,  0.39073    ,  0.484932   ,  29.1558    ])
657     , -33105.7    , array([ 0.185109   ,  0.381658   ,  0.476236   ,  26.9061    ])
658     , -31787.3    , array([ 0.202295   ,  0.377201   ,  0.471947   ,  28.0083    ])
659     , -32264.7    , array([ 0.185109   ,  0.374992   ,  0.469817   ,  22.4586    ])
660     , -30905.4    , array([ 0.193511   ,  0.367362   ,  0.462438   ,  25.0804    ])
661     , -28956.9    , array([ 0.206835   ,  0.356207   ,  0.451585   ,  25.2066    ])
662     , -29193.8    , array([ 0.213837   ,  0.350757   ,  0.471147   ,  25.2699    ])
663     , -27843      , array([ 0.240264   ,  0.356599   ,  0.447898   ,  25.4929    ])
664     , -25672      , array([ 0.286151   ,  0.348767   ,  0.430455   ,  25.8309    ])
666     , -30411.9    , array([ 0.204056   ,  0.366427   ,  0.462838   ,  24.1899    ])
667     , -25357.6    , array([ 0.251213   ,  0.334999   ,  0.436248   ,  22.5247    ])
668     , -22651.7    , array([ 0.279943   ,  0.315704   ,  0.419424   ,  20.1998    ])
669     , -23101      , array([ 0.2917     ,  0.320092   ,  0.423457   ,  23.8324    ])
670     , -21351.7    , array([ 0.32511    ,  0.31944    ,  0.394374   ,  22.1554    ])
671     , -18616.3    , array([ 0.40087    ,  0.304846   ,  0.360815   ,  20.7452    ])
likelihood = -18616.27
theta = 12868.62
Optimized parameters = [ 0.40087021  0.30484608  0.36081514 20.74521667]

Round_3_Replicate_4
672     , -9524.15    , array([ 0.439515   ,  0.0756017  ,  0.116155   ,  29.7       ])
673     , -10009.5    , array([ 0.421815   ,  0.0756017  ,  0.116155   ,  29.7       ])
674     , -9928.29    , array([ 0.439515   ,  0.0664444  ,  0.116155   ,  29.7       ])
675     , -11168      , array([ 0.439515   ,  0.0756017  ,  0.104301   ,  29.7       ])
677     , -10766.7    , array([ 0.430574   ,  0.0708753  ,  0.110068   ,  25.0679    ])
678     , -9017.26    , array([ 0.426172   ,  0.0686241  ,  0.125921   ,  27.2859    ])
679     , -8086.54    , array([ 0.419653   ,  0.0653806  ,  0.138357   ,  26.1534    ])
681     , -10042      , array([ 0.430297   ,  0.0707325  ,  0.11557    ,  26.8555    ])
683     , -9691.9     , array([ 0.430159   ,  0.0706611  ,  0.118423   ,  27.7966    ])
684     , -8637.36    , array([ 0.442702   ,  0.0637203  ,  0.128003   ,  26.9625    ])
685     , -8063.61    , array([ 0.426412   ,  0.0710005  ,  0.134373   ,  25.6899    ])
686     , -7257.34    , array([ 0.420007   ,  0.0733944  ,  0.144527   ,  23.8926    ])
687     , -7152.71    , array([ 0.430513   ,  0.0680425  ,  0.145602   ,  25.4485    ])
688     , -6167.03    , array([ 0.430691   ,  0.0667698  ,  0.161448   ,  24.35      ])
689     , -5941.58    , array([ 0.417098   ,  0.0597659  ,  0.175011   ,  21.566     ])
690     , -4990.15    , array([ 0.406323   ,  0.0531392  ,  0.214822   ,  18.377     ])
691     , -4893.91    , array([ 0.396717   ,  0.0647553  ,  0.205736   ,  19.612     ])
692     , -4191.53    , array([ 0.375548   ,  0.0652791  ,  0.260829   ,  16.7265    ])
likelihood = -4191.53
theta = 14636.0
Optimized parameters = [ 0.37554793  0.06527907  0.26082927 16.72646085]

Round_3_Replicate_5
693     , -14872.4    , array([ 0.387287   ,  0.278587   ,  0.0873479  ,  14.9342    ])
694     , -15712.7    , array([ 0.369347   ,  0.278587   ,  0.0873479  ,  14.9342    ])
695     , -14674.1    , array([ 0.387287   ,  0.261342   ,  0.0873479  ,  14.9342    ])
696     , -16550.2    , array([ 0.387287   ,  0.278587   ,  0.0773241  ,  14.9342    ])
697     , -14989.8    , array([ 0.387287   ,  0.278587   ,  0.0873479  ,  17.0959    ])
698     , -13683.2    , array([ 0.37821    ,  0.269827   ,  0.0986711  ,  15.9785    ])
699     , -12456.2    , array([ 0.373752   ,  0.26555    ,  0.111462   ,  16.5278    ])
700     , -12753.4    , array([ 0.398939   ,  0.263438   ,  0.0986711  ,  16.8094    ])
701     , -12393.9    , array([ 0.38614    ,  0.256175   ,  0.104872   ,  14.5604    ])
702     , -11260.8    , array([ 0.385569   ,  0.245654   ,  0.114911   ,  13.4374    ])
703     , -10797.8    , array([ 0.385283   ,  0.240557   ,  0.120285   ,  15.8107    ])
704     , -9190.92    , array([ 0.384285   ,  0.223536   ,  0.141154   ,  16.268     ])
705     , -9065.74    , array([ 0.383787   ,  0.237159   ,  0.152909   ,  16.5016    ])
706     , -8244.55    , array([ 0.382049   ,  0.22592    ,  0.202313   ,  17.3459    ])
707     , -8311.45    , array([ 0.364605   ,  0.217875   ,  0.193827   ,  14.8929    ])
708     , -7311.78    , array([ 0.384383   ,  0.195781   ,  0.226266   ,  14.378     ])
709     , -8451.88    , array([ 0.389811   ,  0.168105   ,  0.322378   ,  13.4104    ])
710     , -9040.48    , array([ 0.372029   ,  0.188936   ,  0.307973   ,  18.2932    ])
711     , -11469.1    , array([ 0.367272   ,  0.190887   ,  0.370332   ,  16.0231    ])
712     , -7976.75    , array([ 0.379959   ,  0.214884   ,  0.179646   ,  16.2064    ])
likelihood = -7311.78
theta = 11872.32
Optimized parameters = [ 0.38438275  0.19578057  0.2262658  14.37800868]

Round_4_Replicate_1
713     , -9797.13    , array([ 0.407308   ,  0.0969868  ,  0.462463   ,  12.4336    ])
714     , -9304.66    , array([ 0.389421   ,  0.0969868  ,  0.462463   ,  12.4336    ])
715     , -9207.31    , array([ 0.407308   ,  0.0863074  ,  0.462463   ,  12.4336    ])
716     , -9157.88    , array([ 0.407308   ,  0.0969868  ,  0.44497    ,  12.4336    ])
717     , -9796.91    , array([ 0.407308   ,  0.0969868  ,  0.462463   ,  14.1035    ])
718     , -8922.47    , array([ 0.398264   ,  0.0914914  ,  0.453632   ,  13.2423    ])
719     , -8516.54    , array([ 0.393817   ,  0.0888616  ,  0.44928    ,  13.6661    ])
720     , -8321.77    , array([ 0.391613   ,  0.0875752  ,  0.44712    ,  11.4919    ])
721     , -7678.97    , array([ 0.383993   ,  0.0832177  ,  0.439641   ,  10.3734    ])
722     , -8047.85    , array([ 0.406737   ,  0.0811209  ,  0.435948   ,  11.9065    ])
723     , -7528.85    , array([ 0.388602   ,  0.088377   ,  0.423266   ,  11.6514    ])
724     , -6842.47    , array([ 0.379573   ,  0.0894303  ,  0.404931   ,  11.2789    ])
725     , -6576.01    , array([ 0.375138   ,  0.0755199  ,  0.419647   ,  11.0972    ])
726     , -5688.46    , array([ 0.360019   ,  0.0666401  ,  0.407532   ,  10.4838    ])
727     , -5772.94    , array([ 0.370966   ,  0.0713789  ,  0.39584    ,  8.84305    ])
728     , -5221.05    , array([ 0.343025   ,  0.073345   ,  0.388728   ,  8.74726    ])
729     , -4517.09    , array([ 0.315016   ,  0.0697412  ,  0.367072   ,  7.49749    ])
730     , -4377.62    , array([ 0.329094   ,  0.0654522  ,  0.352216   ,  8.53551    ])
731     , -4186.56    , array([ 0.304662   ,  0.0580469  ,  0.315257   ,  7.74252    ])
732     , -4213.52    , array([ 0.29827    ,  0.0490684  ,  0.337418   ,  6.50419    ])
733     , -4432.59    , array([ 0.273658   ,  0.0509721  ,  0.318679   ,  7.11465    ])
734     , -5927.8     , array([ 0.245844   ,  0.0477491  ,  0.27372    ,  4.94371    ])
735     , -4470.99    , array([ 0.327272   ,  0.0613117  ,  0.368933   ,  8.68766    ])
736     , -4713.78    , array([ 0.286378   ,  0.0427798  ,  0.30466    ,  7.44132    ])
737     , -4211.72    , array([ 0.307599   ,  0.0617201  ,  0.350362   ,  7.48341    ])
738     , -4908.32    , array([ 0.26724    ,  0.0488233  ,  0.295395   ,  5.96021    ])
739     , -4187.21    , array([ 0.311105   ,  0.0579181  ,  0.348989   ,  7.90665    ])
740     , -4503.8     , array([ 0.340762   ,  0.0626005  ,  0.357872   ,  7.67238    ])
741     , -4213.59    , array([ 0.289081   ,  0.0536592  ,  0.328055   ,  7.25016    ])
likelihood = -4186.56
theta = 17804.79
Optimized parameters = [0.30466163 0.05804686 0.31525739 7.74252136]

Round_4_Replicate_2
742     , -4378.26    , array([ 0.45036    ,  0.0874555  ,  0.195146   ,  22.0223    ])
743     , -4504.31    , array([ 0.432751   ,  0.0874555  ,  0.195146   ,  22.0223    ])
744     , -4476.98    , array([ 0.45036    ,  0.0774241  ,  0.195146   ,  22.0223    ])
745     , -4718.16    , array([ 0.45036    ,  0.0874555  ,  0.179836   ,  22.0223    ])
746     , -4378.17    , array([ 0.45036    ,  0.0874555  ,  0.195146   ,  25.7043    ])
747     , -4232.44    , array([ 0.441468   ,  0.0822871  ,  0.211759   ,  23.7921    ])
748     , -4146.56    , array([ 0.437088   ,  0.0798186  ,  0.229786   ,  24.7297    ])
749     , -4208.12    , array([ 0.461728   ,  0.0786122  ,  0.211759   ,  25.2123    ])
750     , -4151       , array([ 0.449239   ,  0.0894762  ,  0.220588   ,  26.9766    ])
751     , -4149.68    , array([ 0.448679   ,  0.080123   ,  0.234528   ,  29.8573    ])
752     , -4281.41    , array([ 0.447841   ,  0.0766907  ,  0.257105   ,  27.5695    ])
753     , -4166.97    , array([ 0.44847    ,  0.0792508  ,  0.239979   ,  27.0909    ])
754     , -4208.37    , array([ 0.430498   ,  0.0856636  ,  0.252229   ,  29.1358    ])
755     , -4157.45    , array([ 0.453714   ,  0.0803187  ,  0.221223   ,  26.1406    ])
756     , -4189.28    , array([ 0.445809   ,  0.0855439  ,  0.213694   ,  26.6356    ])
757     , -4145       , array([ 0.447803   ,  0.0807793  ,  0.233119   ,  26.9763    ])
758     , -4147.86    , array([ 0.437776   ,  0.0846482  ,  0.237963   ,  28.0417    ])
759     , -4182.04    , array([ 0.43646    ,  0.0739064  ,  0.247868   ,  27.7039    ])
760     , -4139.49    , array([ 0.446009   ,  0.0853004  ,  0.227113   ,  27.1566    ])
761     , -4144.55    , array([ 0.435702   ,  0.0851587  ,  0.22942    ,  23.8721    ])
762     , -4159.4     , array([ 0.445495   ,  0.0808489  ,  0.222013   ,  23.452     ])
763     , -4139.8     , array([ 0.439693   ,  0.083682   ,  0.233871   ,  26.8162    ])
764     , -4150.09    , array([ 0.447525   ,  0.0877915  ,  0.231948   ,  27.692     ])
765     , -4140.19    , array([ 0.439674   ,  0.0817412  ,  0.230325   ,  25.4392    ])
766     , -4157.42    , array([ 0.432833   ,  0.0872623  ,  0.227257   ,  24.6519    ])
767     , -4139.17    , array([ 0.444013   ,  0.0823534  ,  0.23164    ,  26.3755    ])
768     , -4143.76    , array([ 0.449076   ,  0.0813999  ,  0.232035   ,  29.2818    ])
769     , -4139.71    , array([ 0.445695   ,  0.0823237  ,  0.231379   ,  27.8241    ])
likelihood = -4139.17
theta = 12643.11
Optimized parameters = [ 0.44401259  0.08235343  0.23163963 26.37545784]

Round_4_Replicate_3
770     , -5390.82    , array([ 0.392903   ,  0.0370882  ,  0.331308   ,  25.8129    ])
771     , -5155.99    , array([ 0.374973   ,  0.0370882  ,  0.331308   ,  25.8129    ])
772     , -5841.76    , array([ 0.392903   ,  0.0314556  ,  0.331308   ,  25.8129    ])
773     , -5255.71    , array([ 0.392903   ,  0.0370882  ,  0.313504   ,  25.8129    ])
775     , -5422.38    , array([ 0.383833   ,  0.034156   ,  0.322283   ,  21.9405    ])
776     , -4849.42    , array([ 0.379377   ,  0.0419652  ,  0.317864   ,  23.7981    ])
777     , -4505.04    , array([ 0.37279    ,  0.0484714  ,  0.311347   ,  22.8504    ])
778     , -4737.72    , array([ 0.382714   ,  0.0460394  ,  0.321173   ,  28.5731    ])
779     , -4502.4     , array([ 0.369      ,  0.0472397  ,  0.307608   ,  25.552     ])
780     , -4269.15    , array([ 0.357599   ,  0.0533142  ,  0.296401   ,  25.4226    ])
781     , -4235.07    , array([ 0.352032   ,  0.0566384  ,  0.316085   ,  25.3581    ])
782     , -4208.95    , array([ 0.33322    ,  0.0699921  ,  0.317384   ,  25.1337    ])
783     , -4230.53    , array([ 0.347723   ,  0.0778068  ,  0.292747   ,  25.0222    ])
784     , -4368.25    , array([ 0.324741   ,  0.0814832  ,  0.288312   ,  21.1539    ])
785     , -4956.17    , array([ 0.311161   ,  0.100347   ,  0.286197   ,  25.4508    ])
786     , -4202.13    , array([ 0.356323   ,  0.058142   ,  0.30486    ,  23.4745    ])
787     , -4501.78    , array([ 0.374166   ,  0.0504234  ,  0.317809   ,  28.9607    ])
788     , -4184.46    , array([ 0.336449   ,  0.0722702  ,  0.295419   ,  22.882     ])
789     , -4584.89    , array([ 0.329585   ,  0.0897252  ,  0.308622   ,  22.8621    ])
790     , -4156.49    , array([ 0.35038    ,  0.0607241  ,  0.299411   ,  24.7568    ])
791     , -4209.23    , array([ 0.340239   ,  0.054314   ,  0.316012   ,  23.1044    ])
792     , -4159.99    , array([ 0.342094   ,  0.0594208  ,  0.310028   ,  23.5696    ])
793     , -4237.03    , array([ 0.359744   ,  0.0556321  ,  0.288083   ,  22.2747    ])
794     , -4156.99    , array([ 0.339662   ,  0.0660873  ,  0.309791   ,  24.3863    ])
795     , -4193.25    , array([ 0.328459   ,  0.0714     ,  0.302334   ,  24.3079    ])
796     , -4153.19    , array([ 0.335214   ,  0.067826   ,  0.302963   ,  24.0968    ])
797     , -4221.15    , array([ 0.347222   ,  0.0556478  ,  0.315954   ,  25.5906    ])
798     , -4148.67    , array([ 0.339111   ,  0.0676988  ,  0.300424   ,  23.531     ])
likelihood = -4148.67
theta = 16371.76
Optimized parameters = [ 0.3391107   0.06769883  0.30042428 23.53104442]

Round_4_Replicate_4
799     , -4997.19    , array([ 0.403711   ,  0.0488556  ,  0.225123   ,  10.8493    ])
800     , -5090.75    , array([ 0.38581    ,  0.0488556  ,  0.225123   ,  10.8493    ])
801     , -5419.36    , array([ 0.403711   ,  0.0420107  ,  0.225123   ,  10.8493    ])
802     , -5363.89    , array([ 0.403711   ,  0.0488556  ,  0.20895    ,  10.8493    ])
803     , -4997.02    , array([ 0.403711   ,  0.0488556  ,  0.225123   ,  12.2229    ])
804     , -4873.21    , array([ 0.394659   ,  0.0568157  ,  0.216886   ,  11.5156    ])
805     , -4742.5     , array([ 0.390209   ,  0.0660728  ,  0.212881   ,  11.864     ])
806     , -4562.05    , array([ 0.388004   ,  0.0568157  ,  0.235862   ,  12.0421    ])
807     , -4308.82    , array([ 0.380381   ,  0.0612697  ,  0.250591   ,  12.6868    ])
808     , -4393.11    , array([ 0.403139   ,  0.063626   ,  0.230967   ,  13.022     ])
809     , -4319.03    , array([ 0.384991   ,  0.0726097  ,  0.233946   ,  14.2663    ])
810     , -4352.97    , array([ 0.375959   ,  0.0885186  ,  0.238486   ,  13.6808    ])
811     , -4147.54    , array([ 0.381799   ,  0.0757585  ,  0.266939   ,  15.1355    ])
812     , -4377.37    , array([ 0.377661   ,  0.0811215  ,  0.298916   ,  17.0953    ])
813     , -4295       , array([ 0.359639   ,  0.0858457  ,  0.264501   ,  14.8665    ])
814     , -4210.26    , array([ 0.377177   ,  0.060766   ,  0.269772   ,  14.751     ])
815     , -4169.05    , array([ 0.364571   ,  0.0677695  ,  0.295314   ,  14.3839    ])
816     , -4390.54    , array([ 0.36124    ,  0.084465   ,  0.299292   ,  17.2227    ])
817     , -4177.53    , array([ 0.375502   ,  0.0663901  ,  0.261968   ,  13.6943    ])
818     , -4394.69    , array([ 0.390409   ,  0.0530147  ,  0.282191   ,  14.1061    ])
819     , -4166.31    , array([ 0.367097   ,  0.0761006  ,  0.268817   ,  14.6727    ])
820     , -4251.76    , array([ 0.367248   ,  0.0838142  ,  0.276187   ,  14.1787    ])
821     , -4154.29    , array([ 0.37467    ,  0.0658529  ,  0.271361   ,  14.6058    ])
822     , -4210.52    , array([ 0.368476   ,  0.0764031  ,  0.289469   ,  15.773     ])
823     , -4146.13    , array([ 0.373733   ,  0.0687631  ,  0.268588   ,  14.1867    ])
824     , -4206.34    , array([ 0.384265   ,  0.0753947  ,  0.244888   ,  14.9135    ])
825     , -4143.61    , array([ 0.369398   ,  0.0696002  ,  0.281809   ,  14.5145    ])
likelihood = -4143.61
theta = 15279.31
Optimized parameters = [ 0.36939759  0.06960024  0.28180903 14.51451882]

Round_4_Replicate_5
826     , -6614.86    , array([ 0.571281   ,  0.0371761  ,  0.234246   ,  12.2673    ])
827     , -6443.51    , array([ 0.555511   ,  0.0371761  ,  0.234246   ,  12.2673    ])
828     , -7239.52    , array([ 0.571281   ,  0.0315339  ,  0.234246   ,  12.2673    ])
829     , -6472.67    , array([ 0.571281   ,  0.0371761  ,  0.217849   ,  12.2673    ])
830     , -6609.01    , array([ 0.571281   ,  0.0371761  ,  0.234246   ,  13.9055    ])
831     , -5886.81    , array([ 0.563341   ,  0.0438279  ,  0.225899   ,  13.0608    ])
832     , -5335.56    , array([ 0.559412   ,  0.0516699  ,  0.221837   ,  13.4765    ])
833     , -5789.3     , array([ 0.557458   ,  0.0438279  ,  0.219834   ,  13.6893    ])
834     , -5463.23    , array([ 0.550672   ,  0.0475876  ,  0.212964   ,  11.9824    ])
835     , -5118.23    , array([ 0.540648   ,  0.0538405  ,  0.226412   ,  13.4238    ])
836     , -4676.37    , array([ 0.525953   ,  0.0647936  ,  0.230818   ,  14.0424    ])
837     , -4466.41    , array([ 0.541003   ,  0.0710793  ,  0.209017   ,  14.3622    ])
838     , -4154.75    , array([ 0.533892   ,  0.098284   ,  0.19744    ,  15.5402    ])
839     , -4225.3     , array([ 0.527595   ,  0.0902864  ,  0.211071   ,  13.7128    ])
840     , -4423.8     , array([ 0.522785   ,  0.114536   ,  0.216909   ,  16.7594    ])
841     , -5082.77    , array([ 0.497486   ,  0.157055   ,  0.205907   ,  16.6174    ])
842     , -4369.88    , array([ 0.512293   ,  0.118946   ,  0.209779   ,  15.7695    ])
843     , -5093.16    , array([ 0.522217   ,  0.169694   ,  0.188661   ,  16.9001    ])
844     , -4311.99    , array([ 0.525017   ,  0.0824263  ,  0.219469   ,  14.708     ])
845     , -4242.84    , array([ 0.526501   ,  0.081436   ,  0.20194    ,  13.2653    ])
846     , -4633.34    , array([ 0.544684   ,  0.0648851  ,  0.204865   ,  12.9304    ])
847     , -4206.22    , array([ 0.520206   ,  0.102223   ,  0.20854    ,  15.006     ])
848     , -4155.4     , array([ 0.529043   ,  0.104272   ,  0.190882   ,  14.0033    ])
849     , -4311.99    , array([ 0.528824   ,  0.119425   ,  0.201691   ,  15.9523    ])
850     , -4178.99    , array([ 0.527081   ,  0.0896161  ,  0.201878   ,  13.8913    ])
851     , -4162.32    , array([ 0.52747    ,  0.107318   ,  0.188717   ,  15.5318    ])
likelihood = -4154.75
theta = 10683.61
Optimized parameters = [ 0.53389211  0.09828401  0.19744039 15.54023695]

Round_1_Replicate_1
1717    , -320918     , array([ 0.579319   ,  1.31271    ,  7.79531    ,  0.182531   ])
1718    , -319454     , array([ 0.563721   ,  1.31271    ,  7.79531    ,  0.182531   ])
1719    , -321278     , array([ 0.579319   ,  1.33069    ,  7.79531    ,  0.182531   ])
1720    , -328192     , array([ 0.579319   ,  1.31271    ,  8.63824    ,  0.182531   ])
1721    , -320905     , array([ 0.579319   ,  1.31271    ,  7.79531    ,  0.16765    ])
1722    , -312880     , array([ 0.571467   ,  1.32167    ,  7.03464    ,  0.174932   ])
1723    , -304975     , array([ 0.567581   ,  1.32618    ,  6.34819    ,  0.171252   ])
1724    , -311930     , array([ 0.565647   ,  1.3016     ,  7.03464    ,  0.169441   ])
likelihood = -304974.66
theta = 12759.53
Optimized parameters = [0.56758062 1.32617552 6.34819283 0.17125201]

Round_1_Replicate_2
1725    , -125348     , array([ 1.58395    ,  0.221623   ,  1.66318    ,  0.424703   ])
1726    , -125921     , array([ 1.6208     ,  0.221623   ,  1.66318    ,  0.424703   ])
1727    , -121643     , array([ 1.58395    ,  0.20554    ,  1.66318    ,  0.424703   ])
1728    , -127186     , array([ 1.58395    ,  0.221623   ,  1.70603    ,  0.424703   ])
1729    , -125343     , array([ 1.58395    ,  0.221623   ,  1.66318    ,  0.406902   ])
1730    , -121948     , array([ 1.60227    ,  0.21343    ,  1.62141    ,  0.415708   ])
1731    , -121204     , array([ 1.55687    ,  0.209448   ,  1.64216    ,  0.411281   ])
1732    , -118897     , array([ 1.52585    ,  0.203613   ,  1.63175    ,  0.40473    ])
likelihood = -118896.81
theta = 12835.86
Optimized parameters = [1.52585247 0.2036134  1.63174978 0.40473014]

Round_1_Replicate_3
1733    , -338656     , array([ 5.6563     ,  0.748526   ,  5.40662    ,  0.642138   ])
1734    , -339613     , array([ 6.16821    ,  0.748526   ,  5.40662    ,  0.642138   ])
1735    , -337589     , array([ 5.6563     ,  0.737763   ,  5.40662    ,  0.642138   ])
1736    , -344532     , array([ 5.6563     ,  0.748526   ,  5.88264    ,  0.642138   ])
1737    , -338640     , array([ 5.6563     ,  0.748526   ,  5.40662    ,  0.628072   ])
1738    , -332461     , array([ 5.90671    ,  0.743125   ,  4.96912    ,  0.635066   ])
1739    , -326036     , array([ 6.03605    ,  0.740439   ,  4.56703    ,  0.631559   ])
1740    , -330895     , array([ 5.35816    ,  0.7391     ,  4.96912    ,  0.629813   ])
likelihood = -326035.58
theta = 8221.74
Optimized parameters = [6.03604718 0.74043946 4.56702559 0.6315594 ]

Round_1_Replicate_4
1741    , -27125.6    , array([ 0.362006   ,  0.215936   ,  0.507451   ,  0.510726   ])
1742    , -26340.6    , array([ 0.344073   ,  0.215936   ,  0.507451   ,  0.510726   ])
1743    , -25232.4    , array([ 0.362006   ,  0.200006   ,  0.507451   ,  0.510726   ])
1744    , -26475.7    , array([ 0.362006   ,  0.215936   ,  0.490528   ,  0.510726   ])
1745    , -27627.5    , array([ 0.362006   ,  0.215936   ,  0.507451   ,  0.493852   ])
1746    , -24991.7    , array([ 0.352926   ,  0.207818   ,  0.498917   ,  0.528176   ])
1747    , -23781.2    , array([ 0.348471   ,  0.203875   ,  0.494705   ,  0.546222   ])
1748    , -23798.4    , array([ 0.346265   ,  0.201931   ,  0.492612   ,  0.528176   ])
likelihood = -23781.2
theta = 18829.76
Optimized parameters = [0.34847143 0.20387452 0.49470478 0.54622181]

Round_1_Replicate_5
1749    , -132624     , array([ 1.41579    ,  0.528369   ,  1.05616    ,  0.966393   ])
1750    , -133267     , array([ 1.44062    ,  0.528369   ,  1.05616    ,  0.966393   ])
1751    , -130776     , array([ 1.41579    ,  0.511781   ,  1.05616    ,  0.966393   ])
1752    , -132848     , array([ 1.41579    ,  0.528369   ,  1.05905    ,  0.966393   ])
1753    , -132632     , array([ 1.41579    ,  0.528369   ,  1.05616    ,  0.964742   ])
1754    , -131168     , array([ 1.39139    ,  0.520009   ,  1.05761    ,  0.965567   ])
1755    , -130754     , array([ 1.40354    ,  0.515878   ,  1.054      ,  0.965155   ])
1756    , -129716     , array([ 1.39745    ,  0.509744   ,  1.05148    ,  0.964536   ])
likelihood = -129715.6
theta = 9858.31
Optimized parameters = [1.39745049 0.50974431 1.05148323 0.96453624]

Round_1_Replicate_6
1757    , -127286     , array([ 0.319625   ,  0.437619   ,  2.23837    ,  0.992637   ])
1758    , -125288     , array([ 0.301907   ,  0.437619   ,  2.23837    ,  0.992637   ])
1759    , -125073     , array([ 0.319625   ,  0.419905   ,  2.23837    ,  0.992637   ])
1760    , -130760     , array([ 0.319625   ,  0.437619   ,  2.33039    ,  0.992637   ])
1761    , -127286     , array([ 0.319625   ,  0.437619   ,  2.23837    ,  0.99227    ])
1762    , -121778     , array([ 0.310639   ,  0.428671   ,  2.14999    ,  0.992454   ])
1763    , -117418     , array([ 0.306242   ,  0.424265   ,  2.06509    ,  0.992362   ])
1764    , -120233     , array([ 0.304066   ,  0.42208    ,  2.14999    ,  0.992316   ])
likelihood = -117417.56
theta = 17218.0
Optimized parameters = [0.3062418  0.42426538 2.06509263 0.99236212]

Round_1_Replicate_7
1765    , -134565     , array([ 0.23723    ,  5.51653    ,  0.807474   ,  0.334732   ])
1766    , -132453     , array([ 0.220764   ,  5.51653    ,  0.807474   ,  0.334732   ])
1767    , -135375     , array([ 0.23723    ,  6.00826    ,  0.807474   ,  0.334732   ])
1768    , -134161     , array([ 0.23723    ,  5.51653    ,  0.798886   ,  0.334732   ])
1769    , -135005     , array([ 0.23723    ,  5.51653    ,  0.807474   ,  0.316907   ])
1770    , -132599     , array([ 0.228849   ,  5.06503    ,  0.803169   ,  0.325698   ])
1771    , -132030     , array([ 0.224771   ,  5.28596    ,  0.801025   ,  0.348755   ])
1772    , -130808     , array([ 0.218788   ,  5.17432    ,  0.797819   ,  0.36586    ])
likelihood = -130807.52
theta = 11248.47
Optimized parameters = [0.21878817 5.17431974 0.79781945 0.36586038]

Round_1_Replicate_8
1773    , -169004     , array([ 0.394706   ,  0.152208   ,  5.86191    ,  4.55129    ])
1774    , -167247     , array([ 0.37678    ,  0.152208   ,  5.86191    ,  4.55129    ])
1775    , -163539     , array([ 0.394706   ,  0.138535   ,  5.86191    ,  4.55129    ])
1776    , -177539     , array([ 0.394706   ,  0.152208   ,  6.40385    ,  4.55129    ])
1777    , -169004     , array([ 0.394706   ,  0.152208   ,  5.86191    ,  4.90955    ])
1778    , -157039     , array([ 0.385639   ,  0.145211   ,  5.36583    ,  4.72703    ])
1779    , -147102     , array([ 0.381184   ,  0.141833   ,  4.91174    ,  4.81742    ])
1780    , -154412     , array([ 0.378976   ,  0.140175   ,  5.36583    ,  4.34078    ])
likelihood = -147102.35
theta = 28293.71
Optimized parameters = [0.38118386 0.1418335  4.91173661 4.81742188]

Round_1_Replicate_9
1781    , -176880     , array([ 4.83269    ,  0.294587   ,  1.14837    ,  0.129305   ])
1782    , -177480     , array([ 5.22875    ,  0.294587   ,  1.14837    ,  0.129305   ])
1783    , -170978     , array([ 4.83269    ,  0.277124   ,  1.14837    ,  0.129305   ])
1784    , -177089     , array([ 4.83269    ,  0.294587   ,  1.15634    ,  0.129305   ])
1785    , -184057     , array([ 4.83269    ,  0.294587   ,  1.14837    ,  0.116734   ])
1786    , -167789     , array([ 5.02682    ,  0.285722   ,  1.15235    ,  0.14323    ])
1787    , -160681     , array([ 5.12679    ,  0.28139    ,  1.15434    ,  0.158655   ])
1788    , -165029     , array([ 4.60053    ,  0.279249   ,  1.15534    ,  0.14323    ])
likelihood = -160681.17
theta = 12299.62
Optimized parameters = [5.12679355 0.28139027 1.1543404  0.15865528]

Round_1_Replicate_10
1789    , -165595     , array([ 0.320574   ,  1.96539    ,  1.61876    ,  0.635437   ])
1790    , -163243     , array([ 0.302848   ,  1.96539    ,  1.61876    ,  0.635437   ])
1791    , -166500     , array([ 0.320574   ,  2.03293    ,  1.61876    ,  0.635437   ])
1792    , -167357     , array([ 0.320574   ,  1.96539    ,  1.65821    ,  0.635437   ])
1793    , -165552     , array([ 0.320574   ,  1.96539    ,  1.61876    ,  0.621192   ])
1794    , -163105     , array([ 0.311585   ,  1.99888    ,  1.58024    ,  0.628274   ])
1795    , -161036     , array([ 0.307186   ,  2.01583    ,  1.54264    ,  0.624723   ])
1796    , -161203     , array([ 0.305009   ,  1.92433    ,  1.58024    ,  0.622955   ])
likelihood = -161036.09
theta = 11236.77
Optimized parameters = [0.30718568 2.01582986 1.54263533 0.62472338]

Round_2_Replicate_1
1797    , -52236.6    , array([ 0.109661   ,  0.180288   ,  1.87076    ,  1.09415    ])
1798    , -51870.4    , array([ 0.0981876  ,  0.180288   ,  1.87076    ,  1.09415    ])
1799    , -48812.6    , array([ 0.109661   ,  0.165487   ,  1.87076    ,  1.09415    ])
1800    , -53689.8    , array([ 0.109661   ,  0.180288   ,  1.93028    ,  1.09415    ])
1801    , -52246.6    , array([ 0.109661   ,  0.180288   ,  1.87076    ,  1.09908    ])
1802    , -48918.9    , array([ 0.103766   ,  0.172729   ,  1.81308    ,  1.09661    ])
1803    , -48652.2    , array([ 0.100938   ,  0.169069   ,  1.8417     ,  1.09046    ])
1804    , -46963.6    , array([ 0.0968405  ,  0.163725   ,  1.82733    ,  1.08618    ])
1805    , -46161      , array([ 0.0948544  ,  0.161116   ,  1.82019    ,  1.09138    ])
1806    , -43450.7    , array([ 0.0882184  ,  0.152309   ,  1.79542    ,  1.09       ])
1807    , -42278.5    , array([ 0.100417   ,  0.148088   ,  1.78317    ,  1.08931    ])
1808    , -37941      , array([ 0.10155    ,  0.134213   ,  1.74092    ,  1.0869     ])
likelihood = -37940.97
theta = 41237.05
Optimized parameters = [0.10155018 0.13421308 1.74091993 1.08690473]

Round_2_Replicate_2
1809    , -43542.8    , array([ 0.702461   ,  0.0997063  ,  0.858151   ,  0.49945    ])
1810    , -43018.8    , array([ 0.690166   ,  0.0997063  ,  0.858151   ,  0.49945    ])
1811    , -42198.6    , array([ 0.702461   ,  0.0888503  ,  0.858151   ,  0.49945    ])
1812    , -43278.1    , array([ 0.702461   ,  0.0997063  ,  0.851612   ,  0.49945    ])
1813    , -43685.5    , array([ 0.702461   ,  0.0997063  ,  0.858151   ,  0.48241    ])
1814    , -42320      , array([ 0.696286   ,  0.0941219  ,  0.854875   ,  0.517091   ])
1815    , -41862.9    , array([ 0.693219   ,  0.0914481  ,  0.853242   ,  0.508194   ])
1816    , -41077.2    , array([ 0.688644   ,  0.0875791  ,  0.850798   ,  0.512624   ])
1817    , -41077.8    , array([ 0.686368   ,  0.0857065  ,  0.859383   ,  0.514853   ])
1818    , -40525      , array([ 0.696671   ,  0.079462   ,  0.853446   ,  0.522731   ])
1819    , -39583.5    , array([ 0.699946   ,  0.0709378  ,  0.851103   ,  0.534776   ])
likelihood = -39583.48
theta = 17338.32
Optimized parameters = [0.6999462  0.07093779 0.85110344 0.53477572]

Round_2_Replicate_3
1820    , -55243.1    , array([ 0.0929692  ,  0.596431   ,  0.308254   ,  1.03891    ])
1821    , -57795.9    , array([ 0.0825574  ,  0.596431   ,  0.308254   ,  1.03891    ])
1822    , -54323.9    , array([ 0.0929692  ,  0.581217   ,  0.308254   ,  1.03891    ])
1823    , -54768.3    , array([ 0.0929692  ,  0.596431   ,  0.290639   ,  1.03891    ])
1824    , -55232.4    , array([ 0.0929692  ,  0.596431   ,  0.308254   ,  1.0409     ])
1825    , -52097.5    , array([ 0.104694   ,  0.588775   ,  0.299317   ,  1.0399     ])
1826    , -49440      , array([ 0.117898   ,  0.584984   ,  0.294946   ,  1.0404     ])
1827    , -51570.6    , array([ 0.104694   ,  0.583098   ,  0.292784   ,  1.04065    ])
1828    , -49811.9    , array([ 0.1111     ,  0.576543   ,  0.285343   ,  1.03854    ])
1829    , -47940.9    , array([ 0.121451   ,  0.566849   ,  0.299868   ,  1.04034    ])
1830    , -44868.4    , array([ 0.138814   ,  0.552612   ,  0.304591   ,  1.04105    ])
likelihood = -44868.39
theta = 16420.95
Optimized parameters = [0.13881355 0.55261237 0.30459125 1.04105092]

Round_2_Replicate_4
1831    , -26082.2    , array([ 0.116038   ,  0.126814   ,  1.24421    ,  1.27931    ])
1832    , -26170.3    , array([ 0.104191   ,  0.126814   ,  1.24421    ,  1.27931    ])
1833    , -23472.5    , array([ 0.116038   ,  0.114373   ,  1.24421    ,  1.27931    ])
1834    , -26376      , array([ 0.116038   ,  0.126814   ,  1.25788    ,  1.27931    ])
1835    , -26102.1    , array([ 0.116038   ,  0.126814   ,  1.24421    ,  1.29516    ])
1836    , -24489.2    , array([ 0.109955   ,  0.120433   ,  1.23069    ,  1.28721    ])
1837    , -24100.5    , array([ 0.125799   ,  0.117364   ,  1.23743    ,  1.29118    ])
1838    , -22963      , array([ 0.117611   ,  0.112907   ,  1.23406    ,  1.27341    ])
1839    , -21513.6    , array([ 0.118405   ,  0.106536   ,  1.22901    ,  1.26268    ])
1840    , -20848.2    , array([ 0.118804   ,  0.103487   ,  1.2265     ,  1.28079    ])
1841    , -18589.8    , array([ 0.120212   ,  0.0934853  ,  1.21773    ,  1.28153    ])
likelihood = -18589.8
theta = 40408.49
Optimized parameters = [0.12021165 0.09348525 1.21773429 1.28152703]

Round_2_Replicate_5
1842    , -58868.7    , array([ 1.31778    ,  0.766269   ,  0.160753   ,  0.979473   ])
1843    , -59250.7    , array([ 1.33609    ,  0.766269   ,  0.160753   ,  0.979473   ])
1844    , -58319.9    , array([ 1.31778    ,  0.756137   ,  0.160753   ,  0.979473   ])
1845    , -57258.8    , array([ 1.31778    ,  0.766269   ,  0.146712   ,  0.979473   ])
1846    , -58906.7    , array([ 1.31778    ,  0.766269   ,  0.160753   ,  0.978458   ])
1847    , -57413.6    , array([ 1.29973    ,  0.761186   ,  0.153572   ,  0.978965   ])
1848    , -57023.5    , array([ 1.30872    ,  0.758658   ,  0.150103   ,  0.980235   ])
1849    , -56122.4    , array([ 1.30422    ,  0.75488    ,  0.145046   ,  0.981125   ])
1850    , -55738.9    , array([ 1.30197    ,  0.752998   ,  0.142581   ,  0.980045   ])
1851    , -54294      , array([ 1.29413    ,  0.746449   ,  0.134281   ,  0.980331   ])
1852    , -54382.6    , array([ 1.29023    ,  0.758184   ,  0.130314   ,  0.980474   ])
likelihood = -54293.96
theta = 9061.78
Optimized parameters = [1.29413314 0.74644932 0.13428088 0.98033062]

Round_2_Replicate_6
1853    , -56871.7    , array([ 0.10752    ,  0.527401   ,  0.133604   ,  0.376421   ])
1854    , -59695.3    , array([ 0.0961756  ,  0.527401   ,  0.133604   ,  0.376421   ])
1855    , -55888.4    , array([ 0.10752    ,  0.510797   ,  0.133604   ,  0.376421   ])
1856    , -56909.1    , array([ 0.10752    ,  0.527401   ,  0.120812   ,  0.376421   ])
1857    , -57367.2    , array([ 0.10752    ,  0.527401   ,  0.133604   ,  0.358473   ])
1858    , -53987.8    , array([ 0.120203   ,  0.519033   ,  0.127047   ,  0.367337   ])
1859    , -51487.6    , array([ 0.134382   ,  0.514898   ,  0.12389    ,  0.362878   ])
1860    , -53041.3    , array([ 0.120203   ,  0.512843   ,  0.122342   ,  0.388091   ])
1861    , -51755      , array([ 0.127095   ,  0.505716   ,  0.136149   ,  0.375273   ])
1862    , -49337.6    , array([ 0.138181   ,  0.49521    ,  0.124281   ,  0.374701   ])
1863    , -46101.9    , array([ 0.156649   ,  0.479859   ,  0.119866   ,  0.373843   ])
likelihood = -46101.88
theta = 17781.63
Optimized parameters = [0.15664855 0.4798588  0.11986595 0.37384345]

Round_2_Replicate_7
1864    , -53971.8    , array([ 0.119294   ,  0.381362   ,  0.563803   ,  0.294762   ])
1865    , -55160.8    , array([ 0.107263   ,  0.381362   ,  0.563803   ,  0.294762   ])
1866    , -52113.3    , array([ 0.119294   ,  0.363416   ,  0.563803   ,  0.294762   ])
1867    , -53607.6    , array([ 0.119294   ,  0.381362   ,  0.547878   ,  0.294762   ])
1868    , -54968.8    , array([ 0.119294   ,  0.381362   ,  0.563803   ,  0.277297   ])
1869    , -52563.4    , array([ 0.132675   ,  0.372281   ,  0.555783   ,  0.285896   ])
1870    , -51079      , array([ 0.125807   ,  0.367822   ,  0.551816   ,  0.308579   ])
1871    , -49158.7    , array([ 0.129195   ,  0.361233   ,  0.545919   ,  0.325519   ])
1872    , -49688.4    , array([ 0.130924   ,  0.357983   ,  0.542994   ,  0.305065   ])
1873    , -48175      , array([ 0.137157   ,  0.346837   ,  0.556281   ,  0.310351   ])
1874    , -45633.3    , array([ 0.147067   ,  0.330765   ,  0.560531   ,  0.318452   ])
likelihood = -45633.33
theta = 20125.42
Optimized parameters = [0.14706692 0.33076457 0.56053092 0.31845191]

Round_2_Replicate_8
1875    , -7545.03    , array([ 0.460174   ,  0.118312   ,  0.222465   ,  1.14946    ])
1876    , -7317.3     , array([ 0.442658   ,  0.118312   ,  0.222465   ,  1.14946    ])
1877    , -7177.71    , array([ 0.460174   ,  0.106336   ,  0.222465   ,  1.14946    ])
1878    , -7361.59    , array([ 0.460174   ,  0.118312   ,  0.20636    ,  1.14946    ])
1879    , -7518.44    , array([ 0.460174   ,  0.118312   ,  0.222465   ,  1.15749    ])
1880    , -7132.64    , array([ 0.451331   ,  0.112164   ,  0.214261   ,  1.15347    ])
1881    , -6958.8     , array([ 0.446974   ,  0.109211   ,  0.210274   ,  1.15548    ])
1882    , -6914.76    , array([ 0.444811   ,  0.107764   ,  0.208308   ,  1.14447    ])
1883    , -6702.67    , array([ 0.437322   ,  0.102848   ,  0.20157    ,  1.13801    ])
1884    , -6679.79    , array([ 0.433626   ,  0.100475   ,  0.221944   ,  1.14671    ])
1885    , -6395.25    , array([ 0.420931   ,  0.0925918  ,  0.230171   ,  1.14534    ])
1886    , -6455.52    , array([ 0.439582   ,  0.0888853  ,  0.209411   ,  1.14465    ])
likelihood = -6395.25
theta = 17926.53
Optimized parameters = [0.42093123 0.09259184 0.23017119 1.14533831]

Round_2_Replicate_9
1887    , -32914.9    , array([ 1.10158    ,  0.156347   ,  0.32686    ,  0.717464   ])
1888    , -33029.4    , array([ 1.10692    ,  0.156347   ,  0.32686    ,  0.717464   ])
1889    , -31967.1    , array([ 1.10158    ,  0.142493   ,  0.32686    ,  0.717464   ])
1890    , -31920.4    , array([ 1.10158    ,  0.156347   ,  0.309086   ,  0.717464   ])
1891    , -33087.5    , array([ 1.10158    ,  0.156347   ,  0.32686    ,  0.705651   ])
1892    , -31814.2    , array([ 1.10425    ,  0.149259   ,  0.317849   ,  0.729474   ])
1893    , -31211.1    , array([ 1.10558    ,  0.145837   ,  0.313437   ,  0.741686   ])
1894    , -30993.6    , array([ 1.09825    ,  0.144155   ,  0.311254   ,  0.729474   ])
1895    , -30061.4    , array([ 1.09395    ,  0.138421   ,  0.303733   ,  0.735555   ])
1896    , -29782.8    , array([ 1.09975    ,  0.13564    ,  0.30004    ,  0.738614   ])
1897    , -28457.1    , array([ 1.09884    ,  0.126339   ,  0.287468   ,  0.749422   ])
1898    , -28811.5    , array([ 1.09838    ,  0.140137   ,  0.28138    ,  0.754885   ])
likelihood = -28457.11
theta = 13002.47
Optimized parameters = [1.09883566 0.12633856 0.28746766 0.74942175]

Round_2_Replicate_10
1899    , -40924.2    , array([ 0.271199   ,  0.369569   ,  0.371845   ,  0.396476   ])
1900    , -40389.6    , array([ 0.254069   ,  0.369569   ,  0.371845   ,  0.396476   ])
1901    , -39102.5    , array([ 0.271199   ,  0.351625   ,  0.371845   ,  0.396476   ])
1902    , -40267      , array([ 0.271199   ,  0.369569   ,  0.3539     ,  0.396476   ])
1903    , -42157.3    , array([ 0.271199   ,  0.369569   ,  0.371845   ,  0.378554   ])
1904    , -38284.4    , array([ 0.262494   ,  0.360485   ,  0.362761   ,  0.415247   ])
1905    , -36543.2    , array([ 0.258248   ,  0.356028   ,  0.358303   ,  0.434906   ])
1906    , -37227.5    , array([ 0.25615    ,  0.353819   ,  0.356095   ,  0.415247   ])
1907    , -36122      , array([ 0.274537   ,  0.346198   ,  0.348471   ,  0.424963   ])
1908    , -34094.3    , array([ 0.285381   ,  0.335073   ,  0.337341   ,  0.439965   ])
1909    , -33361.3    , array([ 0.263836   ,  0.329646   ,  0.357473   ,  0.447663   ])
1910    , -30316.9    , array([ 0.26023    ,  0.311332   ,  0.359274   ,  0.475684   ])
likelihood = -30316.88
theta = 18377.29
Optimized parameters = [0.26022961 0.31133202 0.35927366 0.47568372]

Round_3_Replicate_1
1911    , -20419.8    , array([ 0.206922   ,  0.0267096  ,  0.0974461  ,  1.55627    ])
1912    , -21736.8    , array([ 0.191248   ,  0.0267096  ,  0.0974461  ,  1.55627    ])
1913    , -21268.2    , array([ 0.206922   ,  0.0222844  ,  0.0974461  ,  1.55627    ])
1914    , -21879.3    , array([ 0.206922   ,  0.0267096  ,  0.0867366  ,  1.55627    ])
1915    , -20522.3    , array([ 0.206922   ,  0.0267096  ,  0.0974461  ,  1.59107    ])
1916    , -20024.8    , array([ 0.19893    ,  0.0243969  ,  0.109478   ,  1.57358    ])
1917    , -19033.9    , array([ 0.195051   ,  0.0233167  ,  0.122995   ,  1.5823     ])
1918    , -18997.6    , array([ 0.217364   ,  0.0227947  ,  0.109478   ,  1.58668    ])
1919    , -17765.4    , array([ 0.23173    ,  0.021058   ,  0.11604    ,  1.60211    ])
1920    , -17577.2    , array([ 0.212601   ,  0.0265589  ,  0.119467   ,  1.60988    ])
1921    , -15776.2    , array([ 0.215499   ,  0.0289944  ,  0.132278   ,  1.63737    ])
1922    , -15957      , array([ 0.216963   ,  0.0230869  ,  0.139191   ,  1.59741    ])
1923    , -13869.5    , array([ 0.222164   ,  0.0214642  ,  0.166354   ,  1.65457    ])
1924    , -10954.6    , array([ 0.230202   ,  0.0192415  ,  0.217353   ,  1.70602    ])
1925    , -11647.2    , array([ 0.256043   ,  0.0223357  ,  0.175206   ,  1.68978    ])
1926    , -9421.5     , array([ 0.226539   ,  0.0254707  ,  0.228192   ,  1.71395    ])
1927    , -6217.7     , array([ 0.223988   ,  0.0280125  ,  0.319997   ,  1.77276    ])
1928    , -6831.7     , array([ 0.245844   ,  0.0255909  ,  0.288447   ,  1.81088    ])
1929    , -6145       , array([ 0.264367   ,  0.0191436  ,  0.448202   ,  1.85794    ])
1930    , -12654.7    , array([ 0.292812   ,  0.0155554  ,  0.825025   ,  1.97913    ])
likelihood = -6145.0
theta = 25115.07
Optimized parameters = [0.26436736 0.01914365 0.44820248 1.8579391 ]

Round_3_Replicate_2
1931    , -74984.5    , array([ 1.23933    ,  0.276576   ,  0.440842   ,  0.323224   ])
1932    , -75234.3    , array([ 1.2527     ,  0.276576   ,  0.440842   ,  0.323224   ])
1933    , -71879.6    , array([ 1.23933    ,  0.259362   ,  0.440842   ,  0.323224   ])
1934    , -74090.6    , array([ 1.23933    ,  0.276576   ,  0.423153   ,  0.323224   ])
1935    , -77378.9    , array([ 1.23933    ,  0.276576   ,  0.440842   ,  0.305477   ])
1936    , -70885.6    , array([ 1.246      ,  0.267831   ,  0.431907   ,  0.342001   ])
1937    , -67939.7    , array([ 1.24935    ,  0.263562   ,  0.427507   ,  0.36187    ])
1938    , -69165.8    , array([ 1.23105    ,  0.261454   ,  0.425325   ,  0.342001   ])
1939    , -66681.6    , array([ 1.24017    ,  0.254205   ,  0.417772   ,  0.351796   ])
1940    , -62929      , array([ 1.24058    ,  0.243707   ,  0.406694   ,  0.367015   ])
1941    , -62480.8    , array([ 1.24079    ,  0.238622   ,  0.426688   ,  0.37487    ])
1942    , -57840.9    , array([ 1.24152    ,  0.221646   ,  0.428466   ,  0.40371    ])
1943    , -57582.2    , array([ 1.24188    ,  0.235232   ,  0.403776   ,  0.418952   ])
1944    , -51971.1    , array([ 1.24316    ,  0.224023   ,  0.386429   ,  0.476974   ])
1945    , -52299.8    , array([ 1.25637    ,  0.216002   ,  0.398913   ,  0.467598   ])
1946    , -47047      , array([ 1.24145    ,  0.193979   ,  0.383373   ,  0.502351   ])
1947    , -40612      , array([ 1.23751    ,  0.166415   ,  0.363045   ,  0.591882   ])
1948    , -41791.9    , array([ 1.24867    ,  0.173353   ,  0.380755   ,  0.629002   ])
1949    , -37705.2    , array([ 1.25132    ,  0.168569   ,  0.340691   ,  0.713769   ])
1950    , -31538.2    , array([ 1.25625    ,  0.147006   ,  0.303796   ,  0.949077   ])
likelihood = -31538.23
theta = 11820.95
Optimized parameters = [1.25624924 0.14700648 0.30379647 0.94907677]

Round_3_Replicate_3
1951    , -6301.59    , array([ 0.210605   ,  0.0451846  ,  0.327373   ,  0.331469   ])
1952    , -6005       , array([ 0.194824   ,  0.0451846  ,  0.327373   ,  0.331469   ])
1953    , -6422.62    , array([ 0.210605   ,  0.0387026  ,  0.327373   ,  0.331469   ])
1954    , -6374.35    , array([ 0.210605   ,  0.0451846  ,  0.309596   ,  0.331469   ])
1955    , -6532.08    , array([ 0.210605   ,  0.0451846  ,  0.327373   ,  0.313665   ])
1956    , -6066.46    , array([ 0.202561   ,  0.0418182  ,  0.31836    ,  0.350285   ])
1957    , -6062.57    , array([ 0.198655   ,  0.0507491  ,  0.313948   ,  0.340747   ])
1958    , -5844.66    , array([ 0.192936   ,  0.0460677  ,  0.3343     ,  0.345483   ])
1959    , -5679.72    , array([ 0.184666   ,  0.0465157  ,  0.347381   ,  0.35271    ])
1960    , -5841.82    , array([ 0.180664   ,  0.0467414  ,  0.325664   ,  0.356381   ])
1961    , -5869.4     , array([ 0.177396   ,  0.0533943  ,  0.338703   ,  0.34016    ])
1962    , -5658.03    , array([ 0.170932   ,  0.04513    ,  0.356748   ,  0.349379   ])
1963    , -5629.91    , array([ 0.158557   ,  0.0425582  ,  0.38029    ,  0.353777   ])
1964    , -5877.94    , array([ 0.157236   ,  0.0491926  ,  0.368733   ,  0.371047   ])
1965    , -5738.04    , array([ 0.165892   ,  0.0481584  ,  0.357927   ,  0.36073    ])
1966    , -5638.62    , array([ 0.16699    ,  0.0395352  ,  0.366373   ,  0.37234    ])
1967    , -5440.58    , array([ 0.157642   ,  0.0415354  ,  0.404157   ,  0.363263   ])
1968    , -5293.28    , array([ 0.147255   ,  0.039154   ,  0.450235   ,  0.366754   ])
likelihood = -5293.28
theta = 31144.97
Optimized parameters = [0.14725543 0.03915402 0.45023536 0.36675357]

Round_3_Replicate_4
1969    , -20551.3    , array([ 1.17588    ,  0.209026   ,  0.203014   ,  1.74984    ])
1970    , -20720.1    , array([ 1.18544    ,  0.209026   ,  0.203014   ,  1.74984    ])
1971    , -19978.6    , array([ 1.17588    ,  0.193291   ,  0.203014   ,  1.74984    ])
1972    , -19386.4    , array([ 1.17588    ,  0.209026   ,  0.187458   ,  1.74984    ])
1973    , -20314.1    , array([ 1.17588    ,  0.209026   ,  0.203014   ,  1.79949    ])
1974    , -19381.7    , array([ 1.16639    ,  0.201005   ,  0.195081   ,  1.77449    ])
1975    , -18746.1    , array([ 1.15698    ,  0.19711    ,  0.191231   ,  1.78695    ])
1976    , -18677.9    , array([ 1.16639    ,  0.195191   ,  0.189335   ,  1.7932     ])
1977    , -17827.4    , array([ 1.16168    ,  0.188621   ,  0.182845   ,  1.81529    ])
1978    , -17780.5    , array([ 1.15933    ,  0.185419   ,  0.179684   ,  1.75137    ])
1979    , -16766.2    , array([ 1.15114    ,  0.174635   ,  0.169044   ,  1.7278     ])
1980    , -16514      , array([ 1.14706    ,  0.190591   ,  0.163963   ,  1.78968    ])
1981    , -15152.1    , array([ 1.13292    ,  0.189256   ,  0.147352   ,  1.80994    ])
1982    , -15050.8    , array([ 1.12592    ,  0.167702   ,  0.157433   ,  1.82015    ])
1983    , -13481.2    , array([ 1.10174    ,  0.150213   ,  0.144276   ,  1.85636    ])
1984    , -13489.4    , array([ 1.11666    ,  0.155249   ,  0.134047   ,  1.81665    ])
1985    , -12582.2    , array([ 1.09038    ,  0.147187   ,  0.120038   ,  1.78896    ])
1986    , -11527      , array([ 1.05639    ,  0.130019   ,  0.0972609  ,  1.77594    ])
1987    , -10981.4    , array([ 1.05411    ,  0.137172   ,  0.0984854  ,  1.90555    ])
1988    , -10182.5    , array([ 1.00871    ,  0.121572   ,  0.0751722  ,  2.00117    ])
1989    , -10639.1    , array([ 1.01064    ,  0.101447   ,  0.0806988  ,  1.91276    ])
likelihood = -10182.49
theta = 10356.49
Optimized parameters = [1.00871001 0.12157219 0.07517219 2.00116917]

Round_3_Replicate_5
1990    , -23468.9    , array([ 0.69491    ,  0.0291887  ,  0.0852422  ,  0.35343    ])
1991    , -23168.3    , array([ 0.682378   ,  0.0291887  ,  0.0852422  ,  0.35343    ])
1992    , -24211.5    , array([ 0.69491    ,  0.024461   ,  0.0852422  ,  0.35343    ])
1993    , -23550      , array([ 0.69491    ,  0.0291887  ,  0.075368   ,  0.35343    ])
1994    , -24042.9    , array([ 0.69491    ,  0.0291887  ,  0.0852422  ,  0.335521   ])
1995    , -22966.7    , array([ 0.688615   ,  0.03483    ,  0.0801532  ,  0.344359   ])
1996    , -22451.4    , array([ 0.685489   ,  0.0415616  ,  0.0777238  ,  0.339911   ])
1997    , -22241.3    , array([ 0.683932   ,  0.03483    ,  0.0765369  ,  0.365106   ])
1998    , -21377.6    , array([ 0.678508   ,  0.0380472  ,  0.0725235  ,  0.380864   ])
1999    , -21685.6    , array([ 0.675812   ,  0.0397656  ,  0.0849148  ,  0.359805   ])
2000    , -20943.6    , array([ 0.666461   ,  0.0464146  ,  0.0749343  ,  0.363036   ])
2001    , -19885.7    , array([ 0.652677   ,  0.0585295  ,  0.0702577  ,  0.367936   ])
2002    , -19869.7    , array([ 0.663766   ,  0.0657257  ,  0.06803    ,  0.37041    ])
2003    , -19358.2    , array([ 0.654652   ,  0.098627   ,  0.0607748  ,  0.379204   ])
2004    , -18314.7    , array([ 0.64572    ,  0.0711063  ,  0.065976   ,  0.406795   ])
2005    , -16773.5    , array([ 0.626708   ,  0.0930071  ,  0.0607858  ,  0.445021   ])
2006    , -17622.9    , array([ 0.630723   ,  0.113657   ,  0.0510935  ,  0.427396   ])
2007    , -22723.6    , array([ 0.605691   ,  0.205314   ,  0.0502128  ,  0.427719   ])
2008    , -19428.8    , array([ 0.659522   ,  0.0579892  ,  0.066155   ,  0.392073   ])
2009    , -17463.1    , array([ 0.632956   ,  0.132847   ,  0.050296   ,  0.457039   ])
likelihood = -16773.54
theta = 16672.28
Optimized parameters = [0.62670843 0.09300706 0.06078581 0.44502113]

Round_4_Replicate_1
2010    , -8577.38    , array([ 0.133648   ,  0.0259067  ,  0.228956   ,  0.191525   ])
2011    , -8794.2     , array([ 0.120854   ,  0.0259067  ,  0.228956   ,  0.191525   ])
2012    , -9242.3     , array([ 0.133648   ,  0.0215815  ,  0.228956   ,  0.191525   ])
2013    , -8832.71    , array([ 0.133648   ,  0.0259067  ,  0.212687   ,  0.191525   ])
2014    , -8645.67    , array([ 0.133648   ,  0.0259067  ,  0.228956   ,  0.176334   ])
2015    , -8118.66    , array([ 0.12709    ,  0.0310986  ,  0.220672   ,  0.183772   ])
2016    , -7686.68    , array([ 0.123933   ,  0.0373311  ,  0.216642   ,  0.180015   ])
2017    , -7877.57    , array([ 0.122383   ,  0.0310986  ,  0.239751   ,  0.178165   ])
2018    , -7840.66    , array([ 0.136193   ,  0.0340726  ,  0.227904   ,  0.171838   ])
2019    , -7503.38    , array([ 0.124323   ,  0.0390754  ,  0.22738    ,  0.184247   ])
2020    , -7573.18    , array([ 0.119907   ,  0.0479898  ,  0.226595   ,  0.188336   ])
2021    , -7502.62    , array([ 0.119907   ,  0.0479898  ,  0.226595   ,  0.16638    ])
2022    , -9932.06    , array([ 0.113576   ,  0.0653156  ,  0.225424   ,  0.155074   ])
2023    , -7577.91    , array([ 0.129612   ,  0.0496618  ,  0.210372   ,  0.17284    ])
2024    , -8192.7     , array([ 0.113621   ,  0.0547226  ,  0.212625   ,  0.179724   ])
2025    , -7505.51    , array([ 0.130161   ,  0.0383571  ,  0.223984   ,  0.173777   ])
2026    , -7596.78    , array([ 0.127961   ,  0.0506279  ,  0.227437   ,  0.168563   ])
2027    , -7409.17    , array([ 0.126942   ,  0.0469148  ,  0.224689   ,  0.171356   ])
2028    , -7413.91    , array([ 0.121086   ,  0.0369897  ,  0.242054   ,  0.174805   ])
2029    , -7460.19    , array([ 0.116296   ,  0.04703    ,  0.236336   ,  0.174375   ])
2030    , -7710.38    , array([ 0.117762   ,  0.0506471  ,  0.237348   ,  0.159999   ])
2031    , -7374.33    , array([ 0.122649   ,  0.0416932  ,  0.229832   ,  0.177861   ])
2032    , -7393.98    , array([ 0.123486   ,  0.0384386  ,  0.239865   ,  0.183192   ])
2033    , -7590.26    , array([ 0.131197   ,  0.0354598  ,  0.231689   ,  0.179157   ])
2034    , -7340.86    , array([ 0.119855   ,  0.0438243  ,  0.235166   ,  0.175559   ])
2035    , -7450.34    , array([ 0.125365   ,  0.0490736  ,  0.222974   ,  0.179102   ])
2036    , -7348.04    , array([ 0.122142   ,  0.0396984  ,  0.237136   ,  0.175869   ])
likelihood = -7340.86
theta = 29860.83
Optimized parameters = [0.11985496 0.04382435 0.23516573 0.17555859]

Round_4_Replicate_2
2037    , -12435.3    , array([ 0.087225   ,  0.0714871  ,  0.520563   ,  0.516856   ])
2038    , -14358.2    , array([ 0.07721    ,  0.0714871  ,  0.520563   ,  0.516856   ])
2039    , -11602.7    , array([ 0.087225   ,  0.0626526  ,  0.520563   ,  0.516856   ])
2040    , -12647      , array([ 0.087225   ,  0.0714871  ,  0.503845   ,  0.516856   ])
2041    , -12419.8    , array([ 0.087225   ,  0.0714871  ,  0.520563   ,  0.500079   ])
2042    , -10365.4    , array([ 0.0985392  ,  0.0669243  ,  0.512136   ,  0.508398   ])
2043    , -8706.47    , array([ 0.111321   ,  0.0647532  ,  0.507974   ,  0.504221   ])
2044    , -9856.71    , array([ 0.0985392  ,  0.0636943  ,  0.531292   ,  0.502146   ])
2045    , -8906.87    , array([ 0.104735   ,  0.0601224  ,  0.519502   ,  0.494948   ])
2046    , -7535.25    , array([ 0.114768   ,  0.0551367  ,  0.518972   ,  0.508923   ])
2047    , -5916.67    , array([ 0.131646   ,  0.0484225  ,  0.518179   ,  0.513403   ])
2048    , -5836.91    , array([ 0.140995   ,  0.0553075  ,  0.517783   ,  0.490755   ])
2049    , -4976.31    , array([ 0.17926    ,  0.0519644  ,  0.516398   ,  0.478203   ])
2050    , -4880.49    , array([ 0.168334   ,  0.0491389  ,  0.500165   ,  0.492942   ])
2051    , -5209.02    , array([ 0.220015   ,  0.0431606  ,  0.485291   ,  0.488404   ])
2052    , -4902.8     , array([ 0.200783   ,  0.0470634  ,  0.501905   ,  0.499096   ])
2053    , -6452.59    , array([ 0.253698   ,  0.0372537  ,  0.510221   ,  0.487422   ])
2054    , -4940.09    , array([ 0.206482   ,  0.0427752  ,  0.509658   ,  0.491568   ])
2055    , -7224.37    , array([ 0.268673   ,  0.0468227  ,  0.496043   ,  0.468414   ])
2056    , -4960.01    , array([ 0.157348   ,  0.0480175  ,  0.512554   ,  0.501766   ])
2057    , -4581.35    , array([ 0.184858   ,  0.0419416  ,  0.495898   ,  0.515134   ])
2058    , -4539.98    , array([ 0.187722   ,  0.0376803  ,  0.485955   ,  0.534656   ])
2059    , -5355.15    , array([ 0.230031   ,  0.0402076  ,  0.48648    ,  0.506779   ])
2060    , -4697.5     , array([ 0.173019   ,  0.0459332  ,  0.505907   ,  0.503015   ])
2061    , -4960.63    , array([ 0.160462   ,  0.0467716  ,  0.487441   ,  0.52328    ])
2062    , -4717.1     , array([ 0.193867   ,  0.0437411  ,  0.504011   ,  0.499311   ])
2063    , -4717.01    , array([ 0.16215    ,  0.0409821  ,  0.496007   ,  0.515498   ])
2064    , -4531.79    , array([ 0.18982    ,  0.0358457  ,  0.495661   ,  0.533741   ])
2065    , -4720.43    , array([ 0.201571   ,  0.0306156  ,  0.493424   ,  0.55539    ])
likelihood = -4531.79
theta = 29408.47
Optimized parameters = [0.1898205  0.03584572 0.49566078 0.53374123]

Round_4_Replicate_3
2066    , -10676.6    , array([ 0.145336   ,  0.0481701  ,  0.230189   ,  0.534958   ])
2067    , -12120.3    , array([ 0.131975   ,  0.0481701  ,  0.230189   ,  0.534958   ])
2068    , -10822.9    , array([ 0.145336   ,  0.041392   ,  0.230189   ,  0.534958   ])
2069    , -11329.7    , array([ 0.145336   ,  0.0481701  ,  0.213889   ,  0.534958   ])
2070    , -10555.5    , array([ 0.145336   ,  0.0481701  ,  0.230189   ,  0.518485   ])
2071    , -9711.77    , array([ 0.160049   ,  0.0446526  ,  0.221889   ,  0.526657   ])
2072    , -8780.95    , array([ 0.176252   ,  0.0429914  ,  0.217852   ,  0.522555   ])
2073    , -9072.8     , array([ 0.160049   ,  0.0421841  ,  0.241001   ,  0.520516   ])
2074    , -8723.84    , array([ 0.167955   ,  0.0495594  ,  0.229134   ,  0.513441   ])
2075    , -7920.57    , array([ 0.180553   ,  0.054229   ,  0.228609   ,  0.50301    ])
2076    , -7708.94    , array([ 0.187202   ,  0.0451848  ,  0.228347   ,  0.497874   ])
2077    , -6964.17    , array([ 0.212461   ,  0.0437622  ,  0.227432   ,  0.480307   ])
2078    , -6821.19    , array([ 0.226342   ,  0.0430678  ,  0.226975   ,  0.494418   ])
2079    , -7213.26    , array([ 0.282463   ,  0.0407231  ,  0.225386   ,  0.482807   ])
2080    , -6837.71    , array([ 0.244421   ,  0.0496917  ,  0.210389   ,  0.479984   ])
2081    , -6696.17    , array([ 0.261372   ,  0.0524207  ,  0.228724   ,  0.458223   ])
2082    , -8142.67    , array([ 0.318289   ,  0.0578846  ,  0.234362   ,  0.42909    ])
2083    , -8004.41    , array([ 0.306984   ,  0.0408591  ,  0.218016   ,  0.454341   ])
2084    , -7008.03    , array([ 0.206174   ,  0.0505237  ,  0.225914   ,  0.490374   ])
2085    , -7041.58    , array([ 0.268837   ,  0.0438555  ,  0.220618   ,  0.466048   ])
2086    , -6777.51    , array([ 0.220316   ,  0.0487672  ,  0.224578   ,  0.484176   ])
2087    , -6752.71    , array([ 0.265659   ,  0.0534483  ,  0.217766   ,  0.477729   ])
2088    , -6416.2     , array([ 0.240746   ,  0.0488174  ,  0.239497   ,  0.476926   ])
2089    , -6222.59    , array([ 0.238929   ,  0.0483861  ,  0.255527   ,  0.475405   ])
2090    , -6704.99    , array([ 0.267107   ,  0.059702   ,  0.235545   ,  0.454013   ])
2091    , -7428.31    , array([ 0.30215    ,  0.0583372  ,  0.243803   ,  0.448943   ])
2092    , -6529.51    , array([ 0.238419   ,  0.0510014  ,  0.229237   ,  0.475117   ])
2093    , -6221.85    , array([ 0.237385   ,  0.0519952  ,  0.257967   ,  0.453756   ])
2094    , -5990.36    , array([ 0.224397   ,  0.0512835  ,  0.280771   ,  0.442224   ])
likelihood = -5990.36
theta = 25844.04
Optimized parameters = [0.22439668 0.05128345 0.28077056 0.44222421]

Round_4_Replicate_4
2095    , -8739.18    , array([ 0.219342   ,  0.0211784  ,  0.468819   ,  0.285602   ])
2096    , -7884.26    , array([ 0.203319   ,  0.0211784  ,  0.468819   ,  0.285602   ])
2097    , -9373.89    , array([ 0.219342   ,  0.0174658  ,  0.468819   ,  0.285602   ])
2098    , -8722.4     , array([ 0.219342   ,  0.0211784  ,  0.451393   ,  0.285602   ])
2099    , -9236.11    , array([ 0.219342   ,  0.0211784  ,  0.468819   ,  0.268256   ])
2100    , -8001.68    , array([ 0.211178   ,  0.0256802  ,  0.460024   ,  0.276793   ])
2101    , -7509.58    , array([ 0.207211   ,  0.0233209  ,  0.455688   ,  0.299344   ])
2102    , -6829.33    , array([ 0.2014     ,  0.0244721  ,  0.449261   ,  0.316214   ])
2103    , -7013.64    , array([ 0.198556   ,  0.0250689  ,  0.446082   ,  0.295848   ])
2104    , -6330.91    , array([ 0.188913   ,  0.0272745  ,  0.460568   ,  0.301108   ])
2105    , -5582.61    , array([ 0.175321   ,  0.0309519  ,  0.465226   ,  0.309173   ])
2106    , -5920.5     , array([ 0.178783   ,  0.0246942  ,  0.454476   ,  0.32836    ])
2107    , -5340.82    , array([ 0.17413    ,  0.0323335  ,  0.439076   ,  0.341224   ])
2108    , -5214.41    , array([ 0.161147   ,  0.0399514  ,  0.424919   ,  0.372973   ])
2109    , -5088.93    , array([ 0.160634   ,  0.0344833  ,  0.450376   ,  0.36986    ])
2110    , -5458.5     , array([ 0.144483   ,  0.0404432  ,  0.452539   ,  0.413544   ])
2111    , -5552.52    , array([ 0.141433   ,  0.0419315  ,  0.447743   ,  0.374242   ])
2112    , -6047.17    , array([ 0.141708   ,  0.0541488  ,  0.439315   ,  0.384755   ])
2113    , -5319.43    , array([ 0.168692   ,  0.0300499  ,  0.450638   ,  0.341632   ])
2114    , -5982.64    , array([ 0.141749   ,  0.0425671  ,  0.422382   ,  0.429548   ])
2115    , -5189.4     , array([ 0.166247   ,  0.0335185  ,  0.454124   ,  0.335664   ])
2116    , -5911.94    , array([ 0.190504   ,  0.0280927  ,  0.44199    ,  0.336075   ])
2117    , -5201.56    , array([ 0.152366   ,  0.0379362  ,  0.446298   ,  0.364312   ])
2118    , -5353.5     , array([ 0.151795   ,  0.0440449  ,  0.437032   ,  0.380179   ])
2119    , -5170.78    , array([ 0.164299   ,  0.0330641  ,  0.447197   ,  0.350886   ])
2120    , -5147.44    , array([ 0.160449   ,  0.0301384  ,  0.475478   ,  0.337764   ])
2121    , -5461.94    , array([ 0.174138   ,  0.0282899  ,  0.467266   ,  0.332956   ])
2122    , -5115.96    , array([ 0.15754    ,  0.0352531  ,  0.45145    ,  0.356207   ])
likelihood = -5088.93
theta = 30499.85
Optimized parameters = [0.1606344  0.03448327 0.4503761  0.36985995]

Round_4_Replicate_5
2123    , -5822.07    , array([ 0.125873   ,  0.0391506  ,  0.535112   ,  0.682318   ])
2124    , -6729.03    , array([ 0.113483   ,  0.0391506  ,  0.535112   ,  0.682318   ])
2125    , -5723.49    , array([ 0.125873   ,  0.0332947  ,  0.535112   ,  0.682318   ])
2126    , -6013.8     , array([ 0.125873   ,  0.0391506  ,  0.518641   ,  0.682318   ])
2127    , -5818.08    , array([ 0.125873   ,  0.0391506  ,  0.535112   ,  0.669401   ])
2128    , -5127.87    , array([ 0.139617   ,  0.0361041  ,  0.526812   ,  0.675829   ])
2129    , -4642.54    , array([ 0.15486    ,  0.034671   ,  0.52271    ,  0.672607   ])
2130    , -4932.94    , array([ 0.139617   ,  0.0339759  ,  0.54567    ,  0.671002   ])
2131    , -4784.33    , array([ 0.147041   ,  0.0316509  ,  0.534067   ,  0.665415   ])
2132    , -4578.59    , array([ 0.158925   ,  0.0284584  ,  0.533545   ,  0.676233   ])
2133    , -4650.71    , array([ 0.178575   ,  0.0242632  ,  0.532764   ,  0.679675   ])
2134    , -4334.63    , array([ 0.178575   ,  0.030938   ,  0.532764   ,  0.660465   ])
2135    , -4730.32    , array([ 0.212698   ,  0.0298229  ,  0.531594   ,  0.649803   ])
2136    , -4460.46    , array([ 0.182078   ,  0.0289306  ,  0.516239   ,  0.66631    ])
2137    , -4445.78    , array([ 0.192383   ,  0.0296911  ,  0.518577   ,  0.672356   ])
2138    , -4811.09    , array([ 0.2036     ,  0.0250829  ,  0.527745   ,  0.665042   ])
2139    , -4444.92    , array([ 0.165825   ,  0.0319756  ,  0.523965   ,  0.670708   ])
2140    , -4478.84    , array([ 0.202654   ,  0.0323919  ,  0.512365   ,  0.658769   ])
2141    , -4393.73    , array([ 0.190706   ,  0.0313603  ,  0.51758    ,  0.663093   ])
2142    , -4299.39    , array([ 0.181027   ,  0.0331743  ,  0.530228   ,  0.666964   ])
2143    , -4270.56    , array([ 0.180503   ,  0.0355241  ,  0.537364   ,  0.667292   ])
2144    , -4354.9     , array([ 0.165956   ,  0.0353574  ,  0.537314   ,  0.658472   ])
2145    , -4335.63    , array([ 0.192611   ,  0.0345238  ,  0.538521   ,  0.654041   ])
2146    , -4280.16    , array([ 0.168316   ,  0.0369341  ,  0.556083   ,  0.657022   ])
2147    , -4356.74    , array([ 0.194788   ,  0.0334811  ,  0.544935   ,  0.660903   ])
2148    , -4288.54    , array([ 0.172737   ,  0.0348787  ,  0.539209   ,  0.659079   ])
likelihood = -4270.56
theta = 30437.55
Optimized parameters = [0.18050288 0.03552411 0.53736399 0.66729158]

Round_1_Replicate_1
3020    , -62061.9    , array([ 7.35221    ,  0.226785   ,  0.224579   ,  2.65936    ])
3021    , -63718.6    , array([ 8.12341    ,  0.226785   ,  0.224579   ,  2.65936    ])
3022    , -61345.1    , array([ 7.35221    ,  0.21057    ,  0.224579   ,  2.65936    ])
3023    , -59937.1    , array([ 7.35221    ,  0.226785   ,  0.208419   ,  2.65936    ])
3024    , -62140.2    , array([ 7.35221    ,  0.226785   ,  0.224579   ,  2.79264    ])
3025    , -58918.4    , array([ 6.65421    ,  0.218527   ,  0.216348   ,  2.72519    ])
3026    , -56402.5    , array([ 6.02249    ,  0.214512   ,  0.212347   ,  2.75871    ])
3027    , -57848      , array([ 6.65421    ,  0.212531   ,  0.210374   ,  2.5793     ])
likelihood = -56402.51
theta = 4886.07
Optimized parameters = [6.02248773 0.21451156 0.21234674 2.75870924]

Round_1_Replicate_2
3028    , -210775     , array([ 0.134536   ,  0.939186   ,  6.61551    ,  7.8659     ])
3029    , -205167     , array([ 0.121697   ,  0.939186   ,  6.61551    ,  7.8659     ])
3030    , -210707     , array([ 0.134536   ,  0.936244   ,  6.61551    ,  7.8659     ])
3031    , -218252     , array([ 0.134536   ,  0.939186   ,  7.27095    ,  7.8659     ])
3032    , -210775     , array([ 0.134536   ,  0.939186   ,  6.61551    ,  8.72039    ])
3033    , -200711     , array([ 0.127955   ,  0.937714   ,  6.01915    ,  8.28213    ])
3034    , -192397     , array([ 0.124787   ,  0.936979   ,  5.47655    ,  8.49843    ])
3035    , -198692     , array([ 0.123232   ,  0.936611   ,  6.01915    ,  7.3749     ])
likelihood = -192397.39
theta = 22322.64
Optimized parameters = [0.12478698 0.93697866 5.47654609 8.49843252]

Round_1_Replicate_3
3036    , -244403     , array([ 0.746564   ,  5.55511    ,  1.78097    ,  5.61023    ])
3037    , -243428     , array([ 0.735733   ,  5.55511    ,  1.78097    ,  5.61023    ])
3038    , -245796     , array([ 0.746564   ,  6.05239    ,  1.78097    ,  5.61023    ])
3039    , -246816     , array([ 0.746564   ,  5.55511    ,  1.83312    ,  5.61023    ])
3040    , -244396     , array([ 0.746564   ,  5.55511    ,  1.78097    ,  6.11547    ])
3041    , -242224     , array([ 0.741129   ,  5.79842    ,  1.73031    ,  5.8574     ])
3042    , -239945     , array([ 0.738426   ,  5.92405    ,  1.68109    ,  5.98505    ])
3043    , -240214     , array([ 0.737078   ,  5.26527    ,  1.73031    ,  6.04991    ])
likelihood = -239944.89
theta = 4501.21
Optimized parameters = [0.73842607 5.92404837 1.68109378 5.98504515]

Round_1_Replicate_4
3044    , -324747     , array([ 1.50021    ,  5.30971    ,  1.2668     ,  0.139268   ])
3045    , -326056     , array([ 1.53094    ,  5.30971    ,  1.2668     ,  0.139268   ])
3046    , -326294     , array([ 1.50021    ,  5.77198    ,  1.2668     ,  0.139268   ])
3047    , -325015     , array([ 1.50021    ,  5.30971    ,  1.28187    ,  0.139268   ])
3048    , -329990     , array([ 1.50021    ,  5.30971    ,  1.2668     ,  0.126195   ])
3049    , -321237     , array([ 1.5155     ,  5.53602    ,  1.27431    ,  0.153694   ])
3050    , -317117     , array([ 1.5232     ,  5.65277    ,  1.27808    ,  0.169616   ])
3051    , -319970     , array([ 1.52707    ,  5.03979    ,  1.27997    ,  0.153694   ])
likelihood = -317117.34
theta = 10867.34
Optimized parameters = [1.52319996 5.6527668  1.27808139 0.16961556]

Round_1_Replicate_5
3052    , -75438.7    , array([ 6.54174    ,  0.47796    ,  0.226268   ,  1.59337    ])
3053    , -76985.5    , array([ 7.18584    ,  0.47796    ,  0.226268   ,  1.59337    ])
3054    , -74335.9    , array([ 6.54174    ,  0.460639   ,  0.226268   ,  1.59337    ])
3055    , -72977.7    , array([ 6.54174    ,  0.47796    ,  0.210066   ,  1.59337    ])
3056    , -75243.6    , array([ 6.54174    ,  0.47796    ,  0.226268   ,  1.63092    ])
3057    , -71922.6    , array([ 5.95537    ,  0.46922    ,  0.218017   ,  1.61204    ])
3058    , -69312.5    , array([ 5.42155    ,  0.46491    ,  0.214004   ,  1.62145    ])
3059    , -70546.3    , array([ 5.95537    ,  0.46277    ,  0.212026   ,  1.62618    ])
likelihood = -69312.5
theta = 5729.26
Optimized parameters = [5.42155368 0.46490967 0.21400423 1.62145144]

Round_1_Replicate_6
3060    , -382814     , array([ 7.51793    ,  2.28918    ,  4.03279    ,  0.136983   ])
3061    , -383899     , array([ 8.31579    ,  2.28918    ,  4.03279    ,  0.136983   ])
3062    , -384297     , array([ 7.51793    ,  2.38596    ,  4.03279    ,  0.136983   ])
3063    , -384906     , array([ 7.51793    ,  2.28918    ,  4.32401    ,  0.136983   ])
3064    , -383703     , array([ 7.51793    ,  2.28918    ,  4.03279    ,  0.124022   ])
3065    , -382610     , array([ 7.9068     ,  2.33707    ,  3.76119    ,  0.130342   ])
3066    , -381742     , array([ 8.10872    ,  2.36139    ,  3.50789    ,  0.127143   ])
3067    , -381708     , array([ 8.2116     ,  2.23069    ,  3.76119    ,  0.125573   ])
3068    , -380542     , array([ 8.58208    ,  2.15689    ,  3.63233    ,  0.120229   ])
likelihood = -380541.54
theta = 11309.74
Optimized parameters = [8.58207624 2.15688753 3.63233259 0.12022924]

Round_1_Replicate_7
3069    , -166680     , array([ 0.215061   ,  7.74579    ,  1.37934    ,  6.49078    ])
3070    , -164282     , array([ 0.199155   ,  7.74579    ,  1.37934    ,  6.49078    ])
3071    , -167348     , array([ 0.215061   ,  8.58062    ,  1.37934    ,  6.49078    ])
3072    , -167334     , array([ 0.215061   ,  7.74579    ,  1.4017     ,  6.49078    ])
3073    , -166747     , array([ 0.215061   ,  7.74579    ,  1.37934    ,  7.12708    ])
3074    , -165074     , array([ 0.206955   ,  6.99218    ,  1.39047    ,  6.80149    ])
3075    , -164099     , array([ 0.203018   ,  7.35934    ,  1.3628     ,  6.96238    ])
3076    , -162562     , array([ 0.197251   ,  7.17341    ,  1.34376    ,  7.21088    ])
likelihood = -162562.02
theta = 6973.33
Optimized parameters = [0.19725104 7.1734098  1.34376068 7.21087959]

Round_1_Replicate_8
3077    , -7703.5     , array([ 0.289865   ,  0.156421   ,  0.280877   ,  5.14075    ])
3078    , -8083.53    , array([ 0.272462   ,  0.156421   ,  0.280877   ,  5.14075    ])
3079    , -7033.44    , array([ 0.289865   ,  0.142564   ,  0.280877   ,  5.14075    ])
3080    , -7636.81    , array([ 0.289865   ,  0.156421   ,  0.263598   ,  5.14075    ])
3081    , -7680.71    , array([ 0.289865   ,  0.156421   ,  0.280877   ,  5.57928    ])
3082    , -6979.16    , array([ 0.30838    ,  0.149332   ,  0.272101   ,  5.35553    ])
3083    , -6524.39    , array([ 0.328077   ,  0.145909   ,  0.267816   ,  5.46626    ])
3084    , -6717.72    , array([ 0.30838    ,  0.144227   ,  0.265699   ,  5.52248    ])
likelihood = -6524.39
theta = 14743.42
Optimized parameters = [0.32807704 0.14590883 0.26781571 5.46625693]

Round_1_Replicate_9
3085    , -21870.4    , array([ 0.27423    ,  0.372912   ,  0.181177   ,  0.995293   ])
3086    , -22495.2    , array([ 0.257051   ,  0.372912   ,  0.181177   ,  0.995293   ])
3087    , -20793.4    , array([ 0.27423    ,  0.354966   ,  0.181177   ,  0.995293   ])
3088    , -21664      , array([ 0.27423    ,  0.372912   ,  0.166344   ,  0.995293   ])
3089    , -21871.9    , array([ 0.27423    ,  0.372912   ,  0.181177   ,  0.995059   ])
3090    , -20663.1    , array([ 0.292556   ,  0.363828   ,  0.173602   ,  0.995176   ])
3091    , -19871.5    , array([ 0.312107   ,  0.35937    ,  0.169934   ,  0.995117   ])
3092    , -20190.9    , array([ 0.292556   ,  0.357161   ,  0.168129   ,  0.99544    ])
likelihood = -19871.47
theta = 15934.95
Optimized parameters = [0.31210656 0.35936958 0.16993418 0.99511727]

Round_1_Replicate_10
3093    , -323585     , array([ 2.13462    ,  1.25512    ,  3.70813    ,  0.4547     ])
3094    , -324829     , array([ 2.2171     ,  1.25512    ,  3.70813    ,  0.4547     ])
3095    , -324218     , array([ 2.13462    ,  1.26946    ,  3.70813    ,  0.4547     ])
3096    , -328567     , array([ 2.13462    ,  1.25512    ,  3.95925    ,  0.4547     ])
3097    , -323416     , array([ 2.13462    ,  1.25512    ,  3.70813    ,  0.43713    ])
3098    , -319370     , array([ 2.17547    ,  1.26227    ,  3.47294    ,  0.445828   ])
3099    , -314639     , array([ 2.19619    ,  1.26586    ,  3.25267    ,  0.441458   ])
3100    , -318102     , array([ 2.08463    ,  1.26766    ,  3.47294    ,  0.439289   ])
likelihood = -314638.72
theta = 9109.31
Optimized parameters = [2.19618755 1.26585908 3.25266572 0.44145799]

Round_2_Replicate_1
3101    , -6483.02    , array([ 0.0909149  ,  0.0383614  ,  0.754156   ,  16.0196    ])
3102    , -7570.01    , array([ 0.080643   ,  0.0383614  ,  0.754156   ,  16.0196    ])
3103    , -6000.71    , array([ 0.0909149  ,  0.0325903  ,  0.754156   ,  16.0196    ])
3104    , -6547.48    , array([ 0.0909149  ,  0.0383614  ,  0.743591   ,  16.0196    ])
3105    , -6483.02    , array([ 0.0909149  ,  0.0383614  ,  0.754156   ,  18.4028    ])
3106    , -5410.94    , array([ 0.102495   ,  0.0353583  ,  0.748855   ,  17.1699    ])
3107    , -4740.46    , array([ 0.11555    ,  0.0339461  ,  0.746219   ,  17.7757    ])
3108    , -5206.1     , array([ 0.102495   ,  0.0332613  ,  0.760835   ,  18.0865    ])
3109    , -4793.38    , array([ 0.108827   ,  0.0309715  ,  0.753492   ,  15.6084    ])
3110    , -4345.31    , array([ 0.119066   ,  0.0278289  ,  0.753159   ,  17.6988    ])
3111    , -4154.99    , array([ 0.136259   ,  0.0237027  ,  0.752662   ,  18.6033    ])
likelihood = -4154.99
theta = 41339.82
Optimized parameters = [ 0.13625905  0.02370266  0.75266154 18.60329102]

Round_2_Replicate_2
3112    , -18876.6    , array([ 0.0990165  ,  0.142309   ,  0.393406   ,  2.43088    ])
3113    , -20942.1    , array([ 0.0882049  ,  0.142309   ,  0.393406   ,  2.43088    ])
3114    , -17709.9    , array([ 0.0990165  ,  0.12909    ,  0.393406   ,  2.43088    ])
3115    , -19096.4    , array([ 0.0990165  ,  0.142309   ,  0.375476   ,  2.43088    ])
3116    , -18880.8    , array([ 0.0990165  ,  0.142309   ,  0.393406   ,  2.54128    ])
3117    , -16476.5    , array([ 0.111153   ,  0.135538   ,  0.384337   ,  2.48547    ])
3118    , -14497.8    , array([ 0.124778   ,  0.132275   ,  0.379881   ,  2.51322    ])
3119    , -15849      , array([ 0.111153   ,  0.130673   ,  0.405044   ,  2.52721    ])
3120    , -14632.7    , array([ 0.117769   ,  0.125217   ,  0.392261   ,  2.41072    ])
3121    , -12778.1    , array([ 0.128437   ,  0.117457   ,  0.391689   ,  2.50973    ])
3122    , -10334.7    , array([ 0.146279   ,  0.106709   ,  0.390834   ,  2.55011    ])
likelihood = -10334.68
theta = 24318.95
Optimized parameters = [0.14627894 0.10670881 0.39083363 2.5501085 ]

Round_2_Replicate_3
3123    , -29120.4    , array([ 0.261454   ,  0.177103   ,  0.872383   ,  6.19506    ])
3124    , -28406.4    , array([ 0.244492   ,  0.177103   ,  0.872383   ,  6.19506    ])
3125    , -27121.2    , array([ 0.261454   ,  0.162419   ,  0.872383   ,  6.19506    ])
3126    , -28879.6    , array([ 0.261454   ,  0.177103   ,  0.866448   ,  6.19506    ])
3127    , -29121.2    , array([ 0.261454   ,  0.177103   ,  0.872383   ,  6.78652    ])
3128    , -27607.9    , array([ 0.252831   ,  0.169602   ,  0.869411   ,  5.65513    ])
3129    , -26875.8    , array([ 0.248627   ,  0.165972   ,  0.867928   ,  5.91894    ])
3130    , -25803.8    , array([ 0.242451   ,  0.160671   ,  0.865709   ,  5.78553    ])
3131    , -25606.4    , array([ 0.239421   ,  0.158085   ,  0.8735     ,  5.71996    ])
3132    , -24079.2    , array([ 0.229111   ,  0.149356   ,  0.877048   ,  5.49626    ])
3133    , -24027.5    , array([ 0.247846   ,  0.145174   ,  0.869874   ,  5.38771    ])
3134    , -22134.1    , array([ 0.249541   ,  0.131438   ,  0.868623   ,  5.02439    ])
likelihood = -22134.13
theta = 26004.82
Optimized parameters = [0.24954051 0.13143795 0.86862265 5.02439448]

Round_2_Replicate_4
3135    , -31082.9    , array([ 1.13226    ,  0.146856   ,  0.418299   ,  17.8749    ])
3136    , -31264.5    , array([ 1.13932    ,  0.146856   ,  0.418299   ,  17.8749    ])
3137    , -30438.7    , array([ 1.13226    ,  0.133425   ,  0.418299   ,  17.8749    ])
3138    , -29517.2    , array([ 1.13226    ,  0.146856   ,  0.400462   ,  17.8749    ])
3139    , -31082.5    , array([ 1.13226    ,  0.146856   ,  0.418299   ,  20.647     ])
3140    , -29790.6    , array([ 1.12525    ,  0.139979   ,  0.409284   ,  19.211     ])
3141    , -29345.8    , array([ 1.12875    ,  0.136663   ,  0.404849   ,  19.9161    ])
3142    , -28525.6    , array([ 1.127      ,  0.131835   ,  0.398287   ,  21.0225    ])
3143    , -28127.9    , array([ 1.12613    ,  0.129485   ,  0.395046   ,  17.3982    ])
3144    , -26793.5    , array([ 1.12307    ,  0.121586   ,  0.383908   ,  15.9709    ])
3145    , -26842      , array([ 1.12155    ,  0.13605    ,  0.378458   ,  18.9959    ])
likelihood = -26793.55
theta = 9471.17
Optimized parameters = [ 1.12307089  0.12158565  0.38390818 15.97087784]

Round_2_Replicate_5
3146    , -42001.4    , array([ 0.534735   ,  0.461561   ,  0.459111   ,  1.64064    ])
3147    , -41531.7    , array([ 0.518257   ,  0.461561   ,  0.459111   ,  1.64064    ])
3148    , -40756.8    , array([ 0.534735   ,  0.444059   ,  0.459111   ,  1.64064    ])
3149    , -40555.5    , array([ 0.534735   ,  0.461561   ,  0.441585   ,  1.64064    ])
3150    , -41880.2    , array([ 0.534735   ,  0.461561   ,  0.459111   ,  1.68176    ])
3151    , -40356.6    , array([ 0.526431   ,  0.452725   ,  0.450263   ,  1.66107    ])
3152    , -39553.5    , array([ 0.522328   ,  0.448371   ,  0.445903   ,  1.67138    ])
3153    , -39337.6    , array([ 0.520289   ,  0.44621    ,  0.443738   ,  1.61545    ])
3154    , -38123.8    , array([ 0.513213   ,  0.438727   ,  0.436246   ,  1.58328    ])
3155    , -37998.9    , array([ 0.534212   ,  0.435032   ,  0.432547   ,  1.62674    ])
3156    , -36339.1    , array([ 0.542373   ,  0.422346   ,  0.419847   ,  1.61983    ])
3157    , -36597.9    , array([ 0.521435   ,  0.440985   ,  0.413638   ,  1.61639    ])
likelihood = -36339.14
theta = 12587.89
Optimized parameters = [0.54237254 0.42234558 0.41984745 1.61983132]

Round_2_Replicate_6
3158    , -17673.9    , array([ 0.0937844  ,  0.0995542  ,  0.338536   ,  2.80918    ])
3159    , -19951.6    , array([ 0.0833177  ,  0.0995542  ,  0.338536   ,  2.80918    ])
3160    , -16985.1    , array([ 0.0937844  ,  0.088708   ,  0.338536   ,  2.80918    ])
3161    , -18291.3    , array([ 0.0937844  ,  0.0995542  ,  0.320689   ,  2.80918    ])
3162    , -17699.4    , array([ 0.0937844  ,  0.0995542  ,  0.338536   ,  2.95807    ])
3163    , -15498.1    , array([ 0.105566   ,  0.0939748  ,  0.329492   ,  2.88266    ])
3164    , -13506.5    , array([ 0.118828   ,  0.0913034  ,  0.325061   ,  2.92012    ])
3165    , -14613.1    , array([ 0.105566   ,  0.0899963  ,  0.35019    ,  2.93903    ])
3166    , -13738.4    , array([ 0.112001   ,  0.0855672  ,  0.337392   ,  2.78211    ])
3167    , -12047.2    , array([ 0.122396   ,  0.0793289  ,  0.336821   ,  2.91541    ])
3168    , -9807.91    , array([ 0.139825   ,  0.0708137  ,  0.335967   ,  2.97003    ])
likelihood = -9807.91
theta = 24067.79
Optimized parameters = [0.13982465 0.07081365 0.33596727 2.97002724]

Round_2_Replicate_7
3169    , -32462.5    , array([ 0.431332   ,  0.460815   ,  0.409251   ,  7.57922    ])
3170    , -32285.8    , array([ 0.413573   ,  0.460815   ,  0.409251   ,  7.57922    ])
3171    , -31343.4    , array([ 0.431332   ,  0.443306   ,  0.409251   ,  7.57922    ])
3172    , -31000.9    , array([ 0.431332   ,  0.460815   ,  0.391371   ,  7.57922    ])
3173    , -32430.8    , array([ 0.431332   ,  0.460815   ,  0.409251   ,  8.38698    ])
3174    , -31062.5    , array([ 0.422359   ,  0.451976   ,  0.400211   ,  7.97287    ])
3175    , -30443.3    , array([ 0.417943   ,  0.44762    ,  0.395767   ,  7.02487    ])
3176    , -29516.9    , array([ 0.411405   ,  0.441164   ,  0.389192   ,  6.42917    ])
3177    , -29199.6    , array([ 0.434746   ,  0.437971   ,  0.385946   ,  7.15954    ])
3178    , -27751.3    , array([ 0.445735   ,  0.426978   ,  0.374796   ,  6.95849    ])
3179    , -28364.3    , array([ 0.423749   ,  0.446808   ,  0.369342   ,  6.8601     ])
likelihood = -27751.34
theta = 11377.12
Optimized parameters = [0.44573524 0.42697782 0.37479582 6.95849279]

Round_2_Replicate_8
3180    , -45084.6    , array([ 0.56681    ,  0.454909   ,  0.492847   ,  1.72204    ])
3181    , -44585.2    , array([ 0.550946   ,  0.454909   ,  0.492847   ,  1.72204    ])
3182    , -43797.2    , array([ 0.56681    ,  0.437341   ,  0.492847   ,  1.72204    ])
3183    , -43636.2    , array([ 0.56681    ,  0.454909   ,  0.475716   ,  1.72204    ])
3184    , -44963.7    , array([ 0.56681    ,  0.454909   ,  0.492847   ,  1.76948    ])
3185    , -43403      , array([ 0.558822   ,  0.446039   ,  0.484206   ,  1.7456     ])
3186    , -42579.7    , array([ 0.55487    ,  0.441669   ,  0.479942   ,  1.75749    ])
3187    , -42353.1    , array([ 0.552904   ,  0.4395     ,  0.477824   ,  1.69304    ])
3188    , -41100.4    , array([ 0.54608    ,  0.431992   ,  0.470486   ,  1.65606    ])
3189    , -41007      , array([ 0.566307   ,  0.428286   ,  0.466859   ,  1.70603    ])
3190    , -39318.6    , array([ 0.574147   ,  0.415565   ,  0.454383   ,  1.69808    ])
3191    , -39573.8    , array([ 0.554009   ,  0.434257   ,  0.448271   ,  1.69411    ])
likelihood = -39318.64
theta = 12383.21
Optimized parameters = [0.57414738 0.41556515 0.45438296 1.69807552]

Round_2_Replicate_9
3192    , -6548.03    , array([ 0.814526   ,  0.0985641  ,  0.151822   ,  3.38856    ])
3193    , -6467.63    , array([ 0.806214   ,  0.0985641  ,  0.151822   ,  3.38856    ])
3194    , -6675.71    , array([ 0.814526   ,  0.0877819  ,  0.151822   ,  3.38856    ])
3195    , -6323.57    , array([ 0.814526   ,  0.0985641  ,  0.138166   ,  3.38856    ])
3196    , -6376.82    , array([ 0.814526   ,  0.0985641  ,  0.151822   ,  3.60177    ])
3197    , -6218.69    , array([ 0.810359   ,  0.110671   ,  0.144833   ,  3.49354    ])
3198    , -6090.18    , array([ 0.808284   ,  0.124264   ,  0.14146    ,  3.54725    ])
3199    , -6046.57    , array([ 0.807248   ,  0.110671   ,  0.139803   ,  3.57441    ])
3200    , -5853.71    , array([ 0.803634   ,  0.117271   ,  0.134156   ,  3.67111    ])
3201    , -5850.17    , array([ 0.814265   ,  0.120717   ,  0.131418   ,  3.72045    ])
3202    , -5665.34    , array([ 0.818321   ,  0.133596   ,  0.122269   ,  3.89838    ])
3203    , -5793.69    , array([ 0.807831   ,  0.140542   ,  0.117936   ,  3.64148    ])
likelihood = -5665.34
theta = 9327.12
Optimized parameters = [0.81832085 0.13359595 0.12226881 3.89838407]

Round_2_Replicate_10
3204    , -43537.7    , array([ 0.114607   ,  0.261189   ,  0.0757171  ,  8.53852    ])
3205    , -46464.6    , array([ 0.102843   ,  0.261189   ,  0.0757171  ,  8.53852    ])
3206    , -43334.4    , array([ 0.114607   ,  0.244232   ,  0.0757171  ,  8.53852    ])
3207    , -45950.3    , array([ 0.114607   ,  0.261189   ,  0.0665509  ,  8.53852    ])
3208    , -43984.9    , array([ 0.114607   ,  0.261189   ,  0.0757171  ,  9.50499    ])
3209    , -41998.1    , array([ 0.127718   ,  0.252568   ,  0.0709862  ,  9.0088     ])
3210    , -39836.9    , array([ 0.142328   ,  0.248365   ,  0.0687327  ,  9.25357    ])
3211    , -39338.5    , array([ 0.127718   ,  0.24629    ,  0.0820766  ,  9.37844    ])
3212    , -36017.8    , array([ 0.134825   ,  0.239162   ,  0.091149   ,  9.82889    ])
3213    , -37443.9    , array([ 0.138526   ,  0.235676   ,  0.0791513  ,  8.56718    ])
3214    , -34902.9    , array([ 0.152297   ,  0.22387    ,  0.0809263  ,  9.55289    ])
3215    , -30797.7    , array([ 0.175562   ,  0.20726    ,  0.0836638  ,  10.1044    ])
likelihood = -30797.74
theta = 8309.24
Optimized parameters = [ 0.17556186  0.20726007  0.0836638  10.10440354]

Round_3_Replicate_1
3216    , -14783.7    , array([ 0.223971   ,  0.0101     ,  1.18115    ,  27.7883    ])
3217    , -13299      , array([ 0.207826   ,  0.0101     ,  1.18115    ,  27.7883    ])
3219    , -14930.1    , array([ 0.223971   ,  0.0101     ,  1.19102    ,  27.7883    ])
3223    , -14027.2    , array([ 0.215748   ,  0.0101     ,  1.18115    ,  27.7883    ])
3224    , -14097.2    , array([ 0.215748   ,  0.0101     ,  1.18607    ,  27.7883    ])
3229    , -13659.6    , array([ 0.21175    ,  0.0101     ,  1.18115    ,  27.7883    ])
3230    , -13693.7    , array([ 0.21175    ,  0.0101     ,  1.18361    ,  27.7883    ])
3232    , -13659.6    , array([ 0.21175    ,  0.0101     ,  1.18115    ,  28.9674    ])
3233    , -13324.8    , array([ 0.209779   ,  0.0106971  ,  1.18238    ,  28.3717    ])
3234    , -13276.6    , array([ 0.2088     ,  0.0103943  ,  1.17931    ,  28.668     ])
3235    , -13071.4    , array([ 0.207341   ,  0.0105446  ,  1.17716    ,  29.1183    ])
3236    , -13019.6    , array([ 0.206615   ,  0.0106206  ,  1.17977    ,  29.3461    ])
3238    , -12708.4    , array([ 0.204095   ,  0.0108909  ,  1.17908    ,  28.3349    ])
3239    , -12252.7    , array([ 0.200372   ,  0.0113092  ,  1.17804    ,  28.0238    ])
3240    , -12496.8    , array([ 0.20134    ,  0.010573   ,  1.17569    ,  28.7519    ])
3241    , -12137.1    , array([ 0.200035   ,  0.0114574  ,  1.17419    ,  29.8602    ])
3243    , -11893.7    , array([ 0.196939   ,  0.0114394  ,  1.17668    ,  28.8571    ])
3244    , -11337.1    , array([ 0.191936   ,  0.0119149  ,  1.17644    ,  28.7274    ])
likelihood = -11337.09
theta = 45340.42
Optimized parameters = [1.91935779e-01 1.19148834e-02 1.17643614e+00 2.87274142e+01]

Round_3_Replicate_2
3245    , -6931.56    , array([ 0.0860715  ,  0.0423572  ,  0.902758   ,  29.7       ])
3246    , -7852.82    , array([ 0.0761382  ,  0.0423572  ,  0.902758   ,  29.7       ])
3247    , -6090.05    , array([ 0.0860715  ,  0.0361638  ,  0.902758   ,  29.7       ])
3248    , -6933.39    , array([ 0.0860715  ,  0.0423572  ,  0.898152   ,  29.7       ])
3250    , -6901.69    , array([ 0.0809526  ,  0.0391382  ,  0.900452   ,  25.0679    ])
3251    , -5784.1     , array([ 0.0943631  ,  0.0376216  ,  0.899302   ,  27.2859    ])
3252    , -5151.11    , array([ 0.105051   ,  0.0354562  ,  0.897578   ,  26.1534    ])
3253    , -5505.43    , array([ 0.0922182  ,  0.0344207  ,  0.903624   ,  25.6049    ])
3254    , -5003.2     , array([ 0.0954542  ,  0.0310289  ,  0.899445   ,  23.7742    ])
3255    , -4478.75    , array([ 0.100522   ,  0.0265574  ,  0.897794   ,  21.2707    ])
3256    , -4356.97    , array([ 0.113094   ,  0.0276621  ,  0.900416   ,  25.9464    ])
3257    , -4414.53    , array([ 0.133673   ,  0.0232555  ,  0.900398   ,  26.397     ])
3258    , -4292.5     , array([ 0.121927   ,  0.0261828  ,  0.896951   ,  20.4691    ])
3259    , -4715.37    , array([ 0.145118   ,  0.0222786  ,  0.894061   ,  16.993     ])
3260    , -4336.52    , array([ 0.130854   ,  0.0239922  ,  0.892776   ,  21.2285    ])
3261    , -4332.78    , array([ 0.128201   ,  0.0191596  ,  0.896382   ,  18.7245    ])
3262    , -4952.96    , array([ 0.151303   ,  0.0217267  ,  0.895462   ,  21.6008    ])
3263    , -4234.41    , array([ 0.111342   ,  0.0252573  ,  0.89721    ,  21.3528    ])
likelihood = -4234.41
theta = 48791.33
Optimized parameters = [ 0.11134198  0.0252573   0.89721017 21.35275607]

Round_3_Replicate_3
3264    , -14539.1    , array([ 0.138874   ,  0.0657981  ,  0.244565   ,  29.7       ])
3265    , -16310.5    , array([ 0.125821   ,  0.0657981  ,  0.244565   ,  29.7       ])
3266    , -14570.7    , array([ 0.138874   ,  0.057428   ,  0.244565   ,  29.7       ])
3267    , -15790.8    , array([ 0.138874   ,  0.0657981  ,  0.227936   ,  29.7       ])
3269    , -16057.5    , array([ 0.132186   ,  0.0614708  ,  0.236104   ,  25.0679    ])
3270    , -14219.4    , array([ 0.149545   ,  0.059415   ,  0.231984   ,  27.2859    ])
3271    , -13296.2    , array([ 0.163036   ,  0.0564596  ,  0.225939   ,  26.1534    ])
3273    , -15272.7    , array([ 0.138233   ,  0.0613402  ,  0.235844   ,  26.8555    ])
3274    , -13078.8    , array([ 0.150123   ,  0.054979   ,  0.247679   ,  26.5021    ])
3275    , -11868.6    , array([ 0.156085   ,  0.0502561  ,  0.258182   ,  25.0348    ])
3276    , -11896.7    , array([ 0.160262   ,  0.053381   ,  0.250453   ,  28.2982    ])
3277    , -11257.2    , array([ 0.171367   ,  0.0549717  ,  0.244413   ,  24.9768    ])
3278    , -9825.42    , array([ 0.190362   ,  0.0537832  ,  0.244338   ,  22.9048    ])
3279    , -9529.73    , array([ 0.200635   ,  0.0433777  ,  0.2443     ,  21.9342    ])
3280    , -8109.05    , array([ 0.241156   ,  0.0352203  ,  0.244168   ,  18.8497    ])
3281    , -7753.18    , array([ 0.207851   ,  0.0399273  ,  0.2749     ,  21.1465    ])
3282    , -6163.76    , array([ 0.234685   ,  0.0335765  ,  0.303226   ,  19.0149    ])
3283    , -6586.39    , array([ 0.255877   ,  0.0334924  ,  0.272872   ,  16.0205    ])
likelihood = -6163.76
theta = 19664.89
Optimized parameters = [ 0.23468547  0.03357654  0.30322631 19.01485908]

Round_3_Replicate_4
3284    , -10332.2    , array([ 0.257035   ,  0.0101     ,  0.318004   ,  29.7       ])
3285    , -10585.5    , array([ 0.240155   ,  0.0101     ,  0.318004   ,  29.7       ])
3287    , -10840.1    , array([ 0.257035   ,  0.0101     ,  0.300299   ,  29.7       ])
3291    , -10448.2    , array([ 0.248452   ,  0.0101     ,  0.318004   ,  29.7       ])
3292    , -10578.3    , array([ 0.257035   ,  0.0101     ,  0.309025   ,  29.7       ])
3297    , -10387.5    , array([ 0.252707   ,  0.0101     ,  0.318004   ,  29.7       ])
3298    , -10453.3    , array([ 0.257035   ,  0.0101     ,  0.313482   ,  29.7       ])
3303    , -10359.2    , array([ 0.254862   ,  0.0101     ,  0.318004   ,  29.7       ])
3304    , -10392.3    , array([ 0.257035   ,  0.0101     ,  0.315735   ,  29.7       ])
3309    , -10345.6    , array([ 0.255946   ,  0.0101     ,  0.318004   ,  29.7       ])
3310    , -10362.1    , array([ 0.257035   ,  0.0101     ,  0.316868   ,  29.7       ])
3313    , -10391.3    , array([ 0.25649    ,  0.0100277  ,  0.317435   ,  29.3869    ])
3314    , -10308.6    , array([ 0.256218   ,  0.0102094  ,  0.317151   ,  29.543     ])
3315    , -10259.8    , array([ 0.255811   ,  0.0103385  ,  0.316726   ,  29.4649    ])
3316    , -10258.4    , array([ 0.256422   ,  0.0102922  ,  0.317364   ,  29.8974    ])
3318    , -10235.7    , array([ 0.255573   ,  0.0103153  ,  0.318182   ,  29.6803    ])
3319    , -10172.9    , array([ 0.254845   ,  0.0104246  ,  0.318841   ,  29.6705    ])
3320    , -10166.1    , array([ 0.256108   ,  0.0104798  ,  0.317462   ,  29.6656    ])
3321    , -10076.9    , array([ 0.256188   ,  0.010675   ,  0.317191   ,  29.6484    ])
likelihood = -10076.9
theta = 20309.71
Optimized parameters = [2.56188497e-01 1.06749534e-02 3.17191175e-01 2.96484077e+01]

Round_3_Replicate_5
3322    , -22069      , array([ 0.0924909  ,  0.0196805  ,  0.278627   ,  29.7       ])
3323    , -24497.1    , array([ 0.0821115  ,  0.0196805  ,  0.278627   ,  29.7       ])
3324    , -22894.3    , array([ 0.0924909  ,  0.016171   ,  0.278627   ,  29.7       ])
3325    , -23613.8    , array([ 0.0924909  ,  0.0196805  ,  0.261381   ,  29.7       ])
3327    , -24457.6    , array([ 0.0871468  ,  0.0178397  ,  0.269866   ,  25.0679    ])
3328    , -22079.8    , array([ 0.101128   ,  0.0169849  ,  0.26559    ,  27.2859    ])
3330    , -23544.6    , array([ 0.0907866  ,  0.0179495  ,  0.270406   ,  26.9982    ])
3331    , -21704.8    , array([ 0.0958178  ,  0.0158274  ,  0.285669   ,  27.1417    ])
3332    , -20824.7    , array([ 0.0975258  ,  0.0141937  ,  0.298646   ,  25.9464    ])
3333    , -20429.4    , array([ 0.101175   ,  0.0154317  ,  0.290196   ,  29.2704    ])
3335    , -19811.3    , array([ 0.103868   ,  0.0167327  ,  0.287421   ,  26.4145    ])
3336    , -18359.1    , array([ 0.110071   ,  0.0170208  ,  0.291921   ,  24.9107    ])
3337    , -18741.4    , array([ 0.0991086  ,  0.0159477  ,  0.316124   ,  27.4717    ])
3338    , -17457.2    , array([ 0.112173   ,  0.0123896  ,  0.320968   ,  24.2735    ])
3340    , -16705.3    , array([ 0.114091   ,  0.0160501  ,  0.310443   ,  26.8745    ])
3341    , -14831.9    , array([ 0.123401   ,  0.0170675  ,  0.316515   ,  27.3509    ])
likelihood = -14831.87
theta = 24826.38
Optimized parameters = [1.23401398e-01 1.70675401e-02 3.16514575e-01 2.73508780e+01]

Round_4_Replicate_1
3342    , -6265.23    , array([ 0.115276   ,  0.0468329  ,  0.606311   ,  24.8669    ])
3343    , -7196.05    , array([ 0.103473   ,  0.0468329  ,  0.606311   ,  24.8669    ])
3344    , -5834.84    , array([ 0.115276   ,  0.0401864  ,  0.606311   ,  24.8669    ])
3345    , -6378.52    , array([ 0.115276   ,  0.0468329  ,  0.591331   ,  24.8669    ])
3346    , -6265.23    , array([ 0.115276   ,  0.0468329  ,  0.606311   ,  29.2013    ])
3347    , -5349.66    , array([ 0.128426   ,  0.0433826  ,  0.598774   ,  26.9471    ])
3348    , -4748.68    , array([ 0.143076   ,  0.0417539  ,  0.595041   ,  28.0516    ])
3349    , -5121.9     , array([ 0.128426   ,  0.0409626  ,  0.615866   ,  28.6207    ])
3351    , -5809.7     , array([ 0.120042   ,  0.044539   ,  0.606074   ,  26.2131    ])
3352    , -4656.97    , array([ 0.138327   ,  0.0373595  ,  0.605246   ,  24.7734    ])
3353    , -4270.07    , array([ 0.151526   ,  0.0333676  ,  0.604714   ,  22.818     ])
3354    , -4356.61    , array([ 0.158591   ,  0.0396731  ,  0.604448   ,  27.8673    ])
3355    , -4158.36    , array([ 0.17505    ,  0.0337842  ,  0.603872   ,  27.2576    ])
3356    , -4679.98    , array([ 0.211386   ,  0.0294239  ,  0.602774   ,  27.7953    ])
3357    , -4229.64    , array([ 0.191027   ,  0.0333601  ,  0.588456   ,  24.3629    ])
3358    , -4438.77    , array([ 0.198128   ,  0.0292539  ,  0.605671   ,  23.1653    ])
3359    , -4195.3     , array([ 0.182642   ,  0.0319751  ,  0.602996   ,  24.3006    ])
3360    , -4355.74    , array([ 0.19182    ,  0.0276403  ,  0.595529   ,  21.7751    ])
3361    , -4201.34    , array([ 0.182911   ,  0.0302539  ,  0.597746   ,  23.1603    ])
3362    , -4770.56    , array([ 0.220577   ,  0.0312926  ,  0.591827   ,  26.7923    ])
3363    , -4145.61    , array([ 0.166439   ,  0.0328363  ,  0.601466   ,  23.7526    ])
3364    , -4141.31    , array([ 0.163318   ,  0.031053   ,  0.614865   ,  24.7771    ])
3365    , -4191.17    , array([ 0.151009   ,  0.0299599  ,  0.628511   ,  24.9869    ])
3366    , -4186.07    , array([ 0.161171   ,  0.0346905  ,  0.613915   ,  26.9581    ])
3367    , -4259.52    , array([ 0.151624   ,  0.0341883  ,  0.614056   ,  27.0615    ])
3368    , -4150.32    , array([ 0.174338   ,  0.0325146  ,  0.605742   ,  24.9632    ])
3369    , -4171.16    , array([ 0.178705   ,  0.0305081  ,  0.599106   ,  23.4739    ])
3370    , -4146.78    , array([ 0.17415    ,  0.0315038  ,  0.602774   ,  24.3003    ])
likelihood = -4141.31
theta = 33869.99
Optimized parameters = [ 0.16331816  0.03105296  0.61486512 24.77711698]

Round_4_Replicate_2
3371    , -5897.69    , array([ 0.129497   ,  0.0262372  ,  1.13579    ,  13.4675    ])
3372    , -5304.69    , array([ 0.116916   ,  0.0262372  ,  1.13579    ,  13.4675    ])
3373    , -5579.14    , array([ 0.129497   ,  0.0218708  ,  1.13579    ,  13.4675    ])
3374    , -5957.75    , array([ 0.129497   ,  0.0262372  ,  1.14304    ,  13.4675    ])
3375    , -5897.69    , array([ 0.129497   ,  0.0262372  ,  1.13579    ,  15.3374    ])
3376    , -5324.96    , array([ 0.123046   ,  0.0239547  ,  1.12858    ,  14.3721    ])
3377    , -5128.33    , array([ 0.119942   ,  0.022889   ,  1.13218    ,  12.2163    ])
3378    , -4833.98    , array([ 0.115432   ,  0.0213787  ,  1.13038    ,  10.9027    ])
3379    , -4708.74    , array([ 0.113241   ,  0.0206614  ,  1.12948    ,  12.5178    ])
3380    , -4382.48    , array([ 0.105895   ,  0.018335   ,  1.12633    ,  12.0683    ])
3381    , -4492.94    , array([ 0.102402   ,  0.0226946  ,  1.12477    ,  11.8497    ])
3382    , -4279.99    , array([ 0.0983161  ,  0.0201679  ,  1.13004    ,  10.0825    ])
3383    , -4171.79    , array([ 0.0878826  ,  0.0185052  ,  1.13077    ,  8.4448     ])
3384    , -4169.71    , array([ 0.0897083  ,  0.015464   ,  1.12038    ,  8.52019    ])
3385    , -4684.39    , array([ 0.0785799  ,  0.011872   ,  1.11276    ,  6.77688    ])
3386    , -4303.12    , array([ 0.0801003  ,  0.0161409  ,  1.12076    ,  9.30383    ])
3387    , -4484.07    , array([ 0.0798568  ,  0.012823   ,  1.12434    ,  7.58521    ])
3388    , -4229.64    , array([ 0.084979   ,  0.0147902  ,  1.12445    ,  8.48012    ])
3389    , -4903.18    , array([ 0.0691777  ,  0.0142553  ,  1.12183    ,  6.24318    ])
3390    , -4160.9     , array([ 0.0952023  ,  0.0172169  ,  1.12521    ,  10.235     ])
3391    , -4238.04    , array([ 0.0997042  ,  0.0167242  ,  1.12965    ,  8.49379    ])
3392    , -4159.16    , array([ 0.0943938  ,  0.0165764  ,  1.12742    ,  8.68943    ])
3393    , -4251.34    , array([ 0.0990494  ,  0.0193222  ,  1.12743    ,  9.43313    ])
3394    , -4160.41    , array([ 0.0882971  ,  0.0158123  ,  1.12519    ,  8.70895    ])
3395    , -4272.3     , array([ 0.0960024  ,  0.0142753  ,  1.11836    ,  9.61959    ])
3396    , -4140.29    , array([ 0.0898458  ,  0.0173427  ,  1.12765    ,  8.72431    ])
3397    , -4165.34    , array([ 0.0941207  ,  0.0180908  ,  1.13238    ,  9.64801    ])
3398    , -4146.89    , array([ 0.0929977  ,  0.0173949  ,  1.12937    ,  9.35278    ])
3399    , -4151.17    , array([ 0.0876562  ,  0.0163327  ,  1.12961    ,  7.67766    ])
likelihood = -4140.29
theta = 61784.51
Optimized parameters = [0.08984581 0.01734272 1.12765437 8.72431285]

Round_4_Replicate_3
3400    , -8810.72    , array([ 0.205677   ,  0.0159782  ,  0.943299   ,  10.5602    ])
3401    , -7777.19    , array([ 0.19004    ,  0.0159782  ,  0.943299   ,  10.5602    ])
3402    , -9309.65    , array([ 0.205677   ,  0.0129928  ,  0.943299   ,  10.5602    ])
3403    , -8776.02    , array([ 0.205677   ,  0.0159782  ,  0.94055    ,  10.5602    ])
3404    , -8810.72    , array([ 0.205677   ,  0.0159782  ,  0.943299   ,  11.8811    ])
3405    , -7950.27    , array([ 0.197704   ,  0.0196495  ,  0.941924   ,  11.2012    ])
3406    , -7821.22    , array([ 0.193834   ,  0.017719   ,  0.941237   ,  9.66686    ])
3407    , -7380.01    , array([ 0.188171   ,  0.0186593  ,  0.940207   ,  10.4058    ])
3408    , -6787.62    , array([ 0.179985   ,  0.0201641  ,  0.938665   ,  10.3294    ])
3409    , -6565.65    , array([ 0.176026   ,  0.0209614  ,  0.94201    ,  10.2914    ])
3410    , -5843.34    , array([ 0.162844   ,  0.0240086  ,  0.94274    ,  10.1596    ])
3411    , -6084.84    , array([ 0.166198   ,  0.0188411  ,  0.941044   ,  9.24042    ])
3412    , -5529.51    , array([ 0.156968   ,  0.0215452  ,  0.941634   ,  10.4683    ])
3413    , -4867.06    , array([ 0.141254   ,  0.0237578  ,  0.941832   ,  10.8935    ])
3414    , -4994.85    , array([ 0.13803    ,  0.0291341  ,  0.938844   ,  9.73272    ])
3415    , -4646.45    , array([ 0.127629   ,  0.0277499  ,  0.943569   ,  9.65851    ])
3416    , -4904.62    , array([ 0.107475   ,  0.0325539  ,  0.946031   ,  9.33958    ])
3417    , -5295.1     , array([ 0.121122   ,  0.0360423  ,  0.942447   ,  11.0384    ])
3418    , -5131.31    , array([ 0.10661    ,  0.0346556  ,  0.940604   ,  10.4648    ])
3419    , -4602.47    , array([ 0.134474   ,  0.0226365  ,  0.939977   ,  9.37816    ])
3420    , -4948.59    , array([ 0.141693   ,  0.0179393  ,  0.938744   ,  8.64419    ])
3421    , -6379.26    , array([ 0.171586   ,  0.0190268  ,  0.941504   ,  9.36451    ])
3422    , -4657.64    , array([ 0.12008    ,  0.0298313  ,  0.940829   ,  10.1782    ])
3423    , -4339.17    , array([ 0.123611   ,  0.0229019  ,  0.944266   ,  10.2967    ])
3424    , -4204.75    , array([ 0.116977   ,  0.0203052  ,  0.946988   ,  10.5908    ])
3425    , -4325.03    , array([ 0.109921   ,  0.0259638  ,  0.943842   ,  9.07079    ])
likelihood = -4204.75
theta = 50153.32
Optimized parameters = [ 0.11697679  0.02030521  0.94698823 10.59084638]

Round_4_Replicate_4
3426    , -18623.4    , array([ 0.0740396  ,  0.0124275  ,  0.422032   ,  24.5303    ])
3427    , -21029.2    , array([ 0.0650035  ,  0.0124275  ,  0.422032   ,  24.5303    ])
3429    , -19580.2    , array([ 0.0740396  ,  0.0124275  ,  0.404215   ,  24.5303    ])
3430    , -18623.4    , array([ 0.0740396  ,  0.0124275  ,  0.422032   ,  28.7864    ])
3431    , -19437.5    , array([ 0.0693746  ,  0.0154763  ,  0.413027   ,  26.5733    ])
3432    , -17173.4    , array([ 0.0816317  ,  0.0138684  ,  0.408597   ,  27.6577    ])
3433    , -15412.9    , array([ 0.0914787  ,  0.0146503  ,  0.402041   ,  29.3679    ])
3435    , -18765.1    , array([ 0.0754072  ,  0.0130385  ,  0.409424   ,  25.8525    ])
3436    , -16463.7    , array([ 0.08864    ,  0.0110983  ,  0.414561   ,  27.5542    ])
3437    , -15807.2    , array([ 0.088415   ,  0.0121537  ,  0.420825   ,  29.2397    ])
3439    , -17556.9    , array([ 0.0794967  ,  0.0124729  ,  0.418394   ,  26.5463    ])
3440    , -14201.6    , array([ 0.101964   ,  0.0126329  ,  0.405908   ,  27.5316    ])
3441    , -12382.5    , array([ 0.119658   ,  0.0127369  ,  0.398079   ,  26.9249    ])
3443    , -16197.1    , array([ 0.0874685  ,  0.0125341  ,  0.413556   ,  27.3858    ])
3444    , -13346.2    , array([ 0.103798   ,  0.0151914  ,  0.402577   ,  28.8785    ])
3445    , -12296.2    , array([ 0.114587   ,  0.0148086  ,  0.398163   ,  29.8375    ])
3447    , -11047.2    , array([ 0.129053   ,  0.0168579  ,  0.380605   ,  28.2299    ])
3448    , -9114.37    , array([ 0.155915   ,  0.0198541  ,  0.36196    ,  27.7381    ])
3449    , -8915.8     , array([ 0.162839   ,  0.0162805  ,  0.378007   ,  27.3156    ])
3450    , -7249.19    , array([ 0.217258   ,  0.0171624  ,  0.366534   ,  26.3438    ])
3451    , -7712.49    , array([ 0.207626   ,  0.016688   ,  0.360208   ,  26.5314    ])
3452    , -6265.22    , array([ 0.237247   ,  0.022783   ,  0.346517   ,  28.2478    ])
3453    , -5315.87    , array([ 0.334064   ,  0.0304708  ,  0.323298   ,  28.9335    ])
likelihood = -5315.87
theta = 17993.22
Optimized parameters = [ 0.33406422  0.03047083  0.32329787 28.93349372]

Round_4_Replicate_5
3454    , -12853.5    , array([ 0.201505   ,  0.0135706  ,  1.24403    ,  9.73143    ])
3455    , -11378      , array([ 0.185995   ,  0.0135706  ,  1.24403    ,  9.73143    ])
3456    , -13326.9    , array([ 0.201505   ,  0.0109453  ,  1.24403    ,  9.73143    ])
3457    , -13045.9    , array([ 0.201505   ,  0.0135706  ,  1.25768    ,  9.73143    ])
3458    , -12853.5    , array([ 0.201505   ,  0.0135706  ,  1.24403    ,  10.904     ])
3459    , -11935.2    , array([ 0.193595   ,  0.0168255  ,  1.25083    ,  10.301     ])
3460    , -11442.2    , array([ 0.189757   ,  0.0151107  ,  1.23388    ,  10.5982    ])
3461    , -10972.5    , array([ 0.184142   ,  0.0159451  ,  1.24233    ,  11.0602    ])
3462    , -10158.8    , array([ 0.17603    ,  0.0172838  ,  1.24148    ,  11.7911    ])
3463    , -9785.5     , array([ 0.172108   ,  0.0179948  ,  1.24106    ,  10.2645    ])
3464    , -8664.1     , array([ 0.15906    ,  0.0207215  ,  1.23958    ,  9.95893    ])
3465    , -8824.53    , array([ 0.162378   ,  0.0161066  ,  1.22873    ,  10.6833    ])
3466    , -8149.68    , array([ 0.153246   ,  0.018516   ,  1.24302    ,  10.4254    ])
3467    , -6994.84    , array([ 0.137717   ,  0.0204965  ,  1.24761    ,  10.34      ])
3468    , -7016.16    , array([ 0.134533   ,  0.0253381  ,  1.23466    ,  11.7036    ])
3469    , -6197.18    , array([ 0.12427    ,  0.0240879  ,  1.23378    ,  9.62337    ])
3470    , -5703.27    , array([ 0.104414   ,  0.0284366  ,  1.22995    ,  8.69389    ])
3471    , -6914.18    , array([ 0.108028   ,  0.0343457  ,  1.2472     ,  9.58137    ])
3472    , -6471.47    , array([ 0.0908857  ,  0.0343701  ,  1.24008    ,  10.0816    ])
3473    , -6200.6     , array([ 0.08832    ,  0.0327365  ,  1.24776    ,  7.96205    ])
3474    , -10883.6    , array([ 0.0690937  ,  0.0511448  ,  1.23487    ,  7.90818    ])
3475    , -5969.8     , array([ 0.115904   ,  0.0257609  ,  1.24441    ,  9.66964    ])
3476    , -5119.57    , array([ 0.0912362  ,  0.0264334  ,  1.2339     ,  8.57357    ])
3477    , -4651.09    , array([ 0.0838459  ,  0.0231896  ,  1.22731    ,  8.11015    ])
3478    , -4921.27    , array([ 0.104161   ,  0.0216971  ,  1.23458    ,  7.30819    ])
likelihood = -4651.09
theta = 64463.7
Optimized parameters = [0.08384592 0.02318956 1.22731095 8.11015381]
