
Round_1_Replicate_1
865     , -383.505    , array([ 0.844648   ,  0.48731    ,  0.156664   ,  3.67518    ,  1.42224    ])
866     , -383.319    , array([ 0.837547   ,  0.48731    ,  0.156664   ,  3.67518    ,  1.42224    ])
867     , -370.899    , array([ 0.844648   ,  0.470106   ,  0.156664   ,  3.67518    ,  1.42224    ])
868     , -357.821    , array([ 0.844648   ,  0.48731    ,  0.142797   ,  3.67518    ,  1.42224    ])
869     , -377.737    , array([ 0.844648   ,  0.48731    ,  0.156664   ,  3.92231    ,  1.42224    ])
870     , -384.179    , array([ 0.844648   ,  0.48731    ,  0.156664   ,  3.67518    ,  1.44751    ])
871     , -364.781    , array([ 0.8418     ,  0.480354   ,  0.150962   ,  3.7721     ,  1.39741    ])
872     , -358.32     , array([ 0.840664   ,  0.4776     ,  0.14874    ,  3.81159    ,  1.41225    ])
likelihood = -357.82
theta = 154.27
Optimized parameters = [0.84464768 0.48731036 0.14279651 3.67517509 1.42223888]

Round_1_Replicate_2
873     , -4220.31    , array([ 0.469334   ,  2.19396    ,  1.42261    ,  0.209525   ,  0.220795   ])
874     , -4171.32    , array([ 0.451915   ,  2.19396    ,  1.42261    ,  0.209525   ,  0.220795   ])
875     , -4246.35    , array([ 0.469334   ,  2.28186    ,  1.42261    ,  0.209525   ,  0.220795   ])
876     , -4251.12    , array([ 0.469334   ,  2.19396    ,  1.4479     ,  0.209525   ,  0.220795   ])
877     , -4254.27    , array([ 0.469334   ,  2.19396    ,  1.42261    ,  0.193775   ,  0.220795   ])
878     , -4196.23    , array([ 0.469334   ,  2.19396    ,  1.42261    ,  0.209525   ,  0.204733   ])
879     , -4177.35    , array([ 0.462287   ,  2.2287     ,  1.43267    ,  0.226555   ,  0.214225   ])
880     , -4153.81    , array([ 0.459498   ,  2.24276    ,  1.4017     ,  0.216178   ,  0.211651   ])
881     , -4105.35    , array([ 0.454658   ,  2.26756    ,  1.37916    ,  0.219583   ,  0.207223   ])
likelihood = -4105.35
theta = 261.45
Optimized parameters = [0.45465763 2.2675641  1.37915577 0.21958298 0.20722251]

Round_1_Replicate_3
882     , -4534.86    , array([ 0.234948   ,  1.11796    ,  2.75752    ,  7.99116    ,  0.485522   ])
883     , -4495.72    , array([ 0.218534   ,  1.11796    ,  2.75752    ,  7.99116    ,  0.485522   ])
884     , -4541.12    , array([ 0.234948   ,  1.12421    ,  2.75752    ,  7.99116    ,  0.485522   ])
885     , -4642.28    , array([ 0.234948   ,  1.11796    ,  2.90098    ,  7.99116    ,  0.485522   ])
886     , -4544.9     , array([ 0.234948   ,  1.11796    ,  2.75752    ,  8.86626    ,  0.485522   ])
887     , -4521.02    , array([ 0.234948   ,  1.11796    ,  2.75752    ,  7.99116    ,  0.468295   ])
888     , -4410.64    , array([ 0.22824    ,  1.12045    ,  2.62115    ,  8.33033    ,  0.478556   ])
889     , -4291.56    , array([ 0.224958   ,  1.12171    ,  2.49153    ,  8.50527    ,  0.475111   ])
890     , -4410.27    , array([ 0.224307   ,  1.12196    ,  2.64788    ,  7.38432    ,  0.474425   ])
likelihood = -4291.56
theta = 113.3
Optimized parameters = [0.22495753 1.12170501 2.49153368 8.50527133 0.47511123]

Round_1_Replicate_4
891     , -4895.28    , array([ 2.95229    ,  1.5546     ,  0.744947   ,  0.465148   ,  0.778135   ])
892     , -4948.24    , array([ 3.1165     ,  1.5546     ,  0.744947   ,  0.465148   ,  0.778135   ])
893     , -4935.15    , array([ 2.95229    ,  1.58928    ,  0.744947   ,  0.465148   ,  0.778135   ])
894     , -4862.05    , array([ 2.95229    ,  1.5546     ,  0.73406    ,  0.465148   ,  0.778135   ])
895     , -4905.65    , array([ 2.95229    ,  1.5546     ,  0.744947   ,  0.447683   ,  0.778135   ])
896     , -4893.98    , array([ 2.95229    ,  1.5546     ,  0.744947   ,  0.465148   ,  0.768436   ])
897     , -4846.93    , array([ 2.79674    ,  1.56838    ,  0.740573   ,  0.458082   ,  0.774241   ])
898     , -4793.64    , array([ 2.64938    ,  1.57532    ,  0.738395   ,  0.454589   ,  0.772301   ])
899     , -4806.65    , array([ 2.82718    ,  1.52876    ,  0.737961   ,  0.453894   ,  0.771914   ])
likelihood = -4793.64
theta = 151.1
Optimized parameters = [2.64937529 1.57531863 0.73839541 0.45458934 0.77230146]

Round_1_Replicate_5
900     , -215.524    , array([ 1.67439    ,  0.410932   ,  0.194707   ,  5.75037    ,  0.243914   ])
901     , -217.388    , array([ 1.71811    ,  0.410932   ,  0.194707   ,  5.75037    ,  0.243914   ])
902     , -209.376    , array([ 1.67439    ,  0.39306    ,  0.194707   ,  5.75037    ,  0.243914   ])
903     , -205.764    , array([ 1.67439    ,  0.410932   ,  0.179411   ,  5.75037    ,  0.243914   ])
904     , -205.729    , array([ 1.67439    ,  0.410932   ,  0.194707   ,  6.27596    ,  0.243914   ])
905     , -210.807    , array([ 1.67439    ,  0.410932   ,  0.194707   ,  5.75037    ,  0.227299   ])
906     , -201.974    , array([ 1.63179    ,  0.403688   ,  0.188438   ,  5.95511    ,  0.237127   ])
907     , -195.981    , array([ 1.59027    ,  0.400114   ,  0.18538    ,  6.06019    ,  0.233805   ])
908     , -195.822    , array([ 1.64022    ,  0.399403   ,  0.184774   ,  6.08143    ,  0.233146   ])
909     , -188.139    , array([ 1.6234     ,  0.39376    ,  0.179999   ,  6.25405    ,  0.227942   ])
likelihood = -188.14
theta = 110.38
Optimized parameters = [1.62339965 0.39375973 0.17999942 6.25404646 0.22794169]

Round_1_Replicate_6
910     , -1928.24    , array([ 0.216375   ,  0.243495   ,  1.87124    ,  0.26392    ,  1.0231     ])
911     , -1892.04    , array([ 0.200432   ,  0.243495   ,  1.87124    ,  0.26392    ,  1.0231     ])
912     , -1851.8     , array([ 0.216375   ,  0.226889   ,  1.87124    ,  0.26392    ,  1.0231     ])
913     , -1978.02    , array([ 0.216375   ,  0.243495   ,  1.93079    ,  0.26392    ,  1.0231     ])
914     , -1928.56    , array([ 0.216375   ,  0.243495   ,  1.87124    ,  0.246914   ,  1.0231     ])
915     , -1928.29    , array([ 0.216375   ,  0.243495   ,  1.87124    ,  0.26392    ,  1.02427    ])
916     , -1834.48    , array([ 0.209851   ,  0.236711   ,  1.81352    ,  0.256982   ,  1.02356    ])
917     , -1765.56    , array([ 0.206663   ,  0.233391   ,  1.75758    ,  0.253581   ,  1.0238     ])
918     , -1816.9     , array([ 0.206031   ,  0.232732   ,  1.82492    ,  0.277624   ,  1.02384    ])
likelihood = -1765.56
theta = 603.23
Optimized parameters = [0.20666297 0.23339091 1.75758458 0.25358123 1.02379748]

Round_1_Replicate_7
919     , -3652.16    , array([ 0.146567   ,  1.29958    ,  1.97495    ,  0.335006   ,  1.33388    ])
920     , -3607.83    , array([ 0.133149   ,  1.29958    ,  1.97495    ,  0.335006   ,  1.33388    ])
921     , -3661.18    , array([ 0.146567   ,  1.31672    ,  1.97495    ,  0.335006   ,  1.33388    ])
922     , -3695.09    , array([ 0.146567   ,  1.29958    ,  2.04331    ,  0.335006   ,  1.33388    ])
923     , -3651.27    , array([ 0.146567   ,  1.29958    ,  1.97495    ,  0.31718    ,  1.33388    ])
924     , -3651.89    , array([ 0.146567   ,  1.29958    ,  1.97495    ,  0.335006   ,  1.35324    ])
925     , -3595.51    , array([ 0.141045   ,  1.30641    ,  1.90888    ,  0.327758   ,  1.34159    ])
926     , -3548.35    , array([ 0.138362   ,  1.30984    ,  1.84502    ,  0.324194   ,  1.34546    ])
927     , -3582.82    , array([ 0.137832   ,  1.2867     ,  1.92191    ,  0.323485   ,  1.34624    ])
likelihood = -3548.35
theta = 340.98
Optimized parameters = [0.13836248 1.30983701 1.84501742 0.32419357 1.34546186]

Round_1_Replicate_8
928     , -4294.15    , array([ 0.67716    ,  0.369412   ,  2.87868    ,  0.706068   ,  3.37942    ])
929     , -4275.27    , array([ 0.664089   ,  0.369412   ,  2.87868    ,  0.706068   ,  3.37942    ])
930     , -4223.71    , array([ 0.67716    ,  0.351469   ,  2.87868    ,  0.706068   ,  3.37942    ])
931     , -4420.23    , array([ 0.67716    ,  0.369412   ,  3.03496    ,  0.706068   ,  3.37942    ])
932     , -4294.22    , array([ 0.67716    ,  0.369412   ,  2.87868    ,  0.693887   ,  3.37942    ])
933     , -4294.41    , array([ 0.67716    ,  0.369412   ,  2.87868    ,  0.706068   ,  3.59157    ])
934     , -4133.65    , array([ 0.671901   ,  0.362127   ,  2.73045    ,  0.70117    ,  3.46273    ])
935     , -3992.31    , array([ 0.669287   ,  0.358539   ,  2.58985    ,  0.698734   ,  3.50516    ])
936     , -4137       , array([ 0.668765   ,  0.357825   ,  2.75947    ,  0.698248   ,  3.22661    ])
likelihood = -3992.31
theta = 326.44
Optimized parameters = [0.6692867  0.35853887 2.58984851 0.69873424 3.50515832]

Round_1_Replicate_9
937     , -8225.26    , array([ 3.594      ,  6.19029    ,  1.48327    ,  0.214664   ,  0.164477   ])
938     , -8304.13    , array([ 3.8314     ,  6.19029    ,  1.48327    ,  0.214664   ,  0.164477   ])
939     , -8291.02    , array([ 3.594      ,  6.78105    ,  1.48327    ,  0.214664   ,  0.164477   ])
940     , -8248.22    , array([ 3.594      ,  6.19029    ,  1.5128     ,  0.214664   ,  0.164477   ])
941     , -8275.23    , array([ 3.594      ,  6.19029    ,  1.48327    ,  0.198769   ,  0.164477   ])
942     , -8204.12    , array([ 3.594      ,  6.19029    ,  1.48327    ,  0.214664   ,  0.150283   ])
943     , -8191.47    , array([ 3.37132    ,  6.42015    ,  1.49501    ,  0.208159   ,  0.158645   ])
944     , -8130       , array([ 3.16243    ,  6.53827    ,  1.50091    ,  0.204981   ,  0.155807   ])
945     , -8143.35    , array([ 3.41472    ,  5.77599    ,  1.5021     ,  0.204351   ,  0.155246   ])
likelihood = -8130.0
theta = 197.11
Optimized parameters = [3.16242736 6.53826516 1.50091389 0.20498061 0.15580725]

Round_1_Replicate_10
946     , -3528.32    , array([ 5.43672    ,  0.2791     ,  1.25713    ,  0.126865   ,  1.19293    ])
947     , -3553.66    , array([ 5.91703    ,  0.2791     ,  1.25713    ,  0.126865   ,  1.19293    ])
948     , -3447.65    , array([ 5.43672    ,  0.261847   ,  1.25713    ,  0.126865   ,  1.19293    ])
949     , -3546.75    , array([ 5.43672    ,  0.2791     ,  1.27159    ,  0.126865   ,  1.19293    ])
950     , -3528.29    , array([ 5.43672    ,  0.2791     ,  1.25713    ,  0.114422   ,  1.19293    ])
951     , -3528.33    , array([ 5.43672    ,  0.2791     ,  1.25713    ,  0.126865   ,  1.2035     ])
952     , -3476.34    , array([ 4.9954     ,  0.272066   ,  1.26289    ,  0.121733   ,  1.19715    ])
953     , -3457.09    , array([ 5.2557     ,  0.269303   ,  1.2451     ,  0.119739   ,  1.19884    ])
likelihood = -3447.65
theta = 186.1
Optimized parameters = [5.43671918 0.2618471  1.25712774 0.12686534 1.19293305]

Round_2_Replicate_1
954     , -274.96     , array([ 5.12932    ,  0.206803   ,  0.143362   ,  10.5939    ,  0.430118   ])
955     , -302.955    , array([ 5.56625    ,  0.206803   ,  0.143362   ,  10.5939    ,  0.430118   ])
956     , -273.127    , array([ 5.12932    ,  0.191132   ,  0.143362   ,  10.5939    ,  0.430118   ])
957     , -259.847    , array([ 5.12932    ,  0.206803   ,  0.130093   ,  10.5939    ,  0.430118   ])
958     , -243.766    , array([ 5.12932    ,  0.206803   ,  0.143362   ,  11.9209    ,  0.430118   ])
959     , -270.085    , array([ 5.12932    ,  0.206803   ,  0.143362   ,  10.5939    ,  0.412351   ])
960     , -228.747    , array([ 4.72669    ,  0.200386   ,  0.137899   ,  11.106     ,  0.422921   ])
961     , -198.059    , array([ 4.35566    ,  0.197253   ,  0.135247   ,  11.3713    ,  0.419368   ])
962     , -222.173    , array([ 4.8046     ,  0.196632   ,  0.134722   ,  11.4251    ,  0.418661   ])
963     , -205.9      , array([ 4.68054    ,  0.215181   ,  0.131414   ,  11.7755    ,  0.414164   ])
964     , -186.499    , array([ 4.51223    ,  0.20206    ,  0.126919   ,  12.2843    ,  0.432768   ])
965     , -156.467    , array([ 4.23211    ,  0.19973    ,  0.119418   ,  13.228     ,  0.443352   ])
likelihood = -156.47
theta = 54.55
Optimized parameters = [ 4.23210746  0.19973003  0.11941825 13.22802699  0.44335216]

Round_2_Replicate_2
966     , -192.706    , array([ 0.881752   ,  0.165171   ,  0.117945   ,  4.54061    ,  0.183737   ])
967     , -193.754    , array([ 0.876221   ,  0.165171   ,  0.117945   ,  4.54061    ,  0.183737   ])
968     , -191.283    , array([ 0.881752   ,  0.150949   ,  0.117945   ,  4.54061    ,  0.183737   ])
969     , -204.933    , array([ 0.881752   ,  0.165171   ,  0.10599    ,  4.54061    ,  0.183737   ])
970     , -199.909    , array([ 0.881752   ,  0.165171   ,  0.117945   ,  4.89745    ,  0.183737   ])
971     , -198.76     , array([ 0.881752   ,  0.165171   ,  0.117945   ,  4.54061    ,  0.168814   ])
972     , -185.968    , array([ 0.879536   ,  0.159329   ,  0.131249   ,  4.68012    ,  0.177616   ])
973     , -177.591    , array([ 0.878429   ,  0.156485   ,  0.146054   ,  4.75147    ,  0.174632   ])
974     , -182.122    , array([ 0.878208   ,  0.155922   ,  0.128474   ,  4.28691    ,  0.174041   ])
975     , -176.235    , array([ 0.876795   ,  0.15237    ,  0.132943   ,  4.51868    ,  0.191752   ])
976     , -166.13     , array([ 0.874327   ,  0.146346   ,  0.141143   ,  4.50775    ,  0.204365   ])
977     , -169.911    , array([ 0.881566   ,  0.14517    ,  0.142843   ,  4.50557    ,  0.183837   ])
likelihood = -166.13
theta = 164.12
Optimized parameters = [0.87432674 0.14634573 0.14114311 4.50775451 0.2043647 ]

Round_2_Replicate_3
978     , -543.996    , array([ 0.848358   ,  0.155667   ,  0.0534384  ,  10.9083    ,  0.147071   ])
979     , -547.167    , array([ 0.84141    ,  0.155667   ,  0.0534384  ,  10.9083    ,  0.147071   ])
980     , -547.497    , array([ 0.848358   ,  0.141843   ,  0.0534384  ,  10.9083    ,  0.147071   ])
981     , -573.378    , array([ 0.848358   ,  0.155667   ,  0.0461579  ,  10.9083    ,  0.147071   ])
982     , -584.109    , array([ 0.848358   ,  0.155667   ,  0.0534384  ,  12.2927    ,  0.147071   ])
983     , -557.361    , array([ 0.848358   ,  0.155667   ,  0.0534384  ,  10.9083    ,  0.13363    ])
984     , -524.809    , array([ 0.845572   ,  0.149983   ,  0.0503977  ,  9.6799     ,  0.141539   ])
985     , -497.149    , array([ 0.844182   ,  0.147219   ,  0.0489428  ,  8.5898     ,  0.138852   ])
986     , -503.838    , array([ 0.843905   ,  0.146672   ,  0.0597303  ,  9.91399    ,  0.138321   ])
987     , -499.193    , array([ 0.84213    ,  0.143221   ,  0.0539417  ,  9.54211    ,  0.154349   ])
988     , -489.799    , array([ 0.839652   ,  0.15779    ,  0.0541443  ,  9.04479    ,  0.142979   ])
989     , -463.317    , array([ 0.835333   ,  0.166423   ,  0.0545007  ,  8.23604    ,  0.140976   ])
likelihood = -463.32
theta = 111.77
Optimized parameters = [0.83533296 0.16642311 0.05450072 8.23603732 0.14097608]

Round_2_Replicate_4
990     , -613.994    , array([ 1.63465    ,  1.43006    ,  0.534533   ,  5.4893     ,  0.0833829  ])
991     , -615.507    , array([ 1.67531    ,  1.43006    ,  0.534533   ,  5.4893     ,  0.0833829  ])
992     , -621.739    , array([ 1.63465    ,  1.45587    ,  0.534533   ,  5.4893     ,  0.0833829  ])
993     , -604.707    , array([ 1.63465    ,  1.43006    ,  0.518052   ,  5.4893     ,  0.0833829  ])
994     , -584.16     , array([ 1.63465    ,  1.43006    ,  0.534533   ,  5.97713    ,  0.0833829  ])
995     , -585.098    , array([ 1.63465    ,  1.43006    ,  0.534533   ,  5.4893     ,  0.0736429  ])
996     , -579.118    , array([ 1.65079    ,  1.40471    ,  0.527879   ,  5.67946    ,  0.0793411  ])
997     , -559.152    , array([ 1.65892    ,  1.37981    ,  0.524582   ,  5.777      ,  0.0773943  ])
998     , -564.246    , array([ 1.6044     ,  1.40975    ,  0.523926   ,  5.7967     ,  0.0770108  ])
999     , -546.835    , array([ 1.63208    ,  1.4017     ,  0.519742   ,  5.92444    ,  0.0746004  ])
1000    , -518.117    , array([ 1.63079    ,  1.38773    ,  0.512501   ,  6.15477    ,  0.0705624  ])
1001    , -522.018    , array([ 1.63054    ,  1.38495    ,  0.533971   ,  6.20191    ,  0.0697814  ])
likelihood = -518.12
theta = 96.52
Optimized parameters = [1.63079414 1.38773118 0.51250059 6.15477483 0.07056239]

Round_2_Replicate_5
1002    , -181.709    , array([ 5.00357    ,  0.315727   ,  0.41236    ,  19.9866    ,  0.0718291  ])
1003    , -185.847    , array([ 5.42305    ,  0.315727   ,  0.41236    ,  19.9866    ,  0.0718291  ])
1004    , -179.313    , array([ 5.00357    ,  0.298042   ,  0.41236    ,  19.9866    ,  0.0718291  ])
1005    , -179.257    , array([ 5.00357    ,  0.315727   ,  0.394494   ,  19.9866    ,  0.0718291  ])
1006    , -181.927    , array([ 5.00357    ,  0.315727   ,  0.41236    ,  23.2154    ,  0.0718291  ])
1007    , -181.607    , array([ 5.00357    ,  0.315727   ,  0.41236    ,  19.9866    ,  0.0629673  ])
1008    , -179.625    , array([ 4.61653    ,  0.308531   ,  0.405118   ,  21.2204    ,  0.0681438  ])
1009    , -182.273    , array([ 4.845      ,  0.305698   ,  0.402257   ,  17.6242    ,  0.0667232  ])
1010    , -180.039    , array([ 4.96345    ,  0.313189   ,  0.409811   ,  21.67      ,  0.0705171  ])
1011    , -178.458    , array([ 4.82943    ,  0.304713   ,  0.401261   ,  21.1443    ,  0.066233   ])
1012    , -179.52     , array([ 4.74464    ,  0.299351   ,  0.395824   ,  21.748     ,  0.0636006  ])
1013    , -177.145    , array([ 4.76148    ,  0.300415   ,  0.396905   ,  21.6259    ,  0.077098   ])
1014    , -177.518    , array([ 4.64486    ,  0.29304    ,  0.389397   ,  22.4953    ,  0.0853113  ])
likelihood = -177.15
theta = 38.63
Optimized parameters = [ 4.76148004  0.30041546  0.39690547 21.62593294  0.07709798]

Round_2_Replicate_6
1015    , -526.034    , array([ 1.32657    ,  0.289295   ,  0.488234   ,  1.82821    ,  0.137989   ])
1016    , -531.292    , array([ 1.34545    ,  0.289295   ,  0.488234   ,  1.82821    ,  0.137989   ])
1017    , -510.543    , array([ 1.32657    ,  0.271899   ,  0.488234   ,  1.82821    ,  0.137989   ])
1018    , -512.714    , array([ 1.32657    ,  0.289295   ,  0.471042   ,  1.82821    ,  0.137989   ])
1019    , -515.404    , array([ 1.32657    ,  0.289295   ,  0.488234   ,  1.8842     ,  0.137989   ])
1020    , -503.304    , array([ 1.32657    ,  0.289295   ,  0.488234   ,  1.82821    ,  0.124979   ])
1021    , -496.021    , array([ 1.30796    ,  0.282207   ,  0.481283   ,  1.8504     ,  0.13263    ])
1022    , -479.184    , array([ 1.28961    ,  0.278728   ,  0.477845   ,  1.8616     ,  0.130029   ])
1023    , -482.825    , array([ 1.31166    ,  0.278037   ,  0.47716    ,  1.86385    ,  0.129515   ])
1024    , -480.995    , array([ 1.30575    ,  0.273658   ,  0.472801   ,  1.80062    ,  0.126273   ])
1025    , -470.271    , array([ 1.29751    ,  0.267643   ,  0.490789   ,  1.84452    ,  0.12187    ])
1026    , -450.336    , array([ 1.28321    ,  0.257432   ,  0.500971   ,  1.85273    ,  0.114531   ])
likelihood = -450.34
theta = 212.01
Optimized parameters = [1.28321183 0.25743244 0.50097109 1.85272663 0.11453092]

Round_2_Replicate_7
1027    , -338.842    , array([ 2.78707    ,  1.21823    ,  0.180404   ,  8.47679    ,  0.0593865  ])
1028    , -341.181    , array([ 2.93363    ,  1.21823    ,  0.180404   ,  8.47679    ,  0.0593865  ])
1029    , -340.797    , array([ 2.78707    ,  1.23031    ,  0.180404   ,  8.47679    ,  0.0593865  ])
1030    , -340.983    , array([ 2.78707    ,  1.21823    ,  0.165599   ,  8.47679    ,  0.0593865  ])
1031    , -320.745    , array([ 2.78707    ,  1.21823    ,  0.180404   ,  9.43285    ,  0.0593865  ])
1032    , -344.056    , array([ 2.78707    ,  1.21823    ,  0.180404   ,  8.47679    ,  0.051567   ])
1033    , -328.226    , array([ 2.84479    ,  1.22305    ,  0.17433    ,  8.847      ,  0.0683917  ])
1034    , -328.119    , array([ 2.66963    ,  1.22498    ,  0.171957   ,  8.99957    ,  0.0628368  ])
1035    , -321.576    , array([ 2.76204    ,  1.22769    ,  0.190175   ,  9.2176     ,  0.0642724  ])
1036    , -314.854    , array([ 2.75209    ,  1.2146     ,  0.178291   ,  9.53175    ,  0.0663375  ])
1037    , -304.531    , array([ 2.73477    ,  1.20682    ,  0.177244   ,  10.1075    ,  0.0701124  ])
likelihood = -304.53
theta = 66.84
Optimized parameters = [ 2.73477142  1.2068162   0.1772436  10.10748978  0.0701124 ]

Round_2_Replicate_8
1038    , -357.253    , array([ 1.66483    ,  0.507987   ,  0.197206   ,  4.35952    ,  0.370104   ])
1039    , -362.089    , array([ 1.70781    ,  0.507987   ,  0.197206   ,  4.35952    ,  0.370104   ])
1040    , -349.235    , array([ 1.66483    ,  0.491072   ,  0.197206   ,  4.35952    ,  0.370104   ])
1041    , -335.295    , array([ 1.66483    ,  0.507987   ,  0.18183    ,  4.35952    ,  0.370104   ])
1042    , -340.175    , array([ 1.66483    ,  0.507987   ,  0.197206   ,  4.69256    ,  0.370104   ])
1043    , -349.468    , array([ 1.66483    ,  0.507987   ,  0.197206   ,  4.35952    ,  0.35216    ])
1044    , -330.905    , array([ 1.62294    ,  0.501153   ,  0.190906   ,  4.4898     ,  0.362819   ])
1045    , -316.924    , array([ 1.5821     ,  0.49777    ,  0.187831   ,  4.5564     ,  0.359231   ])
1046    , -319.364    , array([ 1.63123    ,  0.497096   ,  0.187222   ,  4.56983    ,  0.358518   ])
1047    , -314.823    , array([ 1.61798    ,  0.492805   ,  0.183372   ,  4.65677    ,  0.379492   ])
1048    , -299.119    , array([ 1.59505    ,  0.485385   ,  0.176823   ,  4.81292    ,  0.393943   ])
1049    , -297.594    , array([ 1.59051    ,  0.50741    ,  0.175542   ,  4.84477    ,  0.370222   ])
1050    , -277.334    , array([ 1.5546     ,  0.515781   ,  0.165619   ,  5.10729    ,  0.370281   ])
likelihood = -277.33
theta = 120.03
Optimized parameters = [1.55459728 0.51578098 0.1656191  5.10729292 0.37028092]

Round_2_Replicate_9
1051    , -648.025    , array([ 0.794694   ,  1.05011    ,  0.0674071  ,  2.51601    ,  0.079385   ])
1052    , -650.104    , array([ 0.785615   ,  1.05011    ,  0.0674071  ,  2.51601    ,  0.079385   ])
1053    , -649.171    , array([ 0.794694   ,  1.05268    ,  0.0674071  ,  2.51601    ,  0.079385   ])
1054    , -654.021    , array([ 0.794694   ,  1.05011    ,  0.0589035  ,  2.51601    ,  0.079385   ])
1055    , -638.378    , array([ 0.794694   ,  1.05011    ,  0.0674071  ,  2.6348     ,  0.079385   ])
1056    , -653.096    , array([ 0.794694   ,  1.05011    ,  0.0674071  ,  2.51601    ,  0.06994    ])
1057    , -641.306    , array([ 0.79105    ,  1.05113    ,  0.0771384  ,  2.56287    ,  0.0754629  ])
1058    , -637.534    , array([ 0.789597   ,  1.05154    ,  0.0711429  ,  2.58186    ,  0.0882977  ])
1059    , -629.772    , array([ 0.787061   ,  1.05226    ,  0.0730877  ,  2.61542    ,  0.0992114  ])
1060    , -632.392    , array([ 0.799309   ,  1.05241    ,  0.073483   ,  2.62219    ,  0.0850483  ])
1061    , -626.644    , array([ 0.79201    ,  1.04973    ,  0.0760641  ,  2.6659     ,  0.0874252  ])
1062    , -615.424    , array([ 0.790672   ,  1.04826    ,  0.080801   ,  2.74417    ,  0.0917457  ])
likelihood = -615.42
theta = 170.7
Optimized parameters = [0.79067162 1.04826362 0.08080099 2.7441693  0.09174566]

Round_2_Replicate_10
1063    , -561.963    , array([ 1.59611    ,  0.911086   ,  0.103363   ,  2.65655    ,  0.129026   ])
1064    , -567.185    , array([ 1.63387    ,  0.911086   ,  0.103363   ,  2.65655    ,  0.129026   ])
1065    , -559.97     , array([ 1.59611    ,  0.906854   ,  0.103363   ,  2.65655    ,  0.129026   ])
1066    , -559.84     , array([ 1.59611    ,  0.911086   ,  0.0922746  ,  2.65655    ,  0.129026   ])
1067    , -539.591    , array([ 1.59611    ,  0.911086   ,  0.103363   ,  2.78955    ,  0.129026   ])
1068    , -562.542    , array([ 1.59611    ,  0.911086   ,  0.103363   ,  2.65655    ,  0.116469   ])
1069    , -546.839    , array([ 1.55923    ,  0.909391   ,  0.0987759  ,  2.70897    ,  0.123849   ])
1070    , -544.461    , array([ 1.58126    ,  0.908714   ,  0.0969987  ,  2.73023    ,  0.140614   ])
1071    , -538.599    , array([ 1.57535    ,  0.907767   ,  0.0945642  ,  2.76027    ,  0.131372   ])
1072    , -527.807    , array([ 1.56507    ,  0.906111   ,  0.09045    ,  2.81363    ,  0.132561   ])
1073    , -528.326    , array([ 1.56303    ,  0.911704   ,  0.0896489  ,  2.82443    ,  0.1328     ])
likelihood = -527.81
theta = 144.86
Optimized parameters = [1.5650745  0.9061114  0.09044998 2.81363284 0.13256139]

Round_3_Replicate_1
1074    , -368.159    , array([ 1.91679    ,  0.294385   ,  0.078867   ,  29.7       ,  0.319396   ])
1075    , -358.029    , array([ 1.98017    ,  0.294385   ,  0.078867   ,  29.7       ,  0.319396   ])
1076    , -368.302    , array([ 1.91679    ,  0.276925   ,  0.078867   ,  29.7       ,  0.319396   ])
1077    , -388.479    , array([ 1.91679    ,  0.294385   ,  0.0694609  ,  29.7       ,  0.319396   ])
1079    , -376.317    , array([ 1.91679    ,  0.294385   ,  0.078867   ,  29.7       ,  0.30168    ])
1080    , -327.032    , array([ 1.94189    ,  0.287272   ,  0.0749606  ,  25.0679    ,  0.312188   ])
1081    , -286.664    , array([ 1.95457    ,  0.283781   ,  0.0730806  ,  21.1583    ,  0.308646   ])
1082    , -314.77     , array([ 1.95712    ,  0.283088   ,  0.0868587  ,  25.9326    ,  0.307942   ])
1083    , -301.92     , array([ 1.97348    ,  0.278691   ,  0.0795106  ,  24.563     ,  0.328716   ])
1084    , -284.563    , array([ 1.99663    ,  0.297017   ,  0.0797696  ,  22.7663    ,  0.314075   ])
1085    , -248.71     , array([ 2.03779    ,  0.307604   ,  0.0802247  ,  19.9324    ,  0.311448   ])
1086    , -241.698    , array([ 2.04612    ,  0.284353   ,  0.0803161  ,  19.4095    ,  0.310925   ])
1087    , -195.025    , array([ 2.11402    ,  0.279466   ,  0.0810505  ,  15.6907    ,  0.306774   ])
1088    , -195.811    , array([ 2.03313    ,  0.278499   ,  0.0811982  ,  15.0372    ,  0.305951   ])
1089    , -189.408    , array([ 2.08867    ,  0.287727   ,  0.0717665  ,  13.8487    ,  0.316509   ])
1090    , -164.76     , array([ 2.15773    ,  0.290074   ,  0.0652343  ,  10.1202    ,  0.320882   ])
1091    , -162.468    , array([ 2.14664    ,  0.296983   ,  0.072432   ,  10.255     ,  0.293659   ])
1092    , -178.77     , array([ 2.23884    ,  0.306575   ,  0.0691326  ,  6.62613    ,  0.277559   ])
1093    , -148.761    , array([ 2.25022    ,  0.297011   ,  0.0785244  ,  8.9108     ,  0.30659    ])
1094    , -195.002    , array([ 2.41441    ,  0.303855   ,  0.0813966  ,  5.78275    ,  0.305568   ])
likelihood = -148.76
theta = 82.92
Optimized parameters = [2.25021954 0.29701055 0.07852443 8.91079607 0.30659011]

Round_3_Replicate_2
1095    , -617.331    , array([ 14.0899    ,  0.0747256  ,  0.248022   ,  14.2118    ,  0.268281   ])
1096    , -675.168    , array([ 16.0825    ,  0.0747256  ,  0.248022   ,  14.2118    ,  0.268281   ])
1097    , -621.942    , array([ 14.0899    ,  0.0656361  ,  0.248022   ,  14.2118    ,  0.268281   ])
1098    , -603.564    , array([ 14.0899    ,  0.0747256  ,  0.231321   ,  14.2118    ,  0.268281   ])
1099    , -566.845    , array([ 14.0899    ,  0.0747256  ,  0.248022   ,  16.2286    ,  0.268281   ])
1100    , -604.146    , array([ 14.0899    ,  0.0747256  ,  0.248022   ,  14.2118    ,  0.2512     ])
1101    , -530.582    , array([ 12.3442    ,  0.0709477  ,  0.241202   ,  14.9865    ,  0.261314   ])
1102    , -460.664    , array([ 10.8148    ,  0.0691311  ,  0.237862   ,  15.3896    ,  0.257898   ])
1103    , -519.05     , array([ 12.6751    ,  0.0824665  ,  0.2372     ,  15.4715    ,  0.25722    ])
1104    , -484.924    , array([ 12.1498    ,  0.0753484  ,  0.233004   ,  16.0061    ,  0.252925   ])
1105    , -450.428    , array([ 11.4507    ,  0.075599   ,  0.227255   ,  16.7858    ,  0.270863   ])
1106    , -378.95     , array([ 10.3228    ,  0.0760395  ,  0.217532   ,  18.2427    ,  0.281265   ])
1107    , -365.713    , array([ 10.1109    ,  0.076128   ,  0.237745   ,  18.5489    ,  0.258458   ])
1108    , -269.347    , array([ 8.56504    ,  0.076839   ,  0.241024   ,  21.1911    ,  0.253682   ])
1109    , -287.812    , array([ 8.28547    ,  0.076982   ,  0.219212   ,  18.0732    ,  0.252737   ])
1110    , -251.594    , array([ 7.76998    ,  0.0678618  ,  0.222096   ,  20.1736    ,  0.261758   ])
1111    , -181.172    , array([ 6.08351    ,  0.0615602  ,  0.214909   ,  23.0362    ,  0.264057   ])
1112    , -184.224    , array([ 6.14662    ,  0.0685045  ,  0.218901   ,  22.5569    ,  0.27083    ])
1113    , -155.2      , array([ 5.50854    ,  0.0743941  ,  0.207422   ,  27.3376    ,  0.270857   ])
likelihood = -155.2
theta = 32.4
Optimized parameters = [ 5.50854054  0.0743941   0.20742223 27.33757377  0.27085656]

Round_3_Replicate_3
1115    , -1234.46    , array([ 13.6024    ,  0.378551   ,  0.158527   ,  5.18821    ,  0.89605    ])
1116    , -1291.01    , array([ 15.4987    ,  0.378551   ,  0.158527   ,  5.18821    ,  0.89605    ])
1117    , -1224.3     , array([ 13.6024    ,  0.360604   ,  0.158527   ,  5.18821    ,  0.89605    ])
1118    , -1175.93    , array([ 13.6024    ,  0.378551   ,  0.14458    ,  5.18821    ,  0.89605    ])
1119    , -1208.57    , array([ 13.6024    ,  0.378551   ,  0.158527   ,  5.63337    ,  0.89605    ])
1120    , -1232.39    , array([ 13.6024    ,  0.378551   ,  0.158527   ,  5.18821    ,  0.891147   ])
1121    , -1137.27    , array([ 11.9381    ,  0.371267   ,  0.152794   ,  5.36189    ,  0.894086   ])
1122    , -1059.05    , array([ 10.4774    ,  0.367678   ,  0.150005   ,  5.45089    ,  0.893105   ])
1123    , -1126.03    , array([ 12.2538    ,  0.366965   ,  0.149454   ,  5.46887    ,  0.892909   ])
1124    , -1086.06    , array([ 11.7526    ,  0.36243    ,  0.145971   ,  5.58534    ,  0.898532   ])
1125    , -1038.13    , array([ 11.0851    ,  0.381238   ,  0.141232   ,  5.75259    ,  0.894604   ])
1126    , -946.025    , array([ 10.007     ,  0.391993   ,  0.133306   ,  6.0574     ,  0.893882   ])
1127    , -956.008    , array([ 9.80426    ,  0.368268   ,  0.131775   ,  5.45405    ,  0.893737   ])
1128    , -887.315    , array([ 8.60072    ,  0.364233   ,  0.139225   ,  6.04159    ,  0.892814   ])
1129    , -737.001    , array([ 6.83902    ,  0.357278   ,  0.136622   ,  6.51956    ,  0.891199   ])
1130    , -787.799    , array([ 7.56081    ,  0.371734   ,  0.129934   ,  6.14892    ,  0.895268   ])
1131    , -707.497    , array([ 6.60816    ,  0.38022    ,  0.126983   ,  6.25671    ,  0.888371   ])
1132    , -524.585    , array([ 4.95512    ,  0.389439   ,  0.118436   ,  6.62207    ,  0.883334   ])
1133    , -534.774    , array([ 5.49388    ,  0.383513   ,  0.112423   ,  6.93009    ,  0.889846   ])
likelihood = -524.59
theta = 70.71
Optimized parameters = [4.95511848 0.38943941 0.11843576 6.62207397 0.88333372]

Round_3_Replicate_4
1134    , -317.341    , array([ 4.23175    ,  0.120902   ,  0.138686   ,  10.7923    ,  0.86617    ])
1135    , -343.785    , array([ 4.54827    ,  0.120902   ,  0.138686   ,  10.7923    ,  0.86617    ])
1136    , -320.38     , array([ 4.23175    ,  0.108781   ,  0.138686   ,  10.7923    ,  0.86617    ])
1137    , -288.429    , array([ 4.23175    ,  0.120902   ,  0.125641   ,  10.7923    ,  0.86617    ])
1138    , -292.817    , array([ 4.23175    ,  0.120902   ,  0.138686   ,  12.1555    ,  0.86617    ])
1139    , -315.713    , array([ 4.23175    ,  0.120902   ,  0.138686   ,  10.7923    ,  0.85997    ])
1140    , -272.434    , array([ 3.93726    ,  0.115899   ,  0.133313   ,  11.3182    ,  0.863684   ])
1141    , -242.563    , array([ 3.66326    ,  0.113476   ,  0.130705   ,  11.5907    ,  0.862444   ])
1142    , -261.53     , array([ 3.99447    ,  0.131009   ,  0.13019    ,  11.646     ,  0.862197   ])
1143    , -244.473    , array([ 3.90333    ,  0.121722   ,  0.126939   ,  12.006     ,  0.860612   ])
1144    , -222.226    , array([ 3.77921    ,  0.122051   ,  0.122524   ,  12.5289    ,  0.867076   ])
1145    , -188.662    , array([ 3.57142    ,  0.12263    ,  0.115163   ,  13.4993    ,  0.870651   ])
1146    , -201.551    , array([ 3.53126    ,  0.122747   ,  0.113745   ,  11.6004    ,  0.862649   ])
1147    , -180.567    , array([ 3.28468    ,  0.123492   ,  0.120656   ,  13.4484    ,  0.861244   ])
1148    , -155.096    , array([ 2.89387    ,  0.124808   ,  0.118239   ,  15.0124    ,  0.858792   ])
1149    , -161.651    , array([ 3.05888    ,  0.111776   ,  0.112042   ,  13.795     ,  0.863845   ])
1150    , -149.36     , array([ 2.83947    ,  0.116272   ,  0.109314   ,  14.1458    ,  0.866733   ])
1151    , -141.428    , array([ 2.4218     ,  0.113639   ,  0.101442   ,  15.3546    ,  0.86981    ])
1152    , -138.339    , array([ 2.56397    ,  0.124792   ,  0.0959289  ,  16.3972    ,  0.86784    ])
1153    , -170.535    , array([ 2.14503    ,  0.130866   ,  0.0821823  ,  19.5029    ,  0.87055    ])
likelihood = -138.34
theta = 55.65
Optimized parameters = [ 2.5639655   0.12479197  0.09592894 16.39715431  0.86783957]

Round_3_Replicate_5
1154    , -1933.01    , array([ 16.0614    ,  0.116773   ,  0.450949   ,  29.7       ,  0.901177   ])
1155    , -1995.4     , array([ 18.4532    ,  0.116773   ,  0.450949   ,  29.7       ,  0.901177   ])
1156    , -1926.15    , array([ 16.0614    ,  0.104884   ,  0.450949   ,  29.7       ,  0.901177   ])
1157    , -1866.67    , array([ 16.0614    ,  0.116773   ,  0.433345   ,  29.7       ,  0.901177   ])
1159    , -1926.21    , array([ 16.0614    ,  0.116773   ,  0.450949   ,  29.7       ,  0.896501   ])
1160    , -1953.81    , array([ 16.9785    ,  0.111864   ,  0.443823   ,  25.0679    ,  0.899304   ])
1161    , -1843.89    , array([ 14.2935    ,  0.109959   ,  0.441004   ,  27.7524    ,  0.898556   ])
1162    , -1763.02    , array([ 12.5798    ,  0.106702   ,  0.436115   ,  26.8271    ,  0.897248   ])
1164    , -1919.91    , array([ 16.115     ,  0.112056   ,  0.444106   ,  27.0097    ,  0.899379   ])
1165    , -1830.18    , array([ 14.5854    ,  0.106135   ,  0.435254   ,  27.4529    ,  0.897016   ])
1166    , -1798.89    , array([ 14.0337    ,  0.102156   ,  0.42913    ,  26.6024    ,  0.901902   ])
1167    , -1745.89    , array([ 13.2962    ,  0.112543   ,  0.420701   ,  25.4558    ,  0.897511   ])
1168    , -1654.94    , array([ 12.0976    ,  0.11658    ,  0.406347   ,  23.5669    ,  0.895683   ])
1169    , -1640.11    , array([ 11.816     ,  0.107021   ,  0.412267   ,  26.5056    ,  0.897826   ])
1170    , -1494.29    , array([ 10.1179    ,  0.104589   ,  0.397214   ,  26.2571    ,  0.89705    ])
1171    , -1545.04    , array([ 9.85458    ,  0.0982694  ,  0.408045   ,  22.9455    ,  0.89439    ])
1172    , -1467.12    , array([ 9.27665    ,  0.10484    ,  0.3959     ,  23.1051    ,  0.897486   ])
1173    , -1281.22    , array([ 7.39823    ,  0.104198   ,  0.377578   ,  21.1967    ,  0.897721   ])
likelihood = -1281.22
theta = 36.45
Optimized parameters = [ 7.39823324  0.1041984   0.37757769 21.1966893   0.89772128]

Round_4_Replicate_1
1174    , -141.533    , array([ 2.29749    ,  0.169947   ,  0.117923   ,  17.5717    ,  0.535648   ])
1175    , -137.565    , array([ 2.39506    ,  0.169947   ,  0.117923   ,  17.5717    ,  0.535648   ])
1176    , -141.848    , array([ 2.29749    ,  0.155535   ,  0.117923   ,  17.5717    ,  0.535648   ])
1177    , -143.158    , array([ 2.29749    ,  0.169947   ,  0.105969   ,  17.5717    ,  0.535648   ])
1178    , -159.016    , array([ 2.29749    ,  0.169947   ,  0.117923   ,  20.2793    ,  0.535648   ])
1179    , -141.954    , array([ 2.29749    ,  0.169947   ,  0.117923   ,  17.5717    ,  0.519187   ])
1180    , -127.332    , array([ 2.33603    ,  0.164029   ,  0.112988   ,  15.2255    ,  0.529002   ])
1181    , -118.909    , array([ 2.35554    ,  0.161147   ,  0.110598   ,  13.1926    ,  0.52571    ])
1182    , -130.472    , array([ 2.35946    ,  0.160577   ,  0.127903   ,  15.6683    ,  0.525054   ])
1183    , -125.508    , array([ 2.38472    ,  0.156975   ,  0.118733   ,  14.9659    ,  0.544142   ])
1184    , -121.386    , array([ 2.42053    ,  0.172154   ,  0.119058   ,  14.0352    ,  0.530749   ])
1185    , -118.687    , array([ 2.47158    ,  0.15837    ,  0.119515   ,  12.8287    ,  0.528801   ])
1186    , -122.253    , array([ 2.56351    ,  0.152881   ,  0.120319   ,  10.9614    ,  0.525411   ])
1187    , -118.487    , array([ 2.4009     ,  0.153964   ,  0.120158   ,  11.3118    ,  0.526087   ])
1188    , -128.265    , array([ 2.40383    ,  0.146545   ,  0.121291   ,  9.07588    ,  0.521371   ])
1189    , -116.892    , array([ 2.45416    ,  0.160229   ,  0.108049   ,  11.1359    ,  0.537125   ])
1190    , -124.196    , array([ 2.50292    ,  0.160056   ,  0.0993101  ,  9.38814    ,  0.543264   ])
1191    , -118.854    , array([ 2.4562     ,  0.165256   ,  0.112086   ,  10.3584    ,  0.515599   ])
1192    , -121.251    , array([ 2.43406    ,  0.148241   ,  0.109114   ,  9.78151    ,  0.522522   ])
1193    , -117.886    , array([ 2.43067    ,  0.153888   ,  0.111519   ,  10.7056    ,  0.524567   ])
1194    , -128.159    , array([ 2.53283    ,  0.155473   ,  0.11785    ,  9.57204    ,  0.527071   ])
1195    , -116.665    , array([ 2.39866    ,  0.15971    ,  0.112368   ,  12.1759    ,  0.52605    ])
1196    , -119.274    , array([ 2.40611    ,  0.149551   ,  0.116403   ,  13.0055    ,  0.541738   ])
1197    , -117.44     , array([ 2.44358    ,  0.161182   ,  0.11315    ,  10.9648    ,  0.522013   ])
1198    , -118.914    , array([ 2.38027    ,  0.157156   ,  0.106803   ,  9.86199    ,  0.52549    ])
1199    , -117.405    , array([ 2.44843    ,  0.158066   ,  0.116202   ,  12.0124    ,  0.527972   ])
1200    , -116.043    , array([ 2.46962    ,  0.163364   ,  0.104819   ,  11.4566    ,  0.528957   ])
1201    , -116.114    , array([ 2.50471    ,  0.168277   ,  0.0979006  ,  11.5297    ,  0.530397   ])
1202    , -116.437    , array([ 2.45493    ,  0.167397   ,  0.110174   ,  12.4381    ,  0.532261   ])
likelihood = -116.04
theta = 70.52
Optimized parameters = [ 2.46961768  0.16336361  0.10481921 11.45660218  0.52895666]

Round_4_Replicate_2
1203    , -227.16     , array([ 2.41023    ,  0.0729788  ,  0.0600675  ,  14.6061    ,  0.452141   ])
1204    , -221.638    , array([ 2.51862    ,  0.0729788  ,  0.0600675  ,  14.6061    ,  0.452141   ])
1205    , -238.125    , array([ 2.41023    ,  0.0640261  ,  0.0600675  ,  14.6061    ,  0.452141   ])
1206    , -249.58     , array([ 2.41023    ,  0.0729788  ,  0.0521881  ,  14.6061    ,  0.452141   ])
1207    , -245.44     , array([ 2.41023    ,  0.0729788  ,  0.0600675  ,  16.7017    ,  0.452141   ])
1208    , -229.912    , array([ 2.41023    ,  0.0729788  ,  0.0600675  ,  14.6061    ,  0.434548   ])
1209    , -215.519    , array([ 2.45301    ,  0.0692566  ,  0.0691365  ,  15.4108    ,  0.44502    ])
1210    , -200.691    , array([ 2.47469    ,  0.0674672  ,  0.0795748  ,  15.8296    ,  0.441502   ])
1211    , -205.894    , array([ 2.47905    ,  0.0671149  ,  0.0672193  ,  13.1912    ,  0.440801   ])
1212    , -195.821    , array([ 2.50712    ,  0.0779551  ,  0.070313   ,  14.4813    ,  0.436345   ])
1213    , -177.292    , array([ 2.55702    ,  0.0860178  ,  0.0760735  ,  14.4193    ,  0.428656   ])
1214    , -184.159    , array([ 2.56711    ,  0.07304    ,  0.0772811  ,  14.407     ,  0.451539   ])
1215    , -172.289    , array([ 2.63269    ,  0.0730645  ,  0.0854765  ,  14.3281    ,  0.433738   ])
1216    , -154.511    , array([ 2.7515     ,  0.0731073  ,  0.101965   ,  14.191     ,  0.424819   ])
1217    , -153.748    , array([ 2.61011    ,  0.0731159  ,  0.105626   ,  14.1638    ,  0.423057   ])
1218    , -141.226    , array([ 2.6571     ,  0.0731845  ,  0.140067   ,  13.9477    ,  0.409224   ])
1219    , -142.39     , array([ 2.72638    ,  0.0823056  ,  0.126606   ,  16.0369    ,  0.421228   ])
1220    , -132.499    , array([ 2.83907    ,  0.0886524  ,  0.128779   ,  13.4335    ,  0.412726   ])
1221    , -141.861    , array([ 3.04091    ,  0.101622   ,  0.163824   ,  12.3751    ,  0.399049   ])
1222    , -135.296    , array([ 2.84934    ,  0.088486   ,  0.16265    ,  14.3528    ,  0.389301   ])
1223    , -180.365    , array([ 2.98717    ,  0.0759909  ,  0.223925   ,  14.3139    ,  0.394588   ])
1224    , -149.95     , array([ 2.65837    ,  0.0833934  ,  0.099644   ,  14.3929    ,  0.419872   ])
1225    , -134.332    , array([ 2.73806    ,  0.0942448  ,  0.165534   ,  14.6266    ,  0.396291   ])
1226    , -159.667    , array([ 2.86766    ,  0.0867635  ,  0.20752    ,  14.5147    ,  0.391795   ])
1227    , -138.119    , array([ 2.70921    ,  0.0842234  ,  0.119702   ,  14.4233    ,  0.41267    ])
1228    , -134.795    , array([ 2.78907    ,  0.0887238  ,  0.159704   ,  12.4857    ,  0.387341   ])
1229    , -127.52     , array([ 2.91782    ,  0.10777    ,  0.152133   ,  13.734     ,  0.390033   ])
1230    , -128.61     , array([ 3.05761    ,  0.130779   ,  0.158551   ,  13.6284    ,  0.380778   ])
likelihood = -127.52
theta = 60.91
Optimized parameters = [ 2.91781619  0.10777029  0.15213331 13.73400148  0.3900334 ]

Round_4_Replicate_3
1231    , -267.154    , array([ 1.65553    ,  0.080354   ,  0.0867741  ,  25.9067    ,  1.04105    ])
1232    , -262.917    , array([ 1.69779    ,  0.080354   ,  0.0867741  ,  25.9067    ,  1.04105    ])
1233    , -276.499    , array([ 1.65553    ,  0.0708366  ,  0.0867741  ,  25.9067    ,  1.04105    ])
1234    , -287.32     , array([ 1.65553    ,  0.080354   ,  0.0767909  ,  25.9067    ,  1.04105    ])
1236    , -266.978    , array([ 1.65553    ,  0.080354   ,  0.0867741  ,  25.9067    ,  1.04314    ])
1237    , -249.237    , array([ 1.67231    ,  0.0764025  ,  0.0826339  ,  22.0161    ,  1.04188    ])
1238    , -228.841    , array([ 1.68076    ,  0.0745002  ,  0.0806384  ,  18.7099    ,  1.0423     ])
1239    , -237.231    , array([ 1.68245    ,  0.0741255  ,  0.0952207  ,  22.7444    ,  1.04239    ])
1240    , -228.452    , array([ 1.69335    ,  0.0856251  ,  0.0874555  ,  21.5904    ,  1.04292    ])
1241    , -206.992    , array([ 1.71258    ,  0.0941397  ,  0.0877983  ,  19.7099    ,  1.04386    ])
1242    , -214.475    , array([ 1.71645    ,  0.0804188  ,  0.087867   ,  19.354     ,  1.04405    ])
1243    , -197.217    , array([ 1.74144    ,  0.0804448  ,  0.088308   ,  17.2232    ,  1.04232    ])
1244    , -173.046    , array([ 1.78605    ,  0.0804902  ,  0.089085   ,  14.0431    ,  1.04191    ])
1245    , -171.863    , array([ 1.73287    ,  0.0804993  ,  0.0892412  ,  13.4814    ,  1.04476    ])
1246    , -153.037    , array([ 1.75067    ,  0.0805721  ,  0.090501   ,  9.72514    ,  1.04662    ])
1247    , -156.198    , array([ 1.77669    ,  0.0902233  ,  0.0796881  ,  10.9315    ,  1.04511    ])
1248    , -143.661    , array([ 1.81841    ,  0.0969155  ,  0.0936533  ,  10.7183    ,  1.04632    ])
1249    , -142.137    , array([ 1.8914     ,  0.110538   ,  0.100928   ,  8.11251    ,  1.04834    ])
1250    , -144.886    , array([ 1.85109    ,  0.101966   ,  0.0908479  ,  7.31782    ,  1.04628    ])
1251    , -190.947    , array([ 1.91389    ,  0.0899315  ,  0.0921692  ,  4.83443    ,  1.04744    ])
1252    , -154.164    , array([ 1.86145    ,  0.0909656  ,  0.0910565  ,  6.86958    ,  1.04654    ])
1253    , -171.787    , array([ 1.86577    ,  0.110458   ,  0.0916368  ,  5.09744    ,  1.05127    ])
1254    , -150.631    , array([ 1.84551    ,  0.102055   ,  0.0909921  ,  6.5672     ,  1.04892    ])
1255    , -184.402    , array([ 1.90433    ,  0.10352    ,  0.108025   ,  5.34095    ,  1.04958    ])
1256    , -144.657    , array([ 1.80777    ,  0.0933782  ,  0.0859857  ,  9.13932    ,  1.04623    ])
1257    , -138.269    , array([ 1.79647    ,  0.103756   ,  0.0923961  ,  9.5271     ,  1.04801    ])
1258    , -139.563    , array([ 1.76483    ,  0.110811   ,  0.0930733  ,  11.2196    ,  1.04875    ])
1259    , -147.463    , array([ 1.92997    ,  0.12961    ,  0.0937371  ,  6.67454    ,  1.04849    ])
likelihood = -138.27
theta = 86.34
Optimized parameters = [1.79646679 0.10375618 0.09239611 9.52709693 1.04801307]

Round_4_Replicate_4
1260    , -168.939    , array([ 1.844      ,  0.119921   ,  0.101225   ,  17.8448    ,  0.854843   ])
1261    , -165.632    , array([ 1.9013     ,  0.119921   ,  0.101225   ,  17.8448    ,  0.854843   ])
1262    , -173.523    , array([ 1.844      ,  0.107855   ,  0.101225   ,  17.8448    ,  0.854843   ])
1263    , -176.488    , array([ 1.844      ,  0.119921   ,  0.0902722  ,  17.8448    ,  0.854843   ])
1264    , -187.831    , array([ 1.844      ,  0.119921   ,  0.101225   ,  20.6104    ,  0.854843   ])
1265    , -169.147    , array([ 1.844      ,  0.119921   ,  0.101225   ,  17.8448    ,  0.848166   ])
1266    , -155.85     , array([ 1.86671    ,  0.114941   ,  0.096693   ,  15.4503    ,  0.852166   ])
1267    , -144.683    , array([ 1.87817    ,  0.112529   ,  0.0945036  ,  13.3771    ,  0.85083    ])
1268    , -154.931    , array([ 1.88047    ,  0.112052   ,  0.11043    ,  15.902     ,  0.850563   ])
1269    , -147.239    , array([ 1.89526    ,  0.126505   ,  0.10197    ,  15.1854    ,  0.848858   ])
1270    , -144.162    , array([ 1.91615    ,  0.116235   ,  0.102269   ,  14.2362    ,  0.85582    ])
1271    , -136.787    , array([ 1.95328    ,  0.114435   ,  0.102795   ,  12.7155    ,  0.859672   ])
1272    , -135.564    , array([ 1.96079    ,  0.114078   ,  0.102901   ,  12.4315    ,  0.85105    ])
1273    , -132.401    , array([ 2.02193    ,  0.111264   ,  0.103749   ,  10.3759    ,  0.84916    ])
1274    , -131.722    , array([ 1.94908    ,  0.11071    ,  0.10392    ,  10.0076    ,  0.848783   ])
1275    , -143.216    , array([ 1.97342    ,  0.106373   ,  0.105294   ,  7.4944     ,  0.845769   ])
1276    , -129.63     , array([ 1.99912    ,  0.117914   ,  0.0929699  ,  9.33125    ,  0.852338   ])
1277    , -141.714    , array([ 2.06123    ,  0.12096    ,  0.085304   ,  7.14799    ,  0.853227   ])
1278    , -141.534    , array([ 2.02631    ,  0.101546   ,  0.09703    ,  8.04209    ,  0.85545    ])
1279    , -151.319    , array([ 2.10779    ,  0.109564   ,  0.105807   ,  7.44798    ,  0.855318   ])
1280    , -134.306    , array([ 1.93312    ,  0.11178    ,  0.0972108  ,  11.5553    ,  0.85195    ])
1281    , -141.475    , array([ 1.91724    ,  0.126168   ,  0.103129   ,  14.3217    ,  0.849304   ])
1282    , -133.996    , array([ 1.94395    ,  0.119503   ,  0.101569   ,  12.3976    ,  0.850837   ])
1283    , -131.157    , array([ 1.98512    ,  0.113915   ,  0.0968782  ,  8.96668    ,  0.841648   ])
1284    , -132.491    , array([ 2.02724    ,  0.117507   ,  0.102303   ,  8.91509    ,  0.845154   ])
1285    , -145.59     , array([ 2.05006    ,  0.109175   ,  0.0981963  ,  7.28254    ,  0.843994   ])
1286    , -130.255    , array([ 1.96995    ,  0.116833   ,  0.100715   ,  10.8536    ,  0.849121   ])
1287    , -132.888    , array([ 1.94342    ,  0.110774   ,  0.0968831  ,  10.9566    ,  0.851262   ])
1288    , -130.867    , array([ 2.00595    ,  0.115786   ,  0.100921   ,  9.3867     ,  0.846677   ])
likelihood = -129.63
theta = 84.98
Optimized parameters = [1.9991232  0.11791444 0.09296988 9.33124525 0.85233838]

Round_4_Replicate_5
1289    , -309.243    , array([ 4.88422    ,  0.171583   ,  0.111214   ,  20.4486    ,  1.52993    ])
1290    , -333.773    , array([ 5.28731    ,  0.171583   ,  0.111214   ,  20.4486    ,  1.52993    ])
1291    , -311.247    , array([ 4.88422    ,  0.157108   ,  0.111214   ,  20.4486    ,  1.52993    ])
1292    , -266.842    , array([ 4.88422    ,  0.171583   ,  0.0996475  ,  20.4486    ,  1.52993    ])
1293    , -294.223    , array([ 4.88422    ,  0.171583   ,  0.111214   ,  23.7791    ,  1.52993    ])
1294    , -315.052    , array([ 4.88422    ,  0.171583   ,  0.111214   ,  20.4486    ,  1.5628     ])
1295    , -267.577    , array([ 4.51186    ,  0.16564    ,  0.106434   ,  21.7208    ,  1.54299    ])
1296    , -264.978    , array([ 4.73172    ,  0.16332    ,  0.104581   ,  22.2516    ,  1.50285    ])
1297    , -244.396    , array([ 4.65727    ,  0.159339   ,  0.101414   ,  23.2119    ,  1.47374    ])
1298    , -243.486    , array([ 4.64252    ,  0.179377   ,  0.100792   ,  23.4089    ,  1.51233    ])
1299    , -217.763    , array([ 4.52619    ,  0.191668   ,  0.0959534  ,  25.0461    ,  1.50361    ])
1300    , -216.171    , array([ 4.50328    ,  0.17168    ,  0.0950139  ,  25.387     ,  1.50188    ])
1301    , -190.081    , array([ 4.3241     ,  0.171728   ,  0.0878216  ,  28.2869    ,  1.48804    ])
1302    , -187.755    , array([ 4.28913    ,  0.171738   ,  0.0864498  ,  23.401     ,  1.48529    ])
1303    , -159.312    , array([ 4.01935    ,  0.171816   ,  0.0762197  ,  23.2141    ,  1.46347    ])
1304    , -168.29     , array([ 4.43332    ,  0.180525   ,  0.0790379  ,  26.309     ,  1.44187    ])
1306    , -221.521    , array([ 4.62873    ,  0.173128   ,  0.0934113  ,  22.6736    ,  1.5017     ])
1307    , -153.882    , array([ 4.12153    ,  0.19798    ,  0.0731625  ,  26.9755    ,  1.48538    ])
1308    , -143.428    , array([ 3.87724    ,  0.220684   ,  0.0621418  ,  29.0804    ,  1.49124    ])
1310    , -188.726    , array([ 4.4242     ,  0.179664   ,  0.0861181  ,  24.4196    ,  1.48954    ])
1311    , -147.735    , array([ 3.91491    ,  0.176734   ,  0.0629119  ,  27.3384    ,  1.44635    ])
1312    , -135.541    , array([ 3.93813    ,  0.199534   ,  0.0601511  ,  23.8782    ,  1.44496    ])
1313    , -131.016    , array([ 3.75827    ,  0.215083   ,  0.0497812  ,  21.9387    ,  1.42389    ])
1314    , -148.212    , array([ 3.60589    ,  0.204954   ,  0.0492651  ,  26.4995    ,  1.41772    ])
1315    , -155.237    , array([ 3.31308    ,  0.2146     ,  0.0444304  ,  24.6675    ,  1.45473    ])
1316    , -183.529    , array([ 3.38247    ,  0.246451   ,  0.0371273  ,  28.6435    ,  1.42983    ])
1317    , -140.643    , array([ 3.84969    ,  0.188031   ,  0.0636757  ,  24.4664    ,  1.45498    ])
likelihood = -131.02
theta = 40.47
Optimized parameters = [ 3.75826572  0.21508255  0.04978118 21.93866858  1.42389034]

Round_1_Replicate_1
2169    , -8987.16    , array([ 7.64779    ,  6.95188    ,  2.50677    ,  4.13569    ,  0.363332   ])
2170    , -9082.95    , array([ 8.46667    ,  6.95188    ,  2.50677    ,  4.13569    ,  0.363332   ])
2171    , -9071.3     , array([ 7.64779    ,  7.65962    ,  2.50677    ,  4.13569    ,  0.363332   ])
2172    , -9131.47    , array([ 7.64779    ,  6.95188    ,  2.62465    ,  4.13569    ,  0.363332   ])
2173    , -8916.6     , array([ 7.64779    ,  6.95188    ,  2.50677    ,  4.43992    ,  0.363332   ])
2174    , -8865.83    , array([ 7.64779    ,  6.95188    ,  2.50677    ,  4.13569    ,  0.345398   ])
2175    , -8847.08    , array([ 7.96538    ,  7.22677    ,  2.3942     ,  4.2548     ,  0.356049   ])
2176    , -8720.77    , array([ 8.12909    ,  7.36826    ,  2.28667    ,  4.31563    ,  0.352463   ])
2177    , -8742.85    , array([ 7.07883    ,  7.39689    ,  2.4163     ,  4.3279     ,  0.35175    ])
likelihood = -8720.77
theta = 49.38
Optimized parameters = [8.12909199 7.36826294 2.2866716  4.31563247 0.35246269]

Round_1_Replicate_2
2178    , -788.548    , array([ 0.128744   ,  0.363374   ,  0.300751   ,  1.06172    ,  0.351839   ])
2179    , -833.409    , array([ 0.116202   ,  0.363374   ,  0.300751   ,  1.06172    ,  0.351839   ])
2180    , -763.944    , array([ 0.128744   ,  0.345439   ,  0.300751   ,  1.06172    ,  0.351839   ])
2181    , -785.945    , array([ 0.128744   ,  0.363374   ,  0.283216   ,  1.06172    ,  0.351839   ])
2182    , -788.352    , array([ 0.128744   ,  0.363374   ,  0.300751   ,  1.06491    ,  0.351839   ])
2183    , -785.153    , array([ 0.128744   ,  0.363374   ,  0.300751   ,  1.06172    ,  0.333934   ])
2184    , -734.004    , array([ 0.14264    ,  0.356091   ,  0.29361    ,  1.063      ,  0.344564   ])
2185    , -688.714    , array([ 0.158035   ,  0.352504   ,  0.290104   ,  1.06363    ,  0.340984   ])
2186    , -734.996    , array([ 0.139745   ,  0.351791   ,  0.289407   ,  1.06376    ,  0.340272   ])
likelihood = -688.71
theta = 380.88
Optimized parameters = [0.1580352  0.35250397 0.2901037  1.06363206 0.34098375]

Round_1_Replicate_3
2187    , -3660.3     , array([ 0.689405   ,  3.12961    ,  0.638448   ,  0.239522   ,  0.960276   ])
2188    , -3640.73    , array([ 0.676703   ,  3.12961    ,  0.638448   ,  0.239522   ,  0.960276   ])
2189    , -3700.29    , array([ 0.689405   ,  3.31333    ,  0.638448   ,  0.239522   ,  0.960276   ])
2190    , -3623.44    , array([ 0.689405   ,  3.12961    ,  0.624283   ,  0.239522   ,  0.960276   ])
2191    , -3662.99    , array([ 0.689405   ,  3.12961    ,  0.638448   ,  0.223004   ,  0.960276   ])
2192    , -3660.39    , array([ 0.689405   ,  3.12961    ,  0.638448   ,  0.239522   ,  0.958331   ])
2193    , -3597.35    , array([ 0.684296   ,  2.95608    ,  0.632744   ,  0.232773   ,  0.959497   ])
2194    , -3543.74    , array([ 0.681755   ,  2.79217    ,  0.629911   ,  0.22947    ,  0.959109   ])
2195    , -3588.99    , array([ 0.681248   ,  2.99       ,  0.629346   ,  0.252889   ,  0.959031   ])
likelihood = -3543.74
theta = 182.76
Optimized parameters = [0.68175531 2.79216517 0.62991116 0.22947015 0.95910861]

Round_1_Replicate_4
2196    , -419.939    , array([ 0.562607   ,  0.523773   ,  0.147475   ,  3.65248    ,  1.10658    ])
2197    , -425.119    , array([ 0.546658   ,  0.523773   ,  0.147475   ,  3.65248    ,  1.10658    ])
2198    , -408.415    , array([ 0.562607   ,  0.507108   ,  0.147475   ,  3.65248    ,  1.10658    ])
2199    , -407.098    , array([ 0.562607   ,  0.523773   ,  0.134016   ,  3.65248    ,  1.10658    ])
2200    , -416.987    , array([ 0.562607   ,  0.523773   ,  0.147475   ,  3.89689    ,  1.10658    ])
2201    , -420.095    , array([ 0.562607   ,  0.523773   ,  0.147475   ,  3.65248    ,  1.1122     ])
2202    , -403.525    , array([ 0.579022   ,  0.517042   ,  0.141936   ,  3.74835    ,  1.10882    ])
2203    , -393.153    , array([ 0.595916   ,  0.513709   ,  0.139245   ,  3.79722    ,  1.10995    ])
2204    , -398.033    , array([ 0.575701   ,  0.513045   ,  0.138713   ,  3.80707    ,  1.10233    ])
likelihood = -393.15
theta = 164.28
Optimized parameters = [0.59591557 0.51370944 0.13924544 3.79722149 1.10994746]

Round_1_Replicate_5
2205    , -5195.76    , array([ 0.328066   ,  1.58984    ,  2.9427     ,  1.31472    ,  0.915934   ])
2206    , -5127.32    , array([ 0.310284   ,  1.58984    ,  2.9427     ,  1.31472    ,  0.915934   ])
2207    , -5211.85    , array([ 0.328066   ,  1.62713    ,  2.9427     ,  1.31472    ,  0.915934   ])
2208    , -5301.84    , array([ 0.328066   ,  1.58984    ,  3.10587    ,  1.31472    ,  0.915934   ])
2209    , -5196.02    , array([ 0.328066   ,  1.58984    ,  2.9427     ,  1.33283    ,  0.915934   ])
2210    , -5195.84    , array([ 0.328066   ,  1.58984    ,  2.9427     ,  1.31472    ,  0.911921   ])
2211    , -5070.38    , array([ 0.320834   ,  1.60465    ,  2.7881     ,  1.32194    ,  0.914326   ])
2212    , -4957.34    , array([ 0.317278   ,  1.61211    ,  2.64163    ,  1.32556    ,  0.913524   ])
2213    , -5056.21    , array([ 0.316572   ,  1.56208    ,  2.81836    ,  1.32629    ,  0.913363   ])
likelihood = -4957.34
theta = 228.83
Optimized parameters = [0.31727809 1.61210798 2.64162818 1.32556074 0.91352391]

Round_1_Replicate_6
2214    , -5126.67    , array([ 0.307938   ,  0.705184   ,  4.12883    ,  0.159105   ,  3.74608    ])
2215    , -5055.08    , array([ 0.290326   ,  0.705184   ,  4.12883    ,  0.159105   ,  3.74608    ])
2216    , -5108.44    , array([ 0.307938   ,  0.692975   ,  4.12883    ,  0.159105   ,  3.74608    ])
2217    , -5286.93    , array([ 0.307938   ,  0.705184   ,  4.43219    ,  0.159105   ,  3.74608    ])
2218    , -5126.68    , array([ 0.307938   ,  0.705184   ,  4.12883    ,  0.145134   ,  3.74608    ])
2219    , -5126.7     , array([ 0.307938   ,  0.705184   ,  4.12883    ,  0.159105   ,  4.0018     ])
2220    , -4931.77    , array([ 0.300769   ,  0.700275   ,  3.84624    ,  0.153362   ,  3.84634    ])
2221    , -4756.55    , array([ 0.297247   ,  0.697833   ,  3.58298    ,  0.150569   ,  3.89748    ])
2222    , -4942.27    , array([ 0.296548   ,  0.697346   ,  3.90116    ,  0.150016   ,  3.56271    ])
likelihood = -4756.55
theta = 365.85
Optimized parameters = [0.29724692 0.69783337 3.58298225 0.15056894 3.89748059]

Round_1_Replicate_7
2223    , -2195.04    , array([ 0.296829   ,  0.135711   ,  2.68745    ,  2.25656    ,  5.97738    ])
2224    , -2145.81    , array([ 0.279339   ,  0.135711   ,  2.68745    ,  2.25656    ,  5.97738    ])
2225    , -2102.48    , array([ 0.296829   ,  0.122813   ,  2.68745    ,  2.25656    ,  5.97738    ])
2226    , -2283.52    , array([ 0.296829   ,  0.135711   ,  2.82362    ,  2.25656    ,  5.97738    ])
2227    , -2195.04    , array([ 0.296829   ,  0.135711   ,  2.68745    ,  2.35028    ,  5.97738    ])
2228    , -2195.05    , array([ 0.296829   ,  0.135711   ,  2.68745    ,  2.25656    ,  6.53637    ])
2229    , -2052.39    , array([ 0.289705   ,  0.130397   ,  2.55784    ,  2.29359    ,  6.195      ])
2230    , -1942.08    , array([ 0.286208   ,  0.127818   ,  2.43448    ,  2.31233    ,  6.30676    ])
2231    , -2035.92    , array([ 0.285513   ,  0.127309   ,  2.58325    ,  2.3161     ,  5.58475    ])
likelihood = -1942.08
theta = 743.58
Optimized parameters = [0.28620783 0.12781812 2.43447783 2.31233387 6.30676167]

Round_1_Replicate_8
2232    , -6001.06    , array([ 7.71528    ,  2.10044    ,  0.720325   ,  0.634217   ,  2.74571    ])
2233    , -6062.27    , array([ 8.54514    ,  2.10044    ,  0.720325   ,  0.634217   ,  2.74571    ])
2234    , -6081.12    , array([ 7.71528    ,  2.17985    ,  0.720325   ,  0.634217   ,  2.74571    ])
2235    , -5962.64    , array([ 7.71528    ,  2.10044    ,  0.708606   ,  0.634217   ,  2.74571    ])
2236    , -6002.37    , array([ 7.71528    ,  2.10044    ,  0.720325   ,  0.61994    ,  2.74571    ])
2237    , -5988.32    , array([ 7.71528    ,  2.10044    ,  0.720325   ,  0.634217   ,  2.88793    ])
2238    , -5926.34    , array([ 8.03709    ,  2.02393    ,  0.715614   ,  0.628467   ,  2.80174    ])
2239    , -5849.23    , array([ 8.20299    ,  1.9502     ,  0.713271   ,  0.625612   ,  2.83018    ])
2240    , -5856.85    , array([ 7.13892    ,  2.039      ,  0.712803   ,  0.625043   ,  2.8359     ])
likelihood = -5849.23
theta = 77.29
Optimized parameters = [8.20299288 1.95019992 0.71327064 0.62561201 2.83017925]

Round_1_Replicate_9
2241    , -2377.31    , array([ 0.158656   ,  0.675162   ,  1.42196    ,  0.797174   ,  0.354831   ])
2242    , -2372.82    , array([ 0.144703   ,  0.675162   ,  1.42196    ,  0.797174   ,  0.354831   ])
2243    , -2354.79    , array([ 0.158656   ,  0.662031   ,  1.42196    ,  0.797174   ,  0.354831   ])
2244    , -2404.76    , array([ 0.158656   ,  0.675162   ,  1.44721    ,  0.797174   ,  0.354831   ])
2245    , -2379.23    , array([ 0.158656   ,  0.675162   ,  1.42196    ,  0.788189   ,  0.354831   ])
2246    , -2349.17    , array([ 0.158656   ,  0.675162   ,  1.42196    ,  0.797174   ,  0.336917   ])
2247    , -2329.06    , array([ 0.15292    ,  0.669879   ,  1.39715    ,  0.793568   ,  0.347554   ])
2248    , -2292.6     , array([ 0.150131   ,  0.667253   ,  1.37278    ,  0.791771   ,  0.343972   ])
2249    , -2319.23    , array([ 0.149579   ,  0.666729   ,  1.40208    ,  0.80407    ,  0.34326    ])
likelihood = -2292.6
theta = 357.62
Optimized parameters = [0.15013082 0.66725277 1.37277593 0.79177078 0.34397155]

Round_1_Replicate_10
2250    , -2906.33    , array([ 6.57191    ,  0.276869   ,  0.784898   ,  0.650419   ,  2.28384    ])
2251    , -2935.84    , array([ 7.22065    ,  0.276869   ,  0.784898   ,  0.650419   ,  2.28384    ])
2252    , -2847.64    , array([ 6.57191    ,  0.259649   ,  0.784898   ,  0.650419   ,  2.28384    ])
2253    , -2890.48    , array([ 6.57191    ,  0.276869   ,  0.77545    ,  0.650419   ,  2.28384    ])
2254    , -2906.09    , array([ 6.57191    ,  0.276869   ,  0.784898   ,  0.63658    ,  2.28384    ])
2255    , -2907.25    , array([ 6.57191    ,  0.276869   ,  0.784898   ,  0.650419   ,  2.38012    ])
2256    , -2845.24    , array([ 5.98146    ,  0.269848   ,  0.781105   ,  0.644847   ,  2.32187    ])
2257    , -2797.31    , array([ 5.44406    ,  0.266405   ,  0.779215   ,  0.64208    ,  2.34113    ])
2258    , -2832.82    , array([ 6.09515    ,  0.265721   ,  0.778838   ,  0.641527   ,  2.21328    ])
likelihood = -2797.31
theta = 139.38
Optimized parameters = [5.44405557 0.26640475 0.77921515 0.64207952 2.34112754]

Round_2_Replicate_1
2259    , -872.384    , array([ 0.440442   ,  1.12138    ,  0.111345   ,  1.84935    ,  3.32469    ])
2260    , -886.501    , array([ 0.42275    ,  1.12138    ,  0.111345   ,  1.84935    ,  3.32469    ])
2261    , -876.301    , array([ 0.440442   ,  1.12783    ,  0.111345   ,  1.84935    ,  3.32469    ])
2262    , -847.306    , array([ 0.440442   ,  1.12138    ,  0.0997709  ,  1.84935    ,  3.32469    ])
2263    , -871.138    , array([ 0.440442   ,  1.12138    ,  0.111345   ,  1.90709    ,  3.32469    ])
2264    , -870.588    , array([ 0.440442   ,  1.12138    ,  0.111345   ,  1.84935    ,  3.53053    ])
2265    , -848.036    , array([ 0.458875   ,  1.12396    ,  0.106562   ,  1.87223    ,  3.40555    ])
2266    , -847.044    , array([ 0.447725   ,  1.116      ,  0.104707   ,  1.88146    ,  3.43844    ])
2267    , -833.139    , array([ 0.451411   ,  1.11014    ,  0.101538   ,  1.89773    ,  3.49676    ])
2268    , -835.611    , array([ 0.452152   ,  1.11789    ,  0.100916   ,  1.901      ,  3.50854    ])
2269    , -823.522    , array([ 0.456923   ,  1.1165     ,  0.0970236  ,  1.84109    ,  3.58489    ])
2270    , -802.259    , array([ 0.465393   ,  1.11407    ,  0.0905693  ,  1.80896    ,  3.72253    ])
likelihood = -802.26
theta = 150.55
Optimized parameters = [0.4653927  1.1140697  0.09056928 1.80895602 3.72252982]

Round_2_Replicate_2
2271    , -1038.56    , array([ 0.288169   ,  1.12353    ,  0.0500541  ,  12.7306    ,  0.909492   ])
2272    , -1075.69    , array([ 0.270788   ,  1.12353    ,  0.0500541  ,  12.7306    ,  0.909492   ])
2273    , -1039.79    , array([ 0.288169   ,  1.13009    ,  0.0500541  ,  12.7306    ,  0.909492   ])
2274    , -1072.97    , array([ 0.288169   ,  1.12353    ,  0.0430935  ,  12.7306    ,  0.909492   ])
2275    , -1056.32    , array([ 0.288169   ,  1.12353    ,  0.0500541  ,  14.4574    ,  0.909492   ])
2276    , -1038.46    , array([ 0.288169   ,  1.12353    ,  0.0500541  ,  12.7306    ,  0.905188   ])
2277    , -1022.92    , array([ 0.306666   ,  1.12615    ,  0.0471442  ,  13.3951    ,  0.907768   ])
2278    , -997.537    , array([ 0.326349   ,  1.12746    ,  0.0457533  ,  13.7402    ,  0.906907   ])
2279    , -996.198    , array([ 0.302874   ,  1.12772    ,  0.0560868  ,  13.8103    ,  0.906735   ])
2280    , -960.945    , array([ 0.310505   ,  1.12983    ,  0.0639861  ,  14.384     ,  0.905359   ])
2281    , -974.201    , array([ 0.312054   ,  1.13025    ,  0.053271   ,  12.136     ,  0.905085   ])
2282    , -963.104    , array([ 0.322154   ,  1.12375    ,  0.054615   ,  13.5211    ,  0.903328   ])
likelihood = -960.94
theta = 68.25
Optimized parameters = [ 0.31050516  1.12982763  0.06398608 14.38404541  0.90535938]

Round_2_Replicate_3
2283    , -194.618    , array([ 1.5342     ,  0.218854   ,  0.0651468  ,  1.42327    ,  4.13359    ])
2284    , -198.101    , array([ 1.56738    ,  0.218854   ,  0.0651468  ,  1.42327    ,  4.13359    ])
2285    , -192.291    , array([ 1.5342     ,  0.202844   ,  0.0651468  ,  1.42327    ,  4.13359    ])
2286    , -188.426    , array([ 1.5342     ,  0.218854   ,  0.0568314  ,  1.42327    ,  4.13359    ])
2287    , -194.036    , array([ 1.5342     ,  0.218854   ,  0.0651468  ,  1.44861    ,  4.13359    ])
2288    , -189.519    , array([ 1.5342     ,  0.218854   ,  0.0651468  ,  1.42327    ,  4.43756    ])
2289    , -185.497    , array([ 1.50171    ,  0.212303   ,  0.0616838  ,  1.43336    ,  4.2526     ])
2290    , -180.608    , array([ 1.46992    ,  0.209102   ,  0.060022   ,  1.43842    ,  4.31338    ])
2291    , -183.144    , array([ 1.50816    ,  0.208468   ,  0.059695   ,  1.43944    ,  4.32564    ])
2292    , -180.446    , array([ 1.49786    ,  0.204453   ,  0.0576442  ,  1.41067    ,  4.40493    ])
2293    , -176.676    , array([ 1.48002    ,  0.197611   ,  0.0542234  ,  1.39207    ,  4.54721    ])
2294    , -177.119    , array([ 1.47648    ,  0.218296   ,  0.053564   ,  1.42311    ,  4.57621    ])
likelihood = -176.68
theta = 136.35
Optimized parameters = [1.48001888 0.19761149 0.05422343 1.39207282 4.54720972]

Round_2_Replicate_4
2295    , -196.923    , array([ 1.17198    ,  0.222782   ,  0.0784288  ,  11.8101    ,  0.972611   ])
2296    , -195.297    , array([ 1.18132    ,  0.222782   ,  0.0784288  ,  11.8101    ,  0.972611   ])
2297    , -196.209    , array([ 1.17198    ,  0.206668   ,  0.0784288  ,  11.8101    ,  0.972611   ])
2298    , -213.606    , array([ 1.17198    ,  0.222782   ,  0.0690557  ,  11.8101    ,  0.972611   ])
2299    , -212.77     , array([ 1.17198    ,  0.222782   ,  0.0784288  ,  13.3618    ,  0.972611   ])
2300    , -197.002    , array([ 1.17198    ,  0.222782   ,  0.0784288  ,  11.8101    ,  0.971261   ])
2301    , -187.882    , array([ 1.17571    ,  0.216191   ,  0.0890742  ,  12.4079    ,  0.972071   ])
2302    , -179.536    , array([ 1.17758    ,  0.212969   ,  0.101165   ,  12.7181    ,  0.971801   ])
2303    , -174.261    , array([ 1.17795    ,  0.21233    ,  0.0868354  ,  10.7525    ,  0.971747   ])
2304    , -159.64     , array([ 1.18094    ,  0.20729    ,  0.0913708  ,  9.64559    ,  0.971315   ])
2305    , -172.081    , array([ 1.18154    ,  0.206296   ,  0.0923059  ,  11.2189    ,  0.973119   ])
2306    , -164.3      , array([ 1.18539    ,  0.200049   ,  0.0985214  ,  10.9908    ,  0.971972   ])
likelihood = -159.64
theta = 91.7
Optimized parameters = [1.18094447 0.20728991 0.09137075 9.64558867 0.97131536]

Round_2_Replicate_5
2307    , -254.833    , array([ 1.80817    ,  0.19485    ,  0.109971   ,  2.95542    ,  0.572423   ])
2308    , -263.452    , array([ 1.86252    ,  0.19485    ,  0.109971   ,  2.95542    ,  0.572423   ])
2309    , -250.157    , array([ 1.80817    ,  0.17955    ,  0.109971   ,  2.95542    ,  0.572423   ])
2310    , -246.953    , array([ 1.80817    ,  0.19485    ,  0.0984783  ,  2.95542    ,  0.572423   ])
2311    , -242.961    , array([ 1.80817    ,  0.19485    ,  0.109971   ,  3.11997    ,  0.572423   ])
2312    , -254.253    , array([ 1.80817    ,  0.19485    ,  0.109971   ,  2.95542    ,  0.556677   ])
2313    , -236.578    , array([ 1.7554     ,  0.188579   ,  0.105221   ,  3.02017    ,  0.566072   ])
2314    , -224.586    , array([ 1.70418    ,  0.18552    ,  0.102924   ,  3.05308    ,  0.562922   ])
2315    , -232.704    , array([ 1.76583    ,  0.184914   ,  0.10247    ,  3.0597     ,  0.562295   ])
2316    , -225.356    , array([ 1.74917    ,  0.181083   ,  0.0996152  ,  3.10243    ,  0.580527   ])
2317    , -220.374    , array([ 1.72612    ,  0.197184   ,  0.0957515  ,  3.16327    ,  0.567742   ])
2318    , -208.947    , array([ 1.6865     ,  0.20664    ,  0.089347   ,  3.27261    ,  0.565415   ])
likelihood = -208.95
theta = 149.29
Optimized parameters = [1.68650299 0.20663982 0.08934697 3.27261363 0.56541516]

Round_2_Replicate_6
2319    , -963.038    , array([ 1.88931    ,  0.981625   ,  0.409907   ,  5.14288    ,  0.337092   ])
2320    , -972.649    , array([ 1.95038    ,  0.981625   ,  0.409907   ,  5.14288    ,  0.337092   ])
2321    , -962.582    , array([ 1.88931    ,  0.980715   ,  0.409907   ,  5.14288    ,  0.337092   ])
2322    , -921.659    , array([ 1.88931    ,  0.981625   ,  0.39203    ,  5.14288    ,  0.337092   ])
2323    , -932.457    , array([ 1.88931    ,  0.981625   ,  0.409907   ,  5.5817     ,  0.337092   ])
2324    , -929.551    , array([ 1.88931    ,  0.981625   ,  0.409907   ,  5.14288    ,  0.319253   ])
2325    , -911.699    , array([ 1.83016    ,  0.981261   ,  0.40266    ,  5.31411    ,  0.32984    ])
2326    , -883.338    , array([ 1.77285    ,  0.981079   ,  0.399085   ,  5.40185    ,  0.326273   ])
2327    , -888.812    , array([ 1.84184    ,  0.981043   ,  0.398374   ,  5.41957    ,  0.325564   ])
2328    , -861.371    , array([ 1.82318    ,  0.982084   ,  0.393852   ,  5.53438    ,  0.321064   ])
2329    , -815.03     , array([ 1.79099    ,  0.982769   ,  0.386062   ,  5.74116    ,  0.313338   ])
2330    , -844.86     , array([ 1.78462    ,  0.981631   ,  0.384523   ,  5.15705    ,  0.311815   ])
likelihood = -815.03
theta = 101.53
Optimized parameters = [1.79099338 0.98276923 0.3860622  5.74115954 0.31333774]

Round_2_Replicate_7
2331    , -565.707    , array([ 1.73754    ,  1.14372    ,  0.0602914  ,  3.01856    ,  1.58809    ])
2332    , -570.268    , array([ 1.78621    ,  1.14372    ,  0.0602914  ,  3.01856    ,  1.58809    ])
2333    , -568.911    , array([ 1.73754    ,  1.15143    ,  0.0602914  ,  3.01856    ,  1.58809    ])
2334    , -539.502    , array([ 1.73754    ,  1.14372    ,  0.0523924  ,  3.01856    ,  1.58809    ])
2335    , -550.045    , array([ 1.73754    ,  1.14372    ,  0.0602914  ,  3.18999    ,  1.58809    ])
2336    , -564.54     , array([ 1.73754    ,  1.14372    ,  0.0602914  ,  3.01856    ,  1.62524    ])
2337    , -545.218    , array([ 1.6902     ,  1.1468     ,  0.0569981  ,  3.086      ,  1.60285    ])
2338    , -536.812    , array([ 1.71845    ,  1.13729    ,  0.0557317  ,  3.11339    ,  1.60879    ])
2339    , -522.043    , array([ 1.70898    ,  1.13029    ,  0.0535829  ,  3.16192    ,  1.61924    ])
2340    , -523.366    , array([ 1.70709    ,  1.13955    ,  0.0531632  ,  3.17172    ,  1.62134    ])
2341    , -510.243    , array([ 1.69506    ,  1.13789    ,  0.0505537  ,  3.23513    ,  1.58275    ])
2342    , -488.484    , array([ 1.67421    ,  1.13498    ,  0.0462916  ,  3.34918    ,  1.56192    ])
likelihood = -488.48
theta = 111.61
Optimized parameters = [1.67421412 1.13498179 0.04629156 3.34918266 1.56192083]

Round_2_Replicate_8
2343    , -725.415    , array([ 1.12659    ,  0.351442   ,  0.310082   ,  2.10413    ,  0.960502   ])
2344    , -728.083    , array([ 1.13332    ,  0.351442   ,  0.310082   ,  2.10413    ,  0.960502   ])
2345    , -703.401    , array([ 1.12659    ,  0.333539   ,  0.310082   ,  2.10413    ,  0.960502   ])
2346    , -681.286    , array([ 1.12659    ,  0.351442   ,  0.292449   ,  2.10413    ,  0.960502   ])
2347    , -718.292    , array([ 1.12659    ,  0.351442   ,  0.310082   ,  2.18386    ,  0.960502   ])
2348    , -725.065    , array([ 1.12659    ,  0.351442   ,  0.310082   ,  2.10413    ,  0.958569   ])
2349    , -693.057    , array([ 1.1199     ,  0.344168   ,  0.302905   ,  2.13567    ,  0.959728   ])
2350    , -682.993    , array([ 1.12391    ,  0.341301   ,  0.300081   ,  2.14841    ,  0.959419   ])
2351    , -667.049    , array([ 1.12284    ,  0.337327   ,  0.296171   ,  2.16639    ,  0.961695   ])
2352    , -639.475    , array([ 1.12096    ,  0.330483   ,  0.289451   ,  2.19821    ,  0.963262   ])
2353    , -643.282    , array([ 1.12059    ,  0.329131   ,  0.288126   ,  2.09276    ,  0.960861   ])
likelihood = -639.47
theta = 188.54
Optimized parameters = [1.12096447 0.33048329 0.28945114 2.19820563 0.96326202]

Round_2_Replicate_9
2354    , -284.635    , array([ 0.635734   ,  0.199074   ,  0.0677172  ,  4.27562    ,  0.467086   ])
2355    , -291.206    , array([ 0.621497   ,  0.199074   ,  0.0677172  ,  4.27562    ,  0.467086   ])
2356    , -282.515    , array([ 0.635734   ,  0.183639   ,  0.0677172  ,  4.27562    ,  0.467086   ])
2357    , -306.068    , array([ 0.635734   ,  0.199074   ,  0.059188   ,  4.27562    ,  0.467086   ])
2358    , -293.576    , array([ 0.635734   ,  0.199074   ,  0.0677172  ,  4.59779    ,  0.467086   ])
2359    , -286.335    , array([ 0.635734   ,  0.199074   ,  0.0677172  ,  4.27562    ,  0.449641   ])
2360    , -269.577    , array([ 0.63       ,  0.19275    ,  0.0774754  ,  4.40169    ,  0.460028   ])
2361    , -252.509    , array([ 0.627153   ,  0.189664   ,  0.0886399  ,  4.46611    ,  0.45654    ])
2362    , -265.536    , array([ 0.626585   ,  0.189053   ,  0.0754173  ,  4.04596    ,  0.455845   ])
2363    , -257.422    , array([ 0.643032   ,  0.185187   ,  0.0787372  ,  4.25579    ,  0.451425   ])
2364    , -250.502    , array([ 0.631509   ,  0.179907   ,  0.0836319  ,  4.24788    ,  0.469681   ])
2365    , -233.487    , array([ 0.629407   ,  0.171027   ,  0.0929413  ,  4.23408    ,  0.480034   ])
likelihood = -233.49
theta = 176.11
Optimized parameters = [0.62940717 0.17102745 0.09294129 4.23407838 0.48003377]

Round_2_Replicate_10
2366    , -451.674    , array([ 0.236579   ,  0.170228   ,  0.102874   ,  1.64684    ,  1.2901     ])
2367    , -483.991    , array([ 0.220128   ,  0.170228   ,  0.102874   ,  1.64684    ,  1.2901     ])
2368    , -443.855    , array([ 0.236579   ,  0.155805   ,  0.102874   ,  1.64684    ,  1.2901     ])
2369    , -476.347    , array([ 0.236579   ,  0.170228   ,  0.0918166  ,  1.64684    ,  1.2901     ])
2370    , -453.315    , array([ 0.236579   ,  0.170228   ,  0.102874   ,  1.68843    ,  1.2901     ])
2371    , -451.987    , array([ 0.236579   ,  0.170228   ,  0.102874   ,  1.64684    ,  1.30663    ])
2372    , -427.802    , array([ 0.25426    ,  0.164305   ,  0.0982996  ,  1.66335    ,  1.29668    ])
2373    , -401.54     , array([ 0.273262   ,  0.161422   ,  0.0960893  ,  1.67167    ,  1.29999    ])
2374    , -404.893    , array([ 0.250621   ,  0.160851   ,  0.11216    ,  1.67334    ,  1.30065    ])
2375    , -408.169    , array([ 0.256468   ,  0.157247   ,  0.103625   ,  1.62627    ,  1.3049     ])
2376    , -392.825    , array([ 0.264884   ,  0.152336   ,  0.103928   ,  1.65898    ,  1.2877     ])
2377    , -365.689    , array([ 0.280283   ,  0.144107   ,  0.104458   ,  1.66508    ,  1.27835    ])
likelihood = -365.69
theta = 296.24
Optimized parameters = [0.2802829  0.1441074  0.10445834 1.66507811 1.27834526]

Round_3_Replicate_1
2378    , -373.869    , array([ 0.476443   ,  0.372392   ,  0.178903   ,  16.2962    ,  3.45319    ])
2379    , -383.927    , array([ 0.459104   ,  0.372392   ,  0.178903   ,  16.2962    ,  3.45319    ])
2380    , -359.583    , array([ 0.476443   ,  0.354446   ,  0.178903   ,  16.2962    ,  3.45319    ])
2381    , -372.516    , array([ 0.476443   ,  0.372392   ,  0.164153   ,  16.2962    ,  3.45319    ])
2382    , -379.672    , array([ 0.476443   ,  0.372392   ,  0.178903   ,  18.7366    ,  3.45319    ])
2383    , -371.799    , array([ 0.476443   ,  0.372392   ,  0.178903   ,  16.2962    ,  3.67393    ])
2384    , -358.681    , array([ 0.494436   ,  0.365107   ,  0.172851   ,  17.2317    ,  3.53985    ])
2385    , -346.774    , array([ 0.513109   ,  0.361519   ,  0.169901   ,  17.7194    ,  3.58399    ])
2386    , -350.195    , array([ 0.490784   ,  0.360805   ,  0.169318   ,  14.6564    ,  3.59288    ])
2387    , -346.636    , array([ 0.49664    ,  0.356272   ,  0.165629   ,  16.1513    ,  3.65033    ])
2388    , -334.663    , array([ 0.507058   ,  0.348475   ,  0.159365   ,  16.0794    ,  3.75309    ])
2389    , -334.072    , array([ 0.509168   ,  0.346936   ,  0.178387   ,  16.065     ,  3.77398    ])
2390    , -319.094    , array([ 0.526364   ,  0.334869   ,  0.18596    ,  15.9507    ,  3.94539    ])
2391    , -312.852    , array([ 0.529872   ,  0.332506   ,  0.166232   ,  15.9279    ,  3.64983    ])
2392    , -287.901    , array([ 0.558793   ,  0.314195   ,  0.160237   ,  15.7468    ,  3.63783    ])
2393    , -295.323    , array([ 0.564764   ,  0.332896   ,  0.159064   ,  15.7109    ,  3.9649     ])
2394    , -283.941    , array([ 0.579934   ,  0.316666   ,  0.163921   ,  17.9609    ,  3.96392    ])
2395    , -257.456    , array([ 0.630409   ,  0.296664   ,  0.161288   ,  19.8829    ,  4.16357    ])
2396    , -254.225    , array([ 0.602316   ,  0.29201    ,  0.159994   ,  15.5567    ,  4.2193     ])
2397    , -220.239    , array([ 0.652577   ,  0.26244    ,  0.155259   ,  14.5765    ,  4.57802    ])
2398    , -228.991    , array([ 0.674227   ,  0.270458   ,  0.168799   ,  16.4836    ,  4.36249    ])
likelihood = -220.24
theta = 117.23
Optimized parameters = [ 0.65257702  0.26244034  0.1552587  14.57646195  4.57801725]

Round_3_Replicate_2
2399    , -372.45     , array([ 0.574345   ,  0.178448   ,  0.133216   ,  29.7       ,  1.21364    ])
2400    , -380.737    , array([ 0.55864    ,  0.178448   ,  0.133216   ,  29.7       ,  1.21364    ])
2401    , -370.322    , array([ 0.574345   ,  0.163715   ,  0.133216   ,  29.7       ,  1.21364    ])
2402    , -400.7      , array([ 0.574345   ,  0.178448   ,  0.120444   ,  29.7       ,  1.21364    ])
2404    , -371.224    , array([ 0.574345   ,  0.178448   ,  0.133216   ,  29.7       ,  1.22545    ])
2405    , -364.08     , array([ 0.568011   ,  0.172402   ,  0.127952   ,  25.0679    ,  1.21835    ])
2406    , -348.635    , array([ 0.56487    ,  0.169456   ,  0.125399   ,  21.1583    ,  1.22071    ])
2407    , -339.625    , array([ 0.564244   ,  0.168873   ,  0.143821   ,  25.9326    ,  1.22118    ])
2408    , -313.184    , array([ 0.55926    ,  0.16428    ,  0.15716    ,  24.2321    ,  1.22497    ])
2409    , -329.22     , array([ 0.580364   ,  0.163376   ,  0.13892    ,  23.9056    ,  1.22573    ])
2410    , -320.181    , array([ 0.566853   ,  0.15771    ,  0.14127    ,  21.9178    ,  1.2306     ])
2411    , -301.737    , array([ 0.563883   ,  0.150106   ,  0.144626   ,  19.4095    ,  1.22079    ])
2412    , -269.885    , array([ 0.558724   ,  0.137671   ,  0.150692   ,  15.6907    ,  1.21847    ])
2413    , -265.683    , array([ 0.557698   ,  0.15266    ,  0.151936   ,  15.0372    ,  1.23463    ])
2414    , -223.86     , array([ 0.549556   ,  0.147416   ,  0.16226    ,  10.6998    ,  1.24526    ])
2415    , -241.63     , array([ 0.560853   ,  0.139493   ,  0.178933   ,  16.0695    ,  1.2373     ])
2416    , -223.68     , array([ 0.538463   ,  0.13582    ,  0.178726   ,  12.1334    ,  1.23686    ])
2417    , -188.774    , array([ 0.518661   ,  0.123838   ,  0.202722   ,  8.64418    ,  1.24247    ])
2418    , -190.177    , array([ 0.532049   ,  0.127729   ,  0.20307    ,  9.12128    ,  1.23671    ])
likelihood = -188.77
theta = 128.44
Optimized parameters = [0.51866128 0.12383766 0.20272201 8.64418395 1.24246936]

Round_3_Replicate_3
2419    , -388.958    , array([ 1.00709    ,  0.0600022  ,  0.33683    ,  2.46506    ,  0.980741   ])
2420    , -389.12     , array([ 1.00745    ,  0.0600022  ,  0.33683    ,  2.46506    ,  0.980741   ])
2421    , -389.211    , array([ 1.00709    ,  0.0521285  ,  0.33683    ,  2.46506    ,  0.980741   ])
2422    , -362.806    , array([ 1.00709    ,  0.0600022  ,  0.318993   ,  2.46506    ,  0.980741   ])
2423    , -384.491    , array([ 1.00709    ,  0.0600022  ,  0.33683    ,  2.5788     ,  0.980741   ])
2424    , -388.794    , array([ 1.00709    ,  0.0600022  ,  0.33683    ,  2.46506    ,  0.979788   ])
2425    , -378.204    , array([ 1.00723    ,  0.0690651  ,  0.329578   ,  2.50994    ,  0.98036    ])
2426    , -371.687    , array([ 1.00679    ,  0.0634751  ,  0.326722   ,  2.52812    ,  0.980207   ])
2427    , -365.149    , array([ 1.00703    ,  0.06492    ,  0.322764   ,  2.5538     ,  0.979994   ])
2428    , -356.264    , array([ 1.007      ,  0.0669981  ,  0.317304   ,  2.59018    ,  0.98103    ])
2429    , -341.094    , array([ 1.00696    ,  0.0707963  ,  0.307969   ,  2.65511    ,  0.981651   ])
2430    , -344.322    , array([ 1.00695    ,  0.0715814  ,  0.306135   ,  2.50498    ,  0.98044    ])
2431    , -336.805    , array([ 1.00669    ,  0.0630849  ,  0.303772   ,  2.57167    ,  0.980853   ])
2432    , -318.692    , array([ 1.00643    ,  0.0602919  ,  0.291636   ,  2.60311    ,  0.9811     ])
2433    , -321.492    , array([ 1.00699    ,  0.0672423  ,  0.292815   ,  2.5832     ,  0.981363   ])
2434    , -311.276    , array([ 1.00674    ,  0.0666766  ,  0.285082   ,  2.56897    ,  0.982125   ])
2435    , -288.056    , array([ 1.00659    ,  0.0675726  ,  0.267924   ,  2.57659    ,  0.983192   ])
2436    , -285.414    , array([ 1.00648    ,  0.075653   ,  0.269008   ,  2.70898    ,  0.982357   ])
2437    , -254.15     , array([ 1.00617    ,  0.0849485  ,  0.247034   ,  2.83985    ,  0.983166   ])
likelihood = -254.15
theta = 198.88
Optimized parameters = [1.00617001 0.08494854 0.24703446 2.8398521  0.9831658 ]

Round_3_Replicate_4
2438    , -601.152    , array([ 1.12862    ,  0.118869   ,  0.0655059  ,  29.7       ,  0.350093   ])
2439    , -598.859    , array([ 1.13547    ,  0.118869   ,  0.0655059  ,  29.7       ,  0.350093   ])
2440    , -607.362    , array([ 1.12862    ,  0.106862   ,  0.0655059  ,  29.7       ,  0.350093   ])
2441    , -637.171    , array([ 1.12862    ,  0.118869   ,  0.0571603  ,  29.7       ,  0.350093   ])
2443    , -610.342    , array([ 1.12862    ,  0.118869   ,  0.0655059  ,  29.7       ,  0.332194   ])
2444    , -563.615    , array([ 1.13135    ,  0.113912   ,  0.0620306  ,  25.0679    ,  0.34282    ])
2445    , -517.913    , array([ 1.13272    ,  0.111512   ,  0.0603627  ,  21.1583    ,  0.339241   ])
2446    , -538.023    , array([ 1.133      ,  0.111038   ,  0.0726543  ,  25.9326    ,  0.33853    ])
2447    , -535.578    , array([ 1.13475    ,  0.108052   ,  0.0660797  ,  24.563     ,  0.359476   ])
2448    , -509.97     , array([ 1.13722    ,  0.120726   ,  0.0663106  ,  22.7663    ,  0.344725   ])
2449    , -464.109    , array([ 1.14154    ,  0.128319   ,  0.0667167  ,  19.9324    ,  0.342073   ])
2450    , -462.882    , array([ 1.1424     ,  0.111904   ,  0.0667983  ,  19.4095    ,  0.341545   ])
2451    , -400.675    , array([ 1.14936    ,  0.108576   ,  0.067454   ,  15.6907    ,  0.337349   ])
2452    , -391.698    , array([ 1.14105    ,  0.107922   ,  0.0675859  ,  15.0372    ,  0.336516   ])
2453    , -309.161    , array([ 1.14386    ,  0.102833   ,  0.0686505  ,  10.6998    ,  0.329927   ])
2454    , -355.48     , array([ 1.14791    ,  0.11204    ,  0.05957    ,  12.0862    ,  0.344446   ])
2455    , -298.044    , array([ 1.15143    ,  0.116818   ,  0.0628355  ,  9.60853    ,  0.318881   ])
2456    , -228.52     , array([ 1.15987    ,  0.121464   ,  0.0612736  ,  6.00959    ,  0.300337   ])
2457    , -219.652    , array([ 1.16448    ,  0.117131   ,  0.0692     ,  6.74223    ,  0.321832   ])
2458    , -177.126    , array([ 1.18069    ,  0.120045   ,  0.0740927  ,  3.80597    ,  0.313466   ])
likelihood = -177.13
theta = 164.77
Optimized parameters = [1.18068727 0.12004524 0.07409266 3.80596946 0.31346598]

Round_3_Replicate_5
2459    , -238.409    , array([ 2.1785     ,  0.0552034  ,  0.112554   ,  4.34088    ,  0.324825   ])
2460    , -248.471    , array([ 2.26499    ,  0.0552034  ,  0.112554   ,  4.34088    ,  0.324825   ])
2461    , -248.426    , array([ 2.1785     ,  0.04776    ,  0.112554   ,  4.34088    ,  0.324825   ])
2462    , -243.328    , array([ 2.1785     ,  0.0552034  ,  0.100909   ,  4.34088    ,  0.324825   ])
2463    , -225.468    , array([ 2.1785     ,  0.0552034  ,  0.112554   ,  4.6715     ,  0.324825   ])
2464    , -238.681    , array([ 2.1785     ,  0.0552034  ,  0.112554   ,  4.34088    ,  0.307066   ])
2465    , -230.141    , array([ 2.09532    ,  0.0520961  ,  0.107743   ,  4.47022    ,  0.317602   ])
2466    , -222.612    , array([ 2.14484    ,  0.0623453  ,  0.105877   ,  4.52303    ,  0.314757   ])
2467    , -211.519    , array([ 2.1282     ,  0.0712317  ,  0.102688   ,  4.61696    ,  0.309841   ])
2468    , -214.039    , array([ 2.12489    ,  0.0597289  ,  0.118924   ,  4.63598    ,  0.308867   ])
2469    , -209.101    , array([ 2.10382    ,  0.0616413  ,  0.108993   ,  4.75956    ,  0.327495   ])
2470    , -196.039    , array([ 2.06744    ,  0.0651366  ,  0.107255   ,  4.9838     ,  0.338214   ])
2471    , -194.539    , array([ 2.06025    ,  0.0658591  ,  0.10691    ,  5.02991    ,  0.314633   ])
2472    , -178.011    , array([ 2.00355    ,  0.071935   ,  0.104195   ,  5.41441    ,  0.309657   ])
2473    , -180.026    , array([ 2.104      ,  0.0794018  ,  0.110199   ,  5.27348    ,  0.318545   ])
2474    , -170.396    , array([ 1.99569    ,  0.0866593  ,  0.104599   ,  5.29695    ,  0.309038   ])
2475    , -153.564    , array([ 1.91013    ,  0.108577   ,  0.100835   ,  5.64041    ,  0.301434   ])
2476    , -160.019    , array([ 1.96067    ,  0.101723   ,  0.0926748  ,  5.7731     ,  0.321853   ])
2477    , -144.439    , array([ 1.89446    ,  0.0983623  ,  0.103012   ,  6.33892    ,  0.325761   ])
2478    , -132.794    , array([ 1.7874     ,  0.115586   ,  0.103174   ,  7.42754    ,  0.334024   ])
likelihood = -132.79
theta = 101.69
Optimized parameters = [1.78739773 0.11558628 0.1031741  7.42754481 0.33402441]

Round_4_Replicate_1
2479    , -150.861    , array([ 1.48399    ,  0.0716933  ,  0.167743   ,  4.0724     ,  0.322889   ])
2480    , -153.953    , array([ 1.51357    ,  0.0716933  ,  0.167743   ,  4.0724     ,  0.322889   ])
2481    , -155.572    , array([ 1.48399    ,  0.0628423  ,  0.167743   ,  4.0724     ,  0.322889   ])
2482    , -150.931    , array([ 1.48399    ,  0.0716933  ,  0.153419   ,  4.0724     ,  0.322889   ])
2483    , -143.578    , array([ 1.48399    ,  0.0716933  ,  0.167743   ,  4.3686     ,  0.322889   ])
2484    , -149.702    , array([ 1.48399    ,  0.0716933  ,  0.167743   ,  4.0724     ,  0.305145   ])
2485    , -144.805    , array([ 1.49575    ,  0.0817908  ,  0.16186    ,  4.18839    ,  0.315671   ])
2486    , -142.377    , array([ 1.45959    ,  0.0755734  ,  0.159564   ,  4.23571    ,  0.312829   ])
2487    , -137.991    , array([ 1.43333    ,  0.0775915  ,  0.155625   ,  4.3198     ,  0.307917   ])
2488    , -139.914    , array([ 1.46814    ,  0.0780015  ,  0.175463   ,  4.33682    ,  0.306944   ])
2489    , -135.871    , array([ 1.46185    ,  0.0806776  ,  0.163393   ,  4.44734    ,  0.300789   ])
2490    , -130.365    , array([ 1.4509     ,  0.0855835  ,  0.16126    ,  4.64756    ,  0.290312   ])
2491    , -129.762    , array([ 1.44872    ,  0.0866     ,  0.160836   ,  4.68867    ,  0.311999   ])
2492    , -123.266    , array([ 1.43141    ,  0.0951782  ,  0.15749    ,  5.03095    ,  0.315483   ])
2493    , -125.994    , array([ 1.41227    ,  0.0806538  ,  0.164869   ,  4.90562    ,  0.301523   ])
2494    , -122.871    , array([ 1.39554    ,  0.0964516  ,  0.157989   ,  4.9265     ,  0.286819   ])
2495    , -120.722    , array([ 1.35331    ,  0.111873   ,  0.153327   ,  5.23163    ,  0.270325   ])
2496    , -122.684    , array([ 1.36539    ,  0.102408   ,  0.143107   ,  5.34929    ,  0.28677    ])
2497    , -118.483    , array([ 1.37166    ,  0.115035   ,  0.156027   ,  5.84974    ,  0.277842   ])
2498    , -125.368    , array([ 1.34183    ,  0.140068   ,  0.156227   ,  6.80727    ,  0.263925   ])
2499    , -120.456    , array([ 1.32494    ,  0.11739    ,  0.148601   ,  5.96129    ,  0.289561   ])
2500    , -126.524    , array([ 1.32686    ,  0.144743   ,  0.139433   ,  6.10562    ,  0.274317   ])
2501    , -120.954    , array([ 1.39042    ,  0.0933508  ,  0.158105   ,  5.18147    ,  0.294478   ])
2502    , -126.56     , array([ 1.294      ,  0.121707   ,  0.146192   ,  6.02415    ,  0.255052   ])
2503    , -120.07     , array([ 1.39574    ,  0.101212   ,  0.154586   ,  5.26273    ,  0.29915    ])
2504    , -116.88     , array([ 1.36854    ,  0.112585   ,  0.165928   ,  5.62879    ,  0.285373   ])
2505    , -116.552    , array([ 1.37012    ,  0.118047   ,  0.178669   ,  5.77397    ,  0.284677   ])
2506    , -120.604    , array([ 1.33603    ,  0.135666   ,  0.157717   ,  6.0683     ,  0.274165   ])
likelihood = -116.55
theta = 127.65
Optimized parameters = [1.3701218  0.11804686 0.17866888 5.77396842 0.28467742]

Round_4_Replicate_2
2507    , -167.721    , array([ 1.41211    ,  0.123521   ,  0.115865   ,  9.29988    ,  0.270849   ])
2508    , -165.038    , array([ 1.43669    ,  0.123521   ,  0.115865   ,  9.29988    ,  0.270849   ])
2509    , -170.089    , array([ 1.41211    ,  0.111257   ,  0.115865   ,  9.29988    ,  0.270849   ])
2510    , -180.468    , array([ 1.41211    ,  0.123521   ,  0.104028   ,  9.29988    ,  0.270849   ])
2511    , -183.051    , array([ 1.41211    ,  0.123521   ,  0.115865   ,  10.3968    ,  0.270849   ])
2512    , -172.607    , array([ 1.41211    ,  0.123521   ,  0.115865   ,  9.29988    ,  0.253725   ])
2513    , -161.537    , array([ 1.42189    ,  0.118461   ,  0.110976   ,  8.31866    ,  0.263865   ])
2514    , -154.787    , array([ 1.42681    ,  0.116009   ,  0.10861    ,  7.44097    ,  0.26044    ])
2515    , -151.621    , array([ 1.42779    ,  0.115525   ,  0.125754   ,  8.50625    ,  0.259761   ])
2516    , -140.081    , array([ 1.4357     ,  0.111723   ,  0.138264   ,  8.13521    ,  0.254388   ])
2517    , -146.307    , array([ 1.43729    ,  0.110978   ,  0.121177   ,  8.06297    ,  0.277582   ])
2518    , -140.805    , array([ 1.44748    ,  0.123088   ,  0.12337    ,  7.61556    ,  0.262599   ])
2519    , -135.52     , array([ 1.46187    ,  0.110711   ,  0.126506   ,  7.03059    ,  0.25937    ])
2520    , -129.62     , array([ 1.48741    ,  0.104813   ,  0.132188   ,  6.11292    ,  0.253815   ])
2521    , -129.603    , array([ 1.45694    ,  0.103672   ,  0.133355   ,  5.94429    ,  0.252718   ])
2522    , -134.004    , array([ 1.46718    ,  0.0949779  ,  0.143066   ,  4.75238    ,  0.244113   ])
2523    , -120.931    , array([ 1.47935    ,  0.10553    ,  0.154435   ,  6.79104    ,  0.259673   ])
2524    , -115.619    , array([ 1.50634    ,  0.100651   ,  0.184155   ,  6.48768    ,  0.259289   ])
2525    , -120.781    , array([ 1.49639    ,  0.106088   ,  0.163644   ,  5.74524    ,  0.237083   ])
2526    , -121.658    , array([ 1.50574    ,  0.0901297  ,  0.179965   ,  5.43431    ,  0.24057    ])
2527    , -141.728    , array([ 1.54729    ,  0.0911231  ,  0.178436   ,  4.329      ,  0.242848   ])
2528    , -125.749    , array([ 1.46282    ,  0.106173   ,  0.147367   ,  6.94822    ,  0.251453   ])
2529    , -116.224    , array([ 1.48358    ,  0.0976327  ,  0.19493    ,  6.06398    ,  0.242488   ])
2530    , -118.48     , array([ 1.52561    ,  0.0963659  ,  0.224912   ,  6.28592    ,  0.239548   ])
2531    , -132.764    , array([ 1.54525    ,  0.0905177  ,  0.241026   ,  5.16647    ,  0.236128   ])
2532    , -118.476    , array([ 1.48301    ,  0.102022   ,  0.166654   ,  6.45214    ,  0.247531   ])
2533    , -116.392    , array([ 1.4921     ,  0.11205    ,  0.191394   ,  7.07533    ,  0.249642   ])
likelihood = -115.62
theta = 116.87
Optimized parameters = [1.50633983 0.10065131 0.18415512 6.4876763  0.2592895 ]

Round_4_Replicate_3
2534    , -364.868    , array([ 1.04871    ,  0.186463   ,  0.107331   ,  13.1969    ,  0.174474   ])
2535    , -364.113    , array([ 1.05121    ,  0.186463   ,  0.107331   ,  13.1969    ,  0.174474   ])
2536    , -365.573    , array([ 1.04871    ,  0.171444   ,  0.107331   ,  13.1969    ,  0.174474   ])
2537    , -384.087    , array([ 1.04871    ,  0.186463   ,  0.095998   ,  13.1969    ,  0.174474   ])
2538    , -401.476    , array([ 1.04871    ,  0.186463   ,  0.107331   ,  15.0139    ,  0.174474   ])
2539    , -377.16     , array([ 1.04871    ,  0.186463   ,  0.107331   ,  13.1969    ,  0.159889   ])
2540    , -342.709    , array([ 1.04971    ,  0.180303   ,  0.102646   ,  11.5997    ,  0.168487   ])
2541    , -316.668    , array([ 1.05021    ,  0.1773     ,  0.10038    ,  10.1959    ,  0.165571   ])
2542    , -331.073    , array([ 1.05031    ,  0.176706   ,  0.116831   ,  11.9029    ,  0.164993   ])
2543    , -320.111    , array([ 1.05095    ,  0.172948   ,  0.1081     ,  11.4215    ,  0.182322   ])
2544    , -313.691    , array([ 1.05184    ,  0.188757   ,  0.10841    ,  10.7802    ,  0.170047   ])
2545    , -290.857    , array([ 1.05341    ,  0.198058   ,  0.108953   ,  9.74325    ,  0.167876   ])
2546    , -286.506    , array([ 1.05373    ,  0.177792   ,  0.109062   ,  9.54815    ,  0.167445   ])
2547    , -254.32     , array([ 1.05625    ,  0.173609   ,  0.109938   ,  8.12164    ,  0.164037   ])
2548    , -249.283    , array([ 1.05324    ,  0.172784   ,  0.110114   ,  7.863      ,  0.163364   ])
2549    , -210.927    , array([ 1.05425    ,  0.166326   ,  0.111532   ,  6.06941    ,  0.158078   ])
2550    , -231.767    , array([ 1.05572    ,  0.177962   ,  0.0992994  ,  6.65894    ,  0.169818   ])
2551    , -215.488    , array([ 1.05699    ,  0.183921   ,  0.103735   ,  5.59248    ,  0.149371   ])
2552    , -189.06     , array([ 1.06047    ,  0.182055   ,  0.113192   ,  4.92694    ,  0.157848   ])
2553    , -176.92     , array([ 1.06563    ,  0.18448    ,  0.120199   ,  3.42494    ,  0.154122   ])
2554    , -182.862    , array([ 1.06213    ,  0.15841    ,  0.108465   ,  3.39373    ,  0.150447   ])
2555    , -192.509    , array([ 1.06164    ,  0.174216   ,  0.106915   ,  2.87178    ,  0.148732   ])
2556    , -196.708    , array([ 1.06454    ,  0.168514   ,  0.12192    ,  2.50201    ,  0.136249   ])
2557    , -204.898    , array([ 1.06629    ,  0.157448   ,  0.124496   ,  2.15955    ,  0.149305   ])
2558    , -299.946    , array([ 1.07392    ,  0.170325   ,  0.120999   ,  1.31615    ,  0.137897   ])
2559    , -180.607    , array([ 1.05914    ,  0.167317   ,  0.113827   ,  4.14178    ,  0.152771   ])
likelihood = -176.92
theta = 179.01
Optimized parameters = [1.06563336 0.18448025 0.1201988  3.42494434 0.15412227]

Round_4_Replicate_4
2560    , -193.418    , array([ 1.91101    ,  0.108703   ,  0.103798   ,  4.64881    ,  0.178184   ])
2561    , -198.254    , array([ 1.97391    ,  0.108703   ,  0.103798   ,  4.64881    ,  0.178184   ])
2562    , -196.715    , array([ 1.91101    ,  0.0972866  ,  0.103798   ,  4.64881    ,  0.178184   ])
2563    , -202.582    , array([ 1.91101    ,  0.108703   ,  0.0926829  ,  4.64881    ,  0.178184   ])
2564    , -185.237    , array([ 1.91101    ,  0.108703   ,  0.103798   ,  5.02007    ,  0.178184   ])
2565    , -198.056    , array([ 1.91101    ,  0.108703   ,  0.103798   ,  4.64881    ,  0.16346    ])
2566    , -186.085    , array([ 1.93592    ,  0.103984   ,  0.116247   ,  4.7939     ,  0.172142   ])
2567    , -186.013    , array([ 1.85973    ,  0.102154   ,  0.108609   ,  4.8532     ,  0.169783   ])
2568    , -180.864    , array([ 1.90015    ,  0.0996464  ,  0.110595   ,  4.93744    ,  0.187907   ])
2569    , -173.073    , array([ 1.89474    ,  0.0954052  ,  0.114159   ,  5.08841    ,  0.201469   ])
2570    , -173.091    , array([ 1.89366    ,  0.110473   ,  0.114885   ,  5.11915    ,  0.181059   ])
2571    , -168.509    , array([ 1.88677    ,  0.099512   ,  0.119645   ,  5.32035    ,  0.182223   ])
2572    , -157.99     , array([ 1.87476    ,  0.0952123  ,  0.128454   ,  5.69166    ,  0.184276   ])
2573    , -165.844    , array([ 1.83873    ,  0.100425   ,  0.111186   ,  5.52603    ,  0.193828   ])
2574    , -156.19     , array([ 1.90538    ,  0.101528   ,  0.120127   ,  5.74949    ,  0.207214   ])
2575    , -143.802    , array([ 1.92863    ,  0.101217   ,  0.126335   ,  6.25791    ,  0.22892    ])
2576    , -142.628    , array([ 1.86107    ,  0.0927268  ,  0.135972   ,  6.07065    ,  0.218258   ])
2577    , -129.017    , array([ 1.83659    ,  0.0856421  ,  0.155625   ,  6.67573    ,  0.241557   ])
2578    , -137.35     , array([ 1.85527    ,  0.0824064  ,  0.138707   ,  6.62014    ,  0.241044   ])
2579    , -127.419    , array([ 1.83866    ,  0.0899916  ,  0.1509     ,  7.39941    ,  0.232738   ])
2580    , -121.769    , array([ 1.81125    ,  0.0874011  ,  0.173492   ,  8.92287    ,  0.250148   ])
2581    , -120.959    , array([ 1.8833     ,  0.0808727  ,  0.185115   ,  8.25282    ,  0.267897   ])
2582    , -140.432    , array([ 1.90599    ,  0.0725742  ,  0.238856   ,  10.0855    ,  0.314952   ])
2583    , -124.428    , array([ 1.85046    ,  0.0799087  ,  0.185448   ,  9.29655    ,  0.327278   ])
2584    , -133.418    , array([ 1.76926    ,  0.0683869  ,  0.219849   ,  9.90577    ,  0.303946   ])
2585    , -142.451    , array([ 1.80462    ,  0.0779594  ,  0.240746   ,  11.0017    ,  0.31671    ])
2586    , -125.155    , array([ 1.84248    ,  0.0812714  ,  0.159208   ,  7.51649    ,  0.25807    ])
likelihood = -120.96
theta = 95.54
Optimized parameters = [1.88330231 0.0808727  0.18511491 8.25281722 0.26789735]

Round_4_Replicate_5
2587    , -296.724    , array([ 3.45332    ,  0.0779671  ,  0.0531872  ,  8.19742    ,  0.182374   ])
2588    , -307.844    , array([ 3.67408    ,  0.0779671  ,  0.0531872  ,  8.19742    ,  0.182374   ])
2589    , -306.168    , array([ 3.45332    ,  0.0686289  ,  0.0531872  ,  8.19742    ,  0.182374   ])
2590    , -312.499    , array([ 3.45332    ,  0.0779671  ,  0.0459301  ,  8.19742    ,  0.182374   ])
2591    , -285.548    , array([ 3.45332    ,  0.0779671  ,  0.0531872  ,  9.1067     ,  0.182374   ])
2592    , -302.124    , array([ 3.45332    ,  0.0779671  ,  0.0531872  ,  8.19742    ,  0.167498   ])
2593    , -285.573    , array([ 3.53998    ,  0.0740883  ,  0.0615909  ,  8.5497     ,  0.176271   ])
2594    , -284.869    , array([ 3.27816    ,  0.0725913  ,  0.0564015  ,  8.69481    ,  0.173888   ])
2595    , -277.788    , array([ 3.0965     ,  0.0700441  ,  0.0580808  ,  8.95471    ,  0.169794   ])
2596    , -272.515    , array([ 3.33885    ,  0.0831448  ,  0.0584226  ,  9.00762    ,  0.168987   ])
2597    , -258.595    , array([ 3.28304    ,  0.0915165  ,  0.0612305  ,  9.44227    ,  0.162667   ])
2598    , -259.016    , array([ 3.27199    ,  0.0780308  ,  0.0618081  ,  9.53168    ,  0.181853   ])
2599    , -253.602    , array([ 3.20216    ,  0.0780563  ,  0.0656358  ,  10.1243    ,  0.166829   ])
2600    , -241.567    , array([ 3.08351    ,  0.0781009  ,  0.0729135  ,  11.2515    ,  0.159561   ])
2601    , -257.169    , array([ 2.95594    ,  0.0838942  ,  0.0606384  ,  10.8342    ,  0.165864   ])
2602    , -239.124    , array([ 2.84737    ,  0.0820916  ,  0.0740004  ,  10.9034    ,  0.154343   ])
2603    , -233.254    , array([ 2.58552    ,  0.0842349  ,  0.0872866  ,  11.9306    ,  0.141987   ])
2604    , -223.585    , array([ 2.95447    ,  0.0983754  ,  0.079758   ,  12.437     ,  0.154332   ])
2605    , -214.808    , array([ 2.88592    ,  0.116585   ,  0.0934642  ,  14.657     ,  0.147137   ])
2606    , -242.034    , array([ 2.65906    ,  0.103692   ,  0.0884303  ,  13.8787    ,  0.132391   ])
2607    , -259.732    , array([ 2.43582    ,  0.0929411  ,  0.103403   ,  16.3437    ,  0.136303   ])
2608    , -238.767    , array([ 3.04697    ,  0.0918706  ,  0.0698006  ,  10.8304    ,  0.155633   ])
2609    , -212.038    , array([ 2.73838    ,  0.105136   ,  0.110458   ,  14.2419    ,  0.130314   ])
2610    , -206.726    , array([ 2.63568    ,  0.117696   ,  0.14908    ,  16.3287    ,  0.115508   ])
2611    , -205.681    , array([ 3.03339    ,  0.0894848  ,  0.0933407  ,  11.8648    ,  0.154591   ])
2612    , -202.38     , array([ 3.23987    ,  0.0831289  ,  0.0958972  ,  10.9702    ,  0.167051   ])
2613    , -194.456    , array([ 2.66811    ,  0.121808   ,  0.126317   ,  14.4876    ,  0.130643   ])
2614    , -197.731    , array([ 2.48188    ,  0.15212    ,  0.166261   ,  16.4395    ,  0.118213   ])
2615    , -194.289    , array([ 2.56044    ,  0.115919   ,  0.167284   ,  16.9084    ,  0.124884   ])
2616    , -222.151    , array([ 2.34713    ,  0.13021    ,  0.258971   ,  21.1268    ,  0.111869   ])
likelihood = -194.29
theta = 54.3
Optimized parameters = [ 2.5604382   0.11591892  0.1672839  16.90844659  0.12488371]

Round_1_Replicate_1
3471    , -5823.42    , array([ 3.14855    ,  0.203738   ,  6.05981    ,  0.425187   ,  0.397665   ])
3472    , -5836.57    , array([ 3.33439    ,  0.203738   ,  6.05981    ,  0.425187   ,  0.397665   ])
3473    , -5674.55    , array([ 3.14855    ,  0.188159   ,  6.05981    ,  0.425187   ,  0.397665   ])
3474    , -6008.48    , array([ 3.14855    ,  0.203738   ,  6.63104    ,  0.425187   ,  0.397665   ])
3475    , -5824.27    , array([ 3.14855    ,  0.203738   ,  6.05981    ,  0.407389   ,  0.397665   ])
3476    , -5823.78    , array([ 3.14855    ,  0.203738   ,  6.05981    ,  0.425187   ,  0.379746   ])
3477    , -5586.32    , array([ 3.22161    ,  0.197357   ,  5.53778    ,  0.417976   ,  0.390398   ])
3478    , -5379.22    , array([ 3.25878    ,  0.194242   ,  5.06073    ,  0.414417   ,  0.386814   ])
3479    , -5572.03    , array([ 3.01427    ,  0.193625   ,  5.63846    ,  0.413709   ,  0.386102   ])
likelihood = -5379.22
theta = 271.74
Optimized parameters = [3.25877511 0.19424235 5.06072786 0.41441679 0.38681434]

Round_1_Replicate_2
3480    , -4510.92    , array([ 2.45659    ,  1.15865    ,  0.939261   ,  0.574631   ,  7.66013    ])
3481    , -4552.63    , array([ 2.5695     ,  1.15865    ,  0.939261   ,  0.574631   ,  7.66013    ])
3482    , -4521.96    , array([ 2.45659    ,  1.16722    ,  0.939261   ,  0.574631   ,  7.66013    ])
3483    , -4503.5     , array([ 2.45659    ,  1.15865    ,  0.936323   ,  0.574631   ,  7.66013    ])
3484    , -4511.04    , array([ 2.45659    ,  1.15865    ,  0.939261   ,  0.558932   ,  7.66013    ])
3485    , -4505.93    , array([ 2.45659    ,  1.15865    ,  0.939261   ,  0.574631   ,  8.48101    ])
3486    , -4467.88    , array([ 2.34863    ,  1.16207    ,  0.938085   ,  0.568299   ,  7.97849    ])
3487    , -4424.53    , array([ 2.24543    ,  1.16378    ,  0.937497   ,  0.565159   ,  8.1426     ])
3488    , -4460.79    , array([ 2.36984    ,  1.15219    ,  0.93738    ,  0.564533   ,  8.17582    ])
likelihood = -4424.53
theta = 105.25
Optimized parameters = [2.24542636 1.16378248 0.93749708 0.5651593  8.14259773]

Round_1_Replicate_3
3489    , -326.68     , array([ 0.403969   ,  0.222554   ,  0.295325   ,  4.24574    ,  4.0665     ])
3490    , -327.89     , array([ 0.386069   ,  0.222554   ,  0.295325   ,  4.24574    ,  4.0665     ])
3491    , -304.428    , array([ 0.403969   ,  0.206446   ,  0.295325   ,  4.24574    ,  4.0665     ])
3492    , -309.998    , array([ 0.403969   ,  0.222554   ,  0.277853   ,  4.24574    ,  4.0665     ])
3493    , -325.217    , array([ 0.403969   ,  0.222554   ,  0.295325   ,  4.56406    ,  4.0665     ])
3494    , -328.565    , array([ 0.403969   ,  0.222554   ,  0.295325   ,  4.24574    ,  4.36196    ])
3495    , -309.064    , array([ 0.396712   ,  0.215965   ,  0.288208   ,  4.37032    ,  3.79105    ])
3496    , -302.53     , array([ 0.419644   ,  0.213385   ,  0.28541    ,  4.42116    ,  3.95399    ])
3497    , -291.226    , array([ 0.437511   ,  0.208943   ,  0.280578   ,  4.51157    ,  3.89892    ])
likelihood = -291.23
theta = 259.55
Optimized parameters = [0.43751127 0.20894303 0.28057752 4.51157168 3.89891527]

Round_1_Replicate_4
3498    , -1916.01    , array([ 0.512388   ,  2.78849    ,  0.258706   ,  5.8969     ,  1.36466    ])
3499    , -1921.49    , array([ 0.495541   ,  2.78849    ,  0.258706   ,  5.8969     ,  1.36466    ])
3500    , -1966.83    , array([ 0.512388   ,  2.9352     ,  0.258706   ,  5.8969     ,  1.36466    ])
3501    , -1841.41    , array([ 0.512388   ,  2.78849    ,  0.241794   ,  5.8969     ,  1.36466    ])
3502    , -1899.17    , array([ 0.512388   ,  2.78849    ,  0.258706   ,  6.44399    ,  1.36466    ])
3503    , -1924.13    , array([ 0.512388   ,  2.78849    ,  0.258706   ,  5.8969     ,  1.38604    ])
3504    , -1833.98    , array([ 0.505582   ,  2.64912    ,  0.251804   ,  6.10993    ,  1.37318    ])
3505    , -1768.86    , array([ 0.502212   ,  2.51671    ,  0.248422   ,  6.21932    ,  1.37745    ])
3506    , -1814.49    , array([ 0.501541   ,  2.67642    ,  0.247751   ,  6.24143    ,  1.34863    ])
likelihood = -1768.86
theta = 94.13
Optimized parameters = [0.50221213 2.51670601 0.24842202 6.21931724 1.37745096]

Round_1_Replicate_5
3507    , -1072.39    , array([ 0.366196   ,  0.394982   ,  0.584741   ,  1.3254     ,  1.68493    ])
3508    , -1063.25    , array([ 0.348257   ,  0.394982   ,  0.584741   ,  1.3254     ,  1.68493    ])
3509    , -1034.2     , array([ 0.366196   ,  0.377056   ,  0.584741   ,  1.3254     ,  1.68493    ])
3510    , -1046.5     , array([ 0.366196   ,  0.394982   ,  0.569262   ,  1.3254     ,  1.68493    ])
3511    , -1071.68    , array([ 0.366196   ,  0.394982   ,  0.584741   ,  1.34421    ,  1.68493    ])
3512    , -1073.25    , array([ 0.366196   ,  0.394982   ,  0.584741   ,  1.3254     ,  1.72946    ])
3513    , -1041.68    , array([ 0.358912   ,  0.387711   ,  0.5785     ,  1.33289    ,  1.64155    ])
3514    , -1030.52    , array([ 0.356039   ,  0.384841   ,  0.576022   ,  1.3359     ,  1.66744    ])
3515    , -1010.19    , array([ 0.351067   ,  0.379869   ,  0.571711   ,  1.34118    ,  1.65877    ])
likelihood = -1010.19
theta = 324.28
Optimized parameters = [0.351067   0.37986854 0.57171054 1.34118025 1.65876613]

Round_1_Replicate_6
3516    , -1496.28    , array([ 0.749797   ,  1.44744    ,  0.248274   ,  2.32262    ,  7.22843    ])
3517    , -1495.01    , array([ 0.739079   ,  1.44744    ,  0.248274   ,  2.32262    ,  7.22843    ])
3518    , -1515.46    , array([ 0.749797   ,  1.47445    ,  0.248274   ,  2.32262    ,  7.22843    ])
3519    , -1422.43    , array([ 0.749797   ,  1.44744    ,  0.231567   ,  2.32262    ,  7.22843    ])
3520    , -1495.65    , array([ 0.749797   ,  1.44744    ,  0.248274   ,  2.42258    ,  7.22843    ])
3521    , -1494.76    , array([ 0.749797   ,  1.44744    ,  0.248274   ,  2.32262    ,  7.97987    ])
3522    , -1446.04    , array([ 0.745492   ,  1.42092    ,  0.241451   ,  2.3621     ,  7.52012    ])
3523    , -1445.07    , array([ 0.743776   ,  1.43677    ,  0.238775   ,  2.37808    ,  7.64006    ])
likelihood = -1422.43
theta = 127.3
Optimized parameters = [0.74979736 1.44743571 0.23156746 2.32262269 7.22842575]

Round_1_Replicate_7
3524    , -3937.03    , array([ 0.221064   ,  2.75098    ,  1.44197    ,  0.591724   ,  1.31086    ])
3525    , -3891.22    , array([ 0.204995   ,  2.75098    ,  1.44197    ,  0.591724   ,  1.31086    ])
3526    , -3959.87    , array([ 0.221064   ,  2.89375    ,  1.44197    ,  0.591724   ,  1.31086    ])
3527    , -3960.05    , array([ 0.221064   ,  2.75098    ,  1.4686     ,  0.591724   ,  1.31086    ])
3528    , -3935.8     , array([ 0.221064   ,  2.75098    ,  1.44197    ,  0.576402   ,  1.31086    ])
3529    , -3937.2     , array([ 0.221064   ,  2.75098    ,  1.44197    ,  0.591724   ,  1.32873    ])
3530    , -3904.65    , array([ 0.214491   ,  2.80722    ,  1.41582    ,  0.585547   ,  1.31798    ])
3531    , -3881.51    , array([ 0.211916   ,  2.6365     ,  1.43145    ,  0.583094   ,  1.32084    ])
3532    , -3841.87    , array([ 0.207485   ,  2.51659    ,  1.42622    ,  0.578826   ,  1.32585    ])
likelihood = -3841.87
theta = 230.99
Optimized parameters = [0.20748544 2.51658666 1.42622459 0.57882631 1.325853  ]

Round_1_Replicate_8
3533    , -268.635    , array([ 0.261214   ,  0.149006   ,  0.25287    ,  1.59416    ,  2.06075    ])
3534    , -284.658    , array([ 0.244257   ,  0.149006   ,  0.25287    ,  1.59416    ,  2.06075    ])
3535    , -251.895    , array([ 0.261214   ,  0.135476   ,  0.25287    ,  1.59416    ,  2.06075    ])
3536    , -271.659    , array([ 0.261214   ,  0.149006   ,  0.236071   ,  1.59416    ,  2.06075    ])
3537    , -268.745    , array([ 0.261214   ,  0.149006   ,  0.25287    ,  1.63176    ,  2.06075    ])
3538    , -268.614    , array([ 0.261214   ,  0.149006   ,  0.25287    ,  1.59416    ,  2.13662    ])
3539    , -248.232    , array([ 0.279349   ,  0.143439   ,  0.246012   ,  1.60909    ,  2.09077    ])
3540    , -232.504    , array([ 0.298743   ,  0.140734   ,  0.242652   ,  1.61661    ,  2.10594    ])
3541    , -245.568    , array([ 0.275624   ,  0.140199   ,  0.266433   ,  1.61812    ,  2.10899    ])
likelihood = -232.5
theta = 334.71
Optimized parameters = [0.29874284 0.14073417 0.24265241 1.61661455 2.10594386]

Round_1_Replicate_9
3542    , -3440.93    , array([ 1.51189    ,  6.76102    ,  0.257627   ,  0.97966    ,  1.08046    ])
3543    , -3466.74    , array([ 1.54346    ,  6.76102    ,  0.257627   ,  0.97966    ,  1.08046    ])
3544    , -3496.74    , array([ 1.51189    ,  7.43898    ,  0.257627   ,  0.97966    ,  1.08046    ])
3545    , -3348.86    , array([ 1.51189    ,  6.76102    ,  0.240736   ,  0.97966    ,  1.08046    ])
3546    , -3441.33    , array([ 1.51189    ,  6.76102    ,  0.257627   ,  0.978654   ,  1.08046    ])
3547    , -3441.22    , array([ 1.51189    ,  6.76102    ,  0.257627   ,  0.97966    ,  1.08465    ])
3548    , -3354.39    , array([ 1.52444    ,  6.14486    ,  0.250733   ,  0.979258   ,  1.08214    ])
3549    , -3344.92    , array([ 1.48587    ,  6.50747    ,  0.248027   ,  0.979097   ,  1.08281    ])
3550    , -3285.63    , array([ 1.45788    ,  6.38428    ,  0.243362   ,  0.978815   ,  1.08398    ])
likelihood = -3285.63
theta = 106.9
Optimized parameters = [1.45788084 6.38428325 0.24336247 0.97881522 1.08398237]

Round_1_Replicate_10
3551    , -9807.04    , array([ 2.60329    ,  3.10553    ,  6.01967    ,  0.761857   ,  0.436841   ])
3552    , -9846.48    , array([ 2.73086    ,  3.10553    ,  6.01967    ,  0.761857   ,  0.436841   ])
3553    , -9847.22    , array([ 2.60329    ,  3.28657    ,  6.01967    ,  0.761857   ,  0.436841   ])
3554    , -9905.52    , array([ 2.60329    ,  3.10553    ,  6.58493    ,  0.761857   ,  0.436841   ])
3555    , -9806.6     , array([ 2.60329    ,  3.10553    ,  6.01967    ,  0.751566   ,  0.436841   ])
3556    , -9805.63    , array([ 2.60329    ,  3.10553    ,  6.01967    ,  0.761857   ,  0.419122   ])
3557    , -9736.24    , array([ 2.65359    ,  3.17672    ,  5.50293    ,  0.757724   ,  0.429665   ])
3558    , -9643.27    , array([ 2.6791     ,  3.21292    ,  5.03055    ,  0.755665   ,  0.426122   ])
3559    , -9714.95    , array([ 2.68423    ,  2.97464    ,  5.6026     ,  0.755254   ,  0.425416   ])
likelihood = -9643.27
theta = 133.38
Optimized parameters = [2.67909937 3.21291966 5.03054693 0.75566546 0.42612156]

Round_2_Replicate_1
3560    , -719.171    , array([ 0.526977   ,  0.132205   ,  0.64808    ,  1.67569    ,  7.63679    ])
3561    , -702.036    , array([ 0.510365   ,  0.132205   ,  0.64808    ,  1.67569    ,  7.63679    ])
3562    , -687.683    , array([ 0.526977   ,  0.119484   ,  0.64808    ,  1.67569    ,  7.63679    ])
3563    , -700.409    , array([ 0.526977   ,  0.132205   ,  0.634176   ,  1.67569    ,  7.63679    ])
3564    , -719.159    , array([ 0.526977   ,  0.132205   ,  0.64808    ,  1.7195     ,  7.63679    ])
3565    , -719.333    , array([ 0.526977   ,  0.132205   ,  0.64808    ,  1.67569    ,  8.45388    ])
3566    , -691.529    , array([ 0.520268   ,  0.126962   ,  0.642482   ,  1.69308    ,  6.89867    ])
3567    , -681.026    , array([ 0.517609   ,  0.124923   ,  0.640257   ,  1.70008    ,  7.33251    ])
3568    , -662.616    , array([ 0.512987   ,  0.121434   ,  0.63638    ,  1.71242    ,  7.18494    ])
3569    , -659.009    , array([ 0.512068   ,  0.120748   ,  0.635608   ,  1.65403    ,  7.15579    ])
3570    , -630.615    , array([ 0.504773   ,  0.115398   ,  0.629463   ,  1.62224    ,  6.92677    ])
3571    , -648.665    , array([ 0.52641    ,  0.114356   ,  0.628241   ,  1.67541    ,  6.88186    ])
likelihood = -630.62
theta = 415.85
Optimized parameters = [0.50477269 0.11539761 0.62946254 1.62223524 6.92677299]

Round_2_Replicate_2
3572    , -192.998    , array([ 0.514186   ,  0.0440825  ,  0.113782   ,  1.17857    ,  0.860425   ])
3573    , -195.851    , array([ 0.497366   ,  0.0440825  ,  0.113782   ,  1.17857    ,  0.860425   ])
3574    , -202.016    , array([ 0.514186   ,  0.037712   ,  0.113782   ,  1.17857    ,  0.860425   ])
3575    , -206.257    , array([ 0.514186   ,  0.0440825  ,  0.102065   ,  1.17857    ,  0.860425   ])
3576    , -193.075    , array([ 0.514186   ,  0.0440825  ,  0.113782   ,  1.1883     ,  0.860425   ])
3577    , -192.996    , array([ 0.514186   ,  0.0440825  ,  0.113782   ,  1.17857    ,  0.853982   ])
3578    , -185.131    , array([ 0.507391   ,  0.0414144  ,  0.126844   ,  1.18245    ,  0.857842   ])
3579    , -176.188    , array([ 0.504027   ,  0.0401415  ,  0.141405   ,  1.1844     ,  0.856554   ])
3580    , -179.205    , array([ 0.503357   ,  0.0496345  ,  0.124117   ,  1.18479    ,  0.856296   ])
3581    , -178.411    , array([ 0.522877   ,  0.044525   ,  0.128509   ,  1.18728    ,  0.85465    ])
3582    , -174.775    , array([ 0.509176   ,  0.0447033  ,  0.13492    ,  1.17716    ,  0.852351   ])
3583    , -167.08     , array([ 0.506689   ,  0.045017   ,  0.146919   ,  1.17164    ,  0.848342   ])
likelihood = -167.08
theta = 328.53
Optimized parameters = [0.50668919 0.04501699 0.14691939 1.17163826 0.84834192]

Round_2_Replicate_3
3584    , -1644.43    , array([ 0.78484    ,  0.429529   ,  0.659454   ,  1.40406    ,  3.90801    ])
3585    , -1636.31    , array([ 0.77539    ,  0.429529   ,  0.659454   ,  1.40406    ,  3.90801    ])
3586    , -1609.16    , array([ 0.78484    ,  0.411758   ,  0.659454   ,  1.40406    ,  3.90801    ])
3587    , -1613.57    , array([ 0.78484    ,  0.429529   ,  0.645868   ,  1.40406    ,  3.90801    ])
3588    , -1644.12    , array([ 0.78484    ,  0.429529   ,  0.659454   ,  1.42809    ,  3.90801    ])
3589    , -1644.77    , array([ 0.78484    ,  0.429529   ,  0.659454   ,  1.40406    ,  4.18363    ])
3590    , -1614.1     , array([ 0.781046   ,  0.42233    ,  0.653986   ,  1.41363    ,  3.65055    ])
3591    , -1602.49    , array([ 0.779534   ,  0.419485   ,  0.651811   ,  1.41747    ,  3.80292    ])
3592    , -1581.77    , array([ 0.776894   ,  0.414551   ,  0.648023   ,  1.42422    ,  3.75143    ])
3593    , -1578.11    , array([ 0.776367   ,  0.413572   ,  0.647268   ,  1.39211    ,  3.74122    ])
3594    , -1545.8     , array([ 0.772165   ,  0.405816   ,  0.64126    ,  1.37446    ,  3.66051    ])
3595    , -1550.12    , array([ 0.78452    ,  0.404283   ,  0.640065   ,  1.40391    ,  3.64458    ])
likelihood = -1545.8
theta = 244.77
Optimized parameters = [0.7721653  0.40581648 0.64125962 1.3744561  3.66051407]

Round_2_Replicate_4
3596    , -208.952    , array([ 0.561053   ,  0.0603385  ,  0.0832266  ,  0.703792   ,  0.744458   ])
3597    , -209.409    , array([ 0.545072   ,  0.0603385  ,  0.0832266  ,  0.703792   ,  0.744458   ])
3598    , -214.411    , array([ 0.561053   ,  0.0524353  ,  0.0832266  ,  0.703792   ,  0.744458   ])
3599    , -220.391    , array([ 0.561053   ,  0.0603385  ,  0.0734979  ,  0.703792   ,  0.744458   ])
3600    , -209.175    , array([ 0.561053   ,  0.0603385  ,  0.0832266  ,  0.691538   ,  0.744458   ])
3601    , -209.136    , array([ 0.561053   ,  0.0603385  ,  0.0832266  ,  0.703792   ,  0.733555   ])
3602    , -200.357    , array([ 0.554605   ,  0.0570435  ,  0.0942429  ,  0.698864   ,  0.740078   ])
3603    , -191.569    , array([ 0.551409   ,  0.0554641  ,  0.106718   ,  0.696414   ,  0.737897   ])
3604    , -197.956    , array([ 0.550772   ,  0.0671323  ,  0.0919288  ,  0.695925   ,  0.737462   ])
3605    , -197.821    , array([ 0.569284   ,  0.060883   ,  0.0956593  ,  0.692803   ,  0.734681   ])
3606    , -192.741    , array([ 0.5563     ,  0.0611022  ,  0.101138   ,  0.705594   ,  0.730806   ])
likelihood = -191.57
theta = 354.98
Optimized parameters = [0.55140898 0.05546411 0.10671752 0.69641377 0.73789688]

Round_2_Replicate_5
3607    , -586.623    , array([ 0.104218   ,  0.125355   ,  0.270593   ,  2.04713    ,  1.41505    ])
3608    , -645.29     , array([ 0.0930768  ,  0.125355   ,  0.270593   ,  2.04713    ,  1.41505    ])
3609    , -569.839    , array([ 0.104218   ,  0.112992   ,  0.270593   ,  2.04713    ,  1.41505    ])
3610    , -603.981    , array([ 0.104218   ,  0.125355   ,  0.253473   ,  2.04713    ,  1.41505    ])
3611    , -588.945    , array([ 0.104218   ,  0.125355   ,  0.270593   ,  2.12179    ,  1.41505    ])
3612    , -586.248    , array([ 0.104218   ,  0.125355   ,  0.270593   ,  2.04713    ,  1.43983    ])
3613    , -531.17     , array([ 0.116694   ,  0.120255   ,  0.26361    ,  2.07668    ,  1.42491    ])
3614    , -478.283    , array([ 0.130662   ,  0.117784   ,  0.260187   ,  2.09161    ,  1.42986    ])
3615    , -519.406    , array([ 0.114084   ,  0.117295   ,  0.284373   ,  2.09461    ,  1.43086    ])
3616    , -506.885    , array([ 0.118288   ,  0.114219   ,  0.271727   ,  2.0105     ,  1.43723    ])
3617    , -478.957    , array([ 0.124434   ,  0.110046   ,  0.272182   ,  2.06883    ,  1.4462     ])
likelihood = -478.28
theta = 376.21
Optimized parameters = [0.13066214 0.11778354 0.26018687 2.09160708 1.42986286]

Round_2_Replicate_6
3618    , -386.08     , array([ 0.28086    ,  0.0428817  ,  0.116604   ,  2.05239    ,  3.25088    ])
3619    , -411.374    , array([ 0.263581   ,  0.0428817  ,  0.116604   ,  2.05239    ,  3.25088    ])
3620    , -396.169    , array([ 0.28086    ,  0.0366341  ,  0.116604   ,  2.05239    ,  3.25088    ])
3621    , -422.783    , array([ 0.28086    ,  0.0428817  ,  0.104725   ,  2.05239    ,  3.25088    ])
3622    , -388.067    , array([ 0.28086    ,  0.0428817  ,  0.116604   ,  2.12752    ,  3.25088    ])
3623    , -387.871    , array([ 0.28086    ,  0.0428817  ,  0.116604   ,  2.05239    ,  3.44827    ])
3624    , -364.551    , array([ 0.273816   ,  0.040264   ,  0.129831   ,  2.08212    ,  3.32844    ])
3625    , -335.561    , array([ 0.270361   ,  0.0390158  ,  0.144559   ,  2.09714    ,  3.36792    ])
3626    , -347.858    , array([ 0.294745   ,  0.0387708  ,  0.127071   ,  2.10016    ,  3.37587    ])
3627    , -342.952    , array([ 0.282003   ,  0.0464236  ,  0.131516   ,  2.11958    ,  3.4272     ])
3628    , -332.135    , array([ 0.282462   ,  0.0409392  ,  0.138002   ,  2.04167    ,  3.50037    ])
3629    , -305.194    , array([ 0.283267   ,  0.0400011  ,  0.150131   ,  2.00006    ,  3.6322     ])
likelihood = -305.19
theta = 294.05
Optimized parameters = [0.28326665 0.04000115 0.1501307  2.00006173 3.63220446]

Round_2_Replicate_7
3630    , -797.128    , array([ 0.504725   ,  0.239389   ,  0.545833   ,  0.556768   ,  0.849969   ])
3631    , -783.08     , array([ 0.487762   ,  0.239389   ,  0.545833   ,  0.556768   ,  0.849969   ])
3632    , -759.263    , array([ 0.504725   ,  0.222874   ,  0.545833   ,  0.556768   ,  0.849969   ])
3633    , -772.9      , array([ 0.504725   ,  0.239389   ,  0.529557   ,  0.556768   ,  0.849969   ])
3634    , -799.244    , array([ 0.504725   ,  0.239389   ,  0.545833   ,  0.540702   ,  0.849969   ])
3635    , -796.871    , array([ 0.504725   ,  0.239389   ,  0.545833   ,  0.556768   ,  0.843089   ])
3636    , -764.17     , array([ 0.49787    ,  0.232641   ,  0.539263   ,  0.573312   ,  0.847211   ])
3637    , -753.372    , array([ 0.495154   ,  0.229996   ,  0.536658   ,  0.563328   ,  0.84611    ])
3638    , -732.194    , array([ 0.490437   ,  0.225438   ,  0.532128   ,  0.566636   ,  0.844186   ])
3639    , -728.346    , array([ 0.489499   ,  0.224537   ,  0.531227   ,  0.5673     ,  0.853458   ])
3640    , -695.828    , array([ 0.482059   ,  0.21746    ,  0.524071   ,  0.572641   ,  0.858691   ])
3641    , -707.918    , array([ 0.504146   ,  0.216072   ,  0.522651   ,  0.573715   ,  0.850014   ])
likelihood = -695.83
theta = 365.55
Optimized parameters = [0.48205899 0.21746046 0.52407105 0.57264066 0.85869074]

Round_2_Replicate_8
3642    , -209.636    , array([ 0.237046   ,  0.0478537  ,  0.228015   ,  0.437581   ,  2.77809    ])
3643    , -227.447    , array([ 0.220584   ,  0.0478537  ,  0.228015   ,  0.437581   ,  2.77809    ])
3644    , -211.966    , array([ 0.237046   ,  0.0411066  ,  0.228015   ,  0.437581   ,  2.77809    ])
3645    , -225.357    , array([ 0.237046   ,  0.0478537  ,  0.211769   ,  0.437581   ,  2.77809    ])
3646    , -209.39     , array([ 0.237046   ,  0.0478537  ,  0.228015   ,  0.419866   ,  2.77809    ])
3647    , -210.529    , array([ 0.237046   ,  0.0478537  ,  0.228015   ,  0.437581   ,  2.92371    ])
3648    , -200.448    , array([ 0.254737   ,  0.0450312  ,  0.221372   ,  0.430407   ,  2.83545    ])
3649    , -189.431    , array([ 0.273747   ,  0.043683   ,  0.218124   ,  0.426864   ,  2.86457    ])
3650    , -188.08     , array([ 0.251096   ,  0.0434183  ,  0.241191   ,  0.426159   ,  2.87043    ])
3651    , -173.106    , array([ 0.25843    ,  0.0413572  ,  0.257401   ,  0.420561   ,  2.91774    ])
3652    , -184.754    , array([ 0.259922   ,  0.0506679  ,  0.235135   ,  0.41945    ,  2.9273     ])
3653    , -176.591    , array([ 0.269679   ,  0.0445303  ,  0.238045   ,  0.41241    ,  2.78287    ])
likelihood = -173.11
theta = 444.15
Optimized parameters = [0.25842999 0.04135722 0.25740123 0.42056083 2.91773941]

Round_2_Replicate_9
3654    , -893.585    , array([ 0.1764     ,  0.472377   ,  0.0683038  ,  1.13712    ,  2.8976     ])
3655    , -944.026    , array([ 0.161742   ,  0.472377   ,  0.0683038  ,  1.13712    ,  2.8976     ])
3656    , -882.754    , array([ 0.1764     ,  0.454991   ,  0.0683038  ,  1.13712    ,  2.8976     ])
3657    , -918.361    , array([ 0.1764     ,  0.472377   ,  0.0597265  ,  1.13712    ,  2.8976     ])
3658    , -893.754    , array([ 0.1764     ,  0.472377   ,  0.0683038  ,  1.14445    ,  2.8976     ])
3659    , -896.38     , array([ 0.1764     ,  0.472377   ,  0.0683038  ,  1.13712    ,  3.05591    ])
3660    , -850.738    , array([ 0.192386   ,  0.465344   ,  0.0647342  ,  1.14004    ,  2.95992    ])
3661    , -805.717    , array([ 0.209821   ,  0.461867   ,  0.06302    ,  1.14151    ,  2.99158    ])
3662    , -831.181    , array([ 0.189077   ,  0.461175   ,  0.0756373  ,  1.1418     ,  2.99795    ])
3663    , -826.21     , array([ 0.194399   ,  0.456769   ,  0.068893   ,  1.14368    ,  2.82095    ])
3664    , -802.24     , array([ 0.202103   ,  0.450671   ,  0.06913    ,  1.13605    ,  2.94334    ])
3665    , -758.097    , array([ 0.216327   ,  0.440195   ,  0.0695469  ,  1.13188    ,  2.96648    ])
likelihood = -758.1
theta = 230.39
Optimized parameters = [0.21632688 0.44019531 0.06954689 1.1318801  2.96647577]

Round_2_Replicate_10
3666    , -402.403    , array([ 0.204675   ,  0.0568174  ,  0.16146    ,  3.96788    ,  8.05793    ])
3667    , -436.583    , array([ 0.189068   ,  0.0568174  ,  0.16146    ,  3.96788    ,  8.05793    ])
3668    , -406.567    , array([ 0.204675   ,  0.0492272  ,  0.16146    ,  3.96788    ,  8.05793    ])
3669    , -443.457    , array([ 0.204675   ,  0.0568174  ,  0.14739    ,  3.96788    ,  8.05793    ])
3670    , -403.787    , array([ 0.204675   ,  0.0568174  ,  0.16146    ,  4.25096    ,  8.05793    ])
3671    , -400.509    , array([ 0.204675   ,  0.0568174  ,  0.16146    ,  3.96788    ,  8.94406    ])
3672    , -376.908    , array([ 0.198284   ,  0.0536501  ,  0.176873   ,  4.07878    ,  8.40133    ])
3673    , -345.617    , array([ 0.195163   ,  0.0521333  ,  0.193758   ,  4.13538    ,  8.57848    ])
3674    , -348.984    , array([ 0.217393   ,  0.0518352  ,  0.173677   ,  4.14679    ,  8.61435    ])
3675    , -355.385    , array([ 0.205717   ,  0.0610757  ,  0.178819   ,  4.2206     ,  8.84753    ])
3676    , -338.263    , array([ 0.206135   ,  0.0544687  ,  0.186274   ,  3.92827    ,  9.18463    ])
3677    , -308.948    , array([ 0.206869   ,  0.053331   ,  0.200077   ,  3.77623    ,  9.80575    ])
likelihood = -308.95
theta = 357.64
Optimized parameters = [0.2068688  0.05333105 0.20007679 3.77622961 9.80575367]

Round_3_Replicate_1
3678    , -393.658    , array([ 0.928466   ,  0.0509159  ,  0.224871   ,  0.333555   ,  0.939769   ])
3679    , -391.964    , array([ 0.925027   ,  0.0509159  ,  0.224871   ,  0.333555   ,  0.939769   ])
3680    , -396.297    , array([ 0.928466   ,  0.0438729  ,  0.224871   ,  0.333555   ,  0.939769   ])
3681    , -378.022    , array([ 0.928466   ,  0.0509159  ,  0.208704   ,  0.333555   ,  0.939769   ])
3682    , -396.92     , array([ 0.928466   ,  0.0509159  ,  0.224871   ,  0.315737   ,  0.939769   ])
3683    , -393.936    , array([ 0.928466   ,  0.0509159  ,  0.224871   ,  0.333555   ,  0.936854   ])
3684    , -384.124    , array([ 0.927089   ,  0.0479723  ,  0.218259   ,  0.352378   ,  0.938602   ])
3685    , -381.731    , array([ 0.926539   ,  0.0576987  ,  0.215669   ,  0.34096    ,  0.938135   ])
3686    , -377.548    , array([ 0.925769   ,  0.0522677  ,  0.212095   ,  0.343968   ,  0.941568   ])
3687    , -369.799    , array([ 0.924423   ,  0.052957   ,  0.205981   ,  0.349296   ,  0.943934   ])
3688    , -368.691    , array([ 0.924154   ,  0.0530959  ,  0.20478    ,  0.350372   ,  0.94031    ])
3689    , -357.344    , array([ 0.922006   ,  0.0542207  ,  0.195418   ,  0.359096   ,  0.940582   ])
3690    , -357.344    , array([ 0.926377   ,  0.0544485  ,  0.193597   ,  0.360866   ,  0.940636   ])
3691    , -355.097    , array([ 0.924032   ,  0.060792   ,  0.190121   ,  0.344858   ,  0.942621   ])
3692    , -344.026    , array([ 0.922508   ,  0.0684344  ,  0.177444   ,  0.341158   ,  0.944637   ])
3693    , -342.848    , array([ 0.92297    ,  0.0541147  ,  0.177961   ,  0.356489   ,  0.945699   ])
3694    , -328.543    , array([ 0.921191   ,  0.052407   ,  0.161656   ,  0.364516   ,  0.949503   ])
3695    , -325.802    , array([ 0.918161   ,  0.0620357  ,  0.166038   ,  0.377574   ,  0.947955   ])
3696    , -305.686    , array([ 0.913051   ,  0.0684755  ,  0.148097   ,  0.401716   ,  0.952075   ])
3697    , -311.19     , array([ 0.917622   ,  0.0661023  ,  0.147434   ,  0.381299   ,  0.947018   ])
likelihood = -305.69
theta = 302.82
Optimized parameters = [0.91305093 0.06847552 0.14809654 0.40171632 0.95207455]

Round_3_Replicate_2
3698    , -531.426    , array([ 0.211932   ,  0.0412092  ,  0.101651   ,  1.43351    ,  2.84731    ])
3699    , -568.73     , array([ 0.196113   ,  0.0412092  ,  0.101651   ,  1.43351    ,  2.84731    ])
3700    , -541.989    , array([ 0.211932   ,  0.0351353  ,  0.101651   ,  1.43351    ,  2.84731    ])
3701    , -572.976    , array([ 0.211932   ,  0.0412092  ,  0.0906711  ,  1.43351    ,  2.84731    ])
3702    , -532.538    , array([ 0.211932   ,  0.0412092  ,  0.101651   ,  1.45955    ,  2.84731    ])
3703    , -534.905    , array([ 0.211932   ,  0.0412092  ,  0.101651   ,  1.43351    ,  3.00024    ])
3704    , -509.506    , array([ 0.205456   ,  0.0386629  ,  0.113961   ,  1.44387    ,  2.90752    ])
3705    , -476.557    , array([ 0.202293   ,  0.0374493  ,  0.127762   ,  1.44908    ,  2.93811    ])
3706    , -480.506    , array([ 0.224802   ,  0.0372112  ,  0.111386   ,  1.45012    ,  2.94426    ])
3707    , -481.518    , array([ 0.212986   ,  0.0446577  ,  0.115535   ,  1.45682    ,  2.98396    ])
3708    , -466.888    , array([ 0.21341    ,  0.0393194  ,  0.121606   ,  1.46625    ,  2.8257     ])
3709    , -433.944    , array([ 0.214153   ,  0.0384072  ,  0.133008   ,  1.48291    ,  2.74228    ])
3710    , -428.917    , array([ 0.214302   ,  0.0382274  ,  0.135413   ,  1.44926    ,  2.93304    ])
3711    , -378.172    , array([ 0.215497   ,  0.0368184  ,  0.156291   ,  1.44414    ,  2.97687    ])
3712    , -369.206    , array([ 0.215736   ,  0.0365429  ,  0.160838   ,  1.47996    ,  2.98572    ])
3713    , -293.503    , array([ 0.217664   ,  0.0344118  ,  0.202315   ,  1.50375    ,  3.05743    ])
3714    , -344.382    , array([ 0.216542   ,  0.0303826  ,  0.177057   ,  1.47486    ,  2.87684    ])
3715    , -290.087    , array([ 0.202111   ,  0.0336223  ,  0.221061   ,  1.49174    ,  2.88874    ])
3716    , -210.195    , array([ 0.191639   ,  0.0319598  ,  0.311426   ,  1.513      ,  2.86137    ])
3717    , -209.309    , array([ 0.219791   ,  0.0313561  ,  0.275246   ,  1.51881    ,  2.86431    ])
3718    , -145.734    , array([ 0.229099   ,  0.028692   ,  0.403999   ,  1.55493    ,  2.82811    ])
likelihood = -145.73
theta = 534.27
Optimized parameters = [0.2290989  0.02869197 0.4039994  1.55493038 2.82810601]

Round_3_Replicate_3
3719    , -274.363    , array([ 0.61724    ,  0.146715   ,  0.0381211  ,  1.21264    ,  0.822647   ])
3720    , -278.328    , array([ 0.602527   ,  0.146715   ,  0.0381211  ,  1.21264    ,  0.822647   ])
3721    , -272.94     , array([ 0.61724    ,  0.13329    ,  0.0381211  ,  1.21264    ,  0.822647   ])
3722    , -291.521    , array([ 0.61724    ,  0.146715   ,  0.032376   ,  1.21264    ,  0.822647   ])
3723    , -274.602    , array([ 0.61724    ,  0.146715   ,  0.0381211  ,  1.22438    ,  0.822647   ])
3724    , -274.307    , array([ 0.61724    ,  0.146715   ,  0.0381211  ,  1.21264    ,  0.814656   ])
3725    , -257.736    , array([ 0.611312   ,  0.14119    ,  0.0448856  ,  1.21732    ,  0.819441   ])
3726    , -240.685    , array([ 0.608369   ,  0.138506   ,  0.0528504  ,  1.21967    ,  0.817843   ])
3727    , -256.843    , array([ 0.628661   ,  0.137975   ,  0.0434429  ,  1.22014    ,  0.817524   ])
3728    , -253.029    , array([ 0.618193   ,  0.134627   ,  0.0457741  ,  1.20676    ,  0.815483   ])
3729    , -244.76     , array([ 0.618575   ,  0.130075   ,  0.0492495  ,  1.21608    ,  0.812635   ])
3730    , -233.158    , array([ 0.61911    ,  0.12396    ,  0.0545628  ,  1.21747    ,  0.819792   ])
3731    , -213.575    , array([ 0.620048   ,  0.113943   ,  0.0652773  ,  1.21989    ,  0.822372   ])
3732    , -212.011    , array([ 0.620235   ,  0.128149   ,  0.0676605  ,  1.22037    ,  0.81172    ])
3733    , -187.481    , array([ 0.621739   ,  0.125654   ,  0.0901406  ,  1.22426    ,  0.806311   ])
3734    , -197.497    , array([ 0.606276   ,  0.119251   ,  0.0795028  ,  1.2145     ,  0.812307   ])
3735    , -182.567    , array([ 0.61176    ,  0.11643    ,  0.0940993  ,  1.23111    ,  0.813069   ])
3736    , -162.717    , array([ 0.608568   ,  0.108275   ,  0.134918   ,  1.24347    ,  0.811865   ])
3737    , -164.974    , array([ 0.607407   ,  0.111978   ,  0.130879   ,  1.2326     ,  0.81561    ])
likelihood = -162.72
theta = 294.1
Optimized parameters = [0.60856849 0.10827533 0.13491787 1.24347031 0.81186529]

Round_3_Replicate_4
3738    , -484.357    , array([ 0.637312   ,  0.0503057  ,  0.574444   ,  1.60859    ,  0.90854    ])
3739    , -471.957    , array([ 0.623117   ,  0.0503057  ,  0.574444   ,  1.60859    ,  0.90854    ])
3740    , -479.129    , array([ 0.637312   ,  0.0433209  ,  0.574444   ,  1.60859    ,  0.90854    ])
3741    , -466.471    , array([ 0.637312   ,  0.0503057  ,  0.558741   ,  1.60859    ,  0.90854    ])
3742    , -482.902    , array([ 0.637312   ,  0.0503057  ,  0.574444   ,  1.64728    ,  0.90854    ])
3743    , -483.643    , array([ 0.637312   ,  0.0503057  ,  0.574444   ,  1.60859    ,  0.904193   ])
3744    , -468.93     , array([ 0.631596   ,  0.0473859  ,  0.56811    ,  1.62396    ,  0.906798   ])
3745    , -463.982    , array([ 0.629324   ,  0.046266   ,  0.565597   ,  1.63014    ,  0.912207   ])
3746    , -454.764    , array([ 0.625367   ,  0.0443695  ,  0.561224   ,  1.64103    ,  0.916241   ])
3747    , -453.954    , array([ 0.624579   ,  0.0439997  ,  0.560354   ,  1.58944    ,  0.910913   ])
3748    , -440.938    , array([ 0.618308   ,  0.0411496  ,  0.553438   ,  1.56128    ,  0.912102   ])
3749    , -442.213    , array([ 0.617061   ,  0.0500536  ,  0.552066   ,  1.60834    ,  0.91234    ])
3750    , -438.12     , array([ 0.628657   ,  0.0430174  ,  0.54336    ,  1.60825    ,  0.913865   ])
3751    , -423.705    , array([ 0.631445   ,  0.0397793  ,  0.528455   ,  1.60808    ,  0.916539   ])
3752    , -422.103    , array([ 0.620159   ,  0.0425809  ,  0.533744   ,  1.58678    ,  0.919541   ])
3753    , -401.067    , array([ 0.614519   ,  0.0403643  ,  0.517348   ,  1.56851    ,  0.925979   ])
3754    , -402.023    , array([ 0.605708   ,  0.0367282  ,  0.526241   ,  1.58585    ,  0.924785   ])
3755    , -390.351    , array([ 0.609441   ,  0.0386098  ,  0.510597   ,  1.53338    ,  0.920423   ])
3756    , -363.024    , array([ 0.601631   ,  0.0360167  ,  0.487022   ,  1.48224    ,  0.922522   ])
3757    , -379.78     , array([ 0.61142    ,  0.0300036  ,  0.493681   ,  1.51427    ,  0.928471   ])
likelihood = -363.02
theta = 331.9
Optimized parameters = [0.60163104 0.0360167  0.48702235 1.48223947 0.92252195]

Round_3_Replicate_5
3758    , -318.964    , array([ 0.612425   ,  0.0137686  ,  0.0786783  ,  0.373963   ,  1.59831    ])
3759    , -319.563    , array([ 0.597593   ,  0.0137686  ,  0.0786783  ,  0.373963   ,  1.59831    ])
3760    , -339.893    , array([ 0.612425   ,  0.011113   ,  0.0786783  ,  0.373963   ,  1.59831    ])
3761    , -334.088    , array([ 0.612425   ,  0.0137686  ,  0.0692864  ,  0.373963   ,  1.59831    ])
3762    , -318.962    , array([ 0.612425   ,  0.0137686  ,  0.0786783  ,  0.356016   ,  1.59831    ])
3763    , -318.99     , array([ 0.612425   ,  0.0137686  ,  0.0786783  ,  0.373963   ,  1.63623    ])
3764    , -304.909    , array([ 0.606449   ,  0.0170586  ,  0.0747777  ,  0.366678   ,  1.61338    ])
3765    , -288.685    , array([ 0.603482   ,  0.0211349  ,  0.0729006  ,  0.363089   ,  1.62096    ])
3766    , -292.066    , array([ 0.602891   ,  0.0163431  ,  0.0866588  ,  0.362376   ,  1.62248    ])
3767    , -295.21     , array([ 0.620039   ,  0.0175029  ,  0.079321   ,  0.357842   ,  1.63225    ])
3768    , -286.462    , array([ 0.608021   ,  0.0192664  ,  0.0795796  ,  0.35159    ,  1.59287    ])
3769    , -271.191    , array([ 0.60583    ,  0.0227906  ,  0.0800341  ,  0.34091    ,  1.57162    ])
3770    , -268.127    , array([ 0.605393   ,  0.0235693  ,  0.0801253  ,  0.338814   ,  1.61971    ])
3771    , -245.586    , array([ 0.601908   ,  0.0308372  ,  0.0808587  ,  0.322498   ,  1.63051    ])
3772    , -241.321    , array([ 0.601213   ,  0.0325403  ,  0.0810062  ,  0.342092   ,  1.63268    ])
3773    , -212.446    , array([ 0.595684   ,  0.050025   ,  0.0821959  ,  0.335335   ,  1.65014    ])
3774    , -228.983    , array([ 0.584388   ,  0.038961   ,  0.0815023  ,  0.331616   ,  1.60572    ])
3775    , -217.33     , array([ 0.593563   ,  0.0590644  ,  0.0727928  ,  0.316052   ,  1.6087     ])
3776    , -195.679    , array([ 0.589062   ,  0.0688953  ,  0.0864795  ,  0.298403   ,  1.60532    ])
3777    , -194.215    , array([ 0.581982   ,  0.12439    ,  0.0941899  ,  0.270519   ,  1.59756    ])
likelihood = -194.22
theta = 313.44
Optimized parameters = [0.5819822  0.12438974 0.0941899  0.27051919 1.59755891]

Round_4_Replicate_1
3778    , -144.557    , array([ 0.226788   ,  0.0414771  ,  0.454654   ,  1.65152    ,  2.41572    ])
3779    , -147.154    , array([ 0.210572   ,  0.0414771  ,  0.454654   ,  1.65152    ,  2.41572    ])
3780    , -141.32     , array([ 0.226788   ,  0.0353752  ,  0.454654   ,  1.65152    ,  2.41572    ])
3781    , -144.447    , array([ 0.226788   ,  0.0414771  ,  0.437084   ,  1.65152    ,  2.41572    ])
3782    , -144.551    , array([ 0.226788   ,  0.0414771  ,  0.454654   ,  1.69348    ,  2.41572    ])
3783    , -144.584    , array([ 0.226788   ,  0.0414771  ,  0.454654   ,  1.65152    ,  2.52464    ])
3784    , -142.547    , array([ 0.244252   ,  0.0389192  ,  0.447543   ,  1.66818    ,  2.45872    ])
3785    , -141.889    , array([ 0.233619   ,  0.0379408  ,  0.444729   ,  1.67489    ,  2.32787    ])
3786    , -141.262    , array([ 0.236408   ,  0.0366122  ,  0.440821   ,  1.68433    ,  2.39705    ])
3787    , -140.79     , array([ 0.24137    ,  0.0343982  ,  0.434063   ,  1.70097    ,  2.38776    ])
3788    , -140.753    , array([ 0.242375   ,  0.0339717  ,  0.432724   ,  1.6455     ,  2.38591    ])
3789    , -141.618    , array([ 0.250566   ,  0.0307448  ,  0.422158   ,  1.62203    ,  2.37114    ])
3790    , -141.743    , array([ 0.248906   ,  0.0313647  ,  0.448317   ,  1.68484    ,  2.37409    ])
3791    , -141.56     , array([ 0.23286    ,  0.0306616  ,  0.438142   ,  1.67466    ,  2.30012    ])
3792    , -142.051    , array([ 0.243143   ,  0.0288834  ,  0.43829    ,  1.66786    ,  2.41778    ])
3793    , -141.014    , array([ 0.235964   ,  0.0354399  ,  0.443111   ,  1.67313    ,  2.35003    ])
3794    , -143.063    , array([ 0.223387   ,  0.0366889  ,  0.432757   ,  1.65339    ,  2.36108    ])
3795    , -140.898    , array([ 0.242265   ,  0.0326185  ,  0.444375   ,  1.67692    ,  2.37083    ])
3796    , -142.118    , array([ 0.242592   ,  0.0384705  ,  0.445315   ,  1.66434    ,  2.4667     ])
3797    , -140.936    , array([ 0.235256   ,  0.032451   ,  0.439925   ,  1.67208    ,  2.34068    ])
3798    , -141.216    , array([ 0.252767   ,  0.0322134  ,  0.423526   ,  1.69603    ,  2.31919    ])
3799    , -140.876    , array([ 0.246005   ,  0.0329763  ,  0.431102   ,  1.68479    ,  2.34296    ])
3800    , -141.275    , array([ 0.247021   ,  0.0312411  ,  0.42981    ,  1.67878    ,  2.38115    ])
3801    , -140.808    , array([ 0.238681   ,  0.03434    ,  0.439747   ,  1.67454    ,  2.35777    ])
3802    , -140.903    , array([ 0.249201   ,  0.0348995  ,  0.432853   ,  1.68083    ,  2.39763    ])
3803    , -140.8      , array([ 0.245639   ,  0.0342706  ,  0.43461    ,  1.67864    ,  2.38327    ])
3804    , -140.89     , array([ 0.243333   ,  0.0354133  ,  0.424726   ,  1.67666    ,  2.3721     ])
3805    , -140.796    , array([ 0.243066   ,  0.0346929  ,  0.429555   ,  1.67672    ,  2.37179    ])
3806    , -140.972    , array([ 0.238484   ,  0.0357474  ,  0.437173   ,  1.66563    ,  2.41209    ])
3807    , -140.785    , array([ 0.244103   ,  0.0336482  ,  0.432612   ,  1.67998    ,  2.36005    ])
likelihood = -140.75
theta = 521.04
Optimized parameters = [0.24237514 0.03397169 0.43272358 1.64550363 2.38591053]

Round_4_Replicate_2
3808    , -271.184    , array([ 0.144681   ,  0.0458708  ,  0.324334   ,  0.92503    ,  1.93185    ])
3809    , -303.902    , array([ 0.13135    ,  0.0458708  ,  0.324334   ,  0.92503    ,  1.93185    ])
3810    , -269.12     , array([ 0.144681   ,  0.0393199  ,  0.324334   ,  0.92503    ,  1.93185    ])
3811    , -286.22     , array([ 0.144681   ,  0.0458708  ,  0.306579   ,  0.92503    ,  1.93185    ])
3812    , -271.101    , array([ 0.144681   ,  0.0458708  ,  0.324334   ,  0.921433   ,  1.93185    ])
3813    , -271.016    , array([ 0.144681   ,  0.0458708  ,  0.324334   ,  0.92503    ,  1.99651    ])
3814    , -245.966    , array([ 0.159364   ,  0.0431287  ,  0.317112   ,  0.92359    ,  1.95746    ])
3815    , -221.536    , array([ 0.175538   ,  0.0418198  ,  0.313561   ,  0.92287    ,  1.97039    ])
3816    , -235.327    , array([ 0.156313   ,  0.0415628  ,  0.338512   ,  0.922726   ,  1.97299    ])
3817    , -235.593    , array([ 0.161223   ,  0.0399552  ,  0.325505   ,  0.921806   ,  1.98969    ])
3818    , -223.476    , array([ 0.168358   ,  0.0378083  ,  0.325974   ,  0.925555   ,  2.0133     ])
3819    , -208.461    , array([ 0.178881   ,  0.0349952  ,  0.326633   ,  0.922165   ,  1.95463    ])
3820    , -187.508    , array([ 0.198903   ,  0.0305664  ,  0.327788   ,  0.920736   ,  1.93403    ])
3821    , -180.171    , array([ 0.203168   ,  0.0369134  ,  0.32802    ,  0.92045    ,  2.02097    ])
3822    , -154.812    , array([ 0.240757   ,  0.0357659  ,  0.329878   ,  0.918169   ,  2.06706    ])
3823    , -171.603    , array([ 0.214042   ,  0.0347522  ,  0.328589   ,  0.92221    ,  1.9924     ])
3824    , -160.025    , array([ 0.250343   ,  0.0311001  ,  0.312225   ,  0.921084   ,  2.01715    ])
3825    , -150.253    , array([ 0.272405   ,  0.031619   ,  0.318693   ,  0.916491   ,  1.97826    ])
3826    , -152.6      , array([ 0.346502   ,  0.0289154  ,  0.315114   ,  0.911993   ,  1.96097    ])
3827    , -153.353    , array([ 0.311471   ,  0.0255611  ,  0.333468   ,  0.916611   ,  2.02457    ])
3828    , -146.335    , array([ 0.328895   ,  0.0325576  ,  0.321194   ,  0.917088   ,  2.10073    ])
3829    , -168.692    , array([ 0.422928   ,  0.0336013  ,  0.317946   ,  0.915269   ,  2.1894     ])
3830    , -157.337    , array([ 0.362929   ,  0.0278986  ,  0.317506   ,  0.913585   ,  2.08284    ])
3831    , -156.494    , array([ 0.359999   ,  0.0298491  ,  0.336397   ,  0.911715   ,  2.08382    ])
3832    , -150.298    , array([ 0.247518   ,  0.0341862  ,  0.338538   ,  0.918446   ,  2.01848    ])
likelihood = -146.34
theta = 434.52
Optimized parameters = [0.32889534 0.03255761 0.32119368 0.91708787 2.10073254]

Round_4_Replicate_3
3833    , -215.507    , array([ 0.207886   ,  0.0170622  ,  0.363056   ,  2.46054    ,  1.53901    ])
3834    , -231.093    , array([ 0.192184   ,  0.0170622  ,  0.363056   ,  2.46054    ,  1.53901    ])
3835    , -229.812    , array([ 0.207886   ,  0.0139199  ,  0.363056   ,  2.46054    ,  1.53901    ])
3836    , -227.104    , array([ 0.207886   ,  0.0170622  ,  0.345122   ,  2.46054    ,  1.53901    ])
3837    , -217.443    , array([ 0.207886   ,  0.0170622  ,  0.363056   ,  2.57384    ,  1.53901    ])
3838    , -214.8      , array([ 0.207886   ,  0.0170622  ,  0.363056   ,  2.46054    ,  1.57254    ])
3839    , -212.584    , array([ 0.224872   ,  0.0157281  ,  0.355773   ,  2.50524    ,  1.55234    ])
3840    , -206.712    , array([ 0.243245   ,  0.0151006  ,  0.352187   ,  2.5279     ,  1.55904    ])
3841    , -202.414    , array([ 0.221367   ,  0.0199167  ,  0.351474   ,  2.53246    ,  1.56039    ])
3842    , -190.873    , array([ 0.228432   ,  0.0238236  ,  0.345822   ,  2.56921    ,  1.57119    ])
3843    , -191.714    , array([ 0.229872   ,  0.0185698  ,  0.370038   ,  2.57662    ,  1.57336    ])
3844    , -190.019    , array([ 0.239303   ,  0.0192096  ,  0.354449   ,  2.46426    ,  1.58731    ])
3845    , -179.34     , array([ 0.25675    ,  0.0203826  ,  0.350223   ,  2.41123    ,  1.61203    ])
3846    , -179.187    , array([ 0.260389   ,  0.0206256  ,  0.349384   ,  2.55695    ,  1.61702    ])
3847    , -167.704    , array([ 0.291421   ,  0.0226774  ,  0.342741   ,  2.60656    ,  1.65749    ])
3848    , -166.396    , array([ 0.298058   ,  0.0231117  ,  0.341428   ,  2.6166     ,  1.61619    ])
3849    , -159.204    , array([ 0.356893   ,  0.0268986  ,  0.331102   ,  2.6983     ,  1.63847    ])
3850    , -150.325    , array([ 0.296948   ,  0.0328976  ,  0.34338    ,  2.6142     ,  1.66291    ])
3851    , -142.773    , array([ 0.328095   ,  0.0485566  ,  0.33906    ,  2.65844    ,  1.71741    ])
3852    , -145.121    , array([ 0.36228    ,  0.0392941  ,  0.315584   ,  2.59705    ,  1.70655    ])
3853    , -162.515    , array([ 0.438418   ,  0.0374159  ,  0.325546   ,  2.61579    ,  1.76634    ])
3854    , -165.098    , array([ 0.483154   ,  0.05576    ,  0.312197   ,  2.87944    ,  1.78571    ])
3855    , -180.429    , array([ 0.521077   ,  0.0718257  ,  0.30732    ,  2.77189    ,  1.78926    ])
3856    , -152.221    , array([ 0.336989   ,  0.0302528  ,  0.333521   ,  2.64695    ,  1.6895     ])
3857    , -169.15     , array([ 0.272112   ,  0.0228732  ,  0.346423   ,  2.42611    ,  1.62441    ])
3858    , -151.534    , array([ 0.418554   ,  0.0446246  ,  0.320423   ,  2.75873    ,  1.74394    ])
3859    , -151.86     , array([ 0.294368   ,  0.0365765  ,  0.330116   ,  2.72808    ,  1.63386    ])
3860    , -144.413    , array([ 0.334798   ,  0.057533   ,  0.32419    ,  2.6563     ,  1.75939    ])
likelihood = -142.77
theta = 344.48
Optimized parameters = [0.32809469 0.0485566  0.33906017 2.65844427 1.71741483]

Round_4_Replicate_4
3861    , -235.858    , array([ 0.118714   ,  0.0479864  ,  0.497762   ,  1.48001    ,  2.80993    ])
3862    , -265.38     , array([ 0.106716   ,  0.0479864  ,  0.497762   ,  1.48001    ,  2.80993    ])
3863    , -224.382    , array([ 0.118714   ,  0.0412263  ,  0.497762   ,  1.48001    ,  2.80993    ])
3864    , -242.173    , array([ 0.118714   ,  0.0479864  ,  0.480698   ,  1.48001    ,  2.80993    ])
3865    , -235.994    , array([ 0.118714   ,  0.0479864  ,  0.497762   ,  1.50931    ,  2.80993    ])
3866    , -235.094    , array([ 0.118714   ,  0.0479864  ,  0.497762   ,  1.48001    ,  2.9589     ])
3867    , -207.571    , array([ 0.132062   ,  0.0451586  ,  0.490865   ,  1.49166    ,  2.86859    ])
3868    , -185.249    , array([ 0.14691    ,  0.0438078  ,  0.487452   ,  1.49752    ,  2.89838    ])
3869    , -203.489    , array([ 0.129277   ,  0.0435426  ,  0.511134   ,  1.49869    ,  2.90438    ])
3870    , -196.996    , array([ 0.133761   ,  0.0418825  ,  0.498874   ,  1.46546    ,  2.94304    ])
3871    , -184.404    , array([ 0.140301   ,  0.0396641  ,  0.49932    ,  1.48857    ,  2.99804    ])
3872    , -166.163    , array([ 0.152525   ,  0.036061   ,  0.500101   ,  1.49288    ,  3.09676    ])
3873    , -163.671    , array([ 0.155095   ,  0.0353807  ,  0.500257   ,  1.49374    ,  2.89944    ])
3874    , -146.364    , array([ 0.177274   ,  0.0303801  ,  0.501509   ,  1.50065    ,  2.87016    ])
3875    , -148.156    , array([ 0.182076   ,  0.0364482  ,  0.50176    ,  1.50204    ,  3.07916    ])
3876    , -143.661    , array([ 0.191746   ,  0.0321397  ,  0.485029   ,  1.48463    ,  3.04948    ])
3877    , -142.623    , array([ 0.233522   ,  0.0276124  ,  0.472481   ,  1.47765    ,  3.12473    ])
3878    , -142.919    , array([ 0.231589   ,  0.0282847  ,  0.48626    ,  1.52334    ,  3.08241    ])
3879    , -155.075    , array([ 0.252966   ,  0.0227003  ,  0.497167   ,  1.50096    ,  3.20792    ])
3880    , -174.623    , array([ 0.298305   ,  0.0229163  ,  0.483453   ,  1.50888    ,  3.04507    ])
3881    , -146.251    , array([ 0.180373   ,  0.0321969  ,  0.495886   ,  1.49686    ,  3.08376    ])
3882    , -172.071    , array([ 0.157103   ,  0.0418661  ,  0.485805   ,  1.49912    ,  2.89351    ])
3883    , -142.838    , array([ 0.224565   ,  0.0264539  ,  0.494302   ,  1.5005     ,  3.12625    ])
3884    , -147.4      , array([ 0.237371   ,  0.0229374  ,  0.478482   ,  1.49743    ,  3.03286    ])
3885    , -142.409    , array([ 0.222144   ,  0.025753   ,  0.484199   ,  1.49858    ,  3.04437    ])
3886    , -153.545    , array([ 0.266829   ,  0.0257588  ,  0.472042   ,  1.49798    ,  3.33132    ])
3887    , -141.545    , array([ 0.196355   ,  0.0291524  ,  0.493974   ,  1.49998    ,  2.97909    ])
3888    , -158.324    , array([ 0.271303   ,  0.0233585  ,  0.476659   ,  1.50303    ,  3.05804    ])
3889    , -141.242    , array([ 0.199752   ,  0.0297147  ,  0.491007   ,  1.4984     ,  3.07731    ])
likelihood = -141.24
theta = 637.86
Optimized parameters = [0.19975232 0.02971474 0.49100747 1.49839999 3.07730877]

Round_4_Replicate_5
3890    , -178.435    , array([ 0.263414   ,  0.0370569  ,  0.549265   ,  0.8506     ,  4.95427    ])
3891    , -168.136    , array([ 0.246417   ,  0.0370569  ,  0.549265   ,  0.8506     ,  4.95427    ])
3892    , -174.446    , array([ 0.263414   ,  0.0314277  ,  0.549265   ,  0.8506     ,  4.95427    ])
3893    , -172.482    , array([ 0.263414   ,  0.0370569  ,  0.533054   ,  0.8506     ,  4.95427    ])
3894    , -178.44     , array([ 0.263414   ,  0.0370569  ,  0.549265   ,  0.843745   ,  4.95427    ])
3895    , -178.585    , array([ 0.263414   ,  0.0370569  ,  0.549265   ,  0.8506     ,  5.36696    ])
3896    , -169.575    , array([ 0.256479   ,  0.0346934  ,  0.542722   ,  0.847851   ,  4.57331    ])
3897    , -166.596    , array([ 0.253756   ,  0.0337907  ,  0.540127   ,  0.8564     ,  4.79822    ])
3898    , -161.684    , array([ 0.249061   ,  0.0322672  ,  0.535615   ,  0.862798   ,  4.72205    ])
3899    , -160.788    , array([ 0.248132   ,  0.0319709  ,  0.534717   ,  0.854352   ,  4.70696    ])
3900    , -154.5      , array([ 0.240827   ,  0.0296959  ,  0.527588   ,  0.856234   ,  4.58797    ])
3901    , -157.626    , array([ 0.239392   ,  0.0368523  ,  0.526174   ,  0.856611   ,  4.56454    ])
3902    , -152.822    , array([ 0.230408   ,  0.0311851  ,  0.539366   ,  0.859027   ,  4.41737    ])
3903    , -146.625    , array([ 0.215491   ,  0.0286079  ,  0.54255    ,  0.863272   ,  4.17115    ])
3904    , -147.283    , array([ 0.220717   ,  0.0308365  ,  0.529691   ,  0.868048   ,  4.61235    ])
3905    , -144.482    , array([ 0.219828   ,  0.0268238  ,  0.515839   ,  0.872299   ,  4.13762    ])
3906    , -143.547    , array([ 0.20763    ,  0.0228216  ,  0.499896   ,  0.883356   ,  3.78126    ])
3907    , -141.221    , array([ 0.202229   ,  0.0268202  ,  0.514581   ,  0.868104   ,  3.97194    ])
3908    , -143.579    , array([ 0.182227   ,  0.0244518  ,  0.504376   ,  0.870769   ,  3.64282    ])
3909    , -144.759    , array([ 0.196667   ,  0.0206803  ,  0.519167   ,  0.879049   ,  3.88667    ])
3910    , -144.444    , array([ 0.18028    ,  0.0222059  ,  0.514454   ,  0.888735   ,  3.61857    ])
3911    , -150.006    , array([ 0.181409   ,  0.0187526  ,  0.506464   ,  0.884937   ,  3.26649    ])
3912    , -142.909    , array([ 0.210156   ,  0.027231   ,  0.523786   ,  0.87224    ,  4.23119    ])
3913    , -150.238    , array([ 0.183956   ,  0.0198186  ,  0.487547   ,  0.893519   ,  3.63271    ])
3914    , -142.69     , array([ 0.207133   ,  0.0260995  ,  0.528244   ,  0.870736   ,  4.02948    ])
3915    , -141.816    , array([ 0.205787   ,  0.0300907  ,  0.513051   ,  0.874154   ,  3.95527    ])
3916    , -150.973    , array([ 0.236696   ,  0.031645   ,  0.517186   ,  0.858924   ,  4.40224    ])
3917    , -141.662    , array([ 0.192978   ,  0.0242621  ,  0.515135   ,  0.881187   ,  3.80033    ])
likelihood = -141.22
theta = 682.33
Optimized parameters = [0.20222875 0.02682017 0.51458141 0.86810399 3.97193593]
