
Round_1_Replicate_1
424     , -3293.92    , array([ 2.78084    ,  2.74659    ,  0.167101   ,  1.57909    ])
425     , -3355.39    , array([ 2.92674    ,  2.74659    ,  0.167101   ,  1.57909    ])
426     , -3361.28    , array([ 2.78084    ,  2.8889     ,  0.167101   ,  1.57909    ])
427     , -3208.73    , array([ 2.78084    ,  2.74659    ,  0.152802   ,  1.57909    ])
428     , -3268.12    , array([ 2.78084    ,  2.74659    ,  0.167101   ,  1.61558    ])
429     , -3198.8     , array([ 2.85286    ,  2.61128    ,  0.159792   ,  1.59723    ])
430     , -3115.45    , array([ 2.88956    ,  2.48264    ,  0.156258   ,  1.60638    ])
431     , -3091.1     , array([ 2.69336    ,  2.61128    ,  0.15452    ,  1.61097    ])
432     , -2963.74    , array([ 2.58375    ,  2.54615    ,  0.148589   ,  1.62715    ])
likelihood = -2963.74
theta = 124.88
Optimized parameters = [2.58374957 2.5461479  0.14858949 1.62714908]

Round_1_Replicate_2
433     , -4082.71    , array([ 0.958051   ,  0.873392   ,  1.3644     ,  3.82267    ])
434     , -4080.45    , array([ 0.956      ,  0.873392   ,  1.3644     ,  3.82267    ])
435     , -4073.37    , array([ 0.958051   ,  0.8675     ,  1.3644     ,  3.82267    ])
436     , -4119.18    , array([ 0.958051   ,  0.873392   ,  1.38576    ,  3.82267    ])
437     , -4078.88    , array([ 0.958051   ,  0.873392   ,  1.3644     ,  4.08775    ])
438     , -4038.6     , array([ 0.957025   ,  0.870441   ,  1.34337    ,  3.95299    ])
439     , -3998.52    , array([ 0.956512   ,  0.868969   ,  1.32266    ,  4.01981    ])
440     , -4032.86    , array([ 0.956256   ,  0.868235   ,  1.34337    ,  4.05364    ])
likelihood = -3998.52
theta = 186.2
Optimized parameters = [0.95651211 0.86896946 1.32265812 4.01980694]

Round_1_Replicate_3
441     , -5065.78    , array([ 7.95363    ,  0.69211    ,  1.18579    ,  0.73083    ])
442     , -5097.51    , array([ 8.82253    ,  0.69211    ,  1.18579    ,  0.73083    ])
443     , -5028.12    , array([ 7.95363    ,  0.679492   ,  1.18579    ,  0.73083    ])
444     , -5083.15    , array([ 7.95363    ,  0.69211    ,  1.19593    ,  0.73083    ])
445     , -5067.85    , array([ 7.95363    ,  0.69211    ,  1.18579    ,  0.71946    ])
446     , -5022.38    , array([ 7.17029    ,  0.685772   ,  1.19085    ,  0.725123   ])
447     , -4980.93    , array([ 6.46411    ,  0.682625   ,  1.19339    ,  0.722286   ])
448     , -4989.64    , array([ 7.17029    ,  0.681056   ,  1.17949    ,  0.720872   ])
likelihood = -4980.93
theta = 181.34
Optimized parameters = [6.46410817 0.6826246  1.19338982 0.72228605]

Round_1_Replicate_4
449     , -771.873    , array([ 1.12811    ,  0.139143   ,  0.279505   ,  0.724932   ])
450     , -775.073    , array([ 1.13493    ,  0.139143   ,  0.279505   ,  0.724932   ])
451     , -750.776    , array([ 1.12811    ,  0.126076   ,  0.279505   ,  0.724932   ])
452     , -747.898    , array([ 1.12811    ,  0.139143   ,  0.262246   ,  0.724932   ])
453     , -775.881    , array([ 1.12811    ,  0.139143   ,  0.279505   ,  0.713365   ])
454     , -746.551    , array([ 1.13151    ,  0.132448   ,  0.270738   ,  0.736686   ])
455     , -732.635    , array([ 1.13322    ,  0.129223   ,  0.266459   ,  0.74863    ])
456     , -726.902    , array([ 1.12387    ,  0.12764    ,  0.264344   ,  0.736686   ])
457     , -704.822    , array([ 1.11838    ,  0.12225    ,  0.257075   ,  0.742634   ])
likelihood = -704.82
theta = 312.25
Optimized parameters = [1.11837709 0.12225019 0.25707478 0.74263398]

Round_1_Replicate_5
458     , -726.739    , array([ 0.881848   ,  0.451658   ,  0.195332   ,  1.59035    ])
459     , -724.4      , array([ 0.876321   ,  0.451658   ,  0.195332   ,  1.59035    ])
460     , -705.277    , array([ 0.881848   ,  0.43406    ,  0.195332   ,  1.59035    ])
461     , -690.852    , array([ 0.881848   ,  0.451658   ,  0.180017   ,  1.59035    ])
462     , -719.932    , array([ 0.881848   ,  0.451658   ,  0.195332   ,  1.62768    ])
463     , -693.124    , array([ 0.87908    ,  0.442771   ,  0.187518   ,  1.60891    ])
464     , -680.273    , array([ 0.886016   ,  0.438394   ,  0.183729   ,  1.61826    ])
465     , -659.368    , array([ 0.890903   ,  0.431909   ,  0.178189   ,  1.6324     ])
likelihood = -659.37
theta = 246.49
Optimized parameters = [0.89090314 0.43190917 0.1781886  1.63240221]

Round_1_Replicate_6
466     , -404.348    , array([ 0.435208   ,  0.139508   ,  0.452545   ,  5.48831    ])
467     , -393.29     , array([ 0.417477   ,  0.139508   ,  0.452545   ,  5.48831    ])
468     , -379.381    , array([ 0.435208   ,  0.126424   ,  0.452545   ,  5.48831    ])
469     , -383.637    , array([ 0.435208   ,  0.139508   ,  0.434955   ,  5.48831    ])
470     , -403.901    , array([ 0.435208   ,  0.139508   ,  0.452545   ,  5.976      ])
471     , -375.457    , array([ 0.42625    ,  0.132805   ,  0.443663   ,  5.72697    ])
472     , -361.747    , array([ 0.421841   ,  0.129575   ,  0.439288   ,  5.85016    ])
473     , -355.79     , array([ 0.419653   ,  0.12799    ,  0.437116   ,  5.20393    ])
474     , -334.015    , array([ 0.412085   ,  0.122592   ,  0.4296     ,  4.85614    ])
likelihood = -334.02
theta = 403.29
Optimized parameters = [0.4120849  0.1225922  0.42960012 4.85614302]

Round_1_Replicate_7
475     , -4559.33    , array([ 3.46482    ,  0.385963   ,  0.672726   ,  0.13367    ])
476     , -4577.67    , array([ 3.68693    ,  0.385963   ,  0.672726   ,  0.13367    ])
477     , -4445.81    , array([ 3.46482    ,  0.368022   ,  0.672726   ,  0.13367    ])
478     , -4549.97    , array([ 3.46482    ,  0.385963   ,  0.659524   ,  0.13367    ])
479     , -4767.26    , array([ 3.46482    ,  0.385963   ,  0.672726   ,  0.120875   ])
480     , -4308.41    , array([ 3.57415    ,  0.376886   ,  0.666092   ,  0.14782    ])
481     , -4094.69    , array([ 3.6301     ,  0.372427   ,  0.6628     ,  0.163467   ])
482     , -4242       , array([ 3.33285    ,  0.370218   ,  0.66116    ,  0.14782    ])
likelihood = -4094.69
theta = 292.38
Optimized parameters = [3.63009933 0.37242721 0.66279996 0.16346708]

Round_1_Replicate_8
483     , -2903       , array([ 0.19533    ,  0.529808   ,  1.96512    ,  3.60787    ])
484     , -2864.4     , array([ 0.180014   ,  0.529808   ,  1.96512    ,  3.60787    ])
485     , -2865.16    , array([ 0.19533    ,  0.513245   ,  1.96512    ,  3.60787    ])
486     , -2960.23    , array([ 0.19533    ,  0.529808   ,  2.03264    ,  3.60787    ])
487     , -2903.05    , array([ 0.19533    ,  0.529808   ,  1.96512    ,  3.84692    ])
488     , -2808.86    , array([ 0.187516   ,  0.521461   ,  1.89986    ,  3.72548    ])
489     , -2736.03    , array([ 0.183727   ,  0.517336   ,  1.83675    ,  3.78571    ])
490     , -2781.26    , array([ 0.181861   ,  0.515286   ,  1.89986    ,  3.46607    ])
likelihood = -2736.03
theta = 477.58
Optimized parameters = [0.18372689 0.51733628 1.83675413 3.78571427]

Round_1_Replicate_9
491     , -5577.96    , array([ 0.229197   ,  1.40309    ,  4.77856    ,  1.08383    ])
492     , -5475.02    , array([ 0.212921   ,  1.40309    ,  4.77856    ,  1.08383    ])
493     , -5586.94    , array([ 0.229197   ,  1.42705    ,  4.77856    ,  1.08383    ])
494     , -5731.85    , array([ 0.229197   ,  1.40309    ,  5.16728    ,  1.08383    ])
495     , -5577.94    , array([ 0.229197   ,  1.40309    ,  4.77856    ,  1.0882     ])
496     , -5379.72    , array([ 0.220909   ,  1.41502    ,  4.41909    ,  1.08601    ])
497     , -5208.76    , array([ 0.216878   ,  1.42102    ,  4.08665    ,  1.08711    ])
498     , -5332.17    , array([ 0.214891   ,  1.38832    ,  4.41909    ,  1.08766    ])
likelihood = -5208.76
theta = 337.95
Optimized parameters = [0.21687822 1.42102412 4.08665144 1.08710829]

Round_1_Replicate_10
499     , -6278.67    , array([ 2.29897    ,  5.02384    ,  0.815339   ,  3.01933    ])
500     , -6358.21    , array([ 2.39668    ,  5.02384    ,  0.815339   ,  3.01933    ])
501     , -6347.25    , array([ 2.29897    ,  5.44612    ,  0.815339   ,  3.01933    ])
502     , -6254.69    , array([ 2.29897    ,  5.02384    ,  0.807059   ,  3.01933    ])
503     , -6262.43    , array([ 2.29897    ,  5.02384    ,  0.815339   ,  3.19085    ])
504     , -6213.9     , array([ 2.20524    ,  5.23072    ,  0.811188   ,  3.1039     ])
505     , -6141.44    , array([ 2.11534    ,  5.33734    ,  0.809121   ,  3.14707    ])
506     , -6120.48    , array([ 2.20524    ,  4.7767     ,  0.808089   ,  3.16888    ])
507     , -6004.53    , array([ 2.15982    ,  4.47351    ,  0.804488   ,  3.24642    ])
likelihood = -6004.53
theta = 90.42
Optimized parameters = [2.15982238 4.4735143  0.80448838 3.24641763]

Round_2_Replicate_1
508     , -176.073    , array([ 0.395041   ,  0.0400737  ,  0.162719   ,  2.3432     ])
509     , -180.651    , array([ 0.377116   ,  0.0400737  ,  0.162719   ,  2.3432     ])
510     , -183.986    , array([ 0.395041   ,  0.0341195  ,  0.162719   ,  2.3432     ])
511     , -187.326    , array([ 0.395041   ,  0.0400737  ,  0.148597   ,  2.3432     ])
512     , -176.558    , array([ 0.395041   ,  0.0400737  ,  0.162719   ,  2.44511    ])
513     , -171.72     , array([ 0.385975   ,  0.0369769  ,  0.178183   ,  2.39361    ])
514     , -165.445    , array([ 0.381519   ,  0.0355195  ,  0.195116   ,  2.41923    ])
515     , -166.105    , array([ 0.379311   ,  0.0443119  ,  0.178183   ,  2.43213    ])
516     , -162.594    , array([ 0.398496   ,  0.0396728  ,  0.186457   ,  2.47786    ])
517     , -156.991    , array([ 0.409637   ,  0.0394739  ,  0.199595   ,  2.54807    ])
518     , -156.309    , array([ 0.387377   ,  0.0393748  ,  0.206508   ,  2.42406    ])
519     , -150.935    , array([ 0.383601   ,  0.03903    ,  0.232641   ,  2.4136     ])
likelihood = -150.93
theta = 407.75
Optimized parameters = [0.38360137 0.03903    0.23264062 2.41359872]

Round_2_Replicate_2
520     , -607.358    , array([ 0.105781   ,  0.141502   ,  0.188571   ,  1.44834    ])
521     , -664.609    , array([ 0.0945426  ,  0.141502   ,  0.188571   ,  1.44834    ])
522     , -589.417    , array([ 0.105781   ,  0.128322   ,  0.188571   ,  1.44834    ])
523     , -624.766    , array([ 0.105781   ,  0.141502   ,  0.17348    ,  1.44834    ])
524     , -608.231    , array([ 0.105781   ,  0.141502   ,  0.188571   ,  1.47541    ])
525     , -552.572    , array([ 0.118355   ,  0.134751   ,  0.180868   ,  1.46181    ])
526     , -500.805    , array([ 0.132424   ,  0.131497   ,  0.177135   ,  1.4686     ])
527     , -527.599    , array([ 0.118355   ,  0.1299     ,  0.198663   ,  1.472      ])
528     , -505.189    , array([ 0.125192   ,  0.124461   ,  0.187591   ,  1.44332    ])
529     , -459.428    , array([ 0.136195   ,  0.116726   ,  0.187102   ,  1.46775    ])
530     , -395.708    , array([ 0.154539   ,  0.106015   ,  0.186372   ,  1.47755    ])
likelihood = -395.71
theta = 516.24
Optimized parameters = [0.15453917 0.10601532 0.18637212 1.47755111]

Round_2_Replicate_3
531     , -205.292    , array([ 0.591882   ,  0.0986588  ,  0.259454   ,  6.80495    ])
532     , -200.184    , array([ 0.576563   ,  0.0986588  ,  0.259454   ,  6.80495    ])
533     , -198.221    , array([ 0.591882   ,  0.0878704  ,  0.259454   ,  6.80495    ])
534     , -189.212    , array([ 0.591882   ,  0.0986588  ,  0.242529   ,  6.80495    ])
535     , -204.323    , array([ 0.591882   ,  0.0986588  ,  0.259454   ,  7.48972    ])
536     , -190.425    , array([ 0.584173   ,  0.0931085  ,  0.250849   ,  7.13913    ])
537     , -185.34     , array([ 0.580355   ,  0.0904515  ,  0.246654   ,  6.33277    ])
538     , -177.733    , array([ 0.574677   ,  0.0866076  ,  0.240492   ,  5.82315    ])
539     , -178.827    , array([ 0.594799   ,  0.0847473  ,  0.237469   ,  6.44765    ])
540     , -171.715    , array([ 0.580831   ,  0.093446   ,  0.227186   ,  6.2761     ])
541     , -162.638    , array([ 0.575383   ,  0.0963651  ,  0.21259    ,  6.0273     ])
likelihood = -162.64
theta = 274.68
Optimized parameters = [0.5753834  0.09636513 0.21258978 6.027295  ]

Round_2_Replicate_4
542     , -413.087    , array([ 0.965678   ,  0.349845   ,  0.129767   ,  2.30668    ])
543     , -412.649    , array([ 0.963993   ,  0.349845   ,  0.129767   ,  2.30668    ])
544     , -397.909    , array([ 0.965678   ,  0.331948   ,  0.129767   ,  2.30668    ])
545     , -389.42     , array([ 0.965678   ,  0.349845   ,  0.117172   ,  2.30668    ])
546     , -404.764    , array([ 0.965678   ,  0.349845   ,  0.129767   ,  2.40512    ])
547     , -388.864    , array([ 0.964835   ,  0.340779   ,  0.123309   ,  2.35539    ])
548     , -377.463    , array([ 0.964414   ,  0.336334   ,  0.120201   ,  2.38013    ])
549     , -372.525    , array([ 0.966732   ,  0.334134   ,  0.118677   ,  2.39259    ])
550     , -354.505    , array([ 0.968105   ,  0.326545   ,  0.113492   ,  2.43674    ])
551     , -357.394    , array([ 0.966258   ,  0.322815   ,  0.110986   ,  2.3097     ])
552     , -345.478    , array([ 0.966548   ,  0.335507   ,  0.10264    ,  2.40984    ])
553     , -326.258    , array([ 0.966983   ,  0.337301   ,  0.0912837  ,  2.46313    ])
likelihood = -326.26
theta = 218.49
Optimized parameters = [0.96698288 0.33730143 0.09128372 2.46313417]

Round_2_Replicate_5
554     , -454.063    , array([ 0.36964    ,  0.225308   ,  0.3752     ,  3.12573    ])
555     , -450.653    , array([ 0.351697   ,  0.225308   ,  0.3752     ,  3.12573    ])
556     , -424.547    , array([ 0.36964    ,  0.209129   ,  0.3752     ,  3.12573    ])
557     , -433.169    , array([ 0.36964    ,  0.225308   ,  0.357254   ,  3.12573    ])
558     , -452.545    , array([ 0.36964    ,  0.225308   ,  0.3752     ,  3.30902    ])
559     , -426.184    , array([ 0.360557   ,  0.217068   ,  0.366117   ,  3.21607    ])
560     , -415.293    , array([ 0.356099   ,  0.213062   ,  0.361658   ,  2.99496    ])
561     , -398.421    , array([ 0.349516   ,  0.20719    ,  0.355071   ,  2.84929    ])
562     , -391.898    , array([ 0.373105   ,  0.204316   ,  0.351823   ,  3.02713    ])
563     , -366.095    , array([ 0.384293   ,  0.194565   ,  0.340687   ,  2.979      ])
564     , -374.277    , array([ 0.361961   ,  0.189866   ,  0.360828   ,  2.95523    ])
likelihood = -366.09
theta = 369.19
Optimized parameters = [0.38429325 0.1945651  0.3406865  2.9790015 ]

Round_2_Replicate_6
565     , -657.754    , array([ 1.49303    ,  0.117159   ,  0.209744   ,  1.32007    ])
566     , -668.35     , array([ 1.52325    ,  0.117159   ,  0.209744   ,  1.32007    ])
567     , -647.76     , array([ 1.49303    ,  0.105248   ,  0.209744   ,  1.32007    ])
568     , -630.441    , array([ 1.49303    ,  0.117159   ,  0.193988   ,  1.32007    ])
569     , -655.204    , array([ 1.49303    ,  0.117159   ,  0.209744   ,  1.33852    ])
570     , -626.93     , array([ 1.46341    ,  0.111044   ,  0.201712   ,  1.32926    ])
571     , -607.033    , array([ 1.43437    ,  0.108107   ,  0.197812   ,  1.33389    ])
572     , -612.808    , array([ 1.46341    ,  0.106668   ,  0.19589    ,  1.3362     ])
573     , -596.299    , array([ 1.44882    ,  0.101781   ,  0.189311   ,  1.31664    ])
574     , -571.29     , array([ 1.4272     ,  0.0948657  ,  0.179853   ,  1.30583    ])
575     , -564.788    , array([ 1.41652    ,  0.107566   ,  0.175303   ,  1.32782    ])
576     , -528.988    , array([ 1.37974    ,  0.108743   ,  0.160265   ,  1.33172    ])
likelihood = -528.99
theta = 256.1
Optimized parameters = [1.37974448 0.10874314 0.16026539 1.33171708]

Round_2_Replicate_7
577     , -367.054    , array([ 1.04324    ,  0.201721   ,  0.164477   ,  2.43919    ])
578     , -367.814    , array([ 1.04545    ,  0.201721   ,  0.164477   ,  2.43919    ])
579     , -354.748    , array([ 1.04324    ,  0.186204   ,  0.164477   ,  2.43919    ])
580     , -341.817    , array([ 1.04324    ,  0.201721   ,  0.150283   ,  2.43919    ])
581     , -360.36     , array([ 1.04324    ,  0.201721   ,  0.164477   ,  2.55039    ])
582     , -343.747    , array([ 1.04103    ,  0.193807   ,  0.15722    ,  2.49417    ])
583     , -333.521    , array([ 1.04213    ,  0.189967   ,  0.153712   ,  2.52212    ])
584     , -318.303    , array([ 1.04158    ,  0.18435    ,  0.148597   ,  2.56465    ])
585     , -321.032    , array([ 1.04131    ,  0.181604   ,  0.146104   ,  2.41888    ])
586     , -309.804    , array([ 1.04034    ,  0.194292   ,  0.137702   ,  2.51861    ])
587     , -291.751    , array([ 1.0389     ,  0.198468   ,  0.125996   ,  2.55929    ])
likelihood = -291.75
theta = 227.3
Optimized parameters = [1.03889872 0.19846755 0.12599598 2.55929149]

Round_2_Replicate_8
588     , -916.202    , array([ 0.142541   ,  0.402514   ,  0.344641   ,  3.23645    ])
589     , -955.728    , array([ 0.129312   ,  0.402514   ,  0.344641   ,  3.23645    ])
590     , -884.468    , array([ 0.142541   ,  0.38461    ,  0.344641   ,  3.23645    ])
591     , -901.123    , array([ 0.142541   ,  0.402514   ,  0.326765   ,  3.23645    ])
592     , -915.618    , array([ 0.142541   ,  0.402514   ,  0.344641   ,  3.4322     ])
593     , -855.259    , array([ 0.157125   ,  0.39346    ,  0.335584   ,  3.33289    ])
594     , -809.157    , array([ 0.1732     ,  0.38901    ,  0.331145   ,  3.38218    ])
595     , -837.798    , array([ 0.157125   ,  0.386803   ,  0.328947   ,  3.4071     ])
596     , -801.468    , array([ 0.164966   ,  0.37918    ,  0.321371   ,  3.20101    ])
597     , -748.682    , array([ 0.177469   ,  0.368025   ,  0.310332   ,  3.09132    ])
598     , -743.441    , array([ 0.184071   ,  0.362571   ,  0.330319   ,  3.31763    ])
599     , -676.319    , array([ 0.209175   ,  0.344111   ,  0.332111   ,  3.35898    ])
likelihood = -676.32
theta = 373.39
Optimized parameters = [0.20917468 0.34411098 0.33211066 3.35898415]

Round_2_Replicate_9
600     , -776.075    , array([ 0.124021   ,  0.213349   ,  0.685876   ,  4.94102    ])
601     , -800.769    , array([ 0.11173    ,  0.213349   ,  0.685876   ,  4.94102    ])
602     , -724.461    , array([ 0.124021   ,  0.19749    ,  0.685876   ,  4.94102    ])
603     , -767.338    , array([ 0.124021   ,  0.213349   ,  0.673066   ,  4.94102    ])
604     , -776.093    , array([ 0.124021   ,  0.213349   ,  0.685876   ,  5.35189    ])
605     , -725.433    , array([ 0.137664   ,  0.205267   ,  0.679441   ,  5.14235    ])
606     , -720.146    , array([ 0.130664   ,  0.201341   ,  0.676246   ,  4.6537     ])
607     , -693.488    , array([ 0.134118   ,  0.195593   ,  0.671482   ,  4.33954    ])
608     , -680.53     , array([ 0.135879   ,  0.19278    ,  0.669112   ,  4.72392    ])
609     , -636.803    , array([ 0.142227   ,  0.183252   ,  0.660885   ,  4.61898    ])
610     , -628.276    , array([ 0.145512   ,  0.178666   ,  0.675648   ,  4.56738    ])
611     , -570.279    , array([ 0.157616   ,  0.1635     ,  0.676943   ,  4.3913     ])
likelihood = -570.28
theta = 645.52
Optimized parameters = [0.15761599 0.16349951 0.67694333 4.39129985]

Round_2_Replicate_10
612     , -697.356    , array([ 0.117454   ,  0.0595737  ,  0.140486   ,  5.97985    ])
613     , -757.603    , array([ 0.105526   ,  0.0595737  ,  0.140486   ,  5.97985    ])
614     , -700.758    , array([ 0.117454   ,  0.0517377  ,  0.140486   ,  5.97985    ])
615     , -744.262    , array([ 0.117454   ,  0.0595737  ,  0.127354   ,  5.97985    ])
616     , -703.99     , array([ 0.117454   ,  0.0595737  ,  0.140486   ,  6.5392     ])
617     , -667.187    , array([ 0.13073    ,  0.0555177  ,  0.133759   ,  6.25328    ])
618     , -624.454    , array([ 0.145506   ,  0.0535944  ,  0.130517   ,  6.39464    ])
619     , -618.58     , array([ 0.13073    ,  0.0526579  ,  0.149372   ,  6.46652    ])
620     , -557.379    , array([ 0.13792    ,  0.0495071  ,  0.161769   ,  6.72451    ])
621     , -587.781    , array([ 0.141662   ,  0.0480032  ,  0.145305   ,  5.99658    ])
622     , -535.806    , array([ 0.155578   ,  0.0532413  ,  0.147777   ,  6.56667    ])
623     , -460.648    , array([ 0.179055   ,  0.0540093  ,  0.151563   ,  6.88134    ])
likelihood = -460.65
theta = 331.03
Optimized parameters = [0.17905541 0.05400933 0.15156347 6.88133555]

Round_3_Replicate_1
624     , -985.833    , array([ 0.873615   ,  0.0556629  ,  0.729253   ,  2.448      ])
625     , -980.792    , array([ 0.867733   ,  0.0556629  ,  0.729253   ,  2.448      ])
626     , -970.811    , array([ 0.873615   ,  0.0481775  ,  0.729253   ,  2.448      ])
627     , -972.334    , array([ 0.873615   ,  0.0556629  ,  0.717831   ,  2.448      ])
628     , -985.731    , array([ 0.873615   ,  0.0556629  ,  0.729253   ,  2.56007    ])
629     , -968.611    , array([ 0.870669   ,  0.0517851  ,  0.723519   ,  2.50341    ])
630     , -960.473    , array([ 0.8692     ,  0.0499488  ,  0.720669   ,  2.53158    ])
631     , -956.659    , array([ 0.868466   ,  0.0490551  ,  0.719249   ,  2.38046    ])
632     , -943.506    , array([ 0.865903   ,  0.0460515  ,  0.714298   ,  2.29544    ])
633     , -944.603    , array([ 0.87343    ,  0.0446194  ,  0.711836   ,  2.41062    ])
634     , -941.648    , array([ 0.867458   ,  0.0399486  ,  0.720136   ,  2.39214    ])
635     , -932.842    , array([ 0.864396   ,  0.0338431  ,  0.721292   ,  2.3647     ])
636     , -919.289    , array([ 0.862869   ,  0.0386845  ,  0.704977   ,  2.35109    ])
637     , -897.337    , array([ 0.857546   ,  0.0346643  ,  0.693144   ,  2.30408    ])
638     , -905.035    , array([ 0.861418   ,  0.0310839  ,  0.699618   ,  2.16891    ])
639     , -898.15     , array([ 0.851331   ,  0.0290431  ,  0.702195   ,  2.16054    ])
640     , -890.517    , array([ 0.851475   ,  0.0223471  ,  0.69382    ,  2.20127    ])
641     , -886.177    , array([ 0.844352   ,  0.0155672  ,  0.683802   ,  2.15564    ])
642     , -859.691    , array([ 0.843012   ,  0.0206237  ,  0.668999   ,  2.04016    ])
643     , -835.052    , array([ 0.83252    ,  0.0160995  ,  0.644292   ,  1.895      ])
likelihood = -835.05
theta = 384.63
Optimized parameters = [0.83251972 0.01609954 0.64429152 1.8949984 ]

Round_3_Replicate_2
644     , -555.069    , array([ 0.897922   ,  0.0173731  ,  0.313292   ,  1.07559    ])
645     , -552.128    , array([ 0.893101   ,  0.0173731  ,  0.313292   ,  1.07559    ])
646     , -570.045    , array([ 0.897922   ,  0.0141864  ,  0.313292   ,  1.07559    ])
647     , -537.952    , array([ 0.897922   ,  0.0173731  ,  0.295628   ,  1.07559    ])
648     , -554.603    , array([ 0.897922   ,  0.0173731  ,  0.313292   ,  1.07952    ])
649     , -531.29     , array([ 0.895508   ,  0.0212757  ,  0.304332   ,  1.07755    ])
650     , -514.835    , array([ 0.894303   ,  0.026055   ,  0.299949   ,  1.07853    ])
651     , -523.59     , array([ 0.893702   ,  0.0212757  ,  0.297781   ,  1.07902    ])
652     , -509.584    , array([ 0.891599   ,  0.0235444  ,  0.290316   ,  1.07486    ])
653     , -489.433    , array([ 0.888455   ,  0.0274089  ,  0.279467   ,  1.07253    ])
654     , -483.35     , array([ 0.894078   ,  0.0295729  ,  0.274196   ,  1.07724    ])
655     , -456.467    , array([ 0.894567   ,  0.0385836  ,  0.256518   ,  1.07807    ])
656     , -464.097    , array([ 0.887614   ,  0.0440713  ,  0.270676   ,  1.07849    ])
657     , -449.368    , array([ 0.888763   ,  0.0517948  ,  0.256198   ,  1.07479    ])
658     , -440.416    , array([ 0.886304   ,  0.0808141  ,  0.237638   ,  1.07267    ])
659     , -423.152    , array([ 0.884184   ,  0.0744866  ,  0.226392   ,  1.07235    ])
660     , -429.388    , array([ 0.879168   ,  0.125942   ,  0.196684   ,  1.06927    ])
661     , -449.374    , array([ 0.887863   ,  0.116727   ,  0.218696   ,  1.07826    ])
662     , -433.513    , array([ 0.888828   ,  0.118144   ,  0.202964   ,  1.07219    ])
likelihood = -423.15
theta = 331.03
Optimized parameters = [0.88418418 0.07448661 0.22639198 1.07235165]

Round_3_Replicate_3
663     , -516.493    , array([ 0.233705   ,  0.0318356  ,  0.101173   ,  5.43244    ])
664     , -549.876    , array([ 0.217321   ,  0.0318356  ,  0.101173   ,  5.43244    ])
665     , -529.953    , array([ 0.233705   ,  0.0267953  ,  0.101173   ,  5.43244    ])
666     , -561.549    , array([ 0.233705   ,  0.0318356  ,  0.0902233  ,  5.43244    ])
667     , -525.475    , array([ 0.233705   ,  0.0318356  ,  0.101173   ,  5.91214    ])
668     , -497.852    , array([ 0.225364   ,  0.0292069  ,  0.113452   ,  5.66722    ])
669     , -464.533    , array([ 0.221306   ,  0.0279751  ,  0.127221   ,  5.78839    ])
670     , -470.478    , array([ 0.244567   ,  0.0273789  ,  0.113452   ,  5.84994    ])
671     , -458.407    , array([ 0.232646   ,  0.0328812  ,  0.120139   ,  6.07057    ])
672     , -422.482    , array([ 0.232118   ,  0.0364244  ,  0.130917   ,  6.41721    ])
673     , -413.49     , array([ 0.231855   ,  0.0296029  ,  0.136663   ,  5.81139    ])
674     , -360.552    , array([ 0.230935   ,  0.0285459  ,  0.158834   ,  5.76166    ])
675     , -340.053    , array([ 0.230476   ,  0.0280317  ,  0.171234   ,  6.51338    ])
676     , -259.065    , array([ 0.228879   ,  0.0263037  ,  0.222767   ,  7.13201    ])
677     , -281.129    , array([ 0.21306    ,  0.0319483  ,  0.213975   ,  6.67852    ])
678     , -215.845    , array([ 0.231025   ,  0.033414   ,  0.247467   ,  7.24996    ])
679     , -150.785    , array([ 0.236043   ,  0.036518   ,  0.345141   ,  8.11381    ])
680     , -150.166    , array([ 0.222119   ,  0.025696   ,  0.390464   ,  7.35336    ])
681     , -176.528    , array([ 0.217282   ,  0.0215825  ,  0.674333   ,  7.87147    ])
682     , -143.85     , array([ 0.218954   ,  0.0311082  ,  0.504606   ,  9.25238    ])
683     , -267.031    , array([ 0.213198   ,  0.0324744  ,  0.89941    ,  11.7248    ])
likelihood = -143.85
theta = 655.46
Optimized parameters = [0.21895367 0.03110823 0.50460641 9.25238308]

Round_3_Replicate_4
684     , -370.436    , array([ 0.110722   ,  0.0829091  ,  0.360009   ,  1.66239    ])
685     , -412.935    , array([ 0.0991854  ,  0.0829091  ,  0.360009   ,  1.66239    ])
686     , -351.901    , array([ 0.110722   ,  0.0732036  ,  0.360009   ,  1.66239    ])
687     , -379.468    , array([ 0.110722   ,  0.0829091  ,  0.342081   ,  1.66239    ])
688     , -370.762    , array([ 0.110722   ,  0.0829091  ,  0.360009   ,  1.70518    ])
689     , -326.445    , array([ 0.123602   ,  0.0779053  ,  0.350931   ,  1.68365    ])
690     , -289.023    , array([ 0.137979   ,  0.0755179  ,  0.346478   ,  1.69438    ])
691     , -310.899    , array([ 0.123602   ,  0.0743517  ,  0.371688   ,  1.69977    ])
692     , -291.575    , array([ 0.130592   ,  0.0704102  ,  0.358862   ,  1.65449    ])
693     , -258.662    , array([ 0.141827   ,  0.0648862  ,  0.358289   ,  1.69303    ])
694     , -216.8      , array([ 0.160517   ,  0.057402   ,  0.357432   ,  1.70857    ])
695     , -214.059    , array([ 0.170766   ,  0.0650758  ,  0.357005   ,  1.71639    ])
696     , -173.835    , array([ 0.212073   ,  0.0613568  ,  0.355512   ,  1.74404    ])
697     , -180.82     , array([ 0.200375   ,  0.0582032  ,  0.338179   ,  1.70036    ])
698     , -159.146    , array([ 0.234916   ,  0.0558802  ,  0.340023   ,  1.77095    ])
699     , -149.169    , array([ 0.315072   ,  0.0497816  ,  0.330977   ,  1.83222    ])
700     , -154.31     , array([ 0.335984   ,  0.0423012  ,  0.344208   ,  1.79822    ])
701     , -181.799    , array([ 0.417838   ,  0.0477737  ,  0.327428   ,  1.82948    ])
702     , -152.98     , array([ 0.328955   ,  0.0500176  ,  0.334684   ,  1.79847    ])
likelihood = -149.17
theta = 494.72
Optimized parameters = [0.31507249 0.04978159 0.33097734 1.83221827]

Round_3_Replicate_5
703     , -369.135    , array([ 0.490021   ,  0.0138654  ,  0.0851026  ,  4.48651    ])
704     , -377.587    , array([ 0.472853   ,  0.0138654  ,  0.0851026  ,  4.48651    ])
705     , -390.516    , array([ 0.490021   ,  0.0111951  ,  0.0851026  ,  4.48651    ])
706     , -398.838    , array([ 0.490021   ,  0.0138654  ,  0.0752385  ,  4.48651    ])
707     , -374.683    , array([ 0.490021   ,  0.0138654  ,  0.0851026  ,  4.8362     ])
708     , -357.312    , array([ 0.48136    ,  0.0124589  ,  0.09626    ,  4.65808    ])
709     , -337.504    , array([ 0.477088   ,  0.0118101  ,  0.10888    ,  4.7463     ])
710     , -338.42     , array([ 0.474965   ,  0.0158488  ,  0.09626    ,  4.79104    ])
711     , -332.559    , array([ 0.493309   ,  0.0136812  ,  0.102376   ,  4.95097    ])
712     , -311.81     , array([ 0.503867   ,  0.0135901  ,  0.112286   ,  5.20093    ])
713     , -305.904    , array([ 0.482704   ,  0.0135447  ,  0.117595   ,  4.76303    ])
714     , -277.404    , array([ 0.479086   ,  0.0133872  ,  0.138233   ,  4.72686    ])
715     , -267.388    , array([ 0.477287   ,  0.0133091  ,  0.149872   ,  5.27       ])
716     , -236.214    , array([ 0.471044   ,  0.0130394  ,  0.198889   ,  5.71165    ])
717     , -259.558    , array([ 0.49038    ,  0.0105612  ,  0.190459   ,  5.38835    ])
718     , -230.872    , array([ 0.494953   ,  0.0134026  ,  0.222702   ,  5.79536    ])
719     , -255.975    , array([ 0.504135   ,  0.0142776  ,  0.318503   ,  6.40387    ])
720     , -249.282    , array([ 0.464483   ,  0.0115665  ,  0.304123   ,  5.58283    ])
721     , -291.982    , array([ 0.481006   ,  0.0109142  ,  0.366423   ,  6.6758     ])
722     , -248.954    , array([ 0.479565   ,  0.0127208  ,  0.176382   ,  5.15294    ])
likelihood = -230.87
theta = 321.57
Optimized parameters = [0.4949528  0.01340257 0.22270241 5.79535843]

Round_4_Replicate_1
723     , -330.411    , array([ 0.32126    ,  0.0302764  ,  0.739206   ,  6.65484    ])
724     , -307.075    , array([ 0.303528   ,  0.0302764  ,  0.739206   ,  6.65484    ])
725     , -326.752    , array([ 0.32126    ,  0.0254191  ,  0.739206   ,  6.65484    ])
726     , -323.563    , array([ 0.32126    ,  0.0302764  ,  0.728121   ,  6.65484    ])
727     , -330.417    , array([ 0.32126    ,  0.0302764  ,  0.739206   ,  7.31635    ])
728     , -312.872    , array([ 0.312268   ,  0.0277417  ,  0.733643   ,  6.05314    ])
729     , -304.721    , array([ 0.307867   ,  0.026555   ,  0.730877   ,  6.34687    ])
730     , -293.216    , array([ 0.301382   ,  0.0248695  ,  0.726748   ,  6.19826    ])
731     , -292.994    , array([ 0.29819    ,  0.0312856  ,  0.724692   ,  6.12527    ])
732     , -280.046    , array([ 0.287285   ,  0.0347086  ,  0.717542   ,  5.87651    ])
733     , -272.311    , array([ 0.281982   ,  0.0281233  ,  0.730359   ,  5.75594    ])
734     , -249.845    , array([ 0.264183   ,  0.0271048  ,  0.731481   ,  5.3531     ])
735     , -252.665    , array([ 0.266833   ,  0.0303386  ,  0.723794   ,  5.95094    ])
736     , -232.856    , array([ 0.257387   ,  0.0278271  ,  0.710819   ,  5.11861    ])
737     , -203.985    , array([ 0.237018   ,  0.0266777  ,  0.697037   ,  4.48911    ])
738     , -211.865    , array([ 0.22988    ,  0.035087   ,  0.708071   ,  4.67697    ])
739     , -187.07     , array([ 0.215725   ,  0.0252773  ,  0.712407   ,  4.40087    ])
740     , -160.17     , array([ 0.186937   ,  0.0215714  ,  0.709853   ,  3.80845    ])
741     , -164.428    , array([ 0.194403   ,  0.0243846  ,  0.699418   ,  3.47659    ])
742     , -147.077    , array([ 0.168436   ,  0.025888   ,  0.676731   ,  3.11464    ])
743     , -147.416    , array([ 0.134493   ,  0.0253002  ,  0.650912   ,  2.3758     ])
744     , -146.696    , array([ 0.165694   ,  0.0171781  ,  0.683458   ,  2.90917    ])
745     , -155.521    , array([ 0.140672   ,  0.0120195  ,  0.671474   ,  2.29442    ])
746     , -143.136    , array([ 0.134366   ,  0.0181294  ,  0.687481   ,  2.43994    ])
747     , -176.788    , array([ 0.101168   ,  0.0149452  ,  0.682753   ,  1.79883    ])
748     , -144.027    , array([ 0.136195   ,  0.0171022  ,  0.679269   ,  2.63936    ])
749     , -155.775    , array([ 0.120893   ,  0.0172138  ,  0.654706   ,  2.00577    ])
750     , -144.493    , array([ 0.13481    ,  0.0182128  ,  0.668078   ,  2.35449    ])
likelihood = -143.14
theta = 962.61
Optimized parameters = [0.13436557 0.01812942 0.68748148 2.43994494]

Round_4_Replicate_2
751     , -204.091    , array([ 0.15984    ,  0.0620059  ,  0.466686   ,  7.84444    ])
752     , -220.244    , array([ 0.145838   ,  0.0620059  ,  0.466686   ,  7.84444    ])
753     , -188.918    , array([ 0.15984    ,  0.0539579  ,  0.466686   ,  7.84444    ])
754     , -205.771    , array([ 0.15984    ,  0.0620059  ,  0.449238   ,  7.84444    ])
755     , -204.092    , array([ 0.15984    ,  0.0620059  ,  0.466686   ,  8.69541    ])
756     , -183.974    , array([ 0.175187   ,  0.0578421  ,  0.457879   ,  8.25897    ])
757     , -171.25     , array([ 0.192007   ,  0.0558662  ,  0.453538   ,  8.47438    ])
758     , -178.223    , array([ 0.175187   ,  0.0549038  ,  0.477934   ,  8.58418    ])
759     , -168.485    , array([ 0.183404   ,  0.0516638  ,  0.465576   ,  7.69441    ])
760     , -156.832    , array([ 0.196459   ,  0.0471589  ,  0.465022   ,  7.23799    ])
761     , -152.494    , array([ 0.20333    ,  0.0450559  ,  0.464745   ,  8.19278    ])
762     , -144.936    , array([ 0.22933    ,  0.0384071  ,  0.463778   ,  8.37271    ])
763     , -151.507    , array([ 0.243551   ,  0.0436826  ,  0.463295   ,  8.46416    ])
764     , -148.222    , array([ 0.26201    ,  0.0382925  ,  0.445409   ,  7.68049    ])
765     , -157.527    , array([ 0.279256   ,  0.0311565  ,  0.465143   ,  7.40663    ])
766     , -148.322    , array([ 0.254291   ,  0.0360536  ,  0.462214   ,  7.66024    ])
767     , -168.988    , array([ 0.310511   ,  0.0322721  ,  0.452284   ,  8.92119    ])
768     , -148.247    , array([ 0.220279   ,  0.0428923  ,  0.461804   ,  7.62639    ])
769     , -142.924    , array([ 0.238205   ,  0.0345238  ,  0.45324    ,  7.24144    ])
770     , -141.793    , array([ 0.235577   ,  0.0306919  ,  0.448294   ,  6.698      ])
771     , -143.781    , array([ 0.219589   ,  0.0385936  ,  0.447406   ,  7.482      ])
772     , -144.055    , array([ 0.253097   ,  0.0307718  ,  0.440767   ,  7.44372    ])
773     , -141.633    , array([ 0.209136   ,  0.0308985  ,  0.454603   ,  7.27646    ])
774     , -146.609    , array([ 0.186846   ,  0.0277555  ,  0.459271   ,  7.08249    ])
775     , -142.322    , array([ 0.228176   ,  0.0276314  ,  0.432258   ,  6.22258    ])
776     , -144.873    , array([ 0.196306   ,  0.0326804  ,  0.450414   ,  6.39936    ])
777     , -141.686    , array([ 0.237519   ,  0.0312382  ,  0.443159   ,  7.16765    ])
likelihood = -141.63
theta = 631.27
Optimized parameters = [0.20913562 0.03089848 0.45460345 7.27646472]

Round_4_Replicate_3
778     , -201.054    , array([ 0.128317   ,  0.0218409  ,  0.467701   ,  7.7303     ])
779     , -225.219    , array([ 0.115797   ,  0.0218409  ,  0.467701   ,  7.7303     ])
780     , -206.529    , array([ 0.128317   ,  0.0180399  ,  0.467701   ,  7.7303     ])
781     , -210.335    , array([ 0.128317   ,  0.0218409  ,  0.450263   ,  7.7303     ])
782     , -201.062    , array([ 0.128317   ,  0.0218409  ,  0.467701   ,  8.56261    ])
783     , -187.483    , array([ 0.14219    ,  0.0198496  ,  0.458899   ,  8.13582    ])
784     , -174.509    , array([ 0.157564   ,  0.0189231  ,  0.454561   ,  8.34649    ])
785     , -181.129    , array([ 0.14219    ,  0.0184762  ,  0.478941   ,  8.45386    ])
786     , -172.252    , array([ 0.14968    ,  0.022638   ,  0.466592   ,  8.84065    ])
787     , -159.897    , array([ 0.16166    ,  0.0253596  ,  0.466038   ,  9.45428    ])
788     , -160.642    , array([ 0.168005   ,  0.0201483  ,  0.465761   ,  8.38659    ])
789     , -152.333    , array([ 0.192239   ,  0.0193519  ,  0.464794   ,  9.67587    ])
790     , -155.749    , array([ 0.235299   ,  0.0182159  ,  0.463348   ,  10.8252    ])
791     , -147.08     , array([ 0.201716   ,  0.0234118  ,  0.447133   ,  9.46561    ])
792     , -143.717    , array([ 0.240257   ,  0.026354   ,  0.432031   ,  10.016     ])
793     , -142.138    , array([ 0.224784   ,  0.0269763  ,  0.459291   ,  10.5026    ])
794     , -152.063    , array([ 0.268484   ,  0.0322091  ,  0.461675   ,  11.7813    ])
795     , -143.035    , array([ 0.243848   ,  0.0293163  ,  0.445122   ,  11.6969    ])
796     , -168.258    , array([ 0.311242   ,  0.0250431  ,  0.434761   ,  11.5411    ])
797     , -146.657    , array([ 0.190426   ,  0.0252801  ,  0.458014   ,  9.93763    ])
798     , -145.248    , array([ 0.260497   ,  0.037509   ,  0.432732   ,  11.4283    ])
799     , -158.841    , array([ 0.307578   ,  0.034975   ,  0.426847   ,  11.9327    ])
800     , -142.034    , array([ 0.214676   ,  0.0274172  ,  0.450015   ,  10.4027    ])
801     , -149.525    , array([ 0.204113   ,  0.0201533  ,  0.460718   ,  9.89969    ])
802     , -142.34     , array([ 0.245086   ,  0.0321135  ,  0.439565   ,  11.0253    ])
803     , -141.495    , array([ 0.223521   ,  0.0316632  ,  0.465472   ,  11.851     ])
804     , -143.105    , array([ 0.215595   ,  0.0347063  ,  0.483152   ,  12.891     ])
805     , -141.202    , array([ 0.21085    ,  0.0295812  ,  0.461995   ,  10.2147    ])
806     , -142.546    , array([ 0.196065   ,  0.0297146  ,  0.470669   ,  9.54563    ])
likelihood = -141.2
theta = 636.4
Optimized parameters = [ 0.21084964  0.0295812   0.46199463 10.21471221]

Round_4_Replicate_4
807     , -149.434    , array([ 0.424337   ,  0.0396489  ,  0.264819   ,  8.33845    ])
808     , -147.095    , array([ 0.406534   ,  0.0396489  ,  0.264819   ,  8.33845    ])
809     , -155.229    , array([ 0.424337   ,  0.0337398  ,  0.264819   ,  8.33845    ])
810     , -148.287    , array([ 0.424337   ,  0.0396489  ,  0.247797   ,  8.33845    ])
811     , -149.342    , array([ 0.424337   ,  0.0396489  ,  0.264819   ,  9.27127    ])
812     , -143.657    , array([ 0.41534    ,  0.0465928  ,  0.256167   ,  8.7925     ])
813     , -141.49     , array([ 0.410913   ,  0.054753   ,  0.251947   ,  9.02871    ])
814     , -143.036    , array([ 0.408718   ,  0.0465928  ,  0.249863   ,  9.14919    ])
815     , -142.028    , array([ 0.401125   ,  0.0505084  ,  0.242706   ,  8.17429    ])
816     , -141.236    , array([ 0.389999   ,  0.0570072  ,  0.256699   ,  8.99884    ])
817     , -144.917    , array([ 0.373887   ,  0.0683564  ,  0.261269   ,  9.3484     ])
818     , -143.302    , array([ 0.398714   ,  0.0683564  ,  0.236488   ,  9.3484     ])
819     , -141.343    , array([ 0.400655   ,  0.0596543  ,  0.243273   ,  9.08499    ])
820     , -142.793    , array([ 0.392653   ,  0.0658191  ,  0.247315   ,  8.49006    ])
821     , -141.486    , array([ 0.396609   ,  0.0603732  ,  0.24795    ,  8.65025    ])
822     , -143.473    , array([ 0.397827   ,  0.0663817  ,  0.257345   ,  9.77536    ])
823     , -141.253    , array([ 0.400298   ,  0.0540797  ,  0.246285   ,  8.54812    ])
824     , -142.276    , array([ 0.383301   ,  0.060858   ,  0.245104   ,  8.61151    ])
825     , -141.174    , array([ 0.403829   ,  0.0562193  ,  0.250219   ,  8.92255    ])
826     , -141.235    , array([ 0.400724   ,  0.0532601  ,  0.250193   ,  9.12865    ])
827     , -141.537    , array([ 0.396711   ,  0.0509312  ,  0.258604   ,  8.71269    ])
828     , -141.156    , array([ 0.399665   ,  0.0573426  ,  0.247018   ,  8.99045    ])
829     , -141.335    , array([ 0.396751   ,  0.0578512  ,  0.25582    ,  9.49645    ])
830     , -141.145    , array([ 0.399408   ,  0.0549989  ,  0.248635   ,  8.77593    ])
831     , -141.374    , array([ 0.412111   ,  0.0539051  ,  0.241557   ,  8.90838    ])
832     , -141.135    , array([ 0.395413   ,  0.0562153  ,  0.252827   ,  8.97614    ])
833     , -141.331    , array([ 0.398415   ,  0.0592767  ,  0.24914    ,  8.70803    ])
834     , -141.14     , array([ 0.400145   ,  0.0547044  ,  0.249929   ,  9.02163    ])
835     , -141.178    , array([ 0.393544   ,  0.0553948  ,  0.248969   ,  8.9585     ])
836     , -141.132    , array([ 0.401233   ,  0.056012   ,  0.249906   ,  8.93153    ])
likelihood = -141.13
theta = 342.79
Optimized parameters = [0.40123287 0.056012   0.24990575 8.9315267 ]

Round_4_Replicate_5
837     , -199.992    , array([ 0.157065   ,  0.0557255  ,  0.614694   ,  12.3735    ])
838     , -206.63     , array([ 0.143181   ,  0.0557255  ,  0.614694   ,  12.3735    ])
839     , -180.926    , array([ 0.157065   ,  0.0482344  ,  0.614694   ,  12.3735    ])
840     , -197.789    , array([ 0.157065   ,  0.0557255  ,  0.599918   ,  12.3735    ])
841     , -199.992    , array([ 0.157065   ,  0.0557255  ,  0.614694   ,  14.032     ])
842     , -186.122    , array([ 0.172297   ,  0.0518448  ,  0.607261   ,  13.1767    ])
843     , -181.99     , array([ 0.164505   ,  0.050007   ,  0.603578   ,  13.5976    ])
844     , -174.527    , array([ 0.168356   ,  0.0473718  ,  0.598096   ,  11.8035    ])
845     , -165.127    , array([ 0.174302   ,  0.043677   ,  0.589966   ,  10.8257    ])
846     , -164.41     , array([ 0.177353   ,  0.0419391  ,  0.607723   ,  12.5203    ])
847     , -157.34     , array([ 0.188459   ,  0.0363832  ,  0.611663   ,  12.5943    ])
848     , -155.765    , array([ 0.169088   ,  0.0377629  ,  0.602547   ,  11.4944    ])
849     , -147.29     , array([ 0.167506   ,  0.0322289  ,  0.600203   ,  10.7356    ])
850     , -147.364    , array([ 0.178704   ,  0.0314302  ,  0.604526   ,  9.89723    ])
851     , -147.456    , array([ 0.199646   ,  0.0263036  ,  0.588664   ,  9.72729    ])
852     , -147.673    , array([ 0.192539   ,  0.0225425  ,  0.61266    ,  10.539     ])
853     , -142.7      , array([ 0.179993   ,  0.0213012  ,  0.591408   ,  8.28688    ])
854     , -148.725    , array([ 0.175904   ,  0.0162988  ,  0.581534   ,  6.722      ])
855     , -147.574    , array([ 0.170342   ,  0.0334198  ,  0.580116   ,  8.78138    ])
856     , -144.47     , array([ 0.175639   ,  0.0302868  ,  0.588086   ,  9.19119    ])
857     , -147.579    , array([ 0.154085   ,  0.0307333  ,  0.603467   ,  9.24826    ])
858     , -144.379    , array([ 0.187127   ,  0.0273473  ,  0.59233    ,  9.60526    ])
859     , -141.167    , array([ 0.176151   ,  0.0239917  ,  0.581675   ,  8.95439    ])
860     , -142.3      , array([ 0.174888   ,  0.0209613  ,  0.570576   ,  8.51721    ])
861     , -145.909    , array([ 0.192717   ,  0.020187   ,  0.57675    ,  7.53922    ])
862     , -142.868    , array([ 0.186079   ,  0.0226916  ,  0.582526   ,  8.23572    ])
863     , -147.326    , array([ 0.189176   ,  0.0185938  ,  0.585845   ,  8.33579    ])
864     , -142.255    , array([ 0.178929   ,  0.0268091  ,  0.587525   ,  8.96945    ])
likelihood = -141.17
theta = 784.56
Optimized parameters = [0.17615112 0.02399173 0.58167496 8.95439084]

Round_1_Replicate_1
1740    , -2829.86    , array([ 0.157966   ,  0.463816   ,  2.19585    ,  4.55484    ])
1741    , -2791.94    , array([ 0.144043   ,  0.463816   ,  2.19585    ,  4.55484    ])
1742    , -2784.46    , array([ 0.157966   ,  0.446337   ,  2.19585    ,  4.55484    ])
1743    , -2893.85    , array([ 0.157966   ,  0.463816   ,  2.28393    ,  4.55484    ])
1744    , -2829.87    , array([ 0.157966   ,  0.463816   ,  2.19585    ,  4.91356    ])
1745    , -2725.92    , array([ 0.150844   ,  0.454992   ,  2.11117    ,  4.7308     ])
1746    , -2645.67    , array([ 0.147404   ,  0.450644   ,  2.02975    ,  4.82132    ])
1747    , -2696.1     , array([ 0.145714   ,  0.448485   ,  2.11117    ,  4.34406    ])
likelihood = -2645.67
theta = 561.9
Optimized parameters = [0.14740392 0.45064362 2.02975123 4.82131555]

Round_1_Replicate_2
1748    , -2979.48    , array([ 6.93173    ,  0.617978   ,  0.430655   ,  1.15034    ])
1749    , -3017.01    , array([ 7.63632    ,  0.617978   ,  0.430655   ,  1.15034    ])
1750    , -2946.76    , array([ 6.93173    ,  0.603283   ,  0.430655   ,  1.15034    ])
1751    , -2922.49    , array([ 6.93173    ,  0.617978   ,  0.412891   ,  1.15034    ])
1752    , -2977.72    , array([ 6.93173    ,  0.617978   ,  0.430655   ,  1.15842    ])
1753    , -2893.9     , array([ 6.29216    ,  0.610586   ,  0.42168    ,  1.15437    ])
1754    , -2829.36    , array([ 5.7116     ,  0.606924   ,  0.417262   ,  1.15639    ])
1755    , -2860.04    , array([ 6.29216    ,  0.605101   ,  0.415071   ,  1.15741    ])
likelihood = -2829.36
theta = 153.25
Optimized parameters = [5.71159833 0.60692386 0.41726245 1.15639486]

Round_1_Replicate_3
1756    , -4898.13    , array([ 7.29949    ,  0.134117   ,  7.83136    ,  1.14936    ])
1757    , -4902.42    , array([ 8.06226    ,  0.134117   ,  7.83136    ,  1.14936    ])
1758    , -4735.67    , array([ 7.29949    ,  0.121299   ,  7.83136    ,  1.14936    ])
1759    , -5066.12    , array([ 7.29949    ,  0.134117   ,  8.68019    ,  1.14936    ])
1760    , -4897.81    , array([ 7.29949    ,  0.134117   ,  7.83136    ,  1.15738    ])
1761    , -4655.31    , array([ 7.6714     ,  0.127547   ,  7.06554    ,  1.15336    ])
1762    , -5159.62    , array([ 7.8644     ,  0.124384   ,  6.37461    ,  1.15537    ])
1763    , -5444.37    , array([ 6.77515    ,  0.124384   ,  7.4386     ,  1.15537    ])
1764    , -4848.94    , array([ 7.7192     ,  0.131614   ,  7.73127    ,  1.15086    ])
likelihood = -4655.31
theta = 322.33
Optimized parameters = [7.67139979 0.12754696 7.06554062 1.15336379]

Round_1_Replicate_4
1765    , -9262.11    , array([ 1.31831    ,  7.25145    ,  5.89874    ,  0.411885   ])
1766    , -9279.05    , array([ 1.33665    ,  7.25145    ,  5.89874    ,  0.411885   ])
1767    , -9283.78    , array([ 1.31831    ,  8.00656    ,  5.89874    ,  0.411885   ])
1768    , -9372.71    , array([ 1.31831    ,  7.25145    ,  6.4461     ,  0.411885   ])
1769    , -9253.31    , array([ 1.31831    ,  7.25145    ,  5.89874    ,  0.394016   ])
1770    , -9161.5     , array([ 1.32744    ,  7.61966    ,  5.39785    ,  0.402851   ])
1771    , -9048.48    , array([ 1.33204    ,  7.81071    ,  4.9395     ,  0.398409   ])
1772    , -9137       , array([ 1.33434    ,  6.81611    ,  5.39785    ,  0.396207   ])
likelihood = -9048.48
theta = 206.16
Optimized parameters = [1.33203827 7.81071417 4.93950165 0.39840937]

Round_1_Replicate_5
1773    , -2150.51    , array([ 0.128751   ,  1.57527    ,  0.312802   ,  1.43836    ])
1774    , -2195.25    , array([ 0.116209   ,  1.57527    ,  0.312802   ,  1.43836    ])
1775    , -2169.52    , array([ 0.128751   ,  1.61147    ,  0.312802   ,  1.43836    ])
1776    , -2121.59    , array([ 0.128751   ,  1.57527    ,  0.295143   ,  1.43836    ])
1777    , -2150.68    , array([ 0.128751   ,  1.57527    ,  0.312802   ,  1.46474    ])
1778    , -2102.99    , array([ 0.142647   ,  1.59327    ,  0.303844   ,  1.45149    ])
1779    , -2060.66    , array([ 0.158043   ,  1.60234    ,  0.299462   ,  1.4581     ])
1780    , -2070.17    , array([ 0.142647   ,  1.55306    ,  0.297295   ,  1.46142    ])
likelihood = -2060.66
theta = 248.95
Optimized parameters = [0.15804342 1.60234436 0.29946213 1.45809981]

Round_1_Replicate_6
1781    , -2296.24    , array([ 0.2709     ,  0.439638   ,  0.221822   ,  0.150736   ])
1782    , -2234.98    , array([ 0.253775   ,  0.439638   ,  0.221822   ,  0.150736   ])
1783    , -2252.48    , array([ 0.2709     ,  0.421939   ,  0.221822   ,  0.150736   ])
1784    , -2285.34    , array([ 0.2709     ,  0.439638   ,  0.205733   ,  0.150736   ])
1785    , -2468.2     , array([ 0.2709     ,  0.439638   ,  0.221822   ,  0.137129   ])
1786    , -2079.42    , array([ 0.262198   ,  0.430698   ,  0.213626   ,  0.165694   ])
1787    , -1905.45    , array([ 0.257952   ,  0.426296   ,  0.209642   ,  0.182136   ])
1788    , -2039.02    , array([ 0.255855   ,  0.424112   ,  0.207679   ,  0.165694   ])
likelihood = -1905.45
theta = 394.86
Optimized parameters = [0.25795225 0.42629615 0.20964243 0.18213582]

Round_1_Replicate_7
1789    , -5820.42    , array([ 4.04988    ,  0.412055   ,  2.37586    ,  0.13095    ])
1790    , -5838.47    , array([ 4.34325    ,  0.412055   ,  2.37586    ,  0.13095    ])
1791    , -5718.15    , array([ 4.04988    ,  0.394188   ,  2.37586    ,  0.13095    ])
1792    , -5874.49    , array([ 4.04988    ,  0.412055   ,  2.48091    ,  0.13095    ])
1793    , -5942.36    , array([ 4.04988    ,  0.412055   ,  2.37586    ,  0.118294   ])
1794    , -5698.63    , array([ 4.194      ,  0.403022   ,  2.42781    ,  0.144961   ])
1795    , -5600.68    , array([ 4.26797    ,  0.39858    ,  2.45422    ,  0.160471   ])
1796    , -5601.92    , array([ 4.30545    ,  0.396378   ,  2.31247    ,  0.144961   ])
likelihood = -5600.68
theta = 292.59
Optimized parameters = [4.26797368 0.39858049 2.45421848 0.16047084]

Round_1_Replicate_8
1797    , -4922.97    , array([ 0.38469    ,  0.274082   ,  5.61005    ,  6.42424    ])
1798    , -4873.85    , array([ 0.366747   ,  0.274082   ,  5.61005    ,  6.42424    ])
1799    , -4830.35    , array([ 0.38469    ,  0.256906   ,  5.61005    ,  6.42424    ])
1800    , -5134.38    , array([ 0.38469    ,  0.274082   ,  6.11527    ,  6.42424    ])
1801    , -4922.98    , array([ 0.38469    ,  0.274082   ,  5.61005    ,  7.05038    ])
1802    , -4641.96    , array([ 0.375612   ,  0.265355   ,  5.14658    ,  6.73003    ])
1803    , -4398.14    , array([ 0.371153   ,  0.261097   ,  4.7214     ,  6.88835    ])
1804    , -4589.4     , array([ 0.368944   ,  0.258993   ,  5.14658    ,  6.06146    ])
likelihood = -4398.14
theta = 519.73
Optimized parameters = [0.37115312 0.2610968  4.72139538 6.88834652]

Round_1_Replicate_9
1805    , -6136.02    , array([ 1.29282    ,  1.92531    ,  1.81458    ,  5.2243     ])
1806    , -6153.02    , array([ 1.30953    ,  1.92531    ,  1.81458    ,  5.2243     ])
1807    , -6172.89    , array([ 1.29282    ,  1.98942    ,  1.81458    ,  5.2243     ])
1808    , -6205.47    , array([ 1.29282    ,  1.92531    ,  1.86945    ,  5.2243     ])
1809    , -6128.22    , array([ 1.29282    ,  1.92531    ,  1.81458    ,  5.67452    ])
1810    , -6089.45    , array([ 1.30115    ,  1.95711    ,  1.76131    ,  5.44476    ])
1811    , -6031.24    , array([ 1.30534    ,  1.9732     ,  1.70961    ,  5.55845    ])
1812    , -6050.51    , array([ 1.30743    ,  1.8863     ,  1.76131    ,  5.61619    ])
likelihood = -6031.24
theta = 116.25
Optimized parameters = [1.3053356  1.97319762 1.70961421 5.5584518 ]

Round_1_Replicate_10
1813    , -7641.83    , array([ 1.06468    ,  2.40767    ,  3.82031    ,  6.59757    ])
1814    , -7645.93    , array([ 1.06802    ,  2.40767    ,  3.82031    ,  6.59757    ])
1815    , -7672.55    , array([ 1.06468    ,  2.51581    ,  3.82031    ,  6.59757    ])
1816    , -7771.25    , array([ 1.06468    ,  2.40767    ,  4.08511    ,  6.59757    ])
1817    , -7635.97    , array([ 1.06468    ,  2.40767    ,  3.82031    ,  7.25025    ])
1818    , -7526.19    , array([ 1.06635    ,  2.46115    ,  3.57268    ,  6.91621    ])
1819    , -7402.12    , array([ 1.06718    ,  2.48833    ,  3.34109    ,  7.08126    ])
1820    , -7490       , array([ 1.0676     ,  2.34246    ,  3.57268    ,  7.16526    ])
likelihood = -7402.12
theta = 115.62
Optimized parameters = [1.067181   2.48832554 3.34109413 7.08126342]

Round_2_Replicate_1
1821    , -2903.39    , array([ 0.0670374  ,  0.453834   ,  0.377088   ,  0.0472197  ])
1822    , -2782.72    , array([ 0.0585644  ,  0.453834   ,  0.377088   ,  0.0472197  ])
1823    , -2882.26    , array([ 0.0670374  ,  0.436256   ,  0.377088   ,  0.0472197  ])
1824    , -2899.4     , array([ 0.0670374  ,  0.453834   ,  0.359141   ,  0.0472197  ])
1825    , -3143.29    , array([ 0.0670374  ,  0.453834   ,  0.377088   ,  0.0405349  ])
1826    , -2631.93    , array([ 0.0626578  ,  0.444958   ,  0.368005   ,  0.0550069  ])
1827    , -2444.76    , array([ 0.0605765  ,  0.440586   ,  0.363546   ,  0.0640783  ])
1828    , -2590.52    , array([ 0.0595619  ,  0.438415   ,  0.361337   ,  0.0550069  ])
1829    , -2478.61    , array([ 0.0561429  ,  0.430904   ,  0.380552   ,  0.0593696  ])
1830    , -2379.76    , array([ 0.0513787  ,  0.445508   ,  0.3641     ,  0.0665709  ])
1831    , -2311.99    , array([ 0.0449796  ,  0.450207   ,  0.357775   ,  0.0790433  ])
likelihood = -2311.99
theta = 451.03
Optimized parameters = [0.04497963 0.45020672 0.35777524 0.07904326]

Round_2_Replicate_2
1832    , -831.881    , array([ 0.0862579  ,  0.195099   ,  0.140414   ,  0.646397   ])
1833    , -900.689    , array([ 0.0763113  ,  0.195099   ,  0.140414   ,  0.646397   ])
1834    , -802.882    , array([ 0.0862579  ,  0.179791   ,  0.140414   ,  0.646397   ])
1835    , -846.474    , array([ 0.0862579  ,  0.195099   ,  0.127286   ,  0.646397   ])
1836    , -832.964    , array([ 0.0862579  ,  0.195099   ,  0.140414   ,  0.632447   ])
1837    , -757.744    , array([ 0.0975009  ,  0.187288   ,  0.133689   ,  0.639384   ])
1838    , -689.221    , array([ 0.110209   ,  0.183501   ,  0.130449   ,  0.635906   ])
1839    , -731.582    , array([ 0.0975009  ,  0.181636   ,  0.149298   ,  0.634174   ])
1840    , -696.676    , array([ 0.103661   ,  0.175258   ,  0.139555   ,  0.649046   ])
1841    , -633.282    , array([ 0.113637   ,  0.166107   ,  0.139128   ,  0.63634    ])
1842    , -543.377    , array([ 0.130432   ,  0.15327    ,  0.138489   ,  0.63137    ])
likelihood = -543.38
theta = 596.46
Optimized parameters = [0.13043155 0.15326952 0.13848936 0.6313699 ]

Round_2_Replicate_3
1843    , -2107.01    , array([ 0.337265   ,  0.432213   ,  0.558309   ,  0.226069   ])
1844    , -2063.25    , array([ 0.319426   ,  0.432213   ,  0.558309   ,  0.226069   ])
1845    , -2059.1     , array([ 0.337265   ,  0.41446    ,  0.558309   ,  0.226069   ])
1846    , -2092.74    , array([ 0.337265   ,  0.432213   ,  0.542274   ,  0.226069   ])
1847    , -2207.71    , array([ 0.337265   ,  0.432213   ,  0.558309   ,  0.209871   ])
1848    , -1961.01    , array([ 0.328224   ,  0.423243   ,  0.550233   ,  0.243516   ])
1849    , -1849.29    , array([ 0.323795   ,  0.418829   ,  0.546239   ,  0.262311   ])
1850    , -1923.01    , array([ 0.321603   ,  0.416639   ,  0.544253   ,  0.243516   ])
1851    , -1858.15    , array([ 0.314047   ,  0.409063   ,  0.561368   ,  0.252739   ])
1852    , -1783.23    , array([ 0.328782   ,  0.397958   ,  0.546737   ,  0.267232   ])
1853    , -1653.64    , array([ 0.333563   ,  0.381862   ,  0.541041   ,  0.290544   ])
likelihood = -1653.64
theta = 392.26
Optimized parameters = [0.33356261 0.38186185 0.54104064 0.29054411]

Round_2_Replicate_4
1854    , -4198.94    , array([ 0.356538   ,  1.07489    ,  0.120115   ,  0.105822   ])
1855    , -4107.72    , array([ 0.338618   ,  1.07489    ,  0.120115   ,  0.105822   ])
1856    , -4201.74    , array([ 0.356538   ,  1.07878    ,  0.120115   ,  0.105822   ])
1857    , -4192.02    , array([ 0.356538   ,  1.07489    ,  0.108038   ,  0.105822   ])
1858    , -4471.24    , array([ 0.356538   ,  1.07489    ,  0.120115   ,  0.0945811  ])
1859    , -3887.48    , array([ 0.347462   ,  1.07683    ,  0.113917   ,  0.118399   ])
1860    , -3610.89    , array([ 0.343012   ,  1.0778     ,  0.110939   ,  0.13247    ])
1861    , -3848.71    , array([ 0.340808   ,  1.07247    ,  0.109479   ,  0.118399   ])
1862    , -3682.22    , array([ 0.333205   ,  1.07513    ,  0.104519   ,  0.125237   ])
1863    , -3450.56    , array([ 0.322118   ,  1.07525    ,  0.114295   ,  0.136242   ])
1864    , -3119.51    , array([ 0.306176   ,  1.07543    ,  0.117557   ,  0.154589   ])
likelihood = -3119.51
theta = 339.12
Optimized parameters = [0.30617575 1.07543452 0.11755736 0.15458892]

Round_2_Replicate_5
1865    , -3073.32    , array([ 0.41518    ,  0.676697   ,  0.460001   ,  0.182713   ])
1866    , -3019.05    , array([ 0.397327   ,  0.676697   ,  0.460001   ,  0.182713   ])
1867    , -3051.59    , array([ 0.41518    ,  0.663611   ,  0.460001   ,  0.182713   ])
1868    , -3058.06    , array([ 0.41518    ,  0.676697   ,  0.442484   ,  0.182713   ])
1869    , -3230.28    , array([ 0.41518    ,  0.676697   ,  0.460001   ,  0.167826   ])
1870    , -2879.37    , array([ 0.406156   ,  0.670122   ,  0.451158   ,  0.198922   ])
1871    , -2717.32    , array([ 0.401717   ,  0.666859   ,  0.4468     ,  0.216568   ])
1872    , -2846.19    , array([ 0.399516   ,  0.665233   ,  0.444636   ,  0.198922   ])
1873    , -2762.04    , array([ 0.391907   ,  0.659574   ,  0.463362   ,  0.207557   ])
1874    , -2632.14    , array([ 0.380765   ,  0.670531   ,  0.447342   ,  0.221218   ])
1875    , -2447.07    , array([ 0.364642   ,  0.674018   ,  0.441143   ,  0.243415   ])
likelihood = -2447.07
theta = 346.22
Optimized parameters = [0.36464219 0.67401795 0.44114346 0.2434146 ]

Round_2_Replicate_6
1876    , -7375.18    , array([ 0.830664   ,  1.31087    ,  0.120342   ,  0.0548242  ])
1877    , -7362.76    , array([ 0.822994   ,  1.31087    ,  0.120342   ,  0.0548242  ])
1878    , -7387.45    , array([ 0.830664   ,  1.32873    ,  0.120342   ,  0.0548242  ])
1879    , -7372.41    , array([ 0.830664   ,  1.31087    ,  0.108253   ,  0.0548242  ])
1880    , -7675.22    , array([ 0.830664   ,  1.31087    ,  0.120342   ,  0.0474155  ])
1881    , -7056.83    , array([ 0.82682    ,  1.31977    ,  0.114138   ,  0.0633904  ])
1882    , -6725.19    , array([ 0.824905   ,  1.32424    ,  0.111156   ,  0.0732951  ])
1883    , -7036.2     , array([ 0.823949   ,  1.29982    ,  0.109695   ,  0.0633904  ])
1884    , -6873.68    , array([ 0.820611   ,  1.31198    ,  0.10473    ,  0.0681631  ])
1885    , -6616.07    , array([ 0.815631   ,  1.31253    ,  0.114516   ,  0.0760042  ])
1886    , -6214.07    , array([ 0.808217   ,  1.31336    ,  0.117782   ,  0.0894892  ])
likelihood = -6214.07
theta = 317.27
Optimized parameters = [0.80821688 1.31336356 0.11778207 0.08948917]

Round_2_Replicate_7
1887    , -640.906    , array([ 0.101411   ,  0.142143   ,  0.100767   ,  0.282361   ])
1888    , -716.327    , array([ 0.0904456  ,  0.142143   ,  0.100767   ,  0.282361   ])
1889    , -595.019    , array([ 0.101411   ,  0.128932   ,  0.100767   ,  0.282361   ])
1890    , -646.841    , array([ 0.101411   ,  0.142143   ,  0.0898434  ,  0.282361   ])
1891    , -639.64     , array([ 0.101411   ,  0.142143   ,  0.100767   ,  0.26506    ])
1892    , -552.904    , array([ 0.113705   ,  0.135376   ,  0.0951488  ,  0.273574   ])
1893    , -488.729    , array([ 0.12749    ,  0.132115   ,  0.092458   ,  0.269283   ])
1894    , -530.918    , array([ 0.113705   ,  0.130514   ,  0.10826    ,  0.267164   ])
1895    , -487.162    , array([ 0.1204     ,  0.125061   ,  0.100047   ,  0.259874   ])
1896    , -428.271    , array([ 0.131189   ,  0.117306   ,  0.0996892  ,  0.249312   ])
1897    , -397.002    , array([ 0.136941   ,  0.113611   ,  0.0995107  ,  0.268487   ])
1898    , -320.611    , array([ 0.159133   ,  0.101571   ,  0.0988882  ,  0.270216   ])
likelihood = -320.61
theta = 623.41
Optimized parameters = [0.15913317 0.1015706  0.09888817 0.27021617]

Round_2_Replicate_8
1899    , -1551.11    , array([ 0.709234   ,  0.467306   ,  0.117399   ,  0.382779   ])
1900    , -1539.73    , array([ 0.697155   ,  0.467306   ,  0.117399   ,  0.382779   ])
1901    , -1508.68    , array([ 0.709234   ,  0.449865   ,  0.117399   ,  0.382779   ])
1902    , -1534.54    , array([ 0.709234   ,  0.467306   ,  0.105475   ,  0.382779   ])
1903    , -1617.78    , array([ 0.709234   ,  0.467306   ,  0.117399   ,  0.364834   ])
1904    , -1452.25    , array([ 0.703169   ,  0.458503   ,  0.111277   ,  0.401607   ])
1905    , -1374.52    , array([ 0.700155   ,  0.454163   ,  0.108337   ,  0.42136    ])
1906    , -1426.75    , array([ 0.698653   ,  0.452009   ,  0.106896   ,  0.401607   ])
1907    , -1383.01    , array([ 0.711522   ,  0.444549   ,  0.102003   ,  0.411365   ])
1908    , -1317.08    , array([ 0.700531   ,  0.433589   ,  0.111651   ,  0.426449   ])
1909    , -1218.6     , array([ 0.69622    ,  0.417654   ,  0.114873   ,  0.450117   ])
likelihood = -1218.6
theta = 320.86
Optimized parameters = [0.69621979 0.41765377 0.11487269 0.45011735]

Round_2_Replicate_9
1910    , -1985.88    , array([ 0.33001    ,  1.50618    ,  0.0810831  ,  0.40805    ])
1911    , -1961.68    , array([ 0.312215   ,  1.50618    ,  0.0810831  ,  0.40805    ])
1912    , -1998.96    , array([ 0.33001    ,  1.53735    ,  0.0810831  ,  0.40805    ])
1913    , -1972.34    , array([ 0.33001    ,  1.50618    ,  0.0715117  ,  0.40805    ])
1914    , -2028.56    , array([ 0.33001    ,  1.50618    ,  0.0810831  ,  0.390165   ])
1915    , -1933.53    , array([ 0.32099    ,  1.52168    ,  0.0761472  ,  0.426754   ])
1916    , -1891.38    , array([ 0.316572   ,  1.52949    ,  0.073793   ,  0.446315   ])
1917    , -1906.25    , array([ 0.314386   ,  1.48703    ,  0.0726434  ,  0.426754   ])
1918    , -1883.55    , array([ 0.306854   ,  1.50811    ,  0.0687589  ,  0.436425   ])
1919    , -1841.48    , array([ 0.295892   ,  1.50908    ,  0.0633182  ,  0.451344   ])
1920    , -1839.48    , array([ 0.290559   ,  1.50956    ,  0.0733598  ,  0.458994   ])
1921    , -1795.43    , array([ 0.272638   ,  1.51125    ,  0.0743017  ,  0.486804   ])
likelihood = -1795.43
theta = 290.04
Optimized parameters = [0.27263813 1.51125161 0.07430172 0.48680373]

Round_2_Replicate_10
1922    , -2542.74    , array([ 0.527061   ,  0.243086   ,  0.605288   ,  0.136219   ])
1923    , -2518.74    , array([ 0.510451   ,  0.243086   ,  0.605288   ,  0.136219   ])
1924    , -2432.7     , array([ 0.527061   ,  0.22649    ,  0.605288   ,  0.136219   ])
1925    , -2533.22    , array([ 0.527061   ,  0.243086   ,  0.590283   ,  0.136219   ])
1926    , -2726.24    , array([ 0.527061   ,  0.243086   ,  0.605288   ,  0.123296   ])
1927    , -2300.94    , array([ 0.51869    ,  0.234641   ,  0.597739   ,  0.150496   ])
1928    , -2109.05    , array([ 0.514554   ,  0.230529   ,  0.593999   ,  0.16627    ])
1929    , -2249.54    , array([ 0.512498   ,  0.2285     ,  0.592138   ,  0.150496   ])
1930    , -2126.8     , array([ 0.505369   ,  0.221539   ,  0.608144   ,  0.158187   ])
1931    , -1960.31    , array([ 0.519209   ,  0.211493   ,  0.594465   ,  0.170465   ])
1932    , -1722.17    , array([ 0.523644   ,  0.197271   ,  0.589127   ,  0.190693   ])
likelihood = -1722.17
theta = 390.77
Optimized parameters = [0.52364423 0.19727123 0.58912667 0.19069323]

Round_3_Replicate_1
1933    , -182.717    , array([ 0.281148   ,  0.0631419  ,  0.185384   ,  0.762519   ])
1934    , -188.996    , array([ 0.263865   ,  0.0631419  ,  0.185384   ,  0.762519   ])
1935    , -179.794    , array([ 0.281148   ,  0.0549963  ,  0.185384   ,  0.762519   ])
1936    , -188.833    , array([ 0.281148   ,  0.0631419  ,  0.170403   ,  0.762519   ])
1937    , -182.691    , array([ 0.281148   ,  0.0631419  ,  0.185384   ,  0.752252   ])
1938    , -179.796    , array([ 0.299563   ,  0.0589285  ,  0.177736   ,  0.757368   ])
1939    , -174.312    , array([ 0.290209   ,  0.0569284  ,  0.197478   ,  0.754806   ])
1940    , -169.26     , array([ 0.294849   ,  0.0540549  ,  0.212589   ,  0.750978   ])
1941    , -173.38     , array([ 0.297197   ,  0.052673   ,  0.194383   ,  0.749072   ])
1942    , -171.053    , array([ 0.305561   ,  0.0481087  ,  0.199045   ,  0.757689   ])
1943    , -166.522    , array([ 0.289635   ,  0.0465763  ,  0.219704   ,  0.75273    ])
1944    , -161.836    , array([ 0.284794   ,  0.041408   ,  0.244269   ,  0.750422   ])
1945    , -165.059    , array([ 0.3106     ,  0.0433045  ,  0.241789   ,  0.741691   ])
1946    , -161.691    , array([ 0.300381   ,  0.0409968  ,  0.257182   ,  0.751276   ])
1947    , -161.914    , array([ 0.301985   ,  0.0361685  ,  0.295823   ,  0.752381   ])
1948    , -158.865    , array([ 0.28967    ,  0.041436   ,  0.285491   ,  0.739582   ])
1949    , -158.836    , array([ 0.282038   ,  0.0384551  ,  0.341912   ,  0.730692   ])
1950    , -164.16     , array([ 0.2936     ,  0.0311047  ,  0.338991   ,  0.736044   ])
likelihood = -158.84
theta = 583.17
Optimized parameters = [0.28203762 0.03845515 0.34191204 0.73069219]

Round_3_Replicate_2
1951    , -1446.01    , array([ 0.0458528  ,  0.0515445  ,  0.0306486  ,  1.01459    ])
1952    , -1550.1     , array([ 0.0393038  ,  0.0515445  ,  0.0306486  ,  1.01459    ])
1953    , -1451.77    , array([ 0.0458528  ,  0.0444418  ,  0.0306486  ,  1.01459    ])
1954    , -1476.56    , array([ 0.0458528  ,  0.0515445  ,  0.0257473  ,  1.01459    ])
1955    , -1446.19    , array([ 0.0458528  ,  0.0515445  ,  0.0306486  ,  1.01532    ])
1956    , -1362.03    , array([ 0.0534931  ,  0.0478616  ,  0.0280912  ,  1.01495    ])
1957    , -1270.61    , array([ 0.0624064  ,  0.04612    ,  0.0268937  ,  1.01514    ])
1958    , -1328.23    , array([ 0.0534931  ,  0.0452731  ,  0.0341751  ,  1.01523    ])
1959    , -1294.5     , array([ 0.0577781  ,  0.0529975  ,  0.0303166  ,  1.01555    ])
1960    , -1225.73    , array([ 0.0648578  ,  0.0463342  ,  0.030152   ,  1.01493    ])
1961    , -1120.24    , array([ 0.0771366  ,  0.04393    ,  0.0299067  ,  1.01474    ])
1962    , -1069.14    , array([ 0.084122   ,  0.0427751  ,  0.0297848  ,  1.01574    ])
1963    , -897.754    , array([ 0.113941   ,  0.0389668  ,  0.029362   ,  1.01632    ])
1964    , -962.848    , array([ 0.105237   ,  0.0451814  ,  0.024759   ,  1.01564    ])
1965    , -846.507    , array([ 0.131494   ,  0.0356367  ,  0.0252225  ,  1.01536    ])
1966    , -656.949    , array([ 0.198371   ,  0.0292225  ,  0.0230061  ,  1.01527    ])
1967    , -588.77     , array([ 0.217053   ,  0.032597   ,  0.0262975  ,  1.01585    ])
1968    , -382.998    , array([ 0.404794   ,  0.0274045  ,  0.0260043  ,  1.0162     ])
1969    , -399.083    , array([ 0.402273   ,  0.0270294  ,  0.0220514  ,  1.01698    ])
likelihood = -383.0
theta = 435.53
Optimized parameters = [0.4047937  0.02740449 0.02600431 1.0161998 ]

Round_3_Replicate_3
1970    , -254.285    , array([ 0.130939   ,  0.0689401  ,  0.207207   ,  0.239658   ])
1971    , -278.718    , array([ 0.118283   ,  0.0689401  ,  0.207207   ,  0.239658   ])
1972    , -235.449    , array([ 0.130939   ,  0.0603108  ,  0.207207   ,  0.239658   ])
1973    , -256.867    , array([ 0.130939   ,  0.0689401  ,  0.191524   ,  0.239658   ])
1974    , -254.815    , array([ 0.130939   ,  0.0689401  ,  0.207207   ,  0.223137   ])
1975    , -230.942    , array([ 0.144949   ,  0.0644812  ,  0.199211   ,  0.23125    ])
1976    , -224.172    , array([ 0.160458   ,  0.0623612  ,  0.19533    ,  0.227157   ])
1977    , -223.745    , array([ 0.144949   ,  0.0613274  ,  0.217654   ,  0.225138   ])
1978    , -217.025    , array([ 0.152506   ,  0.0578424  ,  0.232026   ,  0.218212   ])
1979    , -208.944    , array([ 0.156432   ,  0.0561749  ,  0.212889   ,  0.239124   ])
1980    , -200.956    , array([ 0.170983   ,  0.0507081  ,  0.215788   ,  0.247542   ])
1981    , -210.273    , array([ 0.178759   ,  0.0481776  ,  0.217252   ,  0.226272   ])
1982    , -243.008    , array([ 0.208865   ,  0.0492205  ,  0.222457   ,  0.219862   ])
1983    , -214.379    , array([ 0.147152   ,  0.0573235  ,  0.210918   ,  0.234548   ])
1984    , -195.782    , array([ 0.163221   ,  0.045639   ,  0.245218   ,  0.235704   ])
1985    , -189.298    , array([ 0.164621   ,  0.0390434  ,  0.274755   ,  0.240097   ])
1986    , -194.863    , array([ 0.178422   ,  0.0404255  ,  0.224641   ,  0.257378   ])
1987    , -211.676    , array([ 0.203614   ,  0.0342554  ,  0.255035   ,  0.250834   ])
1988    , -201.248    , array([ 0.187736   ,  0.038961   ,  0.243208   ,  0.24666    ])
1989    , -185.228    , array([ 0.171771   ,  0.0366531  ,  0.261972   ,  0.27147    ])
1990    , -179.072    , array([ 0.16838    ,  0.03197    ,  0.287673   ,  0.29735    ])
likelihood = -179.07
theta = 699.89
Optimized parameters = [0.16838002 0.03197002 0.2876734  0.29734967]

Round_3_Replicate_4
1991    , -320.411    , array([ 0.172279   ,  0.0455117  ,  0.0322043  ,  0.130477   ])
1992    , -297.624    , array([ 0.157777   ,  0.0455117  ,  0.0322043  ,  0.130477   ])
1993    , -308.51     , array([ 0.172279   ,  0.0389968  ,  0.0322043  ,  0.130477   ])
1994    , -320.117    , array([ 0.172279   ,  0.0455117  ,  0.0271212  ,  0.130477   ])
1995    , -362.161    , array([ 0.172279   ,  0.0455117  ,  0.0322043  ,  0.117845   ])
1996    , -275.744    , array([ 0.164869   ,  0.0421285  ,  0.0295537  ,  0.144463   ])
1997    , -258.061    , array([ 0.161284   ,  0.0405324  ,  0.0283113  ,  0.159948   ])
1998    , -268.962    , array([ 0.159521   ,  0.0397572  ,  0.0277099  ,  0.144463   ])
1999    , -258.087    , array([ 0.153501   ,  0.0371588  ,  0.0332584  ,  0.152009   ])
2000    , -245.193    , array([ 0.144894   ,  0.0423324  ,  0.0284637  ,  0.164072   ])
2001    , -254.996    , array([ 0.13288    ,  0.0441057  ,  0.0267597  ,  0.183987   ])
2002    , -264.478    , array([ 0.151614   ,  0.0349827  ,  0.0267597  ,  0.183987   ])
2003    , -258.471    , array([ 0.146194   ,  0.0375647  ,  0.030562   ,  0.187533   ])
2004    , -256.25     , array([ 0.151043   ,  0.0442389  ,  0.0338211  ,  0.14866    ])
2005    , -299.13     , array([ 0.15922    ,  0.0447086  ,  0.0311521  ,  0.129855   ])
2006    , -249.645    , array([ 0.149347   ,  0.0392358  ,  0.0307085  ,  0.17107    ])
2007    , -245.215    , array([ 0.149575   ,  0.0464429  ,  0.0275073  ,  0.169951   ])
likelihood = -245.19
theta = 663.37
Optimized parameters = [0.14489382 0.04233236 0.02846371 0.16407246]

Round_3_Replicate_5
2008    , -469.486    , array([ 0.262416   ,  0.221988   ,  0.0295284  ,  0.693779   ])
2009    , -496.191    , array([ 0.245437   ,  0.221988   ,  0.0295284  ,  0.693779   ])
2010    , -450.838    , array([ 0.262416   ,  0.205895   ,  0.0295284  ,  0.693779   ])
2011    , -477.361    , array([ 0.262416   ,  0.221988   ,  0.02476    ,  0.693779   ])
2012    , -467.615    , array([ 0.262416   ,  0.221988   ,  0.0295284  ,  0.681212   ])
2013    , -438.928    , array([ 0.280569   ,  0.21379    ,  0.0270393  ,  0.687467   ])
2014    , -414.921    , array([ 0.299979   ,  0.209805   ,  0.0258746  ,  0.684333   ])
2015    , -423.016    , array([ 0.280569   ,  0.207841   ,  0.0329643  ,  0.682771   ])
2016    , -409.489    , array([ 0.290112   ,  0.201109   ,  0.0292051  ,  0.677332   ])
2017    , -384.295    , array([ 0.305038   ,  0.191418   ,  0.0290448  ,  0.669255   ])
2018    , -375.161    , array([ 0.312786   ,  0.186749   ,  0.028965   ,  0.683747   ])
2019    , -342.76     , array([ 0.341489   ,  0.171287   ,  0.0286874  ,  0.685017   ])
2020    , -346.403    , array([ 0.356813   ,  0.183646   ,  0.0285495  ,  0.667108   ])
2021    , -333.767    , array([ 0.376348   ,  0.17101    ,  0.0237997  ,  0.670044   ])
2022    , -318.507    , array([ 0.435878   ,  0.15512    ,  0.0202225  ,  0.66377    ])
2023    , -305.565    , array([ 0.424304   ,  0.145667   ,  0.0268055  ,  0.658395   ])
2024    , -304.8      , array([ 0.504626   ,  0.121377   ,  0.0272834  ,  0.645796   ])
2025    , -317.027    , array([ 0.536689   ,  0.127137   ,  0.0231442  ,  0.661323   ])
2026    , -321.076    , array([ 0.562699   ,  0.11026    ,  0.0211999  ,  0.660569   ])
likelihood = -304.8
theta = 411.99
Optimized parameters = [0.50462627 0.12137655 0.02728338 0.64579647]

Round_4_Replicate_1
2027    , -208.48     , array([ 0.377533   ,  0.0616041  ,  0.298218   ,  0.744924   ])
2028    , -198.334    , array([ 0.359586   ,  0.0616041  ,  0.298218   ,  0.744924   ])
2029    , -202.653    , array([ 0.377533   ,  0.0535908  ,  0.298218   ,  0.744924   ])
2030    , -202.673    , array([ 0.377533   ,  0.0616041  ,  0.280712   ,  0.744924   ])
2031    , -209.975    , array([ 0.377533   ,  0.0616041  ,  0.298218   ,  0.734037   ])
2032    , -195.879    , array([ 0.36845    ,  0.0574579  ,  0.289333   ,  0.755974   ])
2033    , -189.775    , array([ 0.363991   ,  0.0554907  ,  0.28499    ,  0.767187   ])
2034    , -188.812    , array([ 0.361782   ,  0.0545324  ,  0.282843   ,  0.755974   ])
2035    , -181.326    , array([ 0.354154   ,  0.0513071  ,  0.275455   ,  0.761559   ])
2036    , -183.153    , array([ 0.350401   ,  0.0497667  ,  0.297655   ,  0.764368   ])
2037    , -175.829    , array([ 0.337575   ,  0.0551294  ,  0.279917   ,  0.774279   ])
2038    , -167.987    , array([ 0.319212   ,  0.0559152  ,  0.271192   ,  0.789387   ])
2039    , -167.514    , array([ 0.333934   ,  0.0456902  ,  0.266932   ,  0.797052   ])
2040    , -162.891    , array([ 0.321803   ,  0.0393487  ,  0.252542   ,  0.824467   ])
2041    , -160.574    , array([ 0.310186   ,  0.0427138  ,  0.262941   ,  0.802295   ])
2042    , -159.604    , array([ 0.286345   ,  0.0374751  ,  0.252565   ,  0.820447   ])
2043    , -162.431    , array([ 0.291279   ,  0.0413286  ,  0.231902   ,  0.83427    ])
2044    , -170.726    , array([ 0.261361   ,  0.035979   ,  0.229929   ,  0.876408   ])
2045    , -161.388    , array([ 0.281987   ,  0.0393171  ,  0.240551   ,  0.846166   ])
2046    , -180.649    , array([ 0.27254    ,  0.0276837  ,  0.219954   ,  0.875393   ])
2047    , -160.266    , array([ 0.306843   ,  0.0469033  ,  0.25736    ,  0.810062   ])
2048    , -164.48     , array([ 0.263987   ,  0.0429496  ,  0.238439   ,  0.830791   ])
2049    , -160.338    , array([ 0.306259   ,  0.0402196  ,  0.24894    ,  0.826044   ])
2050    , -157.862    , array([ 0.299055   ,  0.0403396  ,  0.269032   ,  0.816972   ])
2051    , -158.464    , array([ 0.303021   ,  0.0398539  ,  0.28977    ,  0.808458   ])
2052    , -163.084    , array([ 0.318122   ,  0.0429512  ,  0.274283   ,  0.791469   ])
2053    , -159.276    , array([ 0.290617   ,  0.0401957  ,  0.248574   ,  0.832148   ])
2054    , -156.973    , array([ 0.285332   ,  0.041975   ,  0.264845   ,  0.813739   ])
2055    , -155.953    , array([ 0.275411   ,  0.0428813  ,  0.273174   ,  0.807655   ])
2056    , -159.205    , array([ 0.269808   ,  0.0344158  ,  0.263934   ,  0.828559   ])
likelihood = -155.95
theta = 567.12
Optimized parameters = [0.27541129 0.04288126 0.27317391 0.80765516]

Round_4_Replicate_2
2057    , -243.399    , array([ 0.244337   ,  0.0762602  ,  0.48499    ,  0.531634   ])
2058    , -233.85     , array([ 0.227713   ,  0.0762602  ,  0.48499    ,  0.531634   ])
2059    , -223.963    , array([ 0.244337   ,  0.0670522  ,  0.48499    ,  0.531634   ])
2060    , -237.191    , array([ 0.244337   ,  0.0762602  ,  0.467756   ,  0.531634   ])
2061    , -245.772    , array([ 0.244337   ,  0.0762602  ,  0.48499    ,  0.515102   ])
2062    , -223.147    , array([ 0.235879   ,  0.0715081  ,  0.476295   ,  0.548696   ])
2063    , -213.425    , array([ 0.23176    ,  0.0692443  ,  0.472006   ,  0.566306   ])
2064    , -211.238    , array([ 0.229728   ,  0.0681394  ,  0.469876   ,  0.548696   ])
2065    , -198.373    , array([ 0.222754   ,  0.0644093  ,  0.462497   ,  0.557432   ])
2066    , -198.475    , array([ 0.219347   ,  0.0626215  ,  0.484442   ,  0.561852   ])
2067    , -187.259    , array([ 0.230996   ,  0.0567462  ,  0.466963   ,  0.577599   ])
2068    , -172.216    , array([ 0.232655   ,  0.0489504  ,  0.458203   ,  0.60205    ])
2069    , -173.91     , array([ 0.210071   ,  0.0551434  ,  0.453884   ,  0.614662   ])
2070    , -163.402    , array([ 0.210853   ,  0.0476516  ,  0.457329   ,  0.601159   ])
2071    , -151.569    , array([ 0.201117   ,  0.0395297  ,  0.450163   ,  0.619382   ])
2072    , -153.45     , array([ 0.213326   ,  0.0418637  ,  0.429536   ,  0.636192   ])
2073    , -146.011    , array([ 0.20557    ,  0.0328138  ,  0.433588   ,  0.68504    ])
2074    , -150.314    , array([ 0.197481   ,  0.0234213  ,  0.419818   ,  0.759413   ])
2075    , -147.095    , array([ 0.215634   ,  0.029566   ,  0.431824   ,  0.655861   ])
2076    , -151.577    , array([ 0.187445   ,  0.0258851  ,  0.415259   ,  0.698883   ])
2077    , -149.109    , array([ 0.191626   ,  0.0237998  ,  0.435549   ,  0.693198   ])
2078    , -153.238    , array([ 0.220505   ,  0.0369084  ,  0.461399   ,  0.628445   ])
2079    , -147.147    , array([ 0.195213   ,  0.0282858  ,  0.426342   ,  0.680566   ])
2080    , -154.698    , array([ 0.202475   ,  0.0204443  ,  0.414209   ,  0.743308   ])
2081    , -146.719    , array([ 0.201456   ,  0.0335225  ,  0.440892   ,  0.648278   ])
2082    , -152.482    , array([ 0.217885   ,  0.0402998  ,  0.430725   ,  0.642277   ])
2083    , -146.41     , array([ 0.197878   ,  0.0271492  ,  0.434338   ,  0.680101   ])
likelihood = -146.01
theta = 681.93
Optimized parameters = [0.20556988 0.03281381 0.43358793 0.68504008]

Round_4_Replicate_3
2084    , -323.152    , array([ 0.516734   ,  0.0231313  ,  0.352393   ,  0.864156   ])
2085    , -309.454    , array([ 0.499954   ,  0.0231313  ,  0.352393   ,  0.864156   ])
2086    , -333.174    , array([ 0.516734   ,  0.0191607  ,  0.352393   ,  0.864156   ])
2087    , -313.242    , array([ 0.516734   ,  0.0231313  ,  0.334486   ,  0.864156   ])
2088    , -324.037    , array([ 0.516734   ,  0.0231313  ,  0.352393   ,  0.857871   ])
2089    , -303.875    , array([ 0.508275   ,  0.0279248  ,  0.343323   ,  0.861008   ])
2090    , -293.134    , array([ 0.504097   ,  0.0337117  ,  0.338876   ,  0.859438   ])
2091    , -294.28     , array([ 0.502022   ,  0.0279248  ,  0.336674   ,  0.868108   ])
2092    , -282.215    , array([ 0.494823   ,  0.0306821  ,  0.329079   ,  0.863762   ])
2093    , -265.243    , array([ 0.484219   ,  0.0353369  ,  0.318007   ,  0.863565   ])
2094    , -270.964    , array([ 0.479002   ,  0.0379227  ,  0.338048   ,  0.863467   ])
2095    , -263.082    , array([ 0.484594   ,  0.0485567  ,  0.314272   ,  0.863122   ])
2096    , -262.567    , array([ 0.477091   ,  0.0703514  ,  0.296787   ,  0.862605   ])
2097    , -260.274    , array([ 0.470463   ,  0.063841   ,  0.308846   ,  0.856465   ])
2098    , -279.814    , array([ 0.455435   ,  0.0965282  ,  0.295806   ,  0.850703   ])
2099    , -246.587    , array([ 0.452625   ,  0.0727728  ,  0.292928   ,  0.863608   ])
2100    , -261.526    , array([ 0.428894   ,  0.106921   ,  0.272346   ,  0.865701   ])
2101    , -260.43     , array([ 0.463037   ,  0.089616   ,  0.273347   ,  0.859649   ])
2102    , -339.285    , array([ 0.447918   ,  0.153157   ,  0.269398   ,  0.8576     ])
2103    , -252.225    , array([ 0.474877   ,  0.0509865  ,  0.305089   ,  0.86207    ])
2104    , -241.135    , array([ 0.453554   ,  0.0654911  ,  0.292669   ,  0.858288   ])
2105    , -231.378    , array([ 0.442224   ,  0.0631883  ,  0.290631   ,  0.856138   ])
2106    , -249.109    , array([ 0.456696   ,  0.0431713  ,  0.327658   ,  0.859479   ])
2107    , -226.779    , array([ 0.442863   ,  0.0498343  ,  0.298699   ,  0.86419    ])
2108    , -214.664    , array([ 0.429676   ,  0.0440294  ,  0.293751   ,  0.868078   ])
2109    , -214.462    , array([ 0.417344   ,  0.0579852  ,  0.296705   ,  0.861558   ])
2110    , -200.882    , array([ 0.391247   ,  0.0618369  ,  0.2926     ,  0.861302   ])
2111    , -212.528    , array([ 0.40166    ,  0.0819603  ,  0.26107    ,  0.865072   ])
likelihood = -200.88
theta = 486.2
Optimized parameters = [0.39124655 0.06183691 0.29260029 0.86130246]

Round_4_Replicate_4
2112    , -173.292    , array([ 0.221963   ,  0.0411128  ,  0.252318   ,  0.661379   ])
2113    , -183.361    , array([ 0.20587    ,  0.0411128  ,  0.252318   ,  0.661379   ])
2114    , -174.431    , array([ 0.221963   ,  0.035049   ,  0.252318   ,  0.661379   ])
2115    , -179.801    , array([ 0.221963   ,  0.0411128  ,  0.23553    ,  0.661379   ])
2116    , -172.944    , array([ 0.221963   ,  0.0411128  ,  0.252318   ,  0.647848   ])
2117    , -169.526    , array([ 0.239313   ,  0.03796    ,  0.24378    ,  0.654579   ])
2118    , -167.599    , array([ 0.258019   ,  0.0364755  ,  0.239619   ,  0.651205   ])
2119    , -164.419    , array([ 0.239313   ,  0.0357552  ,  0.263413   ,  0.649524   ])
2120    , -161.012    , array([ 0.24849    ,  0.0333441  ,  0.27857    ,  0.643677   ])
2121    , -162.89     , array([ 0.25321    ,  0.0409083  ,  0.258361   ,  0.640773   ])
2122    , -164.725    , array([ 0.270446   ,  0.0347878  ,  0.261437   ,  0.630711   ])
2123    , -172.395    , array([ 0.298525   ,  0.0320002  ,  0.266119   ,  0.635311   ])
2124    , -165.533    , array([ 0.277208   ,  0.034069   ,  0.2626     ,  0.638423   ])
2125    , -160.84     , array([ 0.266186   ,  0.0348584  ,  0.293352   ,  0.625803   ])
2126    , -162.396    , array([ 0.270366   ,  0.0340769  ,  0.324581   ,  0.613476   ])
2127    , -159.485    , array([ 0.242785   ,  0.0377506  ,  0.282921   ,  0.631992   ])
2128    , -159.81     , array([ 0.227211   ,  0.0397381  ,  0.293663   ,  0.628801   ])
2129    , -157.819    , array([ 0.235786   ,  0.0385127  ,  0.295625   ,  0.640368   ])
2130    , -157.831    , array([ 0.220159   ,  0.0405221  ,  0.31436    ,  0.645252   ])
2131    , -156.055    , array([ 0.243017   ,  0.0317772  ,  0.31999    ,  0.630115   ])
2132    , -154.951    , array([ 0.238076   ,  0.0280071  ,  0.356116   ,  0.624852   ])
2133    , -154.464    , array([ 0.242388   ,  0.0357299  ,  0.335552   ,  0.618032   ])
2134    , -154.271    , array([ 0.239394   ,  0.0369861  ,  0.368275   ,  0.605595   ])
2135    , -151.981    , array([ 0.214585   ,  0.0352054  ,  0.357022   ,  0.625335   ])
2136    , -152.4      , array([ 0.192666   ,  0.0353802  ,  0.393865   ,  0.625101   ])
2137    , -149.395    , array([ 0.221182   ,  0.0313932  ,  0.415848   ,  0.615942   ])
2138    , -150.561    , array([ 0.211113   ,  0.028628   ,  0.504162   ,  0.60807    ])
2139    , -152.714    , array([ 0.220582   ,  0.0277825  ,  0.472015   ,  0.596178   ])
2140    , -152.058    , array([ 0.210282   ,  0.0380505  ,  0.451115   ,  0.596799   ])
likelihood = -149.39
theta = 663.62
Optimized parameters = [0.22118241 0.0313932  0.41584809 0.61594154]

Round_4_Replicate_5
2141    , -209.655    , array([ 0.144548   ,  0.0253215  ,  0.367807   ,  0.863803   ])
2142    , -233.637    , array([ 0.131224   ,  0.0253215  ,  0.367807   ,  0.863803   ])
2143    , -214.943    , array([ 0.144548   ,  0.0210699  ,  0.367807   ,  0.863803   ])
2144    , -219.202    , array([ 0.144548   ,  0.0253215  ,  0.349865   ,  0.863803   ])
2145    , -209.529    , array([ 0.144548   ,  0.0253215  ,  0.367807   ,  0.857503   ])
2146    , -195.928    , array([ 0.159225   ,  0.0230981  ,  0.358724   ,  0.860647   ])
2147    , -182.466    , array([ 0.175392   ,  0.0220607  ,  0.354267   ,  0.859073   ])
2148    , -188.841    , array([ 0.159225   ,  0.0215596  ,  0.379485   ,  0.858288   ])
2149    , -180.302    , array([ 0.167113   ,  0.0262093  ,  0.366659   ,  0.855543   ])
2150    , -167.529    , array([ 0.179684   ,  0.0292316  ,  0.366087   ,  0.851443   ])
2151    , -167.727    , array([ 0.18632    ,  0.0234322  ,  0.365801   ,  0.8494     ])
2152    , -158.262    , array([ 0.211536   ,  0.022541   ,  0.364802   ,  0.851589   ])
2153    , -160.06     , array([ 0.2559     ,  0.0212675  ,  0.363308   ,  0.848648   ])
2154    , -154.088    , array([ 0.221346   ,  0.02707    ,  0.346668   ,  0.847484   ])
2155    , -151.639    , array([ 0.260977   ,  0.0303327  ,  0.331339   ,  0.842133   ])
2156    , -148.216    , array([ 0.245114   ,  0.031021   ,  0.359127   ,  0.838318   ])
2157    , -158.559    , array([ 0.289765   ,  0.0367852  ,  0.361582   ,  0.82813    ])
2158    , -150.144    , array([ 0.26465    ,  0.0336035  ,  0.344617   ,  0.842316   ])
2159    , -177.439    , array([ 0.333045   ,  0.0288808  ,  0.334098   ,  0.83578    ])
2160    , -153.537    , array([ 0.209657   ,  0.0291435  ,  0.357813   ,  0.8475     ])
2161    , -154.28     , array([ 0.281638   ,  0.0425865  ,  0.332048   ,  0.833627   ])
2162    , -149.627    , array([ 0.262189   ,  0.0363243  ,  0.33995    ,  0.838082   ])
2163    , -165.656    , array([ 0.317775   ,  0.0367733  ,  0.329974   ,  0.832983   ])
2164    , -149.157    , array([ 0.232628   ,  0.030888   ,  0.350641   ,  0.843847   ])
2165    , -147.066    , array([ 0.241022   ,  0.0356535  ,  0.366571   ,  0.839144   ])
2166    , -147.298    , array([ 0.231624   ,  0.0386543  ,  0.385567   ,  0.837654   ])
2167    , -147.706    , array([ 0.226818   ,  0.0331504  ,  0.3635     ,  0.83738    ])
2168    , -148.506    , array([ 0.212945   ,  0.0292968  ,  0.381041   ,  0.841259   ])
likelihood = -147.07
theta = 619.7
Optimized parameters = [0.24102152 0.0356535  0.36657069 0.8391444 ]

Round_1_Replicate_1
3031    , -2168.39    , array([ 5.8844     ,  0.137277   ,  0.685744   ,  0.213322   ])
3032    , -2180.86    , array([ 6.42965    ,  0.137277   ,  0.685744   ,  0.213322   ])
3033    , -2069.41    , array([ 5.8844     ,  0.124302   ,  0.685744   ,  0.213322   ])
3034    , -2156.7     , array([ 5.8844     ,  0.137277   ,  0.67293    ,  0.213322   ])
3035    , -2208.51    , array([ 5.8844     ,  0.137277   ,  0.685744   ,  0.197464   ])
3036    , -2088.19    , array([ 6.15098    ,  0.130628   ,  0.679307   ,  0.230454   ])
3037    , -2059.3     , array([ 5.50603    ,  0.127426   ,  0.676111   ,  0.221722   ])
3038    , -2001.99    , array([ 5.09523    ,  0.122769   ,  0.671345   ,  0.226046   ])
likelihood = -2001.99
theta = 294.9
Optimized parameters = [5.09523015 0.12276867 0.67134532 0.22604591]

Round_1_Replicate_2
3039    , -2423.12    , array([ 0.248699   ,  1.18964    ,  0.695751   ,  4.55992    ])
3040    , -2420.85    , array([ 0.231983   ,  1.18964    ,  0.695751   ,  4.55992    ])
3041    , -2432.86    , array([ 0.248699   ,  1.20002    ,  0.695751   ,  4.55992    ])
3042    , -2401.7     , array([ 0.248699   ,  1.18964    ,  0.683245   ,  4.55992    ])
3043    , -2423.74    , array([ 0.248699   ,  1.18964    ,  0.695751   ,  4.91932    ])
3044    , -2401.72    , array([ 0.240196   ,  1.17936    ,  0.689469   ,  4.73621    ])
3045    , -2400.08    , array([ 0.236054   ,  1.18449    ,  0.68635    ,  4.30771    ])
3046    , -2388.91    , array([ 0.229975   ,  1.18192    ,  0.681697   ,  4.03104    ])
likelihood = -2388.91
theta = 250.96
Optimized parameters = [0.22997455 1.18192107 0.68169732 4.03103966]

Round_1_Replicate_3
3047    , -6144.3     , array([ 0.703729   ,  2.78234    ,  1.33551    ,  0.154899   ])
3048    , -6110.15    , array([ 0.691474   ,  2.78234    ,  1.33551    ,  0.154899   ])
3049    , -6172.94    , array([ 0.703729   ,  2.9284     ,  1.33551    ,  0.154899   ])
3050    , -6156.8     , array([ 0.703729   ,  2.78234    ,  1.35497    ,  0.154899   ])
3051    , -6286.24    , array([ 0.703729   ,  2.78234    ,  1.33551    ,  0.141108   ])
3052    , -6013.61    , array([ 0.697574   ,  2.85443    ,  1.3452     ,  0.170038   ])
3053    , -5889.57    , array([ 0.694517   ,  2.89118    ,  1.35008    ,  0.186657   ])
3054    , -5972.69    , array([ 0.692994   ,  2.69477    ,  1.35252    ,  0.170038   ])
likelihood = -5889.57
theta = 282.44
Optimized parameters = [0.69451738 2.8911796  1.35007697 0.18665687]

Round_1_Replicate_4
3055    , -5441.33    , array([ 0.200565   ,  1.34165    ,  4.9674     ,  1.94845    ])
3056    , -5330.88    , array([ 0.185083   ,  1.34165    ,  4.9674     ,  1.94845    ])
3057    , -5448.88    , array([ 0.200565   ,  1.36151    ,  4.9674     ,  1.94845    ])
3058    , -5595.55    , array([ 0.200565   ,  1.34165    ,  5.38191    ,  1.94845    ])
3059    , -5441.25    , array([ 0.200565   ,  1.34165    ,  4.9674     ,  2.01453    ])
3060    , -5239.11    , array([ 0.192669   ,  1.35154    ,  4.58483    ,  1.98121    ])
3061    , -5067.37    , array([ 0.188838   ,  1.35652    ,  4.23172    ,  1.9978     ])
3062    , -5190.58    , array([ 0.186951   ,  1.32938    ,  4.58483    ,  2.00615    ])
likelihood = -5067.37
theta = 368.83
Optimized parameters = [0.18883784 1.3565177  4.23171684 1.99779958]

Round_1_Replicate_5
3063    , -2534.52    , array([ 0.567791   ,  5.48439    ,  0.17641    ,  7.77302    ])
3064    , -2538.14    , array([ 0.551948   ,  5.48439    ,  0.17641    ,  7.77302    ])
3065    , -2604.23    , array([ 0.567791   ,  5.97152    ,  0.17641    ,  7.77302    ])
3066    , -2459.7     , array([ 0.567791   ,  5.48439    ,  0.161752   ,  7.77302    ])
3067    , -2548.41    , array([ 0.567791   ,  5.48439    ,  0.17641    ,  8.61231    ])
3068    , -2431.29    , array([ 0.559813   ,  5.037      ,  0.168922   ,  8.18191    ])
3069    , -2338.33    , array([ 0.555867   ,  4.6261     ,  0.165298   ,  8.39435    ])
3070    , -2391.58    , array([ 0.553904   ,  5.037      ,  0.163516   ,  7.29053    ])
likelihood = -2338.33
theta = 82.49
Optimized parameters = [0.55586653 4.62610446 0.16529834 8.39435097]

Round_1_Replicate_6
3071    , -2237.36    , array([ 4.97425    ,  0.207492   ,  0.602174   ,  1.62311    ])
3072    , -2267.49    , array([ 5.38969    ,  0.207492   ,  0.602174   ,  1.62311    ])
3073    , -2189.71    , array([ 4.97425    ,  0.191801   ,  0.602174   ,  1.62311    ])
3074    , -2209.59    , array([ 4.97425    ,  0.207492   ,  0.587095   ,  1.62311    ])
3075    , -2238.65    , array([ 4.97425    ,  0.207492   ,  0.602174   ,  1.6629     ])
3076    , -2168.59    , array([ 4.59083    ,  0.199492   ,  0.594587   ,  1.64288    ])
3077    , -2117.49    , array([ 4.23696    ,  0.195609   ,  0.590829   ,  1.65286    ])
3078    , -2139.7     , array([ 4.59083    ,  0.193696   ,  0.588959   ,  1.59873    ])
likelihood = -2117.49
theta = 174.2
Optimized parameters = [4.23696468 0.1956091  0.59082918 1.65286108]

Round_1_Replicate_7
3079    , -4560.27    , array([ 0.707113   ,  0.171179   ,  5.20909    ,  1.35306    ])
3080    , -4547.99    , array([ 0.694965   ,  0.171179   ,  5.20909    ,  1.35306    ])
3081    , -4426.71    , array([ 0.707113   ,  0.156719   ,  5.20909    ,  1.35306    ])
3082    , -4744.16    , array([ 0.707113   ,  0.171179   ,  5.65718    ,  1.35306    ])
3083    , -4560.52    , array([ 0.707113   ,  0.171179   ,  5.20909    ,  1.37368    ])
3084    , -4306.67    , array([ 0.701013   ,  0.16379    ,  4.79649    ,  1.36333    ])
3085    , -4093.62    , array([ 0.697983   ,  0.160216   ,  4.41657    ,  1.36849    ])
3086    , -4253.27    , array([ 0.696472   ,  0.158458   ,  4.79649    ,  1.34034    ])
likelihood = -4093.62
theta = 471.99
Optimized parameters = [0.69798252 0.16021551 4.41657325 1.36849381]

Round_1_Replicate_8
3087    , -3059.55    , array([ 0.359191   ,  1.59657    ,  0.319136   ,  0.23592    ])
3088    , -2995.08    , array([ 0.341265   ,  1.59657    ,  0.319136   ,  0.23592    ])
3089    , -3074.23    , array([ 0.359191   ,  1.63435    ,  0.319136   ,  0.23592    ])
3090    , -3040.21    , array([ 0.359191   ,  1.59657    ,  0.301422   ,  0.23592    ])
3091    , -3169.19    , array([ 0.359191   ,  1.59657    ,  0.319136   ,  0.219484   ])
3092    , -2922.72    , array([ 0.350114   ,  1.61535    ,  0.310152   ,  0.253587   ])
3093    , -2811.66    , array([ 0.345661   ,  1.62482    ,  0.305756   ,  0.272577   ])
3094    , -2876.31    , array([ 0.343456   ,  1.57339    ,  0.303581   ,  0.253587   ])
likelihood = -2811.66
theta = 303.16
Optimized parameters = [0.34566127 1.62482335 0.30575572 0.27257687]

Round_1_Replicate_9
3095    , -7776.48    , array([ 2.64609    ,  1.16859    ,  3.7175     ,  3.77122    ])
3096    , -7807.94    , array([ 2.77802    ,  1.16859    ,  3.7175     ,  3.77122    ])
3097    , -7788.14    , array([ 2.64609    ,  1.17773    ,  3.7175     ,  3.77122    ])
3098    , -7902.93    , array([ 2.64609    ,  1.16859    ,  3.96976    ,  3.77122    ])
3099    , -7767.5     , array([ 2.64609    ,  1.16859    ,  3.7175     ,  4.03001    ])
3100    , -7664.75    , array([ 2.71125    ,  1.17315    ,  3.48128    ,  3.89847    ])
3101    , -7542       , array([ 2.74443    ,  1.17544    ,  3.26007    ,  3.9637     ])
3102    , -7628.65    , array([ 2.56684    ,  1.17659    ,  3.48128    ,  3.99672    ])
likelihood = -7542.0
theta = 118.63
Optimized parameters = [2.74443408 1.17544173 3.26006536 3.96369753]

Round_1_Replicate_10
3103    , -2752.24    , array([ 4.94445    ,  0.141923   ,  1.18513    ,  7.99572    ])
3104    , -2773.99    , array([ 5.3558     ,  0.141923   ,  1.18513    ,  7.99572    ])
3105    , -2677.85    , array([ 4.94445    ,  0.128723   ,  1.18513    ,  7.99572    ])
3106    , -2761.36    , array([ 4.94445    ,  0.141923   ,  1.19523    ,  7.99572    ])
3107    , -2752.48    , array([ 4.94445    ,  0.141923   ,  1.18513    ,  8.87157    ])
3108    , -2696.17    , array([ 4.5647     ,  0.135162   ,  1.19017    ,  8.42227    ])
3109    , -2678.4     , array([ 4.75079    ,  0.131903   ,  1.1776     ,  8.644      ])
likelihood = -2677.85
theta = 179.72
Optimized parameters = [4.94445417 0.12872275 1.18512665 7.99571834]

Round_2_Replicate_1
3110    , -5980.41    , array([ 5.28459    ,  0.44802    ,  2.56003    ,  0.160607   ])
3111    , -5998.88    , array([ 5.7433     ,  0.44802    ,  2.56003    ,  0.160607   ])
3112    , -5889.01    , array([ 5.28459    ,  0.43039    ,  2.56003    ,  0.160607   ])
3113    , -6050.62    , array([ 5.28459    ,  0.44802    ,  2.68323    ,  0.160607   ])
3114    , -6059.27    , array([ 5.28459    ,  0.44802    ,  2.56003    ,  0.146573   ])
3115    , -5913.6     , array([ 5.50917    ,  0.439116   ,  2.6209     ,  0.175985   ])
3116    , -5837.13    , array([ 5.62502    ,  0.434731   ,  2.47136    ,  0.16812    ])
3117    , -5729.92    , array([ 5.80337    ,  0.428235   ,  2.37178    ,  0.172008   ])
3118    , -5756.09    , array([ 5.20275    ,  0.425024   ,  2.49323    ,  0.173985   ])
3119    , -5665.03    , array([ 5.6104     ,  0.413972   ,  2.46049    ,  0.181087   ])
3120    , -5512.87    , array([ 5.78077    ,  0.397932   ,  2.41219    ,  0.192286   ])
likelihood = -5512.87
theta = 280.58
Optimized parameters = [5.78077117 0.3979319  2.4121861  0.19228572]

Round_2_Replicate_2
3121    , -869.944    , array([ 2.32141    ,  0.0874427  ,  0.168946   ,  0.81592    ])
3122    , -887.271    , array([ 2.42125    ,  0.0874427  ,  0.168946   ,  0.81592    ])
3123    , -863.322    , array([ 2.32141    ,  0.0774122  ,  0.168946   ,  0.81592    ])
3124    , -850.231    , array([ 2.32141    ,  0.0874427  ,  0.154573   ,  0.81592    ])
3125    , -871.763    , array([ 2.32141    ,  0.0874427  ,  0.168946   ,  0.807663   ])
3126    , -839.875    , array([ 2.22569    ,  0.0822747  ,  0.1616     ,  0.811781   ])
3127    , -816.686    , array([ 2.13391    ,  0.0798065  ,  0.158048   ,  0.809719   ])
3128    , -828.679    , array([ 2.22569    ,  0.0786002  ,  0.156301   ,  0.821124   ])
3129    , -811.771    , array([ 2.17932    ,  0.0745202  ,  0.150338   ,  0.815401   ])
3130    , -786.588    , array([ 2.11157    ,  0.0687938  ,  0.141817   ,  0.815142   ])
3131    , -778.934    , array([ 2.07849    ,  0.079352   ,  0.13774    ,  0.815013   ])
3132    , -741.108    , array([ 1.96673    ,  0.08034    ,  0.12437    ,  0.814559   ])
likelihood = -741.11
theta = 256.07
Optimized parameters = [1.96673021 0.08034    0.12436982 0.81455949]

Round_2_Replicate_3
3133    , -2924.29    , array([ 10.3498    ,  0.228366   ,  0.849159   ,  0.279273   ])
3134    , -2938.02    , array([ 11.6326    ,  0.228366   ,  0.849159   ,  0.279273   ])
3135    , -2820.16    , array([ 10.3498    ,  0.212111   ,  0.849159   ,  0.279273   ])
3136    , -2916.29    , array([ 10.3498    ,  0.228366   ,  0.842246   ,  0.279273   ])
3137    , -2955.73    , array([ 10.3498    ,  0.228366   ,  0.849159   ,  0.262018   ])
3138    , -2850.22    , array([ 10.9725    ,  0.220089   ,  0.845695   ,  0.297665   ])
3139    , -2815.97    , array([ 9.48139    ,  0.216063   ,  0.843969   ,  0.288322   ])
3140    , -2756       , array([ 8.5599     ,  0.210163   ,  0.841385   ,  0.292956   ])
3141    , -2751.12    , array([ 9.69141    ,  0.207273   ,  0.840097   ,  0.295301   ])
3142    , -2672.95    , array([ 9.37809    ,  0.197468   ,  0.835601   ,  0.303657   ])
3143    , -2648.05    , array([ 9.22525    ,  0.192741   ,  0.843645   ,  0.307923   ])
3144    , -2538.48    , array([ 8.70966    ,  0.177071   ,  0.844346   ,  0.323332   ])
likelihood = -2538.48
theta = 258.13
Optimized parameters = [8.70966246 0.17707065 0.84434616 0.32333232]

Round_2_Replicate_4
3145    , -1853.02    , array([ 12.8171    ,  0.103876   ,  0.503917   ,  0.55471    ])
3146    , -1868.59    , array([ 14.5606    ,  0.103876   ,  0.503917   ,  0.55471    ])
3147    , -1816.82    , array([ 12.8171    ,  0.0927556  ,  0.503917   ,  0.55471    ])
3148    , -1829.86    , array([ 12.8171    ,  0.103876   ,  0.486942   ,  0.55471    ])
3149    , -1847.86    , array([ 12.8171    ,  0.103876   ,  0.503917   ,  0.538604   ])
3150    , -1803.22    , array([ 11.2824    ,  0.0981584  ,  0.495357   ,  0.546598   ])
3151    , -1768.97    , array([ 9.9314     ,  0.0954187  ,  0.491131   ,  0.542586   ])
3152    , -1780.03    , array([ 11.2824    ,  0.0940777  ,  0.489032   ,  0.540591   ])
3153    , -1752.72    , array([ 10.5854    ,  0.0895309  ,  0.481755   ,  0.557783   ])
3154    , -1708.33    , array([ 9.61974    ,  0.0831194  ,  0.471043   ,  0.567628   ])
3155    , -1710.69    , array([ 9.17048    ,  0.080088   ,  0.490343   ,  0.547857   ])
likelihood = -1708.33
theta = 220.88
Optimized parameters = [9.61973558 0.08311943 0.47104256 0.5676276 ]

Round_2_Replicate_5
3156    , -3311.48    , array([ 16.0031    ,  0.136125   ,  0.697689   ,  0.0803673  ])
3157    , -3315.8     , array([ 18.3829    ,  0.136125   ,  0.697689   ,  0.0803673  ])
3158    , -3103.52    , array([ 16.0031    ,  0.123207   ,  0.697689   ,  0.0803673  ])
3159    , -3306.17    , array([ 16.0031    ,  0.136125   ,  0.685243   ,  0.0803673  ])
3160    , -3545.19    , array([ 16.0031    ,  0.136125   ,  0.697689   ,  0.0708489  ])
3161    , -2999.97    , array([ 17.1518    ,  0.129505   ,  0.691438   ,  0.0911644  ])
3162    , -2772.39    , array([ 17.7567    ,  0.126317   ,  0.688334   ,  0.103412   ])
3163    , -2920.6     , array([ 14.6748    ,  0.124752   ,  0.686787   ,  0.0911644  ])
3164    , -2751.2     , array([ 16.1424    ,  0.119427   ,  0.6814     ,  0.0970953  ])
3165    , -2519.75    , array([ 16.2124    ,  0.111862   ,  0.673399   ,  0.106723   ])
3166    , -2426.58    , array([ 16.2476    ,  0.108262   ,  0.687753   ,  0.111889   ])
3167    , -2139.38    , array([ 16.3713    ,  0.0965483  ,  0.689012   ,  0.132021   ])
likelihood = -2139.38
theta = 317.58
Optimized parameters = [16.37125986  0.09654831  0.68901165  0.13202061]

Round_2_Replicate_6
3168    , -4715.86    , array([ 9.17276    ,  0.230363   ,  0.415015   ,  0.0705476  ])
3169    , -4723.75    , array([ 10.2477    ,  0.230363   ,  0.415015   ,  0.0705476  ])
3170    , -4526.29    , array([ 9.17276    ,  0.214059   ,  0.415015   ,  0.0705476  ])
3171    , -4709.09    , array([ 9.17276    ,  0.230363   ,  0.397162   ,  0.0705476  ])
3172    , -5036.67    , array([ 9.17276    ,  0.230363   ,  0.415015   ,  0.0617883  ])
3173    , -4311.16    , array([ 9.69533    ,  0.222062   ,  0.40599    ,  0.0805486  ])
3174    , -3969.26    , array([ 9.96767    ,  0.218024   ,  0.401552   ,  0.0919674  ])
3175    , -4229.54    , array([ 8.55898    ,  0.216032   ,  0.399351   ,  0.0805486  ])
3176    , -4003.22    , array([ 9.23651    ,  0.209205   ,  0.391741   ,  0.0860689  ])
3177    , -3682.55    , array([ 9.26855    ,  0.199366   ,  0.406549   ,  0.0950666  ])
3178    , -3234.02    , array([ 9.31682    ,  0.185468   ,  0.411325   ,  0.110357   ])
likelihood = -3234.02
theta = 315.67
Optimized parameters = [9.31681727 0.18546825 0.41132497 0.11035726]

Round_2_Replicate_7
3179    , -932.489    , array([ 1.62143    ,  0.0464205  ,  0.179865   ,  0.273698   ])
3180    , -939.858    , array([ 1.66109    ,  0.0464205  ,  0.179865   ,  0.273698   ])
3181    , -930.352    , array([ 1.62143    ,  0.0398149  ,  0.179865   ,  0.273698   ])
3182    , -923.655    , array([ 1.62143    ,  0.0464205  ,  0.165079   ,  0.273698   ])
3183    , -945.563    , array([ 1.62143    ,  0.0464205  ,  0.179865   ,  0.256529   ])
3184    , -917.498    , array([ 1.64114    ,  0.042991   ,  0.172313   ,  0.292017   ])
3185    , -904.353    , array([ 1.65109    ,  0.0413725  ,  0.168658   ,  0.311562   ])
3186    , -905.581    , array([ 1.59713    ,  0.0405862  ,  0.166859   ,  0.292017   ])
3187    , -901.278    , array([ 1.62388    ,  0.0379501  ,  0.160713   ,  0.301632   ])
3188    , -888.825    , array([ 1.62511    ,  0.0343134  ,  0.151916   ,  0.31665    ])
3189    , -878.822    , array([ 1.62572    ,  0.0410758  ,  0.1477     ,  0.324437   ])
3190    , -853.418    , array([ 1.62787    ,  0.0417212  ,  0.133844   ,  0.353231   ])
likelihood = -853.42
theta = 324.61
Optimized parameters = [1.62787153 0.04172123 0.13384381 0.3532314 ]

Round_2_Replicate_8
3191    , -1204.13    , array([ 1.9988     ,  0.0606953  ,  0.472879   ,  0.874673   ])
3192    , -1221.5     , array([ 2.06923    ,  0.0606953  ,  0.472879   ,  0.874673   ])
3193    , -1192.2     , array([ 1.9988     ,  0.052761   ,  0.472879   ,  0.874673   ])
3194    , -1180.57    , array([ 1.9988     ,  0.0606953  ,  0.455499   ,  0.874673   ])
3195    , -1204.14    , array([ 1.9988     ,  0.0606953  ,  0.472879   ,  0.868837   ])
3196    , -1168.51    , array([ 1.93077    ,  0.0565892  ,  0.464108   ,  0.87175    ])
3197    , -1142.26    , array([ 1.86506    ,  0.0546416  ,  0.459783   ,  0.870292   ])
3198    , -1155.87    , array([ 1.93077    ,  0.053693   ,  0.457636   ,  0.878341   ])
3199    , -1133.35    , array([ 1.89763    ,  0.0505009  ,  0.4502     ,  0.874307   ])
3200    , -1101.28    , array([ 1.84898    ,  0.0460651  ,  0.439272   ,  0.874124   ])
3201    , -1096.06    , array([ 1.82513    ,  0.0542839  ,  0.433907   ,  0.874033   ])
3202    , -1048.58    , array([ 1.74404    ,  0.0550618  ,  0.415643   ,  0.873713   ])
likelihood = -1048.58
theta = 279.68
Optimized parameters = [1.74403775 0.05506181 0.41564303 0.87371291]

Round_2_Replicate_9
3203    , -2922.77    , array([ 9.57901    ,  0.313625   ,  0.191654   ,  0.222763   ])
3204    , -2936.05    , array([ 10.7247    ,  0.313625   ,  0.191654   ,  0.222763   ])
3205    , -2811.59    , array([ 9.57901    ,  0.295959   ,  0.191654   ,  0.222763   ])
3206    , -2905.49    , array([ 9.57901    ,  0.313625   ,  0.176459   ,  0.222763   ])
3207    , -3048.59    , array([ 9.57901    ,  0.313625   ,  0.191654   ,  0.20665    ])
3208    , -2747.88    , array([ 10.1357    ,  0.304664   ,  0.1839     ,  0.240132   ])
3209    , -2611.64    , array([ 10.4261    ,  0.30028    ,  0.180141   ,  0.258856   ])
3210    , -2685.7     , array([ 8.92595    ,  0.298111   ,  0.17829    ,  0.240132   ])
3211    , -2588.39    , array([ 9.64689    ,  0.290645   ,  0.171962   ,  0.249318   ])
3212    , -2436.78    , array([ 9.68101    ,  0.279794   ,  0.162889   ,  0.263761   ])
3213    , -2391.9     , array([ 9.69811    ,  0.274522   ,  0.179445   ,  0.271293   ])
3214    , -2184.09    , array([ 9.75822    ,  0.256838   ,  0.180956   ,  0.299389   ])
likelihood = -2184.09
theta = 248.73
Optimized parameters = [9.7582174  0.2568382  0.18095645 0.29938901]

Round_2_Replicate_10
3215    , -2466.8     , array([ 1.57103    ,  0.1228     ,  0.253419   ,  0.0893501  ])
3216    , -2472.38    , array([ 1.60692    ,  0.1228     ,  0.253419   ,  0.0893501  ])
3217    , -2289.58    , array([ 1.57103    ,  0.110575   ,  0.253419   ,  0.0893501  ])
3218    , -2459.15    , array([ 1.57103    ,  0.1228     ,  0.236609   ,  0.0893501  ])
3219    , -2690.53    , array([ 1.57103    ,  0.1228     ,  0.253419   ,  0.0791862  ])
3220    , -2176.92    , array([ 1.58888    ,  0.116527   ,  0.24487    ,  0.100818   ])
3221    , -1959.39    , array([ 1.59787    ,  0.113512   ,  0.240704   ,  0.113759   ])
3222    , -2107.68    , array([ 1.54901    ,  0.112034   ,  0.238648   ,  0.100818   ])
3223    , -1953.96    , array([ 1.57325    ,  0.10701    ,  0.231588   ,  0.107093   ])
3224    , -1743.17    , array([ 1.57436    ,  0.099894   ,  0.221388   ,  0.117246   ])
3225    , -1661.77    , array([ 1.57492    ,  0.0965154  ,  0.239931   ,  0.122677   ])
3226    , -1399.84    , array([ 1.57687    ,  0.0855651  ,  0.241609   ,  0.143747   ])
likelihood = -1399.84
theta = 351.64
Optimized parameters = [1.57686665 0.08556507 0.24160925 0.14374674]

Round_3_Replicate_1
3227    , -316.592    , array([ 0.517794   ,  0.0314394  ,  0.0519722  ,  1.97582    ])
3228    , -322.281    , array([ 0.501032   ,  0.0314394  ,  0.0519722  ,  1.97582    ])
3229    , -330.787    , array([ 0.517794   ,  0.0264452  ,  0.0519722  ,  1.97582    ])
3230    , -338.479    , array([ 0.517794   ,  0.0314394  ,  0.0448291  ,  1.97582    ])
3231    , -318.989    , array([ 0.517794   ,  0.0314394  ,  0.0519722  ,  2.04426    ])
3232    , -305.036    , array([ 0.509344   ,  0.0288344  ,  0.0602536  ,  2.00975    ])
3233    , -287.785    , array([ 0.505171   ,  0.027614   ,  0.0698545  ,  2.02693    ])
3234    , -292.665    , array([ 0.503097   ,  0.035029   ,  0.0602536  ,  2.03558    ])
3235    , -286.065    , array([ 0.520999   ,  0.0311013  ,  0.0648766  ,  2.06613    ])
3236    , -268.717    , array([ 0.531279   ,  0.0309336  ,  0.0724848  ,  2.11281    ])
3237    , -264.182    , array([ 0.510655   ,  0.0308501  ,  0.0766172  ,  2.03017    ])
3238    , -238.774    , array([ 0.507123   ,  0.0305597  ,  0.0930259  ,  2.02316    ])
3239    , -227.67     , array([ 0.505366   ,  0.0304155  ,  0.102504   ,  2.1255     ])
3240    , -193.549    , array([ 0.499264   ,  0.0299161  ,  0.143955   ,  2.20453    ])
3241    , -210.165    , array([ 0.518144   ,  0.0252278  ,  0.136664   ,  2.14702    ])
3242    , -185.426    , array([ 0.522601   ,  0.0305881  ,  0.164882   ,  2.21913    ])
3243    , -197.689    , array([ 0.53154    ,  0.0321931  ,  0.253315   ,  2.32196    ])
3244    , -189.57     , array([ 0.492843   ,  0.0271526  ,  0.239653   ,  2.18183    ])
3245    , -220.458    , array([ 0.508998   ,  0.0259074  ,  0.299719   ,  2.36618    ])
3246    , -190.089    , array([ 0.508529   ,  0.0269995  ,  0.223711   ,  2.27533    ])
likelihood = -185.43
theta = 350.43
Optimized parameters = [0.52260066 0.03058806 0.16488163 2.21913147]

Round_3_Replicate_2
3247    , -1043.86    , array([ 4.05657    ,  0.024039   ,  0.127496   ,  0.792539   ])
3248    , -1065.05    , array([ 4.35078    ,  0.024039   ,  0.127496   ,  0.792539   ])
3249    , -1056.91    , array([ 4.05657    ,  0.0199509  ,  0.127496   ,  0.792539   ])
3250    , -1031.12    , array([ 4.05657    ,  0.024039   ,  0.115019   ,  0.792539   ])
3251    , -1044.81    , array([ 4.05657    ,  0.024039   ,  0.127496   ,  0.783379   ])
3252    , -1022.44    , array([ 3.78226    ,  0.0218998  ,  0.121097   ,  0.787945   ])
3253    , -1000.75    , array([ 3.52649    ,  0.0209027  ,  0.118019   ,  0.785659   ])
3254    , -1004.28    , array([ 3.78226    ,  0.0270093  ,  0.116509   ,  0.784518   ])
3255    , -995.379    , array([ 3.65214    ,  0.0237606  ,  0.111377   ,  0.794268   ])
3256    , -971.384    , array([ 3.4653     ,  0.0236226  ,  0.104098   ,  0.79977    ])
3257    , -961.75     , array([ 3.3755     ,  0.0235539  ,  0.100639   ,  0.788661   ])
3258    , -923.559    , array([ 3.07913    ,  0.023315   ,  0.0894136  ,  0.78673    ])
3259    , -915.335    , array([ 2.94085    ,  0.0231965  ,  0.0983579  ,  0.785766   ])
3260    , -855.351    , array([ 2.50397    ,  0.0227863  ,  0.0909554  ,  0.782401   ])
3261    , -873.004    , array([ 2.56637    ,  0.018963   ,  0.0857931  ,  0.792728   ])
3262    , -816.806    , array([ 2.34809    ,  0.0233384  ,  0.0722124  ,  0.79513    ])
3263    , -731.454    , array([ 1.91603    ,  0.0246607  ,  0.0564861  ,  0.799909   ])
3264    , -720.925    , array([ 1.77684    ,  0.0211     ,  0.0603073  ,  0.781168   ])
3265    , -601.194    , array([ 1.27234    ,  0.0199416  ,  0.0459022  ,  0.77203    ])
3266    , -600.585    , array([ 1.28543    ,  0.0197714  ,  0.0503065  ,  0.786663   ])
3267    , -459.516    , array([ 0.830537   ,  0.018207   ,  0.0377342  ,  0.786629   ])
likelihood = -459.52
theta = 354.62
Optimized parameters = [0.8305367  0.018207   0.03773417 0.78662889]

Round_3_Replicate_3
3268    , -646.7      , array([ 2.26435    ,  0.0560075  ,  0.0968227  ,  1.46656    ])
3269    , -664.687    , array([ 2.35879    ,  0.0560075  ,  0.0968227  ,  1.46656    ])
3270    , -653.144    , array([ 2.26435    ,  0.0484907  ,  0.0968227  ,  1.46656    ])
3271    , -634.207    , array([ 2.26435    ,  0.0560075  ,  0.0861542  ,  1.46656    ])
3272    , -642.718    , array([ 2.26435    ,  0.0560075  ,  0.0968227  ,  1.49491    ])
3273    , -623.322    , array([ 2.17368    ,  0.0521137  ,  0.0913328  ,  1.48067    ])
3274    , -603.286    , array([ 2.08665    ,  0.0502696  ,  0.0887057  ,  1.48777    ])
3275    , -610.612    , array([ 2.17368    ,  0.0612863  ,  0.0874206  ,  1.49134    ])
3276    , -599.274    , array([ 2.12972    ,  0.0555053  ,  0.0830677  ,  1.50388    ])
3277    , -577.628    , array([ 2.06544    ,  0.0552559  ,  0.0769413  ,  1.5229     ])
3278    , -573.903    , array([ 2.03403    ,  0.0551316  ,  0.0740497  ,  1.48911    ])
3279    , -545.952    , array([ 1.92781    ,  0.0546988  ,  0.0647584  ,  1.48622    ])
3280    , -533.1      , array([ 1.8768     ,  0.0544837  ,  0.0721497  ,  1.52803    ])
3281    , -486.721    , array([ 1.70865    ,  0.0537374  ,  0.0660257  ,  1.55973    ])
3282    , -502.491    , array([ 1.73338    ,  0.0466236  ,  0.061794   ,  1.53671    ])
3283    , -466.495    , array([ 1.64575    ,  0.0547411  ,  0.0508284  ,  1.56553    ])
3284    , -419.692    , array([ 1.46157    ,  0.0571239  ,  0.0384754  ,  1.60591    ])
3285    , -415.023    , array([ 1.39863    ,  0.0506361  ,  0.0414391  ,  1.57055    ])
3286    , -370.238    , array([ 1.15093    ,  0.0484732  ,  0.0304113  ,  1.59493    ])
3287    , -360.46     , array([ 1.15783    ,  0.048153   ,  0.0337398  ,  1.66713    ])
3288    , -337.84     , array([ 0.897294   ,  0.04518    ,  0.0243538  ,  1.76569    ])
likelihood = -337.84
theta = 273.92
Optimized parameters = [0.8972944  0.04517997 0.02435379 1.76569031]

Round_3_Replicate_4
3289    , -1027.03    , array([ 2.21871    ,  0.0430827  ,  0.295259   ,  0.581871   ])
3290    , -1042.5     , array([ 2.3089     ,  0.0430827  ,  0.295259   ,  0.581871   ])
3291    , -1026.66    , array([ 2.21871    ,  0.0368144  ,  0.295259   ,  0.581871   ])
3292    , -1007.66    , array([ 2.21871    ,  0.0430827  ,  0.277788   ,  0.581871   ])
3293    , -1029.31    , array([ 2.21871    ,  0.0430827  ,  0.295259   ,  0.566328   ])
3294    , -1002.39    , array([ 2.13204    ,  0.0398254  ,  0.28639    ,  0.574047   ])
3295    , -982.709    , array([ 2.04876    ,  0.0382903  ,  0.282056   ,  0.570174   ])
3296    , -992.758    , array([ 2.13204    ,  0.0375451  ,  0.279914   ,  0.591801   ])
3297    , -979.668    , array([ 2.08998    ,  0.0350492  ,  0.272543   ,  0.580887   ])
3298    , -959.112    , array([ 2.02845    ,  0.0316131  ,  0.261849   ,  0.580396   ])
3299    , -944.265    , array([ 1.99837    ,  0.0380091  ,  0.256661   ,  0.58015    ])
3300    , -905.373    , array([ 1.89654    ,  0.038621   ,  0.239297   ,  0.579292   ])
3301    , -913.853    , array([ 1.84759    ,  0.0307513  ,  0.253199   ,  0.578863   ])
3302    , -889.803    , array([ 1.78985    ,  0.0319351  ,  0.238984   ,  0.562894   ])
3303    , -844.12     , array([ 1.63993    ,  0.0294527  ,  0.220821   ,  0.548975   ])
3304    , -836.987    , array([ 1.66643    ,  0.0274631  ,  0.20985    ,  0.573281   ])
3305    , -779.128    , array([ 1.50292    ,  0.0232585  ,  0.181007   ,  0.574841   ])
3306    , -762.875    , array([ 1.44878    ,  0.0285318  ,  0.187939   ,  0.560483   ])
3307    , -677.9      , array([ 1.22439    ,  0.0271057  ,  0.15922    ,  0.550784   ])
3308    , -698.491    , array([ 1.29484    ,  0.027538   ,  0.154126   ,  0.548168   ])
likelihood = -677.9
theta = 332.18
Optimized parameters = [1.22438887 0.02710574 0.1592204  0.5507841 ]

Round_3_Replicate_5
3309    , -1918.48    , array([ 3.26605    ,  0.313071   ,  0.037704   ,  0.328119   ])
3310    , -1936.34    , array([ 3.46517    ,  0.313071   ,  0.037704   ,  0.328119   ])
3311    , -1841.48    , array([ 3.26605    ,  0.29541    ,  0.037704   ,  0.328119   ])
3312    , -1910.41    , array([ 3.26605    ,  0.313071   ,  0.0320042  ,  0.328119   ])
3313    , -1996.15    , array([ 3.26605    ,  0.313071   ,  0.037704   ,  0.310337   ])
3314    , -1811.86    , array([ 3.36414    ,  0.304113   ,  0.0347374  ,  0.346921   ])
3315    , -1727.96    , array([ 3.41428    ,  0.29973    ,  0.0333428  ,  0.366799   ])
3316    , -1761.37    , array([ 3.14746    ,  0.297562   ,  0.0326666  ,  0.346921   ])
3317    , -1705.99    , array([ 3.27815    ,  0.290098   ,  0.0304062  ,  0.356722   ])
3318    , -1611.05    , array([ 3.28422    ,  0.279252   ,  0.0273055  ,  0.371945   ])
3319    , -1576.72    , array([ 3.28726    ,  0.273981   ,  0.0330876  ,  0.379798   ])
3320    , -1441.44    , array([ 3.29792    ,  0.256307   ,  0.033643   ,  0.408614   ])
3321    , -1446.47    , array([ 3.30326    ,  0.270462   ,  0.0265301  ,  0.423831   ])
3322    , -1378.94    , array([ 3.51154    ,  0.255987   ,  0.0275955  ,  0.443074   ])
3323    , -1245.34    , array([ 3.70907    ,  0.237432   ,  0.0253633  ,  0.500725   ])
3324    , -1200.26    , array([ 3.37397    ,  0.226188   ,  0.0235799  ,  0.489625   ])
3325    , -1048.39    , array([ 3.35399    ,  0.19649    ,  0.0198295  ,  0.565693   ])
3326    , -1061.11    , array([ 3.54464    ,  0.203646   ,  0.0245372  ,  0.595477   ])
3327    , -1018.51    , array([ 3.65071    ,  0.182453   ,  0.0242874  ,  0.619421   ])
3328    , -942.913    , array([ 3.83791    ,  0.149856   ,  0.0232381  ,  0.748828   ])
likelihood = -942.91
theta = 211.14
Optimized parameters = [3.837912   0.14985605 0.02323814 0.74882808]

Round_4_Replicate_1
3329    , -242.338    , array([ 0.757942   ,  0.0413712  ,  0.228932   ,  4.32483    ])
3330    , -238.1      , array([ 0.747511   ,  0.0413712  ,  0.228932   ,  4.32483    ])
3331    , -249.825    , array([ 0.757942   ,  0.0352804  ,  0.228932   ,  4.32483    ])
3332    , -226.848    , array([ 0.757942   ,  0.0413712  ,  0.212663   ,  4.32483    ])
3333    , -240.327    , array([ 0.757942   ,  0.0413712  ,  0.228932   ,  4.65337    ])
3334    , -225.199    , array([ 0.752709   ,  0.0485136  ,  0.220648   ,  4.48609    ])
3335    , -215.689    , array([ 0.750105   ,  0.056889   ,  0.216619   ,  4.56897    ])
3336    , -217.24     , array([ 0.748807   ,  0.0485136  ,  0.214632   ,  4.61098    ])
3337    , -209.312    , array([ 0.744281   ,  0.0525346  ,  0.20782    ,  4.26586    ])
3338    , -197.232    , array([ 0.737544   ,  0.0591997  ,  0.198006   ,  4.08438    ])
3339    , -192.942    , array([ 0.749618   ,  0.0628429  ,  0.193274   ,  4.46051    ])
3340    , -178.004    , array([ 0.750674   ,  0.0774525  ,  0.177585   ,  4.52993    ])
3341    , -185.276    , array([ 0.735749   ,  0.0859855  ,  0.190128   ,  4.56505    ])
3342    , -180.012    , array([ 0.738203   ,  0.0976205  ,  0.177304   ,  4.26038    ])
3343    , -168.934    , array([ 0.731055   ,  0.109052   ,  0.158938   ,  4.15181    ])
3344    , -173.071    , array([ 0.721712   ,  0.150985   ,  0.136143   ,  3.95774    ])
3345    , -177.158    , array([ 0.740228   ,  0.142232   ,  0.155783   ,  4.68257    ])
3346    , -168.013    , array([ 0.744289   ,  0.125944   ,  0.146856   ,  4.24312    ])
3347    , -170.703    , array([ 0.748596   ,  0.152425   ,  0.129067   ,  4.09078    ])
3348    , -163.286    , array([ 0.744867   ,  0.126003   ,  0.14332    ,  4.53735    ])
3349    , -161.354    , array([ 0.748222   ,  0.143153   ,  0.128854   ,  4.68251    ])
3350    , -196.264    , array([ 0.731294   ,  0.215908   ,  0.121889   ,  4.33862    ])
3351    , -168.088    , array([ 0.745782   ,  0.100079   ,  0.161639   ,  4.48133    ])
3352    , -159.242    , array([ 0.744391   ,  0.0986234  ,  0.141534   ,  4.10601    ])
3353    , -159.427    , array([ 0.746481   ,  0.0821242  ,  0.134906   ,  3.84492    ])
3354    , -157.101    , array([ 0.760575   ,  0.122326   ,  0.130909   ,  4.6053     ])
3355    , -154.332    , array([ 0.77578    ,  0.129557   ,  0.118807   ,  4.85029    ])
3356    , -161.51     , array([ 0.760403   ,  0.151659   ,  0.110357   ,  4.43884    ])
likelihood = -154.33
theta = 214.17
Optimized parameters = [0.77577997 0.12955745 0.11880699 4.85029078]

Round_4_Replicate_2
3357    , -274.362    , array([ 0.815237   ,  0.0213605  ,  0.168531   ,  2.826      ])
3358    , -271.689    , array([ 0.806953   ,  0.0213605  ,  0.168531   ,  2.826      ])
3359    , -290.578    , array([ 0.815237   ,  0.0176235  ,  0.168531   ,  2.826      ])
3360    , -266.714    , array([ 0.815237   ,  0.0213605  ,  0.154175   ,  2.826      ])
3361    , -271.469    , array([ 0.815237   ,  0.0213605  ,  0.168531   ,  2.97667    ])
3362    , -252.256    , array([ 0.811084   ,  0.0258899  ,  0.161193   ,  2.90036    ])
3363    , -235.144    , array([ 0.809016   ,  0.0313798  ,  0.157645   ,  2.93827    ])
3364    , -247.562    , array([ 0.807984   ,  0.0258899  ,  0.1559     ,  2.95741    ])
3365    , -238.731    , array([ 0.8168     ,  0.028503   ,  0.149944   ,  3.02539    ])
3366    , -225.55     , array([ 0.809274   ,  0.0329254  ,  0.141434   ,  2.89566    ])
3367    , -208.3      , array([ 0.806309   ,  0.040878   ,  0.129567   ,  2.85598    ])
3368    , -201.682    , array([ 0.804831   ,  0.045548   ,  0.14173    ,  3.06617    ])
3369    , -180.819    , array([ 0.799677   ,  0.0665117  ,  0.135889   ,  3.19381    ])
3370    , -186.39     , array([ 0.807871   ,  0.0602329  ,  0.130857   ,  3.04478    ])
3371    , -177.048    , array([ 0.794771   ,  0.0795326  ,  0.127101   ,  2.9859     ])
3372    , -179.813    , array([ 0.78398    ,  0.132853   ,  0.117019   ,  2.96635    ])
3373    , -171.127    , array([ 0.795322   ,  0.115009   ,  0.108551   ,  3.09924    ])
3374    , -205.28     , array([ 0.788563   ,  0.220178   ,  0.0900761  ,  3.18301    ])
3375    , -180.663    , array([ 0.792537   ,  0.148086   ,  0.12089    ,  3.32157    ])
3376    , -182.182    , array([ 0.783462   ,  0.157584   ,  0.115048   ,  3.25413    ])
3377    , -173.278    , array([ 0.789494   ,  0.123906   ,  0.118812   ,  3.20048    ])
3378    , -198.541    , array([ 0.786433   ,  0.19478    ,  0.103593   ,  3.10553    ])
3379    , -172.887    , array([ 0.796346   ,  0.0870081  ,  0.126976   ,  3.17151    ])
3380    , -180.291    , array([ 0.795423   ,  0.0670579  ,  0.119342   ,  2.91785    ])
3381    , -174.041    , array([ 0.794701   ,  0.081746   ,  0.119727   ,  3.01393    ])
3382    , -170.524    , array([ 0.793152   ,  0.126585   ,  0.110168   ,  3.26107    ])
3383    , -176.542    , array([ 0.792344   ,  0.159698   ,  0.102567   ,  3.40802    ])
3384    , -177.883    , array([ 0.792449   ,  0.153256   ,  0.112187   ,  3.36059    ])
3385    , -171.019    , array([ 0.794137   ,  0.0956542  ,  0.117796   ,  3.09709    ])
likelihood = -170.52
theta = 238.72
Optimized parameters = [0.79315212 0.12658451 0.1101677  3.26106727]

Round_4_Replicate_3
3386    , -189.757    , array([ 0.426075   ,  0.0387107  ,  0.283627   ,  1.12019    ])
3387    , -181.281    , array([ 0.408283   ,  0.0387107  ,  0.283627   ,  1.12019    ])
3388    , -193.436    , array([ 0.426075   ,  0.032902   ,  0.283627   ,  1.12019    ])
3389    , -184.84     , array([ 0.426075   ,  0.0387107  ,  0.266308   ,  1.12019    ])
3390    , -189.407    , array([ 0.426075   ,  0.0387107  ,  0.283627   ,  1.12657    ])
3391    , -181.451    , array([ 0.417084   ,  0.0455449  ,  0.274831   ,  1.12337    ])
3392    , -178.658    , array([ 0.41266    ,  0.041989   ,  0.270536   ,  1.12497    ])
3393    , -174.091    , array([ 0.406111   ,  0.0437308  ,  0.264219   ,  1.12737    ])
3394    , -172.503    , array([ 0.402876   ,  0.0446286  ,  0.261116   ,  1.119      ])
3395    , -166.937    , array([ 0.391755   ,  0.0479187  ,  0.25054    ,  1.11524    ])
3396    , -168.387    , array([ 0.386309   ,  0.0496536  ,  0.269739   ,  1.12288    ])
3397    , -164.338    , array([ 0.379799   ,  0.0440654  ,  0.258941   ,  1.11945    ])
3398    , -159.345    , array([ 0.362426   ,  0.0433437  ,  0.251343   ,  1.11749    ])
3399    , -160.2      , array([ 0.365549   ,  0.0548597  ,  0.236199   ,  1.12127    ])
3400    , -157.964    , array([ 0.348668   ,  0.0543913  ,  0.239728   ,  1.11112    ])
3401    , -160.369    , array([ 0.323069   ,  0.0606598  ,  0.228347   ,  1.10309    ])
3402    , -158.401    , array([ 0.348225   ,  0.0501368  ,  0.221374   ,  1.10971    ])
3403    , -158.2      , array([ 0.323746   ,  0.0531408  ,  0.224036   ,  1.11454    ])
3404    , -156.491    , array([ 0.326514   ,  0.0456843  ,  0.231439   ,  1.10521    ])
3405    , -158.776    , array([ 0.308589   ,  0.0416892  ,  0.229095   ,  1.09726    ])
3406    , -164.881    , array([ 0.312587   ,  0.0593628  ,  0.208705   ,  1.10284    ])
3407    , -156.854    , array([ 0.349267   ,  0.0468892  ,  0.239929   ,  1.11381    ])
3408    , -154.609    , array([ 0.32582    ,  0.0496298  ,  0.24669    ,  1.11262    ])
3409    , -153.128    , array([ 0.315164   ,  0.0493782  ,  0.260413   ,  1.11407    ])
3410    , -156.37     , array([ 0.345779   ,  0.0451362  ,  0.262804   ,  1.10756    ])
3411    , -153.742    , array([ 0.319731   ,  0.0401717  ,  0.257152   ,  1.10919    ])
likelihood = -153.13
theta = 511.28
Optimized parameters = [0.31516387 0.04937822 0.26041305 1.11407466]

Round_4_Replicate_4
3412    , -196.65     , array([ 0.634706   ,  0.0430659  ,  0.100049   ,  3.12369    ])
3413    , -197.574    , array([ 0.620442   ,  0.0430659  ,  0.100049   ,  3.12369    ])
3414    , -207.168    , array([ 0.634706   ,  0.0367994  ,  0.100049   ,  3.12369    ])
3415    , -209.236    , array([ 0.634706   ,  0.0430659  ,  0.0891712  ,  3.12369    ])
3416    , -196.689    , array([ 0.634706   ,  0.0430659  ,  0.100049   ,  3.30675    ])
3417    , -191.154    , array([ 0.627534   ,  0.0398096  ,  0.112254   ,  3.21391    ])
3418    , -184.953    , array([ 0.623978   ,  0.0382749  ,  0.125948   ,  3.26       ])
3419    , -180.614    , array([ 0.622208   ,  0.0475135  ,  0.112254   ,  3.28329    ])
3420    , -169.718    , array([ 0.616051   ,  0.053989   ,  0.118904   ,  3.36612    ])
3421    , -176.226    , array([ 0.634256   ,  0.0454579  ,  0.122376   ,  3.40832    ])
3422    , -169.657    , array([ 0.619782   ,  0.0467033  ,  0.135343   ,  3.26871    ])
3423    , -164.173    , array([ 0.612451   ,  0.0486356  ,  0.157415   ,  3.24986    ])
3424    , -161.907    , array([ 0.608819   ,  0.0496316  ,  0.169767   ,  3.52947    ])
3425    , -174.358    , array([ 0.596274   ,  0.0532807  ,  0.221142   ,  3.75172    ])
3426    , -153.874    , array([ 0.611718   ,  0.0635916  ,  0.156568   ,  3.51888    ])
3427    , -154.483    , array([ 0.605678   ,  0.0819677  ,  0.174566   ,  3.65593    ])
3428    , -156.346    , array([ 0.591016   ,  0.0633285  ,  0.182266   ,  3.4199     ])
3429    , -181.915    , array([ 0.595989   ,  0.0577498  ,  0.23225    ,  3.49033    ])
3430    , -160.118    , array([ 0.610973   ,  0.0549056  ,  0.140568   ,  3.39675    ])
3431    , -151.258    , array([ 0.598768   ,  0.0681134  ,  0.165778   ,  3.69599    ])
3432    , -149.639    , array([ 0.592042   ,  0.0806068  ,  0.170125   ,  3.94152    ])
3433    , -149.937    , array([ 0.593983   ,  0.085062   ,  0.153879   ,  3.59637    ])
3434    , -162.407    , array([ 0.583602   ,  0.0957054  ,  0.194442   ,  3.84512    ])
3435    , -153.43     , array([ 0.604012   ,  0.063088   ,  0.152445   ,  3.50369    ])
3436    , -149.834    , array([ 0.609905   ,  0.0828186  ,  0.137144   ,  3.86559    ])
3437    , -149.108    , array([ 0.588391   ,  0.0941219  ,  0.149422   ,  3.93758    ])
3438    , -153.964    , array([ 0.577064   ,  0.114508   ,  0.145972   ,  4.16526    ])
3439    , -154.498    , array([ 0.588141   ,  0.115882   ,  0.151935   ,  4.19239    ])
3440    , -149.884    , array([ 0.600005   ,  0.0734453  ,  0.152317   ,  3.66446    ])
likelihood = -149.11
theta = 268.48
Optimized parameters = [0.58839119 0.09412191 0.14942222 3.93758369]

Round_4_Replicate_5
3441    , -233.488    , array([ 0.399852   ,  0.0178707  ,  0.14955    ,  1.50064    ])
3442    , -235.954    , array([ 0.381939   ,  0.0178707  ,  0.14955    ,  1.50064    ])
3443    , -250.474    , array([ 0.399852   ,  0.0146133  ,  0.14955    ,  1.50064    ])
3444    , -244.867    , array([ 0.399852   ,  0.0178707  ,  0.135996   ,  1.50064    ])
3445    , -233.615    , array([ 0.399852   ,  0.0178707  ,  0.14955    ,  1.53141    ])
3446    , -224.71     , array([ 0.390793   ,  0.0218542  ,  0.142612   ,  1.51594    ])
3447    , -214.279    , array([ 0.386341   ,  0.0267256  ,  0.139265   ,  1.52366    ])
3448    , -213.184    , array([ 0.384134   ,  0.0218542  ,  0.1587     ,  1.52753    ])
3449    , -198.751    , array([ 0.376508   ,  0.0241674  ,  0.171435   ,  1.54115    ])
3450    , -203.749    , array([ 0.39928    ,  0.0254143  ,  0.154515   ,  1.54801    ])
3451    , -193.315    , array([ 0.38112    ,  0.0303073  ,  0.157059   ,  1.52511    ])
3452    , -179.375    , array([ 0.372085   ,  0.0394685  ,  0.160953   ,  1.52197    ])
3453    , -174.615    , array([ 0.367649   ,  0.0450404  ,  0.162937   ,  1.56739    ])
3454    , -171.999    , array([ 0.352533   ,  0.0715045  ,  0.170073   ,  1.60188    ])
3455    , -158.941    , array([ 0.363476   ,  0.0492629  ,  0.193357   ,  1.58285    ])
3456    , -155.483    , array([ 0.352557   ,  0.066883   ,  0.227835   ,  1.6133     ])
3457    , -171.636    , array([ 0.33048    ,  0.0840401  ,  0.21162    ,  1.59046    ])
3458    , -260.117    , array([ 0.328348   ,  0.164802   ,  0.211912   ,  1.6229     ])
3459    , -169.999    , array([ 0.363843   ,  0.0390538  ,  0.180765   ,  1.56119    ])
3460    , -185.362    , array([ 0.32855    ,  0.10038    ,  0.2392     ,  1.6644     ])
3461    , -165.65     , array([ 0.360688   ,  0.0498425  ,  0.177712   ,  1.55639    ])
3462    , -151.357    , array([ 0.35076    ,  0.0462594  ,  0.231403   ,  1.55875    ])
3463    , -151.84     , array([ 0.349877   ,  0.0372077  ,  0.26992    ,  1.53763    ])
3464    , -175.745    , array([ 0.385476   ,  0.0292014  ,  0.19447    ,  1.55421    ])
3465    , -158.758    , array([ 0.343446   ,  0.0645232  ,  0.207195   ,  1.58132    ])
3466    , -165.919    , array([ 0.340174   ,  0.0807704  ,  0.243741   ,  1.59352    ])
3467    , -156.544    , array([ 0.345943   ,  0.0673527  ,  0.226191   ,  1.58538    ])
3468    , -163.191    , array([ 0.336061   ,  0.0735687  ,  0.279709   ,  1.61326    ])
3469    , -155.385    , array([ 0.342056   ,  0.0667452  ,  0.249723   ,  1.59885    ])
3470    , -151.628    , array([ 0.352218   ,  0.0578003  ,  0.263378   ,  1.5966     ])
likelihood = -151.36
theta = 457.18
Optimized parameters = [0.35076027 0.04625939 0.23140252 1.55875311]
