
Round_1_Replicate_1
1       , -977.462    , array([ 1.12909    ,  0.199469   ,  0.343003   ])
2       , -979.969    , array([ 1.13597    ,  0.199469   ,  0.343003   ])
3       , -925.825    , array([ 1.12909    ,  0.184022   ,  0.343003   ])
4       , -1025.98    , array([ 1.12909    ,  0.199469   ,  0.325135   ])
5       , -900.989    , array([ 1.13367    ,  0.189033   ,  0.361854   ])
6       , -847.397    , array([ 1.13597    ,  0.184022   ,  0.381741   ])
7       , -855.687    , array([ 1.12681    ,  0.179143   ,  0.368365   ])
likelihood = -847.4
theta = 321.06
Optimized parameters = [1.13596594 0.18402193 0.38174062]

Round_1_Replicate_2
8       , -1778.97    , array([ 0.12792    ,  1.14186    ,  1.35292    ])
9       , -1852.01    , array([ 0.115421   ,  1.14186    ,  1.35292    ])
10      , -1782.79    , array([ 0.12792    ,  1.14946    ,  1.35292    ])
11      , -1779.29    , array([ 0.12792    ,  1.14186    ,  1.37352    ])
12      , -1710.17    , array([ 0.141773   ,  1.14692    ,  1.36662    ])
13      , -1641.77    , array([ 0.157125   ,  1.14946    ,  1.37352    ])
14      , -1683.04    , array([ 0.146716   ,  1.13934    ,  1.38045    ])
likelihood = -1641.77
theta = 263.99
Optimized parameters = [0.15712507 1.14945699 1.37351746]

Round_1_Replicate_3
15      , -534.311    , array([ 2.68099    ,  0.223748   ,  7.98693    ])
16      , -531.504    , array([ 2.81651    ,  0.223748   ,  7.98693    ])
17      , -539.759    , array([ 2.68099    ,  0.207609   ,  7.98693    ])
18      , -550.298    , array([ 2.68099    ,  0.223748   ,  8.86133    ])
19      , -524.383    , array([ 2.77059    ,  0.212855   ,  7.19881    ])
20      , -521.718    , array([ 2.81651    ,  0.207609   ,  6.48846    ])
21      , -517.689    , array([ 2.86318    ,  0.229401   ,  6.95378    ])
22      , -516.226    , array([ 2.95887    ,  0.241141   ,  6.48846    ])
likelihood = -516.23
theta = 92.36
Optimized parameters = [2.95886749 0.24114092 6.48846168]

Round_1_Replicate_4
23      , -710.122    , array([ 0.831378   ,  0.984479   ,  2.36966    ])
24      , -712.349    , array([ 0.823737   ,  0.984479   ,  2.36966    ])
25      , -709.802    , array([ 0.831378   ,  0.983709   ,  2.36966    ])
26      , -706.545    , array([ 0.831378   ,  0.984479   ,  2.47412    ])
27      , -705.117    , array([ 0.83909    ,  0.983966   ,  2.43879    ])
28      , -701.582    , array([ 0.846874   ,  0.983709   ,  2.47412    ])
29      , -701.975    , array([ 0.841677   ,  0.983453   ,  2.50995    ])
likelihood = -701.58
theta = 179.33
Optimized parameters = [0.84687382 0.98370903 2.47411503]

Round_1_Replicate_5
30      , -2244.2     , array([ 0.218138   ,  7.14889    ,  0.716659   ])
31      , -2274.97    , array([ 0.202147   ,  7.14889    ,  0.716659   ])
32      , -2265.36    , array([ 0.218138   ,  7.88771    ,  0.716659   ])
33      , -2244.76    , array([ 0.218138   ,  7.14889    ,  0.70482    ])
34      , -2232.75    , array([ 0.235394   ,  7.63332    ,  0.708745   ])
35      , -2219.06    , array([ 0.254014   ,  7.88771    ,  0.70482    ])
36      , -2204.16    , array([ 0.241444   ,  6.91833    ,  0.700918   ])
37      , -2176.45    , array([ 0.254014   ,  6.47928    ,  0.693177   ])
likelihood = -2176.45
theta = 206.39
Optimized parameters = [0.25401437 6.47928122 0.6931769 ]

Round_1_Replicate_6
38      , -1934.42    , array([ 0.128547   ,  1.27915    ,  0.362201   ])
39      , -1992.54    , array([ 0.116015   ,  1.27915    ,  0.362201   ])
40      , -1940.8     , array([ 0.128547   ,  1.29499    ,  0.362201   ])
41      , -1943.54    , array([ 0.128547   ,  1.27915    ,  0.344269   ])
42      , -1896.69    , array([ 0.142432   ,  1.28969    ,  0.350145   ])
43      , -1866.24    , array([ 0.157817   ,  1.29499    ,  0.344269   ])
44      , -1873.89    , array([ 0.147386   ,  1.30032    ,  0.368384   ])
likelihood = -1866.24
theta = 333.61
Optimized parameters = [0.15781721 1.29499174 0.34426862]

Round_1_Replicate_7
45      , -2144.18    , array([ 0.141956   ,  1.42446    ,  0.217796   ])
46      , -2145.51    , array([ 0.128754   ,  1.42446    ,  0.217796   ])
47      , -2152.29    , array([ 0.141956   ,  1.44988    ,  0.217796   ])
48      , -2193.76    , array([ 0.141956   ,  1.42446    ,  0.201815   ])
49      , -2110.89    , array([ 0.133012   ,  1.44136    ,  0.235043   ])
50      , -2087.6     , array([ 0.128754   ,  1.44988    ,  0.253656   ])
51      , -2103.35    , array([ 0.124632   ,  1.41608    ,  0.241091   ])
likelihood = -2087.6
theta = 344.24
Optimized parameters = [0.12875387 1.44988117 0.25365612]

Round_1_Replicate_8
52      , -1737.16    , array([ 0.309162   ,  0.611296   ,  0.250519   ])
53      , -1701.09    , array([ 0.291538   ,  0.611296   ,  0.250519   ])
54      , -1714.99    , array([ 0.309162   ,  0.596436   ,  0.250519   ])
55      , -1838       , array([ 0.309162   ,  0.611296   ,  0.233767   ])
56      , -1606.56    , array([ 0.297298   ,  0.601349   ,  0.268472   ])
57      , -1505.3     , array([ 0.291538   ,  0.596436   ,  0.287711   ])
58      , -1544.36    , array([ 0.285889   ,  0.591564   ,  0.274737   ])
likelihood = -1505.3
theta = 365.4
Optimized parameters = [0.29153774 0.59643621 0.28771107]

Round_1_Replicate_9
59      , -2866.5     , array([ 0.655556   ,  6.70512    ,  0.513891   ])
60      , -2838.94    , array([ 0.64186    ,  6.70512    ,  0.513891   ])
61      , -2895.01    , array([ 0.655556   ,  7.3744     ,  0.513891   ])
62      , -2917.34    , array([ 0.655556   ,  6.70512    ,  0.497067   ])
63      , -2818.32    , array([ 0.646394   ,  7.14419    ,  0.531285   ])
64      , -2771.4     , array([ 0.64186    ,  7.3744     ,  0.549268   ])
65      , -2755.87    , array([ 0.637359   ,  6.4958     ,  0.537213   ])
66      , -2687.59    , array([ 0.628451   ,  6.09658    ,  0.549268   ])
likelihood = -2687.59
theta = 205.14
Optimized parameters = [0.62845057 6.09657504 0.54926787]

Round_1_Replicate_10
67      , -701.652    , array([ 0.721077   ,  0.405228   ,  0.676126   ])
68      , -696.679    , array([ 0.709383   ,  0.405228   ,  0.676126   ])
69      , -675.489    , array([ 0.721077   ,  0.387333   ,  0.676126   ])
70      , -714.496    , array([ 0.721077   ,  0.405228   ,  0.663023   ])
71      , -668.854    , array([ 0.71326    ,  0.393208   ,  0.689487   ])
72      , -647.64     , array([ 0.709383   ,  0.387333   ,  0.703112   ])
73      , -645.435    , array([ 0.705528   ,  0.381545   ,  0.693999   ])
74      , -619.586    , array([ 0.697879   ,  0.370228   ,  0.703112   ])
likelihood = -619.59
theta = 313.89
Optimized parameters = [0.697879   0.37022783 0.70311234]

Round_2_Replicate_1
75      , -543.061    , array([ 7.87325    ,  0.890228   ,  14.8819    ])
76      , -569.208    , array([ 8.72894    ,  0.890228   ,  14.8819    ])
77      , -543.324    , array([ 7.87325    ,  0.885067   ,  14.8819    ])
78      , -524.827    , array([ 7.87325    ,  0.890228   ,  17.033     ])
79      , -515.457    , array([ 7.10144    ,  0.886784   ,  16.2834    ])
80      , -506.399    , array([ 6.40529    ,  0.885067   ,  17.033     ])
81      , -507.768    , array([ 6.86136    ,  0.891955   ,  17.817     ])
82      , -510.296    , array([ 6.2601     ,  0.887931   ,  20.0887    ])
83      , -524.588    , array([ 5.37279    ,  0.886402   ,  19.5927    ])
84      , -510.467    , array([ 5.91137    ,  0.887357   ,  18.9188    ])
likelihood = -506.4
theta = 39.21
Optimized parameters = [ 6.40528717  0.88506743 17.03296427]

Round_2_Replicate_2
85      , -582.043    , array([ 0.967266   ,  0.426102   ,  4.17302    ])
86      , -582.612    , array([ 0.965658   ,  0.426102   ,  4.17302    ])
87      , -581.854    , array([ 0.967266   ,  0.408309   ,  4.17302    ])
88      , -603.91     , array([ 0.967266   ,  0.426102   ,  4.48202    ])
89      , -561.544    , array([ 0.966193   ,  0.414156   ,  3.88533    ])
90      , -542.409    , array([ 0.965658   ,  0.408309   ,  3.61748    ])
91      , -554.214    , array([ 0.967803   ,  0.402545   ,  3.79391    ])
92      , -537.499    , array([ 0.966551   ,  0.387568   ,  3.56051    ])
93      , -517.834    , array([ 0.966193   ,  0.369629   ,  3.28884    ])
94      , -501.475    , array([ 0.965836   ,  0.378492   ,  3.0379     ])
95      , -474.323    , array([ 0.965122   ,  0.36441    ,  2.59199    ])
likelihood = -474.32
theta = 202.73
Optimized parameters = [0.96512208 0.36441039 2.5919936 ]

Round_2_Replicate_3
96      , -477.121    , array([ 1.88625    ,  0.455609   ,  3.41205    ])
97      , -481.241    , array([ 1.94706    ,  0.455609   ,  3.41205    ])
98      , -475.807    , array([ 1.88625    ,  0.438049   ,  3.41205    ])
99      , -472.561    , array([ 1.88625    ,  0.455609   ,  3.62799    ])
100     , -470.223    , array([ 1.82734    ,  0.443826   ,  3.55453    ])
101     , -467.005    , array([ 1.77027    ,  0.438049   ,  3.62799    ])
102     , -467.547    , array([ 1.80812    ,  0.432347   ,  3.70296    ])
103     , -466.698    , array([ 1.75783    ,  0.445768   ,  3.91056    ])
104     , -469.992    , array([ 1.69694    ,  0.449679   ,  4.1865     ])
105     , -466.023    , array([ 1.67712    ,  0.422393   ,  3.86637    ])
106     , -470.451    , array([ 1.58141    ,  0.406704   ,  3.99137    ])
likelihood = -466.02
theta = 140.7
Optimized parameters = [1.67711535 0.42239278 3.86636952]

Round_2_Replicate_4
107     , -688.093    , array([ 1.70907    ,  0.0712597  ,  7.61178    ])
108     , -680.913    , array([ 1.75548    ,  0.0712597  ,  7.61178    ])
109     , -699.61     , array([ 1.70907    ,  0.0624434  ,  7.61178    ])
110     , -722.88     , array([ 1.70907    ,  0.0712597  ,  8.42482    ])
111     , -660.599    , array([ 1.73987    ,  0.0652538  ,  6.8772     ])
112     , -636.457    , array([ 1.75548    ,  0.0624434  ,  6.21352    ])
113     , -636.484    , array([ 1.77123    ,  0.0744669  ,  6.64845    ])
114     , -619.82     , array([ 1.81393    ,  0.0671973  ,  6.07496    ])
115     , -598.438    , array([ 1.86875    ,  0.0652538  ,  5.42715    ])
116     , -586.974    , array([ 1.84114    ,  0.0633665  ,  4.84842    ])
117     , -578.445    , array([ 1.88552    ,  0.059754   ,  3.86952    ])
likelihood = -578.44
theta = 145.75
Optimized parameters = [1.88552105 0.05975403 3.8695231 ]

Round_2_Replicate_5
118     , -1136       , array([ 5.18212    ,  0.910475   ,  2.33411    ])
119     , -1170.88    , array([ 5.62642    ,  0.910475   ,  2.33411    ])
120     , -1133.58    , array([ 5.18212    ,  0.906216   ,  2.33411    ])
121     , -1109.54    , array([ 5.18212    ,  0.910475   ,  2.43516    ])
122     , -1080.78    , array([ 4.77289    ,  0.907634   ,  2.401      ])
123     , -1034.5     , array([ 4.39599    ,  0.906216   ,  2.43516    ])
124     , -1049.57    , array([ 4.6438     ,  0.9048     ,  2.46981    ])
125     , -995.201    , array([ 4.31636    ,  0.908107   ,  2.56463    ])
126     , -925.618    , array([ 3.93933    ,  0.909053   ,  2.68829    ])
127     , -895.507    , array([ 3.59524    ,  0.902917   ,  2.62573    ])
128     , -792.575    , array([ 2.99459    ,  0.899161   ,  2.72654    ])
likelihood = -792.57
theta = 120.74
Optimized parameters = [2.99459466 0.89916079 2.72653553]

Round_2_Replicate_6
129     , -653.489    , array([ 5.19154    ,  0.0997473  ,  9.1377     ])
130     , -675.835    , array([ 5.63717    ,  0.0997473  ,  9.1377     ])
131     , -663.434    , array([ 5.19154    ,  0.0888886  ,  9.1377     ])
132     , -640.839    , array([ 5.19154    ,  0.0997473  ,  10.2065    ])
133     , -635.655    , array([ 4.78114    ,  0.0923701  ,  9.83705    ])
134     , -627.125    , array([ 4.40318    ,  0.0888886  ,  10.2065    ])
135     , -619.069    , array([ 4.65168    ,  0.103654   ,  10.5899    ])
136     , -609.813    , array([ 4.40318    ,  0.111932   ,  11.4004    ])
137     , -626.084    , array([ 4.16796    ,  0.0997473  ,  12.2729    ])
138     , -639.601    , array([ 3.60033    ,  0.0997473  ,  12.4247    ])
139     , -623.732    , array([ 3.9453     ,  0.0997473  ,  11.8286    ])
likelihood = -609.81
theta = 59.53
Optimized parameters = [ 4.40318437  0.11193247 11.40041455]

Round_2_Replicate_7
140     , -527.67     , array([ 1.25879    ,  0.65095    ,  2.46323    ])
141     , -527.901    , array([ 1.27336    ,  0.65095    ,  2.46323    ])
142     , -522.898    , array([ 1.25879    ,  0.637125   ,  2.46323    ])
143     , -522.168    , array([ 1.25879    ,  0.65095    ,  2.5768     ])
144     , -520.834    , array([ 1.24439    ,  0.641701   ,  2.53838    ])
145     , -517.986    , array([ 1.23015    ,  0.637125   ,  2.5768     ])
146     , -515.04     , array([ 1.23962    ,  0.632583   ,  2.61581    ])
147     , -510.302    , array([ 1.23015    ,  0.623595   ,  2.6956     ])
148     , -512.948    , array([ 1.22075    ,  0.637125   ,  2.77783    ])
149     , -507.783    , array([ 1.19603    ,  0.614734   ,  2.79178    ])
150     , -505.087    , array([ 1.16583    ,  0.597389   ,  2.90591    ])
likelihood = -505.09
theta = 171.24
Optimized parameters = [1.16583104 0.5973888  2.90590701]

Round_2_Replicate_8
151     , -1052.77    , array([ 0.824252   ,  0.2286     ,  10.1205    ])
152     , -1058.15    , array([ 0.816325   ,  0.2286     ,  10.1205    ])
153     , -1057.09    , array([ 0.824252   ,  0.212339   ,  10.1205    ])
154     , -1118.79    , array([ 0.824252   ,  0.2286     ,  11.3622    ])
155     , -995.481    , array([ 0.818958   ,  0.217626   ,  9.01453    ])
156     , -937.565    , array([ 0.816325   ,  0.212339   ,  8.0294     ])
157     , -972.352    , array([ 0.826911   ,  0.20718    ,  8.6734     ])
158     , -920.057    , array([ 0.820719   ,  0.219418   ,  7.82553    ])
159     , -856.028    , array([ 0.818958   ,  0.223046   ,  6.88128    ])
160     , -800.915    , array([ 0.817202   ,  0.200496   ,  6.05097    ])
161     , -697.573    , array([ 0.813699   ,  0.187767   ,  4.67881    ])
likelihood = -697.57
theta = 165.18
Optimized parameters = [0.81369912 0.18776703 4.67881027]

Round_2_Replicate_9
162     , -1487.09    , array([ 0.924955   ,  0.547866   ,  24.7074    ])
163     , -1489.59    , array([ 0.921354   ,  0.547866   ,  24.7074    ])
164     , -1488.7     , array([ 0.924955   ,  0.531629   ,  24.7074    ])
165     , -1595.67    , array([ 0.924955   ,  0.547866   ,  29.0047    ])
166     , -1384.92    , array([ 0.922553   ,  0.536987   ,  21.0468    ])
167     , -1285.31    , array([ 0.921354   ,  0.531629   ,  17.9285    ])
168     , -1349.27    , array([ 0.926158   ,  0.526324   ,  19.9513    ])
169     , -1261.71    , array([ 0.923353   ,  0.538785   ,  17.3009    ])
170     , -1156.32    , array([ 0.922553   ,  0.542399   ,  14.4774    ])
171     , -1054.23    , array([ 0.921754   ,  0.519333   ,  12.1146    ])
172     , -875.823    , array([ 0.920157   ,  0.505628   ,  8.48304    ])
likelihood = -875.82
theta = 103.29
Optimized parameters = [0.920157   0.50562806 8.48303719]

Round_2_Replicate_10
173     , -1452.91    , array([ 0.807115   ,  0.203189   ,  18.6694    ])
174     , -1459.63    , array([ 0.798514   ,  0.203189   ,  18.6694    ])
175     , -1459.29    , array([ 0.807115   ,  0.187627   ,  18.6694    ])
176     , -1552.42    , array([ 0.807115   ,  0.203189   ,  21.6116    ])
177     , -1364.79    , array([ 0.801371   ,  0.192677   ,  16.1277    ])
178     , -1275.05    , array([ 0.798514   ,  0.187627   ,  13.9321    ])
179     , -1330.74    , array([ 0.810003   ,  0.182709   ,  15.3599    ])
180     , -1248.34    , array([ 0.803281   ,  0.194391   ,  13.4863    ])
181     , -1149.35    , array([ 0.801371   ,  0.197863   ,  11.4624    ])
182     , -1064.31    , array([ 0.799465   ,  0.176352   ,  9.74219    ])
183     , -898.224    , array([ 0.795667   ,  0.164294   ,  7.03753    ])
likelihood = -898.22
theta = 127.61
Optimized parameters = [0.79566675 0.16429358 7.03752647]

Round_3_Replicate_1
184     , -774.578    , array([ 1.51111    ,  0.115669   ,  9.51991    ])
185     , -766.46     , array([ 1.54262    ,  0.115669   ,  9.51991    ])
186     , -783.386    , array([ 1.51111    ,  0.103843   ,  9.51991    ])
187     , -825.576    , array([ 1.51111    ,  0.115669   ,  10.6553    ])
188     , -728.356    , array([ 1.53204    ,  0.107644   ,  8.50553    ])
189     , -686.621    , array([ 1.54262    ,  0.103843   ,  7.59923    ])
190     , -700.608    , array([ 1.55327    ,  0.119903   ,  8.19201    ])
191     , -665.552    , array([ 1.58204    ,  0.110255   ,  7.41133    ])
192     , -622.615    , array([ 1.61874    ,  0.107644   ,  6.53924    ])
193     , -594.529    , array([ 1.60028    ,  0.105095   ,  5.76978    ])
194     , -549.603    , array([ 1.62992    ,  0.100176   ,  4.49182    ])
195     , -556.665    , array([ 1.64117    ,  0.0899345  ,  4.49182    ])
196     , -533.962    , array([ 1.72215    ,  0.0943504  ,  3.41045    ])
197     , -568.088    , array([ 1.81961    ,  0.0899345  ,  2.28472    ])
198     , -548.151    , array([ 1.71034    ,  0.0833615  ,  2.56789    ])
199     , -541.384    , array([ 1.73404    ,  0.0948542  ,  2.57504    ])
200     , -612.815    , array([ 1.81961    ,  0.082113   ,  1.77702    ])
201     , -533.481    , array([ 1.6754     ,  0.0953184  ,  3.56237    ])
likelihood = -533.48
theta = 157.12
Optimized parameters = [1.67539954 0.09531843 3.56237413]

Round_3_Replicate_2
202     , -778.308    , array([ 0.84282    ,  1.16873    ,  4.23248    ])
203     , -782.035    , array([ 0.835644   ,  1.16873    ,  4.23248    ])
204     , -780.661    , array([ 0.84282    ,  1.17788    ,  4.23248    ])
205     , -788.662    , array([ 0.84282    ,  1.16873    ,  4.54909    ])
206     , -774.334    , array([ 0.838029   ,  1.17482    ,  3.9379     ])
207     , -770.634    , array([ 0.835644   ,  1.17788    ,  3.66383    ])
208     , -770.388    , array([ 0.845225   ,  1.18095    ,  3.84434    ])
209     , -766.567    , array([ 0.850057   ,  1.1871     ,  3.66383    ])
210     , -764.814    , array([ 0.84282    ,  1.17788    ,  3.49179    ])
211     , -763.102    , array([ 0.84282    ,  1.17788    ,  3.17158    ])
212     , -771.192    , array([ 0.84282    ,  1.19329    ,  2.88073    ])
213     , -766.113    , array([ 0.84282    ,  1.1871     ,  3.17158    ])
214     , -763.358    , array([ 0.854916   ,  1.19019    ,  3.02266    ])
215     , -773.286    , array([ 0.843621   ,  1.18299    ,  2.65884    ])
216     , -763.863    , array([ 0.848443   ,  1.18607    ,  3.38162    ])
217     , -759.642    , array([ 0.854645   ,  1.18231    ,  3.20566    ])
218     , -756.437    , array([ 0.86062    ,  1.17992    ,  3.22283    ])
219     , -760.474    , array([ 0.857084   ,  1.17924    ,  2.91168    ])
220     , -756.079    , array([ 0.852033   ,  1.16795    ,  3.17723    ])
221     , -753.19     , array([ 0.850595   ,  1.15698    ,  3.25746    ])
likelihood = -753.19
theta = 155.23
Optimized parameters = [0.85059516 1.15698245 3.257461  ]

Round_3_Replicate_3
222     , -494.536    , array([ 1.99722    ,  0.416923   ,  3.08596    ])
223     , -501.694    , array([ 2.06751    ,  0.416923   ,  3.08596    ])
224     , -493.26     , array([ 1.99722    ,  0.399079   ,  3.08596    ])
225     , -487.328    , array([ 1.99722    ,  0.416923   ,  3.26482    ])
226     , -482.902    , array([ 1.92932    ,  0.40494    ,  3.20408    ])
227     , -475.745    , array([ 1.86373    ,  0.399079   ,  3.26482    ])
228     , -477.274    , array([ 1.9072     ,  0.393302   ,  3.32672    ])
229     , -470.693    , array([ 1.84946    ,  0.406913   ,  3.49757    ])
230     , -466.389    , array([ 1.77973    ,  0.410888   ,  3.72353    ])
231     , -464.868    , array([ 1.71263    ,  0.38573    ,  3.60879    ])
232     , -467.638    , array([ 1.58593    ,  0.371019   ,  3.79413    ])
233     , -464.857    , array([ 1.66931    ,  0.40363    ,  3.73911    ])
234     , -470.514    , array([ 1.56174    ,  0.408896   ,  3.96409    ])
235     , -475.025    , array([ 1.58728    ,  0.400807   ,  4.17058    ])
236     , -467.464    , array([ 1.65229    ,  0.400374   ,  3.92295    ])
237     , -467.915    , array([ 1.7904     ,  0.39951    ,  3.47091    ])
238     , -465.622    , array([ 1.68579    ,  0.400158   ,  3.8047     ])
239     , -465.196    , array([ 1.60318    ,  0.38248    ,  3.70975    ])
240     , -463.49     , array([ 1.63676    ,  0.381082   ,  3.56995    ])
241     , -462.479    , array([ 1.61279    ,  0.371889   ,  3.45806    ])
likelihood = -462.48
theta = 151.45
Optimized parameters = [1.61279082 0.37188853 3.45806188]

Round_3_Replicate_4
242     , -1143.98    , array([ 0.671714   ,  0.175908   ,  9.42557    ])
243     , -1155.47    , array([ 0.658482   ,  0.175908   ,  9.42557    ])
244     , -1149.76    , array([ 0.671714   ,  0.161269   ,  9.42557    ])
245     , -1210.39    , array([ 0.671714   ,  0.175908   ,  10.5444    ])
246     , -1091.16    , array([ 0.662864   ,  0.166008   ,  8.42543    ])
247     , -1034.63    , array([ 0.658482   ,  0.161269   ,  7.53142    ])
248     , -1062.81    , array([ 0.676184   ,  0.156665   ,  8.11622    ])
249     , -1012.83    , array([ 0.665801   ,  0.167618   ,  7.34601    ])
250     , -949.241    , array([ 0.662864   ,  0.170886   ,  6.4852     ])
251     , -896.724    , array([ 0.659939   ,  0.15073    ,  5.72526    ])
252     , -790.44     , array([ 0.654129   ,  0.139527   ,  4.46209    ])
253     , -791.502    , array([ 0.641243   ,  0.156665   ,  4.46209    ])
254     , -682.53     , array([ 0.646939   ,  0.149282   ,  3.392      ])
255     , -564.209    , array([ 0.641243   ,  0.143627   ,  2.27639    ])
256     , -534.645    , array([ 0.628611   ,  0.125469   ,  1.96016    ])
257     , -405.206    , array([ 0.612155   ,  0.10751    ,  1.07765    ])
258     , -408.837    , array([ 0.630002   ,  0.106477   ,  1.10485    ])
259     , -414.443    , array([ 0.602311   ,  0.0998401  ,  0.435658   ])
likelihood = -405.21
theta = 350.64
Optimized parameters = [0.61215458 0.10751032 1.07764799]

Round_3_Replicate_5
260     , -692.139    , array([ 2.63698    ,  0.242475   ,  1.70644    ])
261     , -711.193    , array([ 2.76798    ,  0.242475   ,  1.70644    ])
262     , -692.008    , array([ 2.63698    ,  0.225892   ,  1.70644    ])
263     , -686.932    , array([ 2.63698    ,  0.242475   ,  1.75265    ])
264     , -669.609    , array([ 2.51219    ,  0.23129    ,  1.73711    ])
265     , -649.28     , array([ 2.3933     ,  0.225892   ,  1.75265    ])
266     , -660.435    , array([ 2.47192    ,  0.22062    ,  1.76833    ])
267     , -638.754    , array([ 2.36765    ,  0.233117   ,  1.81083    ])
268     , -612.647    , array([ 2.24348    ,  0.236816   ,  1.8654     ])
269     , -597.191    , array([ 2.12583    ,  0.213782   ,  1.83791    ])
270     , -557.92     , array([ 1.9087     ,  0.200735   ,  1.88209    ])
271     , -553.594    , array([ 1.9087     ,  0.22062    ,  1.89893    ])
272     , -509.41     , array([ 1.67722    ,  0.22062    ,  1.9678     ])
273     , -487.026    , array([ 1.55538    ,  0.212106   ,  2.06967    ])
274     , -454.496    , array([ 1.25389    ,  0.205531   ,  2.24907    ])
275     , -455.203    , array([ 1.12582    ,  0.184085   ,  2.20282    ])
276     , -474.59     , array([ 0.930694   ,  0.204993   ,  2.42476    ])
277     , -566.519    , array([ 0.715207   ,  0.177601   ,  2.66554    ])
278     , -461.073    , array([ 1.35535    ,  0.208975   ,  2.12291    ])
likelihood = -454.5
theta = 206.1
Optimized parameters = [1.25388708 0.20553144 2.24907468]

Round_4_Replicate_1
279     , -605.83     , array([ 0.418626   ,  0.11161    ,  1.56118    ])
280     , -623.797    , array([ 0.400791   ,  0.11161    ,  1.56118    ])
281     , -612.751    , array([ 0.418626   ,  0.10002    ,  1.56118    ])
282     , -613.902    , array([ 0.418626   ,  0.11161    ,  1.59634    ])
283     , -598.559    , array([ 0.437255   ,  0.103743   ,  1.58454    ])
284     , -587.138    , array([ 0.456713   ,  0.10002    ,  1.59634    ])
285     , -590.142    , array([ 0.443647   ,  0.0964311  ,  1.54964    ])
286     , -576.172    , array([ 0.461154   ,  0.105015   ,  1.57671    ])
287     , -559.206    , array([ 0.484011   ,  0.107605   ,  1.58454    ])
288     , -556.083    , array([ 0.508001   ,  0.0918449  ,  1.5924     ])
289     , -537.261    , array([ 0.559608   ,  0.0833165  ,  1.60824    ])
290     , -533.958    , array([ 0.559608   ,  0.0964311  ,  1.64446    ])
291     , -513.751    , array([ 0.628503   ,  0.0964311  ,  1.69403    ])
292     , -500.581    , array([ 0.672544   ,  0.0907329  ,  1.66082    ])
293     , -485.483    , array([ 0.81613    ,  0.0864176  ,  1.69403    ])
294     , -486.279    , array([ 0.89904    ,  0.0728677  ,  1.74941    ])
295     , -491.623    , array([ 1.06663    ,  0.0860674  ,  1.82307    ])
296     , -533.542    , array([ 1.35122    ,  0.068934   ,  1.81757    ])
297     , -492.006    , array([ 0.761048   ,  0.0886689  ,  1.7241     ])
298     , -497.633    , array([ 1.11589    ,  0.0749686  ,  1.78586    ])
299     , -486.755    , array([ 0.837461   ,  0.0850253  ,  1.73934    ])
300     , -501.847    , array([ 0.677624   ,  0.0766099  ,  1.63679    ])
301     , -485.884    , array([ 0.952263   ,  0.0835989  ,  1.7746     ])
302     , -484.839    , array([ 0.940226   ,  0.0766791  ,  1.7387     ])
303     , -488.748    , array([ 0.996244   ,  0.0728184  ,  1.73838    ])
304     , -481.194    , array([ 0.902375   ,  0.092566   ,  1.72163    ])
305     , -471.028    , array([ 0.904047   ,  0.10433    ,  1.7079     ])
306     , -477.267    , array([ 0.822934   ,  0.0935245  ,  1.65439    ])
likelihood = -471.03
theta = 265.68
Optimized parameters = [0.90404698 0.10433014 1.70790218]

Round_4_Replicate_2
307     , -459.916    , array([ 1.02182    ,  0.141933   ,  0.945999   ])
308     , -460.218    , array([ 1.02292    ,  0.141933   ,  0.945999   ])
309     , -462.586    , array([ 1.02182    ,  0.128732   ,  0.945999   ])
310     , -460.206    , array([ 1.02182    ,  0.141933   ,  0.943377   ])
311     , -459.357    , array([ 1.02255    ,  0.156487   ,  0.94425    ])
312     , -460.61     , array([ 1.02292    ,  0.172534   ,  0.943377   ])
313     , -459.239    , array([ 1.0212     ,  0.151477   ,  0.943086   ])
314     , -459.074    , array([ 1.02035    ,  0.156487   ,  0.941632   ])
315     , -459.091    , array([ 1.02133    ,  0.161663   ,  0.944541   ])
316     , -460.965    , array([ 1.021      ,  0.176317   ,  0.940955   ])
317     , -459.241    , array([ 1.02161    ,  0.149843   ,  0.944735   ])
318     , -458.715    , array([ 1.01964    ,  0.155359   ,  0.943021   ])
319     , -458.399    , array([ 1.01819    ,  0.154799   ,  0.942407   ])
320     , -458.967    , array([ 1.0183     ,  0.165806   ,  0.940987   ])
321     , -458.382    , array([ 1.01657    ,  0.156298   ,  0.938819   ])
322     , -458.098    , array([ 1.01419    ,  0.153683   ,  0.93597    ])
323     , -457.685    , array([ 1.01345    ,  0.159534   ,  0.93794    ])
324     , -457.03     , array([ 1.01001    ,  0.161079   ,  0.936099   ])
325     , -457.276    , array([ 1.00997    ,  0.147691   ,  0.935329   ])
326     , -456.283    , array([ 1.00464    ,  0.153313   ,  0.929238   ])
327     , -455.229    , array([ 0.997937   ,  0.152576   ,  0.922722   ])
328     , -454.679    , array([ 0.997791   ,  0.153683   ,  0.926779   ])
329     , -452.983    , array([ 0.989689   ,  0.153683   ,  0.922217   ])
330     , -453.524    , array([ 0.988499   ,  0.164216   ,  0.918726   ])
331     , -450.617    , array([ 0.974372   ,  0.152515   ,  0.906578   ])
332     , -447.529    , array([ 0.957026   ,  0.148405   ,  0.892168   ])
333     , -447.343    , array([ 0.959024   ,  0.158066   ,  0.899303   ])
334     , -443.678    , array([ 0.94014    ,  0.160885   ,  0.887817   ])
likelihood = -443.68
theta = 305.17
Optimized parameters = [0.94013954 0.1608853  0.88781686]

Round_4_Replicate_3
335     , -411.157    , array([ 0.711311   ,  0.123824   ,  0.610158   ])
336     , -406.545    , array([ 0.699298   ,  0.123824   ,  0.610158   ])
337     , -411.496    , array([ 0.711311   ,  0.111544   ,  0.610158   ])
338     , -414.573    , array([ 0.711311   ,  0.123824   ,  0.595271   ])
339     , -405.239    , array([ 0.703279   ,  0.115495   ,  0.625418   ])
340     , -401.921    , array([ 0.699298   ,  0.111544   ,  0.641059   ])
341     , -401.409    , array([ 0.695339   ,  0.128211   ,  0.630589   ])
342     , -398.075    , array([ 0.687488   ,  0.137456   ,  0.641059   ])
343     , -392.229    , array([ 0.679726   ,  0.123824   ,  0.651703   ])
344     , -384.539    , array([ 0.664464   ,  0.123824   ,  0.673525   ])
345     , -383.679    , array([ 0.668247   ,  0.123824   ,  0.696078   ])
346     , -376.947    , array([ 0.653242   ,  0.123824   ,  0.743473   ])
347     , -373.865    , array([ 0.638574   ,  0.147368   ,  0.73133    ])
348     , -371.012    , array([ 0.610219   ,  0.169389   ,  0.781126   ])
349     , -367.453    , array([ 0.599914   ,  0.137456   ,  0.834313   ])
350     , -379.73     , array([ 0.560403   ,  0.137456   ,  0.951797   ])
351     , -373.825    , array([ 0.579822   ,  0.163593   ,  0.915918   ])
352     , -387.312    , array([ 0.544719   ,  0.196972   ,  0.95354    ])
353     , -369.099    , array([ 0.624236   ,  0.139061   ,  0.791195   ])
354     , -376.026    , array([ 0.644645   ,  0.133784   ,  0.702047   ])
355     , -368.665    , array([ 0.59539    ,  0.155569   ,  0.857006   ])
356     , -373.56     , array([ 0.602569   ,  0.12208    ,  0.875675   ])
357     , -367.815    , array([ 0.608298   ,  0.156072   ,  0.803761   ])
358     , -369.589    , array([ 0.578969   ,  0.160597   ,  0.87366    ])
359     , -367.695    , array([ 0.612598   ,  0.144158   ,  0.811052   ])
360     , -367.937    , array([ 0.61866    ,  0.136446   ,  0.777473   ])
361     , -367.249    , array([ 0.612759   ,  0.140994   ,  0.796636   ])
362     , -369.091    , array([ 0.60849    ,  0.1271     ,  0.824072   ])
363     , -367.167    , array([ 0.608346   ,  0.148262   ,  0.808791   ])
364     , -366.375    , array([ 0.601419   ,  0.140204   ,  0.815145   ])
365     , -365.899    , array([ 0.595906   ,  0.138267   ,  0.8172     ])
likelihood = -365.9
theta = 369.49
Optimized parameters = [0.59590642 0.1382673  0.81719982]

Round_4_Replicate_4
366     , -642.88     , array([ 0.423366   ,  0.176746   ,  1.86131    ])
367     , -662.343    , array([ 0.405557   ,  0.176746   ,  1.86131    ])
368     , -646.207    , array([ 0.423366   ,  0.162076   ,  1.86131    ])
369     , -654.618    , array([ 0.423366   ,  0.176746   ,  1.92004    ])
370     , -634.007    , array([ 0.441957   ,  0.166825   ,  1.90026    ])
371     , -620.888    , array([ 0.461365   ,  0.162076   ,  1.92004    ])
372     , -618.963    , array([ 0.448334   ,  0.157461   ,  1.84214    ])
373     , -602.498    , array([ 0.461365   ,  0.148623   ,  1.80438    ])
374     , -597.852    , array([ 0.474774   ,  0.162076   ,  1.86131    ])
375     , -575.524    , array([ 0.502774   ,  0.162076   ,  1.86131    ])
376     , -563.029    , array([ 0.532425   ,  0.14028    ,  1.86131    ])
377     , -534.276    , array([ 0.597076   ,  0.124974   ,  1.86131    ])
378     , -525.027    , array([ 0.580212   ,  0.128637   ,  1.7674     ])
379     , -494.039    , array([ 0.650666   ,  0.114601   ,  1.69569    ])
380     , -486.223    , array([ 0.729674   ,  0.117959   ,  1.80438    ])
381     , -476.647    , array([ 0.917638   ,  0.105089   ,  1.80438    ])
382     , -488.451    , array([ 1          ,  0.0810322  ,  1.71334    ])
383     , -514.692    , array([ 1.18756    ,  0.0787252  ,  1.62129    ])
384     , -486.841    , array([ 1          ,  0.088367   ,  1.67822    ])
385     , -549.286    , array([ 1.4513     ,  0.0721907  ,  1.7674     ])
386     , -477.537    , array([ 0.795166   ,  0.102097   ,  1.71334    ])
387     , -467.194    , array([ 0.8105     ,  0.1191     ,  1.74919    ])
388     , -465.676    , array([ 0.729674   ,  0.144391   ,  1.7674     ])
389     , -494.297    , array([ 0.65691    ,  0.151512   ,  1.84851    ])
390     , -474.302    , array([ 0.900277   ,  0.101118   ,  1.71926    ])
391     , -460.09     , array([ 0.897416   ,  0.130299   ,  1.81479    ])
392     , -452.546    , array([ 0.953371   ,  0.147199   ,  1.86775    ])
393     , -447.158    , array([ 0.797701   ,  0.158475   ,  1.76334    ])
394     , -444.045    , array([ 0.743746   ,  0.19461    ,  1.74316    ])
395     , -463.215    , array([ 0.71587    ,  0.254826   ,  1.86775    ])
likelihood = -444.04
theta = 272.09
Optimized parameters = [0.74374553 0.19460954 1.74316431]

Round_4_Replicate_5
396     , -434.247    , array([ 0.947027   ,  0.168209   ,  0.996552   ])
397     , -433.606    , array([ 0.944453   ,  0.168209   ,  0.996552   ])
398     , -434.364    , array([ 0.947027   ,  0.153866   ,  0.996552   ])
399     , -434.262    , array([ 0.947027   ,  0.168209   ,  0.99638    ])
400     , -435.412    , array([ 0.94531    ,  0.18389    ,  0.996437   ])
401     , -434.004    , array([ 0.946597   ,  0.160878   ,  0.996523   ])
402     , -433.601    , array([ 0.945024   ,  0.163285   ,  0.996705   ])
403     , -433.337    , array([ 0.944025   ,  0.160878   ,  0.996867   ])
404     , -433.143    , array([ 0.943026   ,  0.158506   ,  0.996743   ])
405     , -432.854    , array([ 0.941032   ,  0.153866   ,  0.996839   ])
406     , -432.269    , array([ 0.939752   ,  0.160878   ,  0.996982   ])
407     , -431.411    , array([ 0.936349   ,  0.160878   ,  0.997212   ])
408     , -432.068    , array([ 0.93649    ,  0.149362   ,  0.997394   ])
409     , -431.021    , array([ 0.931923   ,  0.148624   ,  0.997429   ])
410     , -430.315    , array([ 0.925931   ,  0.142852   ,  0.997709   ])
411     , -429.335    , array([ 0.924859   ,  0.14789    ,  0.998038   ])
412     , -427.735    , array([ 0.916876   ,  0.14499    ,  0.998638   ])
413     , -427.087    , array([ 0.916322   ,  0.149362   ,  0.998313   ])
414     , -424.68     , array([ 0.906401   ,  0.149362   ,  0.998773   ])
415     , -425.554    , array([ 0.896814   ,  0.131971   ,  0.999536   ])
416     , -421.397    , array([ 0.88779    ,  0.140978   ,  1.00026    ])
417     , -417.286    , array([ 0.869313   ,  0.14005    ,  1.00153    ])
418     , -417.289    , array([ 0.865277   ,  0.135726   ,  1.00126    ])
419     , -414.467    , array([ 0.863772   ,  0.151931   ,  1.0015     ])
420     , -410.501    , array([ 0.84771    ,  0.163016   ,  1.00249    ])
421     , -405.724    , array([ 0.817333   ,  0.142303   ,  1.00476    ])
422     , -398.636    , array([ 0.776136   ,  0.138899   ,  1.00776    ])
423     , -400.11     , array([ 0.796317   ,  0.15903    ,  1.0066     ])
likelihood = -398.64
theta = 321.84
Optimized parameters = [0.77613641 0.13889926 1.00776148]

Round_1_Replicate_1
1318    , -1776.71    , array([ 0.150321   ,  0.895475   ,  0.264729   ])
1319    , -1797.26    , array([ 0.136732   ,  0.895475   ,  0.264729   ])
1320    , -1773.26    , array([ 0.150321   ,  0.890545   ,  0.264729   ])
1321    , -1814.03    , array([ 0.150321   ,  0.895475   ,  0.247709   ])
1322    , -1758.01    , array([ 0.14112    ,  0.892186   ,  0.282919   ])
1323    , -1743.51    , array([ 0.136732   ,  0.890545   ,  0.302358   ])
1324    , -1721.27    , array([ 0.155145   ,  0.888908   ,  0.289255   ])
1325    , -1684.15    , array([ 0.165261   ,  0.885643   ,  0.302358   ])
likelihood = -1684.15
theta = 363.88
Optimized parameters = [0.16526074 0.88564311 0.30235804]

Round_1_Replicate_2
1326    , -2565.24    , array([ 2.43091    ,  0.29805    ,  0.194711   ])
1327    , -2580.1     , array([ 2.54131    ,  0.29805    ,  0.194711   ])
1328    , -2456.41    , array([ 2.43091    ,  0.280546   ,  0.194711   ])
1329    , -2728.65    , array([ 2.43091    ,  0.29805    ,  0.179415   ])
1330    , -2349.83    , array([ 2.50397    ,  0.286263   ,  0.21131    ])
1331    , -2177.96    , array([ 2.54131    ,  0.280546   ,  0.229325   ])
1332    , -2219.75    , array([ 2.39519    ,  0.274943   ,  0.217152   ])
likelihood = -2177.96
theta = 288.82
Optimized parameters = [2.54131294 0.28054599 0.22932497]

Round_1_Replicate_3
1333    , -3922.43    , array([ 1.50912    ,  1.51059    ,  0.334865   ])
1334    , -3949.34    , array([ 1.54049    ,  1.51059    ,  0.334865   ])
1335    , -3951.89    , array([ 1.50912    ,  1.54207    ,  0.334865   ])
1336    , -4054.26    , array([ 1.50912    ,  1.51059    ,  0.317039   ])
1337    , -3829.38    , array([ 1.52996    ,  1.5315     ,  0.353692   ])
1338    , -3719.15    , array([ 1.54049    ,  1.54207    ,  0.373579   ])
1339    , -3774.77    , array([ 1.55109    ,  1.50024    ,  0.360201   ])
likelihood = -3719.15
theta = 234.06
Optimized parameters = [1.54048939 1.54207029 0.37357885]

Round_1_Replicate_4
1340    , -2030.84    , array([ 0.218945   ,  2.98333    ,  4.33848    ])
1341    , -2084.07    , array([ 0.202933   ,  2.98333    ,  4.33848    ])
1342    , -2062.02    , array([ 0.218945   ,  3.15092    ,  4.33848    ])
1343    , -2038.65    , array([ 0.218945   ,  2.98333    ,  4.66879    ])
1344    , -2003.46    , array([ 0.236221   ,  3.09403    ,  4.55598    ])
1345    , -1963.42    , array([ 0.25486    ,  3.15092    ,  4.66879    ])
1346    , -1960.41    , array([ 0.242278   ,  2.92948    ,  4.78439    ])
1347    , -1910.81    , array([ 0.25486    ,  2.82466    ,  5.02425    ])
likelihood = -1910.81
theta = 110.42
Optimized parameters = [0.25486032 2.82466322 5.02424768]

Round_1_Replicate_5
1348    , -2407.37    , array([ 1.70146    ,  0.471516   ,  0.293476   ])
1349    , -2422.34    , array([ 1.74728    ,  0.471516   ,  0.293476   ])
1350    , -2345.49    , array([ 1.70146    ,  0.454121   ,  0.293476   ])
1351    , -2528.57    , array([ 1.70146    ,  0.471516   ,  0.276027   ])
1352    , -2260.11    , array([ 1.73188    ,  0.459847   ,  0.312028   ])
1353    , -2134.19    , array([ 1.74728    ,  0.454121   ,  0.331753   ])
1354    , -2168.96    , array([ 1.68646    ,  0.448466   ,  0.318469   ])
likelihood = -2134.19
theta = 271.58
Optimized parameters = [1.74728469 0.45412106 0.3317531 ]

Round_1_Replicate_6
1355    , -1788.36    , array([ 0.273736   ,  2.17019    ,  6.9128     ])
1356    , -1833.22    , array([ 0.256565   ,  2.17019    ,  6.9128     ])
1357    , -1804.68    , array([ 0.273736   ,  2.25592    ,  6.9128     ])
1358    , -1813.45    , array([ 0.273736   ,  2.17019    ,  7.61442    ])
1359    , -1770.29    , array([ 0.292055   ,  2.22697    ,  7.37297    ])
1360    , -1739.3     , array([ 0.311601   ,  2.25592    ,  7.61442    ])
1361    , -1743.94    , array([ 0.29843    ,  2.28524    ,  6.6936     ])
likelihood = -1739.3
theta = 94.48
Optimized parameters = [0.31160062 2.25591815 7.6144193 ]

Round_1_Replicate_7
1362    , -1137.74    , array([ 0.456193   ,  0.946418   ,  5.61895    ])
1363    , -1161.72    , array([ 0.438638   ,  0.946418   ,  5.61895    ])
1364    , -1137.22    , array([ 0.456193   ,  0.943816   ,  5.61895    ])
1365    , -1170.47    , array([ 0.456193   ,  0.946418   ,  6.12545    ])
1366    , -1122.81    , array([ 0.444413   ,  0.944682   ,  5.15433    ])
1367    , -1101.82    , array([ 0.438638   ,  0.943816   ,  4.72813    ])
1368    , -1089.12    , array([ 0.462199   ,  0.94295    ,  5.00816    ])
1369    , -1054.13    , array([ 0.474451   ,  0.94122    ,  4.72813    ])
likelihood = -1054.13
theta = 150.02
Optimized parameters = [0.47445064 0.94122028 4.72813097]

Round_1_Replicate_8
1370    , -5636.51    , array([ 1.3535     ,  3.31252    ,  0.224722   ])
1371    , -5664.75    , array([ 1.37414    ,  3.31252    ,  0.224722   ])
1372    , -5685.93    , array([ 1.3535     ,  3.51695    ,  0.224722   ])
1373    , -5820.4     , array([ 1.3535     ,  3.31252    ,  0.208559   ])
1374    , -5504.68    , array([ 1.36722    ,  3.44745    ,  0.242138   ])
1375    , -5346.57    , array([ 1.37414    ,  3.51695    ,  0.260904   ])
1376    , -5410.82    , array([ 1.38109    ,  3.24705    ,  0.248239   ])
likelihood = -5346.57
theta = 242.59
Optimized parameters = [1.37413944 3.51695431 0.26090426]

Round_1_Replicate_9
1377    , -8047.53    , array([ 3.80734    ,  4.21457    ,  0.168022   ])
1378    , -8116.48    , array([ 4.07055    ,  4.21457    ,  0.168022   ])
1379    , -8118.83    , array([ 3.80734    ,  4.52889    ,  0.168022   ])
1380    , -8204.95    , array([ 3.80734    ,  4.21457    ,  0.153686   ])
1381    , -7983.79    , array([ 3.98085    ,  4.42159    ,  0.183695   ])
1382    , -7868.07    , array([ 4.07055    ,  4.52889    ,  0.20083    ])
1383    , -7898.5     , array([ 4.16227    ,  4.11473    ,  0.189238   ])
likelihood = -7868.07
theta = 239.83
Optimized parameters = [4.07054895 4.52888633 0.20083048]

Round_1_Replicate_10
1384    , -1744.24    , array([ 0.301415   ,  2.86431    ,  1.68253    ])
1385    , -1778.78    , array([ 0.283872   ,  2.86431    ,  1.68253    ])
1386    , -1771.29    , array([ 0.301415   ,  3.01906    ,  1.68253    ])
1387    , -1744.09    , array([ 0.301415   ,  2.86431    ,  1.72687    ])
1388    , -1728.58    , array([ 0.320041   ,  2.96657    ,  1.71196    ])
1389    , -1704.81    , array([ 0.339819   ,  3.01906    ,  1.72687    ])
1390    , -1689.82    , array([ 0.326503   ,  2.81451    ,  1.74191    ])
1391    , -1648.88    , array([ 0.339819   ,  2.7175     ,  1.77239    ])
likelihood = -1648.88
theta = 171.2
Optimized parameters = [0.3398191  2.71749859 1.77238579]

Round_2_Replicate_1
1392    , -457.957    , array([ 1.35984    ,  0.313327   ,  2.14952    ])
1393    , -460.096    , array([ 1.3809     ,  0.313327   ,  2.14952    ])
1394    , -456.389    , array([ 1.35984    ,  0.295663   ,  2.14952    ])
1395    , -455.672    , array([ 1.35984    ,  0.313327   ,  2.23336    ])
1396    , -453.545    , array([ 1.3391     ,  0.301438   ,  2.20506    ])
1397    , -451.019    , array([ 1.31868    ,  0.295663   ,  2.23336    ])
1398    , -451.441    , array([ 1.33226    ,  0.29       ,  2.26203    ])
1399    , -449.975    , array([ 1.31418    ,  0.303387   ,  2.34028    ])
1400    , -448.809    , array([ 1.29193    ,  0.307325   ,  2.44192    ])
1401    , -447.375    , array([ 1.27006    ,  0.282616   ,  2.39056    ])
1402    , -448.064    , array([ 1.22742    ,  0.268409   ,  2.47327    ])
likelihood = -447.38
theta = 195.86
Optimized parameters = [1.27005905 0.2826163  2.39056272]

Round_2_Replicate_2
1403    , -1522       , array([ 0.177816   ,  0.561982   ,  3.9852     ])
1404    , -1580.09    , array([ 0.163106   ,  0.561982   ,  3.9852     ])
1405    , -1517.94    , array([ 0.177816   ,  0.54602    ,  3.9852     ])
1406    , -1552.12    , array([ 0.177816   ,  0.561982   ,  4.27044    ])
1407    , -1481.83    , array([ 0.193853   ,  0.551289   ,  4.17316    ])
1408    , -1433.67    , array([ 0.211337   ,  0.54602    ,  4.27044    ])
1409    , -1430.42    , array([ 0.199514   ,  0.5408     ,  3.89442    ])
1410    , -1369.81    , array([ 0.211337   ,  0.530511   ,  3.71901    ])
1411    , -1359.36    , array([ 0.223859   ,  0.520417   ,  3.9852     ])
1412    , -1279.81    , array([ 0.251176   ,  0.500803   ,  3.9852     ])
1413    , -1207       , array([ 0.281825   ,  0.505636   ,  3.9852     ])
1414    , -1061.76    , array([ 0.3548     ,  0.486578   ,  3.9852     ])
likelihood = -1061.76
theta = 191.96
Optimized parameters = [0.35479951 0.48657838 3.98520021]

Round_2_Replicate_3
1415    , -2572.05    , array([ 0.119462   ,  1.35174    ,  15.0975    ])
1416    , -2646.19    , array([ 0.107422   ,  1.35174    ,  15.0975    ])
1417    , -2573.55    , array([ 0.119462   ,  1.37226    ,  15.0975    ])
1418    , -2650.09    , array([ 0.119462   ,  1.35174    ,  17.2923    ])
1419    , -2548.24    , array([ 0.111294   ,  1.36539    ,  13.1814    ])
1420    , -2503.5     , array([ 0.107422   ,  1.37226    ,  11.5084    ])
1421    , -2451.48    , array([ 0.123769   ,  1.37917    ,  12.5983    ])
1422    , -2357.3     , array([ 0.132853   ,  1.3931     ,  11.5084    ])
1423    , -2384.79    , array([ 0.119462   ,  1.37226    ,  10.5128    ])
1424    , -2282.41    , array([ 0.119462   ,  1.40717    ,  8.259      ])
1425    , -2178.59    , array([ 0.119462   ,  1.43573    ,  6.10854    ])
likelihood = -2178.59
theta = 126.56
Optimized parameters = [0.11946245 1.43572519 6.10854314]

Round_2_Replicate_4
1426    , -736.009    , array([ 0.879873   ,  1.1383     ,  3.09462    ])
1427    , -738.054    , array([ 0.874261   ,  1.1383     ,  3.09462    ])
1428    , -738.469    , array([ 0.879873   ,  1.14569    ,  3.09462    ])
1429    , -735.559    , array([ 0.879873   ,  1.1383     ,  3.27445    ])
1430    , -734.583    , array([ 0.876127   ,  1.13095    ,  3.21337    ])
1431    , -733.076    , array([ 0.874261   ,  1.12365    ,  3.27445    ])
1432    , -731.954    , array([ 0.881752   ,  1.12851    ,  3.33668    ])
1433    , -729.918    , array([ 0.885521   ,  1.12365    ,  3.46472    ])
1434    , -732.455    , array([ 0.879873   ,  1.1188     ,  3.59767    ])
1435    , -729.068    , array([ 0.879873   ,  1.106      ,  3.62032    ])
1436    , -728.277    , array([ 0.879873   ,  1.09019    ,  3.80673    ])
likelihood = -728.28
theta = 146.51
Optimized parameters = [0.87987294 1.0901927  3.80673001]

Round_2_Replicate_5
1437    , -2220.05    , array([ 0.158773   ,  3.425      ,  1.34177    ])
1438    , -2282.12    , array([ 0.144816   ,  3.425      ,  1.34177    ])
1439    , -2247.2     , array([ 0.158773   ,  3.64245    ,  1.34177    ])
1440    , -2221.29    , array([ 0.158773   ,  3.425      ,  1.36164    ])
1441    , -2178.41    , array([ 0.174076   ,  3.56848    ,  1.35498    ])
1442    , -2128.49    , array([ 0.190853   ,  3.64245    ,  1.36164    ])
1443    , -2131.61    , array([ 0.179498   ,  3.35544    ,  1.36832    ])
1444    , -2100.07    , array([ 0.194796   ,  3.52       ,  1.35277    ])
1445    , -2042.31    , array([ 0.215765   ,  3.56848    ,  1.34836    ])
1446    , -1988       , array([ 0.238991   ,  3.61763    ,  1.37729    ])
1447    , -1886.1     , array([ 0.293214   ,  3.71796    ,  1.39541    ])
likelihood = -1886.1
theta = 173.18
Optimized parameters = [0.29321407 3.71796259 1.3954063 ]

Round_2_Replicate_6
1448    , -2271.88    , array([ 0.138074   ,  2.95068    ,  1.77063    ])
1449    , -2342.3     , array([ 0.12506    ,  2.95068    ,  1.77063    ])
1450    , -2299.73    , array([ 0.138074   ,  3.11471    ,  1.77063    ])
1451    , -2274.65    , array([ 0.138074   ,  2.95068    ,  1.82194    ])
1452    , -2221.68    , array([ 0.152443   ,  3.05905    ,  1.80467    ])
1453    , -2162.06    , array([ 0.168306   ,  3.11471    ,  1.82194    ])
1454    , -2171.91    , array([ 0.157557   ,  2.89794    ,  1.83937    ])
1455    , -2130.05    , array([ 0.17205    ,  3.02249    ,  1.79896    ])
1456    , -2060.73    , array([ 0.192055   ,  3.05905    ,  1.78757    ])
1457    , -1996.77    , array([ 0.214387   ,  3.09605    ,  1.86288    ])
1458    , -1870.55    , array([ 0.267141   ,  3.17139    ,  1.91078    ])
likelihood = -1870.55
theta = 161.71
Optimized parameters = [0.26714147 3.17139408 1.91078473]

Round_2_Replicate_7
1459    , -1349.91    , array([ 0.952302   ,  2.07736    ,  1.47108    ])
1460    , -1349.21    , array([ 0.949978   ,  2.07736    ,  1.47108    ])
1461    , -1374.77    , array([ 0.952302   ,  2.15471    ,  1.47108    ])
1462    , -1335.22    , array([ 0.952302   ,  2.07736    ,  1.49975    ])
1463    , -1314.69    , array([ 0.950752   ,  2.0028     ,  1.49013    ])
1464    , -1284.64    , array([ 0.949978   ,  1.93091    ,  1.49975    ])
1465    , -1296.39    , array([ 0.949204   ,  1.97854    ,  1.50943    ])
1466    , -1262.21    , array([ 0.95101    ,  1.91529    ,  1.53555    ])
1467    , -1219.58    , array([ 0.951527   ,  1.83905    ,  1.56883    ])
1468    , -1198.51    , array([ 0.948174   ,  1.76585    ,  1.5521     ])
1469    , -1131.27    , array([ 0.946117   ,  1.62808    ,  1.57896    ])
likelihood = -1131.27
theta = 175.29
Optimized parameters = [0.94611656 1.62807767 1.57895659]

Round_2_Replicate_8
1470    , -1170.64    , array([ 0.785254   ,  2.61191    ,  3.59593    ])
1471    , -1175.86    , array([ 0.77582    ,  2.61191    ,  3.59593    ])
1472    , -1197.4     , array([ 0.785254   ,  2.74036    ,  3.59593    ])
1473    , -1165.08    , array([ 0.785254   ,  2.61191    ,  3.83356    ])
1474    , -1144.03    , array([ 0.778952   ,  2.48949    ,  3.75265    ])
1475    , -1118.45    , array([ 0.77582    ,  2.37281    ,  3.83356    ])
1476    , -1127       , array([ 0.788425   ,  2.44998    ,  3.91621    ])
1477    , -1106.06    , array([ 0.781047   ,  2.34763    ,  4.14542    ])
1478    , -1079.09    , array([ 0.778952   ,  2.2257     ,  4.45089    ])
1479    , -1053.94    , array([ 0.776862   ,  2.11009    ,  4.29544    ])
1480    , -1007.71    , array([ 0.7727     ,  1.89659    ,  4.54684    ])
likelihood = -1007.71
theta = 119.63
Optimized parameters = [0.77270016 1.89658654 4.54684466]

Round_2_Replicate_9
1481    , -1225.5     , array([ 0.281086   ,  1.04964    ,  1.4979     ])
1482    , -1262.81    , array([ 0.263804   ,  1.04964    ,  1.4979     ])
1483    , -1226.83    , array([ 0.281086   ,  1.05218    ,  1.4979     ])
1484    , -1225.47    , array([ 0.281086   ,  1.04964    ,  1.52847    ])
1485    , -1189.82    , array([ 0.2995     ,  1.05133    ,  1.51821    ])
1486    , -1154.6     , array([ 0.319121   ,  1.05218    ,  1.52847    ])
1487    , -1176.45    , array([ 0.305903   ,  1.04879    ,  1.5388     ])
1488    , -1145.84    , array([ 0.323653   ,  1.05077    ,  1.56668    ])
1489    , -1107.57    , array([ 0.347296   ,  1.05133    ,  1.60225    ])
1490    , -1071.17    , array([ 0.372666   ,  1.0519     ,  1.58437    ])
1491    , -1002.67    , array([ 0.429101   ,  1.05303    ,  1.61308    ])
likelihood = -1002.67
theta = 231.64
Optimized parameters = [0.42910096 1.053033   1.61307745]

Round_2_Replicate_10
1492    , -1466.1     , array([ 0.177157   ,  0.967637   ,  1.19214    ])
1493    , -1522.3     , array([ 0.162471   ,  0.967637   ,  1.19214    ])
1494    , -1465.17    , array([ 0.177157   ,  0.966047   ,  1.19214    ])
1495    , -1465.95    , array([ 0.177157   ,  0.967637   ,  1.20266    ])
1496    , -1410.06    , array([ 0.19317    ,  0.966577   ,  1.19914    ])
1497    , -1355.32    , array([ 0.210631   ,  0.966047   ,  1.20266    ])
1498    , -1391.1     , array([ 0.198823   ,  0.965517   ,  1.20619    ])
1499    , -1342.32    , array([ 0.21472    ,  0.964107   ,  1.19797    ])
1500    , -1282.54    , array([ 0.236391   ,  0.962346   ,  1.19564    ])
1501    , -1225.74    , array([ 0.260249   ,  0.963226   ,  1.21091    ])
1502    , -1118.1     , array([ 0.315432   ,  0.961819   ,  1.2204     ])
likelihood = -1118.1
theta = 269.54
Optimized parameters = [0.31543153 0.9618186  1.22040433]

Round_3_Replicate_1
1503    , -860.659    , array([ 4.76537    ,  0.330028   ,  2.48909    ])
1504    , -893.247    , array([ 5.15231    ,  0.330028   ,  2.48909    ])
1505    , -860.31     , array([ 4.76537    ,  0.312232   ,  2.48909    ])
1506    , -851.093    , array([ 4.76537    ,  0.330028   ,  2.60521    ])
1507    , -820.702    , array([ 4.4075     ,  0.318055   ,  2.56591    ])
1508    , -783.551    , array([ 4.0765     ,  0.312232   ,  2.60521    ])
1509    , -803.016    , array([ 4.29428    ,  0.306516   ,  2.64511    ])
1510    , -762.758    , array([ 4.00639    ,  0.32002    ,  2.75452    ])
1511    , -712.28     , array([ 3.67351    ,  0.323986   ,  2.89766    ])
1512    , -683.028    , array([ 3.36828    ,  0.299058   ,  2.82518    ])
1513    , -606.859    , array([ 2.83181    ,  0.28468    ,  2.94204    ])
1514    , -601.056    , array([ 2.83181    ,  0.306516   ,  2.98709    ])
1515    , -524.293    , array([ 2.2996     ,  0.306516   ,  3.17433    ])
1516    , -492.11     , array([ 2.03662    ,  0.297221   ,  3.45983    ])
1517    , -490.022    , array([ 1.43954    ,  0.289989   ,  3.98714    ])
1518    , -512.103    , array([ 1.21026    ,  0.266033   ,  3.84822    ])
1519    , -642.125    , array([ 0.89078    ,  0.289394   ,  4.53316    ])
1520    , -505.205    , array([ 2.12076    ,  0.285851   ,  3.27783    ])
1521    , -577.229    , array([ 1.03931    ,  0.256557   ,  4.29227    ])
1522    , -482.006    , array([ 1.88549    ,  0.293181   ,  3.42303    ])
likelihood = -482.01
theta = 146.42
Optimized parameters = [1.88549114 0.29318136 3.42302786]

Round_3_Replicate_2
1523    , -553.841    , array([ 0.489866   ,  0.201434   ,  1.73464    ])
1524    , -567.689    , array([ 0.472695   ,  0.201434   ,  1.73464    ])
1525    , -555.218    , array([ 0.489866   ,  0.185926   ,  1.73464    ])
1526    , -562.95     , array([ 0.489866   ,  0.201434   ,  1.78308    ])
1527    , -547.415    , array([ 0.50766    ,  0.190958   ,  1.76679    ])
1528    , -538.329    , array([ 0.526101   ,  0.185926   ,  1.78308    ])
1529    , -535.501    , array([ 0.513734   ,  0.181027   ,  1.71879    ])
1530    , -523.198    , array([ 0.526101   ,  0.171612   ,  1.68752    ])
1531    , -521.394    , array([ 0.538766   ,  0.185926   ,  1.73464    ])
1532    , -506.224    , array([ 0.565017   ,  0.185926   ,  1.73464    ])
1533    , -497.883    , array([ 0.592547   ,  0.162686   ,  1.73464    ])
1534    , -481.072    , array([ 0.651698   ,  0.146204   ,  1.73464    ])
1535    , -472.014    , array([ 0.636378   ,  0.150161   ,  1.65682    ])
1536    , -453.739    , array([ 0.699904   ,  0.134948   ,  1.59709    ])
1537    , -452.077    , array([ 0.769771   ,  0.1386     ,  1.68752    ])
1538    , -454.341    , array([ 0.931124   ,  0.124559   ,  1.68752    ])
1539    , -463.386    , array([ 0.880851   ,  0.105177   ,  1.61182    ])
1540    , -458.71     , array([ 0.933589   ,  0.107385   ,  1.5348     ])
1541    , -442.577    , array([ 0.718017   ,  0.151354   ,  1.59872    ])
1542    , -450.11     , array([ 0.648262   ,  0.181565   ,  1.59221    ])
likelihood = -442.58
theta = 288.9
Optimized parameters = [0.71801659 0.1513542  1.59871836]

Round_3_Replicate_3
1543    , -1292.74    , array([ 0.582497   ,  0.074819   ,  9.41303    ])
1544    , -1308.89    , array([ 0.566968   ,  0.074819   ,  9.41303    ])
1545    , -1304.05    , array([ 0.582497   ,  0.0657222  ,  9.41303    ])
1546    , -1363.29    , array([ 0.582497   ,  0.074819   ,  10.5297    ])
1547    , -1242.62    , array([ 0.572098   ,  0.0686244  ,  8.41478    ])
1548    , -1185.38    , array([ 0.566968   ,  0.0657222  ,  7.5224     ])
1549    , -1212.26    , array([ 0.587768   ,  0.0629428  ,  8.10614    ])
1550    , -1157.56    , array([ 0.575544   ,  0.06962    ,  7.33732    ])
1551    , -1088.34    , array([ 0.572098   ,  0.0716548  ,  6.478      ])
1552    , -1039.68    , array([ 0.568673   ,  0.0594188  ,  5.71933    ])
1553    , -930.439    , array([ 0.561884   ,  0.0529517  ,  4.45813    ])
1554    , -929.93     , array([ 0.546904   ,  0.0629428  ,  4.45813    ])
1555    , -814.906    , array([ 0.527551   ,  0.0629428  ,  3.30615    ])
1556    , -741.836    , array([ 0.540376   ,  0.0585691  ,  2.77708    ])
1557    , -584.515    , array([ 0.527551   ,  0.05529    ,  1.68734    ])
1558    , -538.417    , array([ 0.507357   ,  0.0451928  ,  1.31526    ])
1559    , -439.845    , array([ 0.477788   ,  0.0358907  ,  0.592648   ])
1560    , -389.06     , array([ 0.463656   ,  0.0471885  ,  0.497808   ])
1561    , -542.742    , array([ 0.421182   ,  0.0445466  ,  0.166348   ])
1562    , -554.214    , array([ 0.453105   ,  0.0327615  ,  0.189985   ])
likelihood = -389.06
theta = 456.84
Optimized parameters = [0.46365581 0.04718849 0.49780812]

Round_3_Replicate_4
1563    , -811.755    , array([ 0.681652   ,  0.993096   ,  3.80639    ])
1564    , -820.954    , array([ 0.668715   ,  0.993096   ,  3.80639    ])
1565    , -811.658    , array([ 0.681652   ,  0.992752   ,  3.80639    ])
1566    , -824.587    , array([ 0.681652   ,  0.993096   ,  4.06948    ])
1567    , -806.671    , array([ 0.673      ,  0.992867   ,  3.56031    ])
1568    , -800.196    , array([ 0.668715   ,  0.992752   ,  3.33014    ])
1569    , -794.514    , array([ 0.68602    ,  0.992638   ,  3.48187    ])
1570    , -782.957    , array([ 0.69484    ,  0.992409   ,  3.33014    ])
1571    , -786.262    , array([ 0.681652   ,  0.99218    ,  3.18501    ])
1572    , -776.38     , array([ 0.681652   ,  0.992141   ,  2.8282     ])
1573    , -771.992    , array([ 0.681652   ,  0.991836   ,  2.43786    ])
1574    , -760.738    , array([ 0.703773   ,  0.991531   ,  2.62579    ])
1575    , -753.139    , array([ 0.721985   ,  0.99092    ,  2.33162    ])
1576    , -757.76     , array([ 0.717389   ,  0.991264   ,  2.23002    ])
1577    , -807.032    , array([ 0.718918   ,  0.990272   ,  1.63251    ])
1578    , -764.444    , array([ 0.700783   ,  0.991874   ,  2.78651    ])
1579    , -740.777    , array([ 0.746474   ,  0.990869   ,  2.43786    ])
1580    , -726.875    , array([ 0.781161   ,  0.990386   ,  2.43786    ])
1581    , -753.117    , array([ 0.780607   ,  0.98984    ,  1.951      ])
likelihood = -726.88
theta = 183.41
Optimized parameters = [0.78116096 0.99038645 2.43786035]

Round_3_Replicate_5
1582    , -484.56     , array([ 2.80601    ,  0.734547   ,  7.51034    ])
1583    , -483.491    , array([ 2.95456    ,  0.734547   ,  7.51034    ])
1584    , -484.638    , array([ 2.80601    ,  0.723303   ,  7.51034    ])
1585    , -492.505    , array([ 2.80601    ,  0.734547   ,  8.30696    ])
1586    , -482.637    , array([ 2.90419    ,  0.727032   ,  6.7901     ])
1587    , -489.063    , array([ 2.95456    ,  0.723303   ,  6.13894    ])
1588    , -483.034    , array([ 2.97155    ,  0.740868   ,  7.02216    ])
1589    , -486.71     , array([ 3.0873     ,  0.733708   ,  6.71447    ])
1590    , -482.879    , array([ 2.87383    ,  0.734337   ,  7.30293    ])
1591    , -483.163    , array([ 2.87841    ,  0.733568   ,  6.59028    ])
1592    , -482.594    , array([ 2.89726    ,  0.733813   ,  6.80915    ])
1593    , -481.809    , array([ 2.81406    ,  0.722684   ,  6.90516    ])
1594    , -481.557    , array([ 2.73848    ,  0.713759   ,  6.84739    ])
1595    , -482.963    , array([ 2.81765    ,  0.715426   ,  6.36061    ])
1596    , -482.195    , array([ 2.85968    ,  0.729563   ,  7.05501    ])
1597    , -482.149    , array([ 2.75963    ,  0.724291   ,  7.01779    ])
1598    , -483.614    , array([ 2.67792    ,  0.711377   ,  7.1404     ])
1599    , -481.955    , array([ 2.8408     ,  0.728138   ,  6.89049    ])
1600    , -481.443    , array([ 2.70115    ,  0.714589   ,  6.784      ])
1601    , -481.199    , array([ 2.62522    ,  0.707218   ,  6.65243    ])
likelihood = -481.2
theta = 89.3
Optimized parameters = [2.62521759 0.70721798 6.65242779]

Round_4_Replicate_1
1602    , -406.892    , array([ 0.639724   ,  0.0702967  ,  0.727644   ])
1603    , -403.29     , array([ 0.625593   ,  0.0702967  ,  0.727644   ])
1604    , -420.813    , array([ 0.639724   ,  0.0615576  ,  0.727644   ])
1605    , -406.626    , array([ 0.639724   ,  0.0702967  ,  0.716168   ])
1606    , -392.826    , array([ 0.630268   ,  0.0802765  ,  0.719973   ])
1607    , -382.443    , array([ 0.625593   ,  0.091673   ,  0.716168   ])
1608    , -387.035    , array([ 0.620953   ,  0.0839085  ,  0.712383   ])
1609    , -376.668    , array([ 0.608746   ,  0.0944177  ,  0.721246   ])
1610    , -366.509    , array([ 0.593824   ,  0.109424   ,  0.723799   ])
1611    , -364.599    , array([ 0.601239   ,  0.126815   ,  0.707368   ])
1612    , -371.663    , array([ 0.589419   ,  0.17033    ,  0.697442   ])
1613    , -362.74     , array([ 0.592842   ,  0.139919   ,  0.719126   ])
1614    , -372.564    , array([ 0.579268   ,  0.180681   ,  0.722521   ])
1615    , -365.602    , array([ 0.567724   ,  0.169772   ,  0.717293   ])
1616    , -380.255    , array([ 0.580441   ,  0.190618   ,  0.705473   ])
1617    , -362.28     , array([ 0.590449   ,  0.125712   ,  0.719173   ])
1618    , -376.809    , array([ 0.623221   ,  0.100558   ,  0.713114   ])
1619    , -361.647    , array([ 0.581117   ,  0.148937   ,  0.716246   ])
1620    , -360.641    , array([ 0.575277   ,  0.149853   ,  0.729158   ])
1621    , -361.918    , array([ 0.562719   ,  0.162897   ,  0.740304   ])
1622    , -358.873    , array([ 0.571842   ,  0.142174   ,  0.723892   ])
1623    , -357.345    , array([ 0.561622   ,  0.143315   ,  0.726286   ])
1624    , -364.524    , array([ 0.555316   ,  0.172689   ,  0.728609   ])
1625    , -360.195    , array([ 0.581463   ,  0.136097   ,  0.721521   ])
1626    , -357.626    , array([ 0.564459   ,  0.137256   ,  0.735174   ])
1627    , -357.149    , array([ 0.563018   ,  0.128661   ,  0.726121   ])
1628    , -357.29     , array([ 0.556987   ,  0.119217   ,  0.724607   ])
1629    , -355.139    , array([ 0.545185   ,  0.136458   ,  0.736923   ])
1630    , -354.202    , array([ 0.527904   ,  0.136639   ,  0.744748   ])
likelihood = -354.2
theta = 392.14
Optimized parameters = [0.52790379 0.13663915 0.74474774]

Round_4_Replicate_2
1631    , -305.555    , array([ 0.324192   ,  0.071111   ,  0.392965   ])
1632    , -303.57     , array([ 0.306438   ,  0.071111   ,  0.392965   ])
1633    , -314.605    , array([ 0.324192   ,  0.0623066  ,  0.392965   ])
1634    , -303.094    , array([ 0.324192   ,  0.071111   ,  0.375035   ])
1635    , -295.861    , array([ 0.312245   ,  0.0811597  ,  0.380919   ])
1636    , -293.754    , array([ 0.306438   ,  0.0926282  ,  0.375035   ])
1637    , -291.894    , array([ 0.300738   ,  0.0848154  ,  0.369242   ])
1638    , -290.584    , array([ 0.289656   ,  0.0926282  ,  0.357923   ])
1639    , -300.283    , array([ 0.306438   ,  0.101161   ,  0.346951   ])
1640    , -331.506    , array([ 0.278982   ,  0.127956   ,  0.345155   ])
1641    , -294.116    , array([ 0.312245   ,  0.0823604  ,  0.367331   ])
1642    , -297.138    , array([ 0.298862   ,  0.0784256  ,  0.387565   ])
1643    , -293.21     , array([ 0.300738   ,  0.0835789  ,  0.376986   ])
1644    , -293.591    , array([ 0.286053   ,  0.0972756  ,  0.372449   ])
1645    , -289.85     , array([ 0.2784     ,  0.0893619  ,  0.36312    ])
1646    , -289.315    , array([ 0.265359   ,  0.0877722  ,  0.357305   ])
1647    , -288.904    , array([ 0.283676   ,  0.0794561  ,  0.35566    ])
1648    , -290.454    , array([ 0.282495   ,  0.0718107  ,  0.347552   ])
1649    , -286.221    , array([ 0.25952    ,  0.0894105  ,  0.338      ])
1650    , -287.405    , array([ 0.24108    ,  0.0924772  ,  0.320046   ])
1651    , -287.452    , array([ 0.25042    ,  0.0787962  ,  0.342666   ])
1652    , -283.881    , array([ 0.262991   ,  0.0773851  ,  0.333818   ])
1653    , -282.772    , array([ 0.261815   ,  0.072662   ,  0.322661   ])
1654    , -281.474    , array([ 0.233203   ,  0.0805391  ,  0.314283   ])
1655    , -282.284    , array([ 0.211441   ,  0.0810861  ,  0.295436   ])
1656    , -279.886    , array([ 0.251921   ,  0.0824068  ,  0.307929   ])
1657    , -281.861    , array([ 0.252674   ,  0.0842738  ,  0.291905   ])
1658    , -276.214    , array([ 0.238319   ,  0.0687801  ,  0.293378   ])
1659    , -275.62     , array([ 0.228377   ,  0.0603254  ,  0.273328   ])
likelihood = -275.62
theta = 586.23
Optimized parameters = [0.22837669 0.0603254  0.27332774]

Round_4_Replicate_3
1660    , -590.901    , array([ 0.835284   ,  0.0375237  ,  0.446101   ])
1661    , -587.797    , array([ 0.827801   ,  0.0375237  ,  0.446101   ])
1662    , -614.105    , array([ 0.835284   ,  0.0318435  ,  0.446101   ])
1663    , -596.542    , array([ 0.835284   ,  0.0375237  ,  0.428455   ])
1664    , -572.76     , array([ 0.830288   ,  0.0442171  ,  0.434258   ])
1665    , -556.836    , array([ 0.827801   ,  0.0521045  ,  0.428455   ])
1666    , -558.552    , array([ 0.825321   ,  0.0467038  ,  0.452143   ])
1667    , -545.94     , array([ 0.818746   ,  0.0540401  ,  0.43817    ])
1668    , -528.964    , array([ 0.8106     ,  0.0648517  ,  0.434258   ])
1669    , -522.052    , array([ 0.814663   ,  0.0778263  ,  0.430381   ])
1670    , -528.784    , array([ 0.808172   ,  0.112082   ,  0.422729   ])
1671    , -527.307    , array([ 0.81006    ,  0.0878881  ,  0.410892   ])
1672    , -523.66     , array([ 0.796052   ,  0.111629   ,  0.421677   ])
1673    , -556.713    , array([ 0.803189   ,  0.128815   ,  0.407968   ])
1674    , -521.221    , array([ 0.808741   ,  0.0769897  ,  0.427531   ])
1675    , -507.892    , array([ 0.802852   ,  0.0870217  ,  0.44273    ])
1676    , -498.997    , array([ 0.799272   ,  0.0865917  ,  0.459563   ])
1677    , -533.285    , array([ 0.81918    ,  0.0578425  ,  0.456874   ])
1678    , -513.346    , array([ 0.801772   ,  0.0947097  ,  0.430214   ])
1679    , -500.06     , array([ 0.792001   ,  0.0945676  ,  0.44752    ])
1680    , -492.268    , array([ 0.786753   ,  0.109642   ,  0.464437   ])
1681    , -489.149    , array([ 0.775984   ,  0.130842   ,  0.484069   ])
1682    , -471.512    , array([ 0.776481   ,  0.110556   ,  0.499296   ])
1683    , -452.951    , array([ 0.764137   ,  0.119448   ,  0.537892   ])
1684    , -455.978    , array([ 0.767515   ,  0.129377   ,  0.542608   ])
1685    , -465.458    , array([ 0.740251   ,  0.184663   ,  0.590265   ])
likelihood = -452.95
theta = 362.35
Optimized parameters = [0.76413679 0.11944757 0.53789233]

Round_4_Replicate_4
1686    , -466.768    , array([ 0.390534   ,  0.0400768  ,  0.732945   ])
1687    , -475.032    , array([ 0.372599   ,  0.0400768  ,  0.732945   ])
1688    , -473.144    , array([ 0.390534   ,  0.0341223  ,  0.732945   ])
1689    , -463.024    , array([ 0.390534   ,  0.0400768  ,  0.721647   ])
1690    , -465.381    , array([ 0.409332   ,  0.0360017  ,  0.725394   ])
1691    , -448.596    , array([ 0.402968   ,  0.0438229  ,  0.720403   ])
1692    , -429.161    , array([ 0.409332   ,  0.0496631  ,  0.714212   ])
1693    , -443.222    , array([ 0.415798   ,  0.0430467  ,  0.708075   ])
1694    , -417.256    , array([ 0.400869   ,  0.0539827  ,  0.704013   ])
1695    , -392.186    , array([ 0.396702   ,  0.0661029  ,  0.69356    ])
1696    , -381.932    , array([ 0.424577   ,  0.067697   ,  0.689184   ])
1697    , -356.242    , array([ 0.442695   ,  0.0879849  ,  0.673505   ])
1698    , -354.231    , array([ 0.415798   ,  0.101508   ,  0.679342   ])
1699    , -352.279    , array([ 0.415798   ,  0.155877   ,  0.665416   ])
1700    , -368.059    , array([ 0.4268     ,  0.188614   ,  0.642468   ])
1701    , -481.387    , array([ 0.462391   ,  0.285073   ,  0.628695   ])
1702    , -357.022    , array([ 0.412193   ,  0.0952587  ,  0.676742   ])
1703    , -393.331    , array([ 0.41992    ,  0.0633611  ,  0.702619   ])
1704    , -345.368    , array([ 0.42507    ,  0.143594   ,  0.657005   ])
1705    , -351.789    , array([ 0.44381    ,  0.164935   ,  0.654002   ])
1706    , -459.411    , array([ 0.413925   ,  0.271486   ,  0.644397   ])
1707    , -344.33     , array([ 0.43532    ,  0.116612   ,  0.666107   ])
1708    , -340.552    , array([ 0.45439    ,  0.126283   ,  0.652681   ])
1709    , -341.548    , array([ 0.475009   ,  0.113665   ,  0.646405   ])
1710    , -348.467    , array([ 0.432449   ,  0.0998856  ,  0.663178   ])
1711    , -343.806    , array([ 0.435262   ,  0.113228   ,  0.660872   ])
1712    , -348.108    , array([ 0.458703   ,  0.0979249  ,  0.662734   ])
1713    , -342.58     , array([ 0.43324    ,  0.130489   ,  0.658433   ])
likelihood = -340.55
theta = 424.03
Optimized parameters = [0.45438997 0.12628324 0.65268071]

Round_4_Replicate_5
1714    , -338.072    , array([ 0.322435   ,  0.0459047  ,  0.303015   ])
1715    , -328.327    , array([ 0.304695   ,  0.0459047  ,  0.303015   ])
1716    , -354.348    , array([ 0.322435   ,  0.0393505  ,  0.303015   ])
1717    , -341.632    , array([ 0.322435   ,  0.0459047  ,  0.285455   ])
1718    , -318.766    , array([ 0.310497   ,  0.0535506  ,  0.291192   ])
1719    , -306.302    , array([ 0.304695   ,  0.06247    ,  0.285455   ])
1720    , -306.664    , array([ 0.299001   ,  0.0563725  ,  0.309105   ])
1721    , -291.854    , array([ 0.284332   ,  0.0646457  ,  0.295081   ])
1722    , -282.515    , array([ 0.267003   ,  0.0767152  ,  0.291192   ])
1723    , -298.857    , array([ 0.275531   ,  0.0910379  ,  0.287355   ])
1724    , -327.446    , array([ 0.265886   ,  0.102043   ,  0.268318   ])
1725    , -293.902    , array([ 0.290354   ,  0.0653877  ,  0.298361   ])
1726    , -291.323    , array([ 0.252665   ,  0.0949281  ,  0.299242   ])
1727    , -283.087    , array([ 0.263728   ,  0.0669821  ,  0.305407   ])
1728    , -289.826    , array([ 0.23472    ,  0.0947677  ,  0.298753   ])
1729    , -281.61     , array([ 0.256805   ,  0.0652037  ,  0.297548   ])
1730    , -294.382    , array([ 0.2589     ,  0.0540395  ,  0.296705   ])
1731    , -313.087    , array([ 0.293517   ,  0.0509035  ,  0.297234   ])
1732    , -278.587    , array([ 0.248211   ,  0.0811302  ,  0.298372   ])
1733    , -280.482    , array([ 0.250883   ,  0.0818336  ,  0.286276   ])
1734    , -275.965    , array([ 0.237728   ,  0.074595   ,  0.296861   ])
1735    , -278.109    , array([ 0.224317   ,  0.073557   ,  0.299737   ])
1736    , -292.834    , array([ 0.234771   ,  0.0960012  ,  0.290073   ])
1737    , -277.427    , array([ 0.25111    ,  0.0718246  ,  0.295661   ])
1738    , -279.626    , array([ 0.240458   ,  0.0701205  ,  0.308049   ])
1739    , -277.336    , array([ 0.243023   ,  0.0728814  ,  0.302455   ])
likelihood = -275.96
theta = 571.31
Optimized parameters = [0.23772799 0.07459499 0.29686147]

Round_1_Replicate_1
2617    , -2239.56    , array([ 1.5454     ,  2.49631    ,  1.04035    ])
2618    , -2262.74    , array([ 1.57941    ,  2.49631    ,  1.04035    ])
2619    , -2280.69    , array([ 1.5454     ,  2.61315    ,  1.04035    ])
2620    , -2236.4     , array([ 1.5454     ,  2.49631    ,  1.04241    ])
2621    , -2210.63    , array([ 1.56799    ,  2.3847     ,  1.04172    ])
2622    , -2174.01    , array([ 1.57941    ,  2.27808    ,  1.04241    ])
2623    , -2172       , array([ 1.53423    ,  2.34862    ,  1.0431     ])
2624    , -2127.18    , array([ 1.51213    ,  2.27808    ,  1.04447    ])
likelihood = -2127.18
theta = 166.01
Optimized parameters = [1.51213362 2.27808151 1.04447225]

Round_1_Replicate_2
2625    , -661.673    , array([ 0.335227   ,  0.18136    ,  0.258311   ])
2626    , -644.24     , array([ 0.317399   ,  0.18136    ,  0.258311   ])
2627    , -606.829    , array([ 0.335227   ,  0.166521   ,  0.258311   ])
2628    , -721.969    , array([ 0.335227   ,  0.18136    ,  0.241407   ])
2629    , -562.784    , array([ 0.323234   ,  0.171327   ,  0.276398   ])
2630    , -499.473    , array([ 0.317399   ,  0.166521   ,  0.295752   ])
2631    , -507.481    , array([ 0.31167    ,  0.161849   ,  0.282705   ])
likelihood = -499.47
theta = 465.89
Optimized parameters = [0.31739935 0.16652077 0.29575221]

Round_1_Replicate_3
2632    , -703.627    , array([ 0.398799   ,  0.197411   ,  0.282283   ])
2633    , -686.89     , array([ 0.380883   ,  0.197411   ,  0.282283   ])
2634    , -650.457    , array([ 0.398799   ,  0.182029   ,  0.282283   ])
2635    , -761.916    , array([ 0.398799   ,  0.197411   ,  0.264983   ])
2636    , -606.861    , array([ 0.386764   ,  0.187018   ,  0.300711   ])
2637    , -543.058    , array([ 0.380883   ,  0.182029   ,  0.320343   ])
2638    , -551.804    , array([ 0.375092   ,  0.177172   ,  0.307118   ])
likelihood = -543.06
theta = 437.2
Optimized parameters = [0.38088309 0.18202861 0.32034332]

Round_1_Replicate_4
2639    , -2891.11    , array([ 1.63994    ,  2.76971    ,  0.791871   ])
2640    , -2924.43    , array([ 1.68101    ,  2.76971    ,  0.791871   ])
2641    , -2940.34    , array([ 1.63994    ,  2.91445    ,  0.791871   ])
2642    , -2913.66    , array([ 1.63994    ,  2.76971    ,  0.782685   ])
2643    , -2877.32    , array([ 1.66721    ,  2.63216    ,  0.785735   ])
2644    , -2843.12    , array([ 1.68101    ,  2.50144    ,  0.782685   ])
2645    , -2842.65    , array([ 1.62648    ,  2.58785    ,  0.779647   ])
2646    , -2801.8     , array([ 1.59988    ,  2.50144    ,  0.773606   ])
likelihood = -2801.8
theta = 177.95
Optimized parameters = [1.59988046 2.5014445  0.77360594]

Round_1_Replicate_5
2647    , -3013.53    , array([ 1.90525    ,  0.271961   ,  0.138548   ])
2648    , -3025.42    , array([ 1.96765    ,  0.271961   ,  0.138548   ])
2649    , -2882.81    , array([ 1.90525    ,  0.25482    ,  0.138548   ])
2650    , -3238.3     , array([ 1.90525    ,  0.271961   ,  0.125511   ])
2651    , -2722.76    , array([ 1.94663    ,  0.26041    ,  0.15294    ])
2652    , -2487.17    , array([ 1.96765    ,  0.25482    ,  0.168827   ])
2653    , -2562.87    , array([ 1.88489    ,  0.249349   ,  0.158062   ])
likelihood = -2487.17
theta = 312.01
Optimized parameters = [1.96765297 0.25481954 0.16882661]

Round_1_Replicate_6
2654    , -3131.64    , array([ 0.372479   ,  4.61656    ,  0.247621   ])
2655    , -3063.06    , array([ 0.354533   ,  4.61656    ,  0.247621   ])
2656    , -3152.44    , array([ 0.372479   ,  4.9835     ,  0.247621   ])
2657    , -3249.56    , array([ 0.372479   ,  4.61656    ,  0.230928   ])
2658    , -2990.54    , array([ 0.360417   ,  4.85806    ,  0.26552    ])
2659    , -2875.08    , array([ 0.354533   ,  4.9835     ,  0.284713   ])
2660    , -2893.99    , array([ 0.348746   ,  4.50035    ,  0.27177    ])
likelihood = -2875.08
theta = 269.13
Optimized parameters = [0.35453342 4.98350025 0.28471344]

Round_1_Replicate_7
2661    , -1148.81    , array([ 1.38871    ,  1.39513    ,  1.55984    ])
2662    , -1155.96    , array([ 1.4117     ,  1.39513    ,  1.55984    ])
2663    , -1161.48    , array([ 1.38871    ,  1.41855    ,  1.55984    ])
2664    , -1129       , array([ 1.38871    ,  1.39513    ,  1.5949     ])
2665    , -1127.65    , array([ 1.404      ,  1.3721     ,  1.58313    ])
2666    , -1110.96    , array([ 1.4117     ,  1.34944    ,  1.5949     ])
2667    , -1103.82    , array([ 1.38113    ,  1.3645     ,  1.60676    ])
2668    , -1078.88    , array([ 1.3661     ,  1.34944    ,  1.63075    ])
likelihood = -1078.88
theta = 166.38
Optimized parameters = [1.36609891 1.34944079 1.63075292]

Round_1_Replicate_8
2669    , -1050.5     , array([ 0.374735   ,  1.01268    ,  1.4664     ])
2670    , -1075.12    , array([ 0.356788   ,  1.01268    ,  1.4664     ])
2671    , -1050.84    , array([ 0.374735   ,  1.01332    ,  1.4664     ])
2672    , -1049.7     , array([ 0.374735   ,  1.01268    ,  1.49473    ])
2673    , -1026.39    , array([ 0.393585   ,  1.01311    ,  1.48523    ])
2674    , -1003.36    , array([ 0.413382   ,  1.01332    ,  1.49473    ])
2675    , -1017.65    , array([ 0.400076   ,  1.01247    ,  1.5043     ])
likelihood = -1003.36
theta = 241.02
Optimized parameters = [0.41338246 1.01332252 1.494734  ]

Round_1_Replicate_9
2676    , -1158.26    , array([ 0.136821   ,  0.297721   ,  1.19946    ])
2677    , -1224.39    , array([ 0.123868   ,  0.297721   ,  1.19946    ])
2678    , -1147.66    , array([ 0.136821   ,  0.280221   ,  1.19946    ])
2679    , -1160.97    , array([ 0.136821   ,  0.297721   ,  1.21042    ])
2680    , -1088.31    , array([ 0.151128   ,  0.285937   ,  1.20676    ])
2681    , -1022.87    , array([ 0.166931   ,  0.280221   ,  1.21042    ])
2682    , -1057.84    , array([ 0.156222   ,  0.274619   ,  1.19583    ])
likelihood = -1022.87
theta = 411.27
Optimized parameters = [0.16693128 0.28022065 1.21042102]

Round_1_Replicate_10
2683    , -530.105    , array([ 2.11212    ,  0.990397   ,  4.76671    ])
2684    , -531.085    , array([ 2.19257    ,  0.990397   ,  4.76671    ])
2685    , -530.018    , array([ 2.11212    ,  0.989919   ,  4.76671    ])
2686    , -521.058    , array([ 2.11212    ,  0.990397   ,  5.15382    ])
2687    , -524.502    , array([ 2.03461    ,  0.990078   ,  5.02141    ])
2688    , -521.125    , array([ 2.06013    ,  0.989866   ,  5.19873    ])
likelihood = -521.06
theta = 103.7
Optimized parameters = [2.11211634 0.99039679 5.15382272]

Round_2_Replicate_1
2689    , -2652.77    , array([ 0.91065    ,  0.307715   ,  0.153238   ])
2690    , -2649.77    , array([ 0.906399   ,  0.307715   ,  0.153238   ])
2691    , -2550.99    , array([ 0.91065    ,  0.290105   ,  0.153238   ])
2692    , -2863.48    , array([ 0.91065    ,  0.307715   ,  0.13952    ])
2693    , -2384.09    , array([ 0.907814   ,  0.29586    ,  0.168306   ])
2694    , -2163.48    , array([ 0.906399   ,  0.290105   ,  0.184855   ])
2695    , -2255.03    , array([ 0.904986   ,  0.284462   ,  0.173651   ])
2696    , -2015.76    , array([ 0.908286   ,  0.269945   ,  0.188748   ])
2697    , -1740.36    , array([ 0.909231   ,  0.252836   ,  0.209479   ])
2698    , -1610.43    , array([ 0.903106   ,  0.261251   ,  0.232486   ])
2699    , -1252.71    , array([ 0.899357   ,  0.247918   ,  0.28636    ])
likelihood = -1252.71
theta = 335.55
Optimized parameters = [0.89935661 0.24791844 0.2863597 ]

Round_2_Replicate_2
2700    , -1152.14    , array([ 0.188776   ,  0.582286   ,  1.03846    ])
2701    , -1205.63    , array([ 0.173678   ,  0.582286   ,  1.03846    ])
2702    , -1139.15    , array([ 0.188776   ,  0.566752   ,  1.03846    ])
2703    , -1152.26    , array([ 0.188776   ,  0.582286   ,  1.04042    ])
2704    , -1090.75    , array([ 0.205187   ,  0.571884   ,  1.03976    ])
2705    , -1034.64    , array([ 0.223024   ,  0.566752   ,  1.04042    ])
2706    , -1064.64    , array([ 0.210968   ,  0.561667   ,  1.0378     ])
2707    , -1007.7     , array([ 0.227194   ,  0.548328   ,  1.03933    ])
2708    , -938.272    , array([ 0.249242   ,  0.532099   ,  1.03976    ])
2709    , -891.755    , array([ 0.273431   ,  0.540153   ,  1.0402     ])
2710    , -784.261    , array([ 0.329077   ,  0.527325   ,  1.04107    ])
likelihood = -784.26
theta = 332.3
Optimized parameters = [0.32907705 0.5273247  1.04107311]

Round_2_Replicate_3
2711    , -1487.38    , array([ 0.120854   ,  0.556881   ,  0.307979   ])
2712    , -1554.74    , array([ 0.108736   ,  0.556881   ,  0.307979   ])
2713    , -1466.72    , array([ 0.120854   ,  0.540817   ,  0.307979   ])
2714    , -1500.98    , array([ 0.120854   ,  0.556881   ,  0.290367   ])
2715    , -1427.65    , array([ 0.134322   ,  0.546119   ,  0.296123   ])
2716    , -1385.38    , array([ 0.149292   ,  0.540817   ,  0.290367   ])
2717    , -1378.54    , array([ 0.139138   ,  0.535566   ,  0.314084   ])
2718    , -1319.36    , array([ 0.149292   ,  0.525216   ,  0.326659   ])
2719    , -1299.99    , array([ 0.160187   ,  0.515067   ,  0.307979   ])
2720    , -1235.14    , array([ 0.184421   ,  0.495353   ,  0.307979   ])
2721    , -1229.5     , array([ 0.21232    ,  0.500209   ,  0.307979   ])
2722    , -1233.77    , array([ 0.281421   ,  0.481064   ,  0.307979   ])
likelihood = -1229.5
theta = 401.68
Optimized parameters = [0.21232049 0.50020939 0.30797876]

Round_2_Replicate_4
2723    , -908.138    , array([ 0.167336   ,  0.144174   ,  0.134125   ])
2724    , -881.725    , array([ 0.153028   ,  0.144174   ,  0.134125   ])
2725    , -824.091    , array([ 0.167336   ,  0.130867   ,  0.134125   ])
2726    , -1029.41    , array([ 0.167336   ,  0.144174   ,  0.121306   ])
2727    , -735.338    , array([ 0.157656   ,  0.13516    ,  0.148297   ])
2728    , -624.684    , array([ 0.153028   ,  0.130867   ,  0.163967   ])
2729    , -648.672    , array([ 0.148535   ,  0.12671    ,  0.153347   ])
2730    , -533.734    , array([ 0.159229   ,  0.11626    ,  0.167669   ])
2731    , -415.244    , array([ 0.162424   ,  0.1044     ,  0.187467   ])
2732    , -415.708    , array([ 0.14275    ,  0.110171   ,  0.209602   ])
likelihood = -415.24
theta = 579.87
Optimized parameters = [0.16242393 0.10440018 0.18746653]

Round_2_Replicate_5
2733    , -1538.32    , array([ 0.0868515  ,  0.407354   ,  0.222552   ])
2734    , -1630.91    , array([ 0.0768628  ,  0.407354   ,  0.222552   ])
2735    , -1505.29    , array([ 0.0868515  ,  0.389467   ,  0.222552   ])
2736    , -1552.49    , array([ 0.0868515  ,  0.407354   ,  0.206444   ])
2737    , -1451.09    , array([ 0.0981383  ,  0.39534    ,  0.21168    ])
2738    , -1392.73    , array([ 0.110892   ,  0.389467   ,  0.206444   ])
2739    , -1384.18    , array([ 0.102218   ,  0.383681   ,  0.228196   ])
2740    , -1302.29    , array([ 0.110892   ,  0.372365   ,  0.239916   ])
2741    , -1269.86    , array([ 0.120302   ,  0.361383   ,  0.222552   ])
2742    , -1176.32    , array([ 0.141586   ,  0.340382   ,  0.222552   ])
2743    , -1173.3     , array([ 0.166636   ,  0.345515   ,  0.222552   ])
2744    , -1174.38    , array([ 0.230816   ,  0.325435   ,  0.222552   ])
likelihood = -1173.3
theta = 450.39
Optimized parameters = [0.16663643 0.34551483 0.22255197]

Round_2_Replicate_6
2745    , -4753.56    , array([ 0.604508   ,  0.434959   ,  0.0739488  ])
2746    , -4725.26    , array([ 0.589484   ,  0.434959   ,  0.0739488  ])
2747    , -4683.57    , array([ 0.604508   ,  0.417225   ,  0.0739488  ])
2748    , -5102.86    , array([ 0.604508   ,  0.434959   ,  0.0649199  ])
2749    , -4340.51    , array([ 0.59445    ,  0.423055   ,  0.0842334  ])
2750    , -3964.91    , array([ 0.589484   ,  0.417225   ,  0.0959485  ])
2751    , -4160.78    , array([ 0.584559   ,  0.411476   ,  0.0879702  ])
2752    , -3816.28    , array([ 0.596115   ,  0.39653    ,  0.0987655  ])
2753    , -3376.27    , array([ 0.599458   ,  0.378608   ,  0.114141   ])
2754    , -3026.16    , array([ 0.578057   ,  0.387465   ,  0.131911   ])
2755    , -2303.99    , array([ 0.565269   ,  0.373391   ,  0.176179   ])
likelihood = -2303.99
theta = 352.62
Optimized parameters = [0.56526944 0.37339078 0.17617896]

Round_2_Replicate_7
2756    , -820.649    , array([ 1.14829    ,  0.0477787  ,  0.205571   ])
2757    , -822.654    , array([ 1.15625    ,  0.0477787  ,  0.205571   ])
2758    , -824.734    , array([ 1.14829    ,  0.041039   ,  0.205571   ])
2759    , -840.98     , array([ 1.14829    ,  0.0477787  ,  0.189938   ])
2760    , -807.185    , array([ 1.15359    ,  0.0431727  ,  0.222492   ])
2761    , -795.516    , array([ 1.15625    ,  0.041039   ,  0.240805   ])
2762    , -797.594    , array([ 1.15892    ,  0.0502629  ,  0.228436   ])
2763    , -785.49     , array([ 1.1527     ,  0.0446565  ,  0.245076   ])
2764    , -770.426    , array([ 1.15093    ,  0.0431727  ,  0.267589   ])
2765    , -760.399    , array([ 1.16249    ,  0.0417382  ,  0.292171   ])
2766    , -739.615    , array([ 1.16965    ,  0.0390107  ,  0.348317   ])
likelihood = -739.62
theta = 349.27
Optimized parameters = [1.16965144 0.03901069 0.34831733]

Round_2_Replicate_8
2767    , -4098.48    , array([ 0.875544   ,  0.655679   ,  0.143525   ])
2768    , -4090.96    , array([ 0.869745   ,  0.655679   ,  0.143525   ])
2769    , -4064       , array([ 0.875544   ,  0.641987   ,  0.143525   ])
2770    , -4350.29    , array([ 0.875544   ,  0.655679   ,  0.130249   ])
2771    , -3822.97    , array([ 0.871674   ,  0.646519   ,  0.158154   ])
2772    , -3566.85    , array([ 0.869745   ,  0.641987   ,  0.174275   ])
2773    , -3714.02    , array([ 0.86782    ,  0.637486   ,  0.163355   ])
2774    , -3475.87    , array([ 0.872317   ,  0.625639   ,  0.178074   ])
2775    , -3181.1     , array([ 0.873607   ,  0.611139   ,  0.198353   ])
2776    , -2940.18    , array([ 0.865261   ,  0.618347   ,  0.220941   ])
2777    , -2441.32    , array([ 0.860165   ,  0.606855   ,  0.274127   ])
likelihood = -2441.32
theta = 301.82
Optimized parameters = [0.86016477 0.60685503 0.27412658]

Round_2_Replicate_9
2778    , -2436.58    , array([ 0.716158   ,  0.200691   ,  0.112794   ])
2779    , -2427.18    , array([ 0.704302   ,  0.200691   ,  0.112794   ])
2780    , -2301.71    , array([ 0.716158   ,  0.185206   ,  0.112794   ])
2781    , -2675.34    , array([ 0.716158   ,  0.200691   ,  0.101135   ])
2782    , -2119.9     , array([ 0.708232   ,  0.19023    ,  0.125798   ])
2783    , -1871.8     , array([ 0.704302   ,  0.185206   ,  0.1403     ])
2784    , -1963.12    , array([ 0.700394   ,  0.180314   ,  0.130457   ])
2785    , -1697.96    , array([ 0.709547   ,  0.167893   ,  0.143744   ])
2786    , -1402.64    , array([ 0.712184   ,  0.153562   ,  0.16227    ])
2787    , -1272.07    , array([ 0.695217   ,  0.160567   ,  0.183185   ])
2788    , -923.422    , array([ 0.684978   ,  0.149506   ,  0.233449   ])
likelihood = -923.42
theta = 380.16
Optimized parameters = [0.68497782 0.14950596 0.23344855]

Round_2_Replicate_10
2789    , -564.301    , array([ 0.699146   ,  0.109007   ,  0.326203   ])
2790    , -557.474    , array([ 0.686746   ,  0.109007   ,  0.326203   ])
2791    , -546.708    , array([ 0.699146   ,  0.0975724  ,  0.326203   ])
2792    , -589.442    , array([ 0.699146   ,  0.109007   ,  0.308434   ])
2793    , -526.598    , array([ 0.690855   ,  0.101244   ,  0.344995   ])
2794    , -502.604    , array([ 0.686746   ,  0.0975724  ,  0.364871   ])
2795    , -509.129    , array([ 0.682662   ,  0.0940339  ,  0.351497   ])
2796    , -496.403    , array([ 0.69223    ,  0.0852128  ,  0.369441   ])
2797    , -485.633    , array([ 0.694988   ,  0.0753408  ,  0.393163   ])
2798    , -462.481    , array([ 0.677254   ,  0.0801249  ,  0.41841    ])
2799    , -442.185    , array([ 0.666567   ,  0.0726085  ,  0.473869   ])
likelihood = -442.19
theta = 395.61
Optimized parameters = [0.66656675 0.07260851 0.47386922]

Round_3_Replicate_1
2800    , -993.462    , array([ 0.125084   ,  0.256668   ,  0.217802   ])
2801    , -1035.23    , array([ 0.112736   ,  0.256668   ,  0.217802   ])
2802    , -940.117    , array([ 0.125084   ,  0.239795   ,  0.217802   ])
2803    , -1030.6     , array([ 0.125084   ,  0.256668   ,  0.20182    ])
2804    , -956.705    , array([ 0.138785   ,  0.245293   ,  0.207013   ])
2805    , -893.443    , array([ 0.134059   ,  0.237991   ,  0.227221   ])
2806    , -829.971    , array([ 0.138785   ,  0.229168   ,  0.241096   ])
2807    , -820.801    , array([ 0.143678   ,  0.220672   ,  0.225305   ])
2808    , -742.114    , array([ 0.153986   ,  0.204614   ,  0.229153   ])
2809    , -733.687    , array([ 0.138785   ,  0.204614   ,  0.253662   ])
2810    , -659.602    , array([ 0.138785   ,  0.186878   ,  0.280792   ])
2811    , -558.939    , array([ 0.165035   ,  0.177252   ,  0.285588   ])
2812    , -434.61     , array([ 0.189567   ,  0.152393   ,  0.327023   ])
2813    , -417.423    , array([ 0.183111   ,  0.141303   ,  0.316132   ])
2814    , -338.979    , array([ 0.21033    ,  0.110956   ,  0.361999   ])
2815    , -417.038    , array([ 0.203168   ,  0.105241   ,  0.45115    ])
2816    , -349.079    , array([ 0.290628   ,  0.0785792  ,  0.505072   ])
2817    , -415.19     , array([ 0.282901   ,  0.0619626  ,  0.579442   ])
likelihood = -338.98
theta = 573.36
Optimized parameters = [0.21033025 0.11095627 0.36199928]

Round_3_Replicate_2
2818    , -316.952    , array([ 0.119858   ,  0.0339367  ,  0.184498   ])
2819    , -349.046    , array([ 0.107795   ,  0.0339367  ,  0.184498   ])
2820    , -339.459    , array([ 0.119858   ,  0.0286552  ,  0.184498   ])
2821    , -291.472    , array([ 0.119858   ,  0.0339367  ,  0.169547   ])
2822    , -299.32     , array([ 0.13327    ,  0.0303174  ,  0.174391   ])
2823    , -269.464    , array([ 0.12864    ,  0.0372807  ,  0.167963   ])
2824    , -251.798    , array([ 0.13327    ,  0.0425231  ,  0.160259   ])
2825    , -258.696    , array([ 0.138066   ,  0.0365865  ,  0.152909   ])
2826    , -250.587    , array([ 0.127133   ,  0.0464214  ,  0.148198   ])
2827    , -293.27     , array([ 0.124171   ,  0.0574423  ,  0.136616   ])
2828    , -280.536    , array([ 0.147024   ,  0.0511023  ,  0.139351   ])
2829    , -255.119    , array([ 0.139703   ,  0.0461315  ,  0.146354   ])
2830    , -268.331    , array([ 0.12864    ,  0.055323   ,  0.150065   ])
2831    , -251.266    , array([ 0.135647   ,  0.0405711  ,  0.152193   ])
2832    , -258.46     , array([ 0.12466    ,  0.0402757  ,  0.16093    ])
2833    , -250.362    , array([ 0.13578    ,  0.0445922  ,  0.149869   ])
2834    , -253.773    , array([ 0.132314   ,  0.0450995  ,  0.140543   ])
2835    , -249.708    , array([ 0.13303    ,  0.043153   ,  0.155085   ])
2836    , -254.12     , array([ 0.128318   ,  0.049254   ,  0.14986    ])
2837    , -249.524    , array([ 0.133776   ,  0.0425866  ,  0.151607   ])
likelihood = -249.52
theta = 671.18
Optimized parameters = [0.13377639 0.04258664 0.15160664]

Round_3_Replicate_3
2838    , -854.605    , array([ 0.121041   ,  0.0549021  ,  0.51655    ])
2839    , -934.855    , array([ 0.108913   ,  0.0549021  ,  0.51655    ])
2840    , -868.252    , array([ 0.121041   ,  0.0474863  ,  0.51655    ])
2841    , -835.663    , array([ 0.121041   ,  0.0549021  ,  0.499768   ])
2842    , -770.958    , array([ 0.134519   ,  0.0498397  ,  0.5053     ])
2843    , -692.686    , array([ 0.149499   ,  0.0474863  ,  0.499768   ])
2844    , -719.36     , array([ 0.139338   ,  0.057623   ,  0.494296   ])
2845    , -644.384    , array([ 0.153048   ,  0.0514731  ,  0.479994   ])
2846    , -551.184    , array([ 0.172098   ,  0.0498397  ,  0.462698   ])
2847    , -500.102    , array([ 0.193519   ,  0.0482582  ,  0.471267   ])
2848    , -403.593    , array([ 0.244693   ,  0.0452441  ,  0.457632   ])
2849    , -416.609    , array([ 0.244693   ,  0.0391328  ,  0.452621   ])
2850    , -358.526    , array([ 0.316743   ,  0.0417398  ,  0.419049   ])
2851    , -418.644    , array([ 0.461043   ,  0.0391328  ,  0.383719   ])
2852    , -404.21     , array([ 0.413228   ,  0.0353341  ,  0.423688   ])
2853    , -382.197    , array([ 0.412152   ,  0.04204    ,  0.414461   ])
2854    , -374.66     , array([ 0.243632   ,  0.0522785  ,  0.436312   ])
likelihood = -358.53
theta = 533.31
Optimized parameters = [0.31674307 0.04173981 0.41904897]

Round_3_Replicate_4
2855    , -935.729    , array([ 0.636632   ,  0.191734   ,  0.268046   ])
2856    , -925.292    , array([ 0.62242    ,  0.191734   ,  0.268046   ])
2857    , -873.82     , array([ 0.636632   ,  0.176536   ,  0.268046   ])
2858    , -1007.77    , array([ 0.636632   ,  0.191734   ,  0.250969   ])
2859    , -823.375    , array([ 0.627122   ,  0.181463   ,  0.286285   ])
2860    , -744.572    , array([ 0.62242    ,  0.176536   ,  0.305765   ])
2861    , -761.797    , array([ 0.617753   ,  0.171743   ,  0.292637   ])
2862    , -681.794    , array([ 0.628697   ,  0.159587   ,  0.310271   ])
2863    , -595.026    , array([ 0.631859   ,  0.145595   ,  0.333816   ])
2864    , -557.259    , array([ 0.611585   ,  0.152431   ,  0.359148   ])
2865    , -462.256    , array([ 0.599433   ,  0.141642   ,  0.415725   ])
2866    , -466.893    , array([ 0.617753   ,  0.137796   ,  0.415725   ])
2867    , -400.381    , array([ 0.610052   ,  0.113646   ,  0.488306   ])
2868    , -378.811    , array([ 0.603961   ,  0.0911826  ,  0.617083   ])
2869    , -366.4      , array([ 0.583117   ,  0.100867   ,  0.673694   ])
2870    , -408.886    , array([ 0.560175   ,  0.0839551  ,  0.957063   ])
2871    , -376.546    , array([ 0.573926   ,  0.0865626  ,  0.746338   ])
2872    , -469.484    , array([ 0.574566   ,  0.0606458  ,  1.10244    ])
2873    , -380.597    , array([ 0.593117   ,  0.114576   ,  0.53051    ])
likelihood = -366.4
theta = 392.55
Optimized parameters = [0.58311748 0.10086659 0.67369412]

Round_3_Replicate_5
2874    , -1289.91    , array([ 0.0588706  ,  0.0998755  ,  0.413131   ])
2875    , -1394.52    , array([ 0.0510967  ,  0.0998755  ,  0.413131   ])
2876    , -1285.74    , array([ 0.0588706  ,  0.0890086  ,  0.413131   ])
2877    , -1275.4     , array([ 0.0588706  ,  0.0998755  ,  0.395269   ])
2878    , -1166.74    , array([ 0.0678271  ,  0.0924928  ,  0.401135   ])
2879    , -1042.57    , array([ 0.0781463  ,  0.0890086  ,  0.395269   ])
2880    , -1113.68    , array([ 0.0711058  ,  0.0856557  ,  0.389488   ])
2881    , -987.85     , array([ 0.0806448  ,  0.0936842  ,  0.374482   ])
2882    , -817.865    , array([ 0.0943877  ,  0.0961133  ,  0.356536   ])
2883    , -692.686    , array([ 0.110473   ,  0.0813808  ,  0.365399   ])
2884    , -447.68     , array([ 0.151332   ,  0.0734605  ,  0.351321   ])
2885    , -438.5      , array([ 0.151332   ,  0.0856557  ,  0.346183   ])
2886    , -292.528    , array([ 0.220773   ,  0.0856557  ,  0.326371   ])
2887    , -285.335    , array([ 0.275182   ,  0.0803459  ,  0.300229   ])
2888    , -487.161    , array([ 0.516388   ,  0.076336   ,  0.261658   ])
2889    , -412.103    , array([ 0.464961   ,  0.0660286  ,  0.296809   ])
2890    , -545.989    , array([ 0.6129     ,  0.0804602  ,  0.269189   ])
2891    , -297.397    , array([ 0.214682   ,  0.0751511  ,  0.328695   ])
2892    , -594.433    , array([ 0.119168   ,  0.0975824  ,  0.341058   ])
2893    , -311.102    , array([ 0.330828   ,  0.0728018  ,  0.307301   ])
likelihood = -285.33
theta = 539.61
Optimized parameters = [0.2751822  0.08034587 0.30022947]

Round_4_Replicate_1
2894    , -423.177    , array([ 0.257431   ,  0.0216528  ,  0.188606   ])
2895    , -405.714    , array([ 0.240543   ,  0.0216528  ,  0.188606   ])
2896    , -450.854    , array([ 0.257431   ,  0.0178768  ,  0.188606   ])
2897    , -436.144    , array([ 0.257431   ,  0.0216528  ,  0.173514   ])
2898    , -392.741    , array([ 0.246046   ,  0.0262264  ,  0.178405   ])
2899    , -365.467    , array([ 0.240543   ,  0.031766   ,  0.173514   ])
2900    , -362.758    , array([ 0.235164   ,  0.0279563  ,  0.193923   ])
2901    , -332.895    , array([ 0.224764   ,  0.031766   ,  0.205011   ])
2902    , -313.672    , array([ 0.214824   ,  0.0360948  ,  0.188606   ])
2903    , -275.201    , array([ 0.196242   ,  0.0466027  ,  0.188606   ])
2904    , -281.891    , array([ 0.200731   ,  0.0601695  ,  0.188606   ])
2905    , -261.291    , array([ 0.177922   ,  0.0627872  ,  0.216734   ])
2906    , -323.868    , array([ 0.15302    ,  0.0882725  ,  0.242227   ])
2907    , -384.49     , array([ 0.162941   ,  0.098888   ,  0.190362   ])
2908    , -287.808    , array([ 0.207397   ,  0.0421947  ,  0.201247   ])
2909    , -291.574    , array([ 0.176585   ,  0.0744472  ,  0.193923   ])
2910    , -272.076    , array([ 0.199224   ,  0.0486301  ,  0.19939    ])
2911    , -271.786    , array([ 0.181535   ,  0.0452982  ,  0.214734   ])
2912    , -267.624    , array([ 0.17629    ,  0.0573888  ,  0.234134   ])
2913    , -288.924    , array([ 0.160055   ,  0.061416   ,  0.246504   ])
2914    , -263.326    , array([ 0.188614   ,  0.0515524  ,  0.210249   ])
2915    , -270.172    , array([ 0.180188   ,  0.0718704  ,  0.225692   ])
2916    , -262.467    , array([ 0.180524   ,  0.0640373  ,  0.222901   ])
2917    , -265.762    , array([ 0.188508   ,  0.0610297  ,  0.200316   ])
2918    , -261.214    , array([ 0.185377   ,  0.0600984  ,  0.208283   ])
2919    , -277.077    , array([ 0.17417    ,  0.0752539  ,  0.22168    ])
2920    , -260.133    , array([ 0.184894   ,  0.0566655  ,  0.21305    ])
2921    , -260.587    , array([ 0.1849     ,  0.0558387  ,  0.202891   ])
likelihood = -260.13
theta = 618.71
Optimized parameters = [0.1848941  0.05666555 0.21305045]

Round_4_Replicate_2
2922    , -336.574    , array([ 0.0748966  ,  0.0493762  ,  0.112027   ])
2923    , -383.899    , array([ 0.0657938  ,  0.0493762  ,  0.112027   ])
2924    , -300.86     , array([ 0.0748966  ,  0.0424808  ,  0.112027   ])
2925    , -347.119    , array([ 0.0748966  ,  0.0493762  ,  0.100413   ])
2926    , -291.91     , array([ 0.0852587  ,  0.0446651  ,  0.104144   ])
2927    , -287.449    , array([ 0.0970545  ,  0.0424808  ,  0.100413   ])
2928    , -261.229    , array([ 0.0890221  ,  0.0404034  ,  0.11619    ])
2929    , -251.638    , array([ 0.0970545  ,  0.0365485  ,  0.124985   ])
2930    , -247.259    , array([ 0.105812   ,  0.0330613  ,  0.112027   ])
2931    , -281.336    , array([ 0.125768   ,  0.0270533  ,  0.112027   ])
2932    , -280.097    , array([ 0.133224   ,  0.0325133  ,  0.112027   ])
2933    , -281.502    , array([ 0.126981   ,  0.0272045  ,  0.134445   ])
2934    , -259.466    , array([ 0.118729   ,  0.0304108  ,  0.124985   ])
2935    , -284.866    , array([ 0.0856689  ,  0.0339951  ,  0.129629   ])
2936    , -256.381    , array([ 0.1193     ,  0.0328776  ,  0.11619    ])
2937    , -251.603    , array([ 0.0964354  ,  0.0382852  ,  0.110673   ])
2938    , -268.1      , array([ 0.0832816  ,  0.0391964  ,  0.115251   ])
2939    , -247.356    , array([ 0.109048   ,  0.0343547  ,  0.115954   ])
2940    , -264.005    , array([ 0.11064    ,  0.0338342  ,  0.101916   ])
2941    , -245.884    , array([ 0.100286   ,  0.0358501  ,  0.118769   ])
2942    , -254.598    , array([ 0.114294   ,  0.0309148  ,  0.120643   ])
2943    , -246.586    , array([ 0.10062    ,  0.0362923  ,  0.113085   ])
2944    , -246.373    , array([ 0.0957971  ,  0.0357352  ,  0.11324    ])
2945    , -254.558    , array([ 0.0923953  ,  0.0391095  ,  0.118055   ])
2946    , -245.361    , array([ 0.102285   ,  0.0344794  ,  0.113505   ])
2947    , -246.046    , array([ 0.098232   ,  0.034431   ,  0.117239   ])
2948    , -246.003    , array([ 0.104918   ,  0.0341117  ,  0.119819   ])
likelihood = -245.36
theta = 703.89
Optimized parameters = [0.10228519 0.03447944 0.11350451]

Round_4_Replicate_3
2949    , -861.356    , array([ 0.100328   ,  0.0845909  ,  0.0804112  ])
2950    , -833.414    , array([ 0.0894325  ,  0.0845909  ,  0.0804112  ])
2951    , -755.534    , array([ 0.100328   ,  0.0747635  ,  0.0804112  ])
2952    , -1015.43    , array([ 0.100328   ,  0.0845909  ,  0.0708896  ])
2953    , -653.529    , array([ 0.0929262  ,  0.0779054  ,  0.0912118  ])
2954    , -532.366    , array([ 0.0894325  ,  0.0747635  ,  0.103463   ])
2955    , -558.039    , array([ 0.0860701  ,  0.0717483  ,  0.0951252  ])
2956    , -426.581    , array([ 0.0941209  ,  0.0642891  ,  0.106402   ])
2957    , -318.226    , array([ 0.0965564  ,  0.056046   ,  0.122395   ])
2958    , -377.343    , array([ 0.0817828  ,  0.0600262  ,  0.140793   ])
2959    , -329.473    , array([ 0.0921382  ,  0.0555356  ,  0.154569   ])
2960    , -408.183    , array([ 0.0904538  ,  0.0437134  ,  0.18572    ])
2961    , -337.536    , array([ 0.0901974  ,  0.04999    ,  0.16045    ])
2962    , -269.389    , array([ 0.105588   ,  0.0481939  ,  0.148904   ])
2963    , -252.635    , array([ 0.119975   ,  0.0431834  ,  0.153133   ])
2964    , -286.812    , array([ 0.115793   ,  0.0524894  ,  0.126657   ])
2965    , -299.941    , array([ 0.132007   ,  0.0455041  ,  0.115129   ])
2966    , -272.353    , array([ 0.155166   ,  0.0392418  ,  0.139581   ])
2967    , -260.038    , array([ 0.126411   ,  0.04379    ,  0.168719   ])
2968    , -288.401    , array([ 0.152792   ,  0.0336425  ,  0.18567    ])
2969    , -254.603    , array([ 0.124104   ,  0.0469652  ,  0.139366   ])
2970    , -319.876    , array([ 0.0982449  ,  0.0507259  ,  0.168307   ])
2971    , -252.16     , array([ 0.138413   ,  0.0418427  ,  0.146266   ])
2972    , -264.293    , array([ 0.12811    ,  0.0440995  ,  0.126595   ])
2973    , -251.19     , array([ 0.126834   ,  0.0438672  ,  0.157028   ])
likelihood = -251.19
theta = 686.53
Optimized parameters = [0.12683355 0.04386716 0.15702818]

Round_4_Replicate_4
2974    , -354.432    , array([ 0.086197   ,  0.0594373  ,  0.124995   ])
2975    , -392.811    , array([ 0.0762547  ,  0.0594373  ,  0.124995   ])
2976    , -311.603    , array([ 0.086197   ,  0.0516134  ,  0.124995   ])
2977    , -373.588    , array([ 0.086197   ,  0.0594373  ,  0.112652   ])
2978    , -316.804    , array([ 0.0974356  ,  0.0540997  ,  0.116624   ])
2979    , -290.984    , array([ 0.0935353  ,  0.0508103  ,  0.132428   ])
2980    , -278.958    , array([ 0.0974356  ,  0.0469783  ,  0.143582   ])
2981    , -256.888    , array([ 0.101498   ,  0.0434354  ,  0.130907   ])
2982    , -248.774    , array([ 0.110139   ,  0.0371309  ,  0.133966   ])
2983    , -299.251    , array([ 0.0974356  ,  0.0371309  ,  0.153887   ])
2984    , -295.53     , array([ 0.119516   ,  0.0312476  ,  0.164933   ])
2985    , -248.321    , array([ 0.121155   ,  0.0387167  ,  0.140302   ])
2986    , -256.249    , array([ 0.135099   ,  0.0395347  ,  0.133966   ])
2987    , -307.791    , array([ 0.0996722  ,  0.0530726  ,  0.117526   ])
2988    , -266.187    , array([ 0.114212   ,  0.0356722  ,  0.151535   ])
2989    , -278.094    , array([ 0.135919   ,  0.0293818  ,  0.139943   ])
2990    , -259.769    , array([ 0.125066   ,  0.0330395  ,  0.140844   ])
2991    , -251.532    , array([ 0.123188   ,  0.0367661  ,  0.126285   ])
2992    , -251.898    , array([ 0.111368   ,  0.0426273  ,  0.126339   ])
2993    , -247.177    , array([ 0.114645   ,  0.0399967  ,  0.129819   ])
2994    , -256.327    , array([ 0.107777   ,  0.0405189  ,  0.14352    ])
2995    , -247.68     , array([ 0.11914    ,  0.0376704  ,  0.130389   ])
2996    , -251.21     , array([ 0.127026   ,  0.0405084  ,  0.132872   ])
2997    , -247.131    , array([ 0.114138   ,  0.0379479  ,  0.133692   ])
2998    , -247.102    , array([ 0.110974   ,  0.0383334  ,  0.122855   ])
2999    , -249.869    , array([ 0.106209   ,  0.0381431  ,  0.114962   ])
3000    , -247.561    , array([ 0.107634   ,  0.039859   ,  0.127052   ])
3001    , -246.729    , array([ 0.110402   ,  0.0393002  ,  0.127878   ])
likelihood = -246.73
theta = 696.68
Optimized parameters = [0.1104017  0.03930017 0.12787822]

Round_4_Replicate_5
3002    , -331.915    , array([ 0.256751   ,  0.0375519  ,  0.227364   ])
3003    , -319.418    , array([ 0.239877   ,  0.0375519  ,  0.227364   ])
3004    , -351.469    , array([ 0.256751   ,  0.0318686  ,  0.227364   ])
3005    , -338.148    , array([ 0.256751   ,  0.0375519  ,  0.211133   ])
3006    , -309.13     , array([ 0.245375   ,  0.0442487  ,  0.21641    ])
3007    , -296.057    , array([ 0.239877   ,  0.0521397  ,  0.211133   ])
3008    , -292.496    , array([ 0.234502   ,  0.0467365  ,  0.233046   ])
3009    , -278.56     , array([ 0.224111   ,  0.0521397  ,  0.244841   ])
3010    , -269.368    , array([ 0.214181   ,  0.0581676  ,  0.227364   ])
3011    , -271.024    , array([ 0.195621   ,  0.0723945  ,  0.227364   ])
3012    , -285.388    , array([ 0.212569   ,  0.0778718  ,  0.227364   ])
3013    , -271.541    , array([ 0.196114   ,  0.0732799  ,  0.257233   ])
3014    , -288.547    , array([ 0.209734   ,  0.0471168  ,  0.259359   ])
3015    , -269.473    , array([ 0.211857   ,  0.0686798  ,  0.234972   ])
3016    , -289.52     , array([ 0.191613   ,  0.0845593  ,  0.234328   ])
3017    , -268.981    , array([ 0.215503   ,  0.0588392  ,  0.24217    ])
3018    , -288.993    , array([ 0.233172   ,  0.0519757  ,  0.214245   ])
3019    , -266.199    , array([ 0.204786   ,  0.0672494  ,  0.245738   ])
3020    , -270.959    , array([ 0.211016   ,  0.0546842  ,  0.241654   ])
3021    , -267.146    , array([ 0.211646   ,  0.0648765  ,  0.236625   ])
3022    , -268.143    , array([ 0.207076   ,  0.0694407  ,  0.256477   ])
3023    , -272.943    , array([ 0.200404   ,  0.0766643  ,  0.250189   ])
3024    , -266.745    , array([ 0.211625   ,  0.0628635  ,  0.24415    ])
3025    , -267.648    , array([ 0.211604   ,  0.0607904  ,  0.228601   ])
3026    , -266.527    , array([ 0.210462   ,  0.0628463  ,  0.235272   ])
3027    , -266.06     , array([ 0.206261   ,  0.0637026  ,  0.246835   ])
3028    , -267.168    , array([ 0.20362    ,  0.0631237  ,  0.252104   ])
3029    , -265.439    , array([ 0.202781   ,  0.0663262  ,  0.240978   ])
3030    , -265.809    , array([ 0.198499   ,  0.0681285  ,  0.239408   ])
likelihood = -265.44
theta = 599.49
Optimized parameters = [0.20278141 0.06632625 0.24097804]
