
Round_1_Replicate_1
853     , -400924     , array([ 3.79959    ,  2.89509    ,  0.692445   ,  0.2557     ,  0.7417     ])
854     , -407659     , array([ 4.06185    ,  2.89509    ,  0.692445   ,  0.2557     ,  0.7417     ])
855     , -406899     , array([ 3.79959    ,  3.05313    ,  0.692445   ,  0.2557     ,  0.7417     ])
856     , -397848     , array([ 3.79959    ,  2.89509    ,  0.679837   ,  0.2557     ,  0.7417     ])
857     , -401826     , array([ 3.79959    ,  2.89509    ,  0.692445   ,  0.238846   ,  0.7417     ])
858     , -401176     , array([ 3.79959    ,  2.89509    ,  0.692445   ,  0.2557     ,  0.730701   ])
859     , -395517     , array([ 3.55426    ,  2.9573     ,  0.687374   ,  0.24882    ,  0.737281   ])
860     , -388985     , array([ 3.32478    ,  2.98891    ,  0.684853   ,  0.24545    ,  0.735081   ])
861     , -389704     , array([ 3.60203    ,  2.78048    ,  0.684349   ,  0.244781   ,  0.734642   ])
likelihood = -388985.28
theta = 4822.88
Optimized parameters = [3.32478026 2.98890503 0.68485256 0.24544979 0.73508087]

Round_1_Replicate_2
862     , -74518      , array([ 0.397355   ,  0.327718   ,  0.804323   ,  1.28024    ,  6.5959     ])
863     , -71528.2    , array([ 0.379436   ,  0.327718   ,  0.804323   ,  1.28024    ,  6.5959     ])
864     , -73884.1    , array([ 0.397355   ,  0.309939   ,  0.804323   ,  1.28024    ,  6.5959     ])
865     , -73672.6    , array([ 0.397355   ,  0.327718   ,  0.795613   ,  1.28024    ,  6.5959     ])
866     , -74517.6    , array([ 0.397355   ,  0.327718   ,  0.804323   ,  1.29616    ,  6.5959     ])
867     , -74527.5    , array([ 0.397355   ,  0.327718   ,  0.804323   ,  1.28024    ,  7.24832    ])
868     , -72696.3    , array([ 0.390088   ,  0.320487   ,  0.800827   ,  1.28659    ,  6.0022     ])
869     , -71994      , array([ 0.387218   ,  0.31764    ,  0.799434   ,  1.28913    ,  6.35168    ])
likelihood = -71528.22
theta = 16722.23
Optimized parameters = [0.37943556 0.32771841 0.80432276 1.2802449  6.59589608]

Round_1_Replicate_3
870     , -171216     , array([ 2.04419    ,  0.27179    ,  0.67153    ,  0.331663   ,  0.240062   ])
871     , -173493     , array([ 2.1186     ,  0.27179    ,  0.67153    ,  0.331663   ,  0.240062   ])
872     , -170144     , array([ 2.04419    ,  0.254651   ,  0.67153    ,  0.331663   ,  0.240062   ])
873     , -169449     , array([ 2.04419    ,  0.27179    ,  0.658292   ,  0.331663   ,  0.240062   ])
874     , -171958     , array([ 2.04419    ,  0.27179    ,  0.67153    ,  0.313857   ,  0.240062   ])
875     , -169764     , array([ 2.04419    ,  0.27179    ,  0.67153    ,  0.331663   ,  0.223532   ])
876     , -167530     , array([ 1.9724     ,  0.2648     ,  0.666203   ,  0.324423   ,  0.233308   ])
877     , -164577     , array([ 1.90314    ,  0.261373   ,  0.663556   ,  0.320862   ,  0.230003   ])
878     , -166081     , array([ 1.98656    ,  0.260693   ,  0.663027   ,  0.345869   ,  0.229347   ])
likelihood = -164577.46
theta = 8994.01
Optimized parameters = [1.90313558 0.26137263 0.66355561 0.32086216 0.23000288]

Round_1_Replicate_4
879     , -145763     , array([ 4.24362    ,  0.82566    ,  0.202808   ,  0.904828   ,  1.07061    ])
880     , -150306     , array([ 4.56167    ,  0.82566    ,  0.202808   ,  0.904828   ,  1.07061    ])
881     , -145556     , array([ 4.24362    ,  0.817789   ,  0.202808   ,  0.904828   ,  1.07061    ])
882     , -139812     , array([ 4.24362    ,  0.82566    ,  0.187258   ,  0.904828   ,  1.07061    ])
883     , -145808     , array([ 4.24362    ,  0.82566    ,  0.202808   ,  0.900315   ,  1.07061    ])
884     , -145774     , array([ 4.24362    ,  0.82566    ,  0.202808   ,  0.904828   ,  1.07427    ])
885     , -138744     , array([ 3.94775    ,  0.822502   ,  0.196439   ,  0.90302    ,  1.07207    ])
886     , -133015     , array([ 3.67251    ,  0.820928   ,  0.19333    ,  0.902117   ,  1.07281    ])
887     , -138149     , array([ 4.00523    ,  0.820613   ,  0.192714   ,  0.908273   ,  1.07295    ])
likelihood = -133014.65
theta = 4496.91
Optimized parameters = [3.67251146 0.82092794 0.19332957 0.90211737 1.07280521]

Round_1_Replicate_5
888     , -322781     , array([ 4.81805    ,  0.166309   ,  2.00365    ,  0.80338    ,  0.59996    ])
889     , -325126     , array([ 5.21212    ,  0.166309   ,  2.00365    ,  0.80338    ,  0.59996    ])
890     , -317338     , array([ 4.81805    ,  0.152041   ,  2.00365    ,  0.80338    ,  0.59996    ])
891     , -326446     , array([ 4.81805    ,  0.166309   ,  2.0745     ,  0.80338    ,  0.59996    ])
892     , -322719     , array([ 4.81805    ,  0.166309   ,  2.00365    ,  0.794634   ,  0.59996    ])
893     , -322802     , array([ 4.81805    ,  0.166309   ,  2.00365    ,  0.80338    ,  0.584828   ])
894     , -317935     , array([ 4.97197    ,  0.160448   ,  1.93522    ,  0.79987    ,  0.593861   ])
895     , -316211     , array([ 4.51014    ,  0.158162   ,  1.97599    ,  0.79847    ,  0.591439   ])
896     , -311683     , array([ 4.19545    ,  0.154239   ,  1.96231    ,  0.796027   ,  0.587224   ])
likelihood = -311683.2
theta = 6153.06
Optimized parameters = [4.1954472  0.15423896 1.96230867 0.79602672 0.58722351]

Round_1_Replicate_6
897     , -759176     , array([ 3.67261    ,  1.95736    ,  6.87092    ,  0.644826   ,  6.28318    ])
898     , -762634     , array([ 3.91944    ,  1.95736    ,  6.87092    ,  0.644826   ,  6.28318    ])
899     , -762181     , array([ 3.67261    ,  2.02421    ,  6.87092    ,  0.644826   ,  6.28318    ])
900     , -772949     , array([ 3.67261    ,  1.95736    ,  7.56599    ,  0.644826   ,  6.28318    ])
901     , -759174     , array([ 3.67261    ,  1.95736    ,  6.87092    ,  0.630833   ,  6.28318    ])
902     , -759262     , array([ 3.67261    ,  1.95736    ,  6.87092    ,  0.644826   ,  6.88792    ])
903     , -747586     , array([ 3.76942    ,  1.98383    ,  6.23971    ,  0.639192   ,  6.51843    ])
904     , -734210     , array([ 3.81878    ,  1.9972     ,  5.66648    ,  0.636393   ,  6.63934    ])
905     , -746898     , array([ 3.49547    ,  1.99988    ,  6.36113    ,  0.635835   ,  6.66379    ])
likelihood = -734210.11
theta = 2966.28
Optimized parameters = [3.81877706 1.99719946 5.66648164 0.63639335 6.63933803]

Round_1_Replicate_7
906     , -418282     , array([ 1.86352    ,  2.88081    ,  1.20231    ,  0.157048   ,  0.787855   ])
907     , -422630     , array([ 1.92243    ,  2.88081    ,  1.20231    ,  0.157048   ,  0.787855   ])
908     , -422757     , array([ 1.86352    ,  3.03732    ,  1.20231    ,  0.157048   ,  0.787855   ])
909     , -420099     , array([ 1.86352    ,  2.88081    ,  1.21343    ,  0.157048   ,  0.787855   ])
910     , -418549     , array([ 1.86352    ,  2.88081    ,  1.20231    ,  0.143164   ,  0.787855   ])
911     , -418351     , array([ 1.86352    ,  2.88081    ,  1.20231    ,  0.157048   ,  0.778518   ])
912     , -416273     , array([ 1.88687    ,  2.73237    ,  1.20674    ,  0.151339   ,  0.784107   ])
913     , -412819     , array([ 1.89865    ,  2.59157    ,  1.20897    ,  0.148563   ,  0.782239   ])
914     , -412723     , array([ 1.81996    ,  2.76143    ,  1.20941    ,  0.148014   ,  0.781866   ])
915     , -407776     , array([ 1.77079    ,  2.70361    ,  1.21299    ,  0.143695   ,  0.778889   ])
likelihood = -407776.19
theta = 6131.3
Optimized parameters = [1.77078978 2.70361155 1.2129853  0.14369464 0.77888922]

Round_1_Replicate_8
916     , -219237     , array([ 3.79724    ,  1.44986    ,  0.393454   ,  1.03282    ,  0.620569   ])
917     , -224627     , array([ 4.05921    ,  1.44986    ,  0.393454   ,  1.03282    ,  0.620569   ])
918     , -220330     , array([ 3.79724    ,  1.47704    ,  0.393454   ,  1.03282    ,  0.620569   ])
919     , -213344     , array([ 3.79724    ,  1.44986    ,  0.375525   ,  1.03282    ,  0.620569   ])
920     , -219189     , array([ 3.79724    ,  1.44986    ,  0.393454   ,  1.03449    ,  0.620569   ])
921     , -218610     , array([ 3.79724    ,  1.44986    ,  0.393454   ,  1.03282    ,  0.60594    ])
922     , -211593     , array([ 3.55218    ,  1.46067    ,  0.386182   ,  1.03349    ,  0.614676   ])
923     , -205032     , array([ 3.32293    ,  1.46611    ,  0.382597   ,  1.03382    ,  0.61175    ])
924     , -209907     , array([ 3.59989    ,  1.42954    ,  0.381884   ,  1.03389    ,  0.611166   ])
likelihood = -205031.82
theta = 4580.73
Optimized parameters = [3.32292913 1.46610521 0.38259671 1.03382128 0.61174991]

Round_1_Replicate_9
925     , -365070     , array([ 3.4703     ,  0.29583    ,  2.29999    ,  0.65178    ,  0.234772   ])
926     , -367944     , array([ 3.69305    ,  0.29583    ,  2.29999    ,  0.65178    ,  0.234772   ])
927     , -360500     , array([ 3.4703     ,  0.278352   ,  2.29999    ,  0.65178    ,  0.234772   ])
928     , -371263     , array([ 3.4703     ,  0.29583    ,  2.3978     ,  0.65178    ,  0.234772   ])
929     , -364977     , array([ 3.4703     ,  0.29583    ,  2.29999    ,  0.637979   ,  0.234772   ])
930     , -364007     , array([ 3.4703     ,  0.29583    ,  2.29999    ,  0.65178    ,  0.218363   ])
931     , -357839     , array([ 3.55774    ,  0.288711   ,  2.20618    ,  0.646224   ,  0.228065   ])
932     , -351188     , array([ 3.60228    ,  0.285215   ,  2.11619    ,  0.643464   ,  0.224784   ])
933     , -354262     , array([ 3.31004    ,  0.284522   ,  2.22463    ,  0.642913   ,  0.224133   ])
likelihood = -351188.19
theta = 6490.46
Optimized parameters = [3.60228232 0.28521545 2.11618634 0.6434641  0.22478391]

Round_1_Replicate_10
934     , -293649     , array([ 0.435207   ,  0.220902   ,  4.5047     ,  3.38401    ,  0.240735   ])
935     , -288017     , array([ 0.417475   ,  0.220902   ,  4.5047     ,  3.38401    ,  0.240735   ])
936     , -290744     , array([ 0.435207   ,  0.204838   ,  4.5047     ,  3.38401    ,  0.240735   ])
937     , -309403     , array([ 0.435207   ,  0.220902   ,  4.85679    ,  3.38401    ,  0.240735   ])
938     , -293985     , array([ 0.435207   ,  0.220902   ,  4.5047     ,  3.59669    ,  0.240735   ])
939     , -291342     , array([ 0.435207   ,  0.220902   ,  4.5047     ,  3.38401    ,  0.22419    ])
940     , -273739     , array([ 0.428025   ,  0.214331   ,  4.17814    ,  3.46753    ,  0.233975   ])
941     , -255989     , array([ 0.424479   ,  0.211118   ,  3.87525    ,  3.51006    ,  0.230667   ])
942     , -274001     , array([ 0.423774   ,  0.210482   ,  4.2415     ,  3.23082    ,  0.230011   ])
likelihood = -255989.32
theta = 10227.28
Optimized parameters = [0.42447921 0.21111844 3.87524802 3.51005686 0.23066654]

Round_2_Replicate_1
943     , -57560.9    , array([ 0.108428   ,  0.0880069  ,  2.32122    ,  4.10234    ,  12.3483    ])
944     , -51526      , array([ 0.0970279  ,  0.0880069  ,  2.32122    ,  4.10234    ,  12.3483    ])
945     , -56962.9    , array([ 0.108428   ,  0.0779368  ,  2.32122    ,  4.10234    ,  12.3483    ])
946     , -60272.3    , array([ 0.108428   ,  0.0880069  ,  2.42104    ,  4.10234    ,  12.3483    ])
947     , -57560.9    , array([ 0.108428   ,  0.0880069  ,  2.32122    ,  4.40234    ,  12.3483    ])
948     , -57560.7    , array([ 0.108428   ,  0.0880069  ,  2.32122    ,  4.10234    ,  14.0019    ])
949     , -52289.7    , array([ 0.103715   ,  0.0838314  ,  2.22552    ,  4.2198     ,  12.9849    ])
950     , -52718.8    , array([ 0.101888   ,  0.0822173  ,  2.28246    ,  3.8662     ,  13.2487    ])
951     , -50886.5    , array([ 0.0993842  ,  0.0800095  ,  2.26713    ,  4.0517     ,  13.6269    ])
952     , -47821.7    , array([ 0.0951494  ,  0.0762876  ,  2.24056    ,  4.02661    ,  14.3151    ])
953     , -47230      , array([ 0.0943243  ,  0.0755643  ,  2.23528    ,  4.02161    ,  12.1244    ])
954     , -42747.8    , array([ 0.0879763  ,  0.0700191  ,  2.19351    ,  3.98185    ,  11.2823    ])
likelihood = -42747.85
theta = 67592.43
Optimized parameters = [ 0.0879763   0.07001912  2.19351461  3.981845   11.28227405]

Round_2_Replicate_2
955     , -213943     , array([ 1.42021    ,  0.162341   ,  1.27102    ,  3.29439    ,  25.8453    ])
956     , -215174     , array([ 1.44534    ,  0.162341   ,  1.27102    ,  3.29439    ,  25.8453    ])
957     , -211780     , array([ 1.42021    ,  0.148235   ,  1.27102    ,  3.29439    ,  25.8453    ])
958     , -215089     , array([ 1.42021    ,  0.162341   ,  1.28635    ,  3.29439    ,  25.8453    ])
959     , -213943     , array([ 1.42021    ,  0.162341   ,  1.27102    ,  3.49675    ,  25.8453    ])
961     , -213994     , array([ 1.43021    ,  0.156544   ,  1.27713    ,  3.37389    ,  21.9666    ])
962     , -212309     , array([ 1.39944    ,  0.154284   ,  1.27958    ,  3.40622    ,  24.2178    ])
963     , -211336     , array([ 1.41583    ,  0.151174   ,  1.26166    ,  3.45201    ,  23.5958    ])
964     , -209558     , array([ 1.41365    ,  0.145882   ,  1.2495     ,  3.53363    ,  22.5456    ])
965     , -210567     , array([ 1.3994     ,  0.15241    ,  1.2597     ,  3.43362    ,  28.0527    ])
likelihood = -209557.67
theta = 10143.49
Optimized parameters = [ 1.41364619  0.14588207  1.24949918  3.53362514 22.54560889]

Round_2_Replicate_3
966     , -54301.9    , array([ 0.161424   ,  0.394934   ,  1.09627    ,  3.43887    ,  21.4897    ])
967     , -51059.7    , array([ 0.147356   ,  0.394934   ,  1.09627    ,  3.43887    ,  21.4897    ])
968     , -52998.9    , array([ 0.161424   ,  0.377008   ,  1.09627    ,  3.43887    ,  21.4897    ])
969     , -54605.8    , array([ 0.161424   ,  0.394934   ,  1.10132    ,  3.43887    ,  21.4897    ])
970     , -54301.9    , array([ 0.161424   ,  0.394934   ,  1.09627    ,  3.65794    ,  21.4897    ])
971     , -54301.9    , array([ 0.161424   ,  0.394934   ,  1.09627    ,  3.43887    ,  25.0519    ])
972     , -52139.5    , array([ 0.155642   ,  0.387664   ,  1.09125    ,  3.52488    ,  22.8494    ])
973     , -51586.1    , array([ 0.153388   ,  0.384793   ,  1.09426    ,  3.55988    ,  23.417     ])
974     , -50532.1    , array([ 0.150287   ,  0.38081    ,  1.09345    ,  3.31051    ,  24.2356    ])
975     , -48731.2    , array([ 0.14501    ,  0.373939   ,  1.09205    ,  3.14937    ,  25.7374    ])
976     , -48377.7    , array([ 0.143977   ,  0.372579   ,  1.09177    ,  3.39968    ,  21.0151    ])
977     , -45627.2    , array([ 0.135973   ,  0.361881   ,  1.08952    ,  3.38025    ,  19.2476    ])
likelihood = -45627.24
theta = 26171.61
Optimized parameters = [ 0.13597346  0.36188091  1.089522    3.38025379 19.24757223]

Round_2_Replicate_4
978     , -33397.3    , array([ 0.233525   ,  0.0874521  ,  0.285022   ,  4.58592    ,  6.24353    ])
979     , -32144.7    , array([ 0.217145   ,  0.0874521  ,  0.285022   ,  4.58592    ,  6.24353    ])
980     , -36442.3    , array([ 0.233525   ,  0.077421   ,  0.285022   ,  4.58592    ,  6.24353    ])
981     , -33888.8    , array([ 0.233525   ,  0.0874521  ,  0.267684   ,  4.58592    ,  6.24353    ])
982     , -33429.9    , array([ 0.233525   ,  0.0874521  ,  0.285022   ,  4.94878    ,  6.24353    ])
983     , -33314.3    , array([ 0.233525   ,  0.0874521  ,  0.285022   ,  4.58592    ,  6.84229    ])
984     , -30127      , array([ 0.226829   ,  0.0987829  ,  0.277956   ,  4.72776    ,  6.47648    ])
985     , -27190.5    , array([ 0.223554   ,  0.111582   ,  0.274489   ,  4.80031    ,  6.59619    ])
986     , -29908.9    , array([ 0.222905   ,  0.096405   ,  0.298946   ,  4.81495    ,  6.6204     ])
987     , -28921.4    , array([ 0.218793   ,  0.100238   ,  0.286169   ,  4.41325    ,  6.77744    ])
988     , -27252.3    , array([ 0.213164   ,  0.105861   ,  0.286629   ,  4.68989    ,  7.00357    ])
likelihood = -27190.51
theta = 18248.57
Optimized parameters = [0.22355416 0.11158179 0.27448894 4.80030982 6.59618924]

Round_2_Replicate_5
989     , -31480.6    , array([ 0.308556   ,  0.608805   ,  0.414994   ,  1.56792    ,  5.43344    ])
990     , -29878.7    , array([ 0.290938   ,  0.608805   ,  0.414994   ,  1.56792    ,  5.43344    ])
991     , -31077.3    , array([ 0.308556   ,  0.593885   ,  0.414994   ,  1.56792    ,  5.43344    ])
992     , -29573.4    , array([ 0.308556   ,  0.608805   ,  0.39714    ,  1.56792    ,  5.43344    ])
993     , -31471.5    , array([ 0.308556   ,  0.608805   ,  0.414994   ,  1.60358    ,  5.43344    ])
994     , -31500.5    , array([ 0.308556   ,  0.608805   ,  0.414994   ,  1.56792    ,  5.91329    ])
995     , -29874      , array([ 0.301384   ,  0.602793   ,  0.407758   ,  1.58209    ,  4.99254    ])
996     , -29273.7    , array([ 0.298562   ,  0.600404   ,  0.404899   ,  1.58779    ,  5.25259    ])
997     , -28217.5    , array([ 0.293688   ,  0.596248   ,  0.399944   ,  1.59782    ,  5.16444    ])
998     , -28024.4    , array([ 0.292722   ,  0.59542    ,  0.398961   ,  1.55025    ,  5.14698    ])
999     , -26422.9    , array([ 0.285113   ,  0.588838   ,  0.391178   ,  1.52425    ,  5.00947    ])
1000    , -26631.3    , array([ 0.283615   ,  0.608298   ,  0.38964    ,  1.56769    ,  4.98241    ])
likelihood = -26422.89
theta = 12965.66
Optimized parameters = [0.28511305 0.58883753 0.39117791 1.52425454 5.00946825]

Round_2_Replicate_6
1001    , -57008.4    , array([ 0.907802   ,  0.441948   ,  0.275008   ,  0.505811   ,  22.3851    ])
1002    , -56724.6    , array([ 0.903422   ,  0.441948   ,  0.275008   ,  0.505811   ,  22.3851    ])
1003    , -57258      , array([ 0.907802   ,  0.424268   ,  0.275008   ,  0.505811   ,  22.3851    ])
1004    , -53692.9    , array([ 0.907802   ,  0.441948   ,  0.257818   ,  0.505811   ,  22.3851    ])
1005    , -57008.4    , array([ 0.907802   ,  0.441948   ,  0.275008   ,  0.488864   ,  22.3851    ])
1006    , -57007.3    , array([ 0.907802   ,  0.441948   ,  0.275008   ,  0.505811   ,  26.1491    ])
1007    , -55310.9    , array([ 0.906047   ,  0.460365   ,  0.267999   ,  0.498963   ,  23.8209    ])
1008    , -54868.6    , array([ 0.905346   ,  0.449225   ,  0.265245   ,  0.5205     ,  24.4206    ])
1009    , -54030      , array([ 0.904366   ,  0.452169   ,  0.261438   ,  0.508854   ,  25.2858    ])
1010    , -52874.9    , array([ 0.902995   ,  0.456323   ,  0.256199   ,  0.510076   ,  21.3573    ])
1011    , -50900.1    , array([ 0.900602   ,  0.463685   ,  0.247282   ,  0.512222   ,  19.3016    ])
likelihood = -50900.08
theta = 7645.99
Optimized parameters = [ 0.90060161  0.46368539  0.24728232  0.51222248 19.30155222]

Round_2_Replicate_7
1012    , -15349.4    , array([ 0.101546   ,  0.448042   ,  0.486126   ,  1.78221    ,  18.9446    ])
1013    , -15151.1    , array([ 0.0905727  ,  0.448042   ,  0.486126   ,  1.78221    ,  18.9446    ])
1014    , -14655.5    , array([ 0.101546   ,  0.430413   ,  0.486126   ,  1.78221    ,  18.9446    ])
1015    , -14628.9    , array([ 0.101546   ,  0.448042   ,  0.468907   ,  1.78221    ,  18.9446    ])
1016    , -15349.4    , array([ 0.101546   ,  0.448042   ,  0.486126   ,  1.83446    ,  18.9446    ])
1017    , -15349.3    , array([ 0.101546   ,  0.448042   ,  0.486126   ,  1.78221    ,  21.9463    ])
1018    , -14675.5    , array([ 0.0970057  ,  0.440905   ,  0.479164   ,  1.80293    ,  20.0926    ])
1019    , -14427.9    , array([ 0.0952469  ,  0.438083   ,  0.476407   ,  1.73948    ,  20.571     ])
1020    , -14023.9    , array([ 0.0922452  ,  0.433186   ,  0.47162    ,  1.69385    ,  21.4359    ])
1021    , -13947.4    , array([ 0.0916564  ,  0.432213   ,  0.470669   ,  1.75442    ,  17.5911    ])
1022    , -13389.2    , array([ 0.0870787  ,  0.42451    ,  0.463125   ,  1.74069    ,  15.7493    ])
1023    , -13403.9    , array([ 0.101157   ,  0.422986   ,  0.461631   ,  1.73795    ,  18.9268    ])
likelihood = -13389.23
theta = 21099.99
Optimized parameters = [ 0.08707869  0.42450981  0.46312532  1.74068641 15.74926248]

Round_2_Replicate_8
1024    , -114329     , array([ 0.570716   ,  0.197239   ,  0.970162   ,  0.467972   ,  3.31891    ])
1025    , -111944     , array([ 0.554933   ,  0.197239   ,  0.970162   ,  0.467972   ,  3.31891    ])
1026    , -114083     , array([ 0.570716   ,  0.181862   ,  0.970162   ,  0.467972   ,  3.31891    ])
1027    , -114194     , array([ 0.570716   ,  0.197239   ,  0.968694   ,  0.467972   ,  3.31891    ])
1028    , -114330     , array([ 0.570716   ,  0.197239   ,  0.970162   ,  0.450538   ,  3.31891    ])
1029    , -114332     , array([ 0.570716   ,  0.197239   ,  0.970162   ,  0.467972   ,  3.52408    ])
1030    , -113203     , array([ 0.56435    ,  0.190938   ,  0.969575   ,  0.460919   ,  3.12569    ])
1031    , -112762     , array([ 0.561823   ,  0.188474   ,  0.96934    ,  0.483137   ,  3.24023    ])
1032    , -112154     , array([ 0.558305   ,  0.185079   ,  0.969011   ,  0.47111    ,  3.20928    ])
1033    , -111500     , array([ 0.553417   ,  0.180427   ,  0.970607   ,  0.472371   ,  3.16645    ])
1034    , -110231     , array([ 0.544965   ,  0.172567   ,  0.971565   ,  0.474585   ,  3.09287    ])
likelihood = -110231.05
theta = 16684.05
Optimized parameters = [0.54496468 0.1725665  0.97156453 0.47458533 3.09286751]

Round_2_Replicate_9
1035    , -13391.4    , array([ 0.314283   ,  0.701147   ,  0.217867   ,  0.993963   ,  10.0811    ])
1036    , -12726.1    , array([ 0.296611   ,  0.701147   ,  0.217867   ,  0.993963   ,  10.0811    ])
1037    , -13267.5    , array([ 0.314283   ,  0.68881    ,  0.217867   ,  0.993963   ,  10.0811    ])
1038    , -12054.5    , array([ 0.314283   ,  0.701147   ,  0.201883   ,  0.993963   ,  10.0811    ])
1039    , -13391.4    , array([ 0.314283   ,  0.701147   ,  0.217867   ,  0.993663   ,  10.0811    ])
1040    , -13363.7    , array([ 0.314283   ,  0.701147   ,  0.217867   ,  0.993963   ,  11.3157    ])
1041    , -12507.6    , array([ 0.307091   ,  0.696186   ,  0.211327   ,  0.994264   ,  10.5579    ])
1042    , -12178.8    , array([ 0.304261   ,  0.694211   ,  0.208766   ,  0.994084   ,  10.7549    ])
1043    , -11783.9    , array([ 0.300342   ,  0.691456   ,  0.205233   ,  0.994132   ,  9.38857    ])
1044    , -11121.7    , array([ 0.293605   ,  0.686662   ,  0.199194   ,  0.994216   ,  8.5518     ])
1045    , -11083.1    , array([ 0.292276   ,  0.702962   ,  0.198008   ,  0.994233   ,  9.86722    ])
1046    , -10245.4    , array([ 0.281857   ,  0.710146   ,  0.188768   ,  0.994368   ,  9.762      ])
likelihood = -10245.44
theta = 9716.58
Optimized parameters = [0.2818572  0.71014605 0.18876786 0.99436798 9.76199556]

Round_2_Replicate_10
1047    , -49400.3    , array([ 0.73113    ,  0.531796   ,  0.316915   ,  3.28406    ,  1.77254    ])
1048    , -48574.8    , array([ 0.719771   ,  0.531796   ,  0.316915   ,  3.28406    ,  1.77254    ])
1049    , -49356.2    , array([ 0.73113    ,  0.515266   ,  0.316915   ,  3.28406    ,  1.77254    ])
1050    , -46413      , array([ 0.73113    ,  0.531796   ,  0.299219   ,  3.28406    ,  1.77254    ])
1051    , -49149      , array([ 0.73113    ,  0.531796   ,  0.316915   ,  3.48523    ,  1.77254    ])
1052    , -49524.6    , array([ 0.73113    ,  0.531796   ,  0.316915   ,  3.28406    ,  1.824      ])
1053    , -47611      , array([ 0.726565   ,  0.525121   ,  0.309714   ,  3.36309    ,  1.72252    ])
1054    , -47043.3    , array([ 0.724747   ,  0.522475   ,  0.30688    ,  3.39524    ,  1.75236    ])
1055    , -46170.2    , array([ 0.722209   ,  0.54224    ,  0.302956   ,  3.44076    ,  1.74435    ])
1056    , -44634.1    , array([ 0.71779    ,  0.556252   ,  0.296209   ,  3.52189    ,  1.73043    ])
1057    , -44639.9    , array([ 0.716909   ,  0.534921   ,  0.294877   ,  3.25575    ,  1.72766    ])
likelihood = -44634.08
theta = 7599.99
Optimized parameters = [0.71779007 0.55625208 0.29620875 3.52188882 1.73042962]

Round_3_Replicate_1
1058    , -54655.3    , array([ 0.0854631  ,  1.88178    ,  0.404783   ,  1.71483    ,  29.7       ])
1059    , -55408.4    , array([ 0.0755732  ,  1.88178    ,  0.404783   ,  1.71483    ,  29.7       ])
1060    , -55837.3    , array([ 0.0854631  ,  1.94221    ,  0.404783   ,  1.71483    ,  29.7       ])
1061    , -53215.3    , array([ 0.0854631  ,  1.88178    ,  0.386887   ,  1.71483    ,  29.7       ])
1062    , -54655.3    , array([ 0.0854631  ,  1.88178    ,  0.404783   ,  1.7617     ,  29.7       ])
1064    , -54839.3    , array([ 0.0813606  ,  1.90572    ,  0.397527   ,  1.73343    ,  25.0679    ])
1065    , -53272.6    , array([ 0.0797753  ,  1.83247    ,  0.394662   ,  1.74093    ,  27.7524    ])
1066    , -52911.7    , array([ 0.0921892  ,  1.87134    ,  0.390684   ,  1.75147    ,  27.0097    ])
1067    , -51795.4    , array([ 0.101821   ,  1.86614    ,  0.38382    ,  1.77009    ,  25.7573    ])
1069    , -54156.2    , array([ 0.0842774  ,  1.88711    ,  0.396207   ,  1.73687    ,  26.7182    ])
1070    , -52111.5    , array([ 0.0886769  ,  1.85779    ,  0.381953   ,  1.70947    ,  26.1729    ])
1071    , -51095.4    , array([ 0.089996   ,  1.84829    ,  0.373185   ,  1.754      ,  24.8823    ])
1072    , -49320.3    , array([ 0.0923518  ,  1.83177    ,  0.358323   ,  1.77391    ,  22.7749    ])
1073    , -49659.6    , array([ 0.0946639  ,  1.82124    ,  0.366241   ,  1.74642    ,  25.9478    ])
1074    , -49237.6    , array([ 0.107091   ,  1.87095    ,  0.356845   ,  1.74455    ,  24.3179    ])
1075    , -47420.7    , array([ 0.124078   ,  1.8905     ,  0.339318   ,  1.74636    ,  22.7634    ])
1076    , -46913.8    , array([ 0.116041   ,  1.8253     ,  0.345406   ,  1.78404    ,  20.4297    ])
1077    , -43991.4    , array([ 0.135215   ,  1.7977     ,  0.326365   ,  1.81969    ,  16.944     ])
likelihood = -43991.43
theta = 8294.32
Optimized parameters = [ 0.13521548  1.79770131  0.32636522  1.8196905  16.94400818]

Round_3_Replicate_2
1078    , -17380.1    , array([ 0.139235   ,  0.722873   ,  0.340698   ,  1.7469     ,  2.5946     ])
1079    , -17332.2    , array([ 0.126164   ,  0.722873   ,  0.340698   ,  1.7469     ,  2.5946     ])
1080    , -17040.8    , array([ 0.139235   ,  0.711238   ,  0.340698   ,  1.7469     ,  2.5946     ])
1081    , -16264.1    , array([ 0.139235   ,  0.722873   ,  0.32284    ,  1.7469     ,  2.5946     ])
1082    , -17355.1    , array([ 0.139235   ,  0.722873   ,  0.340698   ,  1.79631    ,  2.5946     ])
1083    , -17406.1    , array([ 0.139235   ,  0.722873   ,  0.340698   ,  1.7469     ,  2.72128    ])
1084    , -16719.5    , array([ 0.133851   ,  0.718196   ,  0.333439   ,  1.7665     ,  2.47381    ])
1085    , -16505.5    , array([ 0.131757   ,  0.716334   ,  0.330579   ,  1.7744     ,  2.54559    ])
1086    , -16229.1    , array([ 0.128879   ,  0.713735   ,  0.326617   ,  1.71714    ,  2.52625    ])
1087    , -15768.3    , array([ 0.123994   ,  0.70921    ,  0.319796   ,  1.67887    ,  2.49275    ])
1088    , -15594.4    , array([ 0.141248   ,  0.708308   ,  0.318449   ,  1.73788    ,  2.48611    ])
1089    , -14833.8    , array([ 0.149453   ,  0.701136   ,  0.307875   ,  1.73339    ,  2.43357    ])
1090    , -15063.5    , array([ 0.131665   ,  0.715787   ,  0.305803   ,  1.73249    ,  2.4232     ])
1091    , -14651.4    , array([ 0.136062   ,  0.707901   ,  0.301831   ,  1.7        ,  2.52059    ])
1092    , -13754      , array([ 0.137181   ,  0.702808   ,  0.287169   ,  1.66769    ,  2.54431    ])
1093    , -13800      , array([ 0.140473   ,  0.70435    ,  0.287773   ,  1.65096    ,  2.44902    ])
1094    , -13205.3    , array([ 0.1334     ,  0.690769   ,  0.281425   ,  1.63948    ,  2.3479     ])
1095    , -12094.6    , array([ 0.130575   ,  0.675256   ,  0.262755   ,  1.58828    ,  2.2335     ])
1096    , -12158.9    , array([ 0.152929   ,  0.690394   ,  0.262633   ,  1.66847    ,  2.3388     ])
likelihood = -12094.65
theta = 13072.49
Optimized parameters = [0.13057547 0.6752556  0.26275479 1.58827511 2.23349773]

Round_3_Replicate_3
1097    , -54918.7    , array([ 0.162556   ,  2.25036    ,  0.347486   ,  2.87516    ,  6.35007    ])
1098    , -54765.2    , array([ 0.14844    ,  2.25036    ,  0.347486   ,  2.87516    ,  6.35007    ])
1099    , -56452.8    , array([ 0.162556   ,  2.3435     ,  0.347486   ,  2.87516    ,  6.35007    ])
1100    , -52788.5    , array([ 0.162556   ,  2.25036    ,  0.329598   ,  2.87516    ,  6.35007    ])
1101    , -54937.9    , array([ 0.162556   ,  2.25036    ,  0.347486   ,  3.03106    ,  6.35007    ])
1102    , -54909.3    , array([ 0.162556   ,  2.25036    ,  0.347486   ,  2.87516    ,  6.96495    ])
1103    , -52461.2    , array([ 0.156755   ,  2.16092    ,  0.340217   ,  2.93653    ,  6.58923    ])
1104    , -50488.5    , array([ 0.153933   ,  2.07504    ,  0.33664    ,  2.96771    ,  6.71216    ])
1105    , -52226.7    , array([ 0.153375   ,  2.17852    ,  0.335929   ,  2.76206    ,  6.73702    ])
1106    , -51212.9    , array([ 0.149849   ,  2.15043    ,  0.331414   ,  2.86546    ,  6.89832    ])
1107    , -49825.9    , array([ 0.145049   ,  2.11172    ,  0.325196   ,  2.86159    ,  6.26519    ])
1108    , -47512.7    , array([ 0.137017   ,  2.04563    ,  0.314593   ,  2.85482    ,  5.94214    ])
1109    , -46869      , array([ 0.153835   ,  2.03266    ,  0.312514   ,  2.85347    ,  6.69174    ])
1110    , -43023.1    , array([ 0.156605   ,  1.93185    ,  0.296371   ,  2.84269    ,  6.86941    ])
1111    , -45095.2    , array([ 0.138397   ,  1.91229    ,  0.315764   ,  2.84054    ,  6.9055     ])
1112    , -42803.9    , array([ 0.140774   ,  1.875      ,  0.302236   ,  2.99018    ,  6.57351    ])
1113    , -38458.1    , array([ 0.134867   ,  1.73948    ,  0.286679   ,  3.11122    ,  6.49326    ])
1114    , -38752      , array([ 0.138141   ,  1.74499    ,  0.289089   ,  2.97873    ,  6.26628    ])
1115    , -35511.3    , array([ 0.128778   ,  1.68733    ,  0.267784   ,  2.88037    ,  6.26541    ])
1116    , -29653.9    , array([ 0.117787   ,  1.52155    ,  0.238833   ,  2.83766    ,  6.05332    ])
likelihood = -29653.91
theta = 8275.07
Optimized parameters = [0.11778656 1.52155039 0.23883291 2.83766202 6.05331992]

Round_3_Replicate_4
1117    , -41615.9    , array([ 0.345847   ,  2.2893     ,  0.226009   ,  2.75169    ,  11.0487    ])
1118    , -41109.9    , array([ 0.327965   ,  2.2893     ,  0.226009   ,  2.75169    ,  11.0487    ])
1119    , -43073.4    , array([ 0.345847   ,  2.38609    ,  0.226009   ,  2.75169    ,  11.0487    ])
1120    , -38389.5    , array([ 0.345847   ,  2.2893     ,  0.209813   ,  2.75169    ,  11.0487    ])
1121    , -41608.1    , array([ 0.345847   ,  2.2893     ,  0.226009   ,  2.89454    ,  11.0487    ])
1122    , -41599      , array([ 0.345847   ,  2.2893     ,  0.226009   ,  2.75169    ,  12.4588    ])
1123    , -38674.5    , array([ 0.33858    ,  2.19643    ,  0.219386   ,  2.80796    ,  11.5925    ])
1124    , -38936.3    , array([ 0.335716   ,  2.25169    ,  0.216791   ,  2.83079    ,  11.8174    ])
1125    , -37917.7    , array([ 0.331748   ,  2.23682    ,  0.21321    ,  2.66723    ,  12.1397    ])
1126    , -36186.1    , array([ 0.324915   ,  2.21103    ,  0.207085   ,  2.56035    ,  12.725     ])
1127    , -35870.3    , array([ 0.323566   ,  2.20591    ,  0.205881   ,  2.72596    ,  10.8571    ])
1128    , -33302.4    , array([ 0.312969   ,  2.16536    ,  0.1965     ,  2.71319    ,  10.1353    ])
1129    , -33187.7    , array([ 0.334879   ,  2.15734    ,  0.194676   ,  2.71064    ,  11.8274    ])
1130    , -29605.9    , array([ 0.33839    ,  2.09424    ,  0.180678   ,  2.69035    ,  12.2372    ])
1131    , -31542.9    , array([ 0.328187   ,  2.13069    ,  0.188687   ,  2.58181    ,  11.2135    ])
1132    , -29333.8    , array([ 0.321378   ,  2.15791    ,  0.175544   ,  2.51683    ,  11.2801    ])
1133    , -25556.1    , array([ 0.313108   ,  2.1389     ,  0.157028   ,  2.38278    ,  11.1271    ])
1134    , -24956      , array([ 0.302356   ,  2.01485    ,  0.163463   ,  2.4246     ,  11.8688    ])
1135    , -20103.3    , array([ 0.282707   ,  1.89023    ,  0.144283   ,  2.27593    ,  12.3014    ])
1136    , -20852.2    , array([ 0.30441    ,  1.95938    ,  0.143328   ,  2.48589    ,  10.1667    ])
likelihood = -20103.32
theta = 5725.12
Optimized parameters = [ 0.28270653  1.89022531  0.1442827   2.27593246 12.30142693]

Round_3_Replicate_5
1137    , -44541.1    , array([ 0.0738542  ,  2.05334    ,  0.240289   ,  2.35089    ,  6.30996    ])
1138    , -46182.7    , array([ 0.0648326  ,  2.05334    ,  0.240289   ,  2.35089    ,  6.30996    ])
1139    , -45820.2    , array([ 0.0738542  ,  2.12855    ,  0.240289   ,  2.35089    ,  6.30996    ])
1140    , -42878.5    , array([ 0.0738542  ,  2.05334    ,  0.223754   ,  2.35089    ,  6.30996    ])
1141    , -44552.5    , array([ 0.0738542  ,  2.05334    ,  0.240289   ,  2.45354    ,  6.30996    ])
1142    , -44562.3    , array([ 0.0738542  ,  2.05334    ,  0.240289   ,  2.35089    ,  6.91875    ])
1143    , -42849.4    , array([ 0.084131   ,  2.0831     ,  0.233533   ,  2.39143    ,  6.54677    ])
1144    , -41343.7    , array([ 0.0958379  ,  2.09814    ,  0.230226   ,  2.41196    ,  6.66848    ])
1145    , -41280.1    , array([ 0.0819672  ,  1.99796    ,  0.229571   ,  2.41608    ,  6.6931     ])
1146    , -39066.1    , array([ 0.086352   ,  1.9357     ,  0.224393   ,  2.44935    ,  6.89331    ])
1147    , -40324.5    , array([ 0.0872567  ,  2.02284    ,  0.223371   ,  2.45606    ,  6.09517    ])
1148    , -38705.3    , array([ 0.0932757  ,  2.01077    ,  0.216942   ,  2.35427    ,  6.5913     ])
1149    , -35932.2    , array([ 0.104825   ,  1.98981    ,  0.206134   ,  2.30615    ,  6.73664    ])
1150    , -35390.8    , array([ 0.107301   ,  1.98565    ,  0.204038   ,  2.43826    ,  6.76609    ])
1151    , -31225.1    , array([ 0.129336   ,  1.95264    ,  0.188018   ,  2.48315    ,  7.00638    ])
1152    , -32760.1    , array([ 0.134259   ,  1.94611    ,  0.204384   ,  2.49223    ,  7.05545    ])
1153    , -30503.8    , array([ 0.118397   ,  1.84811    ,  0.189399   ,  2.46115    ,  6.82846    ])
1154    , -25771.8    , array([ 0.131597   ,  1.73449    ,  0.171786   ,  2.48612    ,  6.90988    ])
1155    , -25983.1    , array([ 0.153271   ,  1.80254    ,  0.175748   ,  2.42874    ,  7.85521    ])
1156    , -22781.8    , array([ 0.194832   ,  1.83073    ,  0.158658   ,  2.42718    ,  7.31827    ])
1157    , -17377.8    , array([ 0.292653   ,  1.7804     ,  0.13341    ,  2.41616    ,  7.54047    ])
likelihood = -17377.83
theta = 5969.03
Optimized parameters = [0.29265339 1.7804049  0.13340953 2.41616262 7.54047448]

Round_4_Replicate_1
1158    , -15762.6    , array([ 0.217946   ,  1.00005    ,  0.220993   ,  1.1559     ,  6.92868    ])
1159    , -15621.3    , array([ 0.20196    ,  1.00005    ,  0.220993   ,  1.1559     ,  6.92868    ])
1160    , -15762.6    , array([ 0.217946   ,  1.00005    ,  0.220993   ,  1.1559     ,  6.92868    ])
1161    , -14335.3    , array([ 0.217946   ,  1.00005    ,  0.204926   ,  1.1559     ,  6.92868    ])
1162    , -15761.2    , array([ 0.217946   ,  1.00005    ,  0.220993   ,  1.1643     ,  6.92868    ])
1163    , -15715.1    , array([ 0.217946   ,  1.00005    ,  0.220993   ,  1.1559     ,  7.63278    ])
1164    , -15090.6    , array([ 0.211405   ,  1.00005    ,  0.214421   ,  1.15925    ,  7.20217    ])
1165    , -14844      , array([ 0.208844   ,  1.00005    ,  0.211847   ,  1.1606     ,  7.31457    ])
1166    , -14520.3    , array([ 0.205311   ,  1.00005    ,  0.208295   ,  1.15075    ,  7.47487    ])
1167    , -14169      , array([ 0.200464   ,  1.00005    ,  0.203422   ,  1.15705    ,  6.72883    ])
1168    , -13602.7    , array([ 0.192257   ,  1.00004    ,  0.195168   ,  1.15763    ,  6.31783    ])
1169    , -13357.8    , array([ 0.212112   ,  1.00004    ,  0.193558   ,  1.15775    ,  7.14397    ])
1170    , -12400.3    , array([ 0.217378   ,  1.00004    ,  0.181145   ,  1.15867    ,  7.25411    ])
1171    , -12851.8    , array([ 0.204907   ,  1.00005    ,  0.186477   ,  1.15416    ,  6.89247    ])
1172    , -12364.8    , array([ 0.205846   ,  1.00004    ,  0.179355   ,  1.15026    ,  6.6271     ])
1173    , -11489.9    , array([ 0.204364   ,  1.00004    ,  0.165028   ,  1.14513    ,  6.308      ])
1174    , -11538.1    , array([ 0.209002   ,  1.00004    ,  0.166191   ,  1.15783    ,  6.05931    ])
1175    , -11145.9    , array([ 0.193613   ,  1.00004    ,  0.155343   ,  1.15345    ,  6.19564    ])
1176    , -10737.1    , array([ 0.182485   ,  1.00004    ,  0.135251   ,  1.15223    ,  5.85874    ])
1177    , -10115      , array([ 0.214951   ,  1.00004    ,  0.140856   ,  1.14957    ,  6.59269    ])
1178    , -9298.25    , array([ 0.227284   ,  1.00004    ,  0.119663   ,  1.14556    ,  6.73457    ])
1179    , -9745.32    , array([ 0.210218   ,  1.00004    ,  0.12345    ,  1.14958    ,  5.98729    ])
1180    , -10139.1    , array([ 0.195521   ,  1.00004    ,  0.109013   ,  1.14151    ,  5.26842    ])
1181    , -10209.8    , array([ 0.198005   ,  1.00003    ,  0.100379   ,  1.13586    ,  5.96407    ])
1182    , -10982.9    , array([ 0.199954   ,  1.00003    ,  0.0828563  ,  1.14474    ,  5.60191    ])
1183    , -10156.2    , array([ 0.201048   ,  1.00003    ,  0.0984315  ,  1.14484    ,  5.77065    ])
likelihood = -9298.25
theta = 8066.1
Optimized parameters = [0.22728444 1.00003903 0.11966289 1.14556396 6.73457394]

Round_4_Replicate_2
1184    , -14696.5    , array([ 0.494629   ,  1.26287    ,  0.135212   ,  0.582051   ,  9.81039    ])
1185    , -14298.6    , array([ 0.477522   ,  1.26287    ,  0.135212   ,  0.582051   ,  9.81039    ])
1186    , -14825.3    , array([ 0.494629   ,  1.2777     ,  0.135212   ,  0.582051   ,  9.81039    ])
1187    , -12823.9    , array([ 0.494629   ,  1.26287    ,  0.122339   ,  0.582051   ,  9.81039    ])
1188    , -14699.7    , array([ 0.494629   ,  1.26287    ,  0.135212   ,  0.566512   ,  9.81039    ])
1189    , -14520.2    , array([ 0.494629   ,  1.26287    ,  0.135212   ,  0.582051   ,  10.9969    ])
1190    , -13561.1    , array([ 0.487714   ,  1.24822    ,  0.129908   ,  0.575784   ,  10.2688    ])
1191    , -13246.5    , array([ 0.484975   ,  1.25699    ,  0.127845   ,  0.595432   ,  10.4581    ])
1192    , -12723      , array([ 0.481166   ,  1.25465    ,  0.125012   ,  0.584829   ,  10.729     ])
1193    , -11876.1    , array([ 0.474573   ,  1.25056    ,  0.120204   ,  0.586224   ,  11.2201    ])
1194    , -11946.2    , array([ 0.473265   ,  1.24974    ,  0.119265   ,  0.586503   ,  9.64866    ])
1195    , -11292.8    , array([ 0.488467   ,  1.24452    ,  0.113426   ,  0.588293   ,  10.7439    ])
1196    , -10198.3    , array([ 0.494033   ,  1.23545    ,  0.103887   ,  0.59144    ,  11.2435    ])
1197    , -10600.2    , array([ 0.480728   ,  1.25396    ,  0.107959   ,  0.601111   ,  10.6435    ])
1198    , -10014.1    , array([ 0.481746   ,  1.24401    ,  0.102528   ,  0.583487   ,  10.5245    ])
1199    , -9043       , array([ 0.480139   ,  1.23757    ,  0.091817   ,  0.577605   ,  10.5578    ])
1200    , -9067.19    , array([ 0.466759   ,  1.22823    ,  0.0955221  ,  0.595074   ,  11.5537    ])
1201    , -8763.72    , array([ 0.485135   ,  1.23255    ,  0.089659   ,  0.593994   ,  12.6254    ])
1202    , -8225.78    , array([ 0.491182   ,  1.22404    ,  0.0777383  ,  0.597775   ,  14.4422    ])
1203    , -8230.12    , array([ 0.490501   ,  1.22123    ,  0.0747264  ,  0.598934   ,  12.0107    ])
1204    , -8217.44    , array([ 0.488135   ,  1.2051     ,  0.0718154  ,  0.583253   ,  13.2886    ])
1205    , -9029.83    , array([ 0.49188    ,  1.18139    ,  0.0585728  ,  0.574523   ,  14.8482    ])
1206    , -8435.46    , array([ 0.472712   ,  1.21105    ,  0.0643846  ,  0.589494   ,  13.449     ])
1207    , -8718.69    , array([ 0.502877   ,  1.21132    ,  0.059801   ,  0.58369    ,  13.9077    ])
1208    , -9912.59    , array([ 0.497995   ,  1.19192    ,  0.0524087  ,  0.60387    ,  16.9932    ])
1209    , -8316.32    , array([ 0.484542   ,  1.22599    ,  0.0798074  ,  0.584062   ,  11.8918    ])
likelihood = -8217.44
theta = 5212.72
Optimized parameters = [ 0.48813455  1.20509844  0.07181538  0.5832526  13.28855202]

Round_4_Replicate_3
1210    , -16172.7    , array([ 0.338027   ,  0.974872   ,  0.202449   ,  1.09124    ,  9.08484    ])
1211    , -15614      , array([ 0.320183   ,  0.974872   ,  0.202449   ,  1.09124    ,  9.08484    ])
1212    , -16155      , array([ 0.338027   ,  0.973633   ,  0.202449   ,  1.09124    ,  9.08484    ])
1213    , -14379.4    , array([ 0.338027   ,  0.974872   ,  0.186909   ,  1.09124    ,  9.08484    ])
1214    , -16172.1    , array([ 0.338027   ,  0.974872   ,  0.202449   ,  1.09601    ,  9.08484    ])
1215    , -16111      , array([ 0.338027   ,  0.974872   ,  0.202449   ,  1.09124    ,  10.1446    ])
1216    , -15172.3    , array([ 0.330773   ,  0.974376   ,  0.196084   ,  1.09314    ,  9.49475    ])
1217    , -14795.7    , array([ 0.327915   ,  0.974178   ,  0.193594   ,  1.08724    ,  9.66385    ])
1218    , -14311.6    , array([ 0.323956   ,  0.975637   ,  0.190162   ,  1.0904     ,  9.90565    ])
1219    , -13502.3    , array([ 0.317142   ,  0.97664    ,  0.1843     ,  1.08998    ,  10.3435    ])
1220    , -13412.5    , array([ 0.315796   ,  0.975103   ,  0.18315    ,  1.0899     ,  8.94006    ])
1221    , -12343.6    , array([ 0.305235   ,  0.975218   ,  0.174202   ,  1.08923    ,  8.39256    ])
1222    , -12537.3    , array([ 0.32708    ,  0.975241   ,  0.172466   ,  1.08909    ,  9.67135    ])
1223    , -12001.4    , array([ 0.315189   ,  0.976084   ,  0.169153   ,  1.08558    ,  9.32229    ])
1224    , -10824      , array([ 0.307675   ,  0.976938   ,  0.157109   ,  1.08182    ,  9.23724    ])
1225    , -10917.4    , array([ 0.309936   ,  0.977388   ,  0.157599   ,  1.08929    ,  8.99524    ])
1226    , -10249.2    , array([ 0.29041    ,  0.977699   ,  0.15247    ,  1.08453    ,  9.53068    ])
1227    , -9248.34    , array([ 0.269179   ,  0.979115   ,  0.137708   ,  1.08119    ,  9.76174    ])
1228    , -9357.51    , array([ 0.289884   ,  0.976917   ,  0.137613   ,  1.08226    ,  8.17936    ])
1229    , -9162.61    , array([ 0.267826   ,  0.978992   ,  0.13436    ,  1.08043    ,  8.18071    ])
1230    , -8905.42    , array([ 0.242355   ,  0.980873   ,  0.118591   ,  1.07612    ,  7.5239     ])
1231    , -8588.39    , array([ 0.261697   ,  0.981282   ,  0.114056   ,  1.07507    ,  9.02409    ])
1232    , -9328.9     , array([ 0.242316   ,  0.984328   ,  0.0922888  ,  1.06807    ,  9.35746    ])
1233    , -8863.72    , array([ 0.240864   ,  0.980661   ,  0.110775   ,  1.06938    ,  8.43027    ])
1234    , -9645.52    , array([ 0.22       ,  0.982607   ,  0.0966256  ,  1.0718     ,  7.91465    ])
1235    , -8901.35    , array([ 0.239244   ,  0.981186   ,  0.109111   ,  1.07429    ,  8.22639    ])
1236    , -9665.26    , array([ 0.216241   ,  0.984343   ,  0.100534   ,  1.06819    ,  8.95881    ])
1237    , -8855.27    , array([ 0.269403   ,  0.978769   ,  0.127226   ,  1.07873    ,  8.36762    ])
likelihood = -8588.39
theta = 7503.49
Optimized parameters = [0.26169714 0.98128166 0.11405568 1.07507309 9.02409172]

Round_4_Replicate_4
1238    , -19586.4    , array([ 0.276295   ,  1.40122    ,  0.186565   ,  1.93687    ,  5.68921    ])
1239    , -19398.1    , array([ 0.259085   ,  1.40122    ,  0.186565   ,  1.93687    ,  5.68921    ])
1240    , -19971.2    , array([ 0.276295   ,  1.42506    ,  0.186565   ,  1.93687    ,  5.68921    ])
1241    , -17668.5    , array([ 0.276295   ,  1.40122    ,  0.171542   ,  1.93687    ,  5.68921    ])
1242    , -19562.3    , array([ 0.276295   ,  1.40122    ,  0.186565   ,  2.00196    ,  5.68921    ])
1243    , -19522.4    , array([ 0.276295   ,  1.40122    ,  0.186565   ,  1.93687    ,  6.2059     ])
1244    , -18313.3    , array([ 0.269278   ,  1.37779    ,  0.180404   ,  1.96265    ,  5.89051    ])
1245    , -18195.5    , array([ 0.266521   ,  1.3918     ,  0.177997   ,  1.97306    ,  5.97301    ])
1246    , -17714.1    , array([ 0.262709   ,  1.38805    ,  0.174681   ,  1.89783    ,  6.09046    ])
1247    , -17125.9    , array([ 0.257464   ,  1.38281    ,  0.170143   ,  1.9457     ,  5.54161    ])
1248    , -16158.4    , array([ 0.248535   ,  1.3737     ,  0.162482   ,  1.95013    ,  5.23662    ])
1249    , -15911.3    , array([ 0.270038   ,  1.37189    ,  0.160992   ,  1.95102    ,  5.84774    ])
1250    , -14444.7    , array([ 0.275687   ,  1.35745    ,  0.149551   ,  1.95813    ,  5.92865    ])
1251    , -15408      , array([ 0.262273   ,  1.38695    ,  0.154456   ,  1.92362    ,  5.6625     ])
1252    , -14542      , array([ 0.263288   ,  1.37107    ,  0.147909   ,  1.89415    ,  5.4663     ])
1253    , -13828.7    , array([ 0.267343   ,  1.36802    ,  0.141013   ,  1.96769    ,  5.13398    ])
1254    , -12462.5    , array([ 0.269691   ,  1.35811    ,  0.126696   ,  2.00358    ,  4.71364    ])
1255    , -12378.7    , array([ 0.251749   ,  1.33832    ,  0.127201   ,  1.95432    ,  5.09769    ])
1256    , -11200.8    , array([ 0.240306   ,  1.30794    ,  0.109534   ,  1.96311    ,  4.82541    ])
1257    , -11192.1    , array([ 0.276125   ,  1.33861    ,  0.114698   ,  1.94619    ,  5.36004    ])
1258    , -9894.51    , array([ 0.291048   ,  1.3214     ,  0.0963676  ,  1.94423    ,  5.42283    ])
1259    , -10196      , array([ 0.272788   ,  1.3004     ,  0.0999098  ,  1.98145    ,  4.8719     ])
1260    , -9779.41    , array([ 0.275616   ,  1.28791    ,  0.0891793  ,  2.04888    ,  4.81964    ])
1261    , -9855.56    , array([ 0.281995   ,  1.24824    ,  0.0692468  ,  2.13092    ,  4.5256     ])
1262    , -10301.2    , array([ 0.263192   ,  1.27375    ,  0.0717229  ,  2.01817    ,  4.0905     ])
1263    , -10308.6    , array([ 0.266432   ,  1.24088    ,  0.067428   ,  1.97812    ,  4.86121    ])
likelihood = -9779.41
theta = 6909.46
Optimized parameters = [0.27561624 1.28790694 0.08917934 2.04887649 4.81964495]

Round_4_Replicate_5
1264    , -27330.9    , array([ 0.144494   ,  1.36648    ,  0.257291   ,  0.668629   ,  5.5597     ])
1265    , -27714.2    , array([ 0.131173   ,  1.36648    ,  0.257291   ,  0.668629   ,  5.5597     ])
1266    , -27797.2    , array([ 0.144494   ,  1.38798    ,  0.257291   ,  0.668629   ,  5.5597     ])
1267    , -25663.4    , array([ 0.144494   ,  1.36648    ,  0.240407   ,  0.668629   ,  5.5597     ])
1268    , -27333.3    , array([ 0.144494   ,  1.36648    ,  0.257291   ,  0.655306   ,  5.5597     ])
1269    , -27285.8    , array([ 0.144494   ,  1.36648    ,  0.257291   ,  0.668629   ,  6.05765    ])
1270    , -26322.4    , array([ 0.13901    ,  1.34531    ,  0.2504     ,  0.663268   ,  5.75377    ])
1271    , -25920.1    , array([ 0.156724   ,  1.35797    ,  0.247695   ,  0.661135   ,  5.83328    ])
1272    , -25654.1    , array([ 0.146975   ,  1.35458    ,  0.243957   ,  0.67697    ,  5.94644    ])
1273    , -24845.2    , array([ 0.148231   ,  1.34867    ,  0.237552   ,  0.688069   ,  6.14979    ])
1274    , -24688      , array([ 0.148484   ,  1.34749    ,  0.236291   ,  0.671131   ,  6.19129    ])
1275    , -23447.3    , array([ 0.15052    ,  1.3381     ,  0.226443   ,  0.672386   ,  6.5335     ])
1276    , -23285      , array([ 0.150931   ,  1.33623    ,  0.224523   ,  0.672637   ,  5.85686    ])
1277    , -21512.2    , array([ 0.154255   ,  1.32136    ,  0.209738   ,  0.67465    ,  5.75898    ])
1278    , -22219.7    , array([ 0.163553   ,  1.34754    ,  0.214916   ,  0.682705   ,  6.16842    ])
1279    , -21440.2    , array([ 0.147563   ,  1.33087    ,  0.205271   ,  0.693759   ,  6.22183    ])
1280    , -19758.5    , array([ 0.143185   ,  1.31752    ,  0.186867   ,  0.71067    ,  6.42571    ])
1281    , -19186.9    , array([ 0.159471   ,  1.30342    ,  0.191219   ,  0.702921   ,  6.91715    ])
1282    , -16590.7    , array([ 0.167532   ,  1.273      ,  0.170539   ,  0.720722   ,  7.71552    ])
1283    , -17023.3    , array([ 0.16325    ,  1.29047    ,  0.169491   ,  0.695848   ,  6.84732    ])
1284    , -15977.6    , array([ 0.166075   ,  1.28195    ,  0.158351   ,  0.721915   ,  6.56727    ])
1285    , -13682.8    , array([ 0.174445   ,  1.25476    ,  0.13242    ,  0.748031   ,  6.58422    ])
1286    , -14472      , array([ 0.156834   ,  1.23715    ,  0.137462   ,  0.737473   ,  7.13984    ])
1287    , -13105.1    , array([ 0.167394   ,  1.22887    ,  0.118954   ,  0.773335   ,  8.33401    ])
1288    , -12710.8    , array([ 0.174376   ,  1.18507    ,  0.0895835  ,  0.827965   ,  10.0255    ])
1289    , -11294.3    , array([ 0.195128   ,  1.18131    ,  0.0994953  ,  0.780398   ,  8.92388    ])
1290    , -11399.4    , array([ 0.227788   ,  1.11858    ,  0.0726002  ,  0.817787   ,  10.5165    ])
1291    , -12103.3    , array([ 0.183801   ,  1.16418    ,  0.0886442  ,  0.834431   ,  9.31039    ])
likelihood = -11294.32
theta = 7077.95
Optimized parameters = [0.19512777 1.18131041 0.09949526 0.78039792 8.92388167]

Round_1_Replicate_1
2154    , -43635.1    , array([ 0.137665   ,  0.464814   ,  1.09376    ,  0.415912   ,  0.257567   ])
2155    , -41111.1    , array([ 0.124671   ,  0.464814   ,  1.09376    ,  0.415912   ,  0.257567   ])
2156    , -42558.2    , array([ 0.137665   ,  0.447346   ,  1.09376    ,  0.415912   ,  0.257567   ])
2157    , -43873.2    , array([ 0.137665   ,  0.464814   ,  1.09867    ,  0.415912   ,  0.257567   ])
2158    , -44055.4    , array([ 0.137665   ,  0.464814   ,  1.09376    ,  0.398062   ,  0.257567   ])
2159    , -42801.7    , array([ 0.137665   ,  0.464814   ,  1.09376    ,  0.415912   ,  0.240677   ])
2160    , -41504.7    , array([ 0.132312   ,  0.457747   ,  1.09572    ,  0.434561   ,  0.250674   ])
2161    , -40770.1    , array([ 0.13023    ,  0.45495    ,  1.08965    ,  0.423273   ,  0.247968   ])
2162    , -39288.4    , array([ 0.126664   ,  0.450096   ,  1.08517    ,  0.427003   ,  0.243303   ])
likelihood = -39288.35
theta = 21145.29
Optimized parameters = [0.12666432 0.45009611 1.08516547 0.42700311 0.24330339]

Round_1_Replicate_2
2163    , -165242     , array([ 0.517681   ,  0.372713   ,  1.54833    ,  6.97471    ,  0.976496   ])
2164    , -161583     , array([ 0.500917   ,  0.372713   ,  1.54833    ,  6.97471    ,  0.976496   ])
2165    , -163974     , array([ 0.517681   ,  0.354767   ,  1.54833    ,  6.97471    ,  0.976496   ])
2166    , -168352     , array([ 0.517681   ,  0.372713   ,  1.58255    ,  6.97471    ,  0.976496   ])
2167    , -165291     , array([ 0.517681   ,  0.372713   ,  1.54833    ,  7.68603    ,  0.976496   ])
2168    , -165239     , array([ 0.517681   ,  0.372713   ,  1.54833    ,  6.97471    ,  0.975336   ])
2169    , -160215     , array([ 0.510909   ,  0.365428   ,  1.51485    ,  7.25098    ,  0.976032   ])
2170    , -156238     , array([ 0.507557   ,  0.36184    ,  1.4821     ,  7.39319    ,  0.9758     ])
2171    , -159618     , array([ 0.506889   ,  0.361126   ,  1.52149    ,  6.47846    ,  0.975753   ])
likelihood = -156238.18
theta = 7539.2
Optimized parameters = [0.50755655 0.36183956 1.4821003  7.39318705 0.97579989]

Round_1_Replicate_3
2172    , -218588     , array([ 4.03475    ,  0.343894   ,  0.656089   ,  3.11295    ,  0.38782    ])
2173    , -224000     , array([ 4.3262     ,  0.343894   ,  0.656089   ,  3.11295    ,  0.38782    ])
2174    , -218042     , array([ 4.03475    ,  0.326021   ,  0.656089   ,  3.11295    ,  0.38782    ])
2175    , -215681     , array([ 4.03475    ,  0.343894   ,  0.642408   ,  3.11295    ,  0.38782    ])
2176    , -218347     , array([ 4.03475    ,  0.343894   ,  0.656089   ,  3.29481    ,  0.38782    ])
2177    , -216010     , array([ 4.03475    ,  0.343894   ,  0.656089   ,  3.11295    ,  0.36988    ])
2178    , -210540     , array([ 3.76292    ,  0.33663    ,  0.650582   ,  3.18446    ,  0.380542   ])
2179    , -203597     , array([ 3.50941    ,  0.333056   ,  0.647846   ,  3.22083    ,  0.376954   ])
2180    , -210176     , array([ 3.81578    ,  0.332346   ,  0.6473     ,  3.22815    ,  0.376241   ])
likelihood = -203596.73
theta = 4183.31
Optimized parameters = [3.50941386 0.33305582 0.64784573 3.22082563 0.37695437]

Round_1_Replicate_4
2181    , -98840.8    , array([ 0.94331    ,  2.23938    ,  0.801404   ,  6.07586    ,  0.2389     ])
2182    , -98668.1    , array([ 0.940562   ,  2.23938    ,  0.801404   ,  6.07586    ,  0.2389     ])
2183    , -99532.5    , array([ 0.94331    ,  2.33149    ,  0.801404   ,  6.07586    ,  0.2389     ])
2184    , -97571.8    , array([ 0.94331    ,  2.23938    ,  0.792582   ,  6.07586    ,  0.2389     ])
2185    , -97369.2    , array([ 0.94331    ,  2.23938    ,  0.801404   ,  6.64949    ,  0.2389     ])
2186    , -94670.4    , array([ 0.94331    ,  2.23938    ,  0.801404   ,  6.07586    ,  0.222396   ])
2187    , -95351.2    , array([ 0.94221    ,  2.1509     ,  0.797864   ,  6.29912    ,  0.232156   ])
2188    , -94609.4    , array([ 0.94177    ,  2.20356    ,  0.796452   ,  6.39071    ,  0.229512   ])
2189    , -92562.8    , array([ 0.941001   ,  2.18587    ,  0.793987   ,  6.5542     ,  0.224958   ])
likelihood = -92562.77
theta = 4225.9
Optimized parameters = [0.94100106 2.18586633 0.79398723 6.55419815 0.22495791]

Round_1_Replicate_5
2190    , -188231     , array([ 2.93489    ,  0.432134   ,  0.45228    ,  1.66634    ,  3.96888    ])
2191    , -192276     , array([ 3.09722    ,  0.432134   ,  0.45228    ,  1.66634    ,  3.96888    ])
2192    , -187559     , array([ 2.93489    ,  0.41438    ,  0.45228    ,  1.66634    ,  3.96888    ])
2193    , -184367     , array([ 2.93489    ,  0.432134   ,  0.434688   ,  1.66634    ,  3.96888    ])
2194    , -188284     , array([ 2.93489    ,  0.432134   ,  0.45228    ,  1.70943    ,  3.96888    ])
2195    , -188375     , array([ 2.93489    ,  0.432134   ,  0.45228    ,  1.66634    ,  4.25208    ])
2196    , -182371     , array([ 2.78107    ,  0.424943   ,  0.445159   ,  1.68344    ,  4.07983    ])
2197    , -177312     , array([ 2.63532    ,  0.421393   ,  0.441641   ,  1.69206    ,  4.13645    ])
2198    , -181987     , array([ 2.81118    ,  0.420686   ,  0.440941   ,  1.69379    ,  3.76633    ])
likelihood = -177312.05
theta = 4792.91
Optimized parameters = [2.63531824 0.42139258 0.44164116 1.69205945 4.13645455]

Round_1_Replicate_6
2199    , -252866     , array([ 3.74425    ,  0.580485   ,  0.636236   ,  1.98841    ,  3.15319    ])
2200    , -257558     , array([ 3.99975    ,  0.580485   ,  0.636236   ,  1.98841    ,  3.15319    ])
2201    , -251675     , array([ 3.74425    ,  0.564912   ,  0.636236   ,  1.98841    ,  3.15319    ])
2202    , -250089     , array([ 3.74425    ,  0.580485   ,  0.622013   ,  1.98841    ,  3.15319    ])
2203    , -252981     , array([ 3.74425    ,  0.580485   ,  0.636236   ,  2.05793    ,  3.15319    ])
2204    , -252974     , array([ 3.74425    ,  0.580485   ,  0.636236   ,  1.98841    ,  3.33955    ])
2205    , -246534     , array([ 3.50507    ,  0.574205   ,  0.630508   ,  2.01593    ,  3.22645    ])
2206    , -240814     , array([ 3.28117    ,  0.571091   ,  0.627664   ,  2.02984    ,  3.26372    ])
2207    , -246475     , array([ 3.55165    ,  0.57047    ,  0.627096   ,  1.93715    ,  3.27122    ])
likelihood = -240814.2
theta = 4217.23
Optimized parameters = [3.28116815 0.57109054 0.62766381 2.02983703 3.26371588]

Round_1_Replicate_7
2208    , -47317.5    , array([ 0.326517   ,  0.518358   ,  0.63034    ,  0.94114    ,  0.52446    ])
2209    , -44993      , array([ 0.308746   ,  0.518358   ,  0.63034    ,  0.94114    ,  0.52446    ])
2210    , -46760.4    , array([ 0.326517   ,  0.501605   ,  0.63034    ,  0.94114    ,  0.52446    ])
2211    , -46001.7    , array([ 0.326517   ,  0.518358   ,  0.615962   ,  0.94114    ,  0.52446    ])
2212    , -47340.6    , array([ 0.326517   ,  0.518358   ,  0.63034    ,  0.93829    ,  0.52446    ])
2213    , -46948.4    , array([ 0.326517   ,  0.518358   ,  0.63034    ,  0.94114    ,  0.507807   ])
2214    , -45460.8    , array([ 0.319289   ,  0.511591   ,  0.624549   ,  0.943999   ,  0.517734   ])
2215    , -44756.1    , array([ 0.316443   ,  0.508909   ,  0.622248   ,  0.942282   ,  0.515068   ])
2216    , -43516      , array([ 0.311523   ,  0.504248   ,  0.61824    ,  0.942854   ,  0.510435   ])
likelihood = -43516.02
theta = 14656.37
Optimized parameters = [0.31152323 0.50424842 0.61824017 0.94285423 0.51043521]

Round_1_Replicate_8
2217    , -31364      , array([ 0.200378   ,  0.196486   ,  0.126785   ,  5.85252    ,  0.749816   ])
2218    , -31800.2    , array([ 0.184902   ,  0.196486   ,  0.126785   ,  5.85252    ,  0.749816   ])
2219    , -33331.9    , array([ 0.200378   ,  0.181134   ,  0.126785   ,  5.85252    ,  0.749816   ])
2220    , -33248.2    , array([ 0.200378   ,  0.196486   ,  0.114346   ,  5.85252    ,  0.749816   ])
2221    , -32325.8    , array([ 0.200378   ,  0.196486   ,  0.126785   ,  6.39308    ,  0.749816   ])
2222    , -31390.3    , array([ 0.200378   ,  0.196486   ,  0.126785   ,  5.85252    ,  0.739098   ])
2223    , -30770.5    , array([ 0.194038   ,  0.21314    ,  0.121654   ,  6.06303    ,  0.74551    ])
2224    , -29594.6    , array([ 0.190944   ,  0.231206   ,  0.119168   ,  6.17111    ,  0.743367   ])
2225    , -29332.2    , array([ 0.190331   ,  0.2097     ,  0.137136   ,  6.19295    ,  0.742939   ])
2226    , -27456.8    , array([ 0.185498   ,  0.216637   ,  0.150181   ,  6.37052    ,  0.739524   ])
likelihood = -27456.83
theta = 7869.87
Optimized parameters = [0.18549788 0.21663696 0.15018112 6.37052365 0.73952406]

Round_1_Replicate_9
2227    , -114790     , array([ 1.66421    ,  0.727622   ,  0.375514   ,  6.27612    ,  1.34752    ])
2228    , -117000     , array([ 1.70714    ,  0.727622   ,  0.375514   ,  6.27612    ,  1.34752    ])
2229    , -114674     , array([ 1.66421    ,  0.716146   ,  0.375514   ,  6.27612    ,  1.34752    ])
2230    , -109459     , array([ 1.66421    ,  0.727622   ,  0.357567   ,  6.27612    ,  1.34752    ])
2231    , -114190     , array([ 1.66421    ,  0.727622   ,  0.375514   ,  6.8798     ,  1.34752    ])
2232    , -115161     , array([ 1.66421    ,  0.727622   ,  0.375514   ,  6.27612    ,  1.36777    ])
2233    , -110326     , array([ 1.62237    ,  0.72301    ,  0.36823    ,  6.51096    ,  1.35558    ])
2234    , -110195     , array([ 1.64735    ,  0.721173   ,  0.365356   ,  6.60734    ,  1.33075    ])
likelihood = -109459.17
theta = 4310.55
Optimized parameters = [1.66421395 0.72762243 0.35756731 6.27611886 1.34752153]

Round_1_Replicate_10
2235    , -77022.6    , array([ 0.16302    ,  2.57954    ,  0.562121   ,  0.333723   ,  0.976985   ])
2236    , -75416.9    , array([ 0.148886   ,  2.57954    ,  0.562121   ,  0.333723   ,  0.976985   ])
2237    , -78256.7    , array([ 0.16302    ,  2.7047     ,  0.562121   ,  0.333723   ,  0.976985   ])
2238    , -75586      , array([ 0.16302    ,  2.57954    ,  0.546162   ,  0.333723   ,  0.976985   ])
2239    , -77060.8    , array([ 0.16302    ,  2.57954    ,  0.562121   ,  0.315905   ,  0.976985   ])
2240    , -77018      , array([ 0.16302    ,  2.57954    ,  0.562121   ,  0.333723   ,  0.975849   ])
2241    , -74538.5    , array([ 0.157212   ,  2.46017    ,  0.555682   ,  0.326478   ,  0.97653    ])
2242    , -72669.6    , array([ 0.154386   ,  2.34632    ,  0.55249    ,  0.322915   ,  0.976303   ])
2243    , -74033.3    , array([ 0.153827   ,  2.48359    ,  0.551854   ,  0.347935   ,  0.976258   ])
likelihood = -72669.57
theta = 10922.99
Optimized parameters = [0.15438626 2.34632154 0.55249016 0.32291511 0.97630304]

Round_2_Replicate_1
2244    , -46959      , array([ 0.272958   ,  0.140737   ,  0.115523   ,  12.3143    ,  2.06716    ])
2245    , -47182      , array([ 0.2558     ,  0.140737   ,  0.115523   ,  12.3143    ,  2.06716    ])
2246    , -49798      , array([ 0.272958   ,  0.127593   ,  0.115523   ,  12.3143    ,  2.06716    ])
2247    , -49491.4    , array([ 0.272958   ,  0.140737   ,  0.103705   ,  12.3143    ,  2.06716    ])
2248    , -48381.3    , array([ 0.272958   ,  0.140737   ,  0.115523   ,  13.9615    ,  2.06716    ])
2249    , -46828.9    , array([ 0.272958   ,  0.140737   ,  0.115523   ,  12.3143    ,  2.1436     ])
2250    , -45777.9    , array([ 0.265961   ,  0.155234   ,  0.110642   ,  12.9485    ,  2.0974     ])
2251    , -43849.9    , array([ 0.26253    ,  0.171225   ,  0.10828    ,  13.2777    ,  2.11269    ])
2252    , -43757.5    , array([ 0.261849   ,  0.15222    ,  0.125396   ,  13.3446    ,  2.11576    ])
2253    , -40931.2    , array([ 0.256465   ,  0.158308   ,  0.137888   ,  13.8916    ,  2.14049    ])
2254    , -41946.7    , array([ 0.255402   ,  0.159555   ,  0.120827   ,  11.7466    ,  2.14547    ])
2255    , -41057.9    , array([ 0.272363   ,  0.167768   ,  0.123016   ,  13.0687    ,  2.17761    ])
likelihood = -40931.23
theta = 5309.49
Optimized parameters = [ 0.25646498  0.15830798  0.13788847 13.89156517  2.14048529]

Round_2_Replicate_2
2256    , -9172.58    , array([ 0.251542   ,  0.666607   ,  0.282241   ,  2.45985    ,  0.254742   ])
2257    , -8779.71    , array([ 0.234769   ,  0.666607   ,  0.282241   ,  2.45985    ,  0.254742   ])
2258    , -9158.53    , array([ 0.251542   ,  0.653226   ,  0.282241   ,  2.45985    ,  0.254742   ])
2259    , -8787.99    , array([ 0.251542   ,  0.666607   ,  0.264942   ,  2.45985    ,  0.254742   ])
2260    , -9113.22    , array([ 0.251542   ,  0.666607   ,  0.282241   ,  2.57308    ,  0.254742   ])
2261    , -9061.18    , array([ 0.251542   ,  0.666607   ,  0.282241   ,  2.45985    ,  0.237906   ])
2262    , -8787.77    , array([ 0.244694   ,  0.661222   ,  0.27519    ,  2.50453    ,  0.247869   ])
2263    , -8669.96    , array([ 0.242007   ,  0.678059   ,  0.272419   ,  2.52263    ,  0.245172   ])
2264    , -8479.06    , array([ 0.237376   ,  0.690827   ,  0.267637   ,  2.55462    ,  0.240523   ])
2265    , -8487.44    , array([ 0.23646    ,  0.674001   ,  0.26669    ,  2.40468    ,  0.239604   ])
2266    , -8311.98    , array([ 0.230684   ,  0.676982   ,  0.260713   ,  2.49265    ,  0.257291   ])
2267    , -8047.49    , array([ 0.220912   ,  0.682229   ,  0.250573   ,  2.50922    ,  0.267568   ])
likelihood = -8047.49
theta = 11141.53
Optimized parameters = [0.22091225 0.68222927 0.2505727  2.50922171 0.26756754]

Round_2_Replicate_3
2268    , -20733.1    , array([ 0.103773   ,  0.263163   ,  0.19207    ,  5.48328    ,  1.2542     ])
2269    , -21846.8    , array([ 0.0926592  ,  0.263163   ,  0.19207    ,  5.48328    ,  1.2542     ])
2270    , -21851.2    , array([ 0.103773   ,  0.24617    ,  0.19207    ,  5.48328    ,  1.2542     ])
2271    , -22283      , array([ 0.103773   ,  0.263163   ,  0.176861   ,  5.48328    ,  1.2542     ])
2272    , -21447.2    , array([ 0.103773   ,  0.263163   ,  0.19207    ,  5.97024    ,  1.2542     ])
2273    , -20703.5    , array([ 0.103773   ,  0.263163   ,  0.19207    ,  5.48328    ,  1.26848    ])
2274    , -20329.4    , array([ 0.0991759  ,  0.256229   ,  0.208586   ,  5.67311    ,  1.25989    ])
2275    , -19378.8    , array([ 0.0969543  ,  0.252831   ,  0.226523   ,  5.77047    ,  1.26275    ])
2276    , -19861.6    , array([ 0.096516   ,  0.276857   ,  0.205173   ,  5.79014    ,  1.26332    ])
2277    , -19112      , array([ 0.10987    ,  0.264289   ,  0.210661   ,  5.91765    ,  1.26699    ])
2278    , -17965.3    , array([ 0.119639   ,  0.264854   ,  0.220622   ,  6.14757    ,  1.27344    ])
2279    , -18013.7    , array([ 0.103848   ,  0.264968   ,  0.222669   ,  5.49897    ,  1.27473    ])
likelihood = -17965.29
theta = 9439.8
Optimized parameters = [0.11963943 0.26485438 0.22062164 6.14757155 1.27343593]

Round_2_Replicate_4
2280    , -38160.8    , array([ 0.200247   ,  0.0884174  ,  0.189324   ,  2.34706    ,  0.200468   ])
2281    , -38135.6    , array([ 0.184776   ,  0.0884174  ,  0.189324   ,  2.34706    ,  0.200468   ])
2282    , -41221.3    , array([ 0.200247   ,  0.0783186  ,  0.189324   ,  2.34706    ,  0.200468   ])
2283    , -39342.8    , array([ 0.200247   ,  0.0884174  ,  0.174207   ,  2.34706    ,  0.200468   ])
2284    , -38527.3    , array([ 0.200247   ,  0.0884174  ,  0.189324   ,  2.44934    ,  0.200468   ])
2285    , -38350.3    , array([ 0.200247   ,  0.0884174  ,  0.189324   ,  2.34706    ,  0.18499    ])
2286    , -35911.7    , array([ 0.193909   ,  0.0998185  ,  0.183126   ,  2.38745    ,  0.194127   ])
2287    , -33469.9    , array([ 0.190816   ,  0.11269    ,  0.180103   ,  2.4079     ,  0.191032   ])
2288    , -35291.4    , array([ 0.190203   ,  0.0974263  ,  0.201684   ,  2.41202    ,  0.190419   ])
2289    , -34817      , array([ 0.186328   ,  0.101282   ,  0.190335   ,  2.29713    ,  0.186542   ])
2290    , -33595.2    , array([ 0.181034   ,  0.106937   ,  0.190741   ,  2.37672    ,  0.202827   ])
likelihood = -33469.94
theta = 14850.45
Optimized parameters = [0.19081558 0.11268967 0.18010315 2.40790404 0.19103239]

Round_2_Replicate_5
2291    , -61379.3    , array([ 0.297805   ,  0.124801   ,  0.0430164  ,  5.58991    ,  0.453484   ])
2292    , -61800.7    , array([ 0.280304   ,  0.124801   ,  0.0430164  ,  5.58991    ,  0.453484   ])
2293    , -64494.2    , array([ 0.297805   ,  0.112468   ,  0.0430164  ,  5.58991    ,  0.453484   ])
2294    , -64185      , array([ 0.297805   ,  0.124801   ,  0.0367549  ,  5.58991    ,  0.453484   ])
2295    , -62780.5    , array([ 0.297805   ,  0.124801   ,  0.0430164  ,  6.09222    ,  0.453484   ])
2296    , -61406      , array([ 0.297805   ,  0.124801   ,  0.0430164  ,  5.58991    ,  0.435904   ])
2297    , -60195.3    , array([ 0.290677   ,  0.138486   ,  0.040393   ,  5.78566    ,  0.446369   ])
2298    , -58145.2    , array([ 0.287178   ,  0.153672   ,  0.039142   ,  5.88609    ,  0.442853   ])
2299    , -57929.5    , array([ 0.286483   ,  0.135634   ,  0.0484792  ,  5.90639    ,  0.442153   ])
2300    , -54753.5    , array([ 0.280984   ,  0.141398   ,  0.055677   ,  6.07128    ,  0.436594   ])
2301    , -56271.2    , array([ 0.279897   ,  0.14258    ,  0.0459255  ,  5.41195    ,  0.43549    ])
2302    , -55056.9    , array([ 0.2972     ,  0.150382   ,  0.0471435  ,  5.82242    ,  0.428494   ])
likelihood = -54753.55
theta = 7652.55
Optimized parameters = [0.28098391 0.14139816 0.05567698 6.07128235 0.43659364]

Round_2_Replicate_6
2303    , -22681.5    , array([ 0.114814   ,  0.26924    ,  0.234291   ,  5.01657    ,  0.231717   ])
2304    , -23465.1    , array([ 0.103037   ,  0.26924    ,  0.234291   ,  5.01657    ,  0.231717   ])
2305    , -23649.6    , array([ 0.114814   ,  0.252143   ,  0.234291   ,  5.01657    ,  0.231717   ])
2306    , -23691.4    , array([ 0.114814   ,  0.26924    ,  0.217893   ,  5.01657    ,  0.231717   ])
2307    , -23680.1    , array([ 0.114814   ,  0.26924    ,  0.234291   ,  5.43785    ,  0.231717   ])
2308    , -23200.7    , array([ 0.114814   ,  0.26924    ,  0.234291   ,  5.01657    ,  0.21538    ])
2309    , -22967      , array([ 0.10995    ,  0.262267   ,  0.251923   ,  5.18102    ,  0.225039   ])
2310    , -22695.3    , array([ 0.108063   ,  0.259528   ,  0.24119    ,  4.68803    ,  0.222422   ])
2311    , -22376.8    , array([ 0.105474   ,  0.280344   ,  0.244007   ,  4.94588    ,  0.218809   ])
2312    , -21806.7    , array([ 0.101094   ,  0.295607   ,  0.249015   ,  4.91091    ,  0.212627   ])
2313    , -21924.3    , array([ 0.116638   ,  0.272539   ,  0.250029   ,  4.90394    ,  0.211411   ])
likelihood = -21806.68
theta = 9479.3
Optimized parameters = [0.10109351 0.29560661 0.24901496 4.91090675 0.21262659]

Round_2_Replicate_7
2314    , -62069.7    , array([ 0.176547   ,  0.257654   ,  0.0498487  ,  19.2997    ,  2.55904    ])
2315    , -63369.4    , array([ 0.161884   ,  0.257654   ,  0.0498487  ,  19.2997    ,  2.55904    ])
2316    , -64049.9    , array([ 0.176547   ,  0.240763   ,  0.0498487  ,  19.2997    ,  2.55904    ])
2317    , -66368.8    , array([ 0.176547   ,  0.257654   ,  0.0429078  ,  19.2997    ,  2.55904    ])
2318    , -64472.2    , array([ 0.176547   ,  0.257654   ,  0.0498487  ,  22.3783    ,  2.55904    ])
2319    , -61970.8    , array([ 0.176547   ,  0.257654   ,  0.0498487  ,  19.2997    ,  2.68214    ])
2320    , -59860.2    , array([ 0.170529   ,  0.25076    ,  0.0579123  ,  20.4767    ,  2.60759    ])
2321    , -56420      , array([ 0.167597   ,  0.247382   ,  0.0672803  ,  21.0919    ,  2.63221    ])
2322    , -58817.2    , array([ 0.167017   ,  0.246712   ,  0.0562014  ,  17.2464    ,  2.63716    ])
2323    , -57087.7    , array([ 0.163351   ,  0.266612   ,  0.0589637  ,  19.1177    ,  2.66907    ])
2324    , -55263.3    , array([ 0.17879    ,  0.252562   ,  0.0630605  ,  19.0454    ,  2.71439    ])
2325    , -51256.9    , array([ 0.187895   ,  0.250053   ,  0.0709267  ,  18.9196    ,  2.79557    ])
likelihood = -51256.92
theta = 3692.6
Optimized parameters = [ 0.18789452  0.2500534   0.07092666 18.91955159  2.79556598]

Round_2_Replicate_8
2326    , -29873.6    , array([ 0.682812   ,  0.346151   ,  0.0480976  ,  2.31206    ,  0.269872   ])
2327    , -29596.2    , array([ 0.66991    ,  0.346151   ,  0.0480976  ,  2.31206    ,  0.269872   ])
2328    , -30935.8    , array([ 0.682812   ,  0.328268   ,  0.0480976  ,  2.31206    ,  0.269872   ])
2329    , -31003      , array([ 0.682812   ,  0.346151   ,  0.0413266  ,  2.31206    ,  0.269872   ])
2330    , -29866.9    , array([ 0.682812   ,  0.346151   ,  0.0480976  ,  2.41101    ,  0.269872   ])
2331    , -30018      , array([ 0.682812   ,  0.346151   ,  0.0480976  ,  2.31206    ,  0.252764   ])
2332    , -29128.7    , array([ 0.677622   ,  0.338884   ,  0.055978   ,  2.35114    ,  0.262894   ])
2333    , -28250.4    , array([ 0.675041   ,  0.335308   ,  0.0651495  ,  2.37093    ,  0.259473   ])
2334    , -28121.8    , array([ 0.674526   ,  0.36039    ,  0.0543048  ,  2.37491    ,  0.258794   ])
2335    , -26784.2    , array([ 0.670421   ,  0.377612   ,  0.0577027  ,  2.40697    ,  0.253427   ])
2336    , -27694.8    , array([ 0.669603   ,  0.353874   ,  0.0584073  ,  2.41343    ,  0.2766     ])
2337    , -26989.7    , array([ 0.664391   ,  0.357011   ,  0.0631255  ,  2.45522    ,  0.26163    ])
likelihood = -26784.18
theta = 9748.3
Optimized parameters = [0.67042126 0.3776118  0.05770265 2.40696883 0.25342715]

Round_2_Replicate_9
2338    , -9790.96    , array([ 0.139477   ,  0.292547   ,  0.350167   ,  1.69725    ,  0.218974   ])
2339    , -9661.74    , array([ 0.126394   ,  0.292547   ,  0.350167   ,  1.69725    ,  0.218974   ])
2340    , -10286.7    , array([ 0.139477   ,  0.27511    ,  0.350167   ,  1.69725    ,  0.218974   ])
2341    , -9900.59    , array([ 0.139477   ,  0.292547   ,  0.332268   ,  1.69725    ,  0.218974   ])
2342    , -9883.62    , array([ 0.139477   ,  0.292547   ,  0.350167   ,  1.74274    ,  0.218974   ])
2343    , -9902.77    , array([ 0.139477   ,  0.292547   ,  0.350167   ,  1.69725    ,  0.20296    ])
2344    , -9397.57    , array([ 0.134088   ,  0.31109    ,  0.342895   ,  1.7153     ,  0.212422   ])
2345    , -9033.68    , array([ 0.131473   ,  0.330808   ,  0.339315   ,  1.7244     ,  0.20922    ])
2346    , -9383.02    , array([ 0.130956   ,  0.30729    ,  0.338604   ,  1.72622    ,  0.231983   ])
2347    , -9209.17    , array([ 0.127695   ,  0.313393   ,  0.35955    ,  1.73795    ,  0.22004    ])
2348    , -9007.65    , array([ 0.123266   ,  0.322141   ,  0.3448     ,  1.69072    ,  0.220469   ])
2349    , -8725.69    , array([ 0.115882   ,  0.338043   ,  0.342147   ,  1.6653     ,  0.22122    ])
likelihood = -8725.69
theta = 16784.86
Optimized parameters = [0.11588201 0.3380426  0.34214699 1.66530219 0.22121988]

Round_2_Replicate_10
2350    , -31957.1    , array([ 0.179711   ,  0.241056   ,  0.584678   ,  16.8013    ,  0.246113   ])
2351    , -30989.2    , array([ 0.164931   ,  0.241056   ,  0.584678   ,  16.8013    ,  0.246113   ])
2352    , -32364.3    , array([ 0.179711   ,  0.224504   ,  0.584678   ,  16.8013    ,  0.246113   ])
2353    , -31811.6    , array([ 0.179711   ,  0.241056   ,  0.569197   ,  16.8013    ,  0.246113   ])
2354    , -33376.2    , array([ 0.179711   ,  0.241056   ,  0.584678   ,  19.3469    ,  0.246113   ])
2355    , -32772.3    , array([ 0.179711   ,  0.241056   ,  0.584678   ,  16.8013    ,  0.229452   ])
2356    , -30544.4    , array([ 0.173647   ,  0.234294   ,  0.578436   ,  14.5907    ,  0.239308   ])
2357    , -29121.3    , array([ 0.170692   ,  0.230984   ,  0.575339   ,  12.671     ,  0.235976   ])
2358    , -29819.2    , array([ 0.170107   ,  0.230328   ,  0.574722   ,  15.0082    ,  0.25958    ])
2359    , -29133.8    , array([ 0.16641    ,  0.249855   ,  0.570788   ,  14.3458    ,  0.24722    ])
2360    , -28493.3    , array([ 0.16137    ,  0.23606    ,  0.565324   ,  13.4672    ,  0.247664   ])
2361    , -26918.7    , array([ 0.152913   ,  0.233601   ,  0.555889   ,  12.0571    ,  0.248443   ])
likelihood = -26918.71
theta = 4764.02
Optimized parameters = [ 0.15291324  0.23360132  0.55588906 12.05711274  0.24844267]

Round_3_Replicate_1
2362    , -36301      , array([ 0.574313   ,  0.312894   ,  0.684796   ,  4.27219    ,  0.0822382  ])
2363    , -35639.5    , array([ 0.558607   ,  0.312894   ,  0.684796   ,  4.27219    ,  0.0822382  ])
2364    , -36961.5    , array([ 0.574313   ,  0.295234   ,  0.684796   ,  4.27219    ,  0.0822382  ])
2365    , -35788.1    , array([ 0.574313   ,  0.312894   ,  0.671954   ,  4.27219    ,  0.0822382  ])
2366    , -36550.7    , array([ 0.574313   ,  0.312894   ,  0.684796   ,  4.59391    ,  0.0822382  ])
2367    , -35032.4    , array([ 0.574313   ,  0.312894   ,  0.684796   ,  4.27219    ,  0.0725817  ])
2368    , -34766.6    , array([ 0.567978   ,  0.33161    ,  0.67963    ,  4.39808    ,  0.0782303  ])
2369    , -33722.6    , array([ 0.564837   ,  0.351445   ,  0.677062   ,  4.46241    ,  0.0763002  ])
2370    , -34073.4    , array([ 0.564211   ,  0.327779   ,  0.676549   ,  4.04283    ,  0.07592    ])
2371    , -33448.9    , array([ 0.56022    ,  0.333929   ,  0.673278   ,  4.25238    ,  0.0735307  ])
2372    , -32154.3    , array([ 0.553304   ,  0.344972   ,  0.667592   ,  4.24251    ,  0.0695291  ])
2373    , -32494.6    , array([ 0.551931   ,  0.347224   ,  0.684361   ,  4.24054    ,  0.0687553  ])
2374    , -31508.9    , array([ 0.564727   ,  0.361988   ,  0.671356   ,  4.22795    ,  0.0640028  ])
2375    , -29784      , array([ 0.567812   ,  0.389353   ,  0.664735   ,  4.206      ,  0.0564627  ])
2376    , -29885.2    , array([ 0.546787   ,  0.395069   ,  0.663418   ,  4.20163    ,  0.0655872  ])
2377    , -29376.4    , array([ 0.549637   ,  0.406374   ,  0.666261   ,  4.50895    ,  0.0591392  ])
2378    , -27591      , array([ 0.542492   ,  0.452478   ,  0.661177   ,  4.76178    ,  0.0521958  ])
2379    , -27481.8    , array([ 0.540235   ,  0.41932    ,  0.659465   ,  4.19248    ,  0.0505533  ])
2380    , -25358.6    , array([ 0.528339   ,  0.458025   ,  0.650838   ,  4.0637     ,  0.0411493  ])
2381    , -25736.2    , array([ 0.543291   ,  0.474138   ,  0.639455   ,  4.3373     ,  0.0456869  ])
likelihood = -25358.62
theta = 8382.76
Optimized parameters = [0.5283385  0.45802516 0.65083846 4.063696   0.04114925]

Round_3_Replicate_2
2382    , -19300.8    , array([ 0.390025   ,  0.299067   ,  0.106133   ,  1.75085    ,  0.667747   ])
2383    , -18828      , array([ 0.372089   ,  0.299067   ,  0.106133   ,  1.75085    ,  0.667747   ])
2384    , -20336.2    , array([ 0.390025   ,  0.281551   ,  0.106133   ,  1.75085    ,  0.667747   ])
2385    , -19986.6    , array([ 0.390025   ,  0.299067   ,  0.0948729  ,  1.75085    ,  0.667747   ])
2386    , -19315.3    , array([ 0.390025   ,  0.299067   ,  0.106133   ,  1.80058    ,  0.667747   ])
2387    , -19303.7    , array([ 0.390025   ,  0.299067   ,  0.106133   ,  1.75085    ,  0.654399   ])
2388    , -18384.3    , array([ 0.382749   ,  0.317672   ,  0.101477   ,  1.77058    ,  0.662376   ])
2389    , -17482.4    , array([ 0.379162   ,  0.337436   ,  0.0992259  ,  1.78052    ,  0.659706   ])
2390    , -17776.1    , array([ 0.378449   ,  0.313861   ,  0.115576   ,  1.78252    ,  0.659174   ])
2391    , -17739.3    , array([ 0.373915   ,  0.319982   ,  0.106897   ,  1.72632    ,  0.655775   ])
2392    , -17154.2    , array([ 0.367659   ,  0.328752   ,  0.107205   ,  1.76535    ,  0.669714   ])
2393    , -16163.4    , array([ 0.356962   ,  0.344681   ,  0.107745   ,  1.77264    ,  0.677504   ])
2394    , -15981.5    , array([ 0.354861   ,  0.347959   ,  0.107853   ,  1.7741     ,  0.660145   ])
2395    , -14544.8    , array([ 0.338486   ,  0.375325   ,  0.108724   ,  1.78584    ,  0.656377   ])
2396    , -14778.1    , array([ 0.358146   ,  0.381051   ,  0.108899   ,  1.7882     ,  0.655626   ])
2397    , -14678.8    , array([ 0.344446   ,  0.392385   ,  0.0976486  ,  1.75867    ,  0.662721   ])
2398    , -13553.3    , array([ 0.337361   ,  0.4176     ,  0.101823   ,  1.82947    ,  0.66897    ])
2399    , -11974.2    , array([ 0.320446   ,  0.477065   ,  0.099377   ,  1.88334    ,  0.675666   ])
2400    , -11784.1    , array([ 0.311039   ,  0.454829   ,  0.109762   ,  1.81405    ,  0.671372   ])
2401    , -9930.95    , array([ 0.281715   ,  0.528052   ,  0.115443   ,  1.83106    ,  0.677282   ])
likelihood = -9930.95
theta = 12032.07
Optimized parameters = [0.28171459 0.5280522  0.11544256 1.83105596 0.67728222]

Round_3_Replicate_3
2402    , -15183.6    , array([ 0.144161   ,  1.25542    ,  0.277315   ,  1.9092     ,  0.118426   ])
2403    , -15661.7    , array([ 0.130855   ,  1.25542    ,  0.277315   ,  1.9092     ,  0.118426   ])
2404    , -15364.8    , array([ 0.144161   ,  1.26979    ,  0.277315   ,  1.9092     ,  0.118426   ])
2405    , -15207      , array([ 0.144161   ,  1.25542    ,  0.260089   ,  1.9092     ,  0.118426   ])
2406    , -14943.9    , array([ 0.144161   ,  1.25542    ,  0.277315   ,  1.97194    ,  0.118426   ])
2407    , -15326.7    , array([ 0.144161   ,  1.25542    ,  0.277315   ,  1.9092     ,  0.106444   ])
2408    , -14811.1    , array([ 0.15882    ,  1.26115    ,  0.270292   ,  1.93405    ,  0.113479   ])
2409    , -14502      , array([ 0.17497    ,  1.26402    ,  0.266847   ,  1.9466     ,  0.111084   ])
2410    , -14665.8    , array([ 0.155774   ,  1.24462    ,  0.266163   ,  1.94912    ,  0.110611   ])
2411    , -14447.3    , array([ 0.160677   ,  1.25451    ,  0.261829   ,  1.96532    ,  0.124967   ])
2412    , -14056.4    , array([ 0.169631   ,  1.25405    ,  0.254414   ,  1.994      ,  0.135405   ])
2413    , -14193.3    , array([ 0.171481   ,  1.25396    ,  0.276718   ,  1.99978    ,  0.118507   ])
2414    , -13813.4    , array([ 0.183807   ,  1.25338    ,  0.259306   ,  2.03721    ,  0.118539   ])
2415    , -13309.9    , array([ 0.207548   ,  1.25236    ,  0.250744   ,  2.10439    ,  0.118596   ])
2416    , -13573.4    , array([ 0.212653   ,  1.25215    ,  0.249066   ,  2.02435    ,  0.118607   ])
2417    , -13458      , array([ 0.222892   ,  1.26608    ,  0.252701   ,  2.07931    ,  0.130583   ])
2418    , -12949      , array([ 0.218615   ,  1.24745    ,  0.246621   ,  2.13766    ,  0.138717   ])
2419    , -12403.5    , array([ 0.244364   ,  1.23925    ,  0.23709    ,  2.24012    ,  0.155013   ])
2420    , -12684.2    , array([ 0.257013   ,  1.25154    ,  0.223566   ,  2.17745    ,  0.144772   ])
likelihood = -12403.47
theta = 9773.64
Optimized parameters = [0.24436376 1.2392524  0.23709017 2.24011733 0.15501253]

Round_3_Replicate_4
2421    , -36705.8    , array([ 0.648125   ,  0.236829   ,  0.164633   ,  9.82133    ,  0.187864   ])
2422    , -36589.7    , array([ 0.634222   ,  0.236829   ,  0.164633   ,  9.82133    ,  0.187864   ])
2423    , -38062.3    , array([ 0.648125   ,  0.220372   ,  0.164633   ,  9.82133    ,  0.187864   ])
2424    , -37282.3    , array([ 0.648125   ,  0.236829   ,  0.150433   ,  9.82133    ,  0.187864   ])
2425    , -38089.7    , array([ 0.648125   ,  0.236829   ,  0.164633   ,  11.0098    ,  0.187864   ])
2426    , -37164.3    , array([ 0.648125   ,  0.236829   ,  0.164633   ,  9.82133    ,  0.172797   ])
2427    , -36304.8    , array([ 0.642527   ,  0.230103   ,  0.158799   ,  8.76117    ,  0.181685   ])
2428    , -35559.2    , array([ 0.639747   ,  0.226813   ,  0.155959   ,  7.81544    ,  0.178673   ])
2429    , -35185      , array([ 0.639192   ,  0.250153   ,  0.155398   ,  8.96362    ,  0.178076   ])
2430    , -33767.4    , array([ 0.634772   ,  0.266521   ,  0.150976   ,  8.56328    ,  0.173375   ])
2431    , -34630.6    , array([ 0.633892   ,  0.244032   ,  0.170312   ,  8.48539    ,  0.17245    ])
2432    , -33755.4    , array([ 0.628287   ,  0.246974   ,  0.157748   ,  8.00335    ,  0.187337   ])
2433    , -32199.6    , array([ 0.618597   ,  0.252208   ,  0.154414   ,  7.22475    ,  0.195059   ])
2434    , -32417      , array([ 0.616677   ,  0.253268   ,  0.153756   ,  7.07836    ,  0.174922   ])
2435    , -31107.3    , array([ 0.623163   ,  0.260159   ,  0.149609   ,  6.20923    ,  0.169999   ])
2436    , -28972.8    , array([ 0.617706   ,  0.272673   ,  0.142619   ,  4.9371     ,  0.161714   ])
2437    , -28998.9    , array([ 0.609178   ,  0.292412   ,  0.15238    ,  6.49325    ,  0.171753   ])
2438    , -28093.9    , array([ 0.605102   ,  0.292171   ,  0.133465   ,  5.37354    ,  0.177663   ])
2439    , -25570      , array([ 0.591201   ,  0.319693   ,  0.118149   ,  4.27617    ,  0.180328   ])
2440    , -26295.3    , array([ 0.587317   ,  0.287709   ,  0.136494   ,  4.03327    ,  0.179516   ])
likelihood = -25570.02
theta = 8104.91
Optimized parameters = [0.59120113 0.31969264 0.11814882 4.27616757 0.18032807]

Round_3_Replicate_5
2441    , -19596.6    , array([ 0.350756   ,  0.259294   ,  0.264841   ,  2.36737    ,  0.485276   ])
2442    , -18692.2    , array([ 0.332855   ,  0.259294   ,  0.264841   ,  2.36737    ,  0.485276   ])
2443    , -20491.9    , array([ 0.350756   ,  0.242371   ,  0.264841   ,  2.36737    ,  0.485276   ])
2444    , -19182.8    , array([ 0.350756   ,  0.259294   ,  0.247819   ,  2.36737    ,  0.485276   ])
2445    , -19610      , array([ 0.350756   ,  0.259294   ,  0.264841   ,  2.47161    ,  0.485276   ])
2446    , -19533.1    , array([ 0.350756   ,  0.259294   ,  0.264841   ,  2.36737    ,  0.468045   ])
2447    , -18198.2    , array([ 0.343483   ,  0.277397   ,  0.257896   ,  2.40853    ,  0.478309   ])
2448    , -17149.8    , array([ 0.339903   ,  0.296765   ,  0.254492   ,  2.42937    ,  0.474863   ])
2449    , -18030.4    , array([ 0.339192   ,  0.273678   ,  0.253817   ,  2.2911     ,  0.474177   ])
2450    , -17461.2    , array([ 0.334674   ,  0.279653   ,  0.249537   ,  2.36085    ,  0.469808   ])
2451    , -16739.5    , array([ 0.328449   ,  0.288238   ,  0.243666   ,  2.35825    ,  0.487837   ])
2452    , -15508.4    , array([ 0.317833   ,  0.303899   ,  0.233722   ,  2.3537     ,  0.498044   ])
2453    , -15652.6    , array([ 0.315752   ,  0.307132   ,  0.254373   ,  2.35279    ,  0.475429   ])
2454    , -14955.2    , array([ 0.325785   ,  0.328654   ,  0.234215   ,  2.34698    ,  0.471546   ])
2455    , -13394.5    , array([ 0.322307   ,  0.37001    ,  0.220257   ,  2.33686    ,  0.464828   ])
2456    , -13762.9    , array([ 0.313236   ,  0.351302   ,  0.23091    ,  2.44437    ,  0.478755   ])
2457    , -12926.4    , array([ 0.309168   ,  0.376639   ,  0.227695   ,  2.40537    ,  0.486867   ])
2458    , -11201.1    , array([ 0.297154   ,  0.437097   ,  0.217501   ,  2.42795    ,  0.495627   ])
2459    , -11163.7    , array([ 0.288477   ,  0.414379   ,  0.209666   ,  2.33698    ,  0.490002   ])
2460    , -9307.24    , array([ 0.26576    ,  0.489656   ,  0.190307   ,  2.29212    ,  0.497752   ])
likelihood = -9307.24
theta = 11714.44
Optimized parameters = [0.26575986 0.48965584 0.19030703 2.29211502 0.4977515 ]

Round_4_Replicate_1
2461    , -10264.5    , array([ 0.187954   ,  0.556641   ,  0.328721   ,  2.14268    ,  0.498942   ])
2462    , -9768.16    , array([ 0.172884   ,  0.556641   ,  0.328721   ,  2.14268    ,  0.498942   ])
2463    , -10152.6    , array([ 0.187954   ,  0.540572   ,  0.328721   ,  2.14268    ,  0.498942   ])
2464    , -9658.85    , array([ 0.187954   ,  0.556641   ,  0.310935   ,  2.14268    ,  0.498942   ])
2465    , -10209.2    , array([ 0.187954   ,  0.556641   ,  0.328721   ,  2.2259     ,  0.498942   ])
2466    , -10158.3    , array([ 0.187954   ,  0.556641   ,  0.328721   ,  2.14268    ,  0.481895   ])
2467    , -9705.52    , array([ 0.181774   ,  0.550157   ,  0.321488   ,  2.17559    ,  0.492052   ])
2468    , -9569.43    , array([ 0.17936    ,  0.547584   ,  0.318639   ,  2.07519    ,  0.489323   ])
2469    , -9294.53    , array([ 0.175211   ,  0.543112   ,  0.313715   ,  2.0037     ,  0.484583   ])
2470    , -9294.84    , array([ 0.174393   ,  0.542221   ,  0.312739   ,  2.09872    ,  0.507761   ])
2471    , -9048.33    , array([ 0.169247   ,  0.55902    ,  0.306566   ,  2.0814     ,  0.493862   ])
2472    , -8695.51    , array([ 0.160603   ,  0.568478   ,  0.296054   ,  2.05141    ,  0.491341   ])
2473    , -8877.46    , array([ 0.178656   ,  0.547471   ,  0.293996   ,  2.04547    ,  0.490839   ])
2474    , -8668.64    , array([ 0.168746   ,  0.552841   ,  0.290051   ,  1.96544    ,  0.49722    ])
2475    , -8343.91    , array([ 0.162586   ,  0.554188   ,  0.275505   ,  1.86811    ,  0.499824   ])
2476    , -8341.2     , array([ 0.154002   ,  0.545437   ,  0.285729   ,  1.88911    ,  0.490701   ])
2477    , -8132.92    , array([ 0.139401   ,  0.539919   ,  0.273903   ,  1.77381    ,  0.486631   ])
2478    , -8141.97    , array([ 0.151755   ,  0.558989   ,  0.269406   ,  1.80318    ,  0.474049   ])
2479    , -8051.94    , array([ 0.142608   ,  0.564543   ,  0.252699   ,  1.81069    ,  0.492376   ])
2480    , -8335.04    , array([ 0.128657   ,  0.575573   ,  0.226797   ,  1.72128    ,  0.496319   ])
2481    , -8329.39    , array([ 0.127802   ,  0.566968   ,  0.253806   ,  1.6893     ,  0.486709   ])
2482    , -8182.77    , array([ 0.129752   ,  0.545436   ,  0.236987   ,  1.5585     ,  0.484373   ])
2483    , -8561.34    , array([ 0.117111   ,  0.55595    ,  0.239775   ,  1.59177    ,  0.470208   ])
2484    , -8123.75    , array([ 0.149783   ,  0.554628   ,  0.266102   ,  1.79482    ,  0.49225    ])
2485    , -8052.21    , array([ 0.15875    ,  0.538656   ,  0.265246   ,  1.80344    ,  0.48507    ])
2486    , -8778.37    , array([ 0.169503   ,  0.557125   ,  0.297165   ,  2.07233    ,  0.487691   ])
2487    , -8036.95    , array([ 0.138717   ,  0.548335   ,  0.25078    ,  1.67357    ,  0.4852     ])
likelihood = -8036.95
theta = 14271.89
Optimized parameters = [0.13871727 0.54833509 0.25077979 1.67357446 0.48519998]

Round_4_Replicate_2
2488    , -9911.59    , array([ 0.150127   ,  0.761408   ,  0.372795   ,  4.1492     ,  0.216003   ])
2489    , -9985.02    , array([ 0.136547   ,  0.761408   ,  0.372795   ,  4.1492     ,  0.216003   ])
2490    , -9906.76    , array([ 0.150127   ,  0.751101   ,  0.372795   ,  4.1492     ,  0.216003   ])
2491    , -9700.98    , array([ 0.150127   ,  0.761408   ,  0.354849   ,  4.1492     ,  0.216003   ])
2492    , -10190.4    , array([ 0.150127   ,  0.761408   ,  0.372795   ,  4.45515    ,  0.216003   ])
2493    , -9916.41    , array([ 0.150127   ,  0.761408   ,  0.372795   ,  4.1492     ,  0.20007    ])
2494    , -9601.79    , array([ 0.14454    ,  0.757268   ,  0.36551    ,  3.86426    ,  0.209483   ])
2495    , -9379.62    , array([ 0.141825   ,  0.755207   ,  0.361921   ,  3.59889    ,  0.206297   ])
2496    , -9562.29    , array([ 0.161344   ,  0.754795   ,  0.361208   ,  3.91964    ,  0.205666   ])
2497    , -9449.15    , array([ 0.151041   ,  0.752166   ,  0.356674   ,  3.83141    ,  0.224507   ])
2498    , -9279.26    , array([ 0.151408   ,  0.748501   ,  0.350423   ,  3.71122    ,  0.211185   ])
2499    , -9021.88    , array([ 0.152053   ,  0.74213    ,  0.339746   ,  3.50988    ,  0.208816   ])
2500    , -8994.86    , array([ 0.152182   ,  0.755134   ,  0.337649   ,  3.47094    ,  0.208345   ])
2501    , -8704.1     , array([ 0.15322    ,  0.757159   ,  0.32134    ,  3.1746     ,  0.204619   ])
2502    , -8800.73    , array([ 0.153428   ,  0.743247   ,  0.340927   ,  3.11843    ,  0.203882   ])
2503    , -8760.85    , array([ 0.139917   ,  0.745149   ,  0.327272   ,  3.01253    ,  0.213385   ])
2504    , -8639.24    , array([ 0.144957   ,  0.744954   ,  0.32022    ,  2.79929    ,  0.191544   ])
2505    , -8657.5     , array([ 0.142008   ,  0.741375   ,  0.303415   ,  2.39272    ,  0.176924   ])
2506    , -8357.5     , array([ 0.155731   ,  0.73791    ,  0.300497   ,  2.6952     ,  0.202356   ])
2507    , -8202.53    , array([ 0.163187   ,  0.72941    ,  0.273813   ,  2.33239    ,  0.200414   ])
2508    , -8474.52    , array([ 0.149421   ,  0.745737   ,  0.293644   ,  2.34677    ,  0.196657   ])
2509    , -8491.67    , array([ 0.146523   ,  0.745614   ,  0.275663   ,  2.35743    ,  0.19853    ])
2510    , -8387.24    , array([ 0.163664   ,  0.743897   ,  0.268113   ,  2.21232    ,  0.184293   ])
2511    , -8739.88    , array([ 0.153449   ,  0.72694    ,  0.253982   ,  1.817      ,  0.18431    ])
2512    , -8453.17    , array([ 0.153277   ,  0.749489   ,  0.302987   ,  2.76124    ,  0.199341   ])
2513    , -8382.98    , array([ 0.165857   ,  0.740645   ,  0.249292   ,  2.04936    ,  0.20006    ])
likelihood = -8202.53
theta = 11820.26
Optimized parameters = [0.16318745 0.72941025 0.27381294 2.33239233 0.20041357]

Round_4_Replicate_3
2514    , -37725.9    , array([ 0.309556   ,  1.28147    ,  0.465142   ,  2.37427    ,  0.478047   ])
2515    , -36431.8    , array([ 0.291928   ,  1.28147    ,  0.465142   ,  2.37427    ,  0.478047   ])
2516    , -38013.9    , array([ 0.309556   ,  1.29746    ,  0.465142   ,  2.37427    ,  0.478047   ])
2517    , -35909.5    , array([ 0.309556   ,  1.28147    ,  0.447677   ,  2.37427    ,  0.478047   ])
2518    , -37228.8    , array([ 0.309556   ,  1.28147    ,  0.465142   ,  2.47917    ,  0.478047   ])
2519    , -37063.6    , array([ 0.309556   ,  1.28147    ,  0.465142   ,  2.37427    ,  0.460728   ])
2520    , -35734.2    , array([ 0.302381   ,  1.26568    ,  0.458076   ,  2.41569    ,  0.471043   ])
2521    , -34633.5    , array([ 0.298856   ,  1.25008    ,  0.454583   ,  2.43667    ,  0.467579   ])
2522    , -34799.2    , array([ 0.298156   ,  1.26882    ,  0.453888   ,  2.44088    ,  0.466889   ])
2523    , -34361.3    , array([ 0.293714   ,  1.26379    ,  0.449463   ,  2.32309    ,  0.462499   ])
2524    , -33046.1    , array([ 0.2861     ,  1.25505    ,  0.441822   ,  2.24878    ,  0.454916   ])
2525    , -32927      , array([ 0.284601   ,  1.25331    ,  0.44031    ,  2.37361    ,  0.477455   ])
2526    , -31036.5    , array([ 0.272888   ,  1.23946    ,  0.428395   ,  2.37329    ,  0.486045   ])
2527    , -31399.4    , array([ 0.293753   ,  1.23671    ,  0.426051   ,  2.37322    ,  0.463221   ])
2528    , -30201.6    , array([ 0.271279   ,  1.21924    ,  0.433992   ,  2.3728     ,  0.45742    ])
2529    , -27697.3    , array([ 0.253953   ,  1.18927    ,  0.427306   ,  2.37206    ,  0.447442   ])
2530    , -28465.4    , array([ 0.264141   ,  1.19992    ,  0.417844   ,  2.28179    ,  0.460449   ])
2531    , -26549      , array([ 0.250823   ,  1.19812    ,  0.403376   ,  2.22648    ,  0.456952   ])
2532    , -23436.7    , array([ 0.229784   ,  1.17296    ,  0.379978   ,  2.12829    ,  0.451729   ])
2533    , -24023.6    , array([ 0.240012   ,  1.16152    ,  0.390733   ,  2.35994    ,  0.468353   ])
2534    , -23002.7    , array([ 0.21561    ,  1.14953    ,  0.39141    ,  2.23118    ,  0.461988   ])
2535    , -20100.4    , array([ 0.184719   ,  1.10828    ,  0.375161   ,  2.16339    ,  0.461372   ])
2536    , -19464.4    , array([ 0.198554   ,  1.09679    ,  0.369147   ,  2.14999    ,  0.431213   ])
2537    , -15942.8    , array([ 0.169366   ,  1.03174    ,  0.34267    ,  2.04635    ,  0.406163   ])
2538    , -17033.4    , array([ 0.17172    ,  1.06653    ,  0.349602   ,  2.14088    ,  0.432907   ])
2539    , -15153.5    , array([ 0.152732   ,  1.03019    ,  0.315488   ,  1.97665    ,  0.439645   ])
2540    , -13480.8    , array([ 0.118446   ,  0.958814   ,  0.271084   ,  1.80439    ,  0.435798   ])
2541    , -14225.7    , array([ 0.121833   ,  0.976916   ,  0.29808    ,  1.78454    ,  0.408085   ])
likelihood = -13480.82
theta = 12041.12
Optimized parameters = [0.11844584 0.95881427 0.27108431 1.80438999 0.43579751]

Round_4_Replicate_4
2542    , -12186.7    , array([ 0.121721   ,  0.645642   ,  0.407033   ,  3.99617    ,  0.477978   ])
2543    , -12338.3    , array([ 0.109556   ,  0.645642   ,  0.407033   ,  3.99617    ,  0.477978   ])
2544    , -12058.2    , array([ 0.121721   ,  0.631672   ,  0.407033   ,  3.99617    ,  0.477978   ])
2545    , -11666.5    , array([ 0.121721   ,  0.645642   ,  0.389145   ,  3.99617    ,  0.477978   ])
2546    , -12332.5    , array([ 0.121721   ,  0.645642   ,  0.407033   ,  4.28279    ,  0.477978   ])
2547    , -12022.2    , array([ 0.121721   ,  0.645642   ,  0.407033   ,  3.99617    ,  0.460657   ])
2548    , -11931.1    , array([ 0.135238   ,  0.640017   ,  0.399781   ,  4.10844    ,  0.470973   ])
2549    , -11609.7    , array([ 0.126958   ,  0.637781   ,  0.396917   ,  3.77029    ,  0.4682     ])
2550    , -11298      , array([ 0.12966    ,  0.633887   ,  0.391953   ,  3.53753    ,  0.463386   ])
2551    , -11386.1    , array([ 0.130207   ,  0.633111   ,  0.390968   ,  3.84839    ,  0.462429   ])
2552    , -11247.5    , array([ 0.133765   ,  0.647702   ,  0.384721   ,  3.79082    ,  0.456352   ])
2553    , -10896.9    , array([ 0.140227   ,  0.655869   ,  0.374028   ,  3.69214    ,  0.445909   ])
2554    , -10882.7    , array([ 0.141556   ,  0.637683   ,  0.371925   ,  3.67272    ,  0.467387   ])
2555    , -10455.2    , array([ 0.152654   ,  0.63374    ,  0.355523   ,  3.52094    ,  0.470789   ])
2556    , -10383.8    , array([ 0.133733   ,  0.640756   ,  0.361311   ,  3.35851    ,  0.457079   ])
2557    , -9808.41    , array([ 0.132988   ,  0.641126   ,  0.343487   ,  3.03656    ,  0.450287   ])
2558    , -10070.3    , array([ 0.153939   ,  0.633393   ,  0.353111   ,  3.09368    ,  0.439757   ])
2559    , -9733.41    , array([ 0.153875   ,  0.646045   ,  0.337435   ,  2.94387    ,  0.445494   ])
2560    , -9289.01    , array([ 0.167276   ,  0.652611   ,  0.313483   ,  2.57476    ,  0.43726    ])
2561    , -9116.07    , array([ 0.171099   ,  0.652812   ,  0.307815   ,  2.82041    ,  0.434373   ])
2562    , -8665.37    , array([ 0.196547   ,  0.662486   ,  0.272783   ,  2.51837    ,  0.420555   ])
2563    , -8752.24    , array([ 0.181083   ,  0.633471   ,  0.284305   ,  2.31884    ,  0.440951   ])
2564    , -8616.36    , array([ 0.178101   ,  0.655478   ,  0.273519   ,  2.05748    ,  0.406851   ])
2565    , -8890.12    , array([ 0.192373   ,  0.666626   ,  0.239909   ,  1.5728     ,  0.378216   ])
2566    , -8413.99    , array([ 0.18722    ,  0.664891   ,  0.248641   ,  1.98913    ,  0.42222    ])
2567    , -8709.76    , array([ 0.206468   ,  0.681223   ,  0.208643   ,  1.59499    ,  0.413716   ])
2568    , -9528.68    , array([ 0.248489   ,  0.666505   ,  0.224616   ,  1.71107    ,  0.401867   ])
2569    , -8836.8     , array([ 0.212536   ,  0.660067   ,  0.24978    ,  1.97491    ,  0.41346    ])
2570    , -8562.07    , array([ 0.217413   ,  0.657757   ,  0.224736   ,  1.81483    ,  0.404677   ])
likelihood = -8413.99
theta = 12339.89
Optimized parameters = [0.18721982 0.66489117 0.24864149 1.98912829 0.42222044]

Round_4_Replicate_5
2571    , -12757.5    , array([ 0.31617    ,  0.542618   ,  0.283661   ,  4.42234    ,  0.346794   ])
2572    , -12235.6    , array([ 0.298481   ,  0.542618   ,  0.283661   ,  4.42234    ,  0.346794   ])
2573    , -12938.1    , array([ 0.31617    ,  0.526282   ,  0.283661   ,  4.42234    ,  0.346794   ])
2574    , -12217.5    , array([ 0.31617    ,  0.542618   ,  0.266342   ,  4.42234    ,  0.346794   ])
2575    , -13031.4    , array([ 0.31617    ,  0.542618   ,  0.283661   ,  4.76359    ,  0.346794   ])
2576    , -12677.7    , array([ 0.31617    ,  0.542618   ,  0.283661   ,  4.42234    ,  0.328909   ])
2577    , -12121.6    , array([ 0.308972   ,  0.536024   ,  0.276602   ,  4.10553    ,  0.339526   ])
2578    , -11730.3    , array([ 0.305435   ,  0.532757   ,  0.273139   ,  3.81142    ,  0.33595    ])
2579    , -11707.7    , array([ 0.304732   ,  0.555371   ,  0.272451   ,  4.16702    ,  0.335239   ])
2580    , -11153.5    , array([ 0.299169   ,  0.570513   ,  0.267014   ,  4.04495    ,  0.329606   ])
2581    , -11282.3    , array([ 0.298069   ,  0.549562   ,  0.265939   ,  4.02097    ,  0.328491   ])
2582    , -10843.8    , array([ 0.291122   ,  0.552364   ,  0.259165   ,  3.87081    ,  0.346178   ])
2583    , -10104.7    , array([ 0.279352   ,  0.557303   ,  0.247722   ,  3.6214     ,  0.355149   ])
2584    , -10465.2    , array([ 0.300312   ,  0.558296   ,  0.245494   ,  3.57348    ,  0.331466   ])
2585    , -9846.84    , array([ 0.277735   ,  0.564693   ,  0.253071   ,  3.28146    ,  0.325526   ])
2586    , -9039.55    , array([ 0.260306   ,  0.576066   ,  0.246686   ,  2.82667    ,  0.315386   ])
2587    , -9219.16    , array([ 0.269686   ,  0.59341    ,  0.236921   ,  3.37837    ,  0.32765    ])
2588    , -8900.66    , array([ 0.265508   ,  0.593202   ,  0.232345   ,  2.98686    ,  0.334746   ])
2589    , -8260.45    , array([ 0.250587   ,  0.616305   ,  0.217174   ,  2.57429    ,  0.337918   ])
2590    , -8259.75    , array([ 0.24643    ,  0.58934    ,  0.213055   ,  2.47816    ,  0.336953   ])
2591    , -7972.25    , array([ 0.223657   ,  0.598986   ,  0.190314   ,  1.93972    ,  0.340688   ])
2592    , -7809.35    , array([ 0.218194   ,  0.619424   ,  0.209293   ,  2.1969     ,  0.338761   ])
2593    , -8008.84    , array([ 0.185984   ,  0.652453   ,  0.193246   ,  1.72254    ,  0.342469   ])
2594    , -8049.86    , array([ 0.21249    ,  0.647321   ,  0.193887   ,  1.775      ,  0.310252   ])
2595    , -8353.23    , array([ 0.200089   ,  0.62945    ,  0.187105   ,  1.47084    ,  0.329031   ])
2596    , -8957.92    , array([ 0.186592   ,  0.671801   ,  0.160887   ,  1.35367    ,  0.347667   ])
2597    , -8195.79    , array([ 0.202788   ,  0.64647    ,  0.179031   ,  1.62725    ,  0.339299   ])
2598    , -8082.65    , array([ 0.244052   ,  0.621421   ,  0.208409   ,  2.70881    ,  0.33737    ])
likelihood = -7809.35
theta = 11928.33
Optimized parameters = [0.21819352 0.6194237  0.20929276 2.1968995  0.33876124]

Round_1_Replicate_1
3459    , -649408     , array([ 1.16881    ,  1.68523    ,  6.79423    ,  1.3297     ,  3.7625     ])
3460    , -650315     , array([ 1.17796    ,  1.68523    ,  6.79423    ,  1.3297     ,  3.7625     ])
3461    , -651315     , array([ 1.16881    ,  1.72978    ,  6.79423    ,  1.3297     ,  3.7625     ])
3462    , -667144     , array([ 1.16881    ,  1.68523    ,  7.47734    ,  1.3297     ,  3.7625     ])
3463    , -649398     , array([ 1.16881    ,  1.68523    ,  6.79423    ,  1.34878    ,  3.7625     ])
3464    , -649326     , array([ 1.16881    ,  1.68523    ,  6.79423    ,  1.3297     ,  4.02022    ])
3465    , -632330     , array([ 1.17246    ,  1.70291    ,  6.17353    ,  1.3373     ,  3.86354    ])
3466    , -614310     , array([ 1.17429    ,  1.71182    ,  5.60953    ,  1.34111    ,  3.91508    ])
3467    , -633929     , array([ 1.17466    ,  1.65213    ,  6.29296    ,  1.34188    ,  3.92547    ])
likelihood = -614309.78
theta = 5433.48
Optimized parameters = [1.17429232 1.7118186  5.60952746 1.34111115 3.9150769 ]

Round_1_Replicate_2
3468    , -200040     , array([ 1.67104    ,  3.38584    ,  1.31798    ,  3.33832    ,  0.141555   ])
3469    , -202467     , array([ 1.71449    ,  3.38584    ,  1.31798    ,  3.33832    ,  0.141555   ])
3470    , -201831     , array([ 1.67104    ,  3.59874    ,  1.31798    ,  3.33832    ,  0.141555   ])
3471    , -202470     , array([ 1.67104    ,  3.38584    ,  1.3363     ,  3.33832    ,  0.141555   ])
3472    , -197131     , array([ 1.67104    ,  3.38584    ,  1.31798    ,  3.54572    ,  0.141555   ])
3473    , -189344     , array([ 1.67104    ,  3.38584    ,  1.31798    ,  3.33832    ,  0.128372   ])
3474    , -193827     , array([ 1.68829    ,  3.46945    ,  1.29991    ,  3.41978    ,  0.136126   ])
3475    , -190445     , array([ 1.63539    ,  3.50346    ,  1.31073    ,  3.45292    ,  0.134014   ])
likelihood = -189343.51
theta = 4006.93
Optimized parameters = [1.67103751 3.38584242 1.31798304 3.33832109 0.12837191]

Round_1_Replicate_3
3476    , -781236     , array([ 4.53206    ,  3.15855    ,  5.54034    ,  6.45053    ,  3.18109    ])
3477    , -785560     , array([ 4.88776    ,  3.15855    ,  5.54034    ,  6.45053    ,  3.18109    ])
3478    , -785600     , array([ 4.53206    ,  3.34551    ,  5.54034    ,  6.45053    ,  3.18109    ])
3479    , -792684     , array([ 4.53206    ,  3.15855    ,  6.0355     ,  6.45053    ,  3.18109    ])
3480    , -781297     , array([ 4.53206    ,  3.15855    ,  5.54034    ,  7.08068    ,  3.18109    ])
3481    , -781228     , array([ 4.53206    ,  3.15855    ,  5.54034    ,  6.45053    ,  3.37058    ])
3482    , -773001     , array([ 4.67112    ,  3.23204    ,  5.0858     ,  6.69556    ,  3.25557    ])
3483    , -762638     , array([ 4.74225    ,  3.26943    ,  4.66856    ,  6.82155    ,  3.29347    ])
3484    , -771137     , array([ 4.7566     ,  3.02348    ,  5.17362    ,  6.84703    ,  3.3011     ])
likelihood = -762637.77
theta = 2023.74
Optimized parameters = [4.74224731 3.2694295  4.66855539 6.82154907 3.29346704]

Round_1_Replicate_4
3485    , -248313     , array([ 1.42976    ,  5.95563    ,  0.938066   ,  5.17057    ,  0.467453   ])
3486    , -250384     , array([ 1.45555    ,  5.95563    ,  0.938066   ,  5.17057    ,  0.467453   ])
3487    , -251273     , array([ 1.42976    ,  6.51139    ,  0.938066   ,  5.17057    ,  0.467453   ])
3488    , -247611     , array([ 1.42976    ,  5.95563    ,  0.935072   ,  5.17057    ,  0.467453   ])
3489    , -245535     , array([ 1.42976    ,  5.95563    ,  0.938066   ,  5.61327    ,  0.467453   ])
3490    , -244113     , array([ 1.42976    ,  5.95563    ,  0.938066   ,  5.17057    ,  0.450013   ])
3491    , -243034     , array([ 1.44002    ,  5.4473     ,  0.936867   ,  5.3433     ,  0.460398   ])
3492    , -238865     , array([ 1.44518    ,  4.98236    ,  0.936268   ,  5.43181    ,  0.45691    ])
3493    , -239471     , array([ 1.41047    ,  5.54537    ,  0.936149   ,  5.44969    ,  0.456215   ])
likelihood = -238864.68
theta = 3144.24
Optimized parameters = [1.44517626 4.98235582 0.93626835 5.43181357 0.45690981]

Round_1_Replicate_5
3494    , -371485     , array([ 1.33185    ,  2.75517    ,  1.28911    ,  0.776275   ,  1.28594    ])
3495    , -373677     , array([ 1.35107    ,  2.75517    ,  1.28911    ,  0.776275   ,  1.28594    ])
3496    , -375067     , array([ 1.33185    ,  2.89839    ,  1.28911    ,  0.776275   ,  1.28594    ])
3497    , -374075     , array([ 1.33185    ,  2.75517    ,  1.30558    ,  0.776275   ,  1.28594    ])
3498    , -371556     , array([ 1.33185    ,  2.75517    ,  1.28911    ,  0.766507   ,  1.28594    ])
3499    , -371425     , array([ 1.33185    ,  2.75517    ,  1.28911    ,  0.776275   ,  1.30221    ])
3500    , -369726     , array([ 1.33951    ,  2.61904    ,  1.29567    ,  0.772353   ,  1.29242    ])
3501    , -366919     , array([ 1.34335    ,  2.48962    ,  1.29897    ,  0.770399   ,  1.29567    ])
3502    , -367996     , array([ 1.34412    ,  2.64571    ,  1.27673    ,  0.770009   ,  1.29633    ])
likelihood = -366918.84
theta = 5576.76
Optimized parameters = [1.3433533  2.48962461 1.29896554 0.77039937 1.29567463]

Round_1_Replicate_6
3503    , -355765     , array([ 7.36704    ,  1.0492     ,  1.2376     ,  0.475264   ,  0.131748   ])
3504    , -360331     , array([ 8.14062    ,  1.0492     ,  1.2376     ,  0.475264   ,  0.131748   ])
3505    , -355989     , array([ 7.36704    ,  1.05172    ,  1.2376     ,  0.475264   ,  0.131748   ])
3506    , -357448     , array([ 7.36704    ,  1.0492     ,  1.25086    ,  0.475264   ,  0.131748   ])
3507    , -358151     , array([ 7.36704    ,  1.0492     ,  1.2376     ,  0.457911   ,  0.131748   ])
3508    , -346876     , array([ 7.36704    ,  1.0492     ,  1.2376     ,  0.475264   ,  0.11905    ])
3509    , -349165     , array([ 6.66697    ,  1.05021    ,  1.24289    ,  0.468245   ,  0.126514   ])
3510    , -347851     , array([ 7.0786     ,  1.05061    ,  1.24501    ,  0.490347   ,  0.124479   ])
likelihood = -346875.83
theta = 4978.43
Optimized parameters = [7.36704031 1.04920132 1.23760014 0.47526369 0.11905034]

Round_1_Replicate_7
3511    , -68832.7    , array([ 0.518381   ,  2.01696    ,  0.755544   ,  1.823      ,  0.151491   ])
3512    , -67452.5    , array([ 0.501628   ,  2.01696    ,  0.755544   ,  1.823      ,  0.151491   ])
3513    , -69702.5    , array([ 0.518381   ,  2.08897    ,  0.755544   ,  1.823      ,  0.151491   ])
3514    , -67945.7    , array([ 0.518381   ,  2.01696    ,  0.745029   ,  1.823      ,  0.151491   ])
3515    , -68038.9    , array([ 0.518381   ,  2.01696    ,  0.755544   ,  1.87856    ,  0.151491   ])
3516    , -65901.9    , array([ 0.518381   ,  2.01696    ,  0.755544   ,  1.823      ,  0.13785    ])
3517    , -65577.4    , array([ 0.511614   ,  1.94743    ,  0.75132    ,  1.84502    ,  0.14588    ])
3518    , -63568.9    , array([ 0.508263   ,  1.8803     ,  0.749217   ,  1.85614    ,  0.143153   ])
3519    , -64351.5    , array([ 0.507596   ,  1.96114    ,  0.748797   ,  1.85837    ,  0.142613   ])
likelihood = -63568.92
theta = 7929.96
Optimized parameters = [0.50826305 1.88030254 0.74921731 1.856137   0.14315251]

Round_1_Replicate_8
3520    , -391364     , array([ 0.563639   ,  1.08437    ,  3.66577    ,  0.736332   ,  5.04827    ])
3521    , -387168     , array([ 0.54771    ,  1.08437    ,  3.66577    ,  0.736332   ,  5.04827    ])
3522    , -391619     , array([ 0.563639   ,  1.08877    ,  3.66577    ,  0.736332   ,  5.04827    ])
3523    , -404945     , array([ 0.563639   ,  1.08437    ,  3.91177    ,  0.736332   ,  5.04827    ])
3524    , -391366     , array([ 0.563639   ,  1.08437    ,  3.66577    ,  0.725149   ,  5.04827    ])
3525    , -391336     , array([ 0.563639   ,  1.08437    ,  3.66577    ,  0.736332   ,  5.47394    ])
3526    , -376310     , array([ 0.557213   ,  1.08613    ,  3.43524    ,  0.731839   ,  5.21441    ])
3527    , -362185     , array([ 0.554027   ,  1.08701    ,  3.2192     ,  0.729602   ,  5.29952    ])
3528    , -377697     , array([ 0.553392   ,  1.08103    ,  3.48015    ,  0.729156   ,  5.31671    ])
likelihood = -362184.6
theta = 9575.81
Optimized parameters = [0.55402709 1.08700544 3.21920319 0.72960204 5.2995247 ]

Round_1_Replicate_9
3529    , -27345.7    , array([ 0.16599    ,  0.347223   ,  0.771624   ,  4.33141    ,  0.746352   ])
3530    , -25404.7    , array([ 0.151735   ,  0.347223   ,  0.771624   ,  4.33141    ,  0.746352   ])
3531    , -26672.5    , array([ 0.16599    ,  0.329335   ,  0.771624   ,  4.33141    ,  0.746352   ])
3532    , -26834.1    , array([ 0.16599    ,  0.347223   ,  0.761686   ,  4.33141    ,  0.746352   ])
3533    , -27394      , array([ 0.16599    ,  0.347223   ,  0.771624   ,  4.6608     ,  0.746352   ])
3534    , -27307.8    , array([ 0.16599    ,  0.347223   ,  0.771624   ,  4.33141    ,  0.735514   ])
3535    , -26000.8    , array([ 0.160134   ,  0.339954   ,  0.767633   ,  4.02529    ,  0.741998   ])
3536    , -25519.4    , array([ 0.15785    ,  0.337089   ,  0.766043   ,  4.20626    ,  0.740263   ])
likelihood = -25404.69
theta = 11964.36
Optimized parameters = [0.15173497 0.34722264 0.77162394 4.33140822 0.74635214]

Round_1_Replicate_10
3537    , -211632     , array([ 1.70419    ,  1.49295    ,  0.614573   ,  3.42104    ,  1.409      ])
3538    , -214651     , array([ 1.75022    ,  1.49295    ,  0.614573   ,  3.42104    ,  1.409      ])
3539    , -212561     , array([ 1.70419    ,  1.52316    ,  0.614573   ,  3.42104    ,  1.409      ])
3540    , -207511     , array([ 1.70419    ,  1.49295    ,  0.599794   ,  3.42104    ,  1.409      ])
3541    , -211026     , array([ 1.70419    ,  1.49295    ,  0.614573   ,  3.63803    ,  1.409      ])
3542    , -212027     , array([ 1.70419    ,  1.49295    ,  0.614573   ,  3.42104    ,  1.43336    ])
3543    , -207261     , array([ 1.65936    ,  1.50496    ,  0.608618   ,  3.50624    ,  1.41869    ])
3544    , -203593     , array([ 1.61572    ,  1.511      ,  0.605662   ,  3.54963    ,  1.42357    ])
3545    , -205779     , array([ 1.66823    ,  1.47038    ,  0.605073   ,  3.55837    ,  1.42454    ])
likelihood = -203593.07
theta = 4573.7
Optimized parameters = [1.61571689 1.51100387 0.60566218 3.54963153 1.42356758]

Round_2_Replicate_1
3546    , -145506     , array([ 0.0586533  ,  1.21587    ,  2.93152    ,  14.3675    ,  0.686898   ])
3547    , -141463     , array([ 0.0508988  ,  1.21587    ,  2.93152    ,  14.3675    ,  0.686898   ])
3548    , -145785     , array([ 0.0586533  ,  1.22781    ,  2.93152    ,  14.3675    ,  0.686898   ])
3549    , -148347     , array([ 0.0586533  ,  1.21587    ,  3.09348    ,  14.3675    ,  0.686898   ])
3550    , -146581     , array([ 0.0586533  ,  1.21587    ,  2.93152    ,  16.4153    ,  0.686898   ])
3551    , -145805     , array([ 0.0586533  ,  1.21587    ,  2.93152    ,  14.3675    ,  0.674119   ])
3552    , -141857     , array([ 0.055419   ,  1.22064    ,  2.77804    ,  15.154     ,  0.681757   ])
3553    , -141478     , array([ 0.0541757  ,  1.22255    ,  2.86913    ,  12.8461    ,  0.679712   ])
3554    , -140697     , array([ 0.0524819  ,  1.22522    ,  2.84455    ,  14.0345    ,  0.69489    ])
3555    , -138401     , array([ 0.0496442  ,  1.22993    ,  2.80204    ,  13.8709    ,  0.705514   ])
3556    , -138036     , array([ 0.0490953  ,  1.21414    ,  2.79362    ,  13.8384    ,  0.689296   ])
3557    , -134845     , array([ 0.0449173  ,  1.20737    ,  2.72712    ,  13.5812    ,  0.690498   ])
likelihood = -134844.84
theta = 6073.19
Optimized parameters = [ 0.04491729  1.20736586  2.72711687 13.58116584  0.69049813]

Round_2_Replicate_2
3558    , -181007     , array([ 0.459703   ,  0.107738   ,  2.36346    ,  1.85259    ,  1.09083    ])
3559    , -177204     , array([ 0.442182   ,  0.107738   ,  2.36346    ,  1.85259    ,  1.09083    ])
3560    , -179553     , array([ 0.459703   ,  0.0963802  ,  2.36346    ,  1.85259    ,  1.09083    ])
3561    , -185794     , array([ 0.459703   ,  0.107738   ,  2.46732    ,  1.85259    ,  1.09083    ])
3562    , -181093     , array([ 0.459703   ,  0.107738   ,  2.36346    ,  1.9106     ,  1.09083    ])
3563    , -180983     , array([ 0.459703   ,  0.107738   ,  2.36346    ,  1.85259    ,  1.09559    ])
3564    , -174291     , array([ 0.452613   ,  0.103043   ,  2.26397    ,  1.87558    ,  1.09273    ])
3565    , -168792     , array([ 0.449109   ,  0.100772   ,  2.16867    ,  1.88718    ,  1.09368    ])
3566    , -173905     , array([ 0.448411   ,  0.100324   ,  2.28352    ,  1.80969    ,  1.09387    ])
3567    , -171263     , array([ 0.443973   ,  0.0975034  ,  2.25231    ,  1.84894    ,  1.09509    ])
3568    , -167618     , array([ 0.437832   ,  0.0936871  ,  2.20933    ,  1.84748    ,  1.09014    ])
3569    , -161496     , array([ 0.42729    ,  0.0873645  ,  2.13608    ,  1.84493    ,  1.08743    ])
likelihood = -161495.62
theta = 21136.95
Optimized parameters = [0.42729045 0.08736446 2.13608404 1.84493246 1.08743261]

Round_2_Replicate_3
3570    , -36910.8    , array([ 0.25166    ,  0.106326   ,  0.352564   ,  7.18271    ,  0.489218   ])
3571    , -36049.3    , array([ 0.234885   ,  0.106326   ,  0.352564   ,  7.18271    ,  0.489218   ])
3572    , -39714.4    , array([ 0.25166    ,  0.0950545  ,  0.352564   ,  7.18271    ,  0.489218   ])
3573    , -37093.5    , array([ 0.25166    ,  0.106326   ,  0.334657   ,  7.18271    ,  0.489218   ])
3574    , -37682.3    , array([ 0.25166    ,  0.106326   ,  0.352564   ,  7.92689    ,  0.489218   ])
3575    , -36922.7    , array([ 0.25166    ,  0.106326   ,  0.352564   ,  7.18271    ,  0.472039   ])
3576    , -34283.9    , array([ 0.244811   ,  0.118935   ,  0.345289   ,  7.47161    ,  0.482273   ])
3577    , -31813.6    , array([ 0.241456   ,  0.133038   ,  0.341708   ,  7.62039    ,  0.478837   ])
3578    , -33780      , array([ 0.240791   ,  0.116299   ,  0.340996   ,  6.66422    ,  0.478153   ])
3579    , -33085      , array([ 0.236576   ,  0.120545   ,  0.361949   ,  7.13753    ,  0.473797   ])
3580    , -31752.9    , array([ 0.230798   ,  0.126751   ,  0.347194   ,  7.11954    ,  0.491771   ])
3581    , -29368.2    , array([ 0.221025   ,  0.138391   ,  0.344541   ,  7.08817    ,  0.501944   ])
likelihood = -29368.24
theta = 7643.14
Optimized parameters = [0.22102549 0.13839098 0.34454067 7.08816812 0.50194445]

Round_2_Replicate_4
3582    , -42686.5    , array([ 0.262465   ,  0.794814   ,  0.576811   ,  5.68972    ,  1.089      ])
3583    , -40975.9    , array([ 0.245485   ,  0.794814   ,  0.576811   ,  5.68972    ,  1.089      ])
3584    , -42392.1    , array([ 0.262465   ,  0.78574    ,  0.576811   ,  5.68972    ,  1.089      ])
3585    , -41043.5    , array([ 0.262465   ,  0.794814   ,  0.561158   ,  5.68972    ,  1.089      ])
3586    , -42561.9    , array([ 0.262465   ,  0.794814   ,  0.576811   ,  6.20648    ,  1.089      ])
3587    , -42728.6    , array([ 0.262465   ,  0.794814   ,  0.576811   ,  5.68972    ,  1.09365    ])
3588    , -41119      , array([ 0.255536   ,  0.791172   ,  0.570498   ,  5.89105    ,  1.08436    ])
3589    , -40552.7    , array([ 0.252816   ,  0.789719   ,  0.567992   ,  5.97356    ,  1.08714    ])
3590    , -39536.7    , array([ 0.248126   ,  0.787184   ,  0.563633   ,  6.12075    ,  1.08622    ])
3591    , -39495.5    , array([ 0.247198   ,  0.786678   ,  0.562766   ,  5.44581    ,  1.08603    ])
3592    , -38068.9    , array([ 0.239901   ,  0.782642   ,  0.555872   ,  5.10119    ,  1.08455    ])
3593    , -38010.8    , array([ 0.238468   ,  0.794507   ,  0.554503   ,  5.68655    ,  1.08425    ])
3594    , -36062.8    , array([ 0.227305   ,  0.798928   ,  0.543675   ,  5.68497    ,  1.08189    ])
likelihood = -36062.83
theta = 7839.79
Optimized parameters = [0.22730515 0.79892754 0.5436752  5.68497244 1.08189   ]

Round_2_Replicate_5
3595    , -35005.8    , array([ 0.38886    ,  1.00108    ,  0.489756   ,  6.59167    ,  0.465623   ])
3596    , -33791.5    , array([ 0.370923   ,  1.00108    ,  0.489756   ,  6.59167    ,  0.465623   ])
3597    , -35006.3    , array([ 0.38886    ,  1.00113    ,  0.489756   ,  6.59167    ,  0.465623   ])
3598    , -33198.6    , array([ 0.38886    ,  1.00108    ,  0.472583   ,  6.59167    ,  0.465623   ])
3599    , -35005.1    , array([ 0.38886    ,  1.00108    ,  0.489756   ,  7.24344    ,  0.465623   ])
3600    , -34327.9    , array([ 0.38886    ,  1.00108    ,  0.489756   ,  6.59167    ,  0.448163   ])
3601    , -33520.3    , array([ 0.381584   ,  1.00102    ,  0.482813   ,  6.84503    ,  0.458559   ])
3602    , -32950.8    , array([ 0.378711   ,  1.00106    ,  0.480064   ,  6.94908    ,  0.455763   ])
3603    , -31987      , array([ 0.373736   ,  1.00105    ,  0.47529    ,  7.13499    ,  0.450912   ])
3604    , -31789.6    , array([ 0.372749   ,  1.00104    ,  0.474341   ,  6.28574    ,  0.449948   ])
3605    , -30330.4    , array([ 0.364945   ,  1.00103    ,  0.466816   ,  5.85548    ,  0.442309   ])
3606    , -30802.9    , array([ 0.363404   ,  1.00102    ,  0.465326   ,  6.58769    ,  0.465025   ])
likelihood = -30330.4
theta = 6291.58
Optimized parameters = [0.3649454  1.0010271  0.4668163  5.85547909 0.44230949]

Round_2_Replicate_6
3607    , -32806.2    , array([ 0.320323   ,  0.139643   ,  0.487812   ,  3.48614    ,  0.295694   ])
3608    , -31508.5    , array([ 0.302599   ,  0.139643   ,  0.487812   ,  3.48614    ,  0.295694   ])
3609    , -34470.3    , array([ 0.320323   ,  0.126552   ,  0.487812   ,  3.48614    ,  0.295694   ])
3610    , -32264.5    , array([ 0.320323   ,  0.139643   ,  0.470615   ,  3.48614    ,  0.295694   ])
3611    , -33020      , array([ 0.320323   ,  0.139643   ,  0.487812   ,  3.71076    ,  0.295694   ])
3612    , -32544.7    , array([ 0.320323   ,  0.139643   ,  0.487812   ,  3.48614    ,  0.278218   ])
3613    , -30522      , array([ 0.313112   ,  0.154087   ,  0.480859   ,  3.57431    ,  0.288576   ])
3614    , -28763.5    , array([ 0.309568   ,  0.170026   ,  0.47742    ,  3.61922    ,  0.285081   ])
3615    , -30093.1    , array([ 0.308864   ,  0.151084   ,  0.476735   ,  3.32457    ,  0.284387   ])
3616    , -29284.4    , array([ 0.304396   ,  0.155918   ,  0.472375   ,  3.47224    ,  0.279986   ])
3617    , -28227      , array([ 0.298249   ,  0.162948   ,  0.466337   ,  3.46669    ,  0.298329   ])
3618    , -26216.1    , array([ 0.287789   ,  0.176021   ,  0.455957   ,  3.45701    ,  0.308923   ])
likelihood = -26216.11
theta = 11074.32
Optimized parameters = [0.2877891  0.17602068 0.45595681 3.45700933 0.3089229 ]

Round_2_Replicate_7
3619    , -151758     , array([ 0.472771   ,  0.319568   ,  1.58879    ,  5.94487    ,  0.623569   ])
3620    , -147820     , array([ 0.45539    ,  0.319568   ,  1.58879    ,  5.94487    ,  0.623569   ])
3621    , -150627     , array([ 0.472771   ,  0.30185    ,  1.58879    ,  5.94487    ,  0.623569   ])
3622    , -155063     , array([ 0.472771   ,  0.319568   ,  1.626      ,  5.94487    ,  0.623569   ])
3623    , -151848     , array([ 0.472771   ,  0.319568   ,  1.58879    ,  6.49905    ,  0.623569   ])
3624    , -151407     , array([ 0.472771   ,  0.319568   ,  1.58879    ,  5.94487    ,  0.609016   ])
3625    , -146373     , array([ 0.465741   ,  0.312359   ,  1.55244    ,  6.16063    ,  0.617707   ])
3626    , -142145     , array([ 0.462264   ,  0.308816   ,  1.51691    ,  6.27143    ,  0.614796   ])
3627    , -145654     , array([ 0.461572   ,  0.308112   ,  1.55964    ,  5.55553    ,  0.614216   ])
3628    , -143327     , array([ 0.457168   ,  0.303646   ,  1.54813    ,  5.91106    ,  0.610514   ])
3629    , -140522     , array([ 0.451071   ,  0.297501   ,  1.53216    ,  5.89759    ,  0.625717   ])
3630    , -135305     , array([ 0.440598   ,  0.287046   ,  1.5046     ,  5.87409    ,  0.634238   ])
likelihood = -135304.88
theta = 8151.82
Optimized parameters = [0.44059763 0.28704642 1.50460094 5.87408637 0.63423823]

Round_2_Replicate_8
3631    , -157426     , array([ 0.578466   ,  0.895822   ,  1.05153    ,  4.56659    ,  1.93256    ])
3632    , -154832     , array([ 0.562849   ,  0.895822   ,  1.05153    ,  4.56659    ,  1.93256    ])
3633    , -157184     , array([ 0.578466   ,  0.890908   ,  1.05153    ,  4.56659    ,  1.93256    ])
3634    , -157774     , array([ 0.578466   ,  0.895822   ,  1.05417    ,  4.56659    ,  1.93256    ])
3635    , -157136     , array([ 0.578466   ,  0.895822   ,  1.05153    ,  4.92688    ,  1.93256    ])
3636    , -157540     , array([ 0.578466   ,  0.895822   ,  1.05153    ,  4.56659    ,  1.99728    ])
3637    , -155872     , array([ 0.572168   ,  0.893853   ,  1.04889    ,  4.70743    ,  1.95819    ])
3638    , -155434     , array([ 0.569668   ,  0.893067   ,  1.05047    ,  4.76498    ,  1.87981    ])
3639    , -154760     , array([ 0.566186   ,  0.891967   ,  1.05005    ,  4.84672    ,  1.92138    ])
3640    , -153438     , array([ 0.560144   ,  0.890046   ,  1.04931    ,  4.99317    ,  1.91582    ])
3641    , -153512     , array([ 0.558943   ,  0.89654    ,  1.04916    ,  5.02298    ,  1.91471    ])
likelihood = -153438.33
theta = 7654.25
Optimized parameters = [0.56014403 0.89004587 1.0493102  4.99316772 1.91582102]

Round_2_Replicate_9
3642    , -39111.9    , array([ 0.59272    ,  0.254363   ,  0.287688   ,  16.428     ,  0.503149   ])
3643    , -38571.6    , array([ 0.57742    ,  0.254363   ,  0.287688   ,  16.428     ,  0.503149   ])
3644    , -40210.7    , array([ 0.59272    ,  0.237534   ,  0.287688   ,  16.428     ,  0.503149   ])
3645    , -38229.7    , array([ 0.59272    ,  0.254363   ,  0.270314   ,  16.428     ,  0.503149   ])
3646    , -40273.5    , array([ 0.59272    ,  0.254363   ,  0.287688   ,  18.8958    ,  0.503149   ])
3647    , -39060.9    , array([ 0.59272    ,  0.254363   ,  0.287688   ,  16.428     ,  0.486162   ])
3648    , -37828.5    , array([ 0.586552   ,  0.247493   ,  0.280608   ,  14.2826    ,  0.496284   ])
3649    , -36710.6    , array([ 0.583492   ,  0.244128   ,  0.277134   ,  12.4173    ,  0.492887   ])
3650    , -36461.8    , array([ 0.582882   ,  0.267945   ,  0.276444   ,  14.688     ,  0.49221    ])
3651    , -34684      , array([ 0.578024   ,  0.284581   ,  0.270988   ,  13.8883    ,  0.486831   ])
3652    , -35766.5    , array([ 0.577058   ,  0.26171    ,  0.26991    ,  13.7337    ,  0.485762   ])
3653    , -34559.3    , array([ 0.57091    ,  0.264708   ,  0.26311    ,  12.7841    ,  0.502569   ])
3654    , -32500.1    , array([ 0.560307   ,  0.270037   ,  0.25162    ,  11.2774    ,  0.510978   ])
likelihood = -32500.09
theta = 4443.56
Optimized parameters = [ 0.56030723  0.27003705  0.25162021 11.27744224  0.51097821]

Round_2_Replicate_10
3655    , -21702.9    , array([ 0.102466   ,  0.0931648  ,  0.377843   ,  1.19       ,  0.461492   ])
3656    , -21559.1    , array([ 0.091434   ,  0.0931648  ,  0.377843   ,  1.19       ,  0.461492   ])
3657    , -24248.1    , array([ 0.102466   ,  0.0827398  ,  0.377843   ,  1.19       ,  0.461492   ])
3658    , -22289.7    , array([ 0.102466   ,  0.0931648  ,  0.359896   ,  1.19       ,  0.461492   ])
3659    , -21738.9    , array([ 0.102466   ,  0.0931648  ,  0.377843   ,  1.2004     ,  0.461492   ])
3660    , -21739.1    , array([ 0.102466   ,  0.0931648  ,  0.377843   ,  1.19       ,  0.443989   ])
3661    , -19515.1    , array([ 0.0979018  ,  0.104903   ,  0.37056    ,  1.19415    ,  0.454409   ])
3662    , -17445.1    , array([ 0.0956966  ,  0.118121   ,  0.366971   ,  1.19623    ,  0.450909   ])
3663    , -19303.7    , array([ 0.0952615  ,  0.102443   ,  0.392079   ,  1.19665    ,  0.450212   ])
3664    , -18920.9    , array([ 0.0925237  ,  0.106408   ,  0.379022   ,  1.19931    ,  0.470573   ])
3665    , -17934.2    , array([ 0.0888224  ,  0.112218   ,  0.379495   ,  1.1885     ,  0.456268   ])
likelihood = -17445.13
theta = 23198.98
Optimized parameters = [0.09569656 0.11812088 0.36697061 1.19623113 0.45090895]

Round_3_Replicate_1
3666    , -19716.1    , array([ 0.0255726  ,  0.0950665  ,  0.627222   ,  1.00307    ,  0.537148   ])
3667    , -21922.6    , array([ 0.0212894  ,  0.0950665  ,  0.627222   ,  1.00307    ,  0.537148   ])
3668    , -21347.6    , array([ 0.0255726  ,  0.084514   ,  0.627222   ,  1.00307    ,  0.537148   ])
3669    , -20153.9    , array([ 0.0255726  ,  0.0950665  ,  0.612762   ,  1.00307    ,  0.537148   ])
3670    , -19716.7    , array([ 0.0255726  ,  0.0950665  ,  0.627222   ,  1.00322    ,  0.537148   ])
3671    , -19806.1    , array([ 0.0255726  ,  0.0950665  ,  0.627222   ,  1.00307    ,  0.520713   ])
3672    , -18640.7    , array([ 0.0307175  ,  0.090696   ,  0.621397   ,  1.00313    ,  0.530512   ])
3673    , -17504.7    , array([ 0.0368976  ,  0.0885867  ,  0.618506   ,  1.00316    ,  0.527225   ])
3674    , -17368      , array([ 0.0296118  ,  0.103959   ,  0.617929   ,  1.00317    ,  0.526571   ])
3675    , -15672.7    , array([ 0.0318646  ,  0.1153     ,  0.613334   ,  1.00322    ,  0.52136    ])
3676    , -16649.2    , array([ 0.0323354  ,  0.0998354  ,  0.632746   ,  1.00323    ,  0.520325   ])
3677    , -15838.6    , array([ 0.0355172  ,  0.101809   ,  0.620332   ,  1.00329    ,  0.536587   ])
3678    , -14673      , array([ 0.0405046  ,  0.104638   ,  0.617597   ,  1.00316    ,  0.519952   ])
3679    , -13048.9    , array([ 0.0509763  ,  0.10978    ,  0.61284    ,  1.00313    ,  0.511562   ])
3680    , -12811.4    , array([ 0.0533754  ,  0.110838   ,  0.611893   ,  1.00334    ,  0.5099     ])
3681    , -12132.8    , array([ 0.0771124  ,  0.11968    ,  0.60437    ,  1.00348    ,  0.4968     ])
3682    , -11211.2    , array([ 0.0496786  ,  0.134156   ,  0.614804   ,  1.00338    ,  0.50729    ])
3683    , -9576.64    , array([ 0.0576441  ,  0.165094   ,  0.612961   ,  1.00348    ,  0.497607   ])
3684    , -10202.4    , array([ 0.0714365  ,  0.14557    ,  0.593379   ,  1.00341    ,  0.504921   ])
3685    , -10015.1    , array([ 0.0860106  ,  0.164696   ,  0.594595   ,  1.0034     ,  0.477849   ])
likelihood = -9576.64
theta = 27055.44
Optimized parameters = [0.05764411 0.16509361 0.61296146 1.00348381 0.49760707]

Round_3_Replicate_2
3686    , -26842.1    , array([ 0.243122   ,  0.147982   ,  0.114431   ,  0.661249   ,  0.352808   ])
3687    , -26251.3    , array([ 0.226524   ,  0.147982   ,  0.114431   ,  0.661249   ,  0.352808   ])
3688    , -28947.2    , array([ 0.243122   ,  0.134499   ,  0.114431   ,  0.661249   ,  0.352808   ])
3689    , -27850.9    , array([ 0.243122   ,  0.147982   ,  0.102676   ,  0.661249   ,  0.352808   ])
3690    , -26820      , array([ 0.243122   ,  0.147982   ,  0.114431   ,  0.647714   ,  0.352808   ])
3691    , -26854      , array([ 0.243122   ,  0.147982   ,  0.114431   ,  0.661249   ,  0.3349     ])
3692    , -24959.7    , array([ 0.236341   ,  0.162817   ,  0.109576   ,  0.655801   ,  0.345533   ])
3693    , -23092.9    , array([ 0.233023   ,  0.179138   ,  0.107226   ,  0.653094   ,  0.341951   ])
3694    , -24093.8    , array([ 0.232365   ,  0.159735   ,  0.124256   ,  0.652554   ,  0.34124    ])
3695    , -23972.7    , array([ 0.228196   ,  0.164694   ,  0.115227   ,  0.649108   ,  0.362193   ])
3696    , -22891.5    , array([ 0.222486   ,  0.171896   ,  0.115547   ,  0.644315   ,  0.347438   ])
3697    , -21078.5    , array([ 0.212834   ,  0.185265   ,  0.11611    ,  0.636011   ,  0.344785   ])
3698    , -20790.6    , array([ 0.210955   ,  0.188061   ,  0.116223   ,  0.652999   ,  0.344256   ])
3699    , -18241.3    , array([ 0.196505   ,  0.212003   ,  0.117129   ,  0.655658   ,  0.340058   ])
3700    , -18168.5    , array([ 0.213896   ,  0.217146   ,  0.117311   ,  0.637464   ,  0.339225   ])
3701    , -14927.7    , array([ 0.207848   ,  0.263041   ,  0.118779   ,  0.625895   ,  0.332631   ])
3702    , -16627.6    , array([ 0.199424   ,  0.245589   ,  0.106104   ,  0.635269   ,  0.347159   ])
3703    , -14334.9    , array([ 0.192409   ,  0.279476   ,  0.110705   ,  0.63316    ,  0.321575   ])
3704    , -11768.5    , array([ 0.176679   ,  0.364064   ,  0.108511   ,  0.625334   ,  0.303008   ])
3705    , -11589.7    , array([ 0.168675   ,  0.341216   ,  0.119534   ,  0.618457   ,  0.324529   ])
3706    , -10853.8    , array([ 0.143508   ,  0.470923   ,  0.126209   ,  0.601833   ,  0.316154   ])
likelihood = -10853.8
theta = 19059.09
Optimized parameters = [0.1435079  0.47092333 0.1262087  0.60183331 0.31615421]

Round_3_Replicate_3
3707    , -30055.9    , array([ 0.163726   ,  0.0961239  ,  0.302689   ,  2.12898    ,  0.15398    ])
3708    , -29949.8    , array([ 0.149563   ,  0.0961239  ,  0.302689   ,  2.12898    ,  0.15398    ])
3709    , -32554.2    , array([ 0.163726   ,  0.0855013  ,  0.302689   ,  2.12898    ,  0.15398    ])
3710    , -30733.6    , array([ 0.163726   ,  0.0961239  ,  0.285133   ,  2.12898    ,  0.15398    ])
3711    , -30358.2    , array([ 0.163726   ,  0.0961239  ,  0.302689   ,  2.21095    ,  0.15398    ])
3712    , -30410.2    , array([ 0.163726   ,  0.0961239  ,  0.302689   ,  2.12898    ,  0.140229   ])
3713    , -28165.5    , array([ 0.157907   ,  0.108066   ,  0.295541   ,  2.1614     ,  0.148325   ])
3714    , -26166.3    , array([ 0.155075   ,  0.121492   ,  0.29203    ,  2.17779    ,  0.145575   ])
3715    , -28022      , array([ 0.154515   ,  0.105565   ,  0.316752   ,  2.18109    ,  0.145032   ])
3716    , -27354.5    , array([ 0.150977   ,  0.109596   ,  0.303849   ,  2.20228    ,  0.161413   ])
3717    , -26302      , array([ 0.14616    ,  0.115499   ,  0.304314   ,  2.1173     ,  0.149797   ])
3718    , -25270.3    , array([ 0.139673   ,  0.124301   ,  0.304967   ,  2.19399    ,  0.148156   ])
3719    , -23261.3    , array([ 0.129005   ,  0.141351   ,  0.306112   ,  2.22724    ,  0.145327   ])
3720    , -22732.6    , array([ 0.144118   ,  0.145032   ,  0.306341   ,  2.23395    ,  0.144768   ])
3721    , -19685      , array([ 0.141471   ,  0.178147   ,  0.308184   ,  2.28836    ,  0.140371   ])
3722    , -21166.2    , array([ 0.134664   ,  0.162809   ,  0.289547   ,  2.22286    ,  0.151705   ])
3723    , -19663.9    , array([ 0.131658   ,  0.183721   ,  0.296077   ,  2.20967    ,  0.132967   ])
3724    , -16790.9    , array([ 0.122946   ,  0.237872   ,  0.292267   ,  2.21337    ,  0.120684   ])
3725    , -17067.4    , array([ 0.126907   ,  0.232746   ,  0.290887   ,  2.33953    ,  0.131413   ])
likelihood = -16790.91
theta = 15618.92
Optimized parameters = [0.12294644 0.23787191 0.29226652 2.21337431 0.12068363]

Round_3_Replicate_4
3726    , -40602      , array([ 0.11379    ,  0.0942247  ,  0.121805   ,  1.39221    ,  0.688733   ])
3727    , -41388.3    , array([ 0.102072   ,  0.0942247  ,  0.121805   ,  1.39221    ,  0.688733   ])
3728    , -43805.5    , array([ 0.11379    ,  0.0837284  ,  0.121805   ,  1.39221    ,  0.688733   ])
3729    , -42559.5    , array([ 0.11379    ,  0.0942247  ,  0.109635   ,  1.39221    ,  0.688733   ])
3730    , -40728.1    , array([ 0.11379    ,  0.0942247  ,  0.121805   ,  1.41544    ,  0.688733   ])
3731    , -40571.1    , array([ 0.11379    ,  0.0942247  ,  0.121805   ,  1.39221    ,  0.67601    ])
3732    , -38618      , array([ 0.10895    ,  0.106037   ,  0.116783   ,  1.40146    ,  0.683615   ])
3733    , -36185.1    , array([ 0.106607   ,  0.11933    ,  0.11435    ,  1.4061     ,  0.681071   ])
3734    , -37171.9    , array([ 0.106145   ,  0.103561   ,  0.13195    ,  1.40703    ,  0.680563   ])
3735    , -36749.8    , array([ 0.120196   ,  0.10755    ,  0.122628   ,  1.413      ,  0.677322   ])
3736    , -35787.1    , array([ 0.110207   ,  0.113394   ,  0.122959   ,  1.38886    ,  0.672811   ])
3737    , -33446.2    , array([ 0.108458   ,  0.124395   ,  0.123541   ,  1.37576    ,  0.664989   ])
3738    , -33154.4    , array([ 0.108112   ,  0.12672    ,  0.123657   ,  1.40533    ,  0.663436   ])
3739    , -29776.4    , array([ 0.10538    ,  0.146956   ,  0.124594   ,  1.41194    ,  0.651138   ])
3740    , -29161.1    , array([ 0.104842   ,  0.151375   ,  0.124782   ,  1.41327    ,  0.665862   ])
3741    , -24436.7    , array([ 0.100635   ,  0.191866   ,  0.126298   ,  1.42391    ,  0.660845   ])
3742    , -27088.3    , array([ 0.110022   ,  0.176255   ,  0.113188   ,  1.40507    ,  0.653674   ])
3743    , -24632.7    , array([ 0.0937831  ,  0.206795   ,  0.117952   ,  1.39598    ,  0.647531   ])
3744    , -20727.1    , array([ 0.100453   ,  0.23223    ,  0.12807    ,  1.39879    ,  0.63109    ])
3745    , -15711.2    , array([ 0.0975104  ,  0.323969   ,  0.135535   ,  1.39515    ,  0.607493   ])
likelihood = -15711.23
theta = 17260.42
Optimized parameters = [0.09751043 0.3239693  0.13553535 1.39514622 0.60749269]

Round_3_Replicate_5
3746    , -12162.4    , array([ 0.119689   ,  0.18155    ,  0.308445   ,  1.02264    ,  0.55063    ])
3747    , -12045.6    , array([ 0.107636   ,  0.18155    ,  0.308445   ,  1.02264    ,  0.55063    ])
3748    , -13279.8    , array([ 0.119689   ,  0.166704   ,  0.308445   ,  1.02264    ,  0.55063    ])
3749    , -12582.7    , array([ 0.119689   ,  0.18155    ,  0.290828   ,  1.02264    ,  0.55063    ])
3750    , -12164.8    , array([ 0.119689   ,  0.18155    ,  0.308445   ,  1.02379    ,  0.55063    ])
3751    , -12179.3    , array([ 0.119689   ,  0.18155    ,  0.308445   ,  1.02264    ,  0.534445   ])
3752    , -11266.3    , array([ 0.114714   ,  0.197718   ,  0.301274   ,  1.0231     ,  0.544098   ])
3753    , -10452.7    , array([ 0.112304   ,  0.215326   ,  0.297751   ,  1.02333    ,  0.540861   ])
3754    , -10994.5    , array([ 0.111829   ,  0.194373   ,  0.322544   ,  1.02338    ,  0.540216   ])
3755    , -10931.5    , array([ 0.108831   ,  0.199753   ,  0.309608   ,  1.02367    ,  0.558972   ])
3756    , -10553.5    , array([ 0.104768   ,  0.207535   ,  0.310075   ,  1.02248    ,  0.545815   ])
3757    , -10108.3    , array([ 0.0993347  ,  0.218942   ,  0.310729   ,  1.02356    ,  0.543901   ])
3758    , -9590.95    , array([ 0.0904949  ,  0.240433   ,  0.311877   ,  1.02401    ,  0.540567   ])
3759    , -9183.32    , array([ 0.103054   ,  0.244979   ,  0.312108   ,  1.0241     ,  0.539903   ])
3760    , -8424.66    , array([ 0.100837   ,  0.284573   ,  0.313955   ,  1.02483    ,  0.534617   ])
3761    , -9130.63    , array([ 0.095169   ,  0.266509   ,  0.29526    ,  1.02395    ,  0.548022   ])
3762    , -8717.88    , array([ 0.0926817  ,  0.291033   ,  0.301813   ,  1.02377    ,  0.525459   ])
3763    , -8552.61    , array([ 0.0916686  ,  0.32069    ,  0.298121   ,  1.02548    ,  0.530006   ])
likelihood = -8424.66
theta = 20429.8
Optimized parameters = [0.10083656 0.28457337 0.31395496 1.02483338 0.53461748]

Round_4_Replicate_1
3764    , -8018.37    , array([ 0.143532   ,  0.553084   ,  0.239215   ,  2.02623    ,  0.571529   ])
3765    , -8266.75    , array([ 0.130255   ,  0.553084   ,  0.239215   ,  2.02623    ,  0.571529   ])
3766    , -7973.59    , array([ 0.143532   ,  0.536946   ,  0.239215   ,  2.02623    ,  0.571529   ])
3767    , -8001.05    , array([ 0.143532   ,  0.553084   ,  0.222704   ,  2.02623    ,  0.571529   ])
3768    , -8020.85    , array([ 0.143532   ,  0.553084   ,  0.239215   ,  2.09906    ,  0.571529   ])
3769    , -7993.29    , array([ 0.143532   ,  0.553084   ,  0.239215   ,  2.02623    ,  0.555764   ])
3770    , -7850.58    , array([ 0.158161   ,  0.546571   ,  0.232468   ,  2.05505    ,  0.56517    ])
3771    , -7843.41    , array([ 0.174282   ,  0.543344   ,  0.229167   ,  2.06962    ,  0.562017   ])
3772    , -7840.43    , array([ 0.155121   ,  0.542701   ,  0.228512   ,  1.97258    ,  0.561388   ])
3773    , -7795.5     , array([ 0.161262   ,  0.537582   ,  0.223342   ,  1.91223    ,  0.556386   ])
3774    , -7785.63    , array([ 0.162519   ,  0.536564   ,  0.222322   ,  1.99669    ,  0.555391   ])
3775    , -7773.49    , array([ 0.172934   ,  0.528491   ,  0.214328   ,  1.98208    ,  0.547493   ])
3776    , -7880.88    , array([ 0.175096   ,  0.526891   ,  0.235171   ,  1.97917    ,  0.545927   ])
3777    , -7922.82    , array([ 0.189587   ,  0.516764   ,  0.217451   ,  1.96065    ,  0.557418   ])
3778    , -8161.82    , array([ 0.21191    ,  0.5242     ,  0.20931    ,  1.93502    ,  0.536648   ])
3779    , -7825.91    , array([ 0.158216   ,  0.533731   ,  0.23136    ,  2.00303    ,  0.562602   ])
3780    , -7912.05    , array([ 0.149234   ,  0.551757   ,  0.236041   ,  2.01692    ,  0.552275   ])
3781    , -7824.94    , array([ 0.158436   ,  0.542792   ,  0.23125    ,  2.0027     ,  0.553556   ])
3782    , -7844.28    , array([ 0.15525    ,  0.547627   ,  0.216793   ,  2.00752    ,  0.567038   ])
3783    , -7801.69    , array([ 0.15999    ,  0.542368   ,  0.221248   ,  2.00039    ,  0.561685   ])
3784    , -7852.52    , array([ 0.150726   ,  0.530662   ,  0.219365   ,  1.89384    ,  0.550674   ])
3785    , -7802.78    , array([ 0.168069   ,  0.540145   ,  0.226676   ,  2.0242     ,  0.559159   ])
3786    , -7763.21    , array([ 0.170094   ,  0.542808   ,  0.215515   ,  1.96504    ,  0.548753   ])
3787    , -7757.91    , array([ 0.176364   ,  0.547404   ,  0.208004   ,  1.94631    ,  0.541957   ])
3788    , -7778.01    , array([ 0.177299   ,  0.535555   ,  0.206672   ,  1.94303    ,  0.553016   ])
3789    , -7781.48    , array([ 0.17075    ,  0.536345   ,  0.203192   ,  1.89119    ,  0.54506    ])
3790    , -7811.88    , array([ 0.184104   ,  0.531767   ,  0.201207   ,  1.8712     ,  0.536127   ])
3791    , -7772.81    , array([ 0.165705   ,  0.539698   ,  0.216058   ,  1.96728    ,  0.555183   ])
3792    , -7807.89    , array([ 0.184649   ,  0.537344   ,  0.196695   ,  1.97982    ,  0.540765   ])
3793    , -7770.82    , array([ 0.166815   ,  0.537523   ,  0.216359   ,  1.92891    ,  0.552439   ])
likelihood = -7757.91
theta = 12985.07
Optimized parameters = [0.1763636  0.54740374 0.20800416 1.94631031 0.54195682]

Round_4_Replicate_2
3794    , -17623.1    , array([ 0.168169   ,  0.190814   ,  0.607158   ,  0.558041   ,  0.291085   ])
3795    , -15831.6    , array([ 0.153827   ,  0.190814   ,  0.607158   ,  0.558041   ,  0.291085   ])
3796    , -18044      , array([ 0.168169   ,  0.175647   ,  0.607158   ,  0.558041   ,  0.291085   ])
3797    , -17223.6    , array([ 0.168169   ,  0.190814   ,  0.592198   ,  0.558041   ,  0.291085   ])
3798    , -17671.9    , array([ 0.168169   ,  0.190814   ,  0.607158   ,  0.542001   ,  0.291085   ])
3799    , -17444.4    , array([ 0.168169   ,  0.190814   ,  0.607158   ,  0.558041   ,  0.273666   ])
3800    , -16385.1    , array([ 0.162279   ,  0.207291   ,  0.601129   ,  0.551569   ,  0.283988   ])
3801    , -16122      , array([ 0.159981   ,  0.197242   ,  0.598735   ,  0.571882   ,  0.281198   ])
3802    , -15603.3    , array([ 0.156818   ,  0.199873   ,  0.595398   ,  0.560913   ,  0.277338   ])
3803    , -14696.9    , array([ 0.151433   ,  0.204562   ,  0.589604   ,  0.562355   ,  0.27071    ])
3804    , -14731.8    , array([ 0.150378   ,  0.205513   ,  0.588451   ,  0.562644   ,  0.293712   ])
3805    , -14080      , array([ 0.143801   ,  0.211705   ,  0.601787   ,  0.564495   ,  0.27713    ])
3806    , -12869.5    , array([ 0.132974   ,  0.222993   ,  0.60664    ,  0.56775    ,  0.270406   ])
3807    , -13375.7    , array([ 0.137609   ,  0.200653   ,  0.595014   ,  0.577763   ,  0.278541   ])
3808    , -12633.8    , array([ 0.131424   ,  0.212327   ,  0.595906   ,  0.559526   ,  0.280239   ])
3809    , -11339.7    , array([ 0.119118   ,  0.220298   ,  0.594497   ,  0.553449   ,  0.27976    ])
3810    , -11376.5    , array([ 0.123392   ,  0.232463   ,  0.582706   ,  0.571511   ,  0.266457   ])
3811    , -10968.6    , array([ 0.116621   ,  0.226741   ,  0.598875   ,  0.570393   ,  0.253984   ])
3812    , -9794.86    , array([ 0.1027     ,  0.238164   ,  0.604156   ,  0.574308   ,  0.236183   ])
3813    , -9728.4     , array([ 0.0991472  ,  0.242084   ,  0.603563   ,  0.575507   ,  0.260929   ])
3814    , -9033.54    , array([ 0.0802252  ,  0.263351   ,  0.610666   ,  0.582199   ,  0.256172   ])
3815    , -9435.14    , array([ 0.087926   ,  0.275157   ,  0.604319   ,  0.561876   ,  0.245242   ])
3816    , -8784.19    , array([ 0.0771148  ,  0.26931    ,  0.591829   ,  0.569411   ,  0.24294    ])
3817    , -9485.96    , array([ 0.0587249  ,  0.295959   ,  0.58456    ,  0.570244   ,  0.230272   ])
3818    , -9053.57    , array([ 0.0688588  ,  0.273999   ,  0.619978   ,  0.564832   ,  0.237595   ])
3819    , -10103.8    , array([ 0.0572875  ,  0.315491   ,  0.61797    ,  0.588035   ,  0.211982   ])
3820    , -9167.18    , array([ 0.0687922  ,  0.288398   ,  0.612016   ,  0.579191   ,  0.227206   ])
likelihood = -8784.19
theta = 25559.84
Optimized parameters = [0.07711476 0.26930951 0.59182914 0.56941144 0.24294011]

Round_4_Replicate_3
3821    , -9482.1     , array([ 0.103706   ,  0.457307   ,  0.484045   ,  1.59383    ,  0.278234   ])
3822    , -9453.59    , array([ 0.0925966  ,  0.457307   ,  0.484045   ,  1.59383    ,  0.278234   ])
3823    , -9301.93    , array([ 0.103706   ,  0.439763   ,  0.484045   ,  1.59383    ,  0.278234   ])
3824    , -9188.86    , array([ 0.103706   ,  0.457307   ,  0.466799   ,  1.59383    ,  0.278234   ])
3825    , -9469.78    , array([ 0.103706   ,  0.457307   ,  0.484045   ,  1.63141    ,  0.278234   ])
3826    , -9292.7     , array([ 0.103706   ,  0.457307   ,  0.484045   ,  1.59383    ,  0.260994   ])
3827    , -9184.97    , array([ 0.0991108  ,  0.450207   ,  0.477071   ,  1.60876    ,  0.271206   ])
3828    , -9069.78    , array([ 0.09689    ,  0.446698   ,  0.473622   ,  1.61627    ,  0.267758   ])
3829    , -9052.36    , array([ 0.0964518  ,  0.446      ,  0.472936   ,  1.56585    ,  0.267074   ])
3830    , -8908.35    , array([ 0.0930172  ,  0.440452   ,  0.467477   ,  1.53406    ,  0.261663   ])
3831    , -8907.47    , array([ 0.10822    ,  0.43935    ,  0.466393   ,  1.57845    ,  0.260594   ])
3832    , -8796.1     , array([ 0.116994   ,  0.430638   ,  0.45781    ,  1.57082    ,  0.252198   ])
3833    , -8742.95    , array([ 0.101401   ,  0.453062   ,  0.456112   ,  1.56929    ,  0.250551   ])
3834    , -8551.02    , array([ 0.100267   ,  0.459862   ,  0.442756   ,  1.55717    ,  0.237761   ])
3835    , -8495.77    , array([ 0.100042   ,  0.436653   ,  0.440132   ,  1.55476    ,  0.257324   ])
3836    , -8267.74    , array([ 0.0982592  ,  0.426678   ,  0.419693   ,  1.53558    ,  0.255508   ])
3837    , -8284.29    , array([ 0.0979064  ,  0.42471    ,  0.43738    ,  1.53177    ,  0.233291   ])
3838    , -8070.7     , array([ 0.105232   ,  0.426106   ,  0.417569   ,  1.4784     ,  0.229418   ])
3839    , -7834.26    , array([ 0.109669   ,  0.416169   ,  0.392081   ,  1.41394    ,  0.212358   ])
3840    , -7891.14    , array([ 0.117078   ,  0.422457   ,  0.394318   ,  1.50766    ,  0.215953   ])
3841    , -8162.39    , array([ 0.0931102  ,  0.428782   ,  0.379303   ,  1.4484     ,  0.210575   ])
3842    , -7884.84    , array([ 0.105472   ,  0.39045    ,  0.368668   ,  1.41938    ,  0.212772   ])
3843    , -7795.69    , array([ 0.111279   ,  0.408779   ,  0.348538   ,  1.3996     ,  0.209008   ])
3844    , -7910.7     , array([ 0.118636   ,  0.401039   ,  0.311133   ,  1.33785    ,  0.197832   ])
3845    , -7903.85    , array([ 0.116539   ,  0.399979   ,  0.337214   ,  1.3453     ,  0.1761     ])
3846    , -7891.75    , array([ 0.134535   ,  0.387098   ,  0.355975   ,  1.38476    ,  0.19893    ])
3847    , -8067.86    , array([ 0.113843   ,  0.409575   ,  0.409171   ,  1.50822    ,  0.249759   ])
3848    , -7792.04    , array([ 0.115859   ,  0.402357   ,  0.353921   ,  1.3843     ,  0.192177   ])
likelihood = -7792.04
theta = 17433.34
Optimized parameters = [0.11585886 0.40235659 0.35392054 1.38430098 0.19217666]

Round_4_Replicate_4
3849    , -10094.9    , array([ 0.106615   ,  0.178737   ,  0.500883   ,  0.789584   ,  0.873537   ])
3850    , -9394.54    , array([ 0.0953258  ,  0.178737   ,  0.500883   ,  0.789584   ,  0.873537   ])
3851    , -10642.6    , array([ 0.106615   ,  0.163993   ,  0.500883   ,  0.789584   ,  0.873537   ])
3852    , -10020      , array([ 0.106615   ,  0.178737   ,  0.483864   ,  0.789584   ,  0.873537   ])
3853    , -10091.2    , array([ 0.106615   ,  0.178737   ,  0.500883   ,  0.780312   ,  0.873537   ])
3854    , -10096      , array([ 0.106615   ,  0.178737   ,  0.500883   ,  0.789584   ,  0.867652   ])
3855    , -9365.32    , array([ 0.101947   ,  0.194807   ,  0.494004   ,  0.785863   ,  0.871179   ])
3856    , -8993.97    , array([ 0.0996906  ,  0.212321   ,  0.490601   ,  0.784008   ,  0.870001   ])
3857    , -9256.32    , array([ 0.0992452  ,  0.191481   ,  0.489923   ,  0.783638   ,  0.878037   ])
3858    , -8997.37    , array([ 0.0964419  ,  0.19683    ,  0.485606   ,  0.781272   ,  0.873915   ])
3859    , -8710.16    , array([ 0.0926498  ,  0.204569   ,  0.479627   ,  0.790944   ,  0.874067   ])
3860    , -8393.04    , array([ 0.0863688  ,  0.218854   ,  0.46934    ,  0.796313   ,  0.874331   ])
3861    , -8428.23    , array([ 0.0851646  ,  0.221828   ,  0.490481   ,  0.784313   ,  0.874384   ])
3862    , -8471.48    , array([ 0.0910516  ,  0.241845   ,  0.469855   ,  0.782215   ,  0.874723   ])
3863    , -8420.77    , array([ 0.0844928  ,  0.247851   ,  0.472397   ,  0.787578   ,  0.868926   ])
3864    , -8579.76    , array([ 0.0824679  ,  0.264403   ,  0.471367   ,  0.792508   ,  0.871026   ])
3865    , -8667.96    , array([ 0.0739519  ,  0.267592   ,  0.459164   ,  0.793155   ,  0.875357   ])
3866    , -8426.85    , array([ 0.0796848  ,  0.252553   ,  0.466829   ,  0.790859   ,  0.874015   ])
3867    , -8493.91    , array([ 0.0881768  ,  0.210977   ,  0.476054   ,  0.783995   ,  0.875526   ])
3868    , -8392.17    , array([ 0.0867136  ,  0.223225   ,  0.474878   ,  0.786115   ,  0.874399   ])
3869    , -8341.29    , array([ 0.0783198  ,  0.22338    ,  0.479621   ,  0.795893   ,  0.871696   ])
3870    , -8418.63    , array([ 0.0726379  ,  0.214684   ,  0.484581   ,  0.802822   ,  0.870187   ])
3871    , -8319.88    , array([ 0.0809739  ,  0.244218   ,  0.455355   ,  0.798431   ,  0.870961   ])
3872    , -8369.26    , array([ 0.0789565  ,  0.256246   ,  0.438747   ,  0.805584   ,  0.869254   ])
3873    , -8466.44    , array([ 0.0870997  ,  0.211646   ,  0.473688   ,  0.794847   ,  0.870109   ])
3874    , -8349.67    , array([ 0.0814771  ,  0.241639   ,  0.468534   ,  0.791854   ,  0.873037   ])
3875    , -8380.27    , array([ 0.0809578  ,  0.213483   ,  0.46657    ,  0.799888   ,  0.87686    ])
likelihood = -8319.88
theta = 24474.28
Optimized parameters = [0.0809739  0.24421788 0.45535533 0.79843059 0.87096079]

Round_4_Replicate_5
3876    , -8559.15    , array([ 0.111936   ,  0.453546   ,  0.339283   ,  0.994913   ,  0.348425   ])
3877    , -8691.28    , array([ 0.100327   ,  0.453546   ,  0.339283   ,  0.994913   ,  0.348425   ])
3878    , -8344.84    , array([ 0.111936   ,  0.435966   ,  0.339283   ,  0.994913   ,  0.348425   ])
3879    , -8394.36    , array([ 0.111936   ,  0.453546   ,  0.321433   ,  0.994913   ,  0.348425   ])
3880    , -8559.71    , array([ 0.111936   ,  0.453546   ,  0.339283   ,  0.994659   ,  0.348425   ])
3881    , -8490.95    , array([ 0.111936   ,  0.453546   ,  0.339283   ,  0.994913   ,  0.330533   ])
3882    , -8417.54    , array([ 0.124888   ,  0.446431   ,  0.332027   ,  0.994812   ,  0.341155   ])
3883    , -8298.85    , array([ 0.116947   ,  0.443616   ,  0.329168   ,  0.995126   ,  0.338289   ])
3884    , -8193.04    , array([ 0.119536   ,  0.438733   ,  0.324224   ,  0.99536    ,  0.333333   ])
3885    , -8174.48    , array([ 0.120061   ,  0.437762   ,  0.323244   ,  0.995051   ,  0.33235    ])
3886    , -8044.1     , array([ 0.124342   ,  0.430077   ,  0.315512   ,  0.99512    ,  0.324593   ])
3887    , -8085.41    , array([ 0.125217   ,  0.428557   ,  0.313988   ,  0.995134   ,  0.347808   ])
3888    , -8066.47    , array([ 0.112348   ,  0.428329   ,  0.31376    ,  0.995364   ,  0.339593   ])
3889    , -7975.64    , array([ 0.125533   ,  0.412071   ,  0.320984   ,  0.995443   ,  0.32911    ])
3890    , -7955.62    , array([ 0.132939   ,  0.392779   ,  0.32076    ,  0.995709   ,  0.319857   ])
3891    , -7895.02    , array([ 0.134471   ,  0.411168   ,  0.297343   ,  0.995762   ,  0.318038   ])
3892    , -7960.36    , array([ 0.147388   ,  0.399303   ,  0.27836    ,  0.996186   ,  0.303854   ])
3893    , -7855.51    , array([ 0.131993   ,  0.398107   ,  0.300566   ,  0.995476   ,  0.326251   ])
3894    , -7891.54    , array([ 0.1387     ,  0.379228   ,  0.289392   ,  0.995534   ,  0.322767   ])
3895    , -7801.13    , array([ 0.12869    ,  0.39572    ,  0.304989   ,  0.995838   ,  0.304771   ])
3896    , -7775.38    , array([ 0.130463   ,  0.380258   ,  0.300586   ,  0.996191   ,  0.285293   ])
3897    , -8158.12    , array([ 0.152268   ,  0.377519   ,  0.300018   ,  0.995939   ,  0.291131   ])
3898    , -7901.03    , array([ 0.121221   ,  0.415019   ,  0.310266   ,  0.995508   ,  0.326769   ])
3899    , -7868.47    , array([ 0.136189   ,  0.370662   ,  0.296358   ,  0.996338   ,  0.3054     ])
3900    , -7785.17    , array([ 0.128619   ,  0.396561   ,  0.282428   ,  0.996001   ,  0.30424    ])
3901    , -7983.75    , array([ 0.144434   ,  0.368542   ,  0.281204   ,  0.996399   ,  0.289416   ])
3902    , -7818.98    , array([ 0.126648   ,  0.402877   ,  0.302731   ,  0.995731   ,  0.317002   ])
3903    , -7782.28    , array([ 0.127117   ,  0.368975   ,  0.295541   ,  0.996133   ,  0.296973   ])
likelihood = -7775.38
theta = 18905.43
Optimized parameters = [0.13046305 0.38025781 0.30058625 0.99619094 0.28529303]
