
Round_1_Replicate_1
420     , -452171     , array([ 0.694243   ,  0.304627   ,  7.265      ,  1.98919    ])
421     , -450473     , array([ 0.681691   ,  0.304627   ,  7.265      ,  1.98919    ])
422     , -446446     , array([ 0.694243   ,  0.28705    ,  7.265      ,  1.98919    ])
423     , -471038     , array([ 0.694243   ,  0.304627   ,  8.02227    ,  1.98919    ])
424     , -452162     , array([ 0.694243   ,  0.304627   ,  7.265      ,  2.05878    ])
425     , -429774     , array([ 0.687938   ,  0.295708   ,  6.57921    ,  2.02369    ])
426     , -409464     , array([ 0.684807   ,  0.291347   ,  5.95816    ,  2.04116    ])
427     , -427058     , array([ 0.683247   ,  0.28919    ,  6.57921    ,  2.04995    ])
likelihood = -409464.34
theta = 15005.83
Optimized parameters = [0.68480732 0.29134658 5.95815985 2.04115776]

Round_1_Replicate_2
428     , -71882.3    , array([ 0.324085   ,  0.326847   ,  0.731961   ,  0.357122   ])
429     , -68279.2    , array([ 0.306332   ,  0.326847   ,  0.731961   ,  0.357122   ])
430     , -70492.8    , array([ 0.324085   ,  0.309074   ,  0.731961   ,  0.357122   ])
431     , -71119.5    , array([ 0.324085   ,  0.326847   ,  0.72063    ,  0.357122   ])
432     , -73641.1    , array([ 0.324085   ,  0.326847   ,  0.731961   ,  0.339201   ])
433     , -67407.2    , array([ 0.315084   ,  0.317836   ,  0.726273   ,  0.375989   ])
434     , -64573.5    , array([ 0.310677   ,  0.313424   ,  0.723446   ,  0.395854   ])
435     , -65325.6    , array([ 0.308497   ,  0.311241   ,  0.722036   ,  0.375989   ])
likelihood = -64573.47
theta = 18622.76
Optimized parameters = [0.31067704 0.31342418 0.72344574 0.39585356]

Round_1_Replicate_3
436     , -101175     , array([ 0.679774   ,  3.91634    ,  0.304902   ,  3.42705    ])
437     , -100145     , array([ 0.66678    ,  3.91634    ,  0.304902   ,  3.42705    ])
438     , -103397     , array([ 0.679774   ,  4.193      ,  0.304902   ,  3.42705    ])
439     , -96580      , array([ 0.679774   ,  3.91634    ,  0.287322   ,  3.42705    ])
440     , -100839     , array([ 0.679774   ,  3.91634    ,  0.304902   ,  3.64474    ])
441     , -95893.5    , array([ 0.673245   ,  3.65794    ,  0.295982   ,  3.53422    ])
442     , -92093.6    , array([ 0.670005   ,  3.41659    ,  0.29162    ,  3.58905    ])
443     , -93696.2    , array([ 0.66839    ,  3.65794    ,  0.289463   ,  3.61679    ])
likelihood = -92093.65
theta = 5477.39
Optimized parameters = [0.67000485 3.41658749 0.29161962 3.58905347]

Round_1_Replicate_4
444     , -164062     , array([ 0.144229   ,  1.35655    ,  2.40967    ,  4.18372    ])
445     , -156714     , array([ 0.13092    ,  1.35655    ,  2.40967    ,  4.18372    ])
446     , -164498     , array([ 0.144229   ,  1.3774     ,  2.40967    ,  4.18372    ])
447     , -168839     , array([ 0.144229   ,  1.35655    ,  2.518      ,  4.18372    ])
448     , -164062     , array([ 0.144229   ,  1.35655    ,  2.40967    ,  4.49408    ])
449     , -156020     , array([ 0.137413   ,  1.36694    ,  2.306      ,  4.33612    ])
450     , -150035     , array([ 0.134127   ,  1.37216    ,  2.2068     ,  4.41439    ])
451     , -152918     , array([ 0.132514   ,  1.34369    ,  2.306      ,  4.45406    ])
likelihood = -150035.23
theta = 16913.91
Optimized parameters = [0.1341274  1.37215554 2.2067959  4.41439252]

Round_1_Replicate_5
452     , -89329.8    , array([ 0.850121   ,  0.173279   ,  0.443531   ,  3.20909    ])
453     , -88747.8    , array([ 0.843247   ,  0.173279   ,  0.443531   ,  3.20909    ])
454     , -90557.4    , array([ 0.850121   ,  0.158739   ,  0.443531   ,  3.20909    ])
455     , -87012.4    , array([ 0.850121   ,  0.173279   ,  0.425863   ,  3.20909    ])
456     , -89313.6    , array([ 0.850121   ,  0.173279   ,  0.443531   ,  3.40174    ])
457     , -86719.2    , array([ 0.846677   ,  0.189151   ,  0.434607   ,  3.30401    ])
458     , -84940.6    , array([ 0.84496    ,  0.206477   ,  0.430213   ,  3.35252    ])
459     , -85609.1    , array([ 0.844103   ,  0.189151   ,  0.428032   ,  3.37704    ])
likelihood = -84940.6
theta = 11045.05
Optimized parameters = [0.84495981 0.20647728 0.43021293 3.35252257]

Round_1_Replicate_6
460     , -18111.2    , array([ 0.635434   ,  0.70013    ,  0.13578    ,  6.65289    ])
461     , -17595.2    , array([ 0.621189   ,  0.70013    ,  0.13578    ,  6.65289    ])
462     , -18178.5    , array([ 0.635434   ,  0.687761   ,  0.13578    ,  6.65289    ])
463     , -16658.6    , array([ 0.635434   ,  0.70013    ,  0.122879   ,  6.65289    ])
464     , -17871.5    , array([ 0.635434   ,  0.70013    ,  0.13578    ,  7.3141     ])
465     , -16899.8    , array([ 0.628271   ,  0.712721   ,  0.129169   ,  6.97566    ])
466     , -16413.4    , array([ 0.62472    ,  0.706397   ,  0.125985   ,  7.14287    ])
467     , -15667.5    , array([ 0.619431   ,  0.709552   ,  0.121355   ,  7.40124    ])
likelihood = -15667.51
theta = 7329.63
Optimized parameters = [0.61943145 0.70955204 0.12135533 7.40123968]

Round_1_Replicate_7
468     , -255469     , array([ 0.353567   ,  0.128314   ,  4.92421    ,  0.193924   ])
469     , -249918     , array([ 0.335657   ,  0.128314   ,  4.92421    ,  0.193924   ])
470     , -251463     , array([ 0.353567   ,  0.115795   ,  4.92421    ,  0.193924   ])
471     , -268048     , array([ 0.353567   ,  0.128314   ,  5.33278    ,  0.193924   ])
472     , -255171     , array([ 0.353567   ,  0.128314   ,  4.92421    ,  0.178654   ])
473     , -238465     , array([ 0.344496   ,  0.121894   ,  4.54695    ,  0.186132   ])
474     , -224555     , array([ 0.340048   ,  0.118805   ,  4.19859    ,  0.182355   ])
475     , -234966     , array([ 0.337845   ,  0.11729    ,  4.54695    ,  0.180495   ])
likelihood = -224554.67
theta = 20069.56
Optimized parameters = [0.34004786 0.11880498 4.19858672 0.18235494]

Round_1_Replicate_8
476     , -59381.2    , array([ 0.177439   ,  0.265656   ,  1.31243    ,  0.527285   ])
477     , -55054.4    , array([ 0.162743   ,  0.265656   ,  1.31243    ,  0.527285   ])
478     , -57859.1    , array([ 0.177439   ,  0.24862    ,  1.31243    ,  0.527285   ])
479     , -60291.5    , array([ 0.177439   ,  0.265656   ,  1.33039    ,  0.527285   ])
480     , -59501.5    , array([ 0.177439   ,  0.265656   ,  1.31243    ,  0.510679   ])
481     , -55569.8    , array([ 0.169932   ,  0.256997   ,  1.29471    ,  0.518916   ])
482     , -54435.3    , array([ 0.166299   ,  0.252774   ,  1.30354    ,  0.540094   ])
483     , -52055.1    , array([ 0.160993   ,  0.246569   ,  1.29912    ,  0.55543    ])
likelihood = -52055.11
theta = 26153.6
Optimized parameters = [0.16099344 0.24656869 1.29911801 0.55543017]

Round_1_Replicate_9
484     , -599206     , array([ 2.68204    ,  4.00583    ,  1.85659    ,  0.32438    ])
485     , -605789     , array([ 2.81766    ,  4.00583    ,  1.85659    ,  0.32438    ])
486     , -604821     , array([ 2.68204    ,  4.29366    ,  1.85659    ,  0.32438    ])
487     , -604181     , array([ 2.68204    ,  4.00583    ,  1.91493    ,  0.32438    ])
488     , -601322     , array([ 2.68204    ,  4.00583    ,  1.85659    ,  0.306625   ])
489     , -598722     , array([ 2.55295    ,  4.14725    ,  1.88554    ,  0.315377   ])
490     , -594851     , array([ 2.43007    ,  4.21982    ,  1.90018    ,  0.31097    ])
491     , -595063     , array([ 2.55295    ,  3.83582    ,  1.90754    ,  0.30879    ])
likelihood = -594851.26
theta = 7372.93
Optimized parameters = [2.43006691 4.21981724 1.90017667 0.31097022]

Round_1_Replicate_10
492     , -442590     , array([ 1.44512    ,  1.68083    ,  2.15709    ,  7.1937     ])
493     , -444969     , array([ 1.47198    ,  1.68083    ,  2.15709    ,  7.1937     ])
494     , -444667     , array([ 1.44512    ,  1.72505    ,  2.15709    ,  7.1937     ])
495     , -450579     , array([ 1.44512    ,  1.68083    ,  2.24162    ,  7.1937     ])
496     , -442432     , array([ 1.44512    ,  1.68083    ,  2.15709    ,  7.93963    ])
497     , -436755     , array([ 1.45849    ,  1.7028     ,  2.07575    ,  7.55747    ])
498     , -429854     , array([ 1.46522    ,  1.71389    ,  1.99747    ,  7.74619    ])
499     , -434755     , array([ 1.42859    ,  1.71946    ,  2.07575    ,  7.84231    ])
likelihood = -429853.73
theta = 4680.48
Optimized parameters = [1.46521619 1.71388522 1.997473   7.74619145]

Round_2_Replicate_1
500     , -59771.8    , array([ 1.24053    ,  0.44032    ,  0.169708   ,  2.26421    ])
501     , -60355.6    , array([ 1.25397    ,  0.44032    ,  0.169708   ,  2.26421    ])
502     , -60091.7    , array([ 1.24053    ,  0.422627   ,  0.169708   ,  2.26421    ])
503     , -56962.4    , array([ 1.24053    ,  0.44032    ,  0.155305   ,  2.26421    ])
504     , -59383      , array([ 1.24053    ,  0.44032    ,  0.169708   ,  2.35864    ])
505     , -57723.7    , array([ 1.22723    ,  0.431383   ,  0.162347   ,  2.31094    ])
506     , -56801.5    , array([ 1.23386    ,  0.454074   ,  0.158787   ,  2.33467    ])
507     , -55214.7    , array([ 1.23054    ,  0.470665   ,  0.153593   ,  2.37072    ])
508     , -54919.8    , array([ 1.22889    ,  0.450596   ,  0.15106    ,  2.38896    ])
509     , -52674.2    , array([ 1.2231     ,  0.455824   ,  0.14252    ,  2.45388    ])
510     , -52238.1    , array([ 1.22022    ,  0.45846    ,  0.138432   ,  2.33915    ])
511     , -49258      , array([ 1.2102     ,  0.467809   ,  0.125028   ,  2.32946    ])
likelihood = -49257.97
theta = 7993.91
Optimized parameters = [1.21019793 0.46780872 0.12502755 2.3294615 ]

Round_2_Replicate_2
512     , -40336.1    , array([ 1.12886    ,  0.456753   ,  0.0800353  ,  2.23297    ])
513     , -40567.1    , array([ 1.13572    ,  0.456753   ,  0.0800353  ,  2.23297    ])
514     , -40869.1    , array([ 1.12886    ,  0.439203   ,  0.0800353  ,  2.23297    ])
515     , -39340.7    , array([ 1.12886    ,  0.456753   ,  0.0705417  ,  2.23297    ])
516     , -39865.4    , array([ 1.12886    ,  0.456753   ,  0.0800353  ,  2.32448    ])
517     , -39150.2    , array([ 1.13228    ,  0.475004   ,  0.0751387  ,  2.27826    ])
518     , -38329      , array([ 1.134      ,  0.493985   ,  0.0728039  ,  2.30126    ])
519     , -38358.7    , array([ 1.12459    ,  0.475004   ,  0.0716638  ,  2.31284    ])
520     , -37661.8    , array([ 1.12928    ,  0.484401   ,  0.0678124  ,  2.35384    ])
521     , -36481.5    , array([ 1.1295     ,  0.498847   ,  0.0624199  ,  2.41671    ])
522     , -36633.7    , array([ 1.1296     ,  0.506231   ,  0.0598867  ,  2.30559    ])
likelihood = -36481.52
theta = 8012.06
Optimized parameters = [1.12949722 0.49884702 0.06241994 2.41671374]

Round_2_Replicate_3
523     , -11504      , array([ 0.193047   ,  0.394846   ,  0.124285   ,  4.22674    ])
524     , -11729.4    , array([ 0.177806   ,  0.394846   ,  0.124285   ,  4.22674    ])
525     , -12010.8    , array([ 0.193047   ,  0.37692    ,  0.124285   ,  4.22674    ])
526     , -12608.8    , array([ 0.193047   ,  0.394846   ,  0.11198    ,  4.22674    ])
527     , -11654.1    , array([ 0.193047   ,  0.394846   ,  0.124285   ,  4.54261    ])
528     , -10885.4    , array([ 0.18527    ,  0.385779   ,  0.137942   ,  4.38183    ])
529     , -10147.7    , array([ 0.1815     ,  0.381324   ,  0.153101   ,  4.46149    ])
530     , -10513.1    , array([ 0.179644   ,  0.40648    ,  0.137942   ,  4.50187    ])
531     , -10272.4    , array([ 0.196047   ,  0.393701   ,  0.145324   ,  4.64608    ])
532     , -9677.65    , array([ 0.181967   ,  0.39313    ,  0.157144   ,  4.37197    ])
533     , -8981.2     , array([ 0.176667   ,  0.392275   ,  0.1767     ,  4.28907    ])
likelihood = -8981.2
theta = 14335.62
Optimized parameters = [0.17666749 0.3922746  0.17669961 4.28906843]

Round_2_Replicate_4
534     , -19571      , array([ 0.587563   ,  0.640832   ,  0.0723691  ,  1.85036    ])
535     , -19031.9    , array([ 0.572146   ,  0.640832   ,  0.0723691  ,  1.85036    ])
536     , -19649.8    , array([ 0.587563   ,  0.626731   ,  0.0723691  ,  1.85036    ])
537     , -19365.3    , array([ 0.587563   ,  0.640832   ,  0.0634645  ,  1.85036    ])
538     , -19270.6    , array([ 0.587563   ,  0.640832   ,  0.0723691  ,  1.90818    ])
539     , -18956.1    , array([ 0.579803   ,  0.65525    ,  0.0677707  ,  1.87904    ])
540     , -18641.6    , array([ 0.575962   ,  0.669992   ,  0.0655823  ,  1.89355    ])
541     , -18602.1    , array([ 0.574051   ,  0.65525    ,  0.0645147  ,  1.90085    ])
542     , -18203      , array([ 0.567412   ,  0.66258    ,  0.0609132  ,  1.92661    ])
543     , -18191.4    , array([ 0.564121   ,  0.666276   ,  0.0720728  ,  1.93962    ])
544     , -17695.6    , array([ 0.552754   ,  0.679374   ,  0.0768053  ,  1.98586    ])
545     , -17534.8    , array([ 0.547156   ,  0.68602    ,  0.0651131  ,  1.91876    ])
546     , -16840.9    , array([ 0.528007   ,  0.709795   ,  0.0617626  ,  1.92407    ])
likelihood = -16840.91
theta = 10674.44
Optimized parameters = [0.52800702 0.70979459 0.06176259 1.92406705]

Round_2_Replicate_5
547     , -113534     , array([ 1.97573    ,  0.563703   ,  0.278497   ,  7.70002    ])
548     , -116329     , array([ 2.04416    ,  0.563703   ,  0.278497   ,  7.70002    ])
549     , -113514     , array([ 1.97573    ,  0.547775   ,  0.278497   ,  7.70002    ])
550     , -108364     , array([ 1.97573    ,  0.563703   ,  0.261253   ,  7.70002    ])
551     , -113509     , array([ 1.97573    ,  0.563703   ,  0.278497   ,  8.5274     ])
552     , -108146     , array([ 1.9096     ,  0.555682   ,  0.269737   ,  8.10316    ])
553     , -104142     , array([ 1.84568    ,  0.551715   ,  0.265461   ,  8.31257    ])
554     , -106242     , array([ 1.9096     ,  0.549741   ,  0.263349   ,  8.4193     ])
555     , -102637     , array([ 1.87736    ,  0.56674    ,  0.256087   ,  8.80376    ])
556     , -97353.4    , array([ 1.83003    ,  0.576467   ,  0.245567   ,  9.41361    ])
557     , -95014.7    , array([ 1.80682    ,  0.556928   ,  0.240471   ,  8.35244    ])
558     , -86580.3    , array([ 1.72785    ,  0.553571   ,  0.223451   ,  8.26631    ])
likelihood = -86580.29
theta = 5243.89
Optimized parameters = [1.727853   0.5535707  0.22345104 8.26630593]

Round_2_Replicate_6
559     , -44176.3    , array([ 0.402222   ,  0.547603   ,  0.457682   ,  12.8478    ])
560     , -42295.5    , array([ 0.384316   ,  0.547603   ,  0.457682   ,  12.8478    ])
561     , -43770.4    , array([ 0.402222   ,  0.53136    ,  0.457682   ,  12.8478    ])
562     , -42026.5    , array([ 0.402222   ,  0.547603   ,  0.440141   ,  12.8478    ])
563     , -44173.6    , array([ 0.402222   ,  0.547603   ,  0.457682   ,  14.5972    ])
564     , -41951.3    , array([ 0.393167   ,  0.53942    ,  0.448825   ,  13.6946    ])
565     , -40871.4    , array([ 0.388716   ,  0.535375   ,  0.444462   ,  14.1387    ])
566     , -40344.8    , array([ 0.38651    ,  0.533364   ,  0.442296   ,  11.8625    ])
567     , -38532.2    , array([ 0.378886   ,  0.526383   ,  0.434798   ,  10.6938    ])
568     , -38202      , array([ 0.375131   ,  0.547088   ,  0.431097   ,  12.2962    ])
569     , -35656.9    , array([ 0.362277   ,  0.555125   ,  0.41839    ,  12.0293    ])
570     , -36299      , array([ 0.381184   ,  0.534494   ,  0.412177   ,  11.898     ])
likelihood = -35656.88
theta = 12464.54
Optimized parameters = [ 0.36227705  0.55512506  0.41838997 12.0292965 ]

Round_2_Replicate_7
571     , -102522     , array([ 1.05334    ,  1.11901    ,  0.39345    ,  25.0377    ])
572     , -102719     , array([ 1.05609    ,  1.11901    ,  0.39345    ,  25.0377    ])
573     , -102666     , array([ 1.05334    ,  1.12532    ,  0.39345    ,  25.0377    ])
574     , -97876.4    , array([ 1.05334    ,  1.11901    ,  0.375521   ,  25.0377    ])
575     , -102520     , array([ 1.05334    ,  1.11901    ,  0.39345    ,  29.4119    ])
576     , -100055     , array([ 1.05061    ,  1.12216    ,  0.384381   ,  27.1368    ])
577     , -98822.4    , array([ 1.05198    ,  1.1143     ,  0.379925   ,  28.2515    ])
579     , -101158     , array([ 1.05283    ,  1.11881    ,  0.388323   ,  26.1976    ])
580     , -96489.3    , array([ 1.05104    ,  1.11813    ,  0.370897   ,  24.1104    ])
581     , -93570.9    , array([ 1.04989    ,  1.11768    ,  0.36011    ,  21.8295    ])
likelihood = -93570.95
theta = 5799.09
Optimized parameters = [ 1.04988612  1.11768499  0.36011041 21.82951439]

Round_2_Replicate_8
582     , -19309.4    , array([ 0.664917   ,  1.27653    ,  0.0333382  ,  2.37658    ])
583     , -19052      , array([ 0.651487   ,  1.27653    ,  0.0333382  ,  2.37658    ])
584     , -19399.7    , array([ 0.664917   ,  1.29221    ,  0.0333382  ,  2.37658    ])
585     , -19463.3    , array([ 0.664917   ,  1.27653    ,  0.0281248  ,  2.37658    ])
586     , -18694.1    , array([ 0.664917   ,  1.27653    ,  0.0333382  ,  2.4817     ])
587     , -18915.2    , array([ 0.658168   ,  1.28435    ,  0.0395181  ,  2.42857    ])
588     , -18559.6    , array([ 0.654819   ,  1.2649     ,  0.0362969  ,  2.45499    ])
589     , -18162.2    , array([ 0.649828   ,  1.25146    ,  0.0378732  ,  2.49516    ])
590     , -18092.1    , array([ 0.647346   ,  1.2678     ,  0.0386869  ,  2.51549    ])
591     , -17540.8    , array([ 0.638736   ,  1.26345    ,  0.0416749  ,  2.58797    ])
592     , -17665.3    , array([ 0.654193   ,  1.26129    ,  0.0432544  ,  2.62499    ])
likelihood = -17540.84
theta = 7945.14
Optimized parameters = [0.63873559 1.26345302 0.04167491 2.58797049]

Round_2_Replicate_9
593     , -41869.9    , array([ 0.386869   ,  1.50278    ,  0.287727   ,  6.41688    ])
594     , -40872.2    , array([ 0.368929   ,  1.50278    ,  0.287727   ,  6.41688    ])
595     , -42501.7    , array([ 0.386869   ,  1.5337     ,  0.287727   ,  6.41688    ])
596     , -38848.5    , array([ 0.386869   ,  1.50278    ,  0.270352   ,  6.41688    ])
597     , -41683.9    , array([ 0.386869   ,  1.50278    ,  0.287727   ,  7.04191    ])
598     , -39136.4    , array([ 0.377793   ,  1.47249    ,  0.278904   ,  6.72214    ])
599     , -38425.7    , array([ 0.373334   ,  1.48756    ,  0.274595   ,  6.88017    ])
600     , -36799.1    , array([ 0.366745   ,  1.48       ,  0.268255   ,  7.1242     ])
601     , -36290.6    , array([ 0.363495   ,  1.47624    ,  0.265141   ,  6.30602    ])
602     , -33883.6    , array([ 0.352343   ,  1.46315    ,  0.254521   ,  5.96744    ])
603     , -33557.1    , array([ 0.372504   ,  1.45664    ,  0.249372   ,  6.6735     ])
604     , -30273.1    , array([ 0.374305   ,  1.4341     ,  0.232157   ,  6.80563    ])
likelihood = -30273.12
theta = 7521.98
Optimized parameters = [0.37430503 1.43410439 0.23215695 6.80563188]

Round_2_Replicate_10
605     , -75287      , array([ 1.21833    ,  2.39214    ,  0.200893   ,  7.94178    ])
606     , -75825.9    , array([ 1.23042    ,  2.39214    ,  0.200893   ,  7.94178    ])
607     , -76688.1    , array([ 1.21833    ,  2.49876    ,  0.200893   ,  7.94178    ])
608     , -69267.4    , array([ 1.21833    ,  2.39214    ,  0.185401   ,  7.94178    ])
609     , -74581.5    , array([ 1.21833    ,  2.39214    ,  0.200893   ,  8.80874    ])
610     , -70791      , array([ 1.22436    ,  2.29006    ,  0.192991   ,  8.36403    ])
611     , -69139.1    , array([ 1.20934    ,  2.34054    ,  0.189158   ,  8.58351    ])
612     , -65954.9    , array([ 1.19893    ,  2.31516    ,  0.18355    ,  8.92356    ])
613     , -65127.6    , array([ 1.21158    ,  2.30258    ,  0.180809   ,  9.09861    ])
614     , -60428.8    , array([ 1.20822    ,  2.25906    ,  0.171534   ,  9.73876    ])
615     , -59146.8    , array([ 1.20654    ,  2.23761    ,  0.167076   ,  8.62529    ])
616     , -52469.6    , array([ 1.20069    ,  2.16414    ,  0.152366   ,  8.53501    ])
likelihood = -52469.56
theta = 4178.95
Optimized parameters = [1.20069326 2.16413604 0.15236613 8.5350096 ]

Round_3_Replicate_1
617     , -9031.9     , array([ 0.520156   ,  1.11739    ,  0.0910908  ,  14.728     ])
618     , -8844.55    , array([ 0.503431   ,  1.11739    ,  0.0910908  ,  14.728     ])
619     , -9031.5     , array([ 0.520156   ,  1.12361    ,  0.0910908  ,  14.728     ])
620     , -8599.23    , array([ 0.520156   ,  1.11739    ,  0.0808068  ,  14.728     ])
621     , -8975.71    , array([ 0.520156   ,  1.11739    ,  0.0910908  ,  16.8481    ])
622     , -8656.81    , array([ 0.511725   ,  1.1205     ,  0.0857949  ,  15.7524    ])
623     , -8544.45    , array([ 0.507561   ,  1.11275    ,  0.0832635  ,  16.291     ])
624     , -8453.08    , array([ 0.501379   ,  1.10736    ,  0.0796058  ,  17.1337    ])
625     , -8416.82    , array([ 0.498316   ,  1.11391    ,  0.0778377  ,  14.3612    ])
626     , -8430.55    , array([ 0.487742   ,  1.11217    ,  0.0719528  ,  13.2591    ])
627     , -8561.46    , array([ 0.512248   ,  1.11217    ,  0.0719528  ,  16.2227    ])
628     , -8607.84    , array([ 0.504203   ,  1.10496    ,  0.0699607  ,  15.3925    ])
629     , -8502.2     , array([ 0.506073   ,  1.10883    ,  0.0736217  ,  15.4817    ])
630     , -8568.62    , array([ 0.48927    ,  1.10378    ,  0.0709     ,  16.8791    ])
631     , -8487.29    , array([ 0.496815   ,  1.10717    ,  0.0732566  ,  16.3135    ])
632     , -8388.43    , array([ 0.489282   ,  1.10646    ,  0.0803426  ,  15.3667    ])
633     , -8390.62    , array([ 0.478187   ,  1.10361    ,  0.0848975  ,  14.9558    ])
634     , -8383.81    , array([ 0.486966   ,  1.10861    ,  0.0820272  ,  16.0424    ])
635     , -8407.2     , array([ 0.477685   ,  1.10851    ,  0.0865832  ,  16.3303    ])
636     , -8547.05    , array([ 0.491099   ,  1.111      ,  0.0872314  ,  15.0973    ])
637     , -8420.27    , array([ 0.49538    ,  1.10812    ,  0.076525   ,  16.0006    ])
likelihood = -8383.81
theta = 5413.54
Optimized parameters = [ 0.48696618  1.10861396  0.08202718 16.04236062]

Round_3_Replicate_2
638     , -52225      , array([ 0.346217   ,  0.476957   ,  0.572719   ,  1.09004    ])
639     , -49708.4    , array([ 0.328334   ,  0.476957   ,  0.572719   ,  1.09004    ])
640     , -51508.2    , array([ 0.346217   ,  0.459624   ,  0.572719   ,  1.09004    ])
641     , -50708.8    , array([ 0.346217   ,  0.476957   ,  0.556979   ,  1.09004    ])
642     , -52199.3    , array([ 0.346217   ,  0.476957   ,  0.572719   ,  1.09475    ])
643     , -49826.4    , array([ 0.337157   ,  0.46821    ,  0.564794   ,  1.0924     ])
644     , -48695.9    , array([ 0.332716   ,  0.463898   ,  0.560873   ,  1.08653    ])
645     , -47012.1    , array([ 0.326164   ,  0.457503   ,  0.555042   ,  1.08243    ])
646     , -47197.6    , array([ 0.322937   ,  0.480279   ,  0.552149   ,  1.0874     ])
647     , -46214.8    , array([ 0.311891   ,  0.464434   ,  0.565286   ,  1.08609    ])
648     , -44109      , array([ 0.296026   ,  0.458297   ,  0.569486   ,  1.08411    ])
649     , -44263      , array([ 0.300102   ,  0.468075   ,  0.559775   ,  1.07963    ])
650     , -41781.9    , array([ 0.294619   ,  0.455193   ,  0.545755   ,  1.07678    ])
651     , -38207.6    , array([ 0.279083   ,  0.444686   ,  0.532753   ,  1.07021    ])
652     , -39627.9    , array([ 0.278462   ,  0.434972   ,  0.556055   ,  1.07083    ])
653     , -36596.1    , array([ 0.254749   ,  0.445241   ,  0.553662   ,  1.06996    ])
654     , -32326.6    , array([ 0.225139   ,  0.439235   ,  0.552973   ,  1.06378    ])
655     , -33028.5    , array([ 0.239813   ,  0.421565   ,  0.545635   ,  1.06483    ])
likelihood = -32326.62
theta = 18788.3
Optimized parameters = [0.22513883 0.43923462 0.55297272 1.06377627]

Round_3_Replicate_3
656     , -48388.6    , array([ 0.362201   ,  0.211956   ,  0.0452859  ,  15.9324    ])
657     , -48690.7    , array([ 0.344268   ,  0.211956   ,  0.0452859  ,  15.9324    ])
658     , -50618.7    , array([ 0.362201   ,  0.196136   ,  0.0452859  ,  15.9324    ])
659     , -52524      , array([ 0.362201   ,  0.211956   ,  0.0387937  ,  15.9324    ])
660     , -49320      , array([ 0.362201   ,  0.211956   ,  0.0452859  ,  18.2977    ])
661     , -45897.4    , array([ 0.353121   ,  0.203893   ,  0.0528645  ,  17.0741    ])
662     , -42499.5    , array([ 0.348666   ,  0.199977   ,  0.0617115  ,  17.6753    ])
663     , -43819.4    , array([ 0.34646    ,  0.222485   ,  0.0528645  ,  17.9838    ])
664     , -42572.8    , array([ 0.338848   ,  0.210931   ,  0.057117   ,  15.5242    ])
665     , -40041.4    , array([ 0.353682   ,  0.21042    ,  0.0641456  ,  17.599     ])
666     , -35945.9    , array([ 0.358484   ,  0.209657   ,  0.0763429  ,  18.4966    ])
667     , -33960.6    , array([ 0.334441   ,  0.209276   ,  0.0832856  ,  18.9624    ])
668     , -27615.3    , array([ 0.32137    ,  0.207948   ,  0.112947   ,  20.6871    ])
669     , -31099.6    , array([ 0.336738   ,  0.192749   ,  0.104285   ,  18.0179    ])
670     , -27279.5    , array([ 0.343228   ,  0.194347   ,  0.130422   ,  22.4865    ])
671     , -24846.3    , array([ 0.34544    ,  0.18655    ,  0.19708    ,  27.0631    ])
672     , -22910.6    , array([ 0.332017   ,  0.197991   ,  0.215719   ,  24.4382    ])
673     , -30119.2    , array([ 0.323992   ,  0.197006   ,  0.403319   ,  28.7356    ])
674     , -24335.5    , array([ 0.310774   ,  0.183521   ,  0.293119   ,  26.8431    ])
likelihood = -22910.58
theta = 13517.31
Optimized parameters = [ 0.33201657  0.19799105  0.21571865 24.43819612]

Round_3_Replicate_4
675     , -9344.03    , array([ 0.0673028  ,  0.226384   ,  0.610871   ,  9.10505    ])
676     , -9336.83    , array([ 0.0588077  ,  0.226384   ,  0.610871   ,  9.10505    ])
677     , -8888.2     , array([ 0.0673028  ,  0.210179   ,  0.610871   ,  9.10505    ])
678     , -9149.51    , array([ 0.0673028  ,  0.226384   ,  0.596001   ,  9.10505    ])
679     , -9344.09    , array([ 0.0673028  ,  0.226384   ,  0.610871   ,  10.1683    ])
680     , -8966.11    , array([ 0.062912   ,  0.218131   ,  0.603391   ,  8.15302    ])
681     , -8830.41    , array([ 0.0608253  ,  0.214118   ,  0.599685   ,  8.61589    ])
682     , -8691.81    , array([ 0.0578242  ,  0.208236   ,  0.594168   ,  8.38126    ])
683     , -8623.08    , array([ 0.0690272  ,  0.205356   ,  0.591429   ,  8.26635    ])
684     , -8583.99    , array([ 0.0747847  ,  0.195587   ,  0.581941   ,  7.87643    ])
685     , -8341.51    , array([ 0.0635787  ,  0.190877   ,  0.598992   ,  7.68842    ])
686     , -8175.55    , array([ 0.0617947  ,  0.17527    ,  0.600493   ,  7.06504    ])
687     , -8252.22    , array([ 0.0674093  ,  0.177574   ,  0.590235   ,  7.99281    ])
688     , -8161.89    , array([ 0.0630614  ,  0.169396   ,  0.573075   ,  6.7057     ])
689     , -8477.48    , array([ 0.0610421  ,  0.152076   ,  0.555062   ,  5.75473    ])
690     , -8840.06    , array([ 0.0766503  ,  0.154209   ,  0.578632   ,  6.51606    ])
691     , -8322.22    , array([ 0.0620456  ,  0.193172   ,  0.590246   ,  7.87006    ])
692     , -8243       , array([ 0.0539833  ,  0.163166   ,  0.594989   ,  6.93089    ])
693     , -8299.84    , array([ 0.0606927  ,  0.151833   ,  0.588971   ,  6.50947    ])
694     , -8183.06    , array([ 0.0610281  ,  0.161254   ,  0.589289   ,  6.8258     ])
likelihood = -8161.89
theta = 35361.83
Optimized parameters = [0.06306141 0.16939594 0.57307453 6.70570205]

Round_3_Replicate_5
695     , -45973.5    , array([ 0.361701   ,  0.165495   ,  0.0651074  ,  16.1349    ])
696     , -46067.5    , array([ 0.34377    ,  0.165495   ,  0.0651074  ,  16.1349    ])
697     , -48558.8    , array([ 0.361701   ,  0.15126    ,  0.0651074  ,  16.1349    ])
698     , -49553      , array([ 0.361701   ,  0.165495   ,  0.0567953  ,  16.1349    ])
699     , -46480.7    , array([ 0.361701   ,  0.165495   ,  0.0651074  ,  18.542     ])
700     , -44011      , array([ 0.352622   ,  0.158218   ,  0.0746361  ,  17.2966    ])
701     , -41333.3    , array([ 0.348168   ,  0.1547     ,  0.0855594  ,  17.9085    ])
702     , -41330.6    , array([ 0.345962   ,  0.175065   ,  0.0746361  ,  18.2225    ])
703     , -37763.6    , array([ 0.338351   ,  0.188337   ,  0.0799113  ,  19.3654    ])
704     , -39202.1    , array([ 0.334608   ,  0.170692   ,  0.0826871  ,  16.2052    ])
705     , -36332.9    , array([ 0.347339   ,  0.173351   ,  0.0931841  ,  18.6632    ])
706     , -32162      , array([ 0.349137   ,  0.177417   ,  0.11148    ,  20.0722    ])
707     , -29804.6    , array([ 0.324335   ,  0.179486   ,  0.121934   ,  20.8162    ])
708     , -24043      , array([ 0.307125   ,  0.186919   ,  0.166868   ,  23.6438    ])
709     , -24865      , array([ 0.31646    ,  0.211062   ,  0.129581   ,  21.5496    ])
710     , -21828      , array([ 0.32023    ,  0.212709   ,  0.16785    ,  27.4622    ])
712     , -21267.2    , array([ 0.308091   ,  0.204874   ,  0.251714   ,  27.3663    ])
715     , -26546      , array([ 0.330537   ,  0.190071   ,  0.139217   ,  22.3453    ])
likelihood = -21267.21
theta = 14825.28
Optimized parameters = [ 0.30809112  0.20487442  0.25171359 27.36631843]

Round_4_Replicate_1
716     , -25669.5    , array([ 0.0440007  ,  0.08936    ,  0.325377   ,  3.86755    ])
717     , -27252      , array([ 0.0376385  ,  0.08936    ,  0.325377   ,  3.86755    ])
718     , -28132.1    , array([ 0.0440007  ,  0.0791955  ,  0.325377   ,  3.86755    ])
719     , -27203.6    , array([ 0.0440007  ,  0.08936    ,  0.307614   ,  3.86755    ])
720     , -25747.8    , array([ 0.0440007  ,  0.08936    ,  0.325377   ,  4.13816    ])
721     , -24948.8    , array([ 0.0406955  ,  0.100829   ,  0.316371   ,  4.00057    ])
722     , -23640.7    , array([ 0.0391372  ,  0.11377    ,  0.311961   ,  4.06878    ])
723     , -23821      , array([ 0.0485123  ,  0.100829   ,  0.30978    ,  4.10333    ])
724     , -22245.6    , array([ 0.0435733  ,  0.107104   ,  0.32882    ,  4.22655    ])
725     , -20039.4    , array([ 0.0433611  ,  0.117257   ,  0.339965   ,  4.41836    ])
726     , -20901.3    , array([ 0.0432555  ,  0.122689   ,  0.317761   ,  4.0817     ])
727     , -19075.6    , array([ 0.0428876  ,  0.14376    ,  0.31402    ,  4.48659    ])
728     , -16957.6    , array([ 0.0423416  ,  0.182341   ,  0.308492   ,  4.83232    ])
729     , -17985.1    , array([ 0.0363411  ,  0.171334   ,  0.329144   ,  4.58908    ])
730     , -14967.7    , array([ 0.0434075  ,  0.18634    ,  0.335723   ,  4.91505    ])
731     , -12761.6    , array([ 0.0457143  ,  0.238477   ,  0.348275   ,  5.40206    ])
732     , -14200.8    , array([ 0.0403755  ,  0.240908   ,  0.345058   ,  5.63651    ])
733     , -16191.1    , array([ 0.0388658  ,  0.361303   ,  0.324929   ,  5.88118    ])
734     , -13551.2    , array([ 0.0479573  ,  0.359073   ,  0.333454   ,  6.41016    ])
735     , -17638.9    , array([ 0.0438055  ,  0.47347    ,  0.369892   ,  7.01124    ])
736     , -14559.9    , array([ 0.042703   ,  0.231465   ,  0.322814   ,  5.30354    ])
737     , -12793.8    , array([ 0.0500235  ,  0.191254   ,  0.350036   ,  5.47064    ])
738     , -11557.9    , array([ 0.0492767  ,  0.271369   ,  0.366885   ,  6.1613     ])
739     , -10866.9    , array([ 0.0529339  ,  0.29383    ,  0.391128   ,  6.64088    ])
740     , -10123.2    , array([ 0.0596745  ,  0.287951   ,  0.365429   ,  6.29269    ])
741     , -9202.52    , array([ 0.0725478  ,  0.314812   ,  0.376061   ,  6.64889    ])
likelihood = -9202.52
theta = 22691.01
Optimized parameters = [0.07254781 0.3148122  0.37606122 6.64888814]

Round_4_Replicate_2
742     , -12610.6    , array([ 0.0323183  ,  0.115503   ,  0.568337   ,  4.17583    ])
743     , -14174.8    , array([ 0.0272221  ,  0.115503   ,  0.568337   ,  4.17583    ])
744     , -13497      , array([ 0.0323183  ,  0.103687   ,  0.568337   ,  4.17583    ])
745     , -13052.7    , array([ 0.0323183  ,  0.115503   ,  0.552505   ,  4.17583    ])
746     , -12609.5    , array([ 0.0323183  ,  0.115503   ,  0.568337   ,  4.48518    ])
747     , -12018.3    , array([ 0.0383686  ,  0.109436   ,  0.560365   ,  4.32774    ])
748     , -11507.6    , array([ 0.0455516  ,  0.106523   ,  0.556421   ,  4.40576    ])
749     , -11226      , array([ 0.0383686  ,  0.123563   ,  0.55446    ,  4.44529    ])
750     , -10319.9    , array([ 0.0418061  ,  0.134887   ,  0.547648   ,  4.58648    ])
751     , -10422.6    , array([ 0.0436387  ,  0.119869   ,  0.567835   ,  4.65874    ])
752     , -10055.3    , array([ 0.0507088  ,  0.122113   ,  0.551774   ,  4.92075    ])
753     , -9738.48    , array([ 0.0635186  ,  0.125558   ,  0.543674   ,  5.34165    ])
754     , -9865.82    , array([ 0.0710902  ,  0.127317   ,  0.539669   ,  4.99968    ])
755     , -8595.19    , array([ 0.0630097  ,  0.150926   ,  0.542865   ,  5.42203    ])
756     , -8285.27    , array([ 0.074107   ,  0.179649   ,  0.536211   ,  6.01495    ])
757     , -9036.95    , array([ 0.0857103  ,  0.164194   ,  0.516927   ,  5.82634    ])
758     , -12986.1    , array([ 0.128104   ,  0.160986   ,  0.520731   ,  6.67028    ])
759     , -9085.31    , array([ 0.0553121  ,  0.140986   ,  0.540791   ,  5.03669    ])
760     , -8180.8     , array([ 0.0664503  ,  0.179479   ,  0.52898    ,  6.14162    ])
761     , -8325.65    , array([ 0.0642452  ,  0.213096   ,  0.523715   ,  6.80696    ])
762     , -8338.92    , array([ 0.0760684  ,  0.21759    ,  0.517939   ,  6.16386    ])
763     , -9671.76    , array([ 0.102442   ,  0.240737   ,  0.509579   ,  7.23164    ])
764     , -8413.61    , array([ 0.0645259  ,  0.161163   ,  0.532813   ,  5.51338    ])
765     , -8472.41    , array([ 0.0573607  ,  0.204792   ,  0.541234   ,  6.08131    ])
766     , -8185.03    , array([ 0.0634189  ,  0.193787   ,  0.535052   ,  6.01654    ])
767     , -8550.62    , array([ 0.0755362  ,  0.228788   ,  0.526198   ,  6.71335    ])
768     , -8204.82    , array([ 0.0671181  ,  0.175917   ,  0.531152   ,  5.7916     ])
769     , -8530.33    , array([ 0.0601871  ,  0.152369   ,  0.548171   ,  5.82073    ])
770     , -8180.32    , array([ 0.0717429  ,  0.199046   ,  0.525337   ,  6.07622    ])
likelihood = -8180.32
theta = 31353.29
Optimized parameters = [0.07174289 0.19904595 0.52533683 6.07622458]

Round_4_Replicate_3
771     , -9262.75    , array([ 0.0342904  ,  0.140348   ,  0.95242    ,  6.56085    ])
772     , -9907.9     , array([ 0.0289688  ,  0.140348   ,  0.95242    ,  6.56085    ])
773     , -8682.44    , array([ 0.0342904  ,  0.127223   ,  0.95242    ,  6.56085    ])
774     , -9251.74    , array([ 0.0342904  ,  0.140348   ,  0.950102   ,  6.56085    ])
775     , -9262.67    , array([ 0.0342904  ,  0.140348   ,  0.95242    ,  7.20788    ])
776     , -8771.69    , array([ 0.0405895  ,  0.133624   ,  0.95126    ,  6.87676    ])
777     , -8663.21    , array([ 0.0373072  ,  0.130384   ,  0.950681   ,  7.04037    ])
778     , -8475.8     , array([ 0.0389138  ,  0.125671   ,  0.949812   ,  7.29313    ])
779     , -8410.57    , array([ 0.0397428  ,  0.123379   ,  0.949378   ,  6.44616    ])
780     , -8334.46    , array([ 0.042786   ,  0.11568    ,  0.947861   ,  6.09603    ])
781     , -8398.86    , array([ 0.0443939  ,  0.112013   ,  0.950572   ,  6.82641    ])
782     , -8160.85    , array([ 0.0392226  ,  0.107715   ,  0.949071   ,  6.48893    ])
783     , -8253.64    , array([ 0.0385565  ,  0.0967106  ,  0.947978   ,  6.30329    ])
784     , -8877.08    , array([ 0.0496547  ,  0.104101   ,  0.946247   ,  6.764      ])
785     , -8355.52    , array([ 0.0376157  ,  0.121001   ,  0.950873   ,  6.61105    ])
786     , -8326.37    , array([ 0.0430192  ,  0.103409   ,  0.949375   ,  5.79333    ])
787     , -8178.82    , array([ 0.0371203  ,  0.111474   ,  0.948018   ,  5.70186    ])
788     , -8423.12    , array([ 0.0435198  ,  0.0990485  ,  0.946294   ,  5.46779    ])
789     , -8226.11    , array([ 0.039012   ,  0.115094   ,  0.949726   ,  6.30458    ])
790     , -8156.36    , array([ 0.0365345  ,  0.103341   ,  0.950235   ,  6.03031    ])
791     , -8282.3     , array([ 0.0337601  ,  0.0976748  ,  0.951425   ,  5.99771    ])
792     , -8387.13    , array([ 0.033486   ,  0.115566   ,  0.94915    ,  6.47388    ])
793     , -8189.52    , array([ 0.0404075  ,  0.106323   ,  0.949319   ,  5.95645    ])
794     , -8185.83    , array([ 0.0375801  ,  0.0997986  ,  0.948595   ,  5.78232    ])
795     , -8190.47    , array([ 0.0349899  ,  0.104664   ,  0.94864    ,  6.03016    ])
796     , -8156.12    , array([ 0.0389791  ,  0.105906   ,  0.949149   ,  5.97479    ])
797     , -8219.36    , array([ 0.0383163  ,  0.114868   ,  0.949641   ,  6.31428    ])
798     , -8152.51    , array([ 0.0377628  ,  0.10337    ,  0.948856   ,  5.91095    ])
likelihood = -8152.51
theta = 58436.97
Optimized parameters = [0.0377628  0.10336969 0.94885636 5.91095484]

Round_4_Replicate_4
799     , -9399.98    , array([ 0.0700909  ,  0.317494   ,  0.381515   ,  3.76897    ])
800     , -10185.6    , array([ 0.0613684  ,  0.317494   ,  0.381515   ,  3.76897    ])
801     , -9118.43    , array([ 0.0700909  ,  0.299794   ,  0.381515   ,  3.76897    ])
802     , -9401.22    , array([ 0.0700909  ,  0.317494   ,  0.36357    ,  3.76897    ])
803     , -9403.02    , array([ 0.0700909  ,  0.317494   ,  0.381515   ,  4.02749    ])
804     , -8693.96    , array([ 0.0800532  ,  0.308517   ,  0.372434   ,  3.89608    ])
805     , -8327.04    , array([ 0.0914314  ,  0.304124   ,  0.367975   ,  3.96124    ])
806     , -8607.08    , array([ 0.0800532  ,  0.301951   ,  0.365766   ,  3.6159     ])
807     , -8398.53    , array([ 0.0855533  ,  0.294468   ,  0.384977   ,  3.78463    ])
808     , -8155.1     , array([ 0.0945202  ,  0.283588   ,  0.36853    ,  3.79249    ])
809     , -8267.51    , array([ 0.109763   ,  0.268018   ,  0.362204   ,  3.8043     ])
810     , -8271.6     , array([ 0.109763   ,  0.292102   ,  0.362204   ,  3.8043     ])
811     , -8433.5     , array([ 0.112533   ,  0.285245   ,  0.375956   ,  4.06734    ])
812     , -8246.07    , array([ 0.103348   ,  0.289333   ,  0.373382   ,  3.94945    ])
813     , -8305.01    , array([ 0.115732   ,  0.289933   ,  0.351774   ,  3.96972    ])
814     , -8570.47    , array([ 0.121835   ,  0.274099   ,  0.359834   ,  3.79679    ])
815     , -8208.16    , array([ 0.0982347  ,  0.296323   ,  0.365923   ,  3.91947    ])
816     , -8304.99    , array([ 0.0886792  ,  0.290666   ,  0.383902   ,  3.76462    ])
817     , -8221.49    , array([ 0.0947828  ,  0.290483   ,  0.375605   ,  3.81488    ])
818     , -8290.07    , array([ 0.086887   ,  0.287708   ,  0.379682   ,  3.93378    ])
819     , -8209.37    , array([ 0.103533   ,  0.290997   ,  0.366496   ,  3.83626    ])
820     , -8202.87    , array([ 0.0923627  ,  0.291295   ,  0.364904   ,  3.73451    ])
821     , -8143.4     , array([ 0.0994155  ,  0.290547   ,  0.357539   ,  3.8253     ])
822     , -8123.32    , array([ 0.101816   ,  0.29058    ,  0.348835   ,  3.83052    ])
823     , -8219.95    , array([ 0.0902548  ,  0.289826   ,  0.357487   ,  3.80113    ])
824     , -8171.09    , array([ 0.100041   ,  0.290704   ,  0.364223   ,  3.82745    ])
825     , -8126.92    , array([ 0.0959938  ,  0.281905   ,  0.357215   ,  3.6765     ])
likelihood = -8123.32
theta = 21910.44
Optimized parameters = [0.10181608 0.2905798  0.34883486 3.8305188 ]

Round_4_Replicate_5
826     , -20041.4    , array([ 0.0731171  ,  0.103215   ,  0.324513   ,  9.56088    ])
827     , -20626      , array([ 0.0641534  ,  0.103215   ,  0.324513   ,  9.56088    ])
828     , -22251.9    , array([ 0.0731171  ,  0.0921364  ,  0.324513   ,  9.56088    ])
829     , -21326.7    , array([ 0.0731171  ,  0.103215   ,  0.306756   ,  9.56088    ])
830     , -20047.7    , array([ 0.0731171  ,  0.103215   ,  0.324513   ,  10.7034    ])
831     , -18899.9    , array([ 0.0684887  ,  0.115626   ,  0.31551    ,  10.116     ])
832     , -17498.1    , array([ 0.0662856  ,  0.12953    ,  0.311102   ,  10.4056    ])
833     , -17760.7    , array([ 0.0652108  ,  0.115626   ,  0.336129   ,  10.5535    ])
834     , -17035.2    , array([ 0.0749322  ,  0.122381   ,  0.323374   ,  11.0877    ])
835     , -15475.5    , array([ 0.0809828  ,  0.133259   ,  0.322806   ,  11.9403    ])
836     , -15455      , array([ 0.0691921  ,  0.139056   ,  0.322522   ,  10.4608    ])
837     , -13700.6    , array([ 0.0673094  ,  0.161404   ,  0.321531   ,  10.3415    ])
838     , -12977.5    , array([ 0.0663873  ,  0.17389    ,  0.321036   ,  12.1796    ])
839     , -11276.9    , array([ 0.0632584  ,  0.225704   ,  0.319312   ,  13.7468    ])
840     , -11289.5    , array([ 0.0733134  ,  0.216872   ,  0.302089   ,  12.5933    ])
841     , -9581.93    , array([ 0.0758518  ,  0.2505     ,  0.321628   ,  14.0509    ])
842     , -9177.83    , array([ 0.0811407  ,  0.348359   ,  0.327024   ,  16.3276    ])
843     , -11822.8    , array([ 0.0621463  ,  0.39368    ,  0.311986   ,  14.3189    ])
844     , -12952.7    , array([ 0.0718459  ,  0.507626   ,  0.308539   ,  19.4536    ])
845     , -10557.1    , array([ 0.0706839  ,  0.381185   ,  0.311737   ,  16.6111    ])
846     , -10512.5    , array([ 0.082988   ,  0.20479    ,  0.317851   ,  15.1329    ])
847     , -9777.42    , array([ 0.074845   ,  0.361246   ,  0.336719   ,  18.8617    ])
848     , -10021.9    , array([ 0.0943519  ,  0.439134   ,  0.327125   ,  20.24      ])
849     , -8196.69    , array([ 0.0975581  ,  0.279082   ,  0.343245   ,  18.4893    ])
850     , -8694.69    , array([ 0.114613   ,  0.238797   ,  0.360174   ,  19.5067    ])
851     , -15372      , array([ 0.0900933  ,  0.606415   ,  0.349832   ,  22.4335    ])
852     , -8793.89    , array([ 0.08471    ,  0.268642   ,  0.325561   ,  16.698     ])
likelihood = -8196.69
theta = 21577.36
Optimized parameters = [ 0.09755813  0.27908199  0.34324516 18.4893459 ]

Round_1_Replicate_1
1716    , -233633     , array([ 1.75566    ,  0.405566   ,  0.211291   ,  0.138565   ])
1717    , -235042     , array([ 1.80578    ,  0.405566   ,  0.211291   ,  0.138565   ])
1718    , -228379     , array([ 1.75566    ,  0.387672   ,  0.211291   ,  0.138565   ])
1719    , -232427     , array([ 1.75566    ,  0.405566   ,  0.19549    ,  0.138565   ])
1720    , -248315     , array([ 1.75566    ,  0.405566   ,  0.211291   ,  0.125526   ])
1721    , -217340     , array([ 1.78054    ,  0.396518   ,  0.203237   ,  0.152957   ])
1722    , -203306     , array([ 1.79312    ,  0.39207    ,  0.199326   ,  0.168845   ])
1723    , -213449     , array([ 1.72505    ,  0.389864   ,  0.197399   ,  0.152957   ])
likelihood = -203305.9
theta = 10659.18
Optimized parameters = [1.79311521 0.39206972 0.1993258  0.16884468]

Round_1_Replicate_2
1724    , -29367      , array([ 0.13764    ,  0.252      ,  0.838139   ,  0.37336    ])
1725    , -26563.9    , array([ 0.124647   ,  0.252      ,  0.838139   ,  0.37336    ])
1726    , -28167.3    , array([ 0.13764    ,  0.235218   ,  0.838139   ,  0.37336    ])
1727    , -29090.7    , array([ 0.13764    ,  0.252      ,  0.830773   ,  0.37336    ])
1728    , -30013      , array([ 0.13764    ,  0.252      ,  0.838139   ,  0.355413   ])
1729    , -26624.7    , array([ 0.130982   ,  0.243464   ,  0.834448   ,  0.392212   ])
1730    , -25840.7    , array([ 0.127775   ,  0.239306   ,  0.832608   ,  0.38267    ])
1731    , -24229.8    , array([ 0.123111   ,  0.2332     ,  0.829856   ,  0.387412   ])
likelihood = -24229.82
theta = 27174.77
Optimized parameters = [0.12311142 0.23320038 0.8298562  0.38741169]

Round_1_Replicate_3
1732    , -349262     , array([ 1.50645    ,  0.234525   ,  3.24044    ,  0.166941   ])
1733    , -350524     , array([ 1.53763    ,  0.234525   ,  3.24044    ,  0.166941   ])
1734    , -343377     , array([ 1.50645    ,  0.218121   ,  3.24044    ,  0.166941   ])
1735    , -358151     , array([ 1.50645    ,  0.234525   ,  3.43664    ,  0.166941   ])
1736    , -349542     , array([ 1.50645    ,  0.234525   ,  3.24044    ,  0.152648   ])
1737    , -338368     , array([ 1.52196    ,  0.226174   ,  3.05544    ,  0.159635   ])
1738    , -328931     , array([ 1.52977    ,  0.222111   ,  2.881      ,  0.156103   ])
1739    , -334893     , array([ 1.48728    ,  0.220107   ,  3.05544    ,  0.154366   ])
likelihood = -328930.79
theta = 11774.49
Optimized parameters = [1.5297729  0.22211121 2.88099961 0.15610256]

Round_1_Replicate_4
1740    , -417313     , array([ 0.410611   ,  3.84781    ,  4.10914    ,  2.08636    ])
1741    , -408939     , array([ 0.392737   ,  3.84781    ,  4.10914    ,  2.08636    ])
1742    , -418846     , array([ 0.410611   ,  4.116      ,  4.10914    ,  2.08636    ])
1743    , -431905     , array([ 0.410611   ,  3.84781    ,  4.41       ,  2.08636    ])
1744    , -417198     , array([ 0.410611   ,  3.84781    ,  4.10914    ,  2.16451    ])
1745    , -399465     , array([ 0.401575   ,  3.97965    ,  3.8288     ,  2.12508    ])
1746    , -383621     , array([ 0.397131   ,  4.04725    ,  3.5676     ,  2.1447     ])
1747    , -394608     , array([ 0.394928   ,  3.68915    ,  3.8288     ,  2.15458    ])
likelihood = -383620.99
theta = 8737.34
Optimized parameters = [0.39713145 4.04724676 3.56759506 2.14470359]

Round_1_Replicate_5
1748    , -482137     , array([ 1.60932    ,  5.30038    ,  0.137363   ,  0.141291   ])
1749    , -486459     , array([ 1.64807    ,  5.30038    ,  0.137363   ,  0.141291   ])
1750    , -486190     , array([ 1.60932    ,  5.76132    ,  0.137363   ,  0.141291   ])
1751    , -481096     , array([ 1.60932    ,  5.30038    ,  0.124384   ,  0.141291   ])
1752    , -501819     , array([ 1.60932    ,  5.30038    ,  0.137363   ,  0.128121   ])
1753    , -466151     , array([ 1.62858    ,  5.52605    ,  0.130713   ,  0.155815   ])
1754    , -448412     , array([ 1.6383     ,  5.64246    ,  0.127509   ,  0.171832   ])
1755    , -462506     , array([ 1.58557    ,  5.70158    ,  0.125937   ,  0.155815   ])
likelihood = -448412.44
theta = 9675.64
Optimized parameters = [1.63829703 5.64245853 0.1275092  0.17183212]

Round_1_Replicate_6
1756    , -728611     , array([ 4.77743    ,  5.85069    ,  2.70875    ,  6.94012    ])
1757    , -735385     , array([ 5.166      ,  5.85069    ,  2.70875    ,  6.94012    ])
1758    , -735734     , array([ 4.77743    ,  6.39098    ,  2.70875    ,  6.94012    ])
1759    , -736571     , array([ 4.77743    ,  5.85069    ,  2.84713    ,  6.94012    ])
1760    , -727820     , array([ 4.77743    ,  5.85069    ,  2.70875    ,  7.64602    ])
1761    , -727264     , array([ 4.96792    ,  6.11487    ,  2.57709    ,  7.28452    ])
1762    , -722530     , array([ 5.06599    ,  6.2514     ,  2.45184    ,  7.46308    ])
1763    , -721172     , array([ 5.11575    ,  5.53646    ,  2.57709    ,  7.55399    ])
1764    , -713373     , array([ 5.29379    ,  5.15305    ,  2.51369    ,  7.881      ])
likelihood = -713373.15
theta = 1848.68
Optimized parameters = [5.29379183 5.15304618 2.51368502 7.8810043 ]

Round_1_Replicate_7
1765    , -234527     , array([ 0.499335   ,  1.36308    ,  0.877292   ,  0.185065   ])
1766    , -229665     , array([ 0.482293   ,  1.36308    ,  0.877292   ,  0.185065   ])
1767    , -235274     , array([ 0.499335   ,  1.38435    ,  0.877292   ,  0.185065   ])
1768    , -234109     , array([ 0.499335   ,  1.36308    ,  0.871568   ,  0.185065   ])
1769    , -244375     , array([ 0.499335   ,  1.36308    ,  0.877292   ,  0.170095   ])
1770    , -223079     , array([ 0.49074    ,  1.37368    ,  0.874425   ,  0.201353   ])
1771    , -213441     , array([ 0.486499   ,  1.37901    ,  0.872995   ,  0.219075   ])
1772    , -220327     , array([ 0.484391   ,  1.34995    ,  0.872281   ,  0.201353   ])
likelihood = -213440.57
theta = 12935.18
Optimized parameters = [0.4864985  1.37900535 0.87299517 0.21907473]

Round_1_Replicate_8
1773    , -219235     , array([ 3.82494    ,  0.156243   ,  0.673965   ,  4.57011    ])
1774    , -222352     , array([ 4.09031    ,  0.156243   ,  0.673965   ,  4.57011    ])
1775    , -217964     , array([ 3.82494    ,  0.142393   ,  0.673965   ,  4.57011    ])
1776    , -217906     , array([ 3.82494    ,  0.156243   ,  0.660799   ,  4.57011    ])
1777    , -219525     , array([ 3.82494    ,  0.156243   ,  0.673965   ,  4.93087    ])
1778    , -214886     , array([ 3.57679    ,  0.149157   ,  0.667349   ,  4.74706    ])
1779    , -211070     , array([ 3.34474    ,  0.145736   ,  0.664066   ,  4.83809    ])
1780    , -213649     , array([ 3.57679    ,  0.144055   ,  0.66243    ,  4.35817    ])
likelihood = -211069.71
theta = 5354.19
Optimized parameters = [3.34473962 0.14573593 0.66406582 4.83809245]

Round_1_Replicate_9
1781    , -201318     , array([ 3.29913    ,  0.306958   ,  0.578991   ,  0.517183   ])
1782    , -204383     , array([ 3.50203    ,  0.306958   ,  0.578991   ,  0.517183   ])
1783    , -199381     , array([ 3.29913    ,  0.289356   ,  0.578991   ,  0.517183   ])
1784    , -198955     , array([ 3.29913    ,  0.306958   ,  0.563385   ,  0.517183   ])
1785    , -201465     , array([ 3.29913    ,  0.306958   ,  0.578991   ,  0.50041    ])
1786    , -196107     , array([ 3.10799    ,  0.298027   ,  0.571135   ,  0.508727   ])
1787    , -191932     , array([ 2.92792    ,  0.293659   ,  0.567247   ,  0.504552   ])
1788    , -194403     , array([ 3.10799    ,  0.2915     ,  0.565312   ,  0.52795    ])
likelihood = -191931.87
theta = 7709.86
Optimized parameters = [2.92792299 0.29365939 0.5672465  0.50455169]

Round_1_Replicate_10
1789    , -51579.3    , array([ 0.65113    ,  0.178745   ,  0.224906   ,  1.21166    ])
1790    , -50567      , array([ 0.63731    ,  0.178745   ,  0.224906   ,  1.21166    ])
1791    , -53171.6    , array([ 0.65113    ,  0.164001   ,  0.224906   ,  1.21166    ])
1792    , -50306.8    , array([ 0.65113    ,  0.178745   ,  0.208738   ,  1.21166    ])
1793    , -51496.4    , array([ 0.65113    ,  0.178745   ,  0.224906   ,  1.22335    ])
1794    , -48867.2    , array([ 0.644183   ,  0.194815   ,  0.216671   ,  1.21749    ])
1795    , -46862.5    , array([ 0.640737   ,  0.212329   ,  0.212668   ,  1.22042    ])
1796    , -47990.6    , array([ 0.639022   ,  0.194815   ,  0.210694   ,  1.22188    ])
likelihood = -46862.45
theta = 13764.16
Optimized parameters = [0.6407375  0.21232947 0.21266775 1.22041525]

Round_2_Replicate_1
1797    , -24877.8    , array([ 0.0330662  ,  0.380544   ,  0.478671   ,  0.375866   ])
1798    , -26948.5    , array([ 0.0278839  ,  0.380544   ,  0.478671   ,  0.375866   ])
1799    , -23726.3    , array([ 0.0330662  ,  0.362597   ,  0.478671   ,  0.375866   ])
1800    , -24728.6    , array([ 0.0330662  ,  0.380544   ,  0.461359   ,  0.375866   ])
1801    , -25400      , array([ 0.0330662  ,  0.380544   ,  0.478671   ,  0.357919   ])
1802    , -22645.1    , array([ 0.0392117  ,  0.371462   ,  0.469936   ,  0.366783   ])
1803    , -20893.9    , array([ 0.0464993  ,  0.367003   ,  0.465628   ,  0.362324   ])
1804    , -21596      , array([ 0.0392117  ,  0.364794   ,  0.463489   ,  0.387537   ])
1805    , -20567.1    , array([ 0.0427003  ,  0.357165   ,  0.456079   ,  0.374718   ])
1806    , -18685.4    , array([ 0.0485237  ,  0.34602    ,  0.445186   ,  0.374146   ])
1807    , -18088.9    , array([ 0.0517268  ,  0.340578   ,  0.464824   ,  0.37386    ])
1808    , -15834.5    , array([ 0.0646965  ,  0.322198   ,  0.466567   ,  0.372861   ])
likelihood = -15834.5
theta = 26920.0
Optimized parameters = [0.06469651 0.32219786 0.46656676 0.37286096]

Round_2_Replicate_2
1809    , -27190.1    , array([ 0.0481291  ,  0.332966   ,  0.926635   ,  0.336366   ])
1810    , -27632.8    , array([ 0.041355   ,  0.332966   ,  0.926635   ,  0.336366   ])
1811    , -25569.8    , array([ 0.0481291  ,  0.315152   ,  0.926635   ,  0.336366   ])
1812    , -27112.7    , array([ 0.0481291  ,  0.332966   ,  0.923111   ,  0.336366   ])
1813    , -27674.7    , array([ 0.0481291  ,  0.332966   ,  0.926635   ,  0.318531   ])
1814    , -26048.3    , array([ 0.0446137  ,  0.323936   ,  0.924871   ,  0.355198   ])
1815    , -25624.7    , array([ 0.0539284  ,  0.319514   ,  0.923991   ,  0.345654   ])
1816    , -24916.5    , array([ 0.0490505  ,  0.312993   ,  0.922672   ,  0.350394   ])
1817    , -23816.3    , array([ 0.0495177  ,  0.30346    ,  0.920697   ,  0.357626   ])
1818    , -23388.2    , array([ 0.049753   ,  0.298803   ,  0.924982   ,  0.361297   ])
1819    , -21649      , array([ 0.0505854  ,  0.28306    ,  0.925918   ,  0.374448   ])
likelihood = -21648.99
theta = 30183.02
Optimized parameters = [0.05058536 0.28306016 0.92591813 0.37444771]

Round_2_Replicate_3
1820    , -21996.5    , array([ 0.221809   ,  0.154889   ,  0.298216   ,  0.590713   ])
1821    , -20126.4    , array([ 0.205721   ,  0.154889   ,  0.298216   ,  0.590713   ])
1822    , -23472.3    , array([ 0.221809   ,  0.141098   ,  0.298216   ,  0.590713   ])
1823    , -21786.4    , array([ 0.221809   ,  0.154889   ,  0.28071    ,  0.590713   ])
1824    , -22128.8    , array([ 0.221809   ,  0.154889   ,  0.298216   ,  0.575367   ])
1825    , -19684.3    , array([ 0.213614   ,  0.170028   ,  0.289331   ,  0.582989   ])
1826    , -18096.5    , array([ 0.20963    ,  0.186646   ,  0.284988   ,  0.579166   ])
1827    , -18824.9    , array([ 0.207667   ,  0.170028   ,  0.282841   ,  0.600511   ])
1828    , -17510.7    , array([ 0.200937   ,  0.178143   ,  0.275453   ,  0.589742   ])
1829    , -15652.2    , array([ 0.191249   ,  0.191048   ,  0.264731   ,  0.589257   ])
1830    , -15033      , array([ 0.186582   ,  0.197848   ,  0.284181   ,  0.589014   ])
1831    , -12764.2    , array([ 0.171126   ,  0.223607   ,  0.285932   ,  0.588167   ])
likelihood = -12764.25
theta = 24757.11
Optimized parameters = [0.17112557 0.22360708 0.28593206 0.58816722]

Round_2_Replicate_4
1832    , -33976.3    , array([ 0.0502095  ,  0.2533     ,  1.64897    ,  0.617682   ])
1833    , -32753.6    , array([ 0.043234   ,  0.2533     ,  1.64897    ,  0.617682   ])
1834    , -31744      , array([ 0.0502095  ,  0.236493   ,  1.64897    ,  0.617682   ])
1835    , -35040.2    , array([ 0.0502095  ,  0.2533     ,  1.69073    ,  0.617682   ])
1836    , -33980.1    , array([ 0.0502095  ,  0.2533     ,  1.64897    ,  0.60298    ])
1837    , -31177.5    , array([ 0.0465914  ,  0.244752   ,  1.60825    ,  0.610287   ])
1838    , -29425      , array([ 0.0448813  ,  0.240587   ,  1.56853    ,  0.606622   ])
1839    , -29942.1    , array([ 0.0440499  ,  0.238531   ,  1.60825    ,  0.627052   ])
1840    , -28175.2    , array([ 0.0412596  ,  0.231472   ,  1.58826    ,  0.616752   ])
1841    , -25805.4    , array([ 0.037402   ,  0.221274   ,  1.55875    ,  0.616288   ])
1842    , -25636.5    , array([ 0.0445677  ,  0.216345   ,  1.5442     ,  0.616056   ])
1843    , -22552.5    , array([ 0.0452499  ,  0.199941   ,  1.49434    ,  0.615245   ])
likelihood = -22552.47
theta = 41609.41
Optimized parameters = [0.04524993 0.19994131 1.49433951 0.61524531]

Round_2_Replicate_5
1844    , -29066      , array([ 0.124876   ,  0.481211   ,  0.507259   ,  0.381754   ])
1845    , -27674.6    , array([ 0.112539   ,  0.481211   ,  0.507259   ,  0.381754   ])
1846    , -28120.3    , array([ 0.124876   ,  0.46393    ,  0.507259   ,  0.381754   ])
1847    , -28404.3    , array([ 0.124876   ,  0.481211   ,  0.490333   ,  0.381754   ])
1848    , -29908.2    , array([ 0.124876   ,  0.481211   ,  0.507259   ,  0.363808   ])
1849    , -26780.5    , array([ 0.118547   ,  0.472492   ,  0.498724   ,  0.400585   ])
1850    , -25406      , array([ 0.115504   ,  0.468191   ,  0.494511   ,  0.420344   ])
1851    , -25746.6    , array([ 0.114012   ,  0.466056   ,  0.492418   ,  0.400585   ])
1852    , -25193.9    , array([ 0.108939   ,  0.458658   ,  0.510497   ,  0.410346   ])
1853    , -23926      , array([ 0.101751   ,  0.447781   ,  0.520888   ,  0.425435   ])
1854    , -23892      , array([ 0.0983365  ,  0.467389   ,  0.500048   ,  0.433186   ])
1855    , -22752.9    , array([ 0.0872636  ,  0.469129   ,  0.496482   ,  0.461445   ])
likelihood = -22752.87
theta = 22827.85
Optimized parameters = [0.08726359 0.46912875 0.49648152 0.46144497]

Round_2_Replicate_6
1856    , -20078.6    , array([ 0.139148   ,  0.119349   ,  0.535314   ,  0.313493   ])
1857    , -17466.9    , array([ 0.126081   ,  0.119349   ,  0.535314   ,  0.313493   ])
1858    , -21374.7    , array([ 0.139148   ,  0.107315   ,  0.535314   ,  0.313493   ])
1859    , -19827.4    , array([ 0.139148   ,  0.119349   ,  0.518847   ,  0.313493   ])
1860    , -20579.6    , array([ 0.139148   ,  0.119349   ,  0.535314   ,  0.295828   ])
1861    , -17928.4    , array([ 0.132453   ,  0.132733   ,  0.527016   ,  0.304533   ])
1862    , -17119.3    , array([ 0.129228   ,  0.125864   ,  0.522915   ,  0.327431   ])
1863    , -15679.4    , array([ 0.124536   ,  0.129253   ,  0.516824   ,  0.344477   ])
1864    , -15466.6    , array([ 0.122255   ,  0.130981   ,  0.513805   ,  0.323889   ])
1865    , -13652.8    , array([ 0.114594   ,  0.137216   ,  0.503377   ,  0.329216   ])
1866    , -13120.5    , array([ 0.110945   ,  0.140443   ,  0.52215    ,  0.331912   ])
1867    , -11079.1    , array([ 0.0990663  ,  0.15235    ,  0.52381    ,  0.341524   ])
likelihood = -11079.08
theta = 31825.71
Optimized parameters = [0.09906632 0.15234977 0.52380958 0.34152358]

Round_2_Replicate_7
1868    , -11215.2    , array([ 0.0739275  ,  0.278911   ,  0.590472   ,  1.03581    ])
1869    , -11136.6    , array([ 0.0649002  ,  0.278911   ,  0.590472   ,  1.03581    ])
1870    , -10501.8    , array([ 0.0739275  ,  0.261661   ,  0.590472   ,  1.03581    ])
1871    , -10914.1    , array([ 0.0739275  ,  0.278911   ,  0.575122   ,  1.03581    ])
1872    , -11214      , array([ 0.0739275  ,  0.278911   ,  0.590472   ,  1.03763    ])
1873    , -10623.3    , array([ 0.069267   ,  0.270148   ,  0.582746   ,  1.03672    ])
1874    , -10379      , array([ 0.0670481  ,  0.265871   ,  0.578921   ,  1.03444    ])
1875    , -10073      , array([ 0.0638523  ,  0.259581   ,  0.573231   ,  1.03285    ])
1876    , -10013.7    , array([ 0.0757549  ,  0.256492   ,  0.570407   ,  1.03479    ])
1877    , -9736.19    , array([ 0.0818452  ,  0.245968   ,  0.560631   ,  1.03427    ])
1878    , -9472.85    , array([ 0.0699753  ,  0.240869   ,  0.578207   ,  1.03402    ])
1879    , -8954.8     , array([ 0.0680792  ,  0.22384    ,  0.579756   ,  1.03312    ])
likelihood = -8954.8
theta = 31883.29
Optimized parameters = [0.06807918 0.2238403  0.57975598 1.03312314]

Round_2_Replicate_8
1880    , -17772.4    , array([ 0.0936846  ,  0.0964909  ,  0.490707   ,  0.167353   ])
1881    , -15109.5    , array([ 0.0832246  ,  0.0964909  ,  0.490707   ,  0.167353   ])
1882    , -18836.1    , array([ 0.0936846  ,  0.0858442  ,  0.490707   ,  0.167353   ])
1883    , -17634.9    , array([ 0.0936846  ,  0.0964909  ,  0.473547   ,  0.167353   ])
1884    , -19231.9    , array([ 0.0936846  ,  0.0964909  ,  0.490707   ,  0.153043   ])
1885    , -15908      , array([ 0.0882999  ,  0.091012   ,  0.48205    ,  0.183      ])
1886    , -14654.2    , array([ 0.0857247  ,  0.105334   ,  0.47778    ,  0.175002   ])
1887    , -13352.1    , array([ 0.082002   ,  0.11668    ,  0.471445   ,  0.178956   ])
1888    , -13191.2    , array([ 0.0802018  ,  0.10305    ,  0.468308   ,  0.180967   ])
1889    , -11683.8    , array([ 0.0742065  ,  0.106495   ,  0.457496   ,  0.188184   ])
1890    , -11139.6    , array([ 0.0713791  ,  0.10826    ,  0.476983   ,  0.191899   ])
1891    , -9892.2     , array([ 0.0623049  ,  0.114673   ,  0.478711   ,  0.205491   ])
likelihood = -9892.2
theta = 35700.17
Optimized parameters = [0.06230489 0.11467269 0.47871064 0.20549146]

Round_2_Replicate_9
1892    , -65482.3    , array([ 0.134911   ,  0.120819   ,  2.19137    ,  0.403301   ])
1893    , -59263.1    , array([ 0.122054   ,  0.120819   ,  2.19137    ,  0.403301   ])
1894    , -64502.4    , array([ 0.134911   ,  0.108703   ,  2.19137    ,  0.403301   ])
1895    , -68360.5    , array([ 0.134911   ,  0.120819   ,  2.27904    ,  0.403301   ])
1896    , -65497.9    , array([ 0.134911   ,  0.120819   ,  2.19137    ,  0.385399   ])
1897    , -59105.6    , array([ 0.128322   ,  0.114601   ,  2.10708    ,  0.394248   ])
1898    , -54892.3    , array([ 0.125148   ,  0.111613   ,  2.02602    ,  0.389798   ])
1899    , -56520.9    , array([ 0.123591   ,  0.110148   ,  2.10708    ,  0.414909   ])
1900    , -52432.4    , array([ 0.118293   ,  0.105172   ,  2.06615    ,  0.402158   ])
1901    , -46802      , array([ 0.110768   ,  0.0981255  ,  2.00625    ,  0.401588   ])
1902    , -45079.5    , array([ 0.107187   ,  0.111061   ,  1.97696    ,  0.401303   ])
1903    , -37308.7    , array([ 0.0955402  ,  0.11226    ,  1.87775    ,  0.400308   ])
likelihood = -37308.71
theta = 39667.5
Optimized parameters = [0.09554018 0.11225978 1.87774945 0.40030773]

Round_2_Replicate_10
1904    , -23624      , array([ 0.0627887  ,  0.275772   ,  0.367341   ,  0.16341    ])
1905    , -23507.1    , array([ 0.0546733  ,  0.275772   ,  0.367341   ,  0.16341    ])
1906    , -22199.6    , array([ 0.0627887  ,  0.25857    ,  0.367341   ,  0.16341    ])
1907    , -23432.4    , array([ 0.0627887  ,  0.275772   ,  0.3494     ,  0.16341    ])
1908    , -25789.2    , array([ 0.0627887  ,  0.275772   ,  0.367341   ,  0.149259   ])
1909    , -20947.7    , array([ 0.0585907  ,  0.267032   ,  0.358259   ,  0.178902   ])
1910    , -19184.8    , array([ 0.0565981  ,  0.262767   ,  0.353802   ,  0.195862   ])
1911    , -20514.5    , array([ 0.0556274  ,  0.26066    ,  0.351594   ,  0.178902   ])
1912    , -18883.5    , array([ 0.0644394  ,  0.253417   ,  0.343975   ,  0.18719    ])
1913    , -16869.1    , array([ 0.0699583  ,  0.242929   ,  0.332856   ,  0.200348   ])
1914    , -16254.6    , array([ 0.0592276  ,  0.237849   ,  0.352972   ,  0.207269   ])
1915    , -13758.1    , array([ 0.0575235  ,  0.22089    ,  0.354772   ,  0.233434   ])
likelihood = -13758.08
theta = 29638.45
Optimized parameters = [0.05752354 0.22089    0.35477187 0.23343388]

Round_3_Replicate_1
1916    , -12700.8    , array([ 0.0202059  ,  0.071122   ,  0.942228   ,  1.34524    ])
1917    , -14489.6    , array([ 0.0166246  ,  0.071122   ,  0.942228   ,  1.34524    ])
1918    , -13844.7    , array([ 0.0202059  ,  0.0623167  ,  0.942228   ,  1.34524    ])
1919    , -12746.9    , array([ 0.0202059  ,  0.071122   ,  0.939429   ,  1.34524    ])
1920    , -12683      , array([ 0.0202059  ,  0.071122   ,  0.942228   ,  1.36534    ])
1921    , -11912.1    , array([ 0.0245586  ,  0.0665739  ,  0.940828   ,  1.35525    ])
1922    , -11416.2    , array([ 0.029849   ,  0.0644101  ,  0.940128   ,  1.36029    ])
1923    , -10779.9    , array([ 0.0245586  ,  0.0772465  ,  0.939778   ,  1.36281    ])
1924    , -9692.14    , array([ 0.0270749  ,  0.0860035  ,  0.938556   ,  1.37168    ])
1925    , -10271.4    , array([ 0.0284281  ,  0.0744278  ,  0.942141   ,  1.37614    ])
1926    , -9686.71    , array([ 0.0337197  ,  0.0761379  ,  0.939298   ,  1.39185    ])
1927    , -9673.5     , array([ 0.0435599  ,  0.0787769  ,  0.937836   ,  1.41576    ])
1928    , -10131.2    , array([ 0.0495095  ,  0.0801306  ,  0.937106   ,  1.39645    ])
1929    , -8473.01    , array([ 0.0431633  ,  0.0986894  ,  0.937689   ,  1.42015    ])
1930    , -8981.77    , array([ 0.0519048  ,  0.12216    ,  0.936472   ,  1.45106    ])
1931    , -9726.5     , array([ 0.0558445  ,  0.098346   ,  0.933473   ,  1.42606    ])
1932    , -8413.71    , array([ 0.0340554  ,  0.101198   ,  0.936667   ,  1.42014    ])
1933    , -9124.97    , array([ 0.0282446  ,  0.113726   ,  0.936447   ,  1.43213    ])
1934    , -10573.3    , array([ 0.0235775  ,  0.0836416  ,  0.94192    ,  1.38776    ])
1935    , -8737.56    , array([ 0.0450152  ,  0.0944438  ,  0.935577   ,  1.41639    ])
likelihood = -8413.71
theta = 56948.55
Optimized parameters = [0.03405541 0.10119822 0.93666658 1.42013958]

Round_3_Replicate_2
1936    , -32002      , array([ 0.0343956  ,  0.300817   ,  1.38888    ,  3.50941    ])
1937    , -32245.4    , array([ 0.0290622  ,  0.300817   ,  1.38888    ,  3.50941    ])
1938    , -30076.1    , array([ 0.0343956  ,  0.283281   ,  1.38888    ,  3.50941    ])
1939    , -32541.8    , array([ 0.0343956  ,  0.300817   ,  1.41188    ,  3.50941    ])
1940    , -32003      , array([ 0.0343956  ,  0.300817   ,  1.38888    ,  3.73677    ])
1941    , -30585.3    , array([ 0.0316166  ,  0.291917   ,  1.36626    ,  3.62131    ])
1942    , -30435.1    , array([ 0.0390287  ,  0.287567   ,  1.37752    ,  3.67859    ])
1943    , -29456.3    , array([ 0.0351277  ,  0.281162   ,  1.37188    ,  3.42777    ])
1944    , -28228.5    , array([ 0.0354996  ,  0.271822   ,  1.36345    ,  3.28299    ])
1945    , -27631.3    , array([ 0.035687   ,  0.267268   ,  1.35926    ,  3.53013    ])
1946    , -25597.6    , array([ 0.0363508  ,  0.251924   ,  1.34469    ,  3.54053    ])
1947    , -26961      , array([ 0.0416291  ,  0.255856   ,  1.37082    ,  3.38268    ])
1948    , -25022.7    , array([ 0.0348284  ,  0.244988   ,  1.3563     ,  3.19327    ])
1949    , -22625.7    , array([ 0.032901   ,  0.226125   ,  1.34581    ,  2.97518    ])
1950    , -21889      , array([ 0.0386517  ,  0.222194   ,  1.32418    ,  3.08192    ])
1951    , -18602.5    , array([ 0.0409733  ,  0.196783   ,  1.29297    ,  2.88811    ])
1952    , -18970      , array([ 0.0402334  ,  0.197023   ,  1.31355    ,  3.09       ])
1953    , -16583.4    , array([ 0.0337294  ,  0.183682   ,  1.27891    ,  2.86626    ])
1954    , -13094.2    , array([ 0.0303609  ,  0.155633   ,  1.23529    ,  2.63842    ])
likelihood = -13094.17
theta = 57296.39
Optimized parameters = [0.03036087 0.15563323 1.23529402 2.63841893]

Round_3_Replicate_3
1955    , -62047.3    , array([ 0.171595   ,  0.182435   ,  1.51615    ,  1.7496     ])
1956    , -57251.5    , array([ 0.15712    ,  0.182435   ,  1.51615    ,  1.7496     ])
1957    , -60938.9    , array([ 0.171595   ,  0.167558   ,  1.51615    ,  1.7496     ])
1958    , -63537      , array([ 0.171595   ,  0.182435   ,  1.54803    ,  1.7496     ])
1959    , -62089.8    , array([ 0.171595   ,  0.182435   ,  1.51615    ,  1.79923    ])
1960    , -57628.4    , array([ 0.164198   ,  0.174838   ,  1.48493    ,  1.77424    ])
1961    , -56816      , array([ 0.16062    ,  0.171159   ,  1.50046    ,  1.71328    ])
1962    , -54307.3    , array([ 0.155398   ,  0.165785   ,  1.49267    ,  1.67186    ])
1963    , -53152.4    , array([ 0.152851   ,  0.163162   ,  1.4888     ,  1.72229    ])
1964    , -49095.4    , array([ 0.144262   ,  0.154303   ,  1.47531    ,  1.7088     ])
1965    , -48580      , array([ 0.14015    ,  0.170478   ,  1.4686     ,  1.70209    ])
1966    , -43274.2    , array([ 0.126659   ,  0.171957   ,  1.44539    ,  1.67882    ])
1967    , -44430.1    , array([ 0.128637   ,  0.162027   ,  1.47939    ,  1.63269    ])
1968    , -39187.5    , array([ 0.121638   ,  0.146338   ,  1.43125    ,  1.59941    ])
1969    , -32034.7    , array([ 0.107026   ,  0.131063   ,  1.39059    ,  1.52922    ])
1970    , -31544.1    , array([ 0.102065   ,  0.143181   ,  1.40317    ,  1.60079    ])
1971    , -23486.6    , array([ 0.082716   ,  0.133062   ,  1.36045    ,  1.56639    ])
1972    , -24308.2    , array([ 0.0832507  ,  0.142856   ,  1.36331    ,  1.49951    ])
1973    , -19554.3    , array([ 0.0751081  ,  0.127743   ,  1.30511    ,  1.50403    ])
1974    , -12814.5    , array([ 0.0573915  ,  0.113426   ,  1.22583    ,  1.44356    ])
likelihood = -12814.53
theta = 54902.17
Optimized parameters = [0.05739149 0.11342603 1.22583388 1.44355682]

Round_3_Replicate_4
1975    , -37713.5    , array([ 0.0310813  ,  0.290922   ,  1.70216    ,  0.994976   ])
1976    , -37865      , array([ 0.0261291  ,  0.290922   ,  1.70216    ,  0.994976   ])
1977    , -35487.7    , array([ 0.0310813  ,  0.273505   ,  1.70216    ,  0.994976   ])
1978    , -38711.6    , array([ 0.0310813  ,  0.290922   ,  1.74803    ,  0.994976   ])
1979    , -37712.7    , array([ 0.0310813  ,  0.290922   ,  1.70216    ,  0.994725   ])
1980    , -35670.4    , array([ 0.0284979  ,  0.282079   ,  1.65749    ,  0.994851   ])
1981    , -35782.6    , array([ 0.0354023  ,  0.277759   ,  1.67967    ,  0.994788   ])
1982    , -34513.5    , array([ 0.031763   ,  0.271402   ,  1.66854    ,  0.994694   ])
1983    , -32966.4    , array([ 0.0321094  ,  0.262139   ,  1.65199    ,  0.994553   ])
1984    , -32207.9    , array([ 0.032284   ,  0.257627   ,  1.64377    ,  0.994859   ])
1985    , -29631.9    , array([ 0.0329027  ,  0.242437   ,  1.61533    ,  0.994925   ])
1986    , -31349.6    , array([ 0.0273248  ,  0.252096   ,  1.63355    ,  0.994864   ])
1987    , -29185.1    , array([ 0.033239   ,  0.234672   ,  1.64343    ,  0.994809   ])
1988    , -26449.3    , array([ 0.0358977  ,  0.214045   ,  1.63644    ,  0.994788   ])
1989    , -24923.6    , array([ 0.0327525  ,  0.21411    ,  1.5691     ,  0.994589   ])
1990    , -20548      , array([ 0.0336215  ,  0.18944    ,  1.50652    ,  0.994396   ])
1991    , -21210.4    , array([ 0.0324417  ,  0.189906   ,  1.54394    ,  0.994933   ])
1992    , -19270      , array([ 0.0415387  ,  0.171393   ,  1.51792    ,  0.994656   ])
1993    , -16789.3    , array([ 0.0512154  ,  0.141321   ,  1.46321    ,  0.994552   ])
likelihood = -16789.27
theta = 52297.03
Optimized parameters = [0.05121541 0.14132067 1.46321446 0.99455243]

Round_3_Replicate_5
1994    , -32201.1    , array([ 0.0234057  ,  0.637831   ,  0.35358    ,  1.69301    ])
1995    , -35199.1    , array([ 0.0193994  ,  0.637831   ,  0.35358    ,  1.69301    ])
1996    , -31673.5    , array([ 0.0234057  ,  0.62365    ,  0.35358    ,  1.69301    ])
1997    , -31884.6    , array([ 0.0234057  ,  0.637831   ,  0.33567    ,  1.69301    ])
1998    , -32167.6    , array([ 0.0234057  ,  0.637831   ,  0.35358    ,  1.73817    ])
1999    , -28902.3    , array([ 0.0282394  ,  0.6307     ,  0.344509   ,  1.71544    ])
2000    , -26005.3    , array([ 0.0340714  ,  0.627165   ,  0.34006    ,  1.72677    ])
2001    , -28577.1    , array([ 0.0282394  ,  0.625405   ,  0.337858   ,  1.73246    ])
2002    , -26901.1    , array([ 0.0310186  ,  0.619283   ,  0.330261   ,  1.68467    ])
2003    , -24865.8    , array([ 0.0357086  ,  0.610213   ,  0.345069   ,  1.72535    ])
2004    , -21831.6    , array([ 0.0441061  ,  0.596855   ,  0.349866   ,  1.74175    ])
2005    , -20562.6    , array([ 0.0490187  ,  0.610534   ,  0.325864   ,  1.75       ])
2006    , -16492.2    , array([ 0.0709384  ,  0.60408    ,  0.312832   ,  1.77922    ])
2007    , -17540.2    , array([ 0.0643933  ,  0.598351   ,  0.328155   ,  1.73308    ])
2008    , -15689.1    , array([ 0.0844661  ,  0.593966   ,  0.334632   ,  1.80767    ])
2009    , -14928.3    , array([ 0.139384   ,  0.581698   ,  0.336839   ,  1.87249    ])
2010    , -14357.9    , array([ 0.155535   ,  0.564842   ,  0.323446   ,  1.83651    ])
2011    , -24893.8    , array([ 0.332312   ,  0.536043   ,  0.315446   ,  1.89397    ])
2012    , -16977.1    , array([ 0.225622   ,  0.577389   ,  0.302277   ,  1.86959    ])
likelihood = -14357.89
theta = 16995.78
Optimized parameters = [0.15553463 0.56484191 0.32344595 1.83650894]

Round_4_Replicate_1
2013    , -10832.6    , array([ 0.0448699  ,  0.10893    ,  1.28079    ,  1.74094    ])
2014    , -9853.64    , array([ 0.0384196  ,  0.10893    ,  1.28079    ,  1.74094    ])
2015    , -10372.2    , array([ 0.0448699  ,  0.0975003  ,  1.28079    ,  1.74094    ])
2016    , -11006      , array([ 0.0448699  ,  0.10893    ,  1.29673    ,  1.74094    ])
2017    , -10843.5    , array([ 0.0448699  ,  0.10893    ,  1.28079    ,  1.78988    ])
2018    , -9854.83    , array([ 0.0415197  ,  0.103057   ,  1.26504    ,  1.76524    ])
2019    , -9560.57    , array([ 0.0399396  ,  0.10024    ,  1.27289    ,  1.70512    ])
2020    , -9081.68    , array([ 0.0376815  ,  0.0961586  ,  1.26896    ,  1.66426    ])
2021    , -8888.73    , array([ 0.0366007  ,  0.0941806  ,  1.26699    ,  1.71401    ])
2022    , -8388.23    , array([ 0.0330565  ,  0.0875725  ,  1.26015    ,  1.7007     ])
2023    , -8682.5     , array([ 0.0314153  ,  0.0997206  ,  1.25675    ,  1.69408    ])
2024    , -8413.97    , array([ 0.0295315  ,  0.0928042  ,  1.26822    ,  1.63674    ])
2025    , -8194.27    , array([ 0.0279803  ,  0.0810412  ,  1.24646    ,  1.60915    ])
2026    , -8773.38    , array([ 0.0238782  ,  0.0699011  ,  1.22965    ,  1.54704    ])
2027    , -8442.64    , array([ 0.0245833  ,  0.0842801  ,  1.24689    ,  1.65518    ])
2028    , -8320.32    , array([ 0.0260841  ,  0.0747133  ,  1.25405    ,  1.60727    ])
2029    , -8477.81    , array([ 0.0343357  ,  0.0832328  ,  1.26759    ,  1.62106    ])
2030    , -8253.75    , array([ 0.0267249  ,  0.084017   ,  1.25203    ,  1.64659    ])
2031    , -8391.4     , array([ 0.0271904  ,  0.0719204  ,  1.23829    ,  1.64426    ])
2032    , -8233.1     , array([ 0.0277577  ,  0.0766533  ,  1.2457     ,  1.64237    ])
2033    , -8909.29    , array([ 0.0222591  ,  0.0713071  ,  1.23905    ,  1.55505    ])
2034    , -8193.18    , array([ 0.0299447  ,  0.0831877  ,  1.25484    ,  1.66305    ])
2035    , -8246.34    , array([ 0.0302245  ,  0.0881929  ,  1.24548    ,  1.67374    ])
2036    , -8238.09    , array([ 0.0313719  ,  0.0803521  ,  1.24421    ,  1.6472     ])
2037    , -8312.23    , array([ 0.0282611  ,  0.0730656  ,  1.25013    ,  1.60757    ])
2038    , -8190.19    , array([ 0.0297212  ,  0.0841402  ,  1.24664    ,  1.65695    ])
likelihood = -8190.19
theta = 72789.87
Optimized parameters = [0.02972122 0.08414016 1.24663703 1.65695037]

Round_4_Replicate_2
2039    , -18619.9    , array([ 0.0172232  ,  0.10144    ,  0.633698   ,  1.46014    ])
2040    , -21387.7    , array([ 0.0140578  ,  0.10144    ,  0.633698   ,  1.46014    ])
2041    , -19552.2    , array([ 0.0172232  ,  0.0904731  ,  0.633698   ,  1.46014    ])
2042    , -19045.6    , array([ 0.0172232  ,  0.10144    ,  0.619407   ,  1.46014    ])
2043    , -18610.2    , array([ 0.0172232  ,  0.10144    ,  0.633698   ,  1.48804    ])
2044    , -16799.4    , array([ 0.0211012  ,  0.0957997  ,  0.626512   ,  1.47402    ])
2045    , -15037      , array([ 0.0258525  ,  0.0930983  ,  0.62295    ,  1.48101    ])
2046    , -15987.1    , array([ 0.0211012  ,  0.108959   ,  0.621176   ,  1.48452    ])
2047    , -15003.1    , array([ 0.0233563  ,  0.100717   ,  0.636414   ,  1.49686    ])
2048    , -13338.5    , array([ 0.0271988  ,  0.100358   ,  0.645091   ,  1.51557    ])
2049    , -13122.1    , array([ 0.029351   ,  0.100178   ,  0.627629   ,  1.52501    ])
2050    , -11471      , array([ 0.0383158  ,  0.0995535  ,  0.624617   ,  1.55852    ])
2051    , -11003      , array([ 0.043778   ,  0.0992426  ,  0.623116   ,  1.53145    ])
2052    , -11622.9    , array([ 0.0697955  ,  0.0981618  ,  0.617892   ,  1.55364    ])
2053    , -11787.2    , array([ 0.0514678  ,  0.0881777  ,  0.636669   ,  1.55916    ])
2054    , -10507.5    , array([ 0.0592732  ,  0.100436   ,  0.641809   ,  1.60355    ])
2055    , -13009      , array([ 0.0897505  ,  0.104319   ,  0.651452   ,  1.66857    ])
2056    , -13529.2    , array([ 0.0831694  ,  0.0932076  ,  0.618201   ,  1.61183    ])
2057    , -11615.3    , array([ 0.035967   ,  0.0985203  ,  0.638261   ,  1.53908    ])
2058    , -10713.6    , array([ 0.036742   ,  0.112131   ,  0.627162   ,  1.55665    ])
2059    , -10042.5    , array([ 0.0531403  ,  0.107068   ,  0.620134   ,  1.58593    ])
2060    , -10063.8    , array([ 0.0645927  ,  0.111616   ,  0.611265   ,  1.60988    ])
2061    , -9784.96    , array([ 0.0587451  ,  0.109883   ,  0.631403   ,  1.57986    ])
2062    , -10207.3    , array([ 0.0727392  ,  0.115443   ,  0.634823   ,  1.59063    ])
2063    , -9349.18    , array([ 0.0595597  ,  0.115986   ,  0.637118   ,  1.63299    ])
2064    , -9364.04    , array([ 0.0694705  ,  0.125389   ,  0.644237   ,  1.68626    ])
2065    , -13049.7    , array([ 0.0903526  ,  0.104404   ,  0.638013   ,  1.64548    ])
2066    , -9865.1     , array([ 0.0460105  ,  0.110147   ,  0.629857   ,  1.5784     ])
2067    , -9189.36    , array([ 0.0493451  ,  0.122066   ,  0.61762    ,  1.58478    ])
2068    , -9103.72    , array([ 0.0450233  ,  0.13457    ,  0.605869   ,  1.57547    ])
likelihood = -9103.72
theta = 41114.11
Optimized parameters = [0.04502326 0.13456987 0.60586933 1.57547062]

Round_4_Replicate_3
2069    , -13315.1    , array([ 0.0436055  ,  0.13976    ,  1.33911    ,  1.12327    ])
2070    , -12567.8    , array([ 0.0372836  ,  0.13976    ,  1.33911    ,  1.12327    ])
2071    , -12195.2    , array([ 0.0436055  ,  0.126664   ,  1.33911    ,  1.12327    ])
2072    , -13601.6    , array([ 0.0436055  ,  0.13976    ,  1.35881    ,  1.12327    ])
2073    , -13320.6    , array([ 0.0436055  ,  0.13976    ,  1.33911    ,  1.12981    ])
2074    , -12024.1    , array([ 0.0403208  ,  0.133051   ,  1.3197     ,  1.12654    ])
2075    , -11359.8    , array([ 0.0387725  ,  0.129818   ,  1.30057    ,  1.12817    ])
2076    , -11362.1    , array([ 0.0380208  ,  0.128231   ,  1.3197     ,  1.11919    ])
2077    , -10616.8    , array([ 0.0355026  ,  0.122828   ,  1.3101     ,  1.12368    ])
2078    , -9765.46    , array([ 0.0320347  ,  0.115148   ,  1.29584    ,  1.12388    ])
2079    , -9901.47    , array([ 0.0384889  ,  0.11149    ,  1.28876    ,  1.12398    ])
2080    , -9578.29    , array([ 0.0309178  ,  0.115414   ,  1.2643     ,  1.12434    ])
2081    , -9412.84    , array([ 0.0260342  ,  0.11017    ,  1.22847    ,  1.12487    ])
2082    , -8901.01    , array([ 0.0293421  ,  0.10567    ,  1.23776    ,  1.13129    ])
2083    , -8731.35    , array([ 0.0257766  ,  0.0959245  ,  1.19871    ,  1.13739    ])
2084    , -8938.56    , array([ 0.0234606  ,  0.0897236  ,  1.20578    ,  1.12686    ])
2085    , -10640.9    , array([ 0.0184514  ,  0.093722   ,  1.177      ,  1.13251    ])
2086    , -9016.89    , array([ 0.0320264  ,  0.106755   ,  1.25986    ,  1.12611    ])
2087    , -9370.29    , array([ 0.022166   ,  0.0873747  ,  1.15421    ,  1.13373    ])
2088    , -8704.38    , array([ 0.0251673  ,  0.0813285  ,  1.18013    ,  1.13718    ])
2089    , -9337.92    , array([ 0.0247448  ,  0.0698769  ,  1.15668    ,  1.14339    ])
2090    , -8673.71    , array([ 0.0314969  ,  0.0989345  ,  1.27008    ,  1.13001    ])
2091    , -9792.44    , array([ 0.0375454  ,  0.105276   ,  1.33231    ,  1.12815    ])
2092    , -9506.38    , array([ 0.0216185  ,  0.0779518  ,  1.16828    ,  1.13964    ])
2093    , -8589.39    , array([ 0.0290294  ,  0.098684   ,  1.23632    ,  1.12947    ])
2094    , -8526.52    , array([ 0.032828   ,  0.0972695  ,  1.23605    ,  1.1402     ])
2095    , -9185.17    , array([ 0.0388328  ,  0.101277   ,  1.25147    ,  1.14692    ])
2096    , -8506.96    , array([ 0.0337185  ,  0.0916174  ,  1.26255    ,  1.13103    ])
2097    , -9105.94    , array([ 0.0385646  ,  0.0895369  ,  1.29573    ,  1.12787    ])
likelihood = -8506.96
theta = 66062.79
Optimized parameters = [0.03371848 0.09161737 1.26254894 1.13103491]

Round_4_Replicate_4
2098    , -14734      , array([ 0.0568005  ,  0.0843681  ,  0.524865   ,  0.903102   ])
2099    , -14985.8    , array([ 0.0492119  ,  0.0843681  ,  0.524865   ,  0.903102   ])
2100    , -16743.9    , array([ 0.0568005  ,  0.0745568  ,  0.524865   ,  0.903102   ])
2101    , -15147.6    , array([ 0.0568005  ,  0.0843681  ,  0.508218   ,  0.903102   ])
2102    , -14733.6    , array([ 0.0568005  ,  0.0843681  ,  0.524865   ,  0.898511   ])
2103    , -13262.9    , array([ 0.0528702  ,  0.0954706  ,  0.516474   ,  0.900803   ])
2104    , -11936.2    , array([ 0.0510082  ,  0.108034   ,  0.512329   ,  0.899656   ])
2105    , -12949.1    , array([ 0.050102   ,  0.0954706  ,  0.535545   ,  0.899084   ])
2106    , -12170.2    , array([ 0.0583486  ,  0.101558   ,  0.523808   ,  0.897081   ])
2107    , -11358.3    , array([ 0.0512374  ,  0.111425   ,  0.523281   ,  0.894086   ])
2108    , -10302      , array([ 0.0486636  ,  0.128052   ,  0.522491   ,  0.889612   ])
2109    , -9945.22    , array([ 0.0474256  ,  0.137274   ,  0.522097   ,  0.894193   ])
2110    , -9650.14    , array([ 0.0433354  ,  0.175102   ,  0.520718   ,  0.892042   ])
2111    , -9133.54    , array([ 0.0500039  ,  0.164288   ,  0.504552   ,  0.890117   ])
2112    , -9304.02    , array([ 0.0499549  ,  0.215514   ,  0.489734   ,  0.885668   ])
2113    , -10508.9    , array([ 0.039748   ,  0.19643    ,  0.506286   ,  0.888634   ])
2114    , -11665.1    , array([ 0.0401368  ,  0.248992   ,  0.514567   ,  0.880646   ])
2115    , -9995.25    , array([ 0.0426154  ,  0.202083   ,  0.514007   ,  0.885361   ])
2116    , -9394.34    , array([ 0.0533327  ,  0.138899   ,  0.524665   ,  0.889925   ])
2117    , -9921.83    , array([ 0.0456036  ,  0.22191    ,  0.509449   ,  0.889104   ])
2118    , -9150.2     , array([ 0.0538707  ,  0.147353   ,  0.515557   ,  0.895259   ])
2119    , -11400.8    , array([ 0.0547138  ,  0.109345   ,  0.523278   ,  0.894572   ])
2120    , -9144.5     , array([ 0.0477281  ,  0.185923   ,  0.512872   ,  0.890467   ])
2121    , -9167.76    , array([ 0.0604253  ,  0.142793   ,  0.508083   ,  0.890838   ])
2122    , -8824.68    , array([ 0.0522614  ,  0.182517   ,  0.496227   ,  0.893414   ])
2123    , -9060.39    , array([ 0.0517339  ,  0.209221   ,  0.482591   ,  0.895164   ])
likelihood = -8824.68
theta = 34557.05
Optimized parameters = [0.0522614  0.1825172  0.49622705 0.89341405]

Round_4_Replicate_5
2124    , -9537.18    , array([ 0.0405873  ,  0.143141   ,  0.592118   ,  2.00066    ])
2125    , -10596.8    , array([ 0.0345788  ,  0.143141   ,  0.592118   ,  2.00066    ])
2126    , -9893.21    , array([ 0.0405873  ,  0.129883   ,  0.592118   ,  2.00066    ])
2127    , -9747.88    , array([ 0.0405873  ,  0.143141   ,  0.576805   ,  2.00066    ])
2128    , -9535.18    , array([ 0.0405873  ,  0.143141   ,  0.592118   ,  2.07125    ])
2129    , -9085.76    , array([ 0.0476399  ,  0.136351   ,  0.584411   ,  2.03565    ])
2130    , -8916       , array([ 0.055918   ,  0.133078   ,  0.580595   ,  2.05337    ])
2131    , -8791.72    , array([ 0.0476399  ,  0.152106   ,  0.578697   ,  2.06229    ])
2132    , -8456.73    , array([ 0.0516132  ,  0.164606   ,  0.572101   ,  2.09381    ])
2133    , -8431.93    , array([ 0.0537225  ,  0.148005   ,  0.591633   ,  2.10975    ])
2134    , -8312.1     , array([ 0.0618072  ,  0.150498   ,  0.59919    ,  2.16651    ])
2135    , -8431.83    , array([ 0.066295   ,  0.15176    ,  0.579764   ,  2.19546    ])
2136    , -9333.45    , array([ 0.0847278  ,  0.156262   ,  0.573684   ,  2.1833     ])
2137    , -8555.06    , array([ 0.0704883  ,  0.152873   ,  0.578238   ,  2.15473    ])
2138    , -8279.42    , array([ 0.0690474  ,  0.180147   ,  0.583881   ,  2.25601    ])
2139    , -8914.12    , array([ 0.0767265  ,  0.209598   ,  0.58553    ,  2.36472    ])
2140    , -8256.37    , array([ 0.0542122  ,  0.170234   ,  0.589114   ,  2.19983    ])
2141    , -8698.35    , array([ 0.0475431  ,  0.179641   ,  0.594629   ,  2.22273    ])
2142    , -8772.08    , array([ 0.0758789  ,  0.160782   ,  0.604223   ,  2.32044    ])
2143    , -8224.91    , array([ 0.0568331  ,  0.163641   ,  0.579968   ,  2.14831    ])
2144    , -8302.26    , array([ 0.0546968  ,  0.181088   ,  0.596341   ,  2.18911    ])
2145    , -8538.95    , array([ 0.0551906  ,  0.200308   ,  0.575634   ,  2.22991    ])
2146    , -8174.76    , array([ 0.0600822  ,  0.161649   ,  0.593212   ,  2.18219    ])
2147    , -8311.81    , array([ 0.0653633  ,  0.157282   ,  0.576865   ,  2.20339    ])
2148    , -8188.72    , array([ 0.057188   ,  0.174819   ,  0.591411   ,  2.19267    ])
2149    , -8670.42    , array([ 0.0471223  ,  0.155748   ,  0.592963   ,  2.10782    ])
2150    , -8154.16    , array([ 0.0627578  ,  0.17371    ,  0.586138   ,  2.21802    ])
2151    , -8192.96    , array([ 0.0645747  ,  0.166491   ,  0.586208   ,  2.17057    ])
2152    , -8230.62    , array([ 0.0656582  ,  0.174701   ,  0.598649   ,  2.23412    ])
2153    , -8167.89    , array([ 0.0589214  ,  0.166339   ,  0.584583   ,  2.16945    ])
likelihood = -8154.16
theta = 35425.05
Optimized parameters = [0.06275775 0.1737103  0.58613803 2.21801659]

Round_1_Replicate_1
3026    , -69029.6    , array([ 0.540773   ,  0.361893   ,  0.131287   ,  0.307025   ])
3027    , -67386.7    , array([ 0.524404   ,  0.361893   ,  0.131287   ,  0.307025   ])
3028    , -67594.7    , array([ 0.540773   ,  0.343961   ,  0.131287   ,  0.307025   ])
3029    , -68080.6    , array([ 0.540773   ,  0.361893   ,  0.118613   ,  0.307025   ])
3030    , -72891.5    , array([ 0.540773   ,  0.361893   ,  0.131287   ,  0.289422   ])
3031    , -63469.5    , array([ 0.532526   ,  0.352813   ,  0.12479    ,  0.325698   ])
3032    , -59270.3    , array([ 0.528449   ,  0.348359   ,  0.121662   ,  0.345506   ])
3033    , -62071.8    , array([ 0.526423   ,  0.346153   ,  0.120128   ,  0.325698   ])
likelihood = -59270.28
theta = 15007.66
Optimized parameters = [0.52844915 0.34835903 0.12166225 0.34550633]

Round_1_Replicate_2
3034    , -160382     , array([ 2.16841    ,  0.681072   ,  0.297949   ,  0.587289   ])
3035    , -162792     , array([ 2.25398    ,  0.681072   ,  0.297949   ,  0.587289   ])
3036    , -159277     , array([ 2.16841    ,  0.668117   ,  0.297949   ,  0.587289   ])
3037    , -156919     , array([ 2.16841    ,  0.681072   ,  0.280446   ,  0.587289   ])
3038    , -161809     , array([ 2.16841    ,  0.681072   ,  0.297949   ,  0.571866   ])
3039    , -156381     , array([ 2.0861     ,  0.674563   ,  0.289065   ,  0.579526   ])
3040    , -153212     , array([ 2.00691    ,  0.671333   ,  0.284723   ,  0.575683   ])
3041    , -153112     , array([ 2.0861     ,  0.669723   ,  0.282577   ,  0.597139   ])
3042    , -148880     , array([ 2.04612    ,  0.66412    ,  0.27519    ,  0.610191   ])
likelihood = -148880.23
theta = 7840.06
Optimized parameters = [2.04612254 0.6641196  0.27519028 0.61019073]

Round_1_Replicate_3
3043    , -18417.5    , array([ 0.371913   ,  1.60387    ,  0.134059   ,  4.87921    ])
3044    , -18138.1    , array([ 0.353968   ,  1.60387    ,  0.134059   ,  4.87921    ])
3045    , -18893.6    , array([ 0.371913   ,  1.64221    ,  0.134059   ,  4.87921    ])
3046    , -16659      , array([ 0.371913   ,  1.60387    ,  0.121244   ,  4.87921    ])
3047    , -17991      , array([ 0.371913   ,  1.60387    ,  0.134059   ,  5.28162    ])
3048    , -16707.4    , array([ 0.36283    ,  1.56643    ,  0.127491   ,  5.07643    ])
3049    , -16351      , array([ 0.358371   ,  1.58504    ,  0.124328   ,  5.17801    ])
3050    , -15444.1    , array([ 0.351786   ,  1.57571    ,  0.119731   ,  5.3342     ])
likelihood = -15444.07
theta = 7047.95
Optimized parameters = [0.35178645 1.5757106  0.11973113 5.33419864]

Round_1_Replicate_4
3051    , -344990     , array([ 0.410718   ,  2.69466    ,  2.15487    ,  0.126417   ])
3052    , -336671     , array([ 0.392845   ,  2.69466    ,  2.15487    ,  0.126417   ])
3053    , -346348     , array([ 0.410718   ,  2.83159    ,  2.15487    ,  0.126417   ])
3054    , -349060     , array([ 0.410718   ,  2.69466    ,  2.23919    ,  0.126417   ])
3055    , -355957     , array([ 0.410718   ,  2.69466    ,  2.15487    ,  0.113998   ])
3056    , -333756     , array([ 0.401682   ,  2.76228    ,  2.19663    ,  0.14019    ])
3057    , -324478     , array([ 0.397239   ,  2.79672    ,  2.21781    ,  0.155462   ])
3058    , -326385     , array([ 0.395036   ,  2.8141     ,  2.10378    ,  0.14019    ])
likelihood = -324478.0
theta = 13189.58
Optimized parameters = [0.39723901 2.79671715 2.21780799 0.15546242]

Round_1_Replicate_5
3059    , -55569.8    , array([ 0.233794   ,  5.36925    ,  0.136791   ,  1.16751    ])
3060    , -55164.1    , array([ 0.217408   ,  5.36925    ,  0.136791   ,  1.16751    ])
3061    , -56959.4    , array([ 0.233794   ,  5.83995    ,  0.136791   ,  1.16751    ])
3062    , -54355.8    , array([ 0.233794   ,  5.36925    ,  0.12384    ,  1.16751    ])
3063    , -55522.2    , array([ 0.233794   ,  5.36925    ,  0.136791   ,  1.17659    ])
3064    , -53276.7    , array([ 0.225452   ,  4.93648    ,  0.130154   ,  1.17204    ])
3065    , -51412      , array([ 0.221393   ,  4.5386     ,  0.126958   ,  1.17432    ])
3066    , -52719.6    , array([ 0.219392   ,  4.93648    ,  0.125389   ,  1.17545    ])
likelihood = -51411.99
theta = 8463.15
Optimized parameters = [0.22139341 4.53860106 0.12695789 1.17431552]

Round_1_Replicate_6
3067    , -175628     , array([ 0.495348   ,  2.52063    ,  0.919167   ,  4.59473    ])
3068    , -172466     , array([ 0.478251   ,  2.52063    ,  0.919167   ,  4.59473    ])
3069    , -177386     , array([ 0.495348   ,  2.63988    ,  0.919167   ,  4.59473    ])
3070    , -175091     , array([ 0.495348   ,  2.52063    ,  0.915302   ,  4.59473    ])
3071    , -175524     , array([ 0.495348   ,  2.52063    ,  0.919167   ,  4.95876    ])
3072    , -171932     , array([ 0.486725   ,  2.40677    ,  0.917232   ,  4.77328    ])
3073    , -169171     , array([ 0.482469   ,  2.29804    ,  0.916267   ,  4.86514    ])
3074    , -170530     , array([ 0.480356   ,  2.40677    ,  0.915784   ,  4.91173    ])
likelihood = -169170.96
theta = 7231.58
Optimized parameters = [0.48246924 2.29804457 0.91626651 4.86513568]

Round_1_Replicate_7
3075    , -192694     , array([ 0.147649   ,  0.569779   ,  3.90835    ,  0.223696   ])
3076    , -183015     , array([ 0.134182   ,  0.569779   ,  3.90835    ,  0.223696   ])
3077    , -191485     , array([ 0.147649   ,  0.553977   ,  3.90835    ,  0.223696   ])
3078    , -202326     , array([ 0.147649   ,  0.569779   ,  4.18402    ,  0.223696   ])
3079    , -193095     , array([ 0.147649   ,  0.569779   ,  3.90835    ,  0.207559   ])
3080    , -178297     , array([ 0.140754   ,  0.561823   ,  3.65085    ,  0.215476   ])
3081    , -167253     , array([ 0.137429   ,  0.557886   ,  3.41031    ,  0.211481   ])
3082    , -174065     , array([ 0.135795   ,  0.555928   ,  3.65085    ,  0.234413   ])
likelihood = -167252.98
theta = 19886.99
Optimized parameters = [0.13742872 0.55788613 3.41031306 0.21148054]

Round_1_Replicate_8
3083    , -166616     , array([ 0.276499   ,  4.06199    ,  1.17688    ,  0.466713   ])
3084    , -160821     , array([ 0.259286   ,  4.06199    ,  1.17688    ,  0.466713   ])
3085    , -167852     , array([ 0.276499   ,  4.35688    ,  1.17688    ,  0.466713   ])
3086    , -167437     , array([ 0.276499   ,  4.06199    ,  1.18651    ,  0.466713   ])
3087    , -166821     , array([ 0.276499   ,  4.06199    ,  1.17688    ,  0.449265   ])
3088    , -162880     , array([ 0.267754   ,  3.78705    ,  1.18169    ,  0.457906   ])
3089    , -161128     , array([ 0.263486   ,  3.92211    ,  1.16972    ,  0.453565   ])
likelihood = -160821.11
theta = 11587.64
Optimized parameters = [0.25928586 4.06198626 1.17688482 0.46671297]

Round_1_Replicate_9
3090    , -386938     , array([ 0.409731   ,  0.253935   ,  7.44462    ,  0.844763   ])
3091    , -381831     , array([ 0.391853   ,  0.253935   ,  7.44462    ,  0.844763   ])
3092    , -381525     , array([ 0.409731   ,  0.237114   ,  7.44462    ,  0.844763   ])
3093    , -406451     , array([ 0.409731   ,  0.253935   ,  8.23066    ,  0.844763   ])
3094    , -386943     , array([ 0.409731   ,  0.253935   ,  7.44462    ,  0.837668   ])
3095    , -362512     , array([ 0.400692   ,  0.24538    ,  6.73365    ,  0.841208   ])
3096    , -341086     , array([ 0.396248   ,  0.241212   ,  6.09058    ,  0.839436   ])
3097    , -358676     , array([ 0.394045   ,  0.239154   ,  6.73365    ,  0.849228   ])
likelihood = -341085.56
theta = 19985.96
Optimized parameters = [0.39624822 0.24121197 6.09057575 0.83943592]

Round_1_Replicate_10
3098    , -311444     , array([ 0.188572   ,  0.523606   ,  6.74217    ,  0.6842     ])
3099    , -299687     , array([ 0.173481   ,  0.523606   ,  6.74217    ,  0.6842     ])
3100    , -309734     , array([ 0.188572   ,  0.506938   ,  6.74217    ,  0.6842     ])
3101    , -329950     , array([ 0.188572   ,  0.523606   ,  7.4172     ,  0.6842     ])
3102    , -311402     , array([ 0.188572   ,  0.523606   ,  6.74217    ,  0.671339   ])
3103    , -286852     , array([ 0.180869   ,  0.515205   ,  6.12858    ,  0.677739   ])
3104    , -266418     , array([ 0.177136   ,  0.511055   ,  5.57083    ,  0.674532   ])
3105    , -281995     , array([ 0.175299   ,  0.508992   ,  6.12858    ,  0.672934   ])
likelihood = -266417.94
theta = 21929.97
Optimized parameters = [0.17713618 0.51105474 5.57083015 0.67453172]

Round_2_Replicate_1
3106    , -18111      , array([ 0.374561   ,  3.05841    ,  0.0710659  ,  11.7339    ])
3107    , -18396.8    , array([ 0.356615   ,  3.05841    ,  0.0710659  ,  11.7339    ])
3108    , -19331.6    , array([ 0.374561   ,  3.23423    ,  0.0710659  ,  11.7339    ])
3109    , -16686      , array([ 0.374561   ,  3.05841    ,  0.062265   ,  11.7339    ])
3110    , -17782.7    , array([ 0.374561   ,  3.05841    ,  0.0710659  ,  13.2713    ])
3111    , -16232.5    , array([ 0.365478   ,  2.89215    ,  0.0665201  ,  12.479     ])
3112    , -14953      , array([ 0.361019   ,  2.73493    ,  0.0643574  ,  12.869     ])
3113    , -15311.1    , array([ 0.386234   ,  2.89215    ,  0.0633026  ,  13.0686    ])
3114    , -14495.5    , array([ 0.373414   ,  2.81244    ,  0.059745   ,  13.7919    ])
3115    , -13304.6    , array([ 0.372841   ,  2.69698    ,  0.0547799  ,  14.9525    ])
3116    , -13136      , array([ 0.372555   ,  2.64104    ,  0.0524544  ,  12.9435    ])
3117    , -12313.9    , array([ 0.371556   ,  2.45422    ,  0.0450653  ,  12.7827    ])
likelihood = -12313.94
theta = 3974.79
Optimized parameters = [ 0.37155625  2.45422365  0.04506526 12.78267879]

Round_2_Replicate_2
3118    , -58235.6    , array([ 0.734661   ,  5.841      ,  0.054012   ,  1.91041    ])
3119    , -57770      , array([ 0.723422   ,  5.841      ,  0.054012   ,  1.91041    ])
3120    , -59952.5    , array([ 0.734661   ,  6.37986    ,  0.054012   ,  1.91041    ])
3121    , -56869.8    , array([ 0.734661   ,  5.841      ,  0.0466783  ,  1.91041    ])
3122    , -57321.1    , array([ 0.734661   ,  5.841      ,  0.054012   ,  1.97326    ])
3123    , -55061.3    , array([ 0.72902    ,  5.34765    ,  0.0502114  ,  1.94158    ])
3124    , -52583.5    , array([ 0.726215   ,  4.89596    ,  0.0484126  ,  1.95735    ])
3125    , -54082.8    , array([ 0.724817   ,  5.34765    ,  0.0475375  ,  1.96529    ])
3126    , -52720.1    , array([ 0.736788   ,  5.11682    ,  0.0445974  ,  1.99332    ])
3127    , -51112.6    , array([ 0.726565   ,  4.78914    ,  0.0405247  ,  1.93962    ])
3128    , -48382.3    , array([ 0.722551   ,  4.33653    ,  0.0351022  ,  1.92301    ])
likelihood = -48382.31
theta = 5887.7
Optimized parameters = [0.72255093 4.33652933 0.0351022  1.92301371]

Round_2_Replicate_3
3129    , -46869.7    , array([ 0.327045   ,  1.84564    ,  0.29004    ,  4.05788    ])
3130    , -45915      , array([ 0.30927    ,  1.84564    ,  0.29004    ,  4.05788    ])
3131    , -47901.1    , array([ 0.327045   ,  1.90307    ,  0.29004    ,  4.05788    ])
3132    , -44024.1    , array([ 0.327045   ,  1.84564    ,  0.272634   ,  4.05788    ])
3133    , -46660.7    , array([ 0.327045   ,  1.84564    ,  0.29004    ,  4.35225    ])
3134    , -43835.4    , array([ 0.318034   ,  1.78995    ,  0.281202   ,  4.20249    ])
3135    , -41868.8    , array([ 0.313621   ,  1.73593    ,  0.276885   ,  4.27671    ])
3136    , -42398.3    , array([ 0.311438   ,  1.78995    ,  0.274751   ,  4.31431    ])
3137    , -40627.6    , array([ 0.303916   ,  1.76273    ,  0.267412   ,  4.00494    ])
3138    , -37931.6    , array([ 0.292973   ,  1.72269    ,  0.256769   ,  3.84182    ])
3139    , -37310.9    , array([ 0.312801   ,  1.70301    ,  0.251608   ,  4.17956    ])
3140    , -33417.7    , array([ 0.314581   ,  1.63587    ,  0.234346   ,  4.24176    ])
likelihood = -33417.68
theta = 8054.06
Optimized parameters = [0.3145814  1.63587461 0.23434593 4.24175636]

Round_2_Replicate_4
3141    , -12049.6    , array([ 0.175304   ,  0.545026   ,  0.245143   ,  1.38151    ])
3142    , -11646      , array([ 0.160688   ,  0.545026   ,  0.245143   ,  1.38151    ])
3143    , -11717.2    , array([ 0.175304   ,  0.528735   ,  0.245143   ,  1.38151    ])
3144    , -11455.6    , array([ 0.175304   ,  0.545026   ,  0.228503   ,  1.38151    ])
3145    , -11980.6    , array([ 0.175304   ,  0.545026   ,  0.245143   ,  1.40401    ])
3146    , -11337.1    , array([ 0.167837   ,  0.536819   ,  0.236677   ,  1.39271    ])
3147    , -11027.8    , array([ 0.164223   ,  0.532761   ,  0.232554   ,  1.39835    ])
3148    , -10978.6    , array([ 0.162446   ,  0.530744   ,  0.230519   ,  1.36762    ])
3149    , -10605      , array([ 0.156375   ,  0.523745   ,  0.223538   ,  1.34979    ])
3150    , -10805.2    , array([ 0.153425   ,  0.544509   ,  0.220127   ,  1.37385    ])
3151    , -10387.4    , array([ 0.163555   ,  0.527983   ,  0.208593   ,  1.37004    ])
3152    , -9997.1     , array([ 0.165007   ,  0.519663   ,  0.192415   ,  1.36435    ])
likelihood = -9997.1
theta = 17419.85
Optimized parameters = [0.16500726 0.51966301 0.19241477 1.364347  ]

Round_2_Replicate_5
3153    , -63719.3    , array([ 0.11199    ,  5.274      ,  0.220968   ,  2.40911    ])
3154    , -64474.7    , array([ 0.100378   ,  5.274      ,  0.220968   ,  2.40911    ])
3155    , -65484.2    , array([ 0.11199    ,  5.73122    ,  0.220968   ,  2.40911    ])
3156    , -62169      , array([ 0.11199    ,  5.274      ,  0.204902   ,  2.40911    ])
3157    , -63890.9    , array([ 0.11199    ,  5.274      ,  0.220968   ,  2.51739    ])
3158    , -61539.6    , array([ 0.106026   ,  4.85326    ,  0.212783   ,  2.46266    ])
3159    , -59480.3    , array([ 0.103163   ,  4.46608    ,  0.208805   ,  2.48987    ])
3160    , -60181.2    , array([ 0.119921   ,  4.85326    ,  0.206844   ,  2.50359    ])
3161    , -58944.9    , array([ 0.111227   ,  4.65564    ,  0.200125   ,  2.38934    ])
3162    , -56553.2    , array([ 0.110847   ,  4.37421    ,  0.190453   ,  2.32777    ])
3163    , -55445.1    , array([ 0.110658   ,  4.23994    ,  0.185793   ,  2.45421    ])
3164    , -51348.9    , array([ 0.109997   ,  3.80162    ,  0.170365   ,  2.47708    ])
likelihood = -51348.92
theta = 7389.27
Optimized parameters = [0.10999717 3.80162111 0.17036476 2.47707643]

Round_2_Replicate_6
3165    , -14734.4    , array([ 0.205189   ,  1.39848    ,  0.139455   ,  8.86256    ])
3166    , -15183.2    , array([ 0.189567   ,  1.39848    ,  0.139455   ,  8.86256    ])
3167    , -15034.4    , array([ 0.205189   ,  1.42213    ,  0.139455   ,  8.86256    ])
3168    , -13749.9    , array([ 0.205189   ,  1.39848    ,  0.126374   ,  8.86256    ])
3169    , -14637.4    , array([ 0.205189   ,  1.39848    ,  0.139455   ,  9.8841     ])
3170    , -13888.7    , array([ 0.222099   ,  1.41026    ,  0.132754   ,  9.3594     ])
3171    , -13473.8    , array([ 0.213477   ,  1.381      ,  0.129524   ,  9.61817    ])
3172    , -12789.4    , array([ 0.217745   ,  1.36089    ,  0.124827   ,  10.0198    ])
3173    , -12827      , array([ 0.219911   ,  1.38535    ,  0.122543   ,  10.2269    ])
3174    , -12169.1    , array([ 0.227664   ,  1.37883    ,  0.114872   ,  9.32755    ])
3175    , -11283.3    , array([ 0.239808   ,  1.36911    ,  0.104257   ,  9.06114    ])
likelihood = -11283.26
theta = 6723.54
Optimized parameters = [0.23980838 1.36911439 0.10425718 9.06113728]

Round_2_Replicate_7
3176    , -22434.9    , array([ 0.116841   ,  1.80198    ,  0.0706926  ,  16.1267    ])
3177    , -24091.7    , array([ 0.104948   ,  1.80198    ,  0.0706926  ,  16.1267    ])
3178    , -22738.2    , array([ 0.116841   ,  1.85582    ,  0.0706926  ,  16.1267    ])
3179    , -23190.2    , array([ 0.116841   ,  1.80198    ,  0.0619216  ,  16.1267    ])
3180    , -22534.8    , array([ 0.116841   ,  1.80198    ,  0.0706926  ,  18.532     ])
3181    , -21337.4    , array([ 0.130081   ,  1.8287     ,  0.0661619  ,  17.2876    ])
3182    , -20034.2    , array([ 0.144822   ,  1.84221    ,  0.0640067  ,  17.899     ])
3183    , -20935      , array([ 0.130081   ,  1.84901    ,  0.0767946  ,  18.2128    ])
3184    , -20169.3    , array([ 0.137254   ,  1.79206    ,  0.0701097  ,  19.3549    ])
3185    , -19224.6    , array([ 0.148761   ,  1.84052    ,  0.0698201  ,  17.2126    ])
3186    , -17694.7    , array([ 0.167856   ,  1.8601     ,  0.0693878  ,  16.5886    ])
likelihood = -17694.67
theta = 4829.19
Optimized parameters = [ 0.16785615  1.86009706  0.06938784 16.58860554]

Round_2_Replicate_8
3187    , -22009.6    , array([ 0.671683   ,  0.728959   ,  0.142873   ,  4.38582    ])
3188    , -21468.8    , array([ 0.658449   ,  0.728959   ,  0.142873   ,  4.38582    ])
3189    , -22020.9    , array([ 0.671683   ,  0.717527   ,  0.142873   ,  4.38582    ])
3190    , -20229.3    , array([ 0.671683   ,  0.728959   ,  0.129628   ,  4.38582    ])
3191    , -21627.9    , array([ 0.671683   ,  0.728959   ,  0.142873   ,  4.7223     ])
3192    , -20606      , array([ 0.665033   ,  0.740573   ,  0.136089   ,  4.55095    ])
3193    , -19962.7    , array([ 0.661733   ,  0.734743   ,  0.132819   ,  4.63583    ])
3194    , -19032      , array([ 0.656814   ,  0.737653   ,  0.128061   ,  4.76613    ])
3195    , -19149.4    , array([ 0.654368   ,  0.739112   ,  0.125746   ,  4.32545    ])
3196    , -18250.4    , array([ 0.665447   ,  0.744241   ,  0.117969   ,  4.62514    ])
3197    , -17015.5    , array([ 0.668973   ,  0.752001   ,  0.107195   ,  4.74965    ])
likelihood = -17015.47
theta = 7734.11
Optimized parameters = [0.6689734  0.75200099 0.10719487 4.74964802]

Round_2_Replicate_9
3198    , -39876.1    , array([ 0.387848   ,  3.48038    ,  0.13975    ,  5.13211    ])
3199    , -39595.1    , array([ 0.369908   ,  3.48038    ,  0.13975    ,  5.13211    ])
3200    , -41755.1    , array([ 0.387848   ,  3.70431    ,  0.13975    ,  5.13211    ])
3201    , -36994.3    , array([ 0.387848   ,  3.48038    ,  0.126654   ,  5.13211    ])
3202    , -39511.6    , array([ 0.387848   ,  3.48038    ,  0.13975    ,  5.56943    ])
3203    , -36209      , array([ 0.378772   ,  3.26998    ,  0.133041   ,  5.3463     ])
3204    , -33522.6    , array([ 0.374314   ,  3.0723     ,  0.129808   ,  5.45672    ])
3205    , -34943.6    , array([ 0.372105   ,  3.26998    ,  0.128222   ,  5.51279    ])
3206    , -32879.3    , array([ 0.391307   ,  3.1696     ,  0.122819   ,  5.71359    ])
3207    , -29689.6    , array([ 0.402466   ,  3.02478    ,  0.115139   ,  6.02859    ])
3208    , -28690.9    , array([ 0.380176   ,  2.95487    ,  0.111481   ,  5.47768    ])
3209    , -24325.7    , array([ 0.376397   ,  2.72266    ,  0.0995693  ,  5.43237    ])
likelihood = -24325.65
theta = 5521.16
Optimized parameters = [0.37639691 2.72266036 0.09956931 5.43237374]

Round_2_Replicate_10
3210    , -29533.7    , array([ 0.207782   ,  0.397101   ,  0.058586   ,  14.7036    ])
3211    , -30354      , array([ 0.192083   ,  0.397101   ,  0.058586   ,  14.7036    ])
3212    , -30530.8    , array([ 0.207782   ,  0.37918    ,  0.058586   ,  14.7036    ])
3213    , -33228      , array([ 0.207782   ,  0.397101   ,  0.0508374  ,  14.7036    ])
3214    , -30202.1    , array([ 0.207782   ,  0.397101   ,  0.058586   ,  16.8188    ])
3215    , -27055.2    , array([ 0.199779   ,  0.388037   ,  0.0675156  ,  15.7257    ])
3216    , -23980.1    , array([ 0.195893   ,  0.383583   ,  0.0778063  ,  16.263     ])
3217    , -26484.3    , array([ 0.193979   ,  0.408729   ,  0.0675156  ,  16.5386    ])
3218    , -24717.1    , array([ 0.210866   ,  0.395956   ,  0.0724785  ,  17.5402    ])
3219    , -22427.7    , array([ 0.196375   ,  0.395385   ,  0.0806152  ,  15.6597    ])
3220    , -18975.6    , array([ 0.190908   ,  0.39453    ,  0.0945646  ,  15.1105    ])
likelihood = -18975.63
theta = 8818.51
Optimized parameters = [ 0.19090775  0.3945303   0.09456462 15.11053944]

Round_3_Replicate_1
3221    , -11500.9    , array([ 0.0644674  ,  0.260787   ,  0.564148   ,  0.500037   ])
3222    , -11810.7    , array([ 0.0562092  ,  0.260787   ,  0.564148   ,  0.500037   ])
3223    , -10624      , array([ 0.0644674  ,  0.243837   ,  0.564148   ,  0.500037   ])
3224    , -11294.5    , array([ 0.0644674  ,  0.260787   ,  0.54823    ,  0.500037   ])
3225    , -11662.2    , array([ 0.0644674  ,  0.260787   ,  0.564148   ,  0.483006   ])
3226    , -11036.7    , array([ 0.073939   ,  0.25217    ,  0.556132   ,  0.491448   ])
3227    , -10552.5    , array([ 0.069041   ,  0.247969   ,  0.552167   ,  0.513204   ])
3228    , -10107.6    , array([ 0.071448   ,  0.241798   ,  0.546272   ,  0.529003   ])
3229    , -10079.7    , array([ 0.0726828  ,  0.23877    ,  0.543348   ,  0.50988    ])
3230    , -9616.72    , array([ 0.0771752  ,  0.228469   ,  0.533237   ,  0.514874   ])
3231    , -9728.9     , array([ 0.0795244  ,  0.223486   ,  0.551426   ,  0.517389   ])
3232    , -9099.3     , array([ 0.0719086  ,  0.217581   ,  0.541286   ,  0.540147   ])
3233    , -8555.05    , array([ 0.0709144  ,  0.202109   ,  0.534013   ,  0.566277   ])
3234    , -9034.18    , array([ 0.0864989  ,  0.20486    ,  0.519148   ,  0.564937   ])
3235    , -8895.09    , array([ 0.0858759  ,  0.190155   ,  0.522657   ,  0.551843   ])
3236    , -8463.43    , array([ 0.0801764  ,  0.189775   ,  0.504084   ,  0.582714   ])
3237    , -8491.26    , array([ 0.0805045  ,  0.174877   ,  0.48196    ,  0.618408   ])
3238    , -8780.86    , array([ 0.0842082  ,  0.169187   ,  0.506828   ,  0.622945   ])
likelihood = -8463.43
theta = 32041.62
Optimized parameters = [0.08017644 0.18977459 0.50408404 0.58271418]

Round_3_Replicate_2
3239    , -42527.2    , array([ 0.0536728  ,  1.07933    ,  0.0490644  ,  0.390101   ])
3240    , -44679.2    , array([ 0.0463705  ,  1.07933    ,  0.0490644  ,  0.390101   ])
3241    , -42596.3    , array([ 0.0536728  ,  1.08346    ,  0.0490644  ,  0.390101   ])
3242    , -42939.3    , array([ 0.0536728  ,  1.07933    ,  0.0421992  ,  0.390101   ])
3243    , -42884.9    , array([ 0.0536728  ,  1.07933    ,  0.0490644  ,  0.372165   ])
3244    , -40845.3    , array([ 0.062125   ,  1.0814     ,  0.0455025  ,  0.381027   ])
3245    , -39043.7    , array([ 0.0719082  ,  1.08243    ,  0.0438198  ,  0.37657    ])
3246    , -40605.4    , array([ 0.062125   ,  1.08295    ,  0.0539113  ,  0.374361   ])
3247    , -39506.7    , array([ 0.0668378  ,  1.08476    ,  0.0486043  ,  0.393559   ])
3248    , -38354.8    , array([ 0.0745859  ,  1.08127    ,  0.0483759  ,  0.377124   ])
3249    , -36613.3    , array([ 0.0879241  ,  1.08017    ,  0.0480353  ,  0.370799   ])
3250    , -36038.6    , array([ 0.0954627  ,  1.08582    ,  0.0478659  ,  0.367676   ])
3251    , -35393.8    , array([ 0.127313   ,  1.08908    ,  0.0472777  ,  0.356952   ])
3252    , -34739.5    , array([ 0.118066   ,  1.08527    ,  0.0407945  ,  0.37412    ])
3253    , -35748.8    , array([ 0.162762   ,  1.08643    ,  0.0354864  ,  0.374      ])
3254    , -36447.5    , array([ 0.145855   ,  1.08371    ,  0.0414543  ,  0.346971   ])
3255    , -40706.1    , array([ 0.193079   ,  1.08668    ,  0.0447223  ,  0.348081   ])
3256    , -36373.2    , array([ 0.0920487  ,  1.08349    ,  0.0440437  ,  0.369236   ])
3257    , -37187.2    , array([ 0.16157    ,  1.09062    ,  0.0390656  ,  0.352753   ])
3258    , -35555.8    , array([ 0.10237    ,  1.08278    ,  0.0456162  ,  0.366203   ])
likelihood = -34739.51
theta = 16694.89
Optimized parameters = [0.11806601 1.08526554 0.04079446 0.37412014]

Round_3_Replicate_3
3259    , -15039      , array([ 0.162614   ,  0.284078   ,  0.0893097  ,  0.977162   ])
3260    , -15188.5    , array([ 0.148497   ,  0.284078   ,  0.0893097  ,  0.977162   ])
3261    , -15870      , array([ 0.162614   ,  0.266753   ,  0.0893097  ,  0.977162   ])
3262    , -16062.4    , array([ 0.162614   ,  0.284078   ,  0.0791487  ,  0.977162   ])
3263    , -15034.3    , array([ 0.162614   ,  0.284078   ,  0.0893097  ,  0.976033   ])
3264    , -14455.3    , array([ 0.155395   ,  0.275279   ,  0.100775   ,  0.976597   ])
3265    , -13655.3    , array([ 0.151907   ,  0.270983   ,  0.113713   ,  0.976315   ])
3266    , -13691.9    , array([ 0.150192   ,  0.295473   ,  0.100775   ,  0.976174   ])
3267    , -13628.3    , array([ 0.165407   ,  0.282963   ,  0.107049   ,  0.975681   ])
3268    , -13063.5    , array([ 0.174571   ,  0.282407   ,  0.117199   ,  0.974942   ])
3269    , -12622.5    , array([ 0.156502   ,  0.282129   ,  0.122629   ,  0.974572   ])
3270    , -11552.8    , array([ 0.153532   ,  0.28116    ,  0.143695   ,  0.97328    ])
3271    , -11072      , array([ 0.152069   ,  0.280677   ,  0.155548   ,  0.974322   ])
3272    , -9756.29    , array([ 0.147055   ,  0.278992   ,  0.20528    ,  0.973467   ])
3273    , -10745.1    , array([ 0.162918   ,  0.262219   ,  0.196746   ,  0.972829   ])
3274    , -10178.5    , array([ 0.166814   ,  0.281255   ,  0.22935    ,  0.97095    ])
3275    , -9556.06    , array([ 0.141895   ,  0.269327   ,  0.311296   ,  0.970326   ])
3276    , -12528.8    , array([ 0.127927   ,  0.263015   ,  0.50734    ,  0.968026   ])
3277    , -11466.5    , array([ 0.155104   ,  0.264767   ,  0.373699   ,  0.970506   ])
3278    , -10079.4    , array([ 0.15471    ,  0.268773   ,  0.294274   ,  0.971199   ])
likelihood = -9556.06
theta = 23914.7
Optimized parameters = [0.14189494 0.26932655 0.31129588 0.97032602]

Round_3_Replicate_4
3279    , -33148.1    , array([ 0.42298    ,  0.910639   ,  0.174516   ,  1.00868    ])
3280    , -31871.1    , array([ 0.405168   ,  0.910639   ,  0.174516   ,  1.00868    ])
3281    , -33048.6    , array([ 0.42298    ,  0.906387   ,  0.174516   ,  1.00868    ])
3282    , -31648.7    , array([ 0.42298    ,  0.910639   ,  0.159929   ,  1.00868    ])
3283    , -33138.3    , array([ 0.42298    ,  0.910639   ,  0.174516   ,  1.00912    ])
3284    , -31687.5    , array([ 0.413978   ,  0.90851    ,  0.167063   ,  1.0089     ])
3285    , -31007.3    , array([ 0.40955    ,  0.907448   ,  0.163457   ,  1.00836    ])
3286    , -30020.4    , array([ 0.402995   ,  0.905856   ,  0.158193   ,  1.00798    ])
3287    , -29673.8    , array([ 0.399758   ,  0.911438   ,  0.155625   ,  1.00844    ])
3288    , -28209.7    , array([ 0.388629   ,  0.913975   ,  0.146961   ,  1.00832    ])
3289    , -29012.7    , array([ 0.408725   ,  0.908843   ,  0.142812   ,  1.00825    ])
3290    , -27920.2    , array([ 0.39748    ,  0.911138   ,  0.13793    ,  1.00771    ])
3291    , -26410.5    , array([ 0.389479   ,  0.912455   ,  0.125329   ,  1.00712    ])
3292    , -25590.4    , array([ 0.373298   ,  0.909915   ,  0.127549   ,  1.00715    ])
3293    , -23384.5    , array([ 0.35069    ,  0.909553   ,  0.113907   ,  1.00638    ])
3294    , -23979.6    , array([ 0.3655     ,  0.916583   ,  0.10942    ,  1.00706    ])
3295    , -22565.4    , array([ 0.340788   ,  0.917454   ,  0.106093   ,  1.00619    ])
3296    , -20654.2    , array([ 0.31118    ,  0.92179    ,  0.0914421  ,  1.00515    ])
3297    , -20542.8    , array([ 0.320714   ,  0.916194   ,  0.081324   ,  1.00455    ])
3298    , -19294.4    , array([ 0.291346   ,  0.917306   ,  0.060496   ,  1.00266    ])
likelihood = -19294.41
theta = 13341.11
Optimized parameters = [0.29134582 0.91730631 0.06049597 1.00266484]

Round_3_Replicate_5
3299    , -16129.7    , array([ 0.049707   ,  0.414758   ,  0.225279   ,  3.63999    ])
3300    , -18134.2    , array([ 0.0427798  ,  0.414758   ,  0.225279   ,  3.63999    ])
3301    , -16042.3    , array([ 0.049707   ,  0.396904   ,  0.225279   ,  3.63999    ])
3302    , -16829.6    , array([ 0.049707   ,  0.414758   ,  0.209101   ,  3.63999    ])
3303    , -16201.2    , array([ 0.049707   ,  0.414758   ,  0.225279   ,  3.88289    ])
3304    , -14606.1    , array([ 0.0577559  ,  0.405733   ,  0.21704    ,  3.75948    ])
3305    , -13092.5    , array([ 0.0671082  ,  0.401294   ,  0.213034   ,  3.82069    ])
3306    , -13884.8    , array([ 0.0577559  ,  0.399093   ,  0.23602    ,  3.85166    ])
3307    , -13377.4    , array([ 0.0622567  ,  0.391483   ,  0.224232   ,  3.59617    ])
3308    , -12276      , array([ 0.069674   ,  0.38034    ,  0.223711   ,  3.81298    ])
3309    , -10844.8    , array([ 0.0824892  ,  0.364217   ,  0.222931   ,  3.90254    ])
3310    , -10159.1    , array([ 0.0897554  ,  0.380732   ,  0.222542   ,  3.9481     ])
3311    , -8667.6     , array([ 0.12061    ,  0.372896   ,  0.221185   ,  4.1118     ])
3312    , -9452.72    , array([ 0.111628   ,  0.366006   ,  0.205631   ,  3.85507    ])
3313    , -8788.47    , array([ 0.138669   ,  0.360775   ,  0.207268   ,  4.275      ])
3314    , -9376.85    , array([ 0.184922   ,  0.333713   ,  0.215192   ,  4.2563     ])
3315    , -10192.8    , array([ 0.22525    ,  0.351951   ,  0.202037   ,  4.35181    ])
3316    , -8918.09    , array([ 0.175226   ,  0.354978   ,  0.207069   ,  4.23486    ])
likelihood = -8667.6
theta = 16693.85
Optimized parameters = [0.12060957 0.37289561 0.22118534 4.11180277]

Round_4_Replicate_1
3317    , -9198.64    , array([ 0.0951271  ,  0.248518   ,  0.255786   ,  0.97489    ])
3318    , -9563.18    , array([ 0.0845706  ,  0.248518   ,  0.255786   ,  0.97489    ])
3319    , -9572.64    , array([ 0.0951271  ,  0.231807   ,  0.255786   ,  0.97489    ])
3320    , -9604.1     , array([ 0.0951271  ,  0.248518   ,  0.23893    ,  0.97489    ])
3321    , -9197.92    , array([ 0.0951271  ,  0.248518   ,  0.255786   ,  0.973651   ])
3322    , -9114.96    , array([ 0.0896937  ,  0.240017   ,  0.273832   ,  0.97427    ])
3323    , -8897.61    , array([ 0.0870945  ,  0.235876   ,  0.29315    ,  0.973961   ])
3324    , -8977.39    , array([ 0.0858233  ,  0.259569   ,  0.273832   ,  0.973806   ])
3325    , -8696.45    , array([ 0.0972484  ,  0.247439   ,  0.283326   ,  0.973264   ])
3326    , -8534.49    , array([ 0.104283   ,  0.246902   ,  0.298189   ,  0.972452   ])
3327    , -8507.31    , array([ 0.0905217  ,  0.246633   ,  0.30591    ,  0.972047   ])
3328    , -8292.19    , array([ 0.0883033  ,  0.245696   ,  0.334543   ,  0.970628   ])
3329    , -8221.65    , array([ 0.0872146  ,  0.245229   ,  0.349849   ,  0.971772   ])
3330    , -8195.09    , array([ 0.0835087  ,  0.2436     ,  0.40915    ,  0.970833   ])
3331    , -8321.5     , array([ 0.0953568  ,  0.227452   ,  0.39946    ,  0.970133   ])
3332    , -8735.02    , array([ 0.0983211  ,  0.245788   ,  0.435572   ,  0.968071   ])
3333    , -8301.34    , array([ 0.0953856  ,  0.243272   ,  0.394518   ,  0.96954    ])
3334    , -8507.09    , array([ 0.078534   ,  0.23308    ,  0.492545   ,  0.96812    ])
3335    , -8245.51    , array([ 0.0843037  ,  0.236461   ,  0.434467   ,  0.969201   ])
3336    , -8286.58    , array([ 0.0807546  ,  0.257973   ,  0.383447   ,  0.969968   ])
3337    , -8369.38    , array([ 0.0742812  ,  0.248378   ,  0.382764   ,  0.970775   ])
3338    , -8194.3     , array([ 0.0896049  ,  0.244538   ,  0.391546   ,  0.969849   ])
3339    , -8735.29    , array([ 0.080828   ,  0.245347   ,  0.488329   ,  0.969297   ])
3340    , -8174.12    , array([ 0.0863721  ,  0.245609   ,  0.36772    ,  0.970295   ])
3341    , -8274.32    , array([ 0.0914059  ,  0.228002   ,  0.417219   ,  0.970121   ])
3342    , -8197.78    , array([ 0.0886182  ,  0.235152   ,  0.408507   ,  0.970083   ])
3343    , -8185.34    , array([ 0.0897704  ,  0.248056   ,  0.357054   ,  0.97133    ])
3344    , -8224.04    , array([ 0.0859533  ,  0.256189   ,  0.355024   ,  0.971071   ])
3345    , -8169.66    , array([ 0.0879443  ,  0.240243   ,  0.394425   ,  0.97033    ])
likelihood = -8169.66
theta = 27975.07
Optimized parameters = [0.08794428 0.2402434  0.39442474 0.9703297 ]

Round_4_Replicate_2
3346    , -15020.4    , array([ 0.0508368  ,  0.34079    ,  0.256062   ,  0.534004   ])
3347    , -16654.2    , array([ 0.0438013  ,  0.34079    ,  0.256062   ,  0.534004   ])
3348    , -14429.4    , array([ 0.0508368  ,  0.322932   ,  0.256062   ,  0.534004   ])
3349    , -15248.2    , array([ 0.0508368  ,  0.34079    ,  0.2392     ,  0.534004   ])
3350    , -15182.3    , array([ 0.0508368  ,  0.34079    ,  0.256062   ,  0.517514   ])
3351    , -13465.7    , array([ 0.0590024  ,  0.331741   ,  0.247487   ,  0.525694   ])
3352    , -12201.9    , array([ 0.0684795  ,  0.327307   ,  0.243309   ,  0.521588   ])
3353    , -13104.6    , array([ 0.0590024  ,  0.325112   ,  0.267198   ,  0.519547   ])
3354    , -12231.9    , array([ 0.0635646  ,  0.317546   ,  0.254974   ,  0.537154   ])
3355    , -11243.6    , array([ 0.0710777  ,  0.306525   ,  0.254432   ,  0.5221     ])
3356    , -10036.2    , array([ 0.0840448  ,  0.290707   ,  0.253621   ,  0.516247   ])
3357    , -10170.1    , array([ 0.0913902  ,  0.306912   ,  0.253216   ,  0.513346   ])
3358    , -9765.78    , array([ 0.0979994  ,  0.296198   ,  0.236228   ,  0.524472   ])
3359    , -9776.29    , array([ 0.126299   ,  0.28272    ,  0.222116   ,  0.526952   ])
3360    , -9833.92    , array([ 0.112949   ,  0.292885   ,  0.238279   ,  0.501256   ])
3361    , -10174.7    , array([ 0.134647   ,  0.268794   ,  0.247109   ,  0.506054   ])
3362    , -9595.06    , array([ 0.113707   ,  0.28236    ,  0.246153   ,  0.509894   ])
3363    , -9485.58    , array([ 0.112539   ,  0.274951   ,  0.234106   ,  0.512448   ])
3364    , -9685.8     , array([ 0.124883   ,  0.260241   ,  0.225099   ,  0.512      ])
3365    , -10524.5    , array([ 0.141608   ,  0.282301   ,  0.22456    ,  0.507689   ])
3366    , -9678.28    , array([ 0.0957536  ,  0.288582   ,  0.246021   ,  0.514094   ])
3367    , -9422.06    , array([ 0.0970181  ,  0.278136   ,  0.24287    ,  0.529526   ])
3368    , -9434.99    , array([ 0.0899162  ,  0.271043   ,  0.245199   ,  0.544254   ])
3369    , -9357.05    , array([ 0.111257   ,  0.266508   ,  0.2484     ,  0.50852    ])
3370    , -9458.1     , array([ 0.118543   ,  0.252799   ,  0.254719   ,  0.500726   ])
3371    , -9570.64    , array([ 0.122738   ,  0.262872   ,  0.239663   ,  0.515964   ])
3372    , -9266.76    , array([ 0.107385   ,  0.259227   ,  0.236354   ,  0.523302   ])
3373    , -9290.79    , array([ 0.104356   ,  0.248382   ,  0.231602   ,  0.530138   ])
likelihood = -9266.76
theta = 26506.01
Optimized parameters = [0.10738467 0.25922729 0.2363542  0.5233023 ]

Round_4_Replicate_3
3374    , -9966.89    , array([ 0.0724495  ,  0.12565    ,  0.752262   ,  1.00024    ])
3375    , -9062.81    , array([ 0.0635385  ,  0.12565    ,  0.752262   ,  1.00024    ])
3376    , -10465.5    , array([ 0.0724495  ,  0.113271   ,  0.752262   ,  1.00024    ])
3377    , -9903.89    , array([ 0.0724495  ,  0.12565    ,  0.74163    ,  1.00024    ])
3378    , -9966.89    , array([ 0.0724495  ,  0.12565    ,  0.752262   ,  1.00025    ])
3379    , -9199.96    , array([ 0.0678479  ,  0.139381   ,  0.746927   ,  1.00024    ])
3380    , -9074.78    , array([ 0.0656578  ,  0.132338   ,  0.744274   ,  1.00023    ])
3381    , -8755.34    , array([ 0.0625046  ,  0.135814   ,  0.740312   ,  1.00024    ])
3382    , -8427.09    , array([ 0.0580565  ,  0.1412     ,  0.734409   ,  1.00023    ])
3383    , -8379.42    , array([ 0.0559526  ,  0.143973   ,  0.74726    ,  1.00023    ])
3384    , -8380.24    , array([ 0.0491714  ,  0.154113   ,  0.75009    ,  1.00023    ])
3385    , -8361.13    , array([ 0.0542577  ,  0.131909   ,  0.742125   ,  1.00022    ])
3386    , -8321.48    , array([ 0.0485203  ,  0.128325   ,  0.739736   ,  1.00021    ])
3387    , -8246.09    , array([ 0.048198   ,  0.136808   ,  0.742497   ,  1.00023    ])
3388    , -8526.11    , array([ 0.0412953  ,  0.139099   ,  0.74161    ,  1.00023    ])
3389    , -8496.83    , array([ 0.0433785  ,  0.150351   ,  0.729829   ,  1.00022    ])
3390    , -8262.02    , array([ 0.0477216  ,  0.143754   ,  0.735374   ,  1.00023    ])
3391    , -8394.51    , array([ 0.0430421  ,  0.134998   ,  0.748062   ,  1.00022    ])
3392    , -8274.63    , array([ 0.0463855  ,  0.136522   ,  0.744625   ,  1.00022    ])
3393    , -8638.51    , array([ 0.0406635  ,  0.128927   ,  0.733901   ,  1.00021    ])
3394    , -8250.66    , array([ 0.0516614  ,  0.140054   ,  0.743897   ,  1.00023    ])
3395    , -8326.51    , array([ 0.0483864  ,  0.151114   ,  0.743447   ,  1.00024    ])
3396    , -8260.76    , array([ 0.0484868  ,  0.133678   ,  0.740662   ,  1.00022    ])
3397    , -8242.89    , array([ 0.0517469  ,  0.140553   ,  0.736597   ,  1.00023    ])
3398    , -8292.1     , array([ 0.0546557  ,  0.142612   ,  0.732616   ,  1.00024    ])
3399    , -8308.31    , array([ 0.0523765  ,  0.131987   ,  0.746484   ,  1.00023    ])
3400    , -8238.24    , array([ 0.048845   ,  0.140717   ,  0.738136   ,  1.00023    ])
3401    , -8260       , array([ 0.05174    ,  0.145625   ,  0.73989    ,  1.00024    ])
3402    , -8240.9     , array([ 0.0509068  ,  0.142542   ,  0.740083   ,  1.00023    ])
3403    , -8245.4     , array([ 0.0482046  ,  0.140225   ,  0.734781   ,  1.00023    ])
likelihood = -8238.24
theta = 42126.86
Optimized parameters = [0.04884505 0.14071748 0.73813588 1.00022673]

Round_4_Replicate_4
3404    , -14011.7    , array([ 0.0935901  ,  0.101156   ,  0.659993   ,  0.392169   ])
3405    , -12502.6    , array([ 0.0831364  ,  0.101156   ,  0.659993   ,  0.392169   ])
3406    , -15478.2    , array([ 0.0935901  ,  0.0902069  ,  0.659993   ,  0.392169   ])
3407    , -13952.2    , array([ 0.0935901  ,  0.101156   ,  0.646423   ,  0.392169   ])
3408    , -14042.1    , array([ 0.0935901  ,  0.101156   ,  0.659993   ,  0.374237   ])
3409    , -12038.1    , array([ 0.0882085  ,  0.113433   ,  0.653173   ,  0.383098   ])
3410    , -10896.5    , array([ 0.0856349  ,  0.127201   ,  0.649789   ,  0.378641   ])
3411    , -11501.4    , array([ 0.0843764  ,  0.113433   ,  0.648104   ,  0.40381    ])
3412    , -10542.2    , array([ 0.0801155  ,  0.12012    ,  0.642239   ,  0.391023   ])
3413    , -9463.6     , array([ 0.0741242  ,  0.130897   ,  0.633542   ,  0.390452   ])
3414    , -9159.47    , array([ 0.0712988  ,  0.136642   ,  0.649156   ,  0.390166   ])
3415    , -8757.25    , array([ 0.0622312  ,  0.158812   ,  0.650528   ,  0.389169   ])
3416    , -9191.91    , array([ 0.0694431  ,  0.171211   ,  0.631233   ,  0.388671   ])
3417    , -9774.33    , array([ 0.062073   ,  0.187576   ,  0.634391   ,  0.370323   ])
3418    , -10495.6    , array([ 0.0520714  ,  0.203127   ,  0.625204   ,  0.390576   ])
3419    , -9283.47    , array([ 0.0589674  ,  0.180696   ,  0.631261   ,  0.387558   ])
3420    , -9044.91    , array([ 0.0700167  ,  0.135198   ,  0.638797   ,  0.408537   ])
3421    , -10046.5    , array([ 0.0569856  ,  0.196896   ,  0.6423     ,  0.396348   ])
3422    , -8881.48    , array([ 0.0694083  ,  0.144963   ,  0.635721   ,  0.391917   ])
3423    , -9941.49    , array([ 0.0777164  ,  0.127753   ,  0.646894   ,  0.401547   ])
3424    , -8839.23    , array([ 0.0631811  ,  0.165693   ,  0.635134   ,  0.391009   ])
3425    , -8751.47    , array([ 0.062947   ,  0.13264    ,  0.648919   ,  0.401599   ])
3426    , -9232.77    , array([ 0.0599306  ,  0.116747   ,  0.657947   ,  0.408224   ])
3427    , -8933.09    , array([ 0.0591956  ,  0.166376   ,  0.646295   ,  0.378813   ])
3428    , -8715.51    , array([ 0.061733   ,  0.157965   ,  0.644413   ,  0.386035   ])
3429    , -8770.15    , array([ 0.0563161  ,  0.161978   ,  0.653848   ,  0.391902   ])
3430    , -8547.39    , array([ 0.058409   ,  0.140114   ,  0.664023   ,  0.393261   ])
3431    , -8648.86    , array([ 0.0561598  ,  0.128846   ,  0.678957   ,  0.394392   ])
likelihood = -8547.39
theta = 37517.32
Optimized parameters = [0.05840896 0.14011402 0.66402323 0.3932609 ]

Round_4_Replicate_5
3432    , -10846.1    , array([ 0.0535645  ,  0.172573   ,  0.323661   ,  0.308212   ])
3433    , -12041.3    , array([ 0.0462723  ,  0.172573   ,  0.323661   ,  0.308212   ])
3434    , -10884.6    , array([ 0.0535645  ,  0.15806    ,  0.323661   ,  0.308212   ])
3435    , -11116.2    , array([ 0.0535645  ,  0.172573   ,  0.305911   ,  0.308212   ])
3436    , -10910      , array([ 0.0535645  ,  0.172573   ,  0.323661   ,  0.290597   ])
3437    , -10057      , array([ 0.0620059  ,  0.165157   ,  0.314661   ,  0.299275   ])
3438    , -9610.4     , array([ 0.0717777  ,  0.161569   ,  0.310255   ,  0.294904   ])
3439    , -9835.44    , array([ 0.0620059  ,  0.159805   ,  0.335274   ,  0.292743   ])
3440    , -9835       , array([ 0.0667131  ,  0.15378    ,  0.322522   ,  0.311631   ])
3441    , -9432.28    , array([ 0.0744524  ,  0.165611   ,  0.321954   ,  0.295447   ])
3442    , -9735.05    , array([ 0.0877767  ,  0.169521   ,  0.321104   ,  0.289264   ])
3443    , -10043.2    , array([ 0.0877767  ,  0.148592   ,  0.321104   ,  0.289264   ])
3444    , -9566.04    , array([ 0.0775807  ,  0.154255   ,  0.321741   ,  0.293889   ])
3445    , -9731.97    , array([ 0.0848171  ,  0.157653   ,  0.303661   ,  0.305145   ])
3446    , -9896.5     , array([ 0.0888876  ,  0.165881   ,  0.306299   ,  0.283651   ])
3447    , -9606.58    , array([ 0.0716752  ,  0.156719   ,  0.318387   ,  0.304387   ])
3448    , -9711.75    , array([ 0.0642706  ,  0.161325   ,  0.333118   ,  0.28932    ])
3449    , -9566.74    , array([ 0.0688858  ,  0.160399   ,  0.325496   ,  0.293198   ])
3450    , -9415.2     , array([ 0.0744005  ,  0.156844   ,  0.333951   ,  0.2985     ])
3451    , -9360.15    , array([ 0.0757477  ,  0.154534   ,  0.346469   ,  0.300314   ])
3452    , -9391.22    , array([ 0.0765944  ,  0.160566   ,  0.339469   ,  0.287259   ])
3453    , -9561.44    , array([ 0.0840368  ,  0.156964   ,  0.339107   ,  0.295186   ])
3454    , -9284.76    , array([ 0.077661   ,  0.164643   ,  0.352201   ,  0.29514    ])
3455    , -9267.46    , array([ 0.0777012  ,  0.170096   ,  0.368496   ,  0.295768   ])
3456    , -9385.76    , array([ 0.0689393  ,  0.168434   ,  0.348344   ,  0.294134   ])
3457    , -9174.24    , array([ 0.0748776  ,  0.160995   ,  0.381644   ,  0.29322    ])
3458    , -9137.32    , array([ 0.0750911  ,  0.158735   ,  0.415519   ,  0.292112   ])
likelihood = -9137.32
theta = 32713.53
Optimized parameters = [0.07509113 0.15873544 0.41551941 0.29211245]
