
Round_1_Replicate_1
427     , -46414.3    , array([ 0.402411   ,  6.69192    ,  0.207143   ,  2.61388    ])
428     , -46050.6    , array([ 0.384506   ,  6.69192    ,  0.207143   ,  2.61388    ])
429     , -47405.8    , array([ 0.402411   ,  7.35916    ,  0.207143   ,  2.61388    ])
430     , -44865.6    , array([ 0.402411   ,  6.69192    ,  0.191462   ,  2.61388    ])
431     , -46457.8    , array([ 0.402411   ,  6.69192    ,  0.207143   ,  2.74252    ])
432     , -44413.3    , array([ 0.393357   ,  6.08518    ,  0.199148   ,  2.67743    ])
433     , -42837.5    , array([ 0.388906   ,  5.53345    ,  0.195267   ,  2.70978    ])
434     , -43707.7    , array([ 0.3867     ,  6.08518    ,  0.193355   ,  2.53656    ])
likelihood = -42837.5
theta = 2582.17
Optimized parameters = [0.38890632 5.53344626 0.19526723 2.70977736]

Round_1_Replicate_2
435     , -61649.5    , array([ 0.416667   ,  1.79785    ,  0.620404   ,  2.15186    ])
436     , -60494.8    , array([ 0.398821   ,  1.79785    ,  0.620404   ,  2.15186    ])
437     , -62237.5    , array([ 0.416667   ,  1.85136    ,  0.620404   ,  2.15186    ])
438     , -60595.1    , array([ 0.416667   ,  1.79785    ,  0.605771   ,  2.15186    ])
439     , -61597.5    , array([ 0.416667   ,  1.79785    ,  0.620404   ,  2.23591    ])
440     , -59926.2    , array([ 0.407646   ,  1.74589    ,  0.613044   ,  2.19348    ])
441     , -58777.6    , array([ 0.403209   ,  1.69542    ,  0.609397   ,  2.2146     ])
442     , -59099.7    , array([ 0.401009   ,  1.74589    ,  0.607581   ,  2.22523    ])
likelihood = -58777.6
theta = 4072.62
Optimized parameters = [0.40320948 1.69542429 0.60939668 2.21459687]

Round_1_Replicate_3
443     , -182210     , array([ 3.80838    ,  1.37755    ,  0.896658   ,  3.18458    ])
444     , -185011     , array([ 4.07171    ,  1.37755    ,  0.896658   ,  3.18458    ])
445     , -182824     , array([ 3.80838    ,  1.39979    ,  0.896658   ,  3.18458    ])
446     , -181766     , array([ 3.80838    ,  1.37755    ,  0.891781   ,  3.18458    ])
447     , -182226     , array([ 3.80838    ,  1.37755    ,  0.896658   ,  3.37447    ])
448     , -179422     , array([ 3.56208    ,  1.38863    ,  0.894217   ,  3.27815    ])
449     , -176511     , array([ 3.3317     ,  1.3942     ,  0.892998   ,  3.32596    ])
450     , -178583     , array([ 3.56208    ,  1.36383    ,  0.89239    ,  3.35013    ])
likelihood = -176510.85
theta = 1590.43
Optimized parameters = [3.33170194 1.39420098 0.89299814 3.32596204]

Round_1_Replicate_4
451     , -128126     , array([ 0.279062   ,  0.330586   ,  4.09139    ,  0.195791   ])
452     , -124423     , array([ 0.26181    ,  0.330586   ,  4.09139    ,  0.195791   ])
453     , -126511     , array([ 0.279062   ,  0.312787   ,  4.09139    ,  0.195791   ])
454     , -133671     , array([ 0.279062   ,  0.330586   ,  4.39       ,  0.195791   ])
455     , -128753     , array([ 0.279062   ,  0.330586   ,  4.09139    ,  0.18046    ])
456     , -120486     , array([ 0.270298   ,  0.321563   ,  3.8131     ,  0.187969   ])
457     , -114322     , array([ 0.26602    ,  0.317145   ,  3.55373    ,  0.184176   ])
458     , -117822     , array([ 0.263907   ,  0.314958   ,  3.8131     ,  0.206027   ])
likelihood = -114321.55
theta = 7904.26
Optimized parameters = [0.26602026 0.31714476 3.5537283  0.18417633]

Round_1_Replicate_5
459     , -91408.6    , array([ 3.99708    ,  2.06042    ,  0.209107   ,  3.75964    ])
460     , -94230.3    , array([ 4.2838     ,  2.06042    ,  0.209107   ,  3.75964    ])
461     , -92370.7    , array([ 3.99708    ,  2.13626    ,  0.209107   ,  3.75964    ])
462     , -87010.7    , array([ 3.99708    ,  2.06042    ,  0.193369   ,  3.75964    ])
463     , -90915      , array([ 3.99708    ,  2.06042    ,  0.209107   ,  4.01702    ])
464     , -86570.7    , array([ 3.72954    ,  2.098      ,  0.201084   ,  3.8862     ])
465     , -82757.4    , array([ 3.47991    ,  2.11704    ,  0.197188   ,  3.95107    ])
466     , -83729.9    , array([ 3.72954    ,  2.01439    ,  0.195269   ,  3.98391    ])
likelihood = -82757.44
theta = 1363.68
Optimized parameters = [3.47991168 2.11703962 0.19718838 3.95106757]

Round_1_Replicate_6
467     , -305979     , array([ 6.98105    ,  7.42576    ,  0.540848   ,  0.322119   ])
468     , -311150     , array([ 7.69337    ,  7.42576    ,  0.540848   ,  0.322119   ])
469     , -310550     , array([ 6.98105    ,  8.20877    ,  0.540848   ,  0.322119   ])
470     , -304965     , array([ 6.98105    ,  7.42576    ,  0.52448    ,  0.322119   ])
471     , -309125     , array([ 6.98105    ,  7.42576    ,  0.540848   ,  0.304381   ])
472     , -303810     , array([ 6.33468    ,  7.80746    ,  0.532602   ,  0.313124   ])
473     , -299556     , array([ 5.74816    ,  8.0056     ,  0.528525   ,  0.308722   ])
474     , -299574     , array([ 6.33468    ,  6.97478    ,  0.526499   ,  0.306544   ])
likelihood = -299556.2
theta = 2325.12
Optimized parameters = [5.74815807 8.00560173 0.52852544 0.3087217 ]

Round_1_Replicate_7
475     , -236361     , array([ 0.936669   ,  4.29313    ,  2.50906    ,  0.908801   ])
476     , -236077     , array([ 0.93361    ,  4.29313    ,  2.50906    ,  0.908801   ])
477     , -237748     , array([ 0.936669   ,  4.61757    ,  2.50906    ,  0.908801   ])
478     , -240809     , array([ 0.936669   ,  4.29313    ,  2.62716    ,  0.908801   ])
479     , -236360     , array([ 0.936669   ,  4.29313    ,  2.50906    ,  0.904466   ])
480     , -232466     , array([ 0.935139   ,  4.4524     ,  2.39627    ,  0.906631   ])
481     , -228276     , array([ 0.934374   ,  4.53423    ,  2.28855    ,  0.905548   ])
482     , -230756     , array([ 0.933992   ,  4.10204    ,  2.39627    ,  0.905007   ])
likelihood = -228276.42
theta = 2962.82
Optimized parameters = [0.93437416 4.53422886 2.28855081 0.90554796]

Round_1_Replicate_8
483     , -76095.2    , array([ 0.274801   ,  2.16564    ,  1.01348    ,  0.45807    ])
484     , -73768.2    , array([ 0.257614   ,  2.16564    ,  1.01348    ,  0.45807    ])
485     , -76581      , array([ 0.274801   ,  2.25095    ,  1.01348    ,  0.45807    ])
486     , -76123.7    , array([ 0.274801   ,  2.16564    ,  1.01416    ,  0.45807    ])
487     , -76317.2    , array([ 0.274801   ,  2.16564    ,  1.01348    ,  0.440533   ])
488     , -74532.6    , array([ 0.266069   ,  2.08357    ,  1.01382    ,  0.449216   ])
489     , -73985.2    , array([ 0.261807   ,  2.12421    ,  1.01399    ,  0.47168    ])
likelihood = -73768.17
theta = 5708.46
Optimized parameters = [0.25761384 2.16564477 1.01348077 0.45807021]

Round_1_Replicate_9
490     , -90547.3    , array([ 6.99119    ,  0.334477   ,  0.198598   ,  0.317794   ])
491     , -91935.3    , array([ 7.70511    ,  0.334477   ,  0.198598   ,  0.317794   ])
492     , -88808.4    , array([ 6.99119    ,  0.316654   ,  0.198598   ,  0.317794   ])
493     , -88955.8    , array([ 6.99119    ,  0.334477   ,  0.183178   ,  0.317794   ])
494     , -91998.4    , array([ 6.99119    ,  0.334477   ,  0.198598   ,  0.300091   ])
495     , -88246.8    , array([ 7.33948    ,  0.325443   ,  0.190732   ,  0.336542   ])
496     , -86595      , array([ 7.52007    ,  0.321018   ,  0.186917   ,  0.356395   ])
497     , -85406.8    , array([ 6.57899    ,  0.318828   ,  0.185038   ,  0.336542   ])
498     , -82193.8    , array([ 6.07924    ,  0.311281   ,  0.178609   ,  0.346326   ])
likelihood = -82193.84
theta = 2458.83
Optimized parameters = [6.07923912 0.31128102 0.17860903 0.34632607]

Round_1_Replicate_10
499     , -231397     , array([ 3.14263    ,  0.282943   ,  4.67343    ,  0.484408   ])
500     , -232438     , array([ 3.32781    ,  0.282943   ,  4.67343    ,  0.484408   ])
501     , -228318     , array([ 3.14263    ,  0.265634   ,  4.67343    ,  0.484408   ])
502     , -236869     , array([ 3.14263    ,  0.282943   ,  5.04798    ,  0.484408   ])
503     , -231378     , array([ 3.14263    ,  0.282943   ,  4.67343    ,  0.467167   ])
504     , -224950     , array([ 3.2339     ,  0.274152   ,  4.32667    ,  0.47571    ])
505     , -219074     , array([ 3.28052    ,  0.269859   ,  4.00564    ,  0.471419   ])
506     , -222594     , array([ 3.03217    ,  0.267738   ,  4.32667    ,  0.469288   ])
likelihood = -219074.22
theta = 3244.51
Optimized parameters = [3.2805168  0.26985938 4.00564301 0.47141894]

Round_2_Replicate_1
507     , -60612.9    , array([ 1.23321    ,  5.48482    ,  0.0680212  ,  1.20532    ])
508     , -61042.8    , array([ 1.2462     ,  5.48482    ,  0.0680212  ,  1.20532    ])
509     , -61674.2    , array([ 1.23321    ,  5.97201    ,  0.0680212  ,  1.20532    ])
510     , -59311.5    , array([ 1.23321    ,  5.48482    ,  0.0594671  ,  1.20532    ])
511     , -60293.8    , array([ 1.23321    ,  5.48482    ,  0.0680212  ,  1.21663    ])
512     , -58869.6    , array([ 1.23969    ,  5.03737    ,  0.0636005  ,  1.21096    ])
513     , -57394.1    , array([ 1.24294    ,  4.62643    ,  0.061499   ,  1.21379    ])
514     , -57814.7    , array([ 1.22516    ,  5.03737    ,  0.0604745  ,  1.21521    ])
515     , -56859.8    , array([ 1.23402    ,  4.82753    ,  0.0570212  ,  1.22018    ])
516     , -55057.3    , array([ 1.23442    ,  4.52904    ,  0.0522075  ,  1.22768    ])
517     , -54653.8    , array([ 1.23463    ,  4.38679    ,  0.0499552  ,  1.21432    ])
518     , -52026.9    , array([ 1.23533    ,  3.92319    ,  0.0428104  ,  1.21317    ])
likelihood = -52026.95
theta = 2653.02
Optimized parameters = [1.23533346 3.92319263 0.04281037 1.21316891]

Round_2_Replicate_2
519     , -45825.9    , array([ 0.216129   ,  4.32237    ,  0.319851   ,  1.94124    ])
520     , -45562.2    , array([ 0.200193   ,  4.32237    ,  0.319851   ,  1.94124    ])
521     , -46652.3    , array([ 0.216129   ,  4.65059    ,  0.319851   ,  1.94124    ])
522     , -44767      , array([ 0.216129   ,  4.32237    ,  0.302131   ,  1.94124    ])
523     , -45895.6    , array([ 0.216129   ,  4.32237    ,  0.319851   ,  2.0067     ])
524     , -44326.6    , array([ 0.208009   ,  4.01731    ,  0.310864   ,  1.9737     ])
525     , -43120      , array([ 0.204063   ,  3.73379    ,  0.306466   ,  1.99013    ])
526     , -43796.7    , array([ 0.202119   ,  4.01731    ,  0.304291   ,  1.90141    ])
527     , -42891      , array([ 0.195458   ,  3.87296    ,  0.296797   ,  1.94526    ])
528     , -41528.1    , array([ 0.185876   ,  3.66609    ,  0.285901   ,  1.94728    ])
529     , -40962.2    , array([ 0.203332   ,  3.56684    ,  0.280604   ,  1.94829    ])
530     , -38614.3    , array([ 0.20492    ,  3.24014    ,  0.262825   ,  1.95183    ])
likelihood = -38614.29
theta = 3776.88
Optimized parameters = [0.20492001 3.24014182 0.26282511 1.9518271 ]

Round_2_Replicate_3
531     , -53579.3    , array([ 1.0989     ,  19.2394    ,  0.101827   ,  8.68888    ])
532     , -53639.9    , array([ 1.10409    ,  19.2394    ,  0.101827   ,  8.68888    ])
533     , -54997.1    , array([ 1.0989     ,  22.305     ,  0.101827   ,  8.68888    ])
534     , -50812      , array([ 1.0989     ,  19.2394    ,  0.0908358  ,  8.68888    ])
535     , -53812.2    , array([ 1.0989     ,  19.2394    ,  0.101827   ,  9.68081    ])
536     , -50699.3    , array([ 1.10149    ,  16.5952    ,  0.0961746  ,  9.17145    ])
537     , -48282.8    , array([ 1.10279    ,  14.3144    ,  0.0934671  ,  9.42269    ])
538     , -49543.8    , array([ 1.10344    ,  16.5952    ,  0.092142   ,  8.12122    ])
539     , -47550.2    , array([ 1.09793    ,  15.4127    ,  0.0876506  ,  8.74778    ])
540     , -44507      , array([ 1.09486    ,  13.795     ,  0.0813206  ,  8.77738    ])
541     , -43049.7    , array([ 1.10109    ,  13.0509    ,  0.0783291  ,  8.79222    ])
542     , -37803.3    , array([ 1.10218    ,  10.749     ,  0.0686994  ,  8.84436    ])
likelihood = -37803.29
theta = 1054.17
Optimized parameters = [ 1.10218234 10.74896865  0.06869938  8.84435501]

Round_2_Replicate_4
543     , -79871.3    , array([ 1.13193    ,  4.46207    ,  0.299413   ,  2.12383    ])
544     , -80154.4    , array([ 1.13897    ,  4.46207    ,  0.299413   ,  2.12383    ])
545     , -81119      , array([ 1.13193    ,  4.80853    ,  0.299413   ,  2.12383    ])
546     , -77045.9    , array([ 1.13193    ,  4.46207    ,  0.281893   ,  2.12383    ])
547     , -79501.9    , array([ 1.13193    ,  4.46207    ,  0.299413   ,  2.20534    ])
548     , -77087.3    , array([ 1.13544    ,  4.14056    ,  0.290521   ,  2.1642     ])
549     , -76605.3    , array([ 1.12668    ,  4.29831    ,  0.286174   ,  2.18468    ])
550     , -74866      , array([ 1.12059    ,  4.2187     ,  0.279776   ,  2.21575    ])
551     , -74397.9    , array([ 1.12799    ,  4.17945    ,  0.276631   ,  2.23145    ])
552     , -71729.2    , array([ 1.12603    ,  4.04492    ,  0.265899   ,  2.28729    ])
553     , -71013.9    , array([ 1.12505    ,  3.97929    ,  0.260689   ,  2.18854    ])
554     , -67036.3    , array([ 1.12162    ,  3.75786    ,  0.243248   ,  2.18018    ])
likelihood = -67036.33
theta = 2312.78
Optimized parameters = [1.12162232 3.75786174 0.24324841 2.18018029]

Round_2_Replicate_5
555     , -40163.8    , array([ 0.32233    ,  16.002     ,  0.0644024  ,  2.50876    ])
556     , -40348.4    , array([ 0.30459    ,  16.002     ,  0.0644024  ,  2.50876    ])
557     , -40954.7    , array([ 0.32233    ,  18.3816    ,  0.0644024  ,  2.50876    ])
558     , -39657      , array([ 0.32233    ,  16.002     ,  0.0561497  ,  2.50876    ])
559     , -40227.6    , array([ 0.32233    ,  16.002     ,  0.0644024  ,  2.62683    ])
560     , -39131.2    , array([ 0.313334   ,  13.9305    ,  0.0601347  ,  2.56711    ])
561     , -38088.2    , array([ 0.308931   ,  12.1271    ,  0.058108   ,  2.5968     ])
562     , -38741.5    , array([ 0.333938   ,  13.9305    ,  0.0571205  ,  2.61177    ])
563     , -38192.1    , array([ 0.321191   ,  12.9976    ,  0.0537943  ,  2.48722    ])
564     , -37204.2    , array([ 0.320624   ,  11.714     ,  0.0491647  ,  2.59307    ])
565     , -35694.7    , array([ 0.319774   ,  10.0224    ,  0.0429565  ,  2.63628    ])
likelihood = -35694.7
theta = 2205.0
Optimized parameters = [ 0.31977392 10.02237178  0.04295653  2.63628291]

Round_2_Replicate_6
566     , -96763      , array([ 1.16529    ,  17.5678    ,  0.148276   ,  0.768515   ])
567     , -97272.1    , array([ 1.17424    ,  17.5678    ,  0.148276   ,  0.768515   ])
568     , -97486.8    , array([ 1.16529    ,  20.2746    ,  0.148276   ,  0.768515   ])
569     , -95015.2    , array([ 1.16529    ,  17.5678    ,  0.134779   ,  0.768515   ])
570     , -97337.6    , array([ 1.16529    ,  17.5678    ,  0.148276   ,  0.758464   ])
571     , -95589.1    , array([ 1.16976    ,  15.2223    ,  0.141367   ,  0.763473   ])
572     , -94982.3    , array([ 1.172      ,  16.353     ,  0.138034   ,  0.776141   ])
573     , -93819.2    , array([ 1.17536    ,  15.7775    ,  0.133181   ,  0.785133   ])
574     , -93372.9    , array([ 1.16362    ,  15.4974    ,  0.130819   ,  0.774227   ])
575     , -91505.6    , array([ 1.15835    ,  14.5557    ,  0.122878   ,  0.777099   ])
576     , -91312.9    , array([ 1.16906    ,  14.1064    ,  0.119089   ,  0.778539   ])
577     , -88766      , array([ 1.17095    ,  12.6406    ,  0.106727   ,  0.7836     ])
likelihood = -88765.98
theta = 2777.5
Optimized parameters = [ 1.17094516 12.64062117  0.10672694  0.78360009]

Round_2_Replicate_7
578     , -36130.6    , array([ 0.390169   ,  9.89142    ,  0.0680348  ,  4.76867    ])
579     , -36309.8    , array([ 0.372233   ,  9.89142    ,  0.0680348  ,  4.76867    ])
580     , -37375.7    , array([ 0.390169   ,  11.0923    ,  0.0680348  ,  4.76867    ])
581     , -35188.3    , array([ 0.390169   ,  9.89142    ,  0.0594796  ,  4.76867    ])
582     , -36142.7    , array([ 0.390169   ,  9.89142    ,  0.0680348  ,  5.15605    ])
583     , -34395.3    , array([ 0.381096   ,  8.82055    ,  0.0636136  ,  4.95857    ])
584     , -32792.7    , array([ 0.376638   ,  7.86562    ,  0.0615119  ,  5.05635    ])
585     , -33799      , array([ 0.401815   ,  8.82055    ,  0.0604872  ,  5.10595    ])
586     , -32975.6    , array([ 0.389023   ,  8.32941    ,  0.0570334  ,  4.69934    ])
587     , -31307.4    , array([ 0.388451   ,  7.6435     ,  0.052219   ,  5.04402    ])
588     , -28967.4    , array([ 0.387595   ,  6.71906    ,  0.0457485  ,  5.1876     ])
likelihood = -28967.39
theta = 1767.53
Optimized parameters = [0.3875954  6.7190647  0.0457485  5.18760246]

Round_2_Replicate_8
589     , -44121.8    , array([ 0.218301   ,  15.2876    ,  0.127159   ,  1.88999    ])
590     , -44324      , array([ 0.202306   ,  15.2876    ,  0.127159   ,  1.88999    ])
591     , -44759.8    , array([ 0.218301   ,  17.5209    ,  0.127159   ,  1.88999    ])
592     , -43407      , array([ 0.218301   ,  15.2876    ,  0.1147     ,  1.88999    ])
593     , -44242.8    , array([ 0.218301   ,  15.2876    ,  0.127159   ,  1.95111    ])
594     , -43195.3    , array([ 0.210151   ,  13.339     ,  0.120769   ,  1.92031    ])
595     , -42301.5    , array([ 0.206191   ,  11.6387    ,  0.117696   ,  1.93565    ])
596     , -42733.6    , array([ 0.228934   ,  13.339     ,  0.116188   ,  1.94336    ])
597     , -42088.6    , array([ 0.217265   ,  12.4599    ,  0.111063   ,  1.87874    ])
598     , -41031.3    , array([ 0.216749   ,  11.2487    ,  0.103796   ,  1.84357    ])
599     , -40614.7    , array([ 0.216492   ,  10.688     ,  0.100343   ,  1.91554    ])
600     , -38767.5    , array([ 0.215593   ,  8.9366     ,  0.0891367  ,  1.92844    ])
likelihood = -38767.49
theta = 2777.9
Optimized parameters = [0.21559255 8.93659799 0.08913674 1.9284416 ]

Round_2_Replicate_9
601     , -34948.8    , array([ 1.06736    ,  1.65487    ,  0.150686   ,  2.2526     ])
602     , -35025.6    , array([ 1.07085    ,  1.65487    ,  0.150686   ,  2.2526     ])
603     , -35381.9    , array([ 1.06736    ,  1.69708    ,  0.150686   ,  2.2526     ])
604     , -32931.3    , array([ 1.06736    ,  1.65487    ,  0.137081   ,  2.2526     ])
605     , -34416.8    , array([ 1.06736    ,  1.65487    ,  0.150686   ,  2.34595    ])
606     , -33258      , array([ 1.06911    ,  1.61371    ,  0.143723   ,  2.2988     ])
607     , -32742.5    , array([ 1.06476    ,  1.63416    ,  0.140362   ,  2.32226    ])
608     , -31650.4    , array([ 1.06173    ,  1.62391    ,  0.135469   ,  2.35789    ])
609     , -31220.9    , array([ 1.06541    ,  1.6188     ,  0.133087   ,  2.37591    ])
610     , -29491.9    , array([ 1.06443    ,  1.60106    ,  0.125073   ,  2.44007    ])
611     , -29468.8    , array([ 1.06394    ,  1.59227    ,  0.12125    ,  2.32668    ])
612     , -27395.8    , array([ 1.06224    ,  1.56186    ,  0.108764   ,  2.31711    ])
likelihood = -27395.76
theta = 2830.33
Optimized parameters = [1.0622393  1.56185554 0.10876356 2.31710618]

Round_2_Replicate_10
613     , -62291.2    , array([ 0.328146   ,  11.662     ,  0.408684   ,  0.957806   ])
614     , -61144.8    , array([ 0.310363   ,  11.662     ,  0.408684   ,  0.957806   ])
615     , -62814.5    , array([ 0.328146   ,  13.186     ,  0.408684   ,  0.957806   ])
616     , -61119.7    , array([ 0.328146   ,  11.662     ,  0.390803   ,  0.957806   ])
617     , -62290.9    , array([ 0.328146   ,  11.662     ,  0.408684   ,  0.955744   ])
618     , -60545.8    , array([ 0.319131   ,  10.3142    ,  0.399644   ,  0.956774   ])
619     , -59344.2    , array([ 0.314716   ,  9.12215    ,  0.395198   ,  0.956259   ])
620     , -59709.9    , array([ 0.312532   ,  10.3142    ,  0.392994   ,  0.956001   ])
621     , -58462.2    , array([ 0.305006   ,  9.69988    ,  0.385377   ,  0.958193   ])
622     , -56639.9    , array([ 0.294056   ,  8.84631    ,  0.374226   ,  0.95942    ])
623     , -57159.1    , array([ 0.313896   ,  8.44812    ,  0.368772   ,  0.956936   ])
likelihood = -56639.88
theta = 3725.23
Optimized parameters = [0.29405582 8.84631316 0.37422615 0.95942045]

Round_3_Replicate_1
624     , -29366.2    , array([ 1.39394    ,  2.21079    ,  0.114312   ,  5.44751    ])
625     , -29692.3    , array([ 1.41728    ,  2.21079    ,  0.114312   ,  5.44751    ])
626     , -29971.4    , array([ 1.39394    ,  2.30025    ,  0.114312   ,  5.44751    ])
627     , -26831.3    , array([ 1.39394    ,  2.21079    ,  0.102565   ,  5.44751    ])
628     , -28703.8    , array([ 1.39394    ,  2.21079    ,  0.114312   ,  5.92936    ])
629     , -27298.5    , array([ 1.40556    ,  2.12481    ,  0.108279   ,  5.68333    ])
630     , -26414.3    , array([ 1.37668    ,  2.16737    ,  0.105383   ,  5.80504    ])
631     , -24886.2    , array([ 1.35682    ,  2.14598    ,  0.101184   ,  5.99251    ])
632     , -24558.1    , array([ 1.38098    ,  2.13537    ,  0.0991472  ,  6.08851    ])
633     , -22389.2    , array([ 1.37454    ,  2.09863    ,  0.0923367  ,  6.43676    ])
634     , -22313.4    , array([ 1.37133    ,  2.0805     ,  0.0891089  ,  5.82815    ])
635     , -19745.6    , array([ 1.36017    ,  2.01826    ,  0.0786747  ,  5.7782     ])
636     , -19885.1    , array([ 1.33786    ,  2.10972    ,  0.0801887  ,  6.13099    ])
637     , -17197.2    , array([ 1.3216     ,  1.98078    ,  0.0748547  ,  6.78581    ])
638     , -13595.5    , array([ 1.28685    ,  1.87491    ,  0.0639484  ,  7.57362    ])
639     , -13899.9    , array([ 1.32227    ,  1.90736    ,  0.0603205  ,  6.93486    ])
640     , -12413.1    , array([ 1.28017    ,  1.85939    ,  0.0534253  ,  6.70139    ])
641     , -9682.12    , array([ 1.23545    ,  1.7502     ,  0.0406381  ,  6.83775    ])
642     , -9492.77    , array([ 1.26393    ,  1.68467    ,  0.0437944  ,  7.43007    ])
643     , -7095.29    , array([ 1.22851    ,  1.50543    ,  0.0323646  ,  8.17945    ])
likelihood = -7095.29
theta = 1811.3
Optimized parameters = [1.22851325 1.50542889 0.03236464 8.179454  ]

Round_3_Replicate_2
644     , -73588.7    , array([ 0.801736   ,  4.15181    ,  0.377614   ,  3.337      ])
645     , -73204.5    , array([ 0.792926   ,  4.15181    ,  0.377614   ,  3.337      ])
646     , -74791.6    , array([ 0.801736   ,  4.4581     ,  0.377614   ,  3.337      ])
647     , -71262.6    , array([ 0.801736   ,  4.15181    ,  0.359667   ,  3.337      ])
648     , -73436.2    , array([ 0.801736   ,  4.15181    ,  0.377614   ,  3.54425    ])
649     , -70895.6    , array([ 0.797319   ,  3.86657    ,  0.368531   ,  3.43907    ])
650     , -68882.7    , array([ 0.795119   ,  3.60092    ,  0.364072   ,  3.49126    ])
651     , -69832.5    , array([ 0.794022   ,  3.86657    ,  0.361863   ,  3.51766    ])
652     , -68224.4    , array([ 0.790193   ,  3.73138    ,  0.354236   ,  3.29952    ])
653     , -65683.9    , array([ 0.784484   ,  3.53742    ,  0.343095   ,  3.18356    ])
654     , -64631.4    , array([ 0.794708   ,  3.44425    ,  0.337656   ,  3.42292    ])
655     , -60378.2    , array([ 0.7956     ,  3.13706    ,  0.319292   ,  3.4667     ])
656     , -60939.4    , array([ 0.782962   ,  2.99389    ,  0.334015   ,  3.4888     ])
657     , -58126.3    , array([ 0.785043   ,  2.82881    ,  0.318958   ,  3.29602    ])
658     , -52422.2    , array([ 0.780592   ,  2.41959    ,  0.299453   ,  3.1905     ])
659     , -51299.4    , array([ 0.776765   ,  2.48989    ,  0.287515   ,  3.17467    ])
660     , -43415      , array([ 0.767747   ,  2.07044    ,  0.255504   ,  3.02731    ])
661     , -42884.7    , array([ 0.778851   ,  1.93908    ,  0.263285   ,  3.39501    ])
662     , -32937.6    , array([ 0.77605    ,  1.43565    ,  0.230639   ,  3.50594    ])
663     , -34585.1    , array([ 0.776913   ,  1.58654    ,  0.224728   ,  3.10558    ])
likelihood = -32937.61
theta = 2993.34
Optimized parameters = [0.77605011 1.43565444 0.23063907 3.5059434 ]

Round_3_Replicate_3
664     , -84312      , array([ 1.92429    ,  1.80241    ,  0.355004   ,  9.08637    ])
665     , -85868.7    , array([ 1.98831    ,  1.80241    ,  0.355004   ,  9.08637    ])
666     , -84944.6    , array([ 1.92429    ,  1.8563     ,  0.355004   ,  9.08637    ])
667     , -80930.1    , array([ 1.92429    ,  1.80241    ,  0.337089   ,  9.08637    ])
668     , -84089.9    , array([ 1.92429    ,  1.80241    ,  0.355004   ,  10.1464    ])
669     , -81278.6    , array([ 1.86233    ,  1.82916    ,  0.345931   ,  9.60175    ])
670     , -80378.5    , array([ 1.89306    ,  1.76303    ,  0.341481   ,  9.87029    ])
671     , -78163.6    , array([ 1.87763    ,  1.71817    ,  0.334914   ,  10.2873    ])
672     , -77950.8    , array([ 1.86997    ,  1.77279    ,  0.331678   ,  10.5023    ])
673     , -74890.9    , array([ 1.84338    ,  1.75817    ,  0.320597   ,  11.291     ])
674     , -73679.7    , array([ 1.83023    ,  1.7509     ,  0.315196   ,  9.92148    ])
675     , -68793.5    , array([ 1.78494    ,  1.7257     ,  0.296998   ,  9.81091    ])
676     , -70186.4    , array([ 1.85141    ,  1.6758     ,  0.299714   ,  10.5978    ])
677     , -65488.4    , array([ 1.75754    ,  1.63984    ,  0.290023   ,  12.0945    ])
678     , -58571      , array([ 1.67967    ,  1.56414    ,  0.269015   ,  13.9536    ])
679     , -58552.7    , array([ 1.70362    ,  1.64133    ,  0.261616   ,  12.4415    ])
680     , -50082.2    , array([ 1.62276    ,  1.60421    ,  0.231222   ,  13.6823    ])
681     , -49807.9    , array([ 1.62812    ,  1.53215    ,  0.232099   ,  12.4782    ])
682     , -39712      , array([ 1.53011    ,  1.43029    ,  0.197483   ,  13.1179    ])
683     , -39787.4    , array([ 1.4737     ,  1.48505    ,  0.201529   ,  14.7909    ])
likelihood = -39711.98
theta = 1771.71
Optimized parameters = [ 1.53010773  1.43028716  0.1974834  13.11788511]

Round_3_Replicate_4
684     , -68743.8    , array([ 1.62295    ,  0.789741   ,  0.37838    ,  2.58861    ])
685     , -69746.4    , array([ 1.66273    ,  0.789741   ,  0.37838    ,  2.58861    ])
686     , -68553.5    , array([ 1.62295    ,  0.780475   ,  0.37838    ,  2.58861    ])
687     , -66237.2    , array([ 1.62295    ,  0.789741   ,  0.360433   ,  2.58861    ])
688     , -68583.4    , array([ 1.62295    ,  0.789741   ,  0.37838    ,  2.71469    ])
689     , -66311.8    , array([ 1.58413    ,  0.785095   ,  0.369298   ,  2.6509     ])
690     , -66097.4    , array([ 1.60342    ,  0.782782   ,  0.364839   ,  2.68261    ])
691     , -64796      , array([ 1.59375    ,  0.779325   ,  0.358251   ,  2.73088    ])
692     , -64412.3    , array([ 1.58893    ,  0.777602   ,  0.355001   ,  2.56563    ])
693     , -62421.4    , array([ 1.57219    ,  0.771602   ,  0.343859   ,  2.4942     ])
694     , -61417.4    , array([ 1.56388    ,  0.782349   ,  0.33842    ,  2.64107    ])
695     , -58043.9    , array([ 1.53516    ,  0.783287   ,  0.320052   ,  2.6677     ])
696     , -59493.9    , array([ 1.57725    ,  0.776849   ,  0.322797   ,  2.58717    ])
697     , -56318.2    , array([ 1.51769    ,  0.765949   ,  0.312993   ,  2.64869    ])
698     , -51764.6    , array([ 1.46765    ,  0.754323   ,  0.291668   ,  2.67925    ])
699     , -51584.7    , array([ 1.4831     ,  0.763635   ,  0.284134   ,  2.48686    ])
700     , -46002.9    , array([ 1.4307     ,  0.755909   ,  0.253041   ,  2.37315    ])
701     , -45669.9    , array([ 1.43419    ,  0.763394   ,  0.253941   ,  2.65594    ])
702     , -38712.1    , array([ 1.36981    ,  0.759323   ,  0.218228   ,  2.7407     ])
703     , -38585.1    , array([ 1.33226    ,  0.749636   ,  0.22242    ,  2.63538    ])
704     , -30653.1    , array([ 1.22443    ,  0.736389   ,  0.184628   ,  2.65982    ])
likelihood = -30653.09
theta = 3015.35
Optimized parameters = [1.22443083 0.73638921 0.18462777 2.65981897]

Round_3_Replicate_5
705     , -71099.8    , array([ 2.05496    ,  0.987058   ,  0.321147   ,  6.02977    ])
706     , -72689.8    , array([ 2.13031    ,  0.987058   ,  0.321147   ,  6.02977    ])
707     , -71090.2    , array([ 2.05496    ,  0.986416   ,  0.321147   ,  6.02977    ])
708     , -67939.9    , array([ 2.05496    ,  0.987058   ,  0.303417   ,  6.02977    ])
709     , -70941.4    , array([ 2.05496    ,  0.987058   ,  0.321147   ,  6.59653    ])
710     , -67851      , array([ 1.98227    ,  0.986737   ,  0.312156   ,  6.30678    ])
711     , -65478.2    , array([ 1.91216    ,  0.986576   ,  0.307755   ,  6.45003    ])
712     , -66613.9    , array([ 1.98227    ,  0.986496   ,  0.305578   ,  6.52287    ])
713     , -64433.4    , array([ 1.9469     ,  0.987179   ,  0.298079   ,  6.78434    ])
714     , -61219.7    , array([ 1.89502    ,  0.987561   ,  0.287174   ,  7.19633    ])
715     , -59905.1    , array([ 1.8696     ,  0.986787   ,  0.281872   ,  6.47725    ])
716     , -54801      , array([ 1.78328    ,  0.986652   ,  0.264074   ,  6.41842    ])
717     , -56153.6    , array([ 1.74163    ,  0.986584   ,  0.27833    ,  7.31088    ])
718     , -52479.8    , array([ 1.69236    ,  0.98719    ,  0.263752   ,  7.15479    ])
719     , -46142.6    , array([ 1.56372    ,  0.987537   ,  0.245038   ,  7.49334    ])
720     , -44521      , array([ 1.58654    ,  0.987591   ,  0.233683   ,  7.79885    ])
721     , -35897.3    , array([ 1.44516    ,  0.988098   ,  0.203628   ,  8.57561    ])
722     , -36443.8    , array([ 1.39801    ,  0.986874   ,  0.210879   ,  7.63058    ])
723     , -31969.9    , array([ 1.36284    ,  0.987997   ,  0.189389   ,  7.67351    ])
724     , -23333.9    , array([ 1.20557    ,  0.988705   ,  0.156226   ,  7.86151    ])
likelihood = -23333.89
theta = 2278.61
Optimized parameters = [1.20556513 0.98870456 0.15622559 7.86151131]

Round_4_Replicate_1
725     , -8135.47    , array([ 2.10262    ,  0.865057   ,  0.0254743  ,  12.3052    ])
726     , -8430.09    , array([ 2.18222    ,  0.865057   ,  0.0254743  ,  12.3052    ])
727     , -8154.48    , array([ 2.10262    ,  0.85881    ,  0.0254743  ,  12.3052    ])
728     , -7898.13    , array([ 2.10262    ,  0.865057   ,  0.0212035  ,  12.3052    ])
729     , -7815.35    , array([ 2.10262    ,  0.865057   ,  0.0254743  ,  13.9506    ])
730     , -7593.93    , array([ 2.02592    ,  0.861928   ,  0.023241   ,  13.1021    ])
731     , -7291.84    , array([ 1.95202    ,  0.860368   ,  0.0221989  ,  13.5197    ])
732     , -7425.26    , array([ 2.02592    ,  0.868985   ,  0.0216955  ,  13.7335    ])
733     , -7250.98    , array([ 1.98863    ,  0.864665   ,  0.0200218  ,  14.5086    ])
734     , -7153.42    , array([ 1.93397    ,  0.86447    ,  0.0177502  ,  15.7542    ])
735     , -6900.32    , array([ 1.90721    ,  0.864372   ,  0.0220088  ,  16.4165    ])
736     , -6630.17    , array([ 1.81642    ,  0.864029   ,  0.0224228  ,  18.9616    ])
737     , -6980.39    , array([ 1.77266    ,  0.863858   ,  0.0171868  ,  16.8817    ])
738     , -6896.84    , array([ 1.72094    ,  0.857413   ,  0.0179614  ,  19.0128    ])
739     , -7395.26    , array([ 1.67705    ,  0.864513   ,  0.01579    ,  22.9033    ])
740     , -6948.73    , array([ 1.87931    ,  0.861402   ,  0.0203866  ,  15.4241    ])
741     , -6523.67    , array([ 1.66861    ,  0.858882   ,  0.0211632  ,  19.4479    ])
742     , -6316.48    , array([ 1.54991    ,  0.856102   ,  0.0231084  ,  21.6078    ])
743     , -6380.16    , array([ 1.70223    ,  0.855623   ,  0.0253441  ,  20.5329    ])
744     , -6350.72    , array([ 1.52811    ,  0.85518    ,  0.0238229  ,  25.9293    ])
745     , -6101.53    , array([ 1.57247    ,  0.858039   ,  0.0311405  ,  24.5651    ])
746     , -6312.6     , array([ 1.50311    ,  0.858352   ,  0.0410033  ,  27.9225    ])
747     , -5946.47    , array([ 1.38616    ,  0.848512   ,  0.0293964  ,  28.0357    ])
750     , -6216.07    , array([ 1.60183    ,  0.855037   ,  0.0259858  ,  22.6219    ])
751     , -6023.04    , array([ 1.52232    ,  0.85365    ,  0.0311221  ,  22.3766    ])
likelihood = -5946.47
theta = 1212.8
Optimized parameters = [ 1.38616443  0.84851169  0.02939636 28.03565793]

Round_4_Replicate_2
752     , -6841.24    , array([ 0.780511   ,  1.38979    ,  0.0578781  ,  11.7598    ])
753     , -6832.09    , array([ 0.7709     ,  1.38979    ,  0.0578781  ,  11.7598    ])
754     , -6927.81    , array([ 0.780511   ,  1.41285    ,  0.0578781  ,  11.7598    ])
755     , -6320.74    , array([ 0.780511   ,  1.38979    ,  0.0501927  ,  11.7598    ])
756     , -6689.25    , array([ 0.780511   ,  1.38979    ,  0.0578781  ,  13.3021    ])
757     , -6399.26    , array([ 0.775691   ,  1.3671     ,  0.0538986  ,  12.5072    ])
758     , -6287.44    , array([ 0.773291   ,  1.3784     ,  0.0520126  ,  12.8986    ])
759     , -6085.7     , array([ 0.769707   ,  1.37274    ,  0.0493067  ,  13.5086    ])
760     , -5987.09    , array([ 0.782326   ,  1.36992    ,  0.048007   ,  13.8244    ])
761     , -5752.37    , array([ 0.788103   ,  1.36009    ,  0.043722   ,  14.9889    ])
762     , -5798.06    , array([ 0.776442   ,  1.3552     ,  0.0417251  ,  12.9733    ])
763     , -5746.11    , array([ 0.781645   ,  1.37168    ,  0.0394225  ,  14.0525    ])
764     , -5782.73    , array([ 0.784639   ,  1.37397    ,  0.0337153  ,  14.8954    ])
765     , -5680.86    , array([ 0.777382   ,  1.34047    ,  0.0375174  ,  16.3377    ])
766     , -5902.03    , array([ 0.775822   ,  1.31647    ,  0.0324362  ,  19.2569    ])
767     , -5729.45    , array([ 0.792214   ,  1.34107    ,  0.0333143  ,  15.6412    ])
768     , -5703.15    , array([ 0.793279   ,  1.35133    ,  0.0351768  ,  17.8831    ])
769     , -5960.92    , array([ 0.784103   ,  1.34213    ,  0.0301115  ,  16.9068    ])
770     , -5673.59    , array([ 0.787101   ,  1.35558    ,  0.0398298  ,  15.4469    ])
771     , -5756.07    , array([ 0.793336   ,  1.32295    ,  0.0335676  ,  18.9068    ])
772     , -5690.95    , array([ 0.784552   ,  1.35933    ,  0.0378694  ,  15.1346    ])
773     , -5714.83    , array([ 0.778957   ,  1.36233    ,  0.0423508  ,  16.7091    ])
774     , -5679.01    , array([ 0.78225    ,  1.35698    ,  0.0398845  ,  16.4355    ])
775     , -5780.19    , array([ 0.772485   ,  1.35481    ,  0.0427081  ,  14.0104    ])
776     , -5673.07    , array([ 0.788029   ,  1.3522     ,  0.036925   ,  16.8246    ])
777     , -5653.14    , array([ 0.782807   ,  1.3433     ,  0.0391737  ,  17.4546    ])
778     , -5643.32    , array([ 0.781937   ,  1.33535    ,  0.0398426  ,  18.7447    ])
779     , -5653.97    , array([ 0.792338   ,  1.3596     ,  0.0407481  ,  17.3194    ])
likelihood = -5643.32
theta = 1601.7
Optimized parameters = [ 0.78193663  1.33535152  0.03984261 18.74469189]

Round_4_Replicate_3
780     , -6711.83    , array([ 1.67126    ,  1.08548    ,  0.0320224  ,  12.4371    ])
781     , -6870.46    , array([ 1.71473    ,  1.08548    ,  0.0320224  ,  12.4371    ])
782     , -6709.72    , array([ 1.67126    ,  1.08994    ,  0.0320224  ,  12.4371    ])
783     , -6356.84    , array([ 1.67126    ,  1.08548    ,  0.0269604  ,  12.4371    ])
784     , -6437.01    , array([ 1.67126    ,  1.08548    ,  0.0320224  ,  14.1077    ])
785     , -6235.44    , array([ 1.62889    ,  1.08771    ,  0.0293826  ,  13.2461    ])
786     , -6000.08    , array([ 1.5876     ,  1.08882    ,  0.0281455  ,  13.6701    ])
787     , -6051.85    , array([ 1.62889    ,  1.08938    ,  0.0275466  ,  13.8871    ])
788     , -5868.03    , array([ 1.60811    ,  1.08464    ,  0.025549   ,  14.6744    ])
789     , -5752.84    , array([ 1.57744    ,  1.082      ,  0.022821   ,  15.9397    ])
790     , -5892.81    , array([ 1.56232    ,  1.08736    ,  0.0215682  ,  13.7511    ])
791     , -5649.63    , array([ 1.51054    ,  1.0883     ,  0.0229132  ,  16.4014    ])
792     , -5724.69    , array([ 1.43607    ,  1.08971    ,  0.0211235  ,  18.8349    ])
793     , -5796.18    , array([ 1.49247    ,  1.08386    ,  0.0204529  ,  15.9633    ])
794     , -6201.46    , array([ 1.4847     ,  1.08194    ,  0.0170642  ,  17.5242    ])
795     , -5780.15    , array([ 1.56122    ,  1.0871     ,  0.0248358  ,  14.5458    ])
796     , -5588.4     , array([ 1.50819    ,  1.08327    ,  0.0238952  ,  17.9174    ])
797     , -5510.69    , array([ 1.48184    ,  1.08124    ,  0.0251513  ,  20.4523    ])
798     , -5669.61    , array([ 1.57315    ,  1.08545    ,  0.0279431  ,  17.4703    ])
799     , -5559.15    , array([ 1.5096     ,  1.0814     ,  0.024409   ,  21.0118    ])
800     , -5425.82    , array([ 1.46161    ,  1.08618    ,  0.0274727  ,  22.0148    ])
801     , -5351.46    , array([ 1.40693    ,  1.08827    ,  0.0301428  ,  25.872     ])
802     , -5676.62    , array([ 1.386      ,  1.08414    ,  0.0233032  ,  24.4433    ])
803     , -5530.41    , array([ 1.52412    ,  1.08512    ,  0.026703   ,  19.0005    ])
804     , -5410.15    , array([ 1.44992    ,  1.07972    ,  0.030679   ,  28.0233    ])
805     , -5379.66    , array([ 1.42185    ,  1.08578    ,  0.0322866  ,  25.2618    ])
likelihood = -5351.46
theta = 1205.83
Optimized parameters = [ 1.40692632  1.08827339  0.03014283 25.87202659]

Round_4_Replicate_4
806     , -15425.5    , array([ 2.14457    ,  2.49293    ,  0.0363491  ,  7.79315    ])
807     , -15903.6    , array([ 2.22796    ,  2.49293    ,  0.0363491  ,  7.79315    ])
808     , -15840.2    , array([ 2.14457    ,  2.60943    ,  0.0363491  ,  7.79315    ])
809     , -14046.4    , array([ 2.14457    ,  2.49293    ,  0.0307977  ,  7.79315    ])
810     , -14420.7    , array([ 2.14457    ,  2.49293    ,  0.0363491  ,  8.63572    ])
811     , -13948.3    , array([ 2.0643     ,  2.55051    ,  0.0334585  ,  8.20363    ])
812     , -13094.9    , array([ 1.98704    ,  2.5798     ,  0.0321006  ,  8.4169     ])
813     , -12701.5    , array([ 2.0643     ,  2.42277    ,  0.0314424  ,  8.52561    ])
814     , -11389.8    , array([ 2.0253     ,  2.33451    ,  0.0292433  ,  8.91727    ])
815     , -11239.5    , array([ 2.00608    ,  2.4541     ,  0.0282021  ,  9.11979    ])
816     , -9685.3     , array([ 1.94023    ,  2.43491    ,  0.0248414  ,  9.86554    ])
817     , -10174.8    , array([ 1.90811    ,  2.42537    ,  0.0233143  ,  8.79651    ])
818     , -8685.64    , array([ 1.79985    ,  2.39228    ,  0.0239414  ,  10.3561    ])
819     , -7170.91    , array([ 1.64886    ,  2.34349    ,  0.0211089  ,  11.9381    ])
820     , -7126.47    , array([ 1.76953    ,  2.2033     ,  0.0186266  ,  11.4195    ])
821     , -6242.67    , array([ 1.66988    ,  2.03618    ,  0.0141887  ,  13.3013    ])
822     , -6484.32    , array([ 1.57642    ,  2.27391    ,  0.0142422  ,  13.1643    ])
823     , -6006.73    , array([ 1.52087    ,  2.11928    ,  0.0139623  ,  16.3254    ])
824     , -7121.46    , array([ 1.3578     ,  1.98105    ,  0.010805   ,  22.2403    ])
826     , -7308.3     , array([ 1.76352    ,  2.30912    ,  0.0196995  ,  11.5797    ])
827     , -6317.04    , array([ 1.45692    ,  2.0767     ,  0.0123884  ,  15.9532    ])
829     , -6365.02    , array([ 1.60076    ,  2.23139    ,  0.0169891  ,  13.2082    ])
830     , -5881.89    , array([ 1.54382    ,  1.96655    ,  0.0143373  ,  16.249     ])
831     , -5812.21    , array([ 1.52778    ,  1.82882    ,  0.014385   ,  18.0526    ])
832     , -6595.43    , array([ 1.48528    ,  1.81426    ,  0.0110597  ,  18.9335    ])
833     , -6054.89    , array([ 1.57108    ,  2.11888    ,  0.0152603  ,  14.4524    ])
834     , -5834.73    , array([ 1.69466    ,  1.9691     ,  0.0168334  ,  14.92      ])
likelihood = -5812.21
theta = 1118.12
Optimized parameters = [1.52777827e+00 1.82881569e+00 1.43850310e-02 1.80526289e+01]

Round_4_Replicate_5
835     , -15360.4    , array([ 2.1081     ,  0.897085   ,  0.0443333  ,  5.30033    ])
836     , -15962.3    , array([ 2.1882     ,  0.897085   ,  0.0443333  ,  5.30033    ])
837     , -15353.3    , array([ 2.1081     ,  0.892227   ,  0.0443333  ,  5.30033    ])
838     , -14288.7    , array([ 2.1081     ,  0.897085   ,  0.0379373  ,  5.30033    ])
839     , -14715.9    , array([ 2.1081     ,  0.897085   ,  0.0443333  ,  5.76127    ])
840     , -13902.9    , array([ 2.03094    ,  0.894653   ,  0.0410108  ,  5.526      ])
841     , -12972.4    , array([ 1.9566     ,  0.893439   ,  0.0394442  ,  5.64241    ])
842     , -13298.8    , array([ 2.03094    ,  0.892833   ,  0.0386834  ,  5.70153    ])
843     , -12401.8    , array([ 1.99343    ,  0.897999   ,  0.0361345  ,  5.91337    ])
844     , -11204.6    , array([ 1.93845    ,  0.900899   ,  0.0326226  ,  6.24599    ])
845     , -11519.5    , array([ 1.91153    ,  0.895033   ,  0.0309967  ,  5.6645     ])
846     , -10384      , array([ 1.82023    ,  0.894008   ,  0.0327419  ,  6.36512    ])
847     , -8915.09    , array([ 1.69139    ,  0.892473   ,  0.0304174  ,  6.97523    ])
848     , -9268.81    , array([ 1.72422    ,  0.898085   ,  0.0284737  ,  6.54488    ])
849     , -8339.06    , array([ 1.68009    ,  0.899806   ,  0.0237256  ,  7.12275    ])
850     , -7435.33    , array([ 1.55685    ,  0.903006   ,  0.0184007  ,  8.00275    ])
851     , -7167.35    , array([ 1.55199    ,  0.902196   ,  0.0232618  ,  8.43312    ])
852     , -6426.7     , array([ 1.39843    ,  0.905799   ,  0.0201515  ,  10.2897    ])
853     , -6645.36    , array([ 1.29989    ,  0.898755   ,  0.0173715  ,  9.81633    ])
854     , -6864.33    , array([ 1.2689     ,  0.901908   ,  0.0155456  ,  11.4729    ])
855     , -8825.95    , array([ 1.12039    ,  0.912364   ,  0.0104033  ,  13.8062    ])
856     , -7283.79    , array([ 1.2419     ,  0.90735    ,  0.0136038  ,  11.6398    ])
857     , -7574.1     , array([ 1.08713    ,  0.903888   ,  0.0147867  ,  14.5126    ])
858     , -6847.01    , array([ 1.42317    ,  0.903226   ,  0.0174218  ,  9.28679    ])
859     , -6740.04    , array([ 1.45891    ,  0.897514   ,  0.0226341  ,  8.91251    ])
860     , -7291.15    , array([ 1.53105    ,  0.900728   ,  0.0238998  ,  7.96959    ])
861     , -6619.1     , array([ 1.3299     ,  0.901613   ,  0.0173103  ,  10.474     ])
likelihood = -6426.7
theta = 1673.54
Optimized parameters = [ 1.39842991  0.90579923  0.02015153 10.2896778 ]

Round_1_Replicate_1
1721    , -301089     , array([ 5.0132     ,  1.72345    ,  2.60376    ,  0.229283   ])
1722    , -303157     , array([ 5.43401    ,  1.72345    ,  2.60376    ,  0.229283   ])
1723    , -302833     , array([ 5.0132     ,  1.771      ,  2.60376    ,  0.229283   ])
1724    , -304390     , array([ 5.0132     ,  1.72345    ,  2.73138    ,  0.229283   ])
1725    , -302322     , array([ 5.0132     ,  1.72345    ,  2.60376    ,  0.213005   ])
1726    , -300414     , array([ 5.21937    ,  1.74706    ,  2.48211    ,  0.220994   ])
1727    , -298579     , array([ 5.32561    ,  1.75899    ,  2.36615    ,  0.216963   ])
1728    , -299127     , array([ 4.7669     ,  1.76498    ,  2.48211    ,  0.214975   ])
likelihood = -298579.23
theta = 2788.7
Optimized parameters = [5.32560951 1.75898862 2.36614563 0.21696306]

Round_1_Replicate_2
1729    , -194517     , array([ 0.322764   ,  3.62816    ,  4.5031     ,  0.454362   ])
1730    , -189658     , array([ 0.30502    ,  3.62816    ,  4.5031     ,  0.454362   ])
1731    , -195084     , array([ 0.322764   ,  3.86964    ,  4.5031     ,  0.454362   ])
1732    , -201456     , array([ 0.322764   ,  3.62816    ,  4.85498    ,  0.454362   ])
1733    , -194453     , array([ 0.322764   ,  3.62816    ,  4.5031     ,  0.436789   ])
1734    , -185528     , array([ 0.313767   ,  3.74695    ,  4.17673    ,  0.445489   ])
1735    , -177792     , array([ 0.309362   ,  3.8078     ,  3.87401    ,  0.441118   ])
1736    , -183082     , array([ 0.307184   ,  3.48495    ,  4.17673    ,  0.438948   ])
likelihood = -177792.3
theta = 5176.68
Optimized parameters = [0.30936248 3.8078033  3.87400944 0.44111765]

Round_1_Replicate_3
1737    , -70347.7    , array([ 1.05742    ,  0.520942   ,  0.58596    ,  1.00938    ])
1738    , -70462.5    , array([ 1.06038    ,  0.520942   ,  0.58596    ,  1.00938    ])
1739    , -69764.4    , array([ 1.05742    ,  0.50423    ,  0.58596    ,  1.00938    ])
1740    , -69012.8    , array([ 1.05742    ,  0.520942   ,  0.570508   ,  1.00938    ])
1741    , -70345      , array([ 1.05742    ,  0.520942   ,  0.58596    ,  1.00986    ])
1742    , -69270      , array([ 1.05448    ,  0.512518   ,  0.578182   ,  1.00962    ])
1743    , -68850.3    , array([ 1.05595    ,  0.508357   ,  0.574332   ,  1.00974    ])
1744    , -68114.6    , array([ 1.05521    ,  0.502179   ,  0.568605   ,  1.00992    ])
likelihood = -68114.58
theta = 4097.0
Optimized parameters = [1.0552126  0.50217949 0.56860496 1.00991501]

Round_1_Replicate_4
1745    , -18734.4    , array([ 0.511244   ,  0.717505   ,  0.265138   ,  6.87044    ])
1746    , -18298.5    , array([ 0.494378   ,  0.717505   ,  0.265138   ,  6.87044    ])
1747    , -18565.1    , array([ 0.511244   ,  0.705693   ,  0.265138   ,  6.87044    ])
1748    , -17296.5    , array([ 0.511244   ,  0.717505   ,  0.248111   ,  6.87044    ])
1749    , -18652.5    , array([ 0.511244   ,  0.717505   ,  0.265138   ,  7.56543    ])
1750    , -17663.5    , array([ 0.50274    ,  0.711574   ,  0.256483   ,  7.20956    ])
1751    , -17285.8    , array([ 0.498542   ,  0.708628   ,  0.252262   ,  6.39142    ])
1752    , -16666.9    , array([ 0.49231    ,  0.704231   ,  0.246061   ,  5.87461    ])
likelihood = -16666.94
theta = 4051.27
Optimized parameters = [0.49230953 0.70423057 0.2460608  5.87461415]

Round_1_Replicate_5
1753    , -23009.3    , array([ 0.366338   ,  0.292169   ,  0.530085   ,  2.58554    ])
1754    , -21977.9    , array([ 0.348398   ,  0.292169   ,  0.530085   ,  2.58554    ])
1755    , -22588.8    , array([ 0.366338   ,  0.274736   ,  0.530085   ,  2.58554    ])
1756    , -22176.3    , array([ 0.366338   ,  0.292169   ,  0.513527   ,  2.58554    ])
1757    , -22979.2    , array([ 0.366338   ,  0.292169   ,  0.530085   ,  2.71131    ])
1758    , -21845.9    , array([ 0.357255   ,  0.283319   ,  0.52174    ,  2.64768    ])
1759    , -21282.2    , array([ 0.352799   ,  0.278994   ,  0.517617   ,  2.67931    ])
1760    , -21048.8    , array([ 0.350592   ,  0.276857   ,  0.515568   ,  2.50992    ])
1761    , -20136.7    , array([ 0.342974   ,  0.269505   ,  0.508459   ,  2.4149     ])
likelihood = -20136.71
theta = 7454.23
Optimized parameters = [0.34297415 0.26950475 0.50845886 2.41490154]

Round_1_Replicate_6
1762    , -159810     , array([ 0.912246   ,  0.137729   ,  4.12248    ,  1.52761    ])
1763    , -159652     , array([ 0.908066   ,  0.137729   ,  4.12248    ,  1.52761    ])
1764    , -156505     , array([ 0.912246   ,  0.124732   ,  4.12248    ,  1.52761    ])
1765    , -164675     , array([ 0.912246   ,  0.137729   ,  4.42503    ,  1.52761    ])
1766    , -159796     , array([ 0.912246   ,  0.137729   ,  4.12248    ,  1.56032    ])
1767    , -153314     , array([ 0.910153   ,  0.131069   ,  3.84062    ,  1.54387    ])
1768    , -147820     , array([ 0.909109   ,  0.127861   ,  3.57802    ,  1.55207    ])
1769    , -152064     , array([ 0.908587   ,  0.126287   ,  3.84062    ,  1.55619    ])
likelihood = -147820.2
theta = 6479.67
Optimized parameters = [0.90910915 0.12786116 3.57802095 1.552073  ]

Round_1_Replicate_7
1770    , -68669.6    , array([ 0.636355   ,  0.486153   ,  0.127698   ,  0.192565   ])
1771    , -67932.7    , array([ 0.622134   ,  0.486153   ,  0.127698   ,  0.192565   ])
1772    , -67410.8    , array([ 0.636355   ,  0.468933   ,  0.127698   ,  0.192565   ])
1773    , -68190.7    , array([ 0.636355   ,  0.486153   ,  0.115211   ,  0.192565   ])
1774    , -73515.9    , array([ 0.636355   ,  0.486153   ,  0.127698   ,  0.17734    ])
1775    , -62862.8    , array([ 0.629204   ,  0.477465   ,  0.121294   ,  0.209097   ])
1776    , -57961.3    , array([ 0.625659   ,  0.47318    ,  0.118213   ,  0.227049   ])
1777    , -61973.2    , array([ 0.623894   ,  0.471052   ,  0.116702   ,  0.209097   ])
likelihood = -57961.31
theta = 5769.47
Optimized parameters = [0.62565925 0.47318014 0.11821308 0.22704897]

Round_1_Replicate_8
1778    , -8980.72    , array([ 0.402619   ,  0.131117   ,  0.184575   ,  2.6728     ])
1779    , -8582.48    , array([ 0.384715   ,  0.131117   ,  0.184575   ,  2.6728     ])
1780    , -9355.27    , array([ 0.402619   ,  0.118451   ,  0.184575   ,  2.6728     ])
1781    , -8667.54    , array([ 0.402619   ,  0.131117   ,  0.169622   ,  2.6728     ])
1782    , -8937.37    , array([ 0.402619   ,  0.131117   ,  0.184575   ,  2.80746    ])
1783    , -8259.01    , array([ 0.393566   ,  0.145136   ,  0.176941   ,  2.7393     ])
1784    , -7782.22    , array([ 0.389115   ,  0.160654   ,  0.173243   ,  2.77317    ])
1785    , -8000.78    , array([ 0.386909   ,  0.145136   ,  0.171423   ,  2.79027    ])
likelihood = -7782.22
theta = 6313.6
Optimized parameters = [0.38911523 0.16065413 0.17324293 2.77317289]

Round_1_Replicate_9
1786    , -200786     , array([ 1.6105     ,  6.06866    ,  0.305468   ,  0.231139   ])
1787    , -202823     , array([ 1.64934    ,  6.06866    ,  0.305468   ,  0.231139   ])
1788    , -202623     , array([ 1.6105     ,  6.64122    ,  0.305468   ,  0.231139   ])
1789    , -199690     , array([ 1.6105     ,  6.06866    ,  0.287881   ,  0.231139   ])
1790    , -206605     , array([ 1.6105     ,  6.06866    ,  0.305468   ,  0.214816   ])
1791    , -196464     , array([ 1.62981    ,  6.34849    ,  0.296544   ,  0.248702   ])
1792    , -191532     , array([ 1.63954    ,  6.49321    ,  0.292181   ,  0.2676     ])
1793    , -194401     , array([ 1.5867     ,  6.5668     ,  0.290023   ,  0.248702   ])
likelihood = -191532.2
theta = 3543.39
Optimized parameters = [1.63954311 6.49320549 0.29218059 0.26760019]

Round_1_Replicate_10
1794    , -173511     , array([ 1.99455    ,  0.428236   ,  1.92846    ,  7.31972    ])
1795    , -174811     , array([ 2.06461    ,  0.428236   ,  1.92846    ,  7.31972    ])
1796    , -171968     , array([ 1.99455    ,  0.410457   ,  1.92846    ,  7.31972    ])
1797    , -175966     , array([ 1.99455    ,  0.428236   ,  1.99284    ,  7.31972    ])
1798    , -173522     , array([ 1.99455    ,  0.428236   ,  1.92846    ,  8.08573    ])
1799    , -170963     , array([ 2.02928    ,  0.419252   ,  1.86617    ,  7.69319    ])
1800    , -168494     , array([ 2.04687    ,  0.414831   ,  1.80588    ,  7.88702    ])
1801    , -168924     , array([ 1.95198    ,  0.412638   ,  1.86617    ,  7.98575    ])
likelihood = -168493.74
theta = 2713.84
Optimized parameters = [2.04686646 0.41483141 1.80588351 7.88701904]

Round_2_Replicate_1
1802    , -16493.2    , array([ 0.614195   ,  0.0579609  ,  0.112336   ,  2.04361    ])
1803    , -16208.1    , array([ 0.599407   ,  0.0579609  ,  0.112336   ,  2.04361    ])
1804    , -17419.2    , array([ 0.614195   ,  0.050268   ,  0.112336   ,  2.04361    ])
1805    , -16301.9    , array([ 0.614195   ,  0.0579609  ,  0.100704   ,  2.04361    ])
1806    , -16411.4    , array([ 0.614195   ,  0.0579609  ,  0.112336   ,  2.11796    ])
1807    , -15306.6    , array([ 0.606756   ,  0.066831   ,  0.106361   ,  2.08046    ])
1808    , -14306.5    , array([ 0.60307    ,  0.0770587  ,  0.103494   ,  2.09913    ])
1809    , -15113      , array([ 0.601236   ,  0.066831   ,  0.102089   ,  2.10852    ])
1810    , -14588      , array([ 0.594859   ,  0.0717629  ,  0.097322   ,  2.02997    ])
1811    , -13831.3    , array([ 0.58542    ,  0.0798514  ,  0.106725   ,  2.09678    ])
1812    , -12695.7    , array([ 0.571542   ,  0.0937251  ,  0.10987    ,  2.12388    ])
likelihood = -12695.71
theta = 5631.46
Optimized parameters = [0.57154225 0.09372511 0.10986959 2.12388483]

Round_2_Replicate_2
1813    , -6238.19    , array([ 0.151157   ,  0.104305   ,  0.428997   ,  1.13191    ])
1814    , -5803.92    , array([ 0.13753    ,  0.104305   ,  0.428997   ,  1.13191    ])
1815    , -6347.28    , array([ 0.151157   ,  0.093158   ,  0.428997   ,  1.13191    ])
1816    , -6082.43    , array([ 0.151157   ,  0.104305   ,  0.411222   ,  1.13191    ])
1817    , -6237.21    , array([ 0.151157   ,  0.104305   ,  0.428997   ,  1.13895    ])
1818    , -5903.89    , array([ 0.144183   ,  0.116786   ,  0.420016   ,  1.13542    ])
1819    , -5777.19    , array([ 0.140817   ,  0.110369   ,  0.415596   ,  1.13718    ])
1820    , -5598.54    , array([ 0.135916   ,  0.113532   ,  0.409053   ,  1.13983    ])
1821    , -5522.72    , array([ 0.13353    ,  0.115147   ,  0.40582    ,  1.1306     ])
1822    , -5318.25    , array([ 0.125503   ,  0.120984   ,  0.394706   ,  1.12645    ])
1823    , -5374.64    , array([ 0.121672   ,  0.124013   ,  0.414772   ,  1.13488    ])
likelihood = -5318.25
theta = 13021.61
Optimized parameters = [0.1255025  0.12098418 0.39470603 1.12644739]

Round_2_Replicate_3
1824    , -7691.11    , array([ 0.195473   ,  0.5735     ,  0.142083   ,  4.5568     ])
1825    , -8047.96    , array([ 0.180153   ,  0.5735     ,  0.142083   ,  4.5568     ])
1826    , -7531.11    , array([ 0.195473   ,  0.557777   ,  0.142083   ,  4.5568     ])
1827    , -7592.58    , array([ 0.195473   ,  0.5735     ,  0.128875   ,  4.5568     ])
1828    , -7672.75    , array([ 0.195473   ,  0.5735     ,  0.142083   ,  4.91579    ])
1829    , -7220.75    , array([ 0.212096   ,  0.565584   ,  0.135318   ,  4.7329     ])
1830    , -6869.34    , array([ 0.230133   ,  0.561667   ,  0.132058   ,  4.82348    ])
1831    , -7122.44    , array([ 0.212096   ,  0.559718   ,  0.130457   ,  4.86941    ])
1832    , -6895.36    , array([ 0.22093    ,  0.552952   ,  0.125005   ,  4.49247    ])
1833    , -6687.04    , array([ 0.234876   ,  0.542956   ,  0.135731   ,  4.81206    ])
1834    , -6392.95    , array([ 0.257464   ,  0.528299   ,  0.139295   ,  4.945      ])
likelihood = -6392.95
theta = 4913.31
Optimized parameters = [0.25746356 0.52829883 0.13929511 4.94499993]

Round_2_Replicate_4
1835    , -7471.78    , array([ 0.235913   ,  0.508184   ,  0.0835972  ,  10.698     ])
1836    , -7923.78    , array([ 0.219477   ,  0.508184   ,  0.0835972  ,  10.698     ])
1837    , -7453.57    , array([ 0.235913   ,  0.491272   ,  0.0835972  ,  10.698     ])
1838    , -8057.74    , array([ 0.235913   ,  0.508184   ,  0.0738417  ,  10.698     ])
1839    , -7580.79    , array([ 0.235913   ,  0.508184   ,  0.0835972  ,  12.0439    ])
1840    , -7213.02    , array([ 0.227547   ,  0.499657   ,  0.0946417  ,  11.351     ])
1841    , -6900.87    , array([ 0.223475   ,  0.495447   ,  0.107145   ,  11.6923    ])
1842    , -6785.66    , array([ 0.246805   ,  0.493355   ,  0.0946417  ,  11.8668    ])
1843    , -6318.29    , array([ 0.261719   ,  0.486104   ,  0.1007     ,  12.4983    ])
1844    , -6512.19    , array([ 0.241842   ,  0.482518   ,  0.103872   ,  10.7377    ])
1845    , -6207.2     , array([ 0.244863   ,  0.470175   ,  0.115786   ,  12.111     ])
1846    , -5890.94    , array([ 0.249464   ,  0.45225    ,  0.136265   ,  12.886     ])
likelihood = -5890.94
theta = 4360.41
Optimized parameters = [ 0.24946435  0.45225013  0.13626533 12.88598688]

Round_2_Replicate_5
1847    , -16665.8    , array([ 0.618874   ,  0.0487418  ,  0.11753    ,  6.60028    ])
1848    , -16457.6    , array([ 0.604202   ,  0.0487418  ,  0.11753    ,  6.60028    ])
1849    , -17722.2    , array([ 0.618874   ,  0.041908   ,  0.11753    ,  6.60028    ])
1850    , -16535.7    , array([ 0.618874   ,  0.0487418  ,  0.105599   ,  6.60028    ])
1851    , -16657.4    , array([ 0.618874   ,  0.0487418  ,  0.11753    ,  7.25338    ])
1852    , -15448.8    , array([ 0.611494   ,  0.05669    ,  0.111405   ,  6.91913    ])
1853    , -14363.5    , array([ 0.607837   ,  0.0659343  ,  0.108463   ,  7.08428    ])
1854    , -15347      , array([ 0.606017   ,  0.05669    ,  0.107021   ,  7.16833    ])
1855    , -14736.5    , array([ 0.599689   ,  0.0611377  ,  0.102124   ,  6.48454    ])
1856    , -13924.4    , array([ 0.590321   ,  0.0684719  ,  0.111778   ,  7.06342    ])
1857    , -12695.5    , array([ 0.576542   ,  0.0811555  ,  0.115002   ,  7.30705    ])
likelihood = -12695.52
theta = 4121.72
Optimized parameters = [0.57654186 0.08115552 0.11500236 7.30704608]

Round_2_Replicate_6
1858    , -8637.31    , array([ 0.144708   ,  0.50423    ,  0.11824    ,  2.96607    ])
1859    , -9264.7     , array([ 0.131376   ,  0.50423    ,  0.11824    ,  2.96607    ])
1860    , -8477.68    , array([ 0.144708   ,  0.487259   ,  0.11824    ,  2.96607    ])
1861    , -8811.64    , array([ 0.144708   ,  0.50423    ,  0.106268   ,  2.96607    ])
1862    , -8641.06    , array([ 0.144708   ,  0.50423    ,  0.11824    ,  3.13177    ])
1863    , -8056.61    , array([ 0.159393   ,  0.495672   ,  0.112094   ,  3.04779    ])
1864    , -7527.82    , array([ 0.175567   ,  0.491447   ,  0.109142   ,  3.0895     ])
1865    , -7863.9     , array([ 0.159393   ,  0.489349   ,  0.126398   ,  3.11056    ])
1866    , -7615.71    , array([ 0.167285   ,  0.482074   ,  0.117454   ,  2.93599    ])
1867    , -7164.01    , array([ 0.179861   ,  0.471363   ,  0.117063   ,  3.08425    ])
1868    , -6574.02    , array([ 0.200521   ,  0.455742   ,  0.116478   ,  3.1451     ])
likelihood = -6574.02
theta = 5907.49
Optimized parameters = [0.20052093 0.45574248 0.11647824 3.14510198]

Round_2_Replicate_7
1869    , -6763.24    , array([ 0.132317   ,  0.0987291  ,  0.239099   ,  6.44444    ])
1870    , -7049.75    , array([ 0.11959    ,  0.0987291  ,  0.239099   ,  6.44444    ])
1871    , -7171.49    , array([ 0.132317   ,  0.0879362  ,  0.239099   ,  6.44444    ])
1872    , -7165.91    , array([ 0.132317   ,  0.0987291  ,  0.222591   ,  6.44444    ])
1873    , -6788.59    , array([ 0.132317   ,  0.0987291  ,  0.239099   ,  7.07366    ])
1874    , -6758.81    , array([ 0.125793   ,  0.110847   ,  0.230697   ,  6.75172    ])
1875    , -6649.9     , array([ 0.122652   ,  0.124452   ,  0.226608   ,  6.91082    ])
1876    , -6446.31    , array([ 0.121112   ,  0.110847   ,  0.250033   ,  6.99177    ])
1877    , -6163.38    , array([ 0.11587    ,  0.117452   ,  0.264998   ,  7.28262    ])
1878    , -6117.52    , array([ 0.1319     ,  0.120901   ,  0.245052   ,  7.43256    ])
1879    , -5766.06    , array([ 0.138521   ,  0.13379    ,  0.248084   ,  7.98206    ])
1880    , -5975.11    , array([ 0.121976   ,  0.140741   ,  0.249614   ,  7.19307    ])
likelihood = -5766.06
theta = 8813.64
Optimized parameters = [0.1385213  0.13379019 0.24808424 7.98205929]

Round_2_Replicate_8
1881    , -16438.2    , array([ 0.113561   ,  0.0415976  ,  0.140525   ,  5.90138    ])
1882    , -17175.8    , array([ 0.101857   ,  0.0415976  ,  0.140525   ,  5.90138    ])
1883    , -17500.5    , array([ 0.113561   ,  0.0354831  ,  0.140525   ,  5.90138    ])
1884    , -17495.2    , array([ 0.113561   ,  0.0415976  ,  0.127392   ,  5.90138    ])
1885    , -16600.4    , array([ 0.113561   ,  0.0415976  ,  0.140525   ,  6.44913    ])
1886    , -16395.1    , array([ 0.10755    ,  0.0487657  ,  0.133798   ,  6.16918    ])
1887    , -15910.4    , array([ 0.104665   ,  0.0571691  ,  0.130555   ,  6.3076     ])
1888    , -15519      , array([ 0.103252   ,  0.0487657  ,  0.149413   ,  6.37797    ])
1889    , -14527.4    , array([ 0.0984533  ,  0.0528005  ,  0.161812   ,  6.63052    ])
1890    , -14565.8    , array([ 0.113176   ,  0.0549414  ,  0.145346   ,  6.76051    ])
1891    , -14203.6    , array([ 0.101339   ,  0.0631416  ,  0.147818   ,  6.3339     ])
1892    , -13184.8    , array([ 0.0957307  ,  0.0777927  ,  0.151605   ,  6.27706    ])
likelihood = -13184.83
theta = 7771.53
Optimized parameters = [0.09573073 0.07779271 0.15160455 6.27705853]

Round_2_Replicate_9
1893    , -36750.7    , array([ 0.741656   ,  0.0741997  ,  0.451362   ,  4.79037    ])
1894    , -36271.8    , array([ 0.730655   ,  0.0741997  ,  0.451362   ,  4.79037    ])
1895    , -37234.5    , array([ 0.741656   ,  0.0651512  ,  0.451362   ,  4.79037    ])
1896    , -35635.1    , array([ 0.741656   ,  0.0741997  ,  0.433761   ,  4.79037    ])
1897    , -36741.7    , array([ 0.741656   ,  0.0741997  ,  0.451362   ,  5.18069    ])
1898    , -35506.7    , array([ 0.736135   ,  0.084505   ,  0.442474   ,  4.98171    ])
1899    , -34719.5    , array([ 0.73339    ,  0.0962414  ,  0.438096   ,  5.08023    ])
1900    , -34902      , array([ 0.732021   ,  0.084505   ,  0.435923   ,  5.13021    ])
1901    , -34020.1    , array([ 0.727251   ,  0.0901825  ,  0.428403   ,  4.72053    ])
1902    , -32720.6    , array([ 0.720154   ,  0.0994219  ,  0.417366   ,  4.50601    ])
1903    , -32742.5    , array([ 0.732876   ,  0.104391   ,  0.411954   ,  4.95132    ])
likelihood = -32720.64
theta = 5305.43
Optimized parameters = [0.72015415 0.0994219  0.41736577 4.5060118 ]

Round_2_Replicate_10
1904    , -18988.3    , array([ 1.3522     ,  0.327072   ,  0.12127    ,  5.72658    ])
1905    , -19306      , array([ 1.37275    ,  0.327072   ,  0.12127    ,  5.72658    ])
1906    , -19108.2    , array([ 1.3522     ,  0.309297   ,  0.12127    ,  5.72658    ])
1907    , -17445.1    , array([ 1.3522     ,  0.327072   ,  0.109129   ,  5.72658    ])
1908    , -18761.7    , array([ 1.3522     ,  0.327072   ,  0.12127    ,  6.2487     ])
1909    , -17832.5    , array([ 1.33195    ,  0.31806    ,  0.115039   ,  5.98195    ])
1910    , -17390      , array([ 1.34203    ,  0.341071   ,  0.112045   ,  6.11387    ])
1911    , -16576.8    , array([ 1.33698    ,  0.358161   ,  0.1077     ,  6.31723    ])
1912    , -16364.4    , array([ 1.33446    ,  0.337516   ,  0.10559    ,  6.42143    ])
1913    , -15194.9    , array([ 1.32568    ,  0.342862   ,  0.098528   ,  6.79987    ])
1914    , -14990.9    , array([ 1.32132    ,  0.345567   ,  0.095176   ,  6.13893    ])
1915    , -13521.5    , array([ 1.30614    ,  0.355203   ,  0.0843169  ,  6.08477    ])
likelihood = -13521.46
theta = 2541.06
Optimized parameters = [1.3061421  0.35520295 0.08431693 6.0847662 ]

Round_3_Replicate_1
1916    , -31050.5    , array([ 0.469467   ,  0.311241   ,  0.539734   ,  1.183      ])
1917    , -30019.1    , array([ 0.452049   ,  0.311241   ,  0.539734   ,  1.183      ])
1918    , -30576.9    , array([ 0.469467   ,  0.293597   ,  0.539734   ,  1.183      ])
1919    , -30127.2    , array([ 0.469467   ,  0.311241   ,  0.523346   ,  1.183      ])
1920    , -31029.5    , array([ 0.469467   ,  0.311241   ,  0.539734   ,  1.19298    ])
1921    , -29821.4    , array([ 0.460676   ,  0.302291   ,  0.531476   ,  1.18798    ])
1922    , -29221.7    , array([ 0.456342   ,  0.297912   ,  0.527395   ,  1.19048    ])
1923    , -28956.5    , array([ 0.45419    ,  0.295747   ,  0.525367   ,  1.1768     ])
1924    , -27964.6    , array([ 0.44674    ,  0.288291   ,  0.518327   ,  1.1688     ])
1925    , -28121.4    , array([ 0.44306    ,  0.310674   ,  0.514843   ,  1.17959    ])
1926    , -27545.6    , array([ 0.430419   ,  0.292795   ,  0.526634   ,  1.17788    ])
1927    , -26316.6    , array([ 0.41213    ,  0.283986   ,  0.528285   ,  1.17533    ])
1928    , -25888.4    , array([ 0.426811   ,  0.279682   ,  0.505199   ,  1.17406    ])
1929    , -24018.8    , array([ 0.414725   ,  0.265123   ,  0.488769   ,  1.16962    ])
1930    , -24073.5    , array([ 0.403056   ,  0.275647   ,  0.497724   ,  1.15642    ])
1931    , -23202.3    , array([ 0.395954   ,  0.248977   ,  0.501312   ,  1.15558    ])
1932    , -21078.4    , array([ 0.374313   ,  0.222888   ,  0.49468    ,  1.14376    ])
1933    , -20110.8    , array([ 0.359454   ,  0.235918   ,  0.486451   ,  1.1537     ])
1934    , -16913.4    , array([ 0.322431   ,  0.213415   ,  0.471255   ,  1.14622    ])
1935    , -17256.7    , array([ 0.344639   ,  0.207615   ,  0.450783   ,  1.13298    ])
likelihood = -16913.36
theta = 8364.36
Optimized parameters = [0.3224313  0.21341494 0.47125531 1.14621931]

Round_3_Replicate_2
1936    , -13375.5    , array([ 0.149645   ,  0.305994   ,  0.53235    ,  0.709019   ])
1937    , -12908      , array([ 0.136086   ,  0.305994   ,  0.53235    ,  0.709019   ])
1938    , -12700.5    , array([ 0.149645   ,  0.288402   ,  0.53235    ,  0.709019   ])
1939    , -12987.8    , array([ 0.149645   ,  0.305994   ,  0.515831   ,  0.709019   ])
1940    , -13420.5    , array([ 0.149645   ,  0.305994   ,  0.53235    ,  0.696933   ])
1941    , -12551.9    , array([ 0.142704   ,  0.297068   ,  0.524026   ,  0.721315   ])
1942    , -12148      , array([ 0.139356   ,  0.292703   ,  0.519912   ,  0.733825   ])
1943    , -12008.6    , array([ 0.137711   ,  0.290545   ,  0.517868   ,  0.721315   ])
1944    , -11401.1    , array([ 0.132106   ,  0.283115   ,  0.510775   ,  0.727543   ])
1945    , -11602.6    , array([ 0.12939    ,  0.279472   ,  0.531826   ,  0.730677   ])
1946    , -11044.4    , array([ 0.138737   ,  0.267086   ,  0.515069   ,  0.741753   ])
1947    , -10244.5    , array([ 0.140082   ,  0.249528   ,  0.50664    ,  0.758682   ])
1948    , -10186.8    , array([ 0.122069   ,  0.263588   ,  0.502478   ,  0.767291   ])
1949    , -9304.45    , array([ 0.11025    ,  0.251993   ,  0.488176   ,  0.798199   ])
1950    , -9188.86    , array([ 0.116591   ,  0.240978   ,  0.498549   ,  0.773188   ])
1951    , -8110.74    , array([ 0.106644   ,  0.218651   ,  0.488199   ,  0.793655   ])
1952    , -8032.06    , array([ 0.114001   ,  0.223241   ,  0.466962   ,  0.809292   ])
1953    , -6881.49    , array([ 0.107007   ,  0.199522   ,  0.437559   ,  0.851716   ])
1954    , -6583.42    , array([ 0.100492   ,  0.184996   ,  0.450014   ,  0.879407   ])
1955    , -5720.91    , array([ 0.0876462  ,  0.149541   ,  0.4224     ,  0.966842   ])
1956    , -6370.76    , array([ 0.0749634  ,  0.16249    ,  0.414254   ,  0.952      ])
likelihood = -5720.91
theta = 14063.52
Optimized parameters = [0.08764622 0.14954128 0.42239997 0.96684237]

Round_3_Replicate_3
1957    , -10128.1    , array([ 0.0515532  ,  0.14499    ,  0.241066   ,  1.51478    ])
1958    , -11374.3    , array([ 0.0444497  ,  0.14499    ,  0.241066   ,  1.51478    ])
1959    , -10147.7    , array([ 0.0515532  ,  0.131645   ,  0.241066   ,  1.51478    ])
1960    , -10529.9    , array([ 0.0515532  ,  0.14499    ,  0.224514   ,  1.51478    ])
1961    , -10150.9    , array([ 0.0515532  ,  0.14499    ,  0.241066   ,  1.54656    ])
1962    , -9195.59    , array([ 0.059792   ,  0.138157   ,  0.232643   ,  1.53059    ])
1963    , -8269.81    , array([ 0.0693474  ,  0.134862   ,  0.228542   ,  1.53856    ])
1964    , -8789.11    , array([ 0.059792   ,  0.133244   ,  0.252025   ,  1.54255    ])
1965    , -8535.4     , array([ 0.0643927  ,  0.127732   ,  0.239997   ,  1.5089     ])
1966    , -7785.73    , array([ 0.0719659  ,  0.138574   ,  0.239464   ,  1.53756    ])
1967    , -6841.7     , array([ 0.0850281  ,  0.142174   ,  0.238667   ,  1.54907    ])
1968    , -6564.19    , array([ 0.0924231  ,  0.124592   ,  0.238269   ,  1.55486    ])
1969    , -5759.75    , array([ 0.123749   ,  0.115496   ,  0.236883   ,  1.5753     ])
1970    , -6000.74    , array([ 0.114642   ,  0.126224   ,  0.220955   ,  1.54299    ])
1971    , -5468.89    , array([ 0.142037   ,  0.13089    ,  0.222634   ,  1.59513    ])
1972    , -5762.94    , array([ 0.210953   ,  0.132498   ,  0.21443    ,  1.64008    ])
1973    , -5674.83    , array([ 0.188754   ,  0.122132   ,  0.230751   ,  1.59289    ])
1974    , -6616.43    , array([ 0.229366   ,  0.107374   ,  0.217268   ,  1.60429    ])
1975    , -5742.42    , array([ 0.178973   ,  0.115181   ,  0.222431   ,  1.5903     ])
likelihood = -5468.89
theta = 10622.58
Optimized parameters = [0.1420374  0.13089011 0.22263443 1.59513318]

Round_3_Replicate_4
1976    , -10377.5    , array([ 0.417602   ,  0.141625   ,  0.124752   ,  0.925895   ])
1977    , -9909.17    , array([ 0.399761   ,  0.141625   ,  0.124752   ,  0.925895   ])
1978    , -10706.2    , array([ 0.417602   ,  0.128439   ,  0.124752   ,  0.925895   ])
1979    , -10253.9    , array([ 0.417602   ,  0.141625   ,  0.112421   ,  0.925895   ])
1980    , -10394.4    , array([ 0.417602   ,  0.141625   ,  0.124752   ,  0.922337   ])
1981    , -9789.65    , array([ 0.408584   ,  0.156165   ,  0.118426   ,  0.924115   ])
1982    , -9399.18    , array([ 0.404149   ,  0.172197   ,  0.115385   ,  0.923226   ])
1983    , -9563.7     , array([ 0.401949   ,  0.156165   ,  0.113893   ,  0.928126   ])
1984    , -9219.24    , array([ 0.394344   ,  0.163985   ,  0.108824   ,  0.925672   ])
1985    , -8743.01    , array([ 0.383205   ,  0.176456   ,  0.10164    ,  0.925561   ])
1986    , -8614.46    , array([ 0.377754   ,  0.183043   ,  0.114823   ,  0.925505   ])
1987    , -8005.82    , array([ 0.35928    ,  0.208094   ,  0.116043   ,  0.92531    ])
1988    , -8139.03    , array([ 0.3741     ,  0.221877   ,  0.0997971  ,  0.925213   ])
1989    , -7808.52    , array([ 0.358943   ,  0.239847   ,  0.102324   ,  0.92154    ])
1990    , -7560.25    , array([ 0.339198   ,  0.297242   ,  0.0969873  ,  0.918265   ])
1991    , -7249.82    , array([ 0.327048   ,  0.285781   ,  0.0925998  ,  0.923939   ])
1992    , -7447.96    , array([ 0.294202   ,  0.36816    ,  0.0829548  ,  0.924296   ])
1993    , -7743.73    , array([ 0.318648   ,  0.354912   ,  0.100339   ,  0.9208     ])
1994    , -7544.79    , array([ 0.301243   ,  0.356984   ,  0.102468   ,  0.918947   ])
likelihood = -7249.82
theta = 7636.29
Optimized parameters = [0.32704774 0.28578102 0.0925998  0.92393913]

Round_3_Replicate_5
1995    , -84575.9    , array([ 0.433197   ,  0.467002   ,  1.53778    ,  3.15769    ])
1996    , -82633.5    , array([ 0.415451   ,  0.467002   ,  1.53778    ,  3.15769    ])
1997    , -83776.1    , array([ 0.433197   ,  0.449557   ,  1.53778    ,  3.15769    ])
1998    , -86036.1    , array([ 0.433197   ,  0.467002   ,  1.57122    ,  3.15769    ])
1999    , -84569.9    , array([ 0.433197   ,  0.467002   ,  1.53778    ,  3.34455    ])
2000    , -81764.6    , array([ 0.424231   ,  0.458197   ,  1.50504    ,  3.24978    ])
2001    , -79677      , array([ 0.419818   ,  0.453857   ,  1.473      ,  3.29683    ])
2002    , -80750.4    , array([ 0.417628   ,  0.451702   ,  1.50504    ,  3.3206     ])
2003    , -78883.1    , array([ 0.410055   ,  0.444241   ,  1.48894    ,  3.12383    ])
2004    , -76126.2    , array([ 0.398953   ,  0.433279   ,  1.4651     ,  3.019      ])
2005    , -75909.4    , array([ 0.393514   ,  0.453047   ,  1.45333    ,  3.23522    ])
2006    , -72183.9    , array([ 0.375058   ,  0.454802   ,  1.41286    ,  3.27469    ])
2007    , -71854.5    , array([ 0.389867   ,  0.430389   ,  1.39305    ,  3.2946     ])
2008    , -66808.4    , array([ 0.377672   ,  0.413174   ,  1.32588    ,  3.36527    ])
2009    , -66854.6    , array([ 0.368814   ,  0.425568   ,  1.33594    ,  3.15397    ])
2010    , -61894.9    , array([ 0.343882   ,  0.410136   ,  1.29994    ,  3.10713    ])
2011    , -54111.2    , array([ 0.311232   ,  0.389881   ,  1.22119    ,  3.01642    ])
2012    , -54606.7    , array([ 0.319618   ,  0.407531   ,  1.19322    ,  3.39161    ])
2013    , -49866.6    , array([ 0.313848   ,  0.367514   ,  1.1371     ,  3.18213    ])
2014    , -40675.8    , array([ 0.287098   ,  0.330369   ,  1.02011    ,  3.13683    ])
likelihood = -40675.84
theta = 8492.31
Optimized parameters = [0.2870984  0.3303692  1.02011429 3.13683435]

Round_4_Replicate_1
2015    , -11582.8    , array([ 0.168795   ,  0.0801427  ,  0.717404   ,  2.16222    ])
2016    , -10420.5    , array([ 0.154428   ,  0.0801427  ,  0.717404   ,  2.16222    ])
2017    , -11677.7    , array([ 0.168795   ,  0.070641   ,  0.717404   ,  2.16222    ])
2018    , -11365.1    , array([ 0.168795   ,  0.0801427  ,  0.70559    ,  2.16222    ])
2019    , -11587.9    , array([ 0.168795   ,  0.0801427  ,  0.717404   ,  2.24722    ])
2020    , -10895.6    , array([ 0.161452   ,  0.0909224  ,  0.711472   ,  2.20431    ])
2021    , -10537.6    , array([ 0.157901   ,  0.0853625  ,  0.708525   ,  2.10059    ])
2022    , -10072.1    , array([ 0.152721   ,  0.0880986  ,  0.704127   ,  2.15183    ])
2023    , -9433.46    , array([ 0.145267   ,  0.092368   ,  0.69758    ,  2.14665    ])
2024    , -9419.05    , array([ 0.141678   ,  0.0945797  ,  0.711842   ,  2.14406    ])
2025    , -8742.32    , array([ 0.1298     ,  0.102746   ,  0.714989   ,  2.13504    ])
2026    , -8653.2     , array([ 0.132811   ,  0.0886213  ,  0.707698   ,  2.06981    ])
2027    , -7769.51    , array([ 0.120456   ,  0.0874927  ,  0.705819   ,  2.00567    ])
2028    , -7797.61    , array([ 0.118608   ,  0.0955639  ,  0.709284   ,  2.12237    ])
2029    , -7248.98    , array([ 0.106283   ,  0.111151   ,  0.696529   ,  2.04279    ])
2030    , -7001.09    , array([ 0.0881727  ,  0.130899   ,  0.68632    ,  1.98557    ])
2031    , -6696.88    , array([ 0.0880254  ,  0.114805   ,  0.710518   ,  1.97891    ])
2032    , -6849.17    , array([ 0.0685217  ,  0.127992   ,  0.717077   ,  1.90003    ])
2033    , -6163.79    , array([ 0.0811276  ,  0.109098   ,  0.691048   ,  1.91554    ])
2034    , -6101.46    , array([ 0.064138   ,  0.11242    ,  0.67938    ,  1.81441    ])
2035    , -6618.88    , array([ 0.0652874  ,  0.127222   ,  0.681764   ,  1.78169    ])
2036    , -9202.73    , array([ 0.0473276  ,  0.167564   ,  0.673335   ,  1.77697    ])
2037    , -6538.24    , array([ 0.0953675  ,  0.102926   ,  0.697554   ,  1.94588    ])
2038    , -5754.25    , array([ 0.0672423  ,  0.0993137  ,  0.698109   ,  1.77692    ])
2039    , -5530.97    , array([ 0.0587215  ,  0.0865059  ,  0.70408    ,  1.68097    ])
2040    , -5910.3     , array([ 0.0550128  ,  0.0982937  ,  0.671271   ,  1.64322    ])
2041    , -5320.78    , array([ 0.0680861  ,  0.0779662  ,  0.694178   ,  1.75275    ])
2042    , -5345.3     , array([ 0.0695302  ,  0.061035   ,  0.70047    ,  1.73846    ])
likelihood = -5320.78
theta = 20135.83
Optimized parameters = [0.06808615 0.07796623 0.69417845 1.75275002]

Round_4_Replicate_2
2043    , -5536.16    , array([ 0.181994   ,  0.126648   ,  0.257054   ,  1.76983    ])
2044    , -5379.11    , array([ 0.167132   ,  0.126648   ,  0.257054   ,  1.76983    ])
2045    , -5739.73    , array([ 0.181994   ,  0.114216   ,  0.257054   ,  1.76983    ])
2046    , -5522       , array([ 0.181994   ,  0.126648   ,  0.240174   ,  1.76983    ])
2047    , -5534.51    , array([ 0.181994   ,  0.126648   ,  0.257054   ,  1.82108    ])
2048    , -5294.13    , array([ 0.174405   ,  0.140433   ,  0.248471   ,  1.79527    ])
2049    , -5172.31    , array([ 0.17073    ,  0.155718   ,  0.244287   ,  1.80813    ])
2050    , -5257.8     , array([ 0.168921   ,  0.140433   ,  0.242222   ,  1.81459    ])
2051    , -5189.87    , array([ 0.162741   ,  0.147878   ,  0.23513    ,  1.76038    ])
2052    , -5116.37    , array([ 0.153893   ,  0.159793   ,  0.248999   ,  1.80652    ])
2053    , -5184.13    , array([ 0.141514   ,  0.179488   ,  0.253532   ,  1.82514    ])
2054    , -5119.35    , array([ 0.160804   ,  0.179488   ,  0.228973   ,  1.82514    ])
2055    , -5135.87    , array([ 0.15523    ,  0.182999   ,  0.236255   ,  1.78529    ])
2056    , -5174.56    , array([ 0.157363   ,  0.193324   ,  0.243963   ,  1.85324    ])
2057    , -5125.03    , array([ 0.15869    ,  0.180797   ,  0.241724   ,  1.82957    ])
2058    , -5262.11    , array([ 0.144614   ,  0.197823   ,  0.233583   ,  1.81497    ])
2059    , -5119.45    , array([ 0.163789   ,  0.165319   ,  0.241566   ,  1.80984    ])
2060    , -5128.53    , array([ 0.16338    ,  0.159994   ,  0.244223   ,  1.85078    ])
2061    , -5115.17    , array([ 0.161303   ,  0.165459   ,  0.242207   ,  1.83419    ])
2062    , -5144.4     , array([ 0.161128   ,  0.154922   ,  0.238936   ,  1.80826    ])
2063    , -5113.34    , array([ 0.159296   ,  0.173949   ,  0.241024   ,  1.82422    ])
2064    , -5122.67    , array([ 0.153956   ,  0.173791   ,  0.238824   ,  1.83523    ])
2065    , -5113.48    , array([ 0.161273   ,  0.167398   ,  0.240878   ,  1.81615    ])
2066    , -5127.95    , array([ 0.157043   ,  0.154587   ,  0.258426   ,  1.81535    ])
2067    , -5113.06    , array([ 0.159855   ,  0.17291    ,  0.236006   ,  1.82269    ])
2068    , -5116.37    , array([ 0.167244   ,  0.180627   ,  0.231358   ,  1.84226    ])
2069    , -5113.03    , array([ 0.157127   ,  0.164764   ,  0.244466   ,  1.81539    ])
2070    , -5115.03    , array([ 0.157482   ,  0.174075   ,  0.238954   ,  1.80515    ])
2071    , -5112.57    , array([ 0.158429   ,  0.17188    ,  0.239763   ,  1.81236    ])
likelihood = -5112.57
theta = 9788.22
Optimized parameters = [0.15842857 0.17187978 0.23976267 1.81236236]

Round_4_Replicate_3
2072    , -6430.75    , array([ 0.17131    ,  0.129943   ,  0.376059   ,  0.844051   ])
2073    , -5973.85    , array([ 0.156846   ,  0.129943   ,  0.376059   ,  0.844051   ])
2074    , -6441.38    , array([ 0.17131    ,  0.117339   ,  0.376059   ,  0.844051   ])
2075    , -6231.71    , array([ 0.17131    ,  0.129943   ,  0.358112   ,  0.844051   ])
2076    , -6435.95    , array([ 0.17131    ,  0.129943   ,  0.376059   ,  0.836926   ])
2077    , -6157.27    , array([ 0.163918   ,  0.143902   ,  0.366976   ,  0.840481   ])
2078    , -5963.43    , array([ 0.160343   ,  0.136744   ,  0.362517   ,  0.849434   ])
2079    , -5778.32    , array([ 0.155126   ,  0.140277   ,  0.35593    ,  0.855758   ])
2080    , -5703.52    , array([ 0.152581   ,  0.142078   ,  0.352681   ,  0.848085   ])
2081    , -5488.05    , array([ 0.143999   ,  0.148564   ,  0.341543   ,  0.850109   ])
2082    , -5598.43    , array([ 0.13989    ,  0.151917   ,  0.361687   ,  0.851123   ])
2083    , -5350.7     , array([ 0.135059   ,  0.14095    ,  0.350398   ,  0.860133   ])
2084    , -5187.9     , array([ 0.122595   ,  0.139497   ,  0.342392   ,  0.870131   ])
2085    , -5331.64    , array([ 0.12479    ,  0.161727   ,  0.32627    ,  0.869627   ])
2086    , -5358.34    , array([ 0.113166   ,  0.160859   ,  0.330047   ,  0.864652   ])
2087    , -5251.64    , array([ 0.112869   ,  0.152843   ,  0.310262   ,  0.876243   ])
2088    , -5572.86    , array([ 0.0970756  ,  0.158528   ,  0.313153   ,  0.890671   ])
2089    , -5292.36    , array([ 0.130481   ,  0.150995   ,  0.334213   ,  0.860073   ])
2090    , -5212.25    , array([ 0.132639   ,  0.141851   ,  0.3261     ,  0.873368   ])
2091    , -5133.93    , array([ 0.124009   ,  0.132135   ,  0.329789   ,  0.870238   ])
2092    , -5138.79    , array([ 0.12362    ,  0.119437   ,  0.331562   ,  0.870543   ])
2093    , -5125.53    , array([ 0.115621   ,  0.132394   ,  0.319813   ,  0.885089   ])
2094    , -5184.72    , array([ 0.108838   ,  0.123972   ,  0.312847   ,  0.897868   ])
2095    , -5296.09    , array([ 0.135283   ,  0.12173    ,  0.349764   ,  0.87313    ])
2096    , -5166.24    , array([ 0.118097   ,  0.144389   ,  0.319698   ,  0.875464   ])
2097    , -5161.14    , array([ 0.108625   ,  0.132331   ,  0.329494   ,  0.877054   ])
likelihood = -5125.53
theta = 13000.8
Optimized parameters = [0.11562111 0.13239431 0.31981297 0.88508897]

Round_4_Replicate_4
2098    , -9456.62    , array([ 0.218574   ,  0.150403   ,  0.449217   ,  1.71031    ])
2099    , -8706.96    , array([ 0.202572   ,  0.150403   ,  0.449217   ,  1.71031    ])
2100    , -9356.23    , array([ 0.218574   ,  0.13681    ,  0.449217   ,  1.71031    ])
2101    , -9045.72    , array([ 0.218574   ,  0.150403   ,  0.431597   ,  1.71031    ])
2102    , -9446.45    , array([ 0.218574   ,  0.150403   ,  0.449217   ,  1.75683    ])
2103    , -8808.77    , array([ 0.210421   ,  0.143445   ,  0.440319   ,  1.73341    ])
2104    , -8524.71    , array([ 0.206459   ,  0.140088   ,  0.435936   ,  1.67624    ])
2105    , -8119.81    , array([ 0.200656   ,  0.1352     ,  0.429444   ,  1.63734    ])
2106    , -8053.42    , array([ 0.197816   ,  0.153098   ,  0.426234   ,  1.68469    ])
2107    , -7554.29    , array([ 0.188188   ,  0.161955   ,  0.415188   ,  1.67202    ])
2108    , -7560.23    , array([ 0.183551   ,  0.144511   ,  0.435119   ,  1.66573    ])
2109    , -7236.89    , array([ 0.178074   ,  0.152081   ,  0.423975   ,  1.61112    ])
2110    , -6679.19    , array([ 0.163816   ,  0.156592   ,  0.416032   ,  1.55325    ])
2111    , -6438.27    , array([ 0.16634    ,  0.148001   ,  0.399933   ,  1.5561     ])
2112    , -5760.17    , array([ 0.150733   ,  0.146815   ,  0.377357   ,  1.48429    ])
2113    , -6084.4     , array([ 0.145547   ,  0.17157    ,  0.392157   ,  1.54762    ])
2114    , -5804.37    , array([ 0.141684   ,  0.174899   ,  0.367438   ,  1.46632    ])
2115    , -5427.64    , array([ 0.119909   ,  0.162178   ,  0.362257   ,  1.36799    ])
2116    , -5640.43    , array([ 0.0957158  ,  0.162289   ,  0.338379   ,  1.23738    ])
2117    , -5422.51    , array([ 0.117852   ,  0.170696   ,  0.337349   ,  1.38199    ])
2118    , -5758.88    , array([ 0.0999606  ,  0.178218   ,  0.303778   ,  1.30358    ])
2119    , -5242.38    , array([ 0.119359   ,  0.155398   ,  0.331938   ,  1.3107     ])
2120    , -5296.2     , array([ 0.108089   ,  0.147893   ,  0.305391   ,  1.20621    ])
2121    , -5199.57    , array([ 0.11254    ,  0.14369    ,  0.336721   ,  1.30791    ])
2122    , -5331.59    , array([ 0.100299   ,  0.130241   ,  0.322339   ,  1.23524    ])
2123    , -5908.04    , array([ 0.0914048  ,  0.169346   ,  0.309713   ,  1.21288    ])
2124    , -5376.74    , array([ 0.133014   ,  0.15215    ,  0.359174   ,  1.41121    ])
2125    , -5169.01    , array([ 0.121017   ,  0.148489   ,  0.321247   ,  1.33662    ])
2126    , -5141.01    , array([ 0.121574   ,  0.142084   ,  0.302517   ,  1.3212     ])
likelihood = -5141.01
theta = 11934.47
Optimized parameters = [0.12157433 0.14208359 0.30251657 1.32119959]

Round_4_Replicate_5
2127    , -7224.86    , array([ 0.0670543  ,  0.10144    ,  0.302495   ,  1.2964     ])
2128    , -8015.99    , array([ 0.0585798  ,  0.10144    ,  0.302495   ,  1.2964     ])
2129    , -7408.02    , array([ 0.0670543  ,  0.0904735  ,  0.302495   ,  1.2964     ])
2130    , -7518.9     , array([ 0.0670543  ,  0.10144    ,  0.28494    ,  1.2964     ])
2131    , -7233.68    , array([ 0.0670543  ,  0.10144    ,  0.302495   ,  1.31334    ])
2132    , -6784.42    , array([ 0.0767548  ,  0.0958001  ,  0.293586   ,  1.30484    ])
2133    , -6360.43    , array([ 0.0878586  ,  0.0930987  ,  0.289231   ,  1.30909    ])
2134    , -6567.4     , array([ 0.0767548  ,  0.0917767  ,  0.314011   ,  1.31121    ])
2135    , -6270.99    , array([ 0.0821192  ,  0.10364    ,  0.301367   ,  1.31868    ])
2136    , -5837.31    , array([ 0.090877   ,  0.110925   ,  0.300804   ,  1.32996    ])
2137    , -5886.43    , array([ 0.0956001  ,  0.0966602  ,  0.300523   ,  1.30988    ])
2138    , -5626.47    , array([ 0.11415    ,  0.0943553  ,  0.299542   ,  1.33388    ])
2139    , -5824.46    , array([ 0.148935   ,  0.0910006  ,  0.298077   ,  1.35302    ])
2140    , -5466.58    , array([ 0.121613   ,  0.105745   ,  0.28183    ,  1.33016    ])
2141    , -5429.7     , array([ 0.153079   ,  0.113508   ,  0.266998   ,  1.33974    ])
2142    , -5279.9     , array([ 0.140239   ,  0.115104   ,  0.293981   ,  1.34783    ])
2143    , -5656.55    , array([ 0.177178   ,  0.127987   ,  0.296385   ,  1.36763    ])
2144    , -5345.21    , array([ 0.156098   ,  0.120979   ,  0.279838   ,  1.36638    ])
2145    , -6584.38    , array([ 0.215216   ,  0.110095   ,  0.269657   ,  1.36406    ])
2146    , -5408.49    , array([ 0.112735   ,  0.110717   ,  0.292695   ,  1.3384     ])
2147    , -5326       , array([ 0.170273   ,  0.140202   ,  0.26768    ,  1.36236    ])
2148    , -5137.64    , array([ 0.133912   ,  0.129527   ,  0.300691   ,  1.3678     ])
2149    , -5122.94    , array([ 0.125248   ,  0.138365   ,  0.319101   ,  1.38205    ])
2150    , -5770.31    , array([ 0.19166    ,  0.148449   ,  0.286397   ,  1.39131    ])
2151    , -5218.94    , array([ 0.128729   ,  0.119139   ,  0.291108   ,  1.35144    ])
2152    , -5120.35    , array([ 0.125699   ,  0.13482    ,  0.305529   ,  1.35535    ])
2153    , -5196.62    , array([ 0.112797   ,  0.142323   ,  0.319246   ,  1.34987    ])
2154    , -5316.02    , array([ 0.0990094  ,  0.11408    ,  0.34124    ,  1.35585    ])
2155    , -5189.35    , array([ 0.113382   ,  0.120114   ,  0.321143   ,  1.35747    ])
likelihood = -5120.35
theta = 11916.5
Optimized parameters = [0.12569911 0.13482001 0.30552876 1.35534902]

Round_1_Replicate_1
3015    , -175042     , array([ 0.370374   ,  1.10754    ,  3.76426    ,  0.171154   ])
3016    , -171323     , array([ 0.35243    ,  1.10754    ,  3.76426    ,  0.171154   ])
3017    , -175158     , array([ 0.370374   ,  1.11321    ,  3.76426    ,  0.171154   ])
3018    , -180320     , array([ 0.370374   ,  1.10754    ,  4.02219    ,  0.171154   ])
3019    , -176444     , array([ 0.370374   ,  1.10754    ,  3.76426    ,  0.156695   ])
3020    , -168878     , array([ 0.36129    ,  1.11038    ,  3.52286    ,  0.163765   ])
3021    , -163560     , array([ 0.356833   ,  1.11179    ,  3.29694    ,  0.160191   ])
3022    , -165946     , array([ 0.354624   ,  1.1125     ,  3.52286    ,  0.18086    ])
likelihood = -163560.27
theta = 6172.46
Optimized parameters = [0.35683262 1.1117939  3.29694086 0.16019088]

Round_1_Replicate_2
3023    , -69430.9    , array([ 0.215182   ,  0.320448   ,  2.23884    ,  0.765782   ])
3024    , -66467.7    , array([ 0.199272   ,  0.320448   ,  2.23884    ,  0.765782   ])
3025    , -68214.3    , array([ 0.215182   ,  0.302723   ,  2.23884    ,  0.765782   ])
3026    , -71855.8    , array([ 0.215182   ,  0.320448   ,  2.3309     ,  0.765782   ])
3027    , -69418      , array([ 0.215182   ,  0.320448   ,  2.23884    ,  0.755632   ])
3028    , -64985.5    , array([ 0.207074   ,  0.31146    ,  2.15041    ,  0.76069    ])
3029    , -61720.2    , array([ 0.203136   ,  0.30706    ,  2.06548    ,  0.758156   ])
3030    , -63459.7    , array([ 0.201195   ,  0.304884   ,  2.15041    ,  0.756893   ])
likelihood = -61720.19
theta = 10235.56
Optimized parameters = [0.20313588 0.30706035 2.0654755  0.7581564 ]

Round_1_Replicate_3
3031    , -188356     , array([ 0.733217   ,  0.486951   ,  3.81537    ,  1.34266    ])
3032    , -187533     , array([ 0.721929   ,  0.486951   ,  3.81537    ,  1.34266    ])
3033    , -187076     , array([ 0.733217   ,  0.469742   ,  3.81537    ,  1.34266    ])
3034    , -194293     , array([ 0.733217   ,  0.486951   ,  4.07956    ,  1.34266    ])
3035    , -188356     , array([ 0.733217   ,  0.486951   ,  3.81537    ,  1.36259    ])
3036    , -181407     , array([ 0.727551   ,  0.478269   ,  3.56829    ,  1.35259    ])
3037    , -175029     , array([ 0.724734   ,  0.473987   ,  3.33721    ,  1.35758    ])
3038    , -180629     , array([ 0.72333    ,  0.47186    ,  3.56829    ,  1.36008    ])
likelihood = -175028.63
theta = 4994.01
Optimized parameters = [0.72473435 0.47398656 3.33720688 1.35757705]

Round_1_Replicate_4
3039    , -82543.6    , array([ 5.37462    ,  0.15194    ,  0.267358   ,  6.43442    ])
3040    , -84569.4    , array([ 5.84609    ,  0.15194    ,  0.267358   ,  6.43442    ])
3041    , -82219.2    , array([ 5.37462    ,  0.138279   ,  0.267358   ,  6.43442    ])
3042    , -80496.5    , array([ 5.37462    ,  0.15194    ,  0.250292   ,  6.43442    ])
3043    , -82764.3    , array([ 5.37462    ,  0.15194    ,  0.267358   ,  7.06211    ])
3044    , -79379.8    , array([ 4.94118    ,  0.144949   ,  0.258684   ,  6.74096    ])
3045    , -76683.8    , array([ 4.54269    ,  0.141575   ,  0.254454   ,  6.89967    ])
3046    , -78280.1    , array([ 4.94118    ,  0.139917   ,  0.252364   ,  6.07076    ])
likelihood = -76683.81
theta = 1398.33
Optimized parameters = [4.54269087 0.14157485 0.25445354 6.89966949]

Round_1_Replicate_5
3047    , -42826.6    , array([ 0.516102   ,  1.24118    ,  0.260121   ,  0.665782   ])
3048    , -41918.4    , array([ 0.499313   ,  1.24118    ,  0.260121   ,  0.665782   ])
3049    , -43022.8    , array([ 0.516102   ,  1.25466    ,  0.260121   ,  0.665782   ])
3050    , -41671.2    , array([ 0.516102   ,  1.24118    ,  0.243183   ,  0.665782   ])
3051    , -43270.6    , array([ 0.516102   ,  1.24118    ,  0.260121   ,  0.652377   ])
3052    , -41451.5    , array([ 0.507638   ,  1.2479     ,  0.251509   ,  0.679462   ])
3053    , -40573.1    , array([ 0.503458   ,  1.25128    ,  0.247311   ,  0.693424   ])
3054    , -40481.2    , array([ 0.501381   ,  1.23283    ,  0.245239   ,  0.679462   ])
3055    , -39265      , array([ 0.494179   ,  1.22206    ,  0.23812    ,  0.686408   ])
likelihood = -39264.98
theta = 4983.57
Optimized parameters = [0.49417888 1.2220554  0.23811989 0.6864077 ]

Round_1_Replicate_6
3056    , -199297     , array([ 1.57185    ,  0.136328   ,  5.92336    ,  1.93381    ])
3057    , -199803     , array([ 1.60779    ,  0.136328   ,  5.92336    ,  1.93381    ])
3058    , -194907     , array([ 1.57185    ,  0.123399   ,  5.92336    ,  1.93381    ])
3059    , -205283     , array([ 1.57185    ,  0.136328   ,  6.47436    ,  1.93381    ])
3060    , -199284     , array([ 1.57185    ,  0.136328   ,  5.92336    ,  1.99864    ])
3061    , -191474     , array([ 1.58972    ,  0.129703   ,  5.41926    ,  1.96596    ])
3062    , -184777     , array([ 1.59873    ,  0.126512   ,  4.95806    ,  1.98223    ])
3063    , -189304     , array([ 1.54979    ,  0.124946   ,  5.41926    ,  1.99042    ])
likelihood = -184776.94
theta = 5270.54
Optimized parameters = [1.59873062 0.12651178 4.95805749 1.98223005]

Round_1_Replicate_7
3064    , -90478.8    , array([ 0.502122   ,  0.147874   ,  2.05696    ,  3.93708    ])
3065    , -88862      , array([ 0.48512    ,  0.147874   ,  2.05696    ,  3.93708    ])
3066    , -89078.7    , array([ 0.502122   ,  0.134396   ,  2.05696    ,  3.93708    ])
3067    , -92723.4    , array([ 0.502122   ,  0.147874   ,  2.13249    ,  3.93708    ])
3068    , -90478      , array([ 0.502122   ,  0.147874   ,  2.05696    ,  4.21631    ])
3069    , -86779      , array([ 0.493548   ,  0.140974   ,  1.9841     ,  4.0743     ])
3070    , -83903.6    , array([ 0.489316   ,  0.137646   ,  1.91383    ,  4.1447     ])
3071    , -85689.5    , array([ 0.487214   ,  0.136011   ,  1.9841     ,  4.18035    ])
likelihood = -83903.55
theta = 8622.17
Optimized parameters = [0.48931595 0.1376457  1.9138275  4.14469768]

Round_1_Replicate_8
3072    , -188047     , array([ 3.9621     ,  0.790612   ,  1.23847    ,  4.33973    ])
3073    , -190393     , array([ 4.24445    ,  0.790612   ,  1.23847    ,  4.33973    ])
3074    , -187586     , array([ 3.9621     ,  0.781378   ,  1.23847    ,  4.33973    ])
3075    , -188857     , array([ 3.9621     ,  0.790612   ,  1.25178    ,  4.33973    ])
3076    , -188138     , array([ 3.9621     ,  0.790612   ,  1.23847    ,  4.67021    ])
3077    , -185842     , array([ 3.69853    ,  0.785982   ,  1.24511    ,  4.50194    ])
3078    , -183447     , array([ 3.45249    ,  0.783677   ,  1.24844    ,  4.5853     ])
3079    , -184789     , array([ 3.69853    ,  0.782527   ,  1.23022    ,  4.62756    ])
likelihood = -183447.0
theta = 1714.97
Optimized parameters = [3.45249143 0.78367662 1.24843844 4.58529965]

Round_1_Replicate_9
3080    , -100992     , array([ 0.377141   ,  3.01586    ,  1.19496    ,  3.88985    ])
3081    , -98844.7    , array([ 0.359193   ,  3.01586    ,  1.19496    ,  3.88985    ])
3082    , -101758     , array([ 0.377141   ,  3.187      ,  1.19496    ,  3.88985    ])
3083    , -101518     , array([ 0.377141   ,  3.01586    ,  1.20565    ,  3.88985    ])
3084    , -100986     , array([ 0.377141   ,  3.01586    ,  1.19496    ,  4.16322    ])
3085    , -99376.1    , array([ 0.368058   ,  2.85392    ,  1.20029    ,  4.02422    ])
3086    , -98600      , array([ 0.363598   ,  2.93377    ,  1.187      ,  4.09313    ])
3087    , -97175.9    , array([ 0.357011   ,  2.89357    ,  1.17779    ,  4.19872    ])
likelihood = -97175.9
theta = 3523.95
Optimized parameters = [0.35701093 2.8935686  1.17778817 4.19871904]

Round_1_Replicate_10
3088    , -350227     , array([ 3.57461    ,  4.41225    ,  3.67821    ,  2.95623    ])
3089    , -352816     , array([ 3.80969    ,  4.41225    ,  3.67821    ,  2.95623    ])
3090    , -353210     , array([ 3.57461    ,  4.75218    ,  3.67821    ,  2.95623    ])
3091    , -355146     , array([ 3.57461    ,  4.41225    ,  3.92572    ,  2.95623    ])
3092    , -349986     , array([ 3.57461    ,  4.41225    ,  3.67821    ,  3.12087    ])
3093    , -347957     , array([ 3.69028    ,  4.57906    ,  3.44632    ,  3.03744    ])
3094    , -344291     , array([ 3.74951    ,  4.66482    ,  3.22904    ,  3.07887    ])
3095    , -345375     , array([ 3.77948    ,  4.21225    ,  3.44632    ,  3.0998     ])
likelihood = -344291.06
theta = 1147.29
Optimized parameters = [3.7495071  4.66481579 3.22903865 3.07887173]

Round_2_Replicate_1
3096    , -21712.3    , array([ 0.158254   ,  0.875926   ,  0.105924   ,  0.458872   ])
3097    , -21801.5    , array([ 0.144319   ,  0.875926   ,  0.105924   ,  0.458872   ])
3098    , -21623      , array([ 0.158254   ,  0.870143   ,  0.105924   ,  0.458872   ])
3099    , -21566.3    , array([ 0.158254   ,  0.875926   ,  0.0946772  ,  0.458872   ])
3100    , -22117.1    , array([ 0.158254   ,  0.875926   ,  0.105924   ,  0.441343   ])
3101    , -21256.2    , array([ 0.151126   ,  0.87303    ,  0.100143   ,  0.477097   ])
3102    , -20902.1    , array([ 0.147683   ,  0.871585   ,  0.0973718  ,  0.496047   ])
3103    , -21097.4    , array([ 0.167639   ,  0.870864   ,  0.0960151  ,  0.477097   ])
3104    , -20849.2    , array([ 0.157345   ,  0.868344   ,  0.0914137  ,  0.48648    ])
3105    , -20464.1    , array([ 0.156892   ,  0.864578   ,  0.0849217  ,  0.5009     ])
3106    , -20414.6    , array([ 0.156666   ,  0.871315   ,  0.0818507  ,  0.50827    ])
3107    , -19944.4    , array([ 0.155879   ,  0.871901   ,  0.0719509  ,  0.534929   ])
likelihood = -19944.35
theta = 7423.68
Optimized parameters = [0.15587866 0.87190111 0.07195087 0.534929  ]

Round_2_Replicate_2
3108    , -18215.8    , array([ 0.195664   ,  0.490178   ,  0.481403   ,  1.56971    ])
3109    , -17695      , array([ 0.180338   ,  0.490178   ,  0.481403   ,  1.56971    ])
3110    , -17720.6    , array([ 0.195664   ,  0.473011   ,  0.481403   ,  1.56971    ])
3111    , -17561.1    , array([ 0.195664   ,  0.490178   ,  0.464124   ,  1.56971    ])
3112    , -18189.1    , array([ 0.195664   ,  0.490178   ,  0.481403   ,  1.6055     ])
3113    , -17358.8    , array([ 0.187845   ,  0.481518   ,  0.472684   ,  1.58751    ])
3114    , -16951      , array([ 0.184053   ,  0.477246   ,  0.468385   ,  1.59648    ])
3115    , -16791      , array([ 0.182186   ,  0.475124   ,  0.466249   ,  1.54775    ])
3116    , -16152.6    , array([ 0.175799   ,  0.467771   ,  0.458853   ,  1.51966    ])
3117    , -16537.8    , array([ 0.17269    ,  0.489632   ,  0.455198   ,  1.55759    ])
3118    , -15903.4    , array([ 0.183351   ,  0.472222   ,  0.442636   ,  1.55157    ])
3119    , -15074      , array([ 0.184876   ,  0.463492   ,  0.424439   ,  1.54258    ])
likelihood = -15073.98
theta = 8120.78
Optimized parameters = [0.18487595 0.46349155 0.42443943 1.54257764]

Round_2_Replicate_3
3120    , -13159.7    , array([ 0.249767   ,  0.688699   ,  0.249669   ,  2.73044    ])
3121    , -13007.8    , array([ 0.23303    ,  0.688699   ,  0.249669   ,  2.73044    ])
3122    , -12941.1    , array([ 0.249767   ,  0.675975   ,  0.249669   ,  2.73044    ])
3123    , -12385.6    , array([ 0.249767   ,  0.688699   ,  0.232934   ,  2.73044    ])
3124    , -13073.5    , array([ 0.249767   ,  0.688699   ,  0.249669   ,  2.87107    ])
3125    , -12538.5    , array([ 0.241253   ,  0.682307   ,  0.241156   ,  2.79987    ])
3126    , -12380.3    , array([ 0.237106   ,  0.679134   ,  0.237009   ,  2.6295     ])
3127    , -12084.4    , array([ 0.231018   ,  0.674401   ,  0.230922   ,  2.51645    ])
3128    , -11967.4    , array([ 0.253036   ,  0.672047   ,  0.227938   ,  2.65438    ])
3129    , -11502.6    , array([ 0.263674   ,  0.663873   ,  0.217792   ,  2.61715    ])
3130    , -11393.9    , array([ 0.242564   ,  0.67854    ,  0.21289    ,  2.59873    ])
3131    , -10793.4    , array([ 0.239041   ,  0.679827   ,  0.196585   ,  2.53528    ])
likelihood = -10793.41
theta = 5727.91
Optimized parameters = [0.23904071 0.67982673 0.19658521 2.53528115]

Round_2_Replicate_4
3132    , -15277.9    , array([ 0.305453   ,  0.4544     ,  0.335989   ,  1.46459    ])
3133    , -14677.7    , array([ 0.287867   ,  0.4544     ,  0.335989   ,  1.46459    ])
3134    , -14891.5    , array([ 0.305453   ,  0.436828   ,  0.335989   ,  1.46459    ])
3135    , -14461.2    , array([ 0.305453   ,  0.4544     ,  0.318157   ,  1.46459    ])
3136    , -15228.6    , array([ 0.305453   ,  0.4544     ,  0.335989   ,  1.4928     ])
3137    , -14346.5    , array([ 0.296529   ,  0.445527   ,  0.326951   ,  1.47863    ])
3138    , -13902.7    , array([ 0.292166   ,  0.441156   ,  0.322524   ,  1.4857     ])
3139    , -13757.2    , array([ 0.290008   ,  0.438986   ,  0.320333   ,  1.44723    ])
3140    , -13083.5    , array([ 0.282581   ,  0.431477   ,  0.312781   ,  1.42497    ])
3141    , -13244      , array([ 0.27894    ,  0.45384    ,  0.309072   ,  1.45502    ])
3142    , -12715.9    , array([ 0.291355   ,  0.436021   ,  0.296433   ,  1.45025    ])
3143    , -11859.3    , array([ 0.293115   ,  0.427112   ,  0.278437   ,  1.44314    ])
likelihood = -11859.3
theta = 7029.01
Optimized parameters = [0.29311485 0.42711196 0.27843699 1.44313877]

Round_2_Replicate_5
3144    , -43326.7    , array([ 0.254857   ,  0.741608   ,  0.171056   ,  0.220485   ])
3145    , -41397.1    , array([ 0.238019   ,  0.741608   ,  0.171056   ,  0.220485   ])
3146    , -43070.7    , array([ 0.254857   ,  0.730605   ,  0.171056   ,  0.220485   ])
3147    , -42935.3    , array([ 0.254857   ,  0.741608   ,  0.156601   ,  0.220485   ])
3148    , -46321.6    , array([ 0.254857   ,  0.741608   ,  0.171056   ,  0.204431   ])
3149    , -39300.4    , array([ 0.246294   ,  0.736086   ,  0.163669   ,  0.237799   ])
3150    , -36205.9    , array([ 0.242121   ,  0.733341   ,  0.160096   ,  0.256472   ])
3151    , -38413.8    , array([ 0.240061   ,  0.731972   ,  0.158339   ,  0.237799   ])
3152    , -36542.3    , array([ 0.232988   ,  0.743689   ,  0.152339   ,  0.246959   ])
3153    , -33919.2    , array([ 0.222768   ,  0.733683   ,  0.164121   ,  0.261366   ])
3154    , -30402.1    , array([ 0.208272   ,  0.729753   ,  0.168015   ,  0.284566   ])
likelihood = -30402.08
theta = 7522.2
Optimized parameters = [0.20827247 0.7297528  0.16801547 0.28456616]

Round_2_Replicate_6
3155    , -99421.8    , array([ 0.658636   ,  2.10509    ,  0.403612   ,  0.307781   ])
3156    , -98171.8    , array([ 0.645027   ,  2.10509    ,  0.403612   ,  0.307781   ])
3157    , -100145     , array([ 0.658636   ,  2.18492    ,  0.403612   ,  0.307781   ])
3158    , -98391.3    , array([ 0.658636   ,  2.10509    ,  0.385711   ,  0.307781   ])
3159    , -102393     , array([ 0.658636   ,  2.10509    ,  0.403612   ,  0.290171   ])
3160    , -95789.7    , array([ 0.651796   ,  2.14463    ,  0.39456    ,  0.32646    ])
3161    , -92676.3    , array([ 0.648403   ,  2.16468    ,  0.390111   ,  0.346272   ])
3162    , -94136.8    , array([ 0.646713   ,  2.05669    ,  0.387905   ,  0.32646    ])
3163    , -92278.7    , array([ 0.640832   ,  2.11       ,  0.380282   ,  0.33622    ])
3164    , -88857.3    , array([ 0.632111   ,  2.11245    ,  0.369128   ,  0.35141    ])
3165    , -88741.5    , array([ 0.627796   ,  2.11368    ,  0.389282   ,  0.359261   ])
3166    , -84395      , array([ 0.612921   ,  2.11799    ,  0.39108    ,  0.388145   ])
likelihood = -84394.96
theta = 4674.73
Optimized parameters = [0.61292102 2.11798593 0.39107981 0.38814522]

Round_2_Replicate_7
3167    , -14871.4    , array([ 0.471157   ,  1.03781    ,  0.103426   ,  1.66523    ])
3168    , -14643.5    , array([ 0.453758   ,  1.03781    ,  0.103426   ,  1.66523    ])
3169    , -14893.8    , array([ 0.471157   ,  1.03974    ,  0.103426   ,  1.66523    ])
3170    , -14226.7    , array([ 0.471157   ,  1.03781    ,  0.092334   ,  1.66523    ])
3171    , -14658      , array([ 0.471157   ,  1.03781    ,  0.103426   ,  1.70824    ])
3172    , -14295.6    , array([ 0.462376   ,  1.03588    ,  0.0977228  ,  1.6866     ])
3173    , -14049.4    , array([ 0.458046   ,  1.03685    ,  0.0949902  ,  1.69738    ])
3174    , -13681.8    , array([ 0.451629   ,  1.03636    ,  0.0910339  ,  1.71369    ])
3175    , -13816.9    , array([ 0.448453   ,  1.03612    ,  0.0891179  ,  1.65729    ])
3176    , -13442.2    , array([ 0.46292    ,  1.03528    ,  0.0827242  ,  1.69603    ])
3177    , -12977.6    , array([ 0.46757    ,  1.03402    ,  0.0739834  ,  1.71165    ])
likelihood = -12977.62
theta = 4485.36
Optimized parameters = [0.46756975 1.03402337 0.07398335 1.71164545]

Round_2_Replicate_8
3178    , -63155.7    , array([ 0.675958   ,  0.64392    ,  0.0875582  ,  0.252404   ])
3179    , -62499.4    , array([ 0.66285    ,  0.64392    ,  0.0875582  ,  0.252404   ])
3180    , -62470.4    , array([ 0.675958   ,  0.629902   ,  0.0875582  ,  0.252404   ])
3181    , -62697.6    , array([ 0.675958   ,  0.64392    ,  0.0775196  ,  0.252404   ])
3182    , -66983.2    , array([ 0.675958   ,  0.64392    ,  0.0875582  ,  0.235614   ])
3183    , -58611.4    , array([ 0.669372   ,  0.636873   ,  0.0823861  ,  0.27039    ])
3184    , -54712.7    , array([ 0.666103   ,  0.633378   ,  0.0799158  ,  0.289659   ])
3185    , -57960.4    , array([ 0.664475   ,  0.631638   ,  0.0787086  ,  0.27039    ])
3186    , -56171.8    , array([ 0.658806   ,  0.625585   ,  0.0895803  ,  0.279859   ])
3187    , -53299.4    , array([ 0.669781   ,  0.616614   ,  0.0802205  ,  0.294687   ])
3188    , -49080.8    , array([ 0.673274   ,  0.603399   ,  0.0767856  ,  0.318414   ])
likelihood = -49080.75
theta = 5395.49
Optimized parameters = [0.67327427 0.6033989  0.07678562 0.31841419]

Round_2_Replicate_9
3189    , -56253      , array([ 0.851022   ,  0.357474   ,  0.571902   ,  0.781888   ])
3190    , -55951.6    , array([ 0.844185   ,  0.357474   ,  0.571902   ,  0.781888   ])
3191    , -55595.8    , array([ 0.851022   ,  0.339553   ,  0.571902   ,  0.781888   ])
3192    , -55120.7    , array([ 0.851022   ,  0.357474   ,  0.556144   ,  0.781888   ])
3193    , -56326.8    , array([ 0.851022   ,  0.357474   ,  0.571902   ,  0.772328   ])
3194    , -55131      , array([ 0.847597   ,  0.348398   ,  0.563968   ,  0.791567   ])
3195    , -54650.8    , array([ 0.845889   ,  0.343947   ,  0.560042   ,  0.786713   ])
3196    , -53870.7    , array([ 0.843334   ,  0.337377   ,  0.554205   ,  0.789136   ])
3197    , -53929      , array([ 0.85231    ,  0.334139   ,  0.551309   ,  0.79035    ])
3198    , -53433.5    , array([ 0.846102   ,  0.348959   ,  0.541293   ,  0.794616   ])
3199    , -52382.2    , array([ 0.843653   ,  0.353759   ,  0.526609   ,  0.801057   ])
likelihood = -52382.21
theta = 4925.52
Optimized parameters = [0.84365329 0.35375913 0.52660894 0.80105684]

Round_2_Replicate_10
3200    , -45968.2    , array([ 0.154652   ,  2.41388    ,  0.534246   ,  0.713591   ])
3201    , -45429.9    , array([ 0.140872   ,  2.41388    ,  0.534246   ,  0.713591   ])
3202    , -46473.6    , array([ 0.154652   ,  2.52261    ,  0.534246   ,  0.713591   ])
3203    , -45342.4    , array([ 0.154652   ,  2.41388    ,  0.51776    ,  0.713591   ])
3204    , -45955.4    , array([ 0.154652   ,  2.41388    ,  0.534246   ,  0.701652   ])
3205    , -44851.7    , array([ 0.147601   ,  2.30982    ,  0.525938   ,  0.707596   ])
3206    , -44048.2    , array([ 0.144197   ,  2.21026    ,  0.521833   ,  0.704618   ])
3207    , -44441      , array([ 0.142525   ,  2.30982    ,  0.519792   ,  0.703133   ])
3208    , -43760.7    , array([ 0.136823   ,  2.25949    ,  0.512713   ,  0.715852   ])
3209    , -42799.2    , array([ 0.128694   ,  2.18605    ,  0.502274   ,  0.723059   ])
3210    , -42794.4    , array([ 0.143568   ,  2.15022    ,  0.497135   ,  0.708529   ])
3211    , -41469.1    , array([ 0.144935   ,  2.0294     ,  0.479557   ,  0.706012   ])
likelihood = -41469.1
theta = 5942.67
Optimized parameters = [0.1449352  2.02940082 0.47955722 0.70601224]

Round_3_Replicate_1
3212    , -7271.41    , array([ 0.335364   ,  0.775881   ,  0.0496398  ,  6.7884     ])
3213    , -7579.04    , array([ 0.317536   ,  0.775881   ,  0.0496398  ,  6.7884     ])
3214    , -7248.91    , array([ 0.335364   ,  0.766098   ,  0.0496398  ,  6.7884     ])
3215    , -7737.32    , array([ 0.335364   ,  0.775881   ,  0.0427191  ,  6.7884     ])
3216    , -7348.74    , array([ 0.335364   ,  0.775881   ,  0.0496398  ,  7.47061    ])
3217    , -7049.82    , array([ 0.326328   ,  0.770974   ,  0.0576818  ,  7.12134    ])
3218    , -6831.54    , array([ 0.321902   ,  0.768532   ,  0.0670266  ,  7.29388    ])
3219    , -6749.12    , array([ 0.347012   ,  0.767314   ,  0.0576818  ,  7.38172    ])
3220    , -6408.96    , array([ 0.362761   ,  0.763067   ,  0.0621789  ,  7.69755    ])
3221    , -6571.98    , array([ 0.341721   ,  0.760952   ,  0.0645573  ,  6.80875    ])
3222    , -6376.41    , array([ 0.344945   ,  0.753596   ,  0.0736211  ,  7.50422    ])
3223    , -6293.46    , array([ 0.349837   ,  0.742695   ,  0.0896579  ,  7.88995    ])
3224    , -6464.17    , array([ 0.352309   ,  0.75147    ,  0.0989422  ,  8.09019    ])
3225    , -6056.12    , array([ 0.383988   ,  0.740728   ,  0.0890291  ,  7.9299     ])
3226    , -6207.98    , array([ 0.419386   ,  0.727205   ,  0.102606   ,  8.26841    ])
3227    , -6461.76    , array([ 0.383435   ,  0.738099   ,  0.108549   ,  9.16768    ])
3228    , -5927.14    , array([ 0.387993   ,  0.740733   ,  0.0741846  ,  8.2133     ])
3229    , -5868.99    , array([ 0.407168   ,  0.735422   ,  0.0642362  ,  8.27556    ])
3230    , -6645.48    , array([ 0.367364   ,  0.752783   ,  0.0520169  ,  6.88631    ])
3231    , -6084.94    , array([ 0.379353   ,  0.741743   ,  0.0903143  ,  8.53475    ])
likelihood = -5868.99
theta = 3028.65
Optimized parameters = [0.40716772 0.73542154 0.06423622 8.27556079]

Round_3_Replicate_2
3232    , -11389      , array([ 0.12122    ,  0.580938   ,  0.0898429  ,  1.66087    ])
3233    , -12179.4    , array([ 0.109082   ,  0.580938   ,  0.0898429  ,  1.66087    ])
3234    , -11196.5    , array([ 0.12122    ,  0.565375   ,  0.0898429  ,  1.66087    ])
3235    , -11613.8    , array([ 0.12122    ,  0.580938   ,  0.0796449  ,  1.66087    ])
3236    , -11356.7    , array([ 0.12122    ,  0.580938   ,  0.0898429  ,  1.70354    ])
3237    , -10644      , array([ 0.134709   ,  0.573104   ,  0.0845904  ,  1.68207    ])
3238    , -9960.32    , array([ 0.149699   ,  0.569226   ,  0.0820804  ,  1.69277    ])
3239    , -10356.7    , array([ 0.134709   ,  0.567297   ,  0.0968696  ,  1.69815    ])
3240    , -10040.9    , array([ 0.142006   ,  0.560597   ,  0.0891689  ,  1.7171     ])
3241    , -9481.92    , array([ 0.1537     ,  0.550695   ,  0.0888338  ,  1.68074    ])
3242    , -8699.99    , array([ 0.17307    ,  0.53617    ,  0.0883335  ,  1.66945    ])
3243    , -8529.45    , array([ 0.183652   ,  0.551046   ,  0.0880845  ,  1.72836    ])
3244    , -7638.33    , array([ 0.226051   ,  0.544018   ,  0.0872182  ,  1.76313    ])
3245    , -7899.47    , array([ 0.214082   ,  0.537793   ,  0.0775185  ,  1.72247    ])
3246    , -7399.37    , array([ 0.249348   ,  0.533036   ,  0.0785191  ,  1.70612    ])
3247    , -7028.65    , array([ 0.330412   ,  0.519768   ,  0.0736811  ,  1.70065    ])
3248    , -6906.38    , array([ 0.351411   ,  0.501633   ,  0.0808178  ,  1.73466    ])
3249    , -8436.32    , array([ 0.538411   ,  0.470908   ,  0.0801939  ,  1.75599    ])
3250    , -7306.61    , array([ 0.433119   ,  0.515122   ,  0.071831   ,  1.79291    ])
likelihood = -6906.38
theta = 5852.6
Optimized parameters = [0.35141079 0.5016325  0.08081785 1.73465959]

Round_3_Replicate_3
3251    , -30256.1    , array([ 0.0843351  ,  2.27869    ,  0.125462   ,  6.33609    ])
3252    , -31528.2    , array([ 0.0745261  ,  2.27869    ,  0.125462   ,  6.33609    ])
3253    , -30967.9    , array([ 0.0843351  ,  2.37448    ,  0.125462   ,  6.33609    ])
3254    , -29589.5    , array([ 0.0843351  ,  2.27869    ,  0.113094   ,  6.33609    ])
3255    , -30247.1    , array([ 0.0843351  ,  2.27869    ,  0.125462   ,  6.94884    ])
3256    , -29005.8    , array([ 0.095435   ,  2.32609    ,  0.119117   ,  6.63539    ])
3257    , -27789.2    , array([ 0.107996   ,  2.35016    ,  0.116066   ,  6.79031    ])
3258    , -27955.9    , array([ 0.095435   ,  2.22079    ,  0.11457    ,  6.86912    ])
3259    , -27514.2    , array([ 0.101521   ,  2.28456    ,  0.109484   ,  7.15222    ])
3260    , -26184.3    , array([ 0.111386   ,  2.2875     ,  0.102276   ,  7.59889    ])
3261    , -25613.7    , array([ 0.116673   ,  2.28897    ,  0.0988513  ,  6.81975    ])
3262    , -23511.3    , array([ 0.13723    ,  2.29413    ,  0.087744   ,  6.75611    ])
3263    , -23178.8    , array([ 0.14883    ,  2.29672    ,  0.0965931  ,  7.72321    ])
3264    , -20282.1    , array([ 0.197712   ,  2.30579    ,  0.0892689  ,  8.5268     ])
3265    , -20970.6    , array([ 0.189301   ,  2.40127    ,  0.0841639  ,  7.93708    ])
3266    , -18105.8    , array([ 0.221476   ,  2.29362    ,  0.0707459  ,  8.68076    ])
3267    , -14232.4    , array([ 0.317166   ,  2.26587    ,  0.055233   ,  9.81503    ])
3268    , -14136.5    , array([ 0.36235    ,  2.34529    ,  0.0589995  ,  8.81591    ])
3269    , -10411.4    , array([ 0.653547   ,  2.37472    ,  0.0448112  ,  9.49567    ])
3270    , -10352.2    , array([ 0.641835   ,  2.37923    ,  0.049146   ,  11.7553    ])
3271    , -8078.04    , array([ 1.38807    ,  2.42295    ,  0.036781   ,  15.5061    ])
likelihood = -8078.04
theta = 1256.96
Optimized parameters = [ 1.38806596  2.42295014  0.03678102 15.50613841]

Round_3_Replicate_4
3272    , -40537.8    , array([ 0.078613   ,  1.3406     ,  0.619927   ,  9.22035    ])
3273    , -40972.2    , array([ 0.0692259  ,  1.3406     ,  0.619927   ,  9.22035    ])
3274    , -40836.8    , array([ 0.078613   ,  1.36039    ,  0.619927   ,  9.22035    ])
3275    , -40118.1    , array([ 0.078613   ,  1.3406     ,  0.605281   ,  9.22035    ])
3276    , -40540.1    , array([ 0.078613   ,  1.3406     ,  0.619927   ,  10.3035    ])
3277    , -40171.6    , array([ 0.0892729  ,  1.35046    ,  0.61256    ,  9.7469     ])
3278    , -39824.8    , array([ 0.0837735  ,  1.32595    ,  0.60891    ,  10.0213    ])
3279    , -39319      , array([ 0.0864795  ,  1.30905    ,  0.603475   ,  10.4476    ])
3280    , -39519.3    , array([ 0.0878651  ,  1.32959    ,  0.600776   ,  9.03032    ])
3281    , -39036.7    , array([ 0.0928918  ,  1.32412    ,  0.591424   ,  9.98661    ])
3282    , -38322.3    , array([ 0.100976   ,  1.31596    ,  0.577668   ,  10.3933    ])
3283    , -38431.7    , array([ 0.0869965  ,  1.29756    ,  0.581239   ,  9.75536    ])
3284    , -37766.3    , array([ 0.103928   ,  1.28595    ,  0.576428   ,  10.6074    ])
3285    , -36775      , array([ 0.119495   ,  1.25946    ,  0.562522   ,  11.3773    ])
3286    , -36823.6    , array([ 0.108436   ,  1.26194    ,  0.561957   ,  12.1569    ])
3287    , -35887.7    , array([ 0.12337    ,  1.25846    ,  0.539856   ,  11.3348    ])
3288    , -34401.1    , array([ 0.147353   ,  1.23391    ,  0.510608   ,  11.8064    ])
3289    , -35312.9    , array([ 0.159606   ,  1.23808    ,  0.52535    ,  13.3544    ])
likelihood = -34401.06
theta = 5194.07
Optimized parameters = [ 0.14735261  1.23390993  0.51060797 11.80635517]

Round_3_Replicate_5
3290    , -8544.78    , array([ 0.256082   ,  0.782411   ,  0.0865454  ,  2.82736    ])
3291    , -8805.19    , array([ 0.23922    ,  0.782411   ,  0.0865454  ,  2.82736    ])
3292    , -8458.1     , array([ 0.256082   ,  0.77287    ,  0.0865454  ,  2.82736    ])
3293    , -8500.89    , array([ 0.256082   ,  0.782411   ,  0.0765784  ,  2.82736    ])
3294    , -8440.35    , array([ 0.256082   ,  0.782411   ,  0.0865454  ,  2.97818    ])
3295    , -8177.45    , array([ 0.274132   ,  0.777626   ,  0.0814095  ,  2.90179    ])
3296    , -7906.01    , array([ 0.293455   ,  0.775245   ,  0.078957   ,  2.93974    ])
3297    , -8090.14    , array([ 0.274132   ,  0.774057   ,  0.0777586  ,  2.95889    ])
3298    , -7992.14    , array([ 0.283629   ,  0.769913   ,  0.0885538  ,  3.02694    ])
3299    , -7748.68    , array([ 0.298494   ,  0.777924   ,  0.0792595  ,  3.13195    ])
3300    , -7436.21    , array([ 0.322266   ,  0.780464   ,  0.0758499  ,  3.29633    ])
3301    , -7353.47    , array([ 0.334853   ,  0.767482   ,  0.0742005  ,  3.12814    ])
3302    , -6988.95    , array([ 0.382906   ,  0.760124   ,  0.0687049  ,  3.20592    ])
3303    , -7148.11    , array([ 0.369691   ,  0.768752   ,  0.0776286  ,  3.27732    ])
3304    , -6866.25    , array([ 0.407937   ,  0.772306   ,  0.063822   ,  3.33351    ])
3305    , -6616.85    , array([ 0.489231   ,  0.773505   ,  0.0541816  ,  3.49825    ])
3306    , -6459.79    , array([ 0.509084   ,  0.766133   ,  0.0592949  ,  3.74428    ])
3307    , -6414.82    , array([ 0.670523   ,  0.761618   ,  0.0513844  ,  4.22569    ])
3308    , -6731.31    , array([ 0.668674   ,  0.751766   ,  0.0508033  ,  3.78076    ])
likelihood = -6414.82
theta = 3277.19
Optimized parameters = [0.67052265 0.76161791 0.05138437 4.22569347]

Round_4_Replicate_1
3309    , -8701.01    , array([ 0.319058   ,  0.685737   ,  0.0366501  ,  7.26911    ])
3310    , -9092.25    , array([ 0.301344   ,  0.685737   ,  0.0366501  ,  7.26911    ])
3311    , -8705.68    , array([ 0.319058   ,  0.672923   ,  0.0366501  ,  7.26911    ])
3312    , -9474.55    , array([ 0.319058   ,  0.685737   ,  0.0310655  ,  7.26911    ])
3313    , -8913.86    , array([ 0.319058   ,  0.685737   ,  0.0366501  ,  8.02704    ])
3314    , -8252.27    , array([ 0.310075   ,  0.6793     ,  0.0432386  ,  7.63868    ])
3315    , -7700.69    , array([ 0.305678   ,  0.676104   ,  0.0510114  ,  7.83046    ])
3316    , -7908.45    , array([ 0.330654   ,  0.674512   ,  0.0432386  ,  7.92814    ])
3317    , -7645.24    , array([ 0.317921   ,  0.668968   ,  0.0469645  ,  7.13518    ])
3318    , -7133.14    , array([ 0.317354   ,  0.660738   ,  0.0531639  ,  6.72713    ])
3319    , -7082.8     , array([ 0.317071   ,  0.675507   ,  0.056564   ,  7.57972    ])
3320    , -6546.31    , array([ 0.316082   ,  0.676802   ,  0.0702704  ,  7.73997    ])
3321    , -6312.91    , array([ 0.315589   ,  0.658551   ,  0.0783229  ,  7.82136    ])
3322    , -6330.4     , array([ 0.313868   ,  0.645365   ,  0.114497   ,  8.11302    ])
3323    , -6416.69    , array([ 0.297503   ,  0.661542   ,  0.0893515  ,  7.12275    ])
3324    , -6189.88    , array([ 0.317478   ,  0.652838   ,  0.100236   ,  6.87801    ])
3325    , -7059.61    , array([ 0.323547   ,  0.641507   ,  0.140508   ,  6.44615    ])
3326    , -6918.68    , array([ 0.305857   ,  0.664014   ,  0.132062   ,  8.09536    ])
3327    , -6357.72    , array([ 0.308692   ,  0.663194   ,  0.105193   ,  7.7292     ])
3328    , -6557.18    , array([ 0.303477   ,  0.641704   ,  0.122244   ,  7.03112    ])
3329    , -6335.13    , array([ 0.312882   ,  0.667852   ,  0.0807024  ,  7.55632    ])
3330    , -6050.85    , array([ 0.330658   ,  0.65963    ,  0.0913672  ,  7.8695     ])
3331    , -5905.11    , array([ 0.348597   ,  0.658675   ,  0.0923921  ,  8.27174    ])
3332    , -6114.66    , array([ 0.338645   ,  0.655741   ,  0.0727327  ,  7.50225    ])
3333    , -5846.5     , array([ 0.347592   ,  0.645237   ,  0.0900019  ,  7.64638    ])
3334    , -5717.23    , array([ 0.366366   ,  0.634219   ,  0.0950462  ,  7.69181    ])
3335    , -5854.65    , array([ 0.371302   ,  0.642148   ,  0.102158   ,  7.32584    ])
3336    , -5515.58    , array([ 0.399155   ,  0.642442   ,  0.0805867  ,  8.59755    ])
3337    , -5337.23    , array([ 0.447564   ,  0.637306   ,  0.0722576  ,  9.61237    ])
likelihood = -5337.23
theta = 2985.34
Optimized parameters = [0.44756426 0.63730614 0.07225759 9.61237086]

Round_4_Replicate_2
3338    , -6199.64    , array([ 0.675016   ,  1.06979    ,  0.0339868  ,  6.39789    ])
3339    , -6226.94    , array([ 0.661881   ,  1.06979    ,  0.0339868  ,  6.39789    ])
3340    , -6208.13    , array([ 0.675016   ,  1.0734     ,  0.0339868  ,  6.39789    ])
3341    , -6400.28    , array([ 0.675016   ,  1.06979    ,  0.0286996  ,  6.39789    ])
3342    , -6057.86    , array([ 0.675016   ,  1.06979    ,  0.0339868  ,  7.02002    ])
3343    , -6058.6     , array([ 0.668416   ,  1.07159    ,  0.040248   ,  6.70174    ])
3344    , -6017.37    , array([ 0.685039   ,  1.0725     ,  0.0369851  ,  6.85904    ])
3345    , -5933.73    , array([ 0.696919   ,  1.07385    ,  0.0385821  ,  7.10193    ])
3346    , -5910.58    , array([ 0.682519   ,  1.06911    ,  0.0394063  ,  7.22658    ])
3347    , -5810.75    , array([ 0.686302   ,  1.06697    ,  0.0424319  ,  7.68035    ])
3348    , -5788.04    , array([ 0.688201   ,  1.07131    ,  0.0440308  ,  7.91781    ])
3349    , -5754.71    , array([ 0.694889   ,  1.07207    ,  0.0501164  ,  8.80824    ])
3350    , -5637.48    , array([ 0.708625   ,  1.06974    ,  0.0414897  ,  8.66573    ])
3351    , -5490.69    , array([ 0.729628   ,  1.06882    ,  0.0421248  ,  9.85402    ])
3352    , -5782.24    , array([ 0.72953    ,  1.07107    ,  0.0547001  ,  9.80148    ])
3353    , -5724.08    , array([ 0.722945   ,  1.06562    ,  0.0573737  ,  11.3818    ])
3354    , -5833.5     , array([ 0.753473   ,  1.07182    ,  0.060662   ,  12.8121    ])
3355    , -5672.86    , array([ 0.702511   ,  1.06818    ,  0.0463979  ,  8.72853    ])
3356    , -5570.84    , array([ 0.695576   ,  1.06628    ,  0.0433388  ,  9.47406    ])
3357    , -5414.87    , array([ 0.730611   ,  1.0624     ,  0.0439879  ,  10.9336    ])
3358    , -5346.28    , array([ 0.749155   ,  1.0576     ,  0.0412107  ,  12.1814    ])
3359    , -5788.7     , array([ 0.714876   ,  1.0648     ,  0.0325648  ,  8.75353    ])
3360    , -5525.9     , array([ 0.720919   ,  1.06542    ,  0.0497991  ,  10.6587    ])
3361    , -5346.18    , array([ 0.745245   ,  1.06088    ,  0.0417181  ,  12.6135    ])
3362    , -5338.47    , array([ 0.767577   ,  1.05724    ,  0.0395582  ,  15.1629    ])
3363    , -5240.4     , array([ 0.790672   ,  1.05825    ,  0.0426704  ,  14.7015    ])
3364    , -5178.75    , array([ 0.842989   ,  1.05426    ,  0.04234    ,  18.3137    ])
3365    , -5450.58    , array([ 0.824939   ,  1.05355    ,  0.0342409  ,  17.1289    ])
likelihood = -5178.75
theta = 1685.58
Optimized parameters = [ 0.84298897  1.05425605  0.04234002 18.31369145]

Round_4_Replicate_3
3366    , -10469.4    , array([ 0.245365   ,  1.04888    ,  0.10966    ,  6.06843    ])
3367    , -10818.6    , array([ 0.228719   ,  1.04888    ,  0.10966    ,  6.06843    ])
3368    , -10491.7    , array([ 0.245365   ,  1.05138    ,  0.10966    ,  6.06843    ])
3369    , -10132.3    , array([ 0.245365   ,  1.04888    ,  0.0981862  ,  6.06843    ])
3370    , -10401      , array([ 0.245365   ,  1.04888    ,  0.10966    ,  6.64095    ])
3371    , -9926.89    , array([ 0.263222   ,  1.05013    ,  0.103765   ,  6.34824    ])
3372    , -9517.64    , array([ 0.282378   ,  1.05076    ,  0.100937   ,  6.49294    ])
3373    , -9748.57    , array([ 0.263222   ,  1.04731    ,  0.0995521  ,  6.56653    ])
3374    , -9437.66    , array([ 0.272632   ,  1.04903    ,  0.0948531  ,  6.83071    ])
3375    , -8987.64    , array([ 0.287381   ,  1.04911    ,  0.0882171  ,  7.24703    ])
3376    , -8866.42    , array([ 0.295053   ,  1.04915    ,  0.0850753  ,  6.52044    ])
3377    , -8270.57    , array([ 0.323551   ,  1.04929    ,  0.0749344  ,  6.46101    ])
3378    , -8148.03    , array([ 0.338817   ,  1.04936    ,  0.0830074  ,  7.3628     ])
3379    , -7354.22    , array([ 0.398145   ,  1.0496     ,  0.076322   ,  8.1101     ])
3380    , -7390.16    , array([ 0.388432   ,  1.05207    ,  0.0716831  ,  7.56185    ])
3381    , -6860.8     , array([ 0.424666   ,  1.04927    ,  0.05958    ,  8.25308    ])
3382    , -6205.01    , array([ 0.520782   ,  1.04853    ,  0.0457747  ,  9.30471    ])
3383    , -6001.47    , array([ 0.561719   ,  1.05063    ,  0.0491059  ,  8.37854    ])
3384    , -5506.74    , array([ 0.785325   ,  1.05139    ,  0.0366374  ,  9.00892    ])
3385    , -5333.23    , array([ 0.777298   ,  1.0515     ,  0.0404229  ,  11.0972    ])
3386    , -5310.3     , array([ 1.20479    ,  1.05261    ,  0.0296893  ,  14.5436    ])
3387    , -5392.28    , array([ 1.14028    ,  1.049      ,  0.0271946  ,  13.1495    ])
3388    , -6683.06    , array([ 1.88267    ,  1.05117    ,  0.0152464  ,  15.6118    ])
3389    , -5652.07    , array([ 1.2767     ,  1.05078    ,  0.0228054  ,  13.254     ])
3390    , -7056.33    , array([ 2.25359    ,  1.05336    ,  0.0179431  ,  16.2404    ])
3391    , -5464.39    , array([ 0.751123   ,  1.04974    ,  0.0362196  ,  10.6949    ])
3392    , -5475.81    , array([ 0.705101   ,  1.05059    ,  0.0453877  ,  10.2416    ])
3393    , -5207.31    , array([ 1.08616    ,  1.04958    ,  0.0314454  ,  16.0654    ])
3394    , -5328.76    , array([ 1.27737    ,  1.04868    ,  0.0291323  ,  21.4536    ])
likelihood = -5207.31
theta = 1546.16
Optimized parameters = [ 1.08615927  1.04958303  0.03144544 16.06535769]

Round_4_Replicate_4
3395    , -9132.97    , array([ 0.444447   ,  0.443717   ,  0.0338836  ,  11.3985    ])
3396    , -9366.53    , array([ 0.426787   ,  0.443717   ,  0.0338836  ,  11.3985    ])
3397    , -9284.58    , array([ 0.444447   ,  0.426051   ,  0.0338836  ,  11.3985    ])
3398    , -10197.8    , array([ 0.444447   ,  0.443717   ,  0.0286081  ,  11.3985    ])
3399    , -9483.78    , array([ 0.444447   ,  0.443717   ,  0.0338836  ,  12.8733    ])
3400    , -8440.68    , array([ 0.435528   ,  0.434795   ,  0.040132   ,  12.1134    ])
3401    , -7596.95    , array([ 0.431135   ,  0.430401   ,  0.0475325  ,  12.4876    ])
3402    , -8241.98    , array([ 0.428956   ,  0.42822    ,  0.040132   ,  10.5638    ])
3403    , -7804.3     , array([ 0.447839   ,  0.420676   ,  0.0436758  ,  11.4855    ])
3404    , -7186.35    , array([ 0.431682   ,  0.435347   ,  0.0495868  ,  11.5292    ])
3405    , -6323.98    , array([ 0.425437   ,  0.440071   ,  0.0599866  ,  11.5952    ])
3406    , -6082.08    , array([ 0.422349   ,  0.416293   ,  0.0659779  ,  11.6283    ])
3407    , -5276.43    , array([ 0.411715   ,  0.403223   ,  0.0920666  ,  11.7449    ])
3408    , -5387.68    , array([ 0.428718   ,  0.418578   ,  0.084373   ,  13.2299    ])
3409    , -5181.16    , array([ 0.401779   ,  0.425021   ,  0.107754   ,  13.0597    ])
3410    , -6482.19    , array([ 0.380557   ,  0.427211   ,  0.169251   ,  13.9259    ])
3411    , -5933.89    , array([ 0.402886   ,  0.412814   ,  0.149076   ,  12.2837    ])
3412    , -7147.73    , array([ 0.397313   ,  0.39104    ,  0.186217   ,  13.6163    ])
3413    , -5485.25    , array([ 0.418225   ,  0.427265   ,  0.0796243  ,  12.0704    ])
3414    , -6947.63    , array([ 0.427465   ,  0.424092   ,  0.0547629  ,  12.7409    ])
3415    , -5240.79    , array([ 0.408895   ,  0.415605   ,  0.116058   ,  12.3965    ])
3416    , -5329.33    , array([ 0.407168   ,  0.404119   ,  0.123784   ,  13.14      ])
3417    , -5590.07    , array([ 0.387091   ,  0.405318   ,  0.141493   ,  11.9476    ])
3418    , -5220       , array([ 0.417909   ,  0.415223   ,  0.0960144  ,  12.897     ])
3419    , -5360.1     , array([ 0.412919   ,  0.425549   ,  0.0849399  ,  11.9176    ])
3420    , -5209.84    , array([ 0.408598   ,  0.409373   ,  0.112661   ,  12.8231    ])
3421    , -5407.09    , array([ 0.40681    ,  0.429736   ,  0.126331   ,  13.9318    ])
3422    , -5196.35    , array([ 0.410483   ,  0.409693   ,  0.0996447  ,  12.2571    ])
likelihood = -5181.16
theta = 3539.81
Optimized parameters = [ 0.40177872  0.42502125  0.10775435 13.05968341]

Round_4_Replicate_5
3423    , -5451.5     , array([ 0.437461   ,  0.368904   ,  0.108056   ,  4.90525    ])
3424    , -5347.83    , array([ 0.419745   ,  0.368904   ,  0.108056   ,  4.90525    ])
3425    , -5471.36    , array([ 0.437461   ,  0.350961   ,  0.108056   ,  4.90525    ])
3426    , -5321.7     , array([ 0.437461   ,  0.368904   ,  0.0966789  ,  4.90525    ])
3427    , -5404.16    , array([ 0.437461   ,  0.368904   ,  0.108056   ,  5.31122    ])
3428    , -5291.73    , array([ 0.428511   ,  0.387764   ,  0.102209   ,  5.1042     ])
3429    , -5233.11    , array([ 0.424106   ,  0.407589   ,  0.0994056  ,  5.20668    ])
3430    , -5216.44    , array([ 0.42192    ,  0.387764   ,  0.0980328  ,  5.25869    ])
3431    , -5161.73    , array([ 0.414358   ,  0.397553   ,  0.0933754  ,  5.44484    ])
3432    , -5180.87    , array([ 0.410628   ,  0.402539   ,  0.0911303  ,  4.91745    ])
3433    , -5174.51    , array([ 0.423285   ,  0.42049    ,  0.0836893  ,  5.33105    ])
3434    , -5149.42    , array([ 0.399509   ,  0.448929   ,  0.0870275  ,  5.55762    ])
3435    , -5250.07    , array([ 0.381786   ,  0.495233   ,  0.0825694  ,  5.91565    ])
3436    , -5224.89    , array([ 0.399961   ,  0.426428   ,  0.0791954  ,  5.40944    ])
3437    , -5171.72    , array([ 0.405865   ,  0.421638   ,  0.0838258  ,  5.35802    ])
3438    , -5157.16    , array([ 0.410686   ,  0.441902   ,  0.0828524  ,  5.97868    ])
3439    , -5134.71    , array([ 0.392432   ,  0.433674   ,  0.0897669  ,  5.84022    ])
3440    , -5141.56    , array([ 0.377859   ,  0.44042    ,  0.0929692  ,  6.11277    ])
3441    , -5121.52    , array([ 0.402445   ,  0.438622   ,  0.0927422  ,  6.06666    ])
3442    , -5129.14    , array([ 0.400745   ,  0.447368   ,  0.09755    ,  6.45539    ])
3443    , -5217.62    , array([ 0.388488   ,  0.488634   ,  0.0829746  ,  6.30161    ])
3444    , -5134.63    , array([ 0.407733   ,  0.418593   ,  0.0906589  ,  5.64744    ])
3445    , -5135.83    , array([ 0.39055    ,  0.427844   ,  0.0978194  ,  5.57769    ])
3446    , -5122.11    , array([ 0.396949   ,  0.411138   ,  0.098732   ,  6.0111     ])
3447    , -5132.67    , array([ 0.409368   ,  0.422894   ,  0.0882482  ,  6.21783    ])
3448    , -5134.71    , array([ 0.416104   ,  0.411991   ,  0.0953477  ,  6.12728    ])
3449    , -5125.16    , array([ 0.39822    ,  0.428148   ,  0.0911307  ,  5.9107     ])
likelihood = -5121.52
theta = 3973.9
Optimized parameters = [0.40244472 0.43862181 0.09274221 6.06666332]
