
Round_1_Replicate_1
864     , -26876.5    , array([ 0.633699   ,  0.143513   ,  0.562368   ,  0.15368    ,  1.21836    ])
865     , -26228.7    , array([ 0.619409   ,  0.143513   ,  0.562368   ,  0.15368    ,  1.21836    ])
866     , -26587.7    , array([ 0.633699   ,  0.130237   ,  0.562368   ,  0.15368    ,  1.21836    ])
867     , -26052.2    , array([ 0.633699   ,  0.143513   ,  0.546414   ,  0.15368    ,  1.21836    ])
868     , -26903.7    , array([ 0.633699   ,  0.143513   ,  0.562368   ,  0.139942   ,  1.21836    ])
869     , -26866.2    , array([ 0.633699   ,  0.143513   ,  0.562368   ,  0.15368    ,  1.23046    ])
870     , -26129.1    , array([ 0.627944   ,  0.138047   ,  0.555931   ,  0.168766   ,  1.22319    ])
871     , -25868.3    , array([ 0.625656   ,  0.13592    ,  0.553377   ,  0.159545   ,  1.22512    ])
872     , -25384.3    , array([ 0.621673   ,  0.132276   ,  0.548936   ,  0.162562   ,  1.22851    ])
likelihood = -25384.3
theta = 8826.08
Optimized parameters = [0.62167315 0.1322757  0.54893594 0.16256159 1.22851244]

Round_1_Replicate_2
873     , -238066     , array([ 3.56619    ,  5.16365    ,  0.926799   ,  1.48876    ,  5.76183    ])
874     , -241794     , array([ 3.80028    ,  5.16365    ,  0.926799   ,  1.48876    ,  5.76183    ])
875     , -241756     , array([ 3.56619    ,  5.60537    ,  0.926799   ,  1.48876    ,  5.76183    ])
876     , -237698     , array([ 3.56619    ,  5.16365    ,  0.923283   ,  1.48876    ,  5.76183    ])
877     , -238035     , array([ 3.56619    ,  5.16365    ,  0.926799   ,  1.51868    ,  5.76183    ])
878     , -237577     , array([ 3.56619    ,  5.16365    ,  0.926799   ,  1.48876    ,  6.2891     ])
879     , -235276     , array([ 3.34653    ,  5.336      ,  0.925391   ,  1.50065    ,  5.96722    ])
880     , -231737     , array([ 3.1404     ,  5.42432    ,  0.924687   ,  1.50664    ,  6.07264    ])
881     , -231656     , array([ 3.38935    ,  4.85137    ,  0.924547   ,  1.50784    ,  6.09395    ])
882     , -226657     , array([ 3.30425    ,  4.5133     ,  0.923423   ,  1.51747    ,  6.26711    ])
likelihood = -226657.04
theta = 1379.71
Optimized parameters = [3.3042481  4.51329764 0.92342308 1.51746897 6.26711456]

Round_1_Replicate_3
883     , -319331     , array([ 3.31356    ,  0.887717   ,  6.51947    ,  4.91353    ,  0.492651   ])
884     , -320382     , array([ 3.51811    ,  0.887717   ,  6.51947    ,  4.91353    ,  0.492651   ])
885     , -319010     , array([ 3.31356    ,  0.882446   ,  6.51947    ,  4.91353    ,  0.492651   ])
886     , -326502     , array([ 3.31356    ,  0.887717   ,  7.16017    ,  4.91353    ,  0.492651   ])
887     , -319727     , array([ 3.31356    ,  0.887717   ,  6.51947    ,  5.32063    ,  0.492651   ])
888     , -319347     , array([ 3.31356    ,  0.887717   ,  6.51947    ,  4.91353    ,  0.475518   ])
889     , -312499     , array([ 3.39391    ,  0.885605   ,  5.93611    ,  5.07249    ,  0.485725   ])
890     , -305337     , array([ 3.43482    ,  0.884551   ,  5.40494    ,  5.15389    ,  0.482299   ])
891     , -312690     , array([ 3.16609    ,  0.88434    ,  6.04845    ,  5.17033    ,  0.481616   ])
likelihood = -305336.74
theta = 2109.14
Optimized parameters = [3.43481536 0.8845509  5.40494371 5.15389174 0.48229856]

Round_1_Replicate_4
892     , -49359.9    , array([ 0.131805   ,  0.371175   ,  1.9333     ,  0.674792   ,  0.39555    ])
893     , -48169.2    , array([ 0.119105   ,  0.371175   ,  1.9333     ,  0.674792   ,  0.39555    ])
894     , -47985.4    , array([ 0.131805   ,  0.35323    ,  1.9333     ,  0.674792   ,  0.39555    ])
895     , -50908.9    , array([ 0.131805   ,  0.371175   ,  1.99808    ,  0.674792   ,  0.39555    ])
896     , -49391      , array([ 0.131805   ,  0.371175   ,  1.9333     ,  0.66165    ,  0.39555    ])
897     , -48981.3    , array([ 0.131805   ,  0.371175   ,  1.9333     ,  0.674792   ,  0.377626   ])
898     , -46690.5    , array([ 0.12657    ,  0.36389    ,  1.87061    ,  0.669504   ,  0.388281   ])
899     , -44705.4    , array([ 0.124031   ,  0.360302   ,  1.80996    ,  0.666876   ,  0.384696   ])
900     , -46262.9    , array([ 0.123529   ,  0.359588   ,  1.88298    ,  0.684954   ,  0.383983   ])
likelihood = -44705.38
theta = 13303.97
Optimized parameters = [0.12403097 0.36030181 1.80995967 0.66687603 0.38469608]

Round_1_Replicate_5
901     , -298920     , array([ 2.5442     ,  5.98042    ,  4.33067    ,  1.52998    ,  0.126454   ])
902     , -301590     , array([ 2.66581    ,  5.98042    ,  4.33067    ,  1.52998    ,  0.126454   ])
903     , -301326     , array([ 2.5442     ,  6.53985    ,  4.33067    ,  1.52998    ,  0.126454   ])
904     , -309502     , array([ 2.5442     ,  5.98042    ,  4.65996    ,  1.52998    ,  0.126454   ])
905     , -298289     , array([ 2.5442     ,  5.98042    ,  4.33067    ,  1.56286    ,  0.126454   ])
906     , -288299     , array([ 2.5442     ,  5.98042    ,  4.33067    ,  1.52998    ,  0.114033   ])
907     , -285927     , array([ 2.59216    ,  6.19821    ,  4.02464    ,  1.54305    ,  0.121331   ])
908     , -274196     , array([ 2.61648    ,  6.31006    ,  3.74024    ,  1.54962    ,  0.118848   ])
909     , -282640     , array([ 2.4555     ,  6.33267    ,  4.08407    ,  1.55094    ,  0.118357   ])
likelihood = -274196.04
theta = 2161.64
Optimized parameters = [2.61647969 6.31005961 3.74023912 1.54962193 0.11884781]

Round_1_Replicate_6
910     , -79751.6    , array([ 0.165445   ,  5.8153     ,  0.708326   ,  1.18614    ,  2.19937    ])
911     , -79464.7    , array([ 0.151212   ,  5.8153     ,  0.708326   ,  1.18614    ,  2.19937    ])
912     , -80468.9    , array([ 0.165445   ,  6.3504     ,  0.708326   ,  1.18614    ,  2.19937    ])
913     , -79433.1    , array([ 0.165445   ,  5.8153     ,  0.696218   ,  1.18614    ,  2.19937    ])
914     , -79772.8    , array([ 0.165445   ,  5.8153     ,  0.708326   ,  1.19631    ,  2.19937    ])
915     , -79805      , array([ 0.165445   ,  5.8153     ,  0.708326   ,  1.18614    ,  2.28778    ])
916     , -78742.2    , array([ 0.159598   ,  5.32529    ,  0.703458   ,  1.1902     ,  2.23432    ])
917     , -77791      , array([ 0.156752   ,  4.87658    ,  0.701036   ,  1.19223    ,  2.252      ])
918     , -78719.8    , array([ 0.156189   ,  5.41988    ,  0.700553   ,  1.19264    ,  2.13448    ])
likelihood = -77791.0
theta = 4392.13
Optimized parameters = [0.15675203 4.87657662 0.701036   1.1922344  2.25199677]

Round_1_Replicate_7
919     , -209295     , array([ 5.21       ,  7.63871    ,  0.262908   ,  0.131849   ,  0.850192   ])
920     , -214900     , array([ 5.65822    ,  7.63871    ,  0.262908   ,  0.131849   ,  0.850192   ])
921     , -213584     , array([ 5.21       ,  8.45612    ,  0.262908   ,  0.131849   ,  0.850192   ])
922     , -206159     , array([ 5.21       ,  7.63871    ,  0.24592    ,  0.131849   ,  0.850192   ])
923     , -210009     , array([ 5.21       ,  7.63871    ,  0.262908   ,  0.119146   ,  0.850192   ])
924     , -209619     , array([ 5.21       ,  7.63871    ,  0.262908   ,  0.131849   ,  0.843321   ])
925     , -204356     , array([ 4.79729    ,  7.95573    ,  0.255976   ,  0.126613   ,  0.847437   ])
926     , -198739     , array([ 4.41727    ,  8.11915    ,  0.252579   ,  0.124074   ,  0.846063   ])
927     , -200085     , array([ 4.87713    ,  7.07074    ,  0.251905   ,  0.123572   ,  0.845788   ])
likelihood = -198738.68
theta = 2399.23
Optimized parameters = [4.41727116 8.11914892 0.25257922 0.12407352 0.84606252]

Round_1_Replicate_8
928     , -262026     , array([ 2.02234    ,  6.7805     ,  1.41119    ,  0.416485   ,  0.914603   ])
929     , -264988     , array([ 2.09482    ,  6.7805     ,  1.41119    ,  0.416485   ,  0.914603   ])
930     , -264545     , array([ 2.02234    ,  7.46147    ,  1.41119    ,  0.416485   ,  0.914603   ])
931     , -263769     , array([ 2.02234    ,  6.7805     ,  1.4357     ,  0.416485   ,  0.914603   ])
932     , -262064     , array([ 2.02234    ,  6.7805     ,  1.41119    ,  0.398638   ,  0.914603   ])
933     , -262009     , array([ 2.02234    ,  6.7805     ,  1.41119    ,  0.416485   ,  0.91053    ])
934     , -260737     , array([ 1.95236    ,  7.04509    ,  1.42094    ,  0.409252   ,  0.912971   ])
935     , -258503     , array([ 1.88481    ,  7.18124    ,  1.42584    ,  0.405683   ,  0.912157   ])
936     , -258755     , array([ 1.96616    ,  6.30483    ,  1.42683    ,  0.404973   ,  0.911994   ])
likelihood = -258502.97
theta = 2741.14
Optimized parameters = [1.88481291 7.18123927 1.42584464 0.40568322 0.91215676]

Round_1_Replicate_9
937     , -50160.4    , array([ 0.177148   ,  1.31113    ,  0.617539   ,  0.141493   ,  4.81734    ])
938     , -50316.8    , array([ 0.162463   ,  1.31113    ,  0.617539   ,  0.141493   ,  4.81734    ])
939     , -50521.3    , array([ 0.177148   ,  1.32901    ,  0.617539   ,  0.141493   ,  4.81734    ])
940     , -49535.3    , array([ 0.177148   ,  1.31113    ,  0.602833   ,  0.141493   ,  4.81734    ])
941     , -50159      , array([ 0.177148   ,  1.31113    ,  0.617539   ,  0.128313   ,  4.81734    ])
942     , -50184.7    , array([ 0.177148   ,  1.31113    ,  0.617539   ,  0.141493   ,  5.21132    ])
943     , -49610.8    , array([ 0.171121   ,  1.29349    ,  0.611614   ,  0.136066   ,  4.97123    ])
944     , -49624.1    , array([ 0.190505   ,  1.30404    ,  0.60926    ,  0.133954   ,  5.03415    ])
likelihood = -49535.33
theta = 6857.47
Optimized parameters = [0.17714812 1.31112919 0.60283342 0.14149257 4.81734356]

Round_1_Replicate_10
945     , -194311     , array([ 1.32556    ,  0.220583   ,  5.07824    ,  0.255179   ,  1.80588    ])
946     , -194701     , array([ 1.34438    ,  0.220583   ,  5.07824    ,  0.255179   ,  1.80588    ])
947     , -190409     , array([ 1.32556    ,  0.204527   ,  5.07824    ,  0.255179   ,  1.80588    ])
948     , -200854     , array([ 1.32556    ,  0.220583   ,  5.50806    ,  0.255179   ,  1.80588    ])
949     , -194306     , array([ 1.32556    ,  0.220583   ,  5.07824    ,  0.238335   ,  1.80588    ])
950     , -194304     , array([ 1.32556    ,  0.220583   ,  5.07824    ,  0.255179   ,  1.86004    ])
951     , -186452     , array([ 1.33306    ,  0.214015   ,  4.68196    ,  0.248303   ,  1.82735    ])
952     , -179413     , array([ 1.33682    ,  0.210804   ,  4.3166     ,  0.244935   ,  1.83819    ])
953     , -186359     , array([ 1.31144    ,  0.210168   ,  4.75866    ,  0.244267   ,  1.84036    ])
likelihood = -179412.86
theta = 6959.52
Optimized parameters = [1.33681857 0.21080435 4.31659809 0.24493469 1.83818634]

Round_2_Replicate_1
954     , -27978.7    , array([ 0.308943   ,  0.399165   ,  0.705385   ,  0.383429   ,  2.51671    ])
955     , -27169.4    , array([ 0.291321   ,  0.399165   ,  0.705385   ,  0.383429   ,  2.51671    ])
956     , -27122.2    , array([ 0.308943   ,  0.38125    ,  0.705385   ,  0.383429   ,  2.51671    ])
957     , -27415.9    , array([ 0.308943   ,  0.399165   ,  0.693183   ,  0.383429   ,  2.51671    ])
958     , -27986.4    , array([ 0.308943   ,  0.399165   ,  0.705385   ,  0.365485   ,  2.51671    ])
959     , -27974      , array([ 0.308943   ,  0.399165   ,  0.705385   ,  0.383429   ,  2.63558    ])
960     , -27066.5    , array([ 0.30177    ,  0.3919     ,  0.700479   ,  0.402255   ,  2.5636     ])
961     , -26616.2    , array([ 0.298246   ,  0.388317   ,  0.698038   ,  0.422004   ,  2.58737    ])
962     , -26538.1    , array([ 0.297546   ,  0.387605   ,  0.697551   ,  0.398417   ,  2.59215    ])
963     , -25842.9    , array([ 0.292007   ,  0.381951   ,  0.693667   ,  0.406129   ,  2.63072    ])
964     , -25708.6    , array([ 0.290911   ,  0.38083    ,  0.692893   ,  0.40769    ,  2.47342    ])
965     , -24634.5    , array([ 0.282294   ,  0.371981   ,  0.686729   ,  0.420389   ,  2.39612    ])
966     , -25143.6    , array([ 0.280601   ,  0.370236   ,  0.702457   ,  0.422976   ,  2.53986    ])
likelihood = -24634.53
theta = 10448.13
Optimized parameters = [0.28229367 0.3719809  0.68672933 0.42038932 2.39612485]

Round_2_Replicate_2
967     , -20462.3    , array([ 0.472794   ,  0.170829   ,  0.379567   ,  0.0586693  ,  0.328147   ])
968     , -19694      , array([ 0.455413   ,  0.170829   ,  0.379567   ,  0.0586693  ,  0.328147   ])
969     , -19779.7    , array([ 0.472794   ,  0.156383   ,  0.379567   ,  0.0586693  ,  0.328147   ])
970     , -19914.4    , array([ 0.472794   ,  0.170829   ,  0.36162    ,  0.0586693  ,  0.328147   ])
971     , -20779.1    , array([ 0.472794   ,  0.170829   ,  0.379567   ,  0.0509133  ,  0.328147   ])
972     , -21121.5    , array([ 0.472794   ,  0.170829   ,  0.379567   ,  0.0586693  ,  0.310365   ])
973     , -19152.9    , array([ 0.465764   ,  0.164897   ,  0.372284   ,  0.0554344  ,  0.346949   ])
974     , -18239.7    , array([ 0.462288   ,  0.162009   ,  0.368695   ,  0.0538844  ,  0.366827   ])
975     , -18467      , array([ 0.461595   ,  0.161437   ,  0.367981   ,  0.0653449  ,  0.343104   ])
976     , -18024.3    , array([ 0.457191   ,  0.157827   ,  0.363446   ,  0.0592041  ,  0.349276   ])
977     , -16935.7    , array([ 0.449583   ,  0.151701   ,  0.355645   ,  0.0594734  ,  0.360345   ])
978     , -17428.3    , array([ 0.448077   ,  0.150505   ,  0.37895    ,  0.0595274  ,  0.362601   ])
likelihood = -16935.65
theta = 10491.22
Optimized parameters = [0.44958311 0.15170143 0.3556447  0.05947339 0.36034532]

Round_2_Replicate_3
979     , -13812.6    , array([ 0.195993   ,  0.0496958  ,  1.13832    ,  0.0531286  ,  0.600954   ])
980     , -12276.7    , array([ 0.180656   ,  0.0496958  ,  1.13832    ,  0.0531286  ,  0.600954   ])
981     , -13872.2    , array([ 0.195993   ,  0.0427696  ,  1.13832    ,  0.0531286  ,  0.600954   ])
982     , -13933.6    , array([ 0.195993   ,  0.0496958  ,  1.14572    ,  0.0531286  ,  0.600954   ])
983     , -13824.6    , array([ 0.195993   ,  0.0496958  ,  1.13832    ,  0.045877   ,  0.600954   ])
984     , -13818.3    , array([ 0.195993   ,  0.0496958  ,  1.13832    ,  0.0531286  ,  0.585846   ])
985     , -13074.6    , array([ 0.189708   ,  0.0468     ,  1.13097    ,  0.0500997  ,  0.594864   ])
986     , -12976.7    , array([ 0.18725    ,  0.0563734  ,  1.13537    ,  0.048937   ,  0.592446   ])
987     , -12534.9    , array([ 0.183864   ,  0.051026   ,  1.1342     ,  0.0581551  ,  0.589077   ])
988     , -12065.4    , array([ 0.179225   ,  0.0515681  ,  1.13255    ,  0.0520665  ,  0.605599   ])
989     , -11279.3    , array([ 0.171387   ,  0.0525305  ,  1.12968    ,  0.0515435  ,  0.615724   ])
likelihood = -11279.33
theta = 21226.93
Optimized parameters = [0.17138676 0.05253048 1.12968205 0.05154346 0.61572393]

Round_2_Replicate_4
990     , -73709.9    , array([ 0.602493   ,  0.442922   ,  1.1705     ,  0.533453   ,  1.72164    ])
991     , -72660.3    , array([ 0.587421   ,  0.442922   ,  1.1705     ,  0.533453   ,  1.72164    ])
992     , -72683.9    , array([ 0.602493   ,  0.425249   ,  1.1705     ,  0.533453   ,  1.72164    ])
993     , -74224.4    , array([ 0.602493   ,  0.442922   ,  1.17976    ,  0.533453   ,  1.72164    ])
994     , -73723.3    , array([ 0.602493   ,  0.442922   ,  1.1705     ,  0.516953   ,  1.72164    ])
995     , -73705      , array([ 0.602493   ,  0.442922   ,  1.1705     ,  0.533453   ,  1.76904    ])
996     , -72370.4    , array([ 0.596418   ,  0.435766   ,  1.16133    ,  0.52679    ,  1.74045    ])
997     , -71453.7    , array([ 0.593404   ,  0.432232   ,  1.15222    ,  0.52349    ,  1.74993    ])
998     , -71959.9    , array([ 0.592803   ,  0.431528   ,  1.16316    ,  0.546344   ,  1.75183    ])
999     , -71280.6    , array([ 0.588971   ,  0.427054   ,  1.16023    ,  0.534526   ,  1.76405    ])
1000    , -70085.3    , array([ 0.582324   ,  0.419334   ,  1.15513    ,  0.535064   ,  1.78565    ])
1001    , -69851.6    , array([ 0.581004   ,  0.417807   ,  1.15411    ,  0.535172   ,  1.72321    ])
1002    , -67970.4    , array([ 0.570548   ,  0.405789   ,  1.146      ,  0.536033   ,  1.70074    ])
likelihood = -67970.4
theta = 7661.41
Optimized parameters = [0.57054827 0.4057888  1.14599802 0.53603328 1.70073865]

Round_2_Replicate_5
1003    , -87123.5    , array([ 0.510701   ,  0.369721   ,  1.69045    ,  0.18059    ,  1.1501     ])
1004    , -85601.4    , array([ 0.493828   ,  0.369721   ,  1.69045    ,  0.18059    ,  1.1501     ])
1005    , -85736.4    , array([ 0.510701   ,  0.351777   ,  1.69045    ,  0.18059    ,  1.1501     ])
1006    , -89013.6    , array([ 0.510701   ,  0.369721   ,  1.73541    ,  0.18059    ,  1.1501     ])
1007    , -87131.6    , array([ 0.510701   ,  0.369721   ,  1.69045    ,  0.165778   ,  1.1501     ])
1008    , -87123.3    , array([ 0.510701   ,  0.369721   ,  1.69045    ,  0.18059    ,  1.15817    ])
1009    , -84103.6    , array([ 0.503884   ,  0.362436   ,  1.64665    ,  0.174513   ,  1.15332    ])
1010    , -81705.7    , array([ 0.500509   ,  0.358848   ,  1.60399    ,  0.171551   ,  1.15493    ])
1011    , -83772.6    , array([ 0.499837   ,  0.358134   ,  1.65532    ,  0.192725   ,  1.15526    ])
1012    , -82461.6    , array([ 0.495556   ,  0.353602   ,  1.64148    ,  0.181582   ,  1.15733    ])
1013    , -80636      , array([ 0.489625   ,  0.347353   ,  1.62229    ,  0.18198    ,  1.14893    ])
1014    , -77496.9    , array([ 0.479415   ,  0.336682   ,  1.58924    ,  0.182679   ,  1.14434    ])
likelihood = -77496.94
theta = 9186.28
Optimized parameters = [0.4794147  0.33668165 1.58923994 0.18267885 1.14433562]

Round_2_Replicate_6
1015    , -31875.8    , array([ 0.612247   ,  0.247189   ,  0.632321   ,  0.578277   ,  0.791363   ])
1016    , -31164.3    , array([ 0.597411   ,  0.247189   ,  0.632321   ,  0.578277   ,  0.791363   ])
1017    , -31192.2    , array([ 0.612247   ,  0.230505   ,  0.632321   ,  0.578277   ,  0.791363   ])
1018    , -31048.8    , array([ 0.612247   ,  0.247189   ,  0.617995   ,  0.578277   ,  0.791363   ])
1019    , -31942.8    , array([ 0.612247   ,  0.247189   ,  0.632321   ,  0.562656   ,  0.791363   ])
1020    , -31849.5    , array([ 0.612247   ,  0.247189   ,  0.632321   ,  0.578277   ,  0.782158   ])
1021    , -30902.1    , array([ 0.606269   ,  0.240375   ,  0.626551   ,  0.594332   ,  0.787668   ])
1022    , -30389.4    , array([ 0.603302   ,  0.237039   ,  0.623686   ,  0.610833   ,  0.785827   ])
1023    , -30383.3    , array([ 0.60271    ,  0.236377   ,  0.623114   ,  0.591086   ,  0.785459   ])
1024    , -29658.9    , array([ 0.597997   ,  0.23115    ,  0.618561   ,  0.597596   ,  0.782524   ])
1025    , -29552.6    , array([ 0.597059   ,  0.230119   ,  0.617655   ,  0.598907   ,  0.794852   ])
1026    , -28459.7    , array([ 0.589607   ,  0.222031   ,  0.61045    ,  0.609496   ,  0.801276   ])
1027    , -29093.5    , array([ 0.588128   ,  0.243105   ,  0.609019   ,  0.611636   ,  0.789528   ])
likelihood = -28459.7
theta = 8207.51
Optimized parameters = [0.58960709 0.22203096 0.61044968 0.60949587 0.80127587]

Round_2_Replicate_7
1028    , -9493.15    , array([ 0.191026   ,  0.235051   ,  0.139005   ,  0.13487    ,  2.38644    ])
1029    , -10415.3    , array([ 0.175852   ,  0.235051   ,  0.139005   ,  0.13487    ,  2.38644    ])
1030    , -9390.95    , array([ 0.191026   ,  0.218635   ,  0.139005   ,  0.13487    ,  2.38644    ])
1031    , -10160.2    , array([ 0.191026   ,  0.235051   ,  0.125946   ,  0.13487    ,  2.38644    ])
1032    , -9483.45    , array([ 0.191026   ,  0.235051   ,  0.139005   ,  0.122015   ,  2.38644    ])
1033    , -9561.09    , array([ 0.191026   ,  0.235051   ,  0.139005   ,  0.13487    ,  2.49251    ])
1034    , -8868.67    , array([ 0.20751    ,  0.228342   ,  0.133626   ,  0.129573   ,  2.42831    ])
1035    , -8187.5     , array([ 0.225415   ,  0.225059   ,  0.131015   ,  0.127003   ,  2.44953    ])
1036    , -8311.51    , array([ 0.204103   ,  0.224409   ,  0.149829   ,  0.126495   ,  2.45379    ])
1037    , -8380.17    , array([ 0.209581   ,  0.220288   ,  0.139886   ,  0.123292   ,  2.3347     ])
1038    , -8036.23    , array([ 0.217498   ,  0.214645   ,  0.14024    ,  0.118944   ,  2.41719    ])
1039    , -7414.92    , array([ 0.232079   ,  0.205117   ,  0.140861   ,  0.111701   ,  2.43271    ])
likelihood = -7414.92
theta = 9712.88
Optimized parameters = [0.23207924 0.20511681 0.14086075 0.11170128 2.43271017]

Round_2_Replicate_8
1040    , -71994.7    , array([ 1.74564    ,  0.110841   ,  0.907872   ,  0.595403   ,  0.361325   ])
1041    , -72837.8    , array([ 1.79495    ,  0.110841   ,  0.907872   ,  0.595403   ,  0.361325   ])
1042    , -71063.9    , array([ 1.74564    ,  0.0992968  ,  0.907872   ,  0.595403   ,  0.361325   ])
1043    , -71762.6    , array([ 1.74564    ,  0.110841   ,  0.903495   ,  0.595403   ,  0.361325   ])
1044    , -72047.5    , array([ 1.74564    ,  0.110841   ,  0.907872   ,  0.580165   ,  0.361325   ])
1045    , -71528      , array([ 1.74564    ,  0.110841   ,  0.907872   ,  0.595403   ,  0.343394   ])
1046    , -70513.3    , array([ 1.69768    ,  0.10607    ,  0.906118   ,  0.589261   ,  0.354043   ])
1047    , -69354.3    , array([ 1.65104    ,  0.103763   ,  0.905243   ,  0.586213   ,  0.350457   ])
1048    , -70234      , array([ 1.70717    ,  0.103307   ,  0.905068   ,  0.607251   ,  0.349744   ])
1049    , -69604.5    , array([ 1.69202    ,  0.100439   ,  0.903949   ,  0.596392   ,  0.345217   ])
1050    , -68993.8    , array([ 1.67103    ,  0.096557   ,  0.908511   ,  0.596788   ,  0.338976   ])
1051    , -67677      , array([ 1.63493    ,  0.0901209  ,  0.911029   ,  0.597482   ,  0.328326   ])
likelihood = -67676.96
theta = 5488.84
Optimized parameters = [1.63493354 0.09012089 0.91102894 0.59748161 0.32832582]

Round_2_Replicate_9
1052    , -5590.15    , array([ 0.311081   ,  0.226666   ,  0.1399     ,  0.629597   ,  0.680746   ])
1053    , -5794.37    , array([ 0.293439   ,  0.226666   ,  0.1399     ,  0.629597   ,  0.680746   ])
1054    , -5496.99    , array([ 0.311081   ,  0.210454   ,  0.1399     ,  0.629597   ,  0.680746   ])
1055    , -5873.5     , array([ 0.311081   ,  0.226666   ,  0.126796   ,  0.629597   ,  0.680746   ])
1056    , -5598.29    , array([ 0.311081   ,  0.226666   ,  0.1399     ,  0.615199   ,  0.680746   ])
1057    , -5594.61    , array([ 0.311081   ,  0.226666   ,  0.1399     ,  0.629597   ,  0.667781   ])
1058    , -5380.41    , array([ 0.3039     ,  0.220037   ,  0.154357   ,  0.623798   ,  0.67553    ])
1059    , -5201.1     , array([ 0.300372   ,  0.216795   ,  0.170308   ,  0.620919   ,  0.672937   ])
1060    , -5245.85    , array([ 0.325196   ,  0.216152   ,  0.15135    ,  0.620344   ,  0.67242    ])
1061    , -5226.21    , array([ 0.312246   ,  0.212084   ,  0.156189   ,  0.636981   ,  0.669118   ])
1062    , -5106.05    , array([ 0.312713   ,  0.206518   ,  0.163224   ,  0.625324   ,  0.682655   ])
1063    , -4921.95    , array([ 0.313532   ,  0.197125   ,  0.176307   ,  0.623198   ,  0.690215   ])
likelihood = -4921.95
theta = 10380.49
Optimized parameters = [0.31353196 0.19712506 0.1763065  0.62319798 0.69021483]

Round_2_Replicate_10
1064    , -35081.4    , array([ 1.01587    ,  0.0592365  ,  0.457686   ,  0.239352   ,  1.07841    ])
1065    , -35103.9    , array([ 1.01667    ,  0.0592365  ,  0.457686   ,  0.239352   ,  1.07841    ])
1066    , -35518.1    , array([ 1.01587    ,  0.0514303  ,  0.457686   ,  0.239352   ,  1.07841    ])
1067    , -34112.4    , array([ 1.01587    ,  0.0592365  ,  0.440145   ,  0.239352   ,  1.07841    ])
1068    , -35120.1    , array([ 1.01587    ,  0.0592365  ,  0.457686   ,  0.222837   ,  1.07841    ])
1069    , -35080.8    , array([ 1.01587    ,  0.0592365  ,  0.457686   ,  0.239352   ,  1.08249    ])
1070    , -34353      , array([ 1.01619    ,  0.0682276  ,  0.450587   ,  0.232604   ,  1.08004    ])
1071    , -34353.4    , array([ 1.01632    ,  0.0626812  ,  0.447778   ,  0.254166   ,  1.08069    ])
1072    , -34077.7    , array([ 1.01538    ,  0.0641146  ,  0.443876   ,  0.242382   ,  1.08161    ])
1073    , -33573.8    , array([ 1.01473    ,  0.0667023  ,  0.437128   ,  0.243912   ,  1.08321    ])
1074    , -33505      , array([ 1.01572    ,  0.0672322  ,  0.435791   ,  0.244219   ,  1.08353    ])
1075    , -32740.9    , array([ 1.01565    ,  0.0716261  ,  0.425239   ,  0.24669    ,  1.0861     ])
likelihood = -32740.89
theta = 6857.33
Optimized parameters = [1.01564646 0.07162611 0.42523931 0.2466897  1.08609898]

Round_3_Replicate_1
1076    , -20992.9    , array([ 0.115609   ,  0.0757991  ,  0.0848957  ,  0.925333   ,  0.31295    ])
1077    , -22612.5    , array([ 0.103787   ,  0.0757991  ,  0.0848957  ,  0.925333   ,  0.31295    ])
1078    , -21607      , array([ 0.115609   ,  0.0666266  ,  0.0848957  ,  0.925333   ,  0.31295    ])
1079    , -22103.7    , array([ 0.115609   ,  0.0757991  ,  0.0750464  ,  0.925333   ,  0.31295    ])
1080    , -20975.2    , array([ 0.115609   ,  0.0757991  ,  0.0848957  ,  0.921749   ,  0.31295    ])
1081    , -20958.6    , array([ 0.115609   ,  0.0757991  ,  0.0848957  ,  0.925333   ,  0.29529    ])
1082    , -20116.9    , array([ 0.128778   ,  0.0719876  ,  0.0808097  ,  0.923898   ,  0.305762   ])
1083    , -18994      , array([ 0.143448   ,  0.0701543  ,  0.078841   ,  0.923181   ,  0.302231   ])
1084    , -19272.8    , array([ 0.12603    ,  0.0697932  ,  0.0932369  ,  0.923038   ,  0.301529   ])
1085    , -18880.6    , array([ 0.130456   ,  0.0808903  ,  0.0855684  ,  0.922121   ,  0.297079   ])
1086    , -17614.6    , array([ 0.13858    ,  0.0891295  ,  0.0859067  ,  0.92052    ,  0.289448   ])
1087    , -18135.4    , array([ 0.140265   ,  0.0758617  ,  0.0859745  ,  0.9202     ,  0.287945   ])
1088    , -17110.3    , array([ 0.151541   ,  0.0758868  ,  0.0864099  ,  0.923156   ,  0.278512   ])
1089    , -15429.6    , array([ 0.1735     ,  0.0759306  ,  0.0871771  ,  0.92386    ,  0.262742   ])
1090    , -15102.7    , array([ 0.17826    ,  0.0759394  ,  0.0873313  ,  0.918995   ,  0.281698   ])
1091    , -12816.9    , array([ 0.221352   ,  0.0760097  ,  0.0885752  ,  0.915842   ,  0.275138   ])
1092    , -13990.1    , array([ 0.204842   ,  0.0853375  ,  0.0779036  ,  0.9184     ,  0.265944   ])
1093    , -12344.6    , array([ 0.207533   ,  0.0918193  ,  0.0916886  ,  0.916353   ,  0.252093   ])
1094    , -9784.3     , array([ 0.249623   ,  0.105045   ,  0.0988773  ,  0.912958   ,  0.230236   ])
1095    , -10281.9    , array([ 0.26728    ,  0.0967176  ,  0.0889177  ,  0.916421   ,  0.241955   ])
likelihood = -9784.3
theta = 11858.18
Optimized parameters = [0.24962292 0.10504459 0.09887733 0.91295802 0.23023575]

Round_3_Replicate_2
1096    , -7424.92    , array([ 0.228052   ,  0.0891817  ,  0.214767   ,  1.97876    ,  2.00347    ])
1097    , -7921.37    , array([ 0.211805   ,  0.0891817  ,  0.214767   ,  1.97876    ,  2.00347    ])
1098    , -7876.89    , array([ 0.228052   ,  0.0790295  ,  0.214767   ,  1.97876    ,  2.00347    ])
1099    , -8028.84    , array([ 0.228052   ,  0.0891817  ,  0.198869   ,  1.97876    ,  2.00347    ])
1100    , -7480.16    , array([ 0.228052   ,  0.0891817  ,  0.214767   ,  2.04745    ,  2.00347    ])
1101    , -7417.59    , array([ 0.228052   ,  0.0891817  ,  0.214767   ,  1.97876    ,  2.07431    ])
1102    , -7215.23    , array([ 0.221409   ,  0.084973   ,  0.231937   ,  2.00596    ,  2.03151    ])
1103    , -6837.83    , array([ 0.21816    ,  0.0829438  ,  0.250479   ,  2.0197     ,  2.04568    ])
1104    , -6981.57    , array([ 0.241228   ,  0.0825438  ,  0.228396   ,  2.02245    ,  2.04852    ])
1105    , -6625.79    , array([ 0.229133   ,  0.0947826  ,  0.234087   ,  2.0402     ,  2.06682    ])
1106    , -6114.11    , array([ 0.229676   ,  0.1038     ,  0.244389   ,  2.07163    ,  2.09925    ])
1107    , -6416.36    , array([ 0.229785   ,  0.0892507  ,  0.246504   ,  1.98103    ,  2.10579    ])
1108    , -6107.92    , array([ 0.230481   ,  0.0892783  ,  0.260475   ,  2.05074    ,  2.14817    ])
1109    , -5601.61    , array([ 0.231705   ,  0.0893266  ,  0.286857   ,  2.08771    ,  2.22439    ])
1110    , -5540.61    , array([ 0.231951   ,  0.0893363  ,  0.292445   ,  2.09518    ,  2.13361    ])
1111    , -5074.71    , array([ 0.233926   ,  0.0894137  ,  0.341258   ,  2.15593    ,  2.16389    ])
1112    , -5104.38    , array([ 0.216601   ,  0.0996568  ,  0.322909   ,  2.103      ,  2.20833    ])
1113    , -4839.73    , array([ 0.238819   ,  0.106733   ,  0.325929   ,  2.14019    ,  2.28012    ])
1114    , -4845.45    , array([ 0.249872   ,  0.121075   ,  0.371791   ,  2.20311    ,  2.40724    ])
1115    , -4780.99    , array([ 0.230263   ,  0.106548   ,  0.370331   ,  2.25046    ,  2.28663    ])
1116    , -5295.85    , array([ 0.230502   ,  0.116415   ,  0.453914   ,  2.39861    ,  2.3828     ])
likelihood = -4780.99
theta = 11117.03
Optimized parameters = [0.23026263 0.10654756 0.37033093 2.25045714 2.28663487]

Round_3_Replicate_3
1117    , -19568.2    , array([ 0.172794   ,  0.639076   ,  0.0884809  ,  0.829207   ,  0.265364   ])
1118    , -20741.9    , array([ 0.158272   ,  0.639076   ,  0.0884809  ,  0.829207   ,  0.265364   ])
1119    , -19284.1    , array([ 0.172794   ,  0.624928   ,  0.0884809  ,  0.829207   ,  0.265364   ])
1120    , -20083.7    , array([ 0.172794   ,  0.639076   ,  0.0783776  ,  0.829207   ,  0.265364   ])
1121    , -19596.2    , array([ 0.172794   ,  0.639076   ,  0.0884809  ,  0.821479   ,  0.265364   ])
1122    , -19637.3    , array([ 0.172794   ,  0.639076   ,  0.0884809  ,  0.829207   ,  0.248333   ])
1123    , -18572.9    , array([ 0.188648   ,  0.633379   ,  0.084292   ,  0.826107   ,  0.258416   ])
1124    , -17569      , array([ 0.205957   ,  0.630549   ,  0.0822726  ,  0.824561   ,  0.25501    ])
1125    , -18192.4    , array([ 0.185365   ,  0.629985   ,  0.0970218  ,  0.824252   ,  0.254335   ])
1126    , -18031.8    , array([ 0.190646   ,  0.626385   ,  0.0891702  ,  0.822279   ,  0.274386   ])
1127    , -17472.2    , array([ 0.198293   ,  0.621379   ,  0.0894474  ,  0.830339   ,  0.260233   ])
1128    , -16480      , array([ 0.21242    ,  0.612716   ,  0.0899346  ,  0.834804   ,  0.257704   ])
1129    , -16327.5    , array([ 0.215364   ,  0.610997   ,  0.0900324  ,  0.824816   ,  0.257201   ])
1130    , -14900.1    , array([ 0.240434   ,  0.597424   ,  0.0908182  ,  0.822629   ,  0.253214   ])
1131    , -15005.7    , array([ 0.245787   ,  0.613681   ,  0.0909762  ,  0.822192   ,  0.252424   ])
1132    , -14701.9    , array([ 0.256492   ,  0.602404   ,  0.0808596  ,  0.826307   ,  0.262578   ])
1133    , -13314.1    , array([ 0.301715   ,  0.589069   ,  0.0738181  ,  0.827336   ,  0.266799   ])
1134    , -13212.2    , array([ 0.299655   ,  0.591162   ,  0.0815753  ,  0.830324   ,  0.240675   ])
1135    , -11776.3    , array([ 0.375681   ,  0.574301   ,  0.078024   ,  0.834376   ,  0.225406   ])
1136    , -11567.7    , array([ 0.352769   ,  0.565714   ,  0.086559   ,  0.831954   ,  0.24649    ])
1137    , -10424.6    , array([ 0.461688   ,  0.535841   ,  0.0887853  ,  0.835675   ,  0.242337   ])
likelihood = -10424.56
theta = 7835.15
Optimized parameters = [0.46168784 0.53584093 0.08878532 0.8356752  0.24233668]

Round_3_Replicate_4
1138    , -36631.3    , array([ 1.15316    ,  0.23568    ,  0.405944   ,  0.346553   ,  0.977677   ])
1139    , -36845.9    , array([ 1.16141    ,  0.23568    ,  0.405944   ,  0.346553   ,  0.977677   ])
1140    , -36185.1    , array([ 1.15316    ,  0.21925    ,  0.405944   ,  0.346553   ,  0.977677   ])
1141    , -35217.2    , array([ 1.15316    ,  0.23568    ,  0.388051   ,  0.346553   ,  0.977677   ])
1142    , -36717.9    , array([ 1.15316    ,  0.23568    ,  0.405944   ,  0.328669   ,  0.977677   ])
1143    , -36632.4    , array([ 1.15316    ,  0.23568    ,  0.405944   ,  0.346553   ,  0.976574   ])
1144    , -35700.8    , array([ 1.14497    ,  0.228965   ,  0.39869    ,  0.339285   ,  0.977235   ])
1145    , -35422.4    , array([ 1.14988    ,  0.226333   ,  0.395825   ,  0.362326   ,  0.977059   ])
1146    , -35044.1    , array([ 1.14857    ,  0.222699   ,  0.391848   ,  0.3498     ,  0.978357   ])
1147    , -34289.5    , array([ 1.14628    ,  0.216479   ,  0.384985   ,  0.351435   ,  0.97925    ])
1148    , -34143.3    , array([ 1.14582    ,  0.215256   ,  0.383627   ,  0.351763   ,  0.977882   ])
1149    , -32998.8    , array([ 1.14217    ,  0.205718   ,  0.372933   ,  0.354397   ,  0.977984   ])
1150    , -33268.7    , array([ 1.14144    ,  0.225565   ,  0.37083    ,  0.354926   ,  0.978005   ])
1151    , -32800.4    , array([ 1.14818    ,  0.214705   ,  0.366793   ,  0.369123   ,  0.978754   ])
1152    , -31457.9    , array([ 1.14979    ,  0.207912   ,  0.351815   ,  0.385012   ,  0.979515   ])
1153    , -31545.2    , array([ 1.14325    ,  0.20995    ,  0.352434   ,  0.35415    ,  0.979914   ])
1154    , -30446.5    , array([ 1.13607    ,  0.192512   ,  0.345913   ,  0.373494   ,  0.980191   ])
1155    , -28471.3    , array([ 1.12762    ,  0.173991   ,  0.326592   ,  0.38774    ,  0.981451   ])
1156    , -28918.2    , array([ 1.13541    ,  0.192048   ,  0.326466   ,  0.383078   ,  0.979496   ])
likelihood = -28471.26
theta = 6004.98
Optimized parameters = [1.12761744 0.17399085 0.3265924  0.38774042 0.9814506 ]

Round_3_Replicate_5
1157    , -7698.51    , array([ 0.223299   ,  0.0642738  ,  0.642417   ,  0.735766   ,  2.74168    ])
1158    , -6941.06    , array([ 0.207172   ,  0.0642738  ,  0.642417   ,  0.735766   ,  2.74168    ])
1159    , -7872.3     , array([ 0.223299   ,  0.056032   ,  0.642417   ,  0.735766   ,  2.74168    ])
1160    , -7482.49    , array([ 0.223299   ,  0.0642738  ,  0.628359   ,  0.735766   ,  2.74168    ])
1161    , -7699.79    , array([ 0.223299   ,  0.0642738  ,  0.642417   ,  0.724564   ,  2.74168    ])
1162    , -7709.29    , array([ 0.223299   ,  0.0642738  ,  0.642417   ,  0.735766   ,  2.88348    ])
1163    , -7251       , array([ 0.216703   ,  0.073728   ,  0.636757   ,  0.731265   ,  2.79754    ])
1164    , -7103.44    , array([ 0.21412    ,  0.0679006  ,  0.634507   ,  0.729472   ,  2.62796    ])
1165    , -6896.44    , array([ 0.210554   ,  0.0694079  ,  0.63137    ,  0.742753   ,  2.71745    ])
1166    , -6552.83    , array([ 0.204457   ,  0.0721268  ,  0.625917   ,  0.752017   ,  2.70542    ])
1167    , -6490.41    , array([ 0.203259   ,  0.0726832  ,  0.624832   ,  0.737864   ,  2.70302    ])
1168    , -6035.11    , array([ 0.193924   ,  0.0772919  ,  0.616221   ,  0.738915   ,  2.68389    ])
1169    , -6193.43    , array([ 0.192109   ,  0.0782482  ,  0.633847   ,  0.739126   ,  2.68008    ])
1170    , -5912.92    , array([ 0.188644   ,  0.0698574  ,  0.624343   ,  0.746863   ,  2.58189    ])
1171    , -5425.92    , array([ 0.176007   ,  0.067999   ,  0.618226   ,  0.754787   ,  2.48037    ])
1172    , -5484.57    , array([ 0.176523   ,  0.0758968  ,  0.620076   ,  0.758986   ,  2.68567    ])
1173    , -5297.53    , array([ 0.171125   ,  0.0856916  ,  0.60383    ,  0.761903   ,  2.55312    ])
1174    , -5162.04    , array([ 0.155526   ,  0.0989442  ,  0.585415   ,  0.775318   ,  2.46376    ])
1175    , -5001.28    , array([ 0.155426   ,  0.086655   ,  0.603384   ,  0.754593   ,  2.49229    ])
1176    , -5018.79    , array([ 0.135514   ,  0.0949821  ,  0.592423   ,  0.755884   ,  2.39211    ])
likelihood = -5001.28
theta = 18465.73
Optimized parameters = [0.15542562 0.08665495 0.60338404 0.75459269 2.49229115]

Round_4_Replicate_1
1177    , -7709.83    , array([ 0.175511   ,  0.0622347  ,  0.293565   ,  2.27605    ,  2.84612    ])
1178    , -8270.93    , array([ 0.160887   ,  0.0622347  ,  0.293565   ,  2.27605    ,  2.84612    ])
1179    , -8272.99    , array([ 0.175511   ,  0.0541669  ,  0.293565   ,  2.27605    ,  2.84612    ])
1180    , -8287.33    , array([ 0.175511   ,  0.0622347  ,  0.276114   ,  2.27605    ,  2.84612    ])
1181    , -7756.91    , array([ 0.175511   ,  0.0622347  ,  0.293565   ,  2.3716     ,  2.84612    ])
1182    , -7657.37    , array([ 0.175511   ,  0.0622347  ,  0.293565   ,  2.27605    ,  2.99892    ])
1183    , -7561.7     , array([ 0.169508   ,  0.0588726  ,  0.312118   ,  2.3138     ,  2.90628    ])
1184    , -7218.48    , array([ 0.166584   ,  0.0572603  ,  0.331844   ,  2.33291    ,  2.93684    ])
1185    , -7230.22    , array([ 0.166006   ,  0.0691606  ,  0.308316   ,  2.33675    ,  2.94299    ])
1186    , -6864.47    , array([ 0.183379   ,  0.0627901  ,  0.314422   ,  2.36148    ,  2.98266    ])
1187    , -6359.13    , array([ 0.195777   ,  0.0630697  ,  0.325399   ,  2.40539    ,  3.05336    ])
1188    , -6664.81    , array([ 0.175609   ,  0.0631258  ,  0.327641   ,  2.2792     ,  3.0677     ])
1189    , -6326.96    , array([ 0.175648   ,  0.0634858  ,  0.342354   ,  2.37619    ,  3.1611     ])
1190    , -5774.14    , array([ 0.175717   ,  0.0641208  ,  0.36971    ,  2.4279     ,  3.33143    ])
1191    , -5738.45    , array([ 0.17573    ,  0.0642485  ,  0.375438   ,  2.43838    ,  3.1289     ])
1192    , -5156.03    , array([ 0.17584    ,  0.0652798  ,  0.424575   ,  2.52383    ,  3.19598    ])
1193    , -5637.09    , array([ 0.19012    ,  0.0564943  ,  0.406284   ,  2.44935    ,  3.29529    ])
1194    , -5112.87    , array([ 0.199743   ,  0.0678689  ,  0.409308   ,  2.50165    ,  3.45786    ])
1195    , -5191.43    , array([ 0.218722   ,  0.0738889  ,  0.454578   ,  2.59054    ,  3.75208    ])
1196    , -5196.39    , array([ 0.199494   ,  0.0633728  ,  0.453156   ,  2.65778    ,  3.47274    ])
1197    , -5006.96    , array([ 0.180294   ,  0.0635508  ,  0.520907   ,  2.6209     ,  3.67337    ])
1198    , -5722.06    , array([ 0.173018   ,  0.0637928  ,  0.659071   ,  2.73579    ,  4.0291     ])
1199    , -5565.76    , array([ 0.202954   ,  0.0622863  ,  0.525867   ,  2.67726    ,  3.50096    ])
1200    , -5137.88    , array([ 0.192545   ,  0.0735092  ,  0.53055    ,  2.74997    ,  3.62611    ])
1201    , -5025.58    , array([ 0.17661    ,  0.0712416  ,  0.411357   ,  2.54298    ,  3.46138    ])
1202    , -4737.74    , array([ 0.171127   ,  0.0733763  ,  0.459237   ,  2.51677    ,  3.48493    ])
1203    , -4709.68    , array([ 0.158494   ,  0.0789555  ,  0.462309   ,  2.4491     ,  3.49104    ])
likelihood = -4709.68
theta = 15990.41
Optimized parameters = [0.15849357 0.07895552 0.46230856 2.44909794 3.49104348]

Round_4_Replicate_2
1204    , -4924.82    , array([ 0.179937   ,  0.108164   ,  0.350302   ,  1.18276    ,  3.63541    ])
1205    , -5261.18    , array([ 0.165149   ,  0.108164   ,  0.350302   ,  1.18276    ,  3.63541    ])
1206    , -4958.65    , array([ 0.179937   ,  0.0967804  ,  0.350302   ,  1.18276    ,  3.63541    ])
1207    , -5109.21    , array([ 0.179937   ,  0.108164   ,  0.332403   ,  1.18276    ,  3.63541    ])
1208    , -4926.09    , array([ 0.179937   ,  0.108164   ,  0.350302   ,  1.19273    ,  3.63541    ])
1209    , -4916.7     , array([ 0.179937   ,  0.108164   ,  0.350302   ,  1.18276    ,  3.87776    ])
1210    , -4753.78    , array([ 0.196049   ,  0.103458   ,  0.343029   ,  1.18674    ,  3.73048    ])
1211    , -4651.8     , array([ 0.213603   ,  0.101183   ,  0.33945    ,  1.18873    ,  3.77894    ])
1212    , -4661.66    , array([ 0.192715   ,  0.100733   ,  0.364547   ,  1.18913    ,  3.78871    ])
1213    , -4673.47    , array([ 0.198077   ,  0.1144     ,  0.35148    ,  1.19169    ,  3.85182    ])
1214    , -4612.16    , array([ 0.205835   ,  0.10468    ,  0.351952   ,  1.18132    ,  3.94195    ])
1215    , -4578.3     , array([ 0.22015    ,  0.102981   ,  0.35278    ,  1.17565    ,  4.10478    ])
1216    , -4582.21    , array([ 0.22313    ,  0.102644   ,  0.352946   ,  1.1884     ,  4.13815    ])
1217    , -4686.83    , array([ 0.243183   ,  0.100516   ,  0.354009   ,  1.19067    ,  3.9817     ])
1218    , -4589.57    , array([ 0.225543   ,  0.102376   ,  0.353078   ,  1.18868    ,  3.95546    ])
1219    , -4734.42    , array([ 0.23269    ,  0.090908   ,  0.353464   ,  1.18055    ,  4.05131    ])
1220    , -4603.84    , array([ 0.206215   ,  0.108011   ,  0.351975   ,  1.18889    ,  3.90075    ])
1221    , -4622.25    , array([ 0.24573    ,  0.106162   ,  0.336043   ,  1.183      ,  4.16709    ])
1222    , -4605.21    , array([ 0.23448    ,  0.107742   ,  0.359434   ,  1.18111    ,  4.3445     ])
1223    , -4577.73    , array([ 0.200039   ,  0.103296   ,  0.372985   ,  1.18608    ,  4.00607    ])
1224    , -4643.82    , array([ 0.180485   ,  0.101893   ,  0.392952   ,  1.18762    ,  3.92791    ])
1225    , -4691.42    , array([ 0.19673    ,  0.100081   ,  0.353911   ,  1.18997    ,  3.71984    ])
1226    , -4569.71    , array([ 0.224412   ,  0.105773   ,  0.358046   ,  1.18332    ,  4.17913    ])
1227    , -4640.79    , array([ 0.231391   ,  0.0989989  ,  0.363893   ,  1.17996    ,  4.25883    ])
1228    , -4574.79    , array([ 0.212239   ,  0.105684   ,  0.354917   ,  1.18665    ,  3.98735    ])
1229    , -4569.54    , array([ 0.206479   ,  0.105786   ,  0.36351    ,  1.17936    ,  4.21345    ])
1230    , -4594.57    , array([ 0.19756    ,  0.107533   ,  0.36884    ,  1.17472    ,  4.34869    ])
1231    , -4577.15    , array([ 0.202336   ,  0.106789   ,  0.367962   ,  1.17604    ,  4.05659    ])
likelihood = -4569.54
theta = 12984.99
Optimized parameters = [0.20647867 0.10578587 0.36350974 1.17935658 4.21344735]

Round_4_Replicate_3
1232    , -7708.66    , array([ 0.216952   ,  0.070405   ,  0.264912   ,  3.71375    ,  2.74974    ])
1233    , -8142.82    , array([ 0.200993   ,  0.070405   ,  0.264912   ,  3.71375    ,  2.74974    ])
1234    , -8267.32    , array([ 0.216952   ,  0.0616572  ,  0.264912   ,  3.71375    ,  2.74974    ])
1235    , -8299.22    , array([ 0.216952   ,  0.070405   ,  0.247889   ,  3.71375    ,  2.74974    ])
1236    , -7827.79    , array([ 0.216952   ,  0.070405   ,  0.264912   ,  3.96554    ,  2.74974    ])
1237    , -7627.62    , array([ 0.216952   ,  0.070405   ,  0.264912   ,  3.71375    ,  2.89239    ])
1238    , -7521.46    , array([ 0.210422   ,  0.0667661  ,  0.283105   ,  3.81249    ,  2.80594    ])
1239    , -7161.48    , array([ 0.207231   ,  0.0650177  ,  0.302546   ,  3.86284    ,  2.83447    ])
1240    , -7165.14    , array([ 0.206598   ,  0.0778744  ,  0.279369   ,  3.87299    ,  2.84021    ])
1241    , -6944.73    , array([ 0.225469   ,  0.0710054  ,  0.28537    ,  3.93858    ,  2.87722    ])
1242    , -6524.78    , array([ 0.238803   ,  0.0713075  ,  0.296184   ,  4.05605    ,  2.94315    ])
1243    , -6628.79    , array([ 0.217058   ,  0.0713681  ,  0.298395   ,  3.72194    ,  2.95652    ])
1244    , -6335.03    , array([ 0.2171     ,  0.071757   ,  0.312945   ,  3.9778     ,  3.04352    ])
1245    , -5806.57    , array([ 0.217175   ,  0.0724427  ,  0.340135   ,  4.11679    ,  3.20198    ])
1246    , -5815.23    , array([ 0.21719    ,  0.0725806  ,  0.34585    ,  4.14516    ,  3.01353    ])
1247    , -6007.58    , array([ 0.232681   ,  0.0637969  ,  0.357187   ,  4.08419    ,  3.14249    ])
1248    , -5506.5     , array([ 0.242971   ,  0.075835   ,  0.352471   ,  4.18721    ,  3.28151    ])
1249    , -5432.47    , array([ 0.263091   ,  0.0819008  ,  0.380443   ,  4.35947    ,  3.53081    ])
1250    , -5606.34    , array([ 0.250522   ,  0.072998   ,  0.393842   ,  4.62943    ,  3.37755    ])
1251    , -5425.15    , array([ 0.232116   ,  0.073748   ,  0.44469    ,  4.47882    ,  3.58497    ])
1252    , -6293.76    , array([ 0.228843   ,  0.0749994  ,  0.544885   ,  4.70645    ,  3.95659    ])
1253    , -5080.13    , array([ 0.237992   ,  0.0873507  ,  0.40252    ,  4.61513    ,  3.53923    ])
1254    , -5123.27    , array([ 0.240692   ,  0.102211   ,  0.4273     ,  4.90596    ,  3.756      ])
1255    , -5914.13    , array([ 0.264467   ,  0.0826844  ,  0.441728   ,  4.74685    ,  3.93585    ])
1256    , -5429.63    , array([ 0.228151   ,  0.0749845  ,  0.367667   ,  4.28803    ,  3.22156    ])
1257    , -6303.98    , array([ 0.269753   ,  0.0839925  ,  0.463354   ,  4.85812    ,  3.71327    ])
1258    , -5395       , array([ 0.229271   ,  0.075172   ,  0.367466   ,  4.29078    ,  3.32279    ])
1259    , -5000.01    , array([ 0.2257     ,  0.0843377  ,  0.389224   ,  4.19085    ,  3.49731    ])
1260    , -4833.55    , array([ 0.214227   ,  0.0906519  ,  0.386936   ,  3.9874     ,  3.55877    ])
likelihood = -4833.55
theta = 12084.86
Optimized parameters = [0.21422678 0.0906519  0.38693552 3.98739774 3.55876775]

Round_4_Replicate_4
1261    , -8348.59    , array([ 0.11846    ,  0.165462   ,  0.370475   ,  1.93407    ,  4.15732    ])
1262    , -9376.08    , array([ 0.106476   ,  0.165462   ,  0.370475   ,  1.93407    ,  4.15732    ])
1263    , -7961.41    , array([ 0.11846    ,  0.151228   ,  0.370475   ,  1.93407    ,  4.15732    ])
1264    , -8586.28    , array([ 0.11846    ,  0.165462   ,  0.352531   ,  1.93407    ,  4.15732    ])
1265    , -8355.99    , array([ 0.11846    ,  0.165462   ,  0.370475   ,  1.99893    ,  4.15732    ])
1266    , -8321.68    , array([ 0.11846    ,  0.165462   ,  0.370475   ,  1.93407    ,  4.46431    ])
1267    , -7362.22    , array([ 0.131793   ,  0.159615   ,  0.36319    ,  1.95976    ,  4.2775     ])
1268    , -6551.87    , array([ 0.146627   ,  0.156769   ,  0.359602   ,  1.97273    ,  4.33888    ])
1269    , -7225.49    , array([ 0.129012   ,  0.156206   ,  0.384721   ,  1.97533    ,  4.35126    ])
1270    , -6986.47    , array([ 0.133491   ,  0.15265    ,  0.371654   ,  1.90219    ,  4.43135    ])
1271    , -6527.4     , array([ 0.140024   ,  0.147807   ,  0.372127   ,  1.95294    ,  4.54596    ])
1272    , -5831.71    , array([ 0.152237   ,  0.139699   ,  0.372955   ,  1.96245    ,  4.7537     ])
1273    , -5733.81    , array([ 0.154804   ,  0.138132   ,  0.373121   ,  1.96436    ,  4.34106    ])
1274    , -4986.89    , array([ 0.176966   ,  0.126209   ,  0.374452   ,  1.97967    ,  4.28072    ])
1275    , -5112.28    , array([ 0.181765   ,  0.140586   ,  0.374718   ,  1.98275    ,  4.71648    ])
1276    , -4864.12    , array([ 0.191428   ,  0.13049    ,  0.35706    ,  1.94425    ,  4.65389    ])
1277    , -4574.27    , array([ 0.233181   ,  0.119266   ,  0.343984   ,  1.92889    ,  4.81301    ])
1278    , -4611.74    , array([ 0.231248   ,  0.120977   ,  0.358351   ,  2.0303     ,  4.72332    ])
1279    , -4819.73    , array([ 0.252616   ,  0.106199   ,  0.369845   ,  1.98036    ,  4.99062    ])
1280    , -5345.14    , array([ 0.297943   ,  0.106796   ,  0.35541    ,  1.99798    ,  4.64461    ])
1281    , -4730.27    , array([ 0.251901   ,  0.114213   ,  0.359718   ,  1.98904    ,  4.67165    ])
1282    , -5152.88    , array([ 0.284335   ,  0.0976598  ,  0.348004   ,  1.98003    ,  4.66342    ])
1283    , -4716.85    , array([ 0.203278   ,  0.128347   ,  0.367853   ,  1.98207    ,  4.70316    ])
1284    , -5398.81    , array([ 0.308697   ,  0.109518   ,  0.345785   ,  1.98407    ,  5.33525    ])
1285    , -4659.28    , array([ 0.203376   ,  0.121812   ,  0.367069   ,  1.98077    ,  4.52299    ])
1286    , -4889.48    , array([ 0.198287   ,  0.137494   ,  0.349038   ,  1.98354    ,  4.39973    ])
1287    , -4644.98    , array([ 0.237777   ,  0.113282   ,  0.36453    ,  1.98116    ,  4.83584    ])
1288    , -4784.81    , array([ 0.194313   ,  0.127429   ,  0.360777   ,  1.97176    ,  4.76552    ])
1289    , -4623.91    , array([ 0.236074   ,  0.117382   ,  0.359982   ,  1.9847     ,  4.69494    ])
likelihood = -4574.27
theta = 11750.0
Optimized parameters = [0.23318086 0.11926564 0.34398426 1.92889445 4.81301053]

Round_4_Replicate_5
1290    , -6118.83    , array([ 0.207842   ,  0.133706   ,  0.515745   ,  3.56213    ,  3.94591    ])
1291    , -5872.99    , array([ 0.192141   ,  0.133706   ,  0.515745   ,  3.56213    ,  3.94591    ])
1292    , -5792.65    , array([ 0.207842   ,  0.120909   ,  0.515745   ,  3.56213    ,  3.94591    ])
1293    , -5874.72    , array([ 0.207842   ,  0.133706   ,  0.49895    ,  3.56213    ,  3.94591    ])
1294    , -6110.38    , array([ 0.207842   ,  0.133706   ,  0.515745   ,  3.79573    ,  3.94591    ])
1295    , -6145.61    , array([ 0.207842   ,  0.133706   ,  0.515745   ,  3.56213    ,  4.22624    ])
1296    , -5747.65    , array([ 0.201413   ,  0.128433   ,  0.50896    ,  3.6538     ,  3.68417    ])
1297    , -5579.54    , array([ 0.198274   ,  0.125874   ,  0.505601   ,  3.70051    ,  3.43979    ])
1298    , -5570.49    , array([ 0.197652   ,  0.125369   ,  0.504932   ,  3.70992    ,  3.73509    ])
1299    , -5353.76    , array([ 0.192745   ,  0.121397   ,  0.499611   ,  3.7861     ,  3.63395    ])
1300    , -5319.22    , array([ 0.191779   ,  0.120618   ,  0.498553   ,  3.47807    ,  3.61405    ])
1301    , -5059.06    , array([ 0.184219   ,  0.114562   ,  0.490174   ,  3.32935    ,  3.45873    ])
1302    , -5182.59    , array([ 0.182743   ,  0.113388   ,  0.51169    ,  3.60731    ,  3.42848    ])
1303    , -5028.08    , array([ 0.193751   ,  0.106153   ,  0.493467   ,  3.62554    ,  3.24103    ])
1304    , -4893.16    , array([ 0.194561   ,  0.0945851  ,  0.482691   ,  3.65766    ,  2.93732    ])
1305    , -4922.79    , array([ 0.174445   ,  0.106407   ,  0.480564   ,  3.66412    ,  2.88009    ])
1306    , -4763.2     , array([ 0.173734   ,  0.0955666  ,  0.480348   ,  3.51319    ,  3.0773     ])
1307    , -4841.14    , array([ 0.162628   ,  0.0832704  ,  0.468198   ,  3.42312    ,  2.91063    ])
1308    , -4803.31    , array([ 0.171446   ,  0.0900482  ,  0.478522   ,  3.33253    ,  2.72546    ])
1309    , -4875.81    , array([ 0.176272   ,  0.0879182  ,  0.454867   ,  3.3886     ,  2.63543    ])
1310    , -5163.67    , array([ 0.171803   ,  0.0782745  ,  0.460845   ,  3.6975     ,  2.3432     ])
1311    , -4853.02    , array([ 0.181033   ,  0.104156   ,  0.482671   ,  3.4178     ,  3.13791    ])
1312    , -4782.72    , array([ 0.184138   ,  0.0835559  ,  0.470884   ,  3.26745    ,  2.91216    ])
1313    , -4843.16    , array([ 0.161504   ,  0.0894513  ,  0.464187   ,  3.1288     ,  2.84561    ])
1314    , -4768.83    , array([ 0.17213    ,  0.0969021  ,  0.496595   ,  3.27117    ,  3.27043    ])
1315    , -4837.8     , array([ 0.164256   ,  0.0794668  ,  0.473342   ,  3.18684    ,  2.79255    ])
likelihood = -4763.2
theta = 14425.71
Optimized parameters = [0.1737343  0.0955666  0.48034804 3.51318946 3.0772957 ]

Round_1_Replicate_1
2177    , -83649.9    , array([ 0.288464   ,  0.224297   ,  2.77549    ,  0.611113   ,  5.31129    ])
2178    , -80973.2    , array([ 0.271079   ,  0.224297   ,  2.77549    ,  0.611113   ,  5.31129    ])
2179    , -81661.9    , array([ 0.288464   ,  0.208144   ,  2.77549    ,  0.611113   ,  5.31129    ])
2180    , -87295.4    , array([ 0.288464   ,  0.224297   ,  2.92084    ,  0.611113   ,  5.31129    ])
2181    , -83649.9    , array([ 0.288464   ,  0.224297   ,  2.77549    ,  0.596249   ,  5.31129    ])
2182    , -83650.3    , array([ 0.288464   ,  0.224297   ,  2.77549    ,  0.611113   ,  5.77378    ])
2183    , -78254.3    , array([ 0.28138    ,  0.21769    ,  2.63738    ,  0.605123   ,  5.49167    ])
2184    , -73938.7    , array([ 0.277904   ,  0.214461   ,  2.50615    ,  0.602151   ,  5.58414    ])
2185    , -77855.3    , array([ 0.277214   ,  0.21382    ,  2.66444    ,  0.601558   ,  4.98474    ])
likelihood = -73938.73
theta = 15299.54
Optimized parameters = [0.27790374 0.21446051 2.5061454  0.60215055 5.5841378 ]

Round_1_Replicate_2
2186    , -232277     , array([ 0.878772   ,  0.605572   ,  5.17641    ,  5.99658    ,  3.89307    ])
2187    , -231961     , array([ 0.873112   ,  0.605572   ,  5.17641    ,  5.99658    ,  3.89307    ])
2188    , -231106     , array([ 0.878772   ,  0.590574   ,  5.17641    ,  5.99658    ,  3.89307    ])
2189    , -240095     , array([ 0.878772   ,  0.605572   ,  5.61992    ,  5.99658    ,  3.89307    ])
2190    , -232273     , array([ 0.878772   ,  0.605572   ,  5.17641    ,  6.55841    ,  3.89307    ])
2191    , -232283     , array([ 0.878772   ,  0.605572   ,  5.17641    ,  5.99658    ,  4.16684    ])
2192    , -223841     , array([ 0.876504   ,  0.599528   ,  4.7679     ,  6.21529    ,  4.00035    ])
2193    , -215689     , array([ 0.875372   ,  0.596528   ,  4.39163    ,  6.32762    ,  4.05509    ])
2194    , -225049     , array([ 0.875145   ,  0.59593    ,  4.84694    ,  6.35033    ,  3.6971     ])
likelihood = -215689.28
theta = 5155.61
Optimized parameters = [0.87537156 0.5965282  4.39162861 6.32762291 4.05509327]

Round_1_Replicate_3
2195    , -162053     , array([ 5.93752    ,  4.05674    ,  1.62748    ,  5.69437    ,  0.143137   ])
2196    , -165388     , array([ 6.49061    ,  4.05674    ,  1.62748    ,  5.69437    ,  0.143137   ])
2197    , -163638     , array([ 5.93752    ,  4.35097    ,  1.62748    ,  5.69437    ,  0.143137   ])
2198    , -165329     , array([ 5.93752    ,  4.05674    ,  1.6676     ,  5.69437    ,  0.143137   ])
2199    , -159579     , array([ 5.93752    ,  4.05674    ,  1.62748    ,  6.21181    ,  0.143137   ])
2200    , -151963     , array([ 5.93752    ,  4.05674    ,  1.62748    ,  5.69437    ,  0.129879   ])
2201    , -155433     , array([ 5.43157    ,  4.17197    ,  1.64341    ,  5.89597    ,  0.137679   ])
2202    , -151828     , array([ 5.72972    ,  4.21897    ,  1.59453    ,  5.97859    ,  0.135554   ])
2203    , -145360     , array([ 5.62856    ,  4.3025     ,  1.5592     ,  6.12597    ,  0.131915   ])
likelihood = -145360.01
theta = 1158.29
Optimized parameters = [5.62855777 4.30249775 1.55920156 6.12596821 0.13191472]

Round_1_Replicate_4
2204    , -140065     , array([ 2.48507    ,  5.49408    ,  0.384047   ,  1.10584    ,  2.83687    ])
2205    , -143102     , array([ 2.60079    ,  5.49408    ,  0.384047   ,  1.10584    ,  2.83687    ])
2206    , -142786     , array([ 2.48507    ,  5.9826     ,  0.384047   ,  1.10584    ,  2.83687    ])
2207    , -136071     , array([ 2.48507    ,  5.49408    ,  0.366104   ,  1.10584    ,  2.83687    ])
2208    , -140046     , array([ 2.48507    ,  5.49408    ,  0.384047   ,  1.11142    ,  2.83687    ])
2209    , -139701     , array([ 2.48507    ,  5.49408    ,  0.384047   ,  1.10584    ,  2.9887     ])
2210    , -136375     , array([ 2.3745     ,  5.68451    ,  0.376767   ,  1.10807    ,  2.89666    ])
2211    , -134072     , array([ 2.44024    ,  5.11469    ,  0.373893   ,  1.10896    ,  2.92092    ])
2212    , -129656     , array([ 2.41812    ,  4.72917    ,  0.368917   ,  1.11052    ,  2.96387    ])
likelihood = -129656.06
theta = 1889.24
Optimized parameters = [2.41812384 4.72916579 0.36891727 1.1105235  2.96387106]

Round_1_Replicate_5
2213    , -123204     , array([ 2.56145    ,  1.3165     ,  0.64875    ,  1.01159    ,  0.64986    ])
2214    , -125336     , array([ 2.68479    ,  1.3165     ,  0.64875    ,  1.01159    ,  0.64986    ])
2215    , -123725     , array([ 2.56145    ,  1.33472    ,  0.64875    ,  1.01159    ,  0.64986    ])
2216    , -121429     , array([ 2.56145    ,  1.3165     ,  0.634864   ,  1.01159    ,  0.64986    ])
2217    , -123197     , array([ 2.56145    ,  1.3165     ,  0.64875    ,  1.01217    ,  0.64986    ])
2218    , -122832     , array([ 2.56145    ,  1.3165     ,  0.64875    ,  1.01159    ,  0.636006   ])
2219    , -120398     , array([ 2.44378    ,  1.32376    ,  0.643159   ,  1.01182    ,  0.644283   ])
2220    , -117904     , array([ 2.33151    ,  1.3274     ,  0.640382   ,  1.01194    ,  0.641512   ])
2221    , -119722     , array([ 2.46688    ,  1.30281    ,  0.639828   ,  1.01196    ,  0.640959   ])
likelihood = -117903.71
theta = 3147.09
Optimized parameters = [2.33151383 1.32740198 0.64038239 1.01194154 0.64151184]

Round_1_Replicate_6
2222    , -31058.8    , array([ 0.482762   ,  0.301776   ,  0.729484   ,  0.495499   ,  0.40829    ])
2223    , -30131.4    , array([ 0.4655     ,  0.301776   ,  0.729484   ,  0.495499   ,  0.40829    ])
2224    , -30241.4    , array([ 0.482762   ,  0.284229   ,  0.729484   ,  0.495499   ,  0.40829    ])
2225    , -30514.3    , array([ 0.482762   ,  0.301776   ,  0.71807    ,  0.495499   ,  0.40829    ])
2226    , -31264.8    , array([ 0.482762   ,  0.301776   ,  0.729484   ,  0.478404   ,  0.40829    ])
2227    , -30825.3    , array([ 0.482762   ,  0.301776   ,  0.729484   ,  0.495499   ,  0.390406   ])
2228    , -29839.7    , array([ 0.475781   ,  0.294631   ,  0.724897   ,  0.513204   ,  0.40104    ])
2229    , -29137.4    , array([ 0.472329   ,  0.291122   ,  0.722614   ,  0.531543   ,  0.397464   ])
2230    , -29283.8    , array([ 0.471642   ,  0.290425   ,  0.722158   ,  0.509613   ,  0.396752   ])
likelihood = -29137.38
theta = 9016.85
Optimized parameters = [0.47232905 0.29112179 0.7226139  0.53154271 0.39746364]

Round_1_Replicate_7
2231    , -116868     , array([ 0.685904   ,  0.894431   ,  1.46079    ,  1.15374    ,  3.82857    ])
2232    , -115917     , array([ 0.673095   ,  0.894431   ,  1.46079    ,  1.15374    ,  3.82857    ])
2233    , -116682     , array([ 0.685904   ,  0.889456   ,  1.46079    ,  1.15374    ,  3.82857    ])
2234    , -118448     , array([ 0.685904   ,  0.894431   ,  1.48874    ,  1.15374    ,  3.82857    ])
2235    , -116866     , array([ 0.685904   ,  0.894431   ,  1.46079    ,  1.16202    ,  3.82857    ])
2236    , -116854     , array([ 0.685904   ,  0.894431   ,  1.46079    ,  1.15374    ,  4.09438    ])
2237    , -114839     , array([ 0.680752   ,  0.892438   ,  1.43337    ,  1.15705    ,  3.93276    ])
2238    , -113056     , array([ 0.67819    ,  0.891442   ,  1.40647    ,  1.1587     ,  3.98591    ])
2239    , -114877     , array([ 0.677679   ,  0.891244   ,  1.43882    ,  1.15903    ,  3.99662    ])
likelihood = -113055.72
theta = 5260.25
Optimized parameters = [0.6781898  0.89144244 1.40646941 1.15870132 3.98590815]

Round_1_Replicate_8
2240    , -35996.2    , array([ 2.52224    ,  2.23616    ,  0.344441   ,  4.27841    ,  0.193656   ])
2241    , -37017.5    , array([ 2.64165    ,  2.23616    ,  0.344441   ,  4.27841    ,  0.193656   ])
2242    , -36646      , array([ 2.52224    ,  2.32797    ,  0.344441   ,  4.27841    ,  0.193656   ])
2243    , -34549      , array([ 2.52224    ,  2.23616    ,  0.326566   ,  4.27841    ,  0.193656   ])
2244    , -34372.3    , array([ 2.52224    ,  2.23616    ,  0.344441   ,  4.60094    ,  0.193656   ])
2245    , -34582.9    , array([ 2.52224    ,  2.23616    ,  0.344441   ,  4.27841    ,  0.178395   ])
2246    , -33481.3    , array([ 2.40823    ,  2.27244    ,  0.337176   ,  4.40462    ,  0.187401   ])
2247    , -31835.1    , array([ 2.29936    ,  2.2908     ,  0.333602   ,  4.46911    ,  0.18435    ])
2248    , -31940.5    , array([ 2.43061    ,  2.16881    ,  0.332891   ,  4.48212    ,  0.183745   ])
likelihood = -31835.05
theta = 2140.74
Optimized parameters = [2.29936473 2.29080442 0.33360153 4.46911125 0.18434972]

Round_1_Replicate_9
2249    , -145971     , array([ 0.605747   ,  3.66207    ,  1.41053    ,  2.52014    ,  3.29555    ])
2250    , -144458     , array([ 0.590753   ,  3.66207    ,  1.41053    ,  2.52014    ,  3.29555    ])
2251    , -147131     , array([ 0.605747   ,  3.90762    ,  1.41053    ,  2.52014    ,  3.29555    ])
2252    , -147326     , array([ 0.605747   ,  3.66207    ,  1.435      ,  2.52014    ,  3.29555    ])
2253    , -145955     , array([ 0.605747   ,  3.66207    ,  1.41053    ,  2.63934    ,  3.29555    ])
2254    , -145971     , array([ 0.605747   ,  3.66207    ,  1.41053    ,  2.52014    ,  3.49804    ])
2255    , -144488     , array([ 0.599704   ,  3.75838    ,  1.38648    ,  2.56716    ,  3.3751     ])
2256    , -143562     , array([ 0.597304   ,  3.46777    ,  1.40086    ,  2.58622    ,  3.40746    ])
2257    , -141717     , array([ 0.593127   ,  3.26677    ,  1.39605    ,  2.6199     ,  3.46483    ])
likelihood = -141717.24
theta = 3438.76
Optimized parameters = [0.59312687 3.26676806 1.39604972 2.6199     3.46482699]

Round_1_Replicate_10
2258    , -101290     , array([ 0.146003   ,  0.544949   ,  3.66771    ,  6.65821    ,  5.11635    ])
2259    , -97638.1    , array([ 0.132611   ,  0.544949   ,  3.66771    ,  6.65821    ,  5.11635    ])
2260    , -100476     , array([ 0.146003   ,  0.528657   ,  3.66771    ,  6.65821    ,  5.11635    ])
2261    , -105640     , array([ 0.146003   ,  0.544949   ,  3.91394    ,  6.65821    ,  5.11635    ])
2262    , -101290     , array([ 0.146003   ,  0.544949   ,  3.66771    ,  7.32024    ,  5.11635    ])
2263    , -101292     , array([ 0.146003   ,  0.544949   ,  3.66771    ,  6.65821    ,  5.55147    ])
2264    , -95344.8    , array([ 0.140491   ,  0.538373   ,  3.43696    ,  6.91552    ,  5.28615    ])
2265    , -90534      , array([ 0.137813   ,  0.535115   ,  3.22074    ,  7.04788    ,  5.37315    ])
2266    , -95133.5    , array([ 0.137284   ,  0.534465   ,  3.48192    ,  7.07465    ,  4.80861    ])
likelihood = -90534.01
theta = 15544.88
Optimized parameters = [0.13781346 0.53511457 3.2207357  7.04787881 5.37314725]

Round_2_Replicate_1
2267    , -39945.7    , array([ 0.141341   ,  0.912297   ,  0.615835   ,  0.219749   ,  0.201689   ])
2268    , -40155      , array([ 0.128169   ,  0.912297   ,  0.615835   ,  0.219749   ,  0.201689   ])
2269    , -39857.4    , array([ 0.141341   ,  0.90812    ,  0.615835   ,  0.219749   ,  0.201689   ])
2270    , -39633.2    , array([ 0.141341   ,  0.912297   ,  0.601088   ,  0.219749   ,  0.201689   ])
2271    , -40464.6    , array([ 0.141341   ,  0.912297   ,  0.615835   ,  0.203715   ,  0.201689   ])
2272    , -39880      , array([ 0.141341   ,  0.912297   ,  0.615835   ,  0.219749   ,  0.186173   ])
2273    , -39291.5    , array([ 0.135917   ,  0.910624   ,  0.609893   ,  0.237045   ,  0.195333   ])
2274    , -38707.9    , array([ 0.133284   ,  0.909788   ,  0.606944   ,  0.255702   ,  0.192231   ])
2275    , -39164.6    , array([ 0.15225    ,  0.909621   ,  0.606356   ,  0.23348    ,  0.191616   ])
2276    , -38896.4    , array([ 0.142229   ,  0.908553   ,  0.602605   ,  0.23921    ,  0.18773    ])
2277    , -38608.2    , array([ 0.142585   ,  0.90706    ,  0.597393   ,  0.247468   ,  0.204054   ])
2278    , -37996.8    , array([ 0.143212   ,  0.904453   ,  0.588379   ,  0.262613   ,  0.213628   ])
likelihood = -37996.78
theta = 10096.33
Optimized parameters = [0.14321172 0.90445287 0.58837945 0.26261297 0.21362828]

Round_2_Replicate_2
2279    , -17804.5    , array([ 1.00245    ,  0.0730766  ,  0.181889   ,  0.69061    ,  0.605822   ])
2280    , -17806.7    , array([ 1.00257    ,  0.0730766  ,  0.181889   ,  0.69061    ,  0.605822   ])
2281    , -18440.6    , array([ 1.00245    ,  0.0641161  ,  0.181889   ,  0.69061    ,  0.605822   ])
2282    , -17327.5    , array([ 1.00245    ,  0.0730766  ,  0.167031   ,  0.69061    ,  0.605822   ])
2283    , -17885.8    , array([ 1.00245    ,  0.0730766  ,  0.181889   ,  0.677945   ,  0.605822   ])
2284    , -17821.9    , array([ 1.00245    ,  0.0730766  ,  0.181889   ,  0.69061    ,  0.59083    ])
2285    , -17055.8    , array([ 1.0025     ,  0.0832893  ,  0.175794   ,  0.685516   ,  0.59978    ])
2286    , -16448.3    , array([ 1.00252    ,  0.0949293  ,  0.172823   ,  0.682983   ,  0.596781   ])
2287    , -16961.1    , array([ 1.00253    ,  0.0811385  ,  0.172235   ,  0.700393   ,  0.596184   ])
2288    , -16689.8    , array([ 1.00256    ,  0.084607   ,  0.168518   ,  0.691429   ,  0.613522   ])
2289    , -16298.6    , array([ 1.00243    ,  0.0897135  ,  0.163449   ,  0.691756   ,  0.601369   ])
2290    , -15629.4    , array([ 1.00236    ,  0.0994026  ,  0.154942   ,  0.69233    ,  0.599155   ])
likelihood = -15629.43
theta = 6459.37
Optimized parameters = [1.00236103 0.09940262 0.15494214 0.69233019 0.59915498]

Round_2_Replicate_3
2291    , -135767     , array([ 1.21005    ,  0.985263   ,  1.20688    ,  0.389754   ,  0.708637   ])
2292    , -136255     , array([ 1.22164    ,  0.985263   ,  1.20688    ,  0.389754   ,  0.708637   ])
2293    , -135736     , array([ 1.21005    ,  0.984532   ,  1.20688    ,  0.389754   ,  0.708637   ])
2294    , -136580     , array([ 1.21005    ,  0.985263   ,  1.21828    ,  0.389754   ,  0.708637   ])
2295    , -135912     , array([ 1.21005    ,  0.985263   ,  1.20688    ,  0.371818   ,  0.708637   ])
2296    , -135723     , array([ 1.21005    ,  0.985263   ,  1.20688    ,  0.389754   ,  0.696538   ])
2297    , -135182     , array([ 1.21467    ,  0.984971   ,  1.19559    ,  0.382478   ,  0.703772   ])
2298    , -134488     , array([ 1.21699    ,  0.984824   ,  1.1844     ,  0.378891   ,  0.701353   ])
2299    , -134797     , array([ 1.20131    ,  0.984795   ,  1.19784    ,  0.378178   ,  0.70087    ])
2300    , -134681     , array([ 1.20931    ,  0.984608   ,  1.19424    ,  0.399119   ,  0.697787   ])
2301    , -134405     , array([ 1.20902    ,  0.984346   ,  1.18922    ,  0.384385   ,  0.693493   ])
2302    , -133727     , array([ 1.2085     ,  0.983888   ,  1.18049    ,  0.381729   ,  0.686043   ])
likelihood = -133726.75
theta = 4792.85
Optimized parameters = [1.20849904 0.98388781 1.1804875  0.38172901 0.68604344]

Round_2_Replicate_4
2303    , -42886.1    , array([ 1.20816    ,  0.515664   ,  0.324353   ,  0.248048   ,  0.705441   ])
2304    , -43156.6    , array([ 1.21964    ,  0.515664   ,  0.324353   ,  0.248048   ,  0.705441   ])
2305    , -42245.2    , array([ 1.20816    ,  0.498867   ,  0.324353   ,  0.248048   ,  0.705441   ])
2306    , -41298.4    , array([ 1.20816    ,  0.515664   ,  0.306597   ,  0.248048   ,  0.705441   ])
2307    , -43204.7    , array([ 1.20816    ,  0.515664   ,  0.324353   ,  0.231347   ,  0.705441   ])
2308    , -43035.8    , array([ 1.20816    ,  0.515664   ,  0.324353   ,  0.248048   ,  0.69324    ])
2309    , -41813.5    , array([ 1.21274    ,  0.508878   ,  0.31713    ,  0.265956   ,  0.700535   ])
2310    , -41355.9    , array([ 1.19861    ,  0.506189   ,  0.314287   ,  0.255062   ,  0.698582   ])
2311    , -40817.2    , array([ 1.20616    ,  0.502448   ,  0.310348   ,  0.257922   ,  0.713063   ])
2312    , -39745.6    , array([ 1.20515    ,  0.495968   ,  0.303574   ,  0.263006   ,  0.723186   ])
2313    , -39733.1    , array([ 1.20495    ,  0.494682   ,  0.302237   ,  0.264035   ,  0.707729   ])
2314    , -38238.2    , array([ 1.20335    ,  0.484514   ,  0.291752   ,  0.27241    ,  0.708875   ])
likelihood = -38238.21
theta = 5458.55
Optimized parameters = [1.20334839 0.48451351 0.291752   0.27241016 0.70887543]

Round_2_Replicate_5
2315    , -44513.4    , array([ 0.35708    ,  0.849891   ,  0.657005   ,  0.346424   ,  0.315127   ])
2316    , -43534.8    , array([ 0.33916    ,  0.849891   ,  0.657005   ,  0.346424   ,  0.315127   ])
2317    , -44319.3    , array([ 0.35708    ,  0.843008   ,  0.657005   ,  0.346424   ,  0.315127   ])
2318    , -43889.4    , array([ 0.35708    ,  0.849891   ,  0.643349   ,  0.346424   ,  0.315127   ])
2319    , -45085.7    , array([ 0.35708    ,  0.849891   ,  0.657005   ,  0.32854    ,  0.315127   ])
2320    , -44393.4    , array([ 0.35708    ,  0.849891   ,  0.657005   ,  0.346424   ,  0.297447   ])
2321    , -43158.9    , array([ 0.349801   ,  0.847131   ,  0.651508   ,  0.365281   ,  0.307932   ])
2322    , -42192      , array([ 0.346217   ,  0.845754   ,  0.648777   ,  0.385165   ,  0.304397   ])
2323    , -42819.8    , array([ 0.345505   ,  0.845479   ,  0.648232   ,  0.361429   ,  0.303695   ])
2324    , -42369.7    , array([ 0.340981   ,  0.843721   ,  0.644756   ,  0.367612   ,  0.324432   ])
2325    , -41664.1    , array([ 0.334746   ,  0.850898   ,  0.639921   ,  0.376446   ,  0.309816   ])
2326    , -40428.6    , array([ 0.324108   ,  0.854871   ,  0.631546   ,  0.392419   ,  0.307194   ])
likelihood = -40428.61
theta = 8280.74
Optimized parameters = [0.32410822 0.85487095 0.63154636 0.3924188  0.30719365]

Round_2_Replicate_6
2327    , -65923.2    , array([ 0.517706   ,  0.145772   ,  1.80948    ,  0.339926   ,  0.251614   ])
2328    , -64480.2    , array([ 0.500942   ,  0.145772   ,  1.80948    ,  0.339926   ,  0.251614   ])
2329    , -64637.1    , array([ 0.517706   ,  0.13239    ,  1.80948    ,  0.339926   ,  0.251614   ])
2330    , -67811      , array([ 0.517706   ,  0.145772   ,  1.86394    ,  0.339926   ,  0.251614   ])
2331    , -66179.3    , array([ 0.517706   ,  0.145772   ,  1.80948    ,  0.322072   ,  0.251614   ])
2332    , -65102.9    , array([ 0.517706   ,  0.145772   ,  1.80948    ,  0.339926   ,  0.23484    ])
2333    , -62789.6    , array([ 0.510934   ,  0.140264   ,  1.75661    ,  0.332668   ,  0.244765   ])
2334    , -60392.5    , array([ 0.507582   ,  0.137589   ,  1.70529    ,  0.329098   ,  0.241411   ])
2335    , -62000.4    , array([ 0.506914   ,  0.13706    ,  1.76706    ,  0.354153   ,  0.240745   ])
2336    , -60756.1    , array([ 0.50266    ,  0.133723   ,  1.75037    ,  0.341101   ,  0.236531   ])
2337    , -59843.6    , array([ 0.496765   ,  0.129187   ,  1.72728    ,  0.341573   ,  0.254154   ])
2338    , -57329.9    , array([ 0.486614   ,  0.121616   ,  1.68758    ,  0.342399   ,  0.264399   ])
likelihood = -57329.87
theta = 10455.09
Optimized parameters = [0.48661386 0.12161608 1.68758479 0.34239934 0.26439916]

Round_2_Replicate_7
2339    , -71541.7    , array([ 0.933634   ,  0.126354   ,  1.34933    ,  0.263393   ,  0.241434   ])
2340    , -71415.6    , array([ 0.930434   ,  0.126354   ,  1.34933    ,  0.263393   ,  0.241434   ])
2341    , -70384.1    , array([ 0.933634   ,  0.113938   ,  1.34933    ,  0.263393   ,  0.241434   ])
2342    , -72370.2    , array([ 0.933634   ,  0.126354   ,  1.3697     ,  0.263393   ,  0.241434   ])
2343    , -71783.5    , array([ 0.933634   ,  0.126354   ,  1.34933    ,  0.246396   ,  0.241434   ])
2344    , -70839.4    , array([ 0.933634   ,  0.126354   ,  1.34933    ,  0.263393   ,  0.224874   ])
2345    , -70038.4    , array([ 0.932353   ,  0.121233   ,  1.32927    ,  0.256458   ,  0.234669   ])
2346    , -68909.3    , array([ 0.931713   ,  0.118751   ,  1.30951    ,  0.253059   ,  0.231357   ])
2347    , -69425.8    , array([ 0.931585   ,  0.118261   ,  1.33326    ,  0.27709    ,  0.230701   ])
2348    , -68870.3    , array([ 0.930766   ,  0.11517    ,  1.32688    ,  0.26452    ,  0.226542   ])
2349    , -67584.7    , array([ 0.929336   ,  0.109955   ,  1.3158     ,  0.265085   ,  0.219444   ])
2350    , -67502.7    , array([ 0.933526   ,  0.108941   ,  1.31359    ,  0.265198   ,  0.218051   ])
2351    , -65665      , array([ 0.935077   ,  0.101156   ,  1.29608    ,  0.266106   ,  0.207223   ])
likelihood = -65665.04
theta = 7773.23
Optimized parameters = [0.93507654 0.10115622 1.2960782  0.26610558 0.20722286]

Round_2_Replicate_8
2352    , -6376.61    , array([ 0.290974   ,  0.297678   ,  0.185087   ,  0.159518   ,  1.39363    ])
2353    , -6569.73    , array([ 0.273556   ,  0.297678   ,  0.185087   ,  0.159518   ,  1.39363    ])
2354    , -6069.82    , array([ 0.290974   ,  0.280178   ,  0.185087   ,  0.159518   ,  1.39363    ])
2355    , -6361.58    , array([ 0.290974   ,  0.297678   ,  0.170116   ,  0.159518   ,  1.39363    ])
2356    , -6389.14    , array([ 0.290974   ,  0.297678   ,  0.185087   ,  0.145529   ,  1.39363    ])
2357    , -6359.78    , array([ 0.290974   ,  0.297678   ,  0.185087   ,  0.159518   ,  1.41695    ])
2358    , -6089.35    , array([ 0.3095     ,  0.290551   ,  0.178946   ,  0.153768   ,  1.40291    ])
2359    , -6103.01    , array([ 0.298247   ,  0.287748   ,  0.176548   ,  0.172303   ,  1.40664    ])
2360    , -6018.99    , array([ 0.301207   ,  0.283869   ,  0.173243   ,  0.162116   ,  1.41188    ])
2361    , -5873.57    , array([ 0.306458   ,  0.277207   ,  0.167609   ,  0.16343    ,  1.42109    ])
2362    , -5867.3     , array([ 0.30752    ,  0.275893   ,  0.187374   ,  0.163695   ,  1.42294    ])
2363    , -5707.87    , array([ 0.316142   ,  0.265606   ,  0.196649   ,  0.165824   ,  1.43783    ])
likelihood = -5707.87
theta = 9859.16
Optimized parameters = [0.31614225 0.26560562 0.19664875 0.16582366 1.43783142]

Round_2_Replicate_9
2364    , -7755.25    , array([ 0.301298   ,  0.158624   ,  0.45585    ,  0.984481   ,  1.28547    ])
2365    , -7279.91    , array([ 0.283757   ,  0.158624   ,  0.45585    ,  0.984481   ,  1.28547    ])
2366    , -7463.22    , array([ 0.301298   ,  0.144673   ,  0.45585    ,  0.984481   ,  1.28547    ])
2367    , -7329.97    , array([ 0.301298   ,  0.158624   ,  0.438292   ,  0.984481   ,  1.28547    ])
2368    , -7755.72    , array([ 0.301298   ,  0.158624   ,  0.45585    ,  0.983711   ,  1.28547    ])
2369    , -7759.7     , array([ 0.301298   ,  0.158624   ,  0.45585    ,  0.984481   ,  1.30171    ])
2370    , -7259.74    , array([ 0.294155   ,  0.152889   ,  0.448744   ,  0.984173   ,  1.26943    ])
2371    , -7027.57    , array([ 0.290648   ,  0.150099   ,  0.445232   ,  0.984019   ,  1.25359    ])
2372    , -6987.26    , array([ 0.289951   ,  0.149548   ,  0.444533   ,  0.985066   ,  1.27262    ])
2373    , -6647.05    , array([ 0.284439   ,  0.145206   ,  0.438981   ,  0.985744   ,  1.26625    ])
2374    , -6582.96    , array([ 0.283349   ,  0.144353   ,  0.437879   ,  0.984801   ,  1.26498    ])
2375    , -6107.39    , array([ 0.274779   ,  0.137707   ,  0.42916    ,  0.984961   ,  1.25485    ])
2376    , -6358.72    , array([ 0.273097   ,  0.15518    ,  0.427438   ,  0.984993   ,  1.25284    ])
likelihood = -6107.39
theta = 11299.69
Optimized parameters = [0.27477918 0.13770711 0.42916043 0.98496122 1.25485095]

Round_2_Replicate_10
2377    , -7697.88    , array([ 0.361757   ,  0.105734   ,  0.190386   ,  0.305298   ,  0.25353    ])
2378    , -7283.4     , array([ 0.343825   ,  0.105734   ,  0.190386   ,  0.305298   ,  0.25353    ])
2379    , -7973       , array([ 0.361757   ,  0.0944982  ,  0.190386   ,  0.305298   ,  0.25353    ])
2380    , -7764.57    , array([ 0.361757   ,  0.105734   ,  0.175233   ,  0.305298   ,  0.25353    ])
2381    , -7898.47    , array([ 0.361757   ,  0.105734   ,  0.190386   ,  0.287714   ,  0.25353    ])
2382    , -7833.53    , array([ 0.361757   ,  0.105734   ,  0.190386   ,  0.305298   ,  0.236718   ])
2383    , -7469.18    , array([ 0.354475   ,  0.118305   ,  0.184173   ,  0.298139   ,  0.246667   ])
2384    , -7317.51    , array([ 0.351603   ,  0.110593   ,  0.181746   ,  0.320897   ,  0.243974   ])
2385    , -7191.48    , array([ 0.347622   ,  0.112599   ,  0.1784     ,  0.308502   ,  0.264476   ])
2386    , -6921.1     , array([ 0.340762   ,  0.116197   ,  0.172694   ,  0.310117   ,  0.279552   ])
2387    , -6921.52    , array([ 0.339407   ,  0.116931   ,  0.192699   ,  0.310441   ,  0.25678    ])
likelihood = -6921.1
theta = 12049.28
Optimized parameters = [0.34076241 0.11619726 0.17269378 0.31011709 0.2795523 ]

Round_3_Replicate_1
2388    , -7313.8     , array([ 0.26386    ,  0.319912   ,  0.169099   ,  0.163664   ,  1.1838     ])
2389    , -7645.15    , array([ 0.246855   ,  0.319912   ,  0.169099   ,  0.163664   ,  1.1838     ])
2390    , -6971.67    , array([ 0.26386    ,  0.302192   ,  0.169099   ,  0.163664   ,  1.1838     ])
2391    , -7388.32    , array([ 0.26386    ,  0.319912   ,  0.15472    ,  0.163664   ,  1.1838     ])
2392    , -7330.01    , array([ 0.26386    ,  0.319912   ,  0.169099   ,  0.149503   ,  1.1838     ])
2393    , -7304.34    , array([ 0.26386    ,  0.319912   ,  0.169099   ,  0.163664   ,  1.19383    ])
2394    , -6922.21    , array([ 0.282036   ,  0.312703   ,  0.163194   ,  0.157845   ,  1.1878     ])
2395    , -6651.61    , array([ 0.301464   ,  0.309159   ,  0.160319   ,  0.155014   ,  1.18981    ])
2396    , -6884.21    , array([ 0.278303   ,  0.308455   ,  0.180914   ,  0.154454   ,  1.19021    ])
2397    , -6700.76    , array([ 0.2843     ,  0.303988   ,  0.170063   ,  0.171301   ,  1.19278    ])
2398    , -6510.58    , array([ 0.292912   ,  0.297842   ,  0.170451   ,  0.159361   ,  1.19639    ])
2399    , -6207.56    , array([ 0.308617   ,  0.287385   ,  0.17113    ,  0.157252   ,  1.20274    ])
2400    , -6171.1     , array([ 0.311858   ,  0.285338   ,  0.171267   ,  0.156834   ,  1.18988    ])
2401    , -5866.08    , array([ 0.339037   ,  0.269478   ,  0.172361   ,  0.153526   ,  1.18791    ])
2402    , -6151.08    , array([ 0.344751   ,  0.288539   ,  0.172581   ,  0.152873   ,  1.20162    ])
2403    , -5874.58    , array([ 0.356087   ,  0.275233   ,  0.158296   ,  0.161324   ,  1.19972    ])
2404    , -5906.92    , array([ 0.381426   ,  0.268395   ,  0.163635   ,  0.142007   ,  1.19992    ])
2405    , -5819.16    , array([ 0.395203   ,  0.249394   ,  0.175008   ,  0.151523   ,  1.207      ])
2406    , -6263.54    , array([ 0.452493   ,  0.223994   ,  0.18285    ,  0.149806   ,  1.21568    ])
likelihood = -5819.16
theta = 9415.55
Optimized parameters = [0.39520252 0.24939359 0.17500794 0.15152253 1.2069954 ]

Round_3_Replicate_2
2407    , -29577.6    , array([ 0.422985   ,  0.311195   ,  0.67688    ,  0.0416641  ,  0.895573   ])
2408    , -28579.4    , array([ 0.405173   ,  0.311195   ,  0.67688    ,  0.0416641  ,  0.895573   ])
2409    , -28689.2    , array([ 0.422985   ,  0.293552   ,  0.67688    ,  0.0416641  ,  0.895573   ])
2410    , -28952.1    , array([ 0.422985   ,  0.311195   ,  0.6638     ,  0.0416641  ,  0.895573   ])
2411    , -29601.5    , array([ 0.422985   ,  0.311195   ,  0.67688    ,  0.0355427  ,  0.895573   ])
2412    , -29594      , array([ 0.422985   ,  0.311195   ,  0.67688    ,  0.0416641  ,  0.890648   ])
2413    , -28541.9    , array([ 0.415768   ,  0.304014   ,  0.671618   ,  0.0488398  ,  0.8936     ])
2414    , -28015.4    , array([ 0.412206   ,  0.300486   ,  0.669002   ,  0.0572514  ,  0.892615   ])
2415    , -27933.5    , array([ 0.411497   ,  0.299785   ,  0.66848    ,  0.047312   ,  0.899334   ])
2416    , -27128.2    , array([ 0.405871   ,  0.294238   ,  0.664319   ,  0.0504169  ,  0.903709   ])
2417    , -26989.1    , array([ 0.404755   ,  0.293141   ,  0.66349    ,  0.0510619  ,  0.89763    ])
2418    , -25754.2    , array([ 0.395937   ,  0.28451    ,  0.656894   ,  0.0565282  ,  0.89866    ])
2419    , -26323.9    , array([ 0.394197   ,  0.282815   ,  0.673739   ,  0.0576897  ,  0.898866   ])
2420    , -25680.5    , array([ 0.383238   ,  0.295378   ,  0.659491   ,  0.0657102  ,  0.900187   ])
2421    , -24297.5    , array([ 0.364788   ,  0.296295   ,  0.650965   ,  0.0825218  ,  0.902503   ])
2422    , -24082.9    , array([ 0.38363    ,  0.273216   ,  0.649273   ,  0.0863685  ,  0.902967   ])
2423    , -22004.5    , array([ 0.373291   ,  0.256001   ,  0.635895   ,  0.124352   ,  0.906687   ])
2424    , -22315.2    , array([ 0.36242    ,  0.265389   ,  0.643717   ,  0.0857192  ,  0.911646   ])
2425    , -21263.8    , array([ 0.351777   ,  0.260064   ,  0.640138   ,  0.120362   ,  0.903608   ])
2426    , -18642.4    , array([ 0.327497   ,  0.244496   ,  0.628379   ,  0.185971   ,  0.903558   ])
2427    , -19064.2    , array([ 0.336311   ,  0.255261   ,  0.613833   ,  0.167998   ,  0.91037    ])
likelihood = -18642.36
theta = 11233.29
Optimized parameters = [0.32749728 0.24449617 0.62837944 0.18597077 0.90355778]

Round_3_Replicate_3
2428    , -8787.52    , array([ 0.100805   ,  0.140459   ,  0.744728   ,  0.0430333  ,  3.28543    ])
2429    , -9224       , array([ 0.0898787  ,  0.140459   ,  0.744728   ,  0.0430333  ,  3.28543    ])
2430    , -7920.75    , array([ 0.100805   ,  0.127329   ,  0.744728   ,  0.0430333  ,  3.28543    ])
2431    , -8694.6     , array([ 0.100805   ,  0.140459   ,  0.733833   ,  0.0430333  ,  3.28543    ])
2432    , -8787.53    , array([ 0.100805   ,  0.140459   ,  0.744728   ,  0.0367701  ,  3.28543    ])
2433    , -8788.69    , array([ 0.100805   ,  0.140459   ,  0.744728   ,  0.0430333  ,  3.48676    ])
2434    , -8161.69    , array([ 0.11306    ,  0.135052   ,  0.740351   ,  0.0404093  ,  3.36452    ])
2435    , -8122.16    , array([ 0.105539   ,  0.132948   ,  0.738607   ,  0.039405   ,  3.12532    ])
2436    , -7880.71    , array([ 0.107494   ,  0.130057   ,  0.736173   ,  0.0474115  ,  3.25122    ])
2437    , -7488.15    , array([ 0.111003   ,  0.125149   ,  0.731933   ,  0.0538367  ,  3.23424    ])
2438    , -7414.53    , array([ 0.111719   ,  0.124189   ,  0.731087   ,  0.0443081  ,  3.23086    ])
2439    , -6882.62    , array([ 0.117611   ,  0.116776   ,  0.724361   ,  0.0449596  ,  3.20392    ])
2440    , -6922.64    , array([ 0.118826   ,  0.115347   ,  0.738095   ,  0.045091   ,  3.19856    ])
2441    , -6769.45    , array([ 0.108076   ,  0.112631   ,  0.730705   ,  0.0501716  ,  3.0608     ])
2442    , -6226.46    , array([ 0.105667   ,  0.102857   ,  0.72593    ,  0.0559044  ,  2.91937    ])
2443    , -6173.32    , array([ 0.115834   ,  0.103251   ,  0.727376   ,  0.059176   ,  3.20642    ])
2444    , -5562.56    , array([ 0.121352   ,  0.090992   ,  0.721824   ,  0.0725174  ,  3.24776    ])
2445    , -5728.72    , array([ 0.130614   ,  0.0942498  ,  0.71244    ,  0.0667647  ,  3.03613    ])
2446    , -5362.41    , array([ 0.12659    ,  0.0856098  ,  0.71711    ,  0.0581649  ,  3.00718    ])
2447    , -5030.91    , array([ 0.135185   ,  0.0708063  ,  0.709812   ,  0.0604578  ,  2.8997     ])
likelihood = -5030.91
theta = 22244.23
Optimized parameters = [0.13518534 0.07080628 0.70981189 0.06045781 2.89969603]

Round_3_Replicate_4
2448    , -33600.4    , array([ 0.299942   ,  0.967762   ,  0.445582   ,  0.26064    ,  3.91108    ])
2449    , -33447.5    , array([ 0.282416   ,  0.967762   ,  0.445582   ,  0.26064    ,  3.91108    ])
2450    , -33559.5    , array([ 0.299942   ,  0.966178   ,  0.445582   ,  0.26064    ,  3.91108    ])
2451    , -32513.6    , array([ 0.299942   ,  0.967762   ,  0.427931   ,  0.26064    ,  3.91108    ])
2452    , -33603.2    , array([ 0.299942   ,  0.967762   ,  0.445582   ,  0.243693   ,  3.91108    ])
2453    , -33572      , array([ 0.299942   ,  0.967762   ,  0.445582   ,  0.26064    ,  4.18709    ])
2454    , -33067.4    , array([ 0.292805   ,  0.967128   ,  0.438436   ,  0.278765   ,  4.01923    ])
2455    , -32865.7    , array([ 0.289998   ,  0.966874   ,  0.43561    ,  0.267744   ,  4.06332    ])
2456    , -32626.9    , array([ 0.286113   ,  0.96652    ,  0.431684   ,  0.27064    ,  3.7502     ])
2457    , -32297.8    , array([ 0.280761   ,  0.968241   ,  0.426246   ,  0.274746   ,  3.94795    ])
2458    , -31748.4    , array([ 0.271636   ,  0.969275   ,  0.416896   ,  0.282083   ,  3.96652    ])
2459    , -31655.7    , array([ 0.293579   ,  0.967261   ,  0.41505    ,  0.283574   ,  3.97024    ])
2460    , -30782.1    , array([ 0.299324   ,  0.96701    ,  0.400578   ,  0.295787   ,  4.00016    ])
2461    , -31156      , array([ 0.285668   ,  0.967848   ,  0.40685    ,  0.271497   ,  3.85607    ])
2462    , -30681.8    , array([ 0.286702   ,  0.968491   ,  0.398454   ,  0.284251   ,  3.73518    ])
2463    , -29674.7    , array([ 0.285069   ,  0.969301   ,  0.381081   ,  0.292882   ,  3.58119    ])
2464    , -29725.5    , array([ 0.290171   ,  0.969961   ,  0.382517   ,  0.290236   ,  3.97308    ])
2465    , -28953.4    , array([ 0.273149   ,  0.969596   ,  0.368938   ,  0.314619   ,  3.83369    ])
2466    , -27555.4    , array([ 0.260664   ,  0.970514   ,  0.342565   ,  0.345667   ,  3.79557    ])
likelihood = -27555.35
theta = 6501.31
Optimized parameters = [0.2606644  0.97051385 0.34256464 0.34566708 3.79557406]

Round_3_Replicate_5
2467    , -31471.5    , array([ 0.637724   ,  0.222858   ,  0.550722   ,  0.153825   ,  0.476925   ])
2468    , -30846.7    , array([ 0.62354    ,  0.222858   ,  0.550722   ,  0.153825   ,  0.476925   ])
2469    , -30726      , array([ 0.637724   ,  0.206742   ,  0.550722   ,  0.153825   ,  0.476925   ])
2470    , -30671.9    , array([ 0.637724   ,  0.222858   ,  0.534539   ,  0.153825   ,  0.476925   ])
2471    , -31723.7    , array([ 0.637724   ,  0.222858   ,  0.550722   ,  0.140081   ,  0.476925   ])
2472    , -31639.2    , array([ 0.637724   ,  0.222858   ,  0.550722   ,  0.153825   ,  0.459593   ])
2473    , -30385.7    , array([ 0.632012   ,  0.216266   ,  0.544191   ,  0.168918   ,  0.469915   ])
2474    , -29695.7    , array([ 0.629175   ,  0.213043   ,  0.540954   ,  0.185492   ,  0.466449   ])
2475    , -29760.9    , array([ 0.628609   ,  0.212405   ,  0.540309   ,  0.165786   ,  0.490534   ])
2476    , -29241.6    , array([ 0.625      ,  0.208362   ,  0.5362     ,  0.170826   ,  0.478057   ])
2477    , -28179.5    , array([ 0.618734   ,  0.201472   ,  0.529082   ,  0.180019   ,  0.478623   ])
2478    , -28820.7    , array([ 0.637242   ,  0.200122   ,  0.52767    ,  0.181916   ,  0.478737   ])
2479    , -28093.2    , array([ 0.62288    ,  0.212931   ,  0.518722   ,  0.194539   ,  0.479463   ])
2480    , -26769.3    , array([ 0.615589   ,  0.216094   ,  0.503426   ,  0.218774   ,  0.480737   ])
2481    , -26687.7    , array([ 0.614141   ,  0.195113   ,  0.52176    ,  0.223972   ,  0.480992   ])
2482    , -24804      , array([ 0.602678   ,  0.182564   ,  0.515486   ,  0.270258   ,  0.483039   ])
2483    , -25462.8    , array([ 0.612635   ,  0.192686   ,  0.506567   ,  0.252678   ,  0.464777   ])
2484    , -24125.3    , array([ 0.605596   ,  0.184544   ,  0.492844   ,  0.255557   ,  0.488074   ])
2485    , -21659.2    , array([ 0.59414    ,  0.171757   ,  0.470418   ,  0.299963   ,  0.49926    ])
2486    , -21865.5    , array([ 0.581412   ,  0.184809   ,  0.482565   ,  0.318289   ,  0.483599   ])
likelihood = -21659.16
theta = 8911.4
Optimized parameters = [0.59413987 0.17175722 0.47041801 0.29996336 0.49926042]

Round_4_Replicate_1
2487    , -7079.63    , array([ 0.140373   ,  0.0649809  ,  0.936907   ,  0.112127   ,  1.73949    ])
2488    , -6360.49    , array([ 0.127247   ,  0.0649809  ,  0.936907   ,  0.112127   ,  1.73949    ])
2489    , -6859.29    , array([ 0.140373   ,  0.0566793  ,  0.936907   ,  0.112127   ,  1.73949    ])
2490    , -7045.71    , array([ 0.140373   ,  0.0649809  ,  0.933859   ,  0.112127   ,  1.73949    ])
2491    , -7080.96    , array([ 0.140373   ,  0.0649809  ,  0.936907   ,  0.100507   ,  1.73949    ])
2492    , -7086.89    , array([ 0.140373   ,  0.0649809  ,  0.936907   ,  0.112127   ,  1.78831    ])
2493    , -6639.67    , array([ 0.134968   ,  0.0615235  ,  0.935686   ,  0.107326   ,  1.692      ])
2494    , -6481.76    , array([ 0.132864   ,  0.0601927  ,  0.935199   ,  0.12292    ,  1.72034    ])
2495    , -6270.06    , array([ 0.129974   ,  0.0583777  ,  0.934516   ,  0.114307   ,  1.71274    ])
2496    , -5932.85    , array([ 0.125067   ,  0.0553321  ,  0.933323   ,  0.115413   ,  1.69951    ])
2497    , -5904.13    , array([ 0.124109   ,  0.0547424  ,  0.937351   ,  0.115635   ,  1.69688    ])
2498    , -5485.71    , array([ 0.116697   ,  0.0502449  ,  0.939103   ,  0.11743    ,  1.67597    ])
2499    , -5611.97    , array([ 0.115269   ,  0.0598069  ,  0.935177   ,  0.117792   ,  1.67182    ])
2500    , -5364.5     , array([ 0.112554   ,  0.0544777  ,  0.936193   ,  0.127729   ,  1.71051    ])
2501    , -4959.8     , array([ 0.102784   ,  0.0512634  ,  0.936446   ,  0.139342   ,  1.71983    ])
2502    , -4992.95    , array([ 0.103178   ,  0.0522182  ,  0.937181   ,  0.117261   ,  1.68214    ])
2503    , -4785.22    , array([ 0.0990658  ,  0.0443195  ,  0.935582   ,  0.130872   ,  1.64145    ])
2504    , -4682.95    , array([ 0.08741    ,  0.0366015  ,  0.93492    ,  0.141388   ,  1.59453    ])
2505    , -4596.05    , array([ 0.0873362  ,  0.0441176  ,  0.939816   ,  0.1379     ,  1.63776    ])
2506    , -4741.98    , array([ 0.0729826  ,  0.0393939  ,  0.94308    ,  0.150738   ,  1.60773    ])
2507    , -4670.92    , array([ 0.0848046  ,  0.0361395  ,  0.939812   ,  0.143906   ,  1.65124    ])
2508    , -4754.54    , array([ 0.0737249  ,  0.0377048  ,  0.936166   ,  0.156581   ,  1.63738    ])
2509    , -4966.05    , array([ 0.072895   ,  0.0318491  ,  0.937679   ,  0.176034   ,  1.61387    ])
2510    , -4689.46    , array([ 0.0795097  ,  0.0360394  ,  0.937555   ,  0.159033   ,  1.63067    ])
2511    , -5451.89    , array([ 0.0660327  ,  0.0281773  ,  0.938859   ,  0.156182   ,  1.54524    ])
2512    , -4641.6     , array([ 0.0920202  ,  0.0441398  ,  0.937049   ,  0.143374   ,  1.67442    ])
2513    , -4865.29    , array([ 0.100595   ,  0.0408022  ,  0.939494   ,  0.134174   ,  1.63764    ])
2514    , -4635.47    , array([ 0.0796811  ,  0.0384564  ,  0.936997   ,  0.150651   ,  1.63745    ])
likelihood = -4596.05
theta = 31432.58
Optimized parameters = [0.08733621 0.04411758 0.93981649 0.13790037 1.63775642]

Round_4_Replicate_2
2515    , -5186.76    , array([ 0.140701   ,  0.0563982  ,  0.730909   ,  0.0311855  ,  4.0072     ])
2516    , -4811.57    , array([ 0.12756    ,  0.0563982  ,  0.730909   ,  0.0311855  ,  4.0072     ])
2517    , -5281.11    , array([ 0.140701   ,  0.048846   ,  0.730909   ,  0.0311855  ,  4.0072     ])
2518    , -5118.62    , array([ 0.140701   ,  0.0563982  ,  0.719542   ,  0.0311855  ,  4.0072     ])
2519    , -5186.76    , array([ 0.140701   ,  0.0563982  ,  0.730909   ,  0.0262211  ,  4.0072     ])
2520    , -5187.26    , array([ 0.140701   ,  0.0563982  ,  0.730909   ,  0.0311855  ,  4.29519    ])
2521    , -5045.33    , array([ 0.13529    ,  0.0651182  ,  0.726341   ,  0.0290959  ,  4.12       ])
2522    , -4928.63    , array([ 0.133184   ,  0.0597365  ,  0.724522   ,  0.0282998  ,  3.78026    ])
2523    , -4854.01    , array([ 0.13029    ,  0.0611266  ,  0.721983   ,  0.0347008  ,  3.95855    ])
2524    , -4776.05    , array([ 0.126345   ,  0.0631271  ,  0.718443   ,  0.0304503  ,  3.93925    ])
2525    , -4715.02    , array([ 0.119725   ,  0.0667869  ,  0.712289   ,  0.0300892  ,  3.90571    ])
2526    , -4768.9     , array([ 0.118444   ,  0.0675439  ,  0.72684    ,  0.0300175  ,  3.89904    ])
2527    , -4609.08    , array([ 0.116801   ,  0.0593612  ,  0.720235   ,  0.0325771  ,  3.70958    ])
2528    , -4548.42    , array([ 0.108526   ,  0.0566765  ,  0.717201   ,  0.0344709  ,  3.51996    ])
2529    , -4622.04    , array([ 0.109318   ,  0.0633622  ,  0.719116   ,  0.0362433  ,  3.92923    ])
2530    , -4636.01    , array([ 0.10417    ,  0.0628175  ,  0.720498   ,  0.0300766  ,  3.74112    ])
2531    , -4926.12    , array([ 0.0981195  ,  0.0710839  ,  0.707627   ,  0.0329856  ,  3.59552    ])
2532    , -4655.58    , array([ 0.11946    ,  0.0597574  ,  0.725017   ,  0.0316261  ,  3.90006    ])
2533    , -4554.04    , array([ 0.106033   ,  0.0565162  ,  0.710873   ,  0.0349922  ,  3.69564    ])
2534    , -4581.45    , array([ 0.0999238  ,  0.0534639  ,  0.724818   ,  0.0370817  ,  3.60864    ])
2535    , -4753.23    , array([ 0.0932415  ,  0.0571514  ,  0.712015   ,  0.0375985  ,  3.50333    ])
2536    , -4576.5     , array([ 0.112285   ,  0.059095   ,  0.721745   ,  0.0330238  ,  3.79685    ])
2537    , -4550.02    , array([ 0.110184   ,  0.053055   ,  0.716977   ,  0.0410419  ,  3.67383    ])
2538    , -4585.4     , array([ 0.105327   ,  0.0489931  ,  0.717499   ,  0.0357954  ,  3.40516    ])
2539    , -4551.73    , array([ 0.106311   ,  0.0522467  ,  0.717903   ,  0.0359069  ,  3.52923    ])
likelihood = -4548.42
theta = 25332.99
Optimized parameters = [0.10852644 0.05667653 0.71720123 0.03447088 3.5199639 ]

Round_4_Replicate_3
2540    , -9875.15    , array([ 0.247453   ,  0.127673   ,  0.634498   ,  0.0397399  ,  4.94977    ])
2541    , -9138.31    , array([ 0.230764   ,  0.127673   ,  0.634498   ,  0.0397399  ,  4.94977    ])
2542    , -9474.02    , array([ 0.247453   ,  0.115187   ,  0.634498   ,  0.0397399  ,  4.94977    ])
2543    , -9526.21    , array([ 0.247453   ,  0.127673   ,  0.620229   ,  0.0397399  ,  4.94977    ])
2544    , -9875.19    , array([ 0.247453   ,  0.127673   ,  0.634498   ,  0.0338212  ,  4.94977    ])
2545    , -9875       , array([ 0.247453   ,  0.127673   ,  0.634498   ,  0.0397399  ,  5.36185    ])
2546    , -9258.59    , array([ 0.240637   ,  0.122524   ,  0.628752   ,  0.0466945  ,  5.11066    ])
2547    , -9023.79    , array([ 0.237964   ,  0.120523   ,  0.626468   ,  0.042388   ,  5.17647    ])
2548    , -8628.85    , array([ 0.233356   ,  0.117099   ,  0.62249    ,  0.0437774  ,  5.29368    ])
2549    , -8552.42    , array([ 0.232446   ,  0.116426   ,  0.621698   ,  0.0440607  ,  4.75425    ])
2550    , -7968.87    , array([ 0.225287   ,  0.11118    ,  0.615395   ,  0.0463943  ,  4.47678    ])
2551    , -8255.52    , array([ 0.223882   ,  0.11016    ,  0.634014   ,  0.0468756  ,  4.94724    ])
2552    , -7919.31    , array([ 0.215094   ,  0.119941   ,  0.619566   ,  0.0500766  ,  4.94623    ])
2553    , -7348.3     , array([ 0.200538   ,  0.122391   ,  0.612232   ,  0.0562132  ,  4.94446    ])
2554    , -7314.33    , array([ 0.205633   ,  0.11271    ,  0.618605   ,  0.0459013  ,  4.72758    ])
2555    , -6562.64    , array([ 0.190089   ,  0.108101   ,  0.613593   ,  0.0455097  ,  4.54695    ])
2556    , -6509.48    , array([ 0.198428   ,  0.101199   ,  0.604842   ,  0.0569396  ,  4.71829    ])
2557    , -5633.6     , array([ 0.184001   ,  0.0900979  ,  0.590538   ,  0.0681566  ,  4.60664    ])
2558    , -5840.5     , array([ 0.178432   ,  0.0993536  ,  0.603651   ,  0.0617013  ,  4.17314    ])
2559    , -5448.18    , array([ 0.169846   ,  0.10134    ,  0.581159   ,  0.0643187  ,  4.17155    ])
2560    , -4919.57    , array([ 0.147936   ,  0.0971978  ,  0.556408   ,  0.0753411  ,  3.83058    ])
2561    , -4946.97    , array([ 0.14265    ,  0.0951537  ,  0.57509    ,  0.0788945  ,  4.33126    ])
2562    , -4589.68    , array([ 0.139843   ,  0.0781585  ,  0.563769   ,  0.0745686  ,  3.71929    ])
2563    , -4891.42    , array([ 0.116779   ,  0.0624583  ,  0.540996   ,  0.0858845  ,  3.22575    ])
2564    , -4638.17    , array([ 0.130483   ,  0.0777234  ,  0.543782   ,  0.11222    ,  3.73211    ])
2565    , -4801.9     , array([ 0.122652   ,  0.076656   ,  0.530121   ,  0.105146   ,  3.88874    ])
2566    , -5739.61    , array([ 0.101126   ,  0.0792406  ,  0.518996   ,  0.113211   ,  3.29197    ])
2567    , -4878.26    , array([ 0.158428   ,  0.0872515  ,  0.571777   ,  0.0773755  ,  4.23548    ])
likelihood = -4589.68
theta = 19613.46
Optimized parameters = [0.13984329 0.0781585  0.56376931 0.0745686  3.71928813]

Round_4_Replicate_4
2568    , -6093.7     , array([ 0.0733513  ,  0.0754543  ,  0.867842   ,  0.0483339  ,  4.58396    ])
2569    , -6750.75    , array([ 0.0643693  ,  0.0754543  ,  0.867842   ,  0.0483339  ,  4.58396    ])
2570    , -5563.77    , array([ 0.0733513  ,  0.0663083  ,  0.867842   ,  0.0483339  ,  4.58396    ])
2571    , -6089.87    , array([ 0.0733513  ,  0.0754543  ,  0.861713   ,  0.0483339  ,  4.58396    ])
2572    , -6093.7     , array([ 0.0733513  ,  0.0754543  ,  0.867842   ,  0.0415398  ,  4.58396    ])
2573    , -6093.55    , array([ 0.0733513  ,  0.0754543  ,  0.867842   ,  0.0483339  ,  4.94656    ])
2574    , -5461.85    , array([ 0.0835868  ,  0.0716535  ,  0.865385   ,  0.0454922  ,  4.7257     ])
2575    , -5230.27    , array([ 0.0952505  ,  0.0698256  ,  0.86416    ,  0.0441346  ,  4.7982     ])
2576    , -5401.16    , array([ 0.0814314  ,  0.0694656  ,  0.863915   ,  0.043868   ,  4.81283    ])
2577    , -5197.75    , array([ 0.0849073  ,  0.0672054  ,  0.862349   ,  0.0521686  ,  4.90755    ])
2578    , -4943.69    , array([ 0.0913511  ,  0.0634256  ,  0.859615   ,  0.058463   ,  5.07781    ])
2579    , -4908.48    , array([ 0.0926974  ,  0.0626955  ,  0.859069   ,  0.0483808  ,  4.5957     ])
2580    , -4814.79    , array([ 0.104207   ,  0.0571495  ,  0.854716   ,  0.0484043  ,  4.42972    ])
2581    , -4871.43    , array([ 0.106675   ,  0.0561006  ,  0.862362   ,  0.048409   ,  4.89179    ])
2582    , -5440.86    , array([ 0.123915   ,  0.0597095  ,  0.854105   ,  0.048439   ,  5.02064    ])
2583    , -5029.56    , array([ 0.108692   ,  0.0612949  ,  0.857519   ,  0.0484127  ,  4.90772    ])
2584    , -5414.71    , array([ 0.125286   ,  0.054213   ,  0.855442   ,  0.0555167  ,  4.81937    ])
2585    , -5030.83    , array([ 0.0906921  ,  0.065291   ,  0.861789   ,  0.0465283  ,  4.81447    ])
2586    , -4742.78    , array([ 0.105029   ,  0.0525043  ,  0.85426    ,  0.0563595  ,  4.84062    ])
2587    , -4840.37    , array([ 0.110288   ,  0.0455286  ,  0.849353   ,  0.0636885  ,  4.86197    ])
2588    , -5063.18    , array([ 0.116977   ,  0.0514627  ,  0.853609   ,  0.0577205  ,  4.83473    ])
2589    , -4872.85    , array([ 0.0966502  ,  0.0615195  ,  0.859736   ,  0.0491044  ,  4.81953    ])
2590    , -4662.44    , array([ 0.0931276  ,  0.054898   ,  0.858746   ,  0.0557894  ,  4.70859    ])
2591    , -4631.82    , array([ 0.0862024  ,  0.0519544  ,  0.85936    ,  0.0598891  ,  4.61208    ])
2592    , -4797.59    , array([ 0.108264   ,  0.0489846  ,  0.85655    ,  0.0466462  ,  4.37907    ])
2593    , -4766.26    , array([ 0.107079   ,  0.046103   ,  0.855158   ,  0.0544072  ,  4.44023    ])
2594    , -4572.6     , array([ 0.0971633  ,  0.046739   ,  0.849698   ,  0.0578286  ,  4.2084     ])
2595    , -4568.97    , array([ 0.0927303  ,  0.0426614  ,  0.843436   ,  0.063205   ,  3.90338    ])
2596    , -4612.41    , array([ 0.0949288  ,  0.0408173  ,  0.852756   ,  0.0643476  ,  4.41809    ])
likelihood = -4568.97
theta = 30281.05
Optimized parameters = [0.09273035 0.04266144 0.84343647 0.06320499 3.90338285]

Round_4_Replicate_5
2597    , -7103.31    , array([ 0.139693   ,  0.0879144  ,  0.848337   ,  0.0935129  ,  4.24266    ])
2598    , -6611.7     , array([ 0.1266     ,  0.0879144  ,  0.848337   ,  0.0935129  ,  4.24266    ])
2599    , -6642.84    , array([ 0.139693   ,  0.0778508  ,  0.848337   ,  0.0935129  ,  4.24266    ])
2600    , -7019.47    , array([ 0.139693   ,  0.0879144  ,  0.841389   ,  0.0935129  ,  4.24266    ])
2601    , -7103.35    , array([ 0.139693   ,  0.0879144  ,  0.848337   ,  0.0830644  ,  4.24266    ])
2602    , -7104.52    , array([ 0.139693   ,  0.0879144  ,  0.848337   ,  0.0935129  ,  4.56058    ])
2603    , -6646.79    , array([ 0.134301   ,  0.0837416  ,  0.845551   ,  0.0891844  ,  3.9469     ])
2604    , -6479.07    , array([ 0.132203   ,  0.0821285  ,  0.844439   ,  0.103299   ,  4.12178    ])
2605    , -6201.8     , array([ 0.12861    ,  0.0793799  ,  0.842497   ,  0.115195   ,  4.06264    ])
2606    , -6149.19    , array([ 0.127903   ,  0.0788413  ,  0.842109   ,  0.0997387  ,  4.05092    ])
2607    , -5760.45    , array([ 0.122386   ,  0.0746622  ,  0.839012   ,  0.103005   ,  3.95832    ])
2608    , -5767.43    , array([ 0.121312   ,  0.0738534  ,  0.848103   ,  0.103671   ,  3.94006    ])
2609    , -5732.97    , array([ 0.121151   ,  0.0737328  ,  0.844946   ,  0.115449   ,  4.23237    ])
2610    , -5378.68    , array([ 0.115067   ,  0.0691863  ,  0.844644   ,  0.131353   ,  4.38276    ])
2611    , -5484.68    , array([ 0.107781   ,  0.0756557  ,  0.840703   ,  0.126135   ,  3.98883    ])
2612    , -5043.69    , array([ 0.111513   ,  0.0630896  ,  0.837668   ,  0.142174   ,  3.8916     ])
2613    , -4680.63    , array([ 0.104658   ,  0.0534449  ,  0.832384   ,  0.175305   ,  3.72712    ])
2614    , -4783.56    , array([ 0.101085   ,  0.0596465  ,  0.83941    ,  0.136521   ,  3.9263     ])
2615    , -4725.73    , array([ 0.0996255  ,  0.0588588  ,  0.830433   ,  0.169353   ,  4.04279    ])
2616    , -4603.75    , array([ 0.0909487  ,  0.0529377  ,  0.835986   ,  0.207953   ,  4.05827    ])
2617    , -4765.44    , array([ 0.0784023  ,  0.0445756  ,  0.834477   ,  0.295473   ,  4.10919    ])
2618    , -4559.83    , array([ 0.0964914  ,  0.0452891  ,  0.83243    ,  0.207416   ,  4.05513    ])
2619    , -4825.03    , array([ 0.0912982  ,  0.0350404  ,  0.828324   ,  0.265978   ,  4.0887     ])
2620    , -4676.04    , array([ 0.0842351  ,  0.0418027  ,  0.823732   ,  0.23911    ,  3.57772    ])
2621    , -4609.35    , array([ 0.089142   ,  0.0420617  ,  0.82264    ,  0.28787    ,  3.84786    ])
2622    , -4749.76    , array([ 0.0865131  ,  0.0372641  ,  0.828404   ,  0.286923   ,  3.66384    ])
2623    , -4583.51    , array([ 0.096172   ,  0.0525027  ,  0.829925   ,  0.193213   ,  3.94453    ])
likelihood = -4559.83
theta = 29385.62
Optimized parameters = [0.09649144 0.0452891  0.83242973 0.20741611 4.05513436]

Round_1_Replicate_1
3483    , -152661     , array([ 0.790975   ,  3.7954     ,  1.16204    ,  0.178192   ,  0.296533   ])
3484    , -151766     , array([ 0.781755   ,  3.7954     ,  1.16204    ,  0.178192   ,  0.296533   ])
3485    , -153844     , array([ 0.790975   ,  4.05715    ,  1.16204    ,  0.178192   ,  0.296533   ])
3486    , -153187     , array([ 0.790975   ,  3.7954     ,  1.17079    ,  0.178192   ,  0.296533   ])
3487    , -153865     , array([ 0.790975   ,  3.7954     ,  1.16204    ,  0.163468   ,  0.296533   ])
3488    , -152754     , array([ 0.790975   ,  3.7954     ,  1.16204    ,  0.178192   ,  0.279047   ])
3489    , -151710     , array([ 0.787274   ,  3.89801    ,  1.16553    ,  0.194242   ,  0.289411   ])
3490    , -150459     , array([ 0.78543    ,  3.95035    ,  1.16728    ,  0.211738   ,  0.285914   ])
3491    , -150476     , array([ 0.785062   ,  3.60783    ,  1.16763    ,  0.190921   ,  0.28522    ])
likelihood = -150459.38
theta = 5267.28
Optimized parameters = [0.78543028 3.95035098 1.16728238 0.21173827 0.28591386]

Round_1_Replicate_2
3492    , -370432     , array([ 6.99016    ,  5.92247    ,  2.99827    ,  3.88978    ,  5.36499    ])
3493    , -373184     , array([ 7.70392    ,  5.92247    ,  2.99827    ,  3.88978    ,  5.36499    ])
3494    , -373779     , array([ 6.99016    ,  6.47333    ,  2.99827    ,  3.88978    ,  5.36499    ])
3495    , -373843     , array([ 6.99016    ,  5.92247    ,  3.16749    ,  3.88978    ,  5.36499    ])
3496    , -370303     , array([ 6.99016    ,  5.92247    ,  2.99827    ,  4.16314    ,  5.36499    ])
3497    , -370239     , array([ 6.99016    ,  5.92247    ,  2.99827    ,  3.88978    ,  5.83509    ])
3498    , -369345     , array([ 7.26737    ,  6.13695    ,  2.8381     ,  3.9969     ,  5.54831    ])
3499    , -367034     , array([ 7.41006    ,  6.24709    ,  2.68648    ,  4.05157    ,  5.6423     ])
3500    , -366558     , array([ 7.43894    ,  5.53538    ,  2.86944    ,  4.06259    ,  5.66129    ])
3501    , -362664     , array([ 7.67402    ,  5.11867    ,  2.80711    ,  4.15185    ,  5.81552    ])
likelihood = -362663.63
theta = 874.0
Optimized parameters = [7.67401742 5.11867274 2.80710714 4.15184847 5.81552074]

Round_1_Replicate_3
3502    , -81792      , array([ 3.01337    ,  4.50822    ,  0.201101   ,  5.40221    ,  2.86665    ])
3503    , -84074.4    , array([ 3.18424    ,  4.50822    ,  0.201101   ,  5.40221    ,  2.86665    ])
3504    , -84022.7    , array([ 3.01337    ,  4.86077    ,  0.201101   ,  5.40221    ,  2.86665    ])
3505    , -76423.5    , array([ 3.01337    ,  4.50822    ,  0.185603   ,  5.40221    ,  2.86665    ])
3506    , -80823.1    , array([ 3.01337    ,  4.50822    ,  0.201101   ,  5.87759    ,  2.86665    ])
3507    , -82395.8    , array([ 3.01337    ,  4.50822    ,  0.201101   ,  5.40221    ,  3.02165    ])
3508    , -78182.9    , array([ 2.85168    ,  4.64606    ,  0.194752   ,  5.58756    ,  2.92767    ])
3509    , -75871.3    , array([ 2.94762    ,  4.23191    ,  0.192269   ,  5.66348    ,  2.95244    ])
3510    , -71950.5    , array([ 2.91529    ,  3.94868    ,  0.188      ,  5.79881    ,  2.9963     ])
likelihood = -71950.5
theta = 1416.23
Optimized parameters = [2.91528737 3.94868494 0.18799994 5.79881249 2.9962973 ]

Round_1_Replicate_4
3511    , -18423.7    , array([ 0.650303   ,  0.49443    ,  0.334292   ,  4.45683    ,  2.64281    ])
3512    , -18094.6    , array([ 0.63646    ,  0.49443    ,  0.334292   ,  4.45683    ,  2.64281    ])
3513    , -18030.5    , array([ 0.650303   ,  0.477321   ,  0.334292   ,  4.45683    ,  2.64281    ])
3514    , -17024.8    , array([ 0.650303   ,  0.49443    ,  0.31647    ,  4.45683    ,  2.64281    ])
3515    , -18307      , array([ 0.650303   ,  0.49443    ,  0.334292   ,  4.80261    ,  2.64281    ])
3516    , -18488.7    , array([ 0.650303   ,  0.49443    ,  0.334292   ,  4.45683    ,  2.7744     ])
3517    , -17456.5    , array([ 0.64473    ,  0.487514   ,  0.327046   ,  4.59205    ,  2.51746    ])
3518    , -17144.8    , array([ 0.642514   ,  0.484775   ,  0.324192   ,  4.64728    ,  2.59194    ])
likelihood = -17024.83
theta = 4661.81
Optimized parameters = [0.65030253 0.49443034 0.31647008 4.45682943 2.64280904]

Round_1_Replicate_5
3519    , -185291     , array([ 0.404006   ,  2.03534    ,  3.47621    ,  0.461523   ,  4.53144    ])
3520    , -181989     , array([ 0.386107   ,  2.03534    ,  3.47621    ,  0.461523   ,  4.53144    ])
3521    , -185970     , array([ 0.404006   ,  2.10896    ,  3.47621    ,  0.461523   ,  4.53144    ])
3522    , -191060     , array([ 0.404006   ,  2.03534    ,  3.69965    ,  0.461523   ,  4.53144    ])
3523    , -185293     , array([ 0.404006   ,  2.03534    ,  3.47621    ,  0.44402    ,  4.53144    ])
3524    , -185274     , array([ 0.404006   ,  2.03534    ,  3.47621    ,  0.461523   ,  4.88706    ])
3525    , -178565     , array([ 0.396749   ,  2.06447    ,  3.26626    ,  0.45444    ,  4.67047    ])
3526    , -172481     , array([ 0.393169   ,  2.07919    ,  3.06899    ,  0.45094    ,  4.74158    ])
3527    , -178115     , array([ 0.392457   ,  1.98111    ,  3.30721    ,  0.450243   ,  4.75593    ])
likelihood = -172481.33
theta = 5579.62
Optimized parameters = [0.3931695  2.07919461 3.06898751 0.45093994 4.74158134]

Round_1_Replicate_6
3528    , -210683     , array([ 2.69272    ,  5.28951    ,  1.07457    ,  3.92146    ,  0.679904   ])
3529    , -214188     , array([ 2.82944    ,  5.28951    ,  1.07457    ,  3.92146    ,  0.679904   ])
3530    , -213339     , array([ 2.69272    ,  5.74892    ,  1.07457    ,  3.92146    ,  0.679904   ])
3531    , -211167     , array([ 2.69272    ,  5.28951    ,  1.07844    ,  3.92146    ,  0.679904   ])
3532    , -209213     , array([ 2.69272    ,  5.28951    ,  1.07457    ,  4.19875    ,  0.679904   ])
3533    , -209560     , array([ 2.69272    ,  5.28951    ,  1.07457    ,  3.92146    ,  0.666914   ])
3534    , -207344     , array([ 2.5626     ,  5.46869    ,  1.07611    ,  4.0301     ,  0.674678   ])
3535    , -203860     , array([ 2.43878    ,  5.56055    ,  1.07689    ,  4.08555    ,  0.67208    ])
3536    , -204532     , array([ 2.58811    ,  4.96507    ,  1.07704    ,  4.09673    ,  0.671562   ])
likelihood = -203860.34
theta = 1648.32
Optimized parameters = [2.43877511 5.56055075 1.07688692 4.08555179 0.67208008]

Round_1_Replicate_7
3537    , -83245.9    , array([ 0.290173   ,  0.261864   ,  2.71342    ,  2.50734    ,  0.545264   ])
3538    , -80505.8    , array([ 0.272765   ,  0.261864   ,  2.71342    ,  2.50734    ,  0.545264   ])
3539    , -81429.1    , array([ 0.290173   ,  0.244895   ,  2.71342    ,  2.50734    ,  0.545264   ])
3540    , -86998.5    , array([ 0.290173   ,  0.261864   ,  2.85228    ,  2.50734    ,  0.545264   ])
3541    , -83213.7    , array([ 0.290173   ,  0.261864   ,  2.71342    ,  2.62527    ,  0.545264   ])
3542    , -83156.3    , array([ 0.290173   ,  0.261864   ,  2.71342    ,  2.50734    ,  0.528977   ])
3543    , -77723.2    , array([ 0.28308    ,  0.25494    ,  2.58131    ,  2.55386    ,  0.53869    ])
3544    , -73278.1    , array([ 0.279599   ,  0.251547   ,  2.45564    ,  2.57745    ,  0.535432   ])
3545    , -77342.4    , array([ 0.278908   ,  0.250874   ,  2.60721    ,  2.58219    ,  0.534783   ])
likelihood = -73278.08
theta = 8534.09
Optimized parameters = [0.27959936 0.25154685 2.45564006 2.57744885 0.53543248]

Round_1_Replicate_8
3546    , -27467      , array([ 0.956343   ,  1.78996    ,  0.126901   ,  1.05135    ,  1.47995    ])
3547    , -27440.5    , array([ 0.954211   ,  1.78996    ,  0.126901   ,  1.05135    ,  1.47995    ])
3548    , -28043.8    , array([ 0.956343   ,  1.84283    ,  0.126901   ,  1.05135    ,  1.47995    ])
3549    , -25967.1    , array([ 0.956343   ,  1.78996    ,  0.114456   ,  1.05135    ,  1.47995    ])
3550    , -27450.2    , array([ 0.956343   ,  1.78996    ,  0.126901   ,  1.05399    ,  1.47995    ])
3551    , -27367.8    , array([ 0.956343   ,  1.78996    ,  0.126901   ,  1.05135    ,  1.50924    ])
3552    , -26217.6    , array([ 0.95549    ,  1.73861    ,  0.121768   ,  1.05241    ,  1.49159    ])
3553    , -26293.6    , array([ 0.955149   ,  1.76924    ,  0.119774   ,  1.05283    ,  1.49628    ])
likelihood = -25967.05
theta = 3804.93
Optimized parameters = [0.9563433  1.78995996 0.11445605 1.05135366 1.47994528]

Round_1_Replicate_9
3554    , -356694     , array([ 6.50328    ,  1.97168    ,  5.24838    ,  6.08013    ,  0.252339   ])
3555    , -358475     , array([ 7.1415     ,  1.97168    ,  5.24838    ,  6.08013    ,  0.252339   ])
3556    , -358150     , array([ 6.50328    ,  2.03976    ,  5.24838    ,  6.08013    ,  0.252339   ])
3557    , -363052     , array([ 6.50328    ,  1.97168    ,  5.70199    ,  6.08013    ,  0.252339   ])
3558    , -356905     , array([ 6.50328    ,  1.97168    ,  5.24838    ,  6.65439    ,  0.252339   ])
3559    , -355372     , array([ 6.50328    ,  1.97168    ,  5.24838    ,  6.08013    ,  0.23555    ])
3560    , -350395     , array([ 6.75142    ,  1.99864    ,  4.83085    ,  6.30363    ,  0.245484   ])
3561    , -342365     , array([ 6.87902    ,  2.01225    ,  4.44654    ,  6.41845    ,  0.242127   ])
3562    , -349395     , array([ 6.05666    ,  2.01498    ,  4.91161    ,  6.44166    ,  0.241461   ])
likelihood = -342365.35
theta = 1225.34
Optimized parameters = [6.87901908 2.01225064 4.44654366 6.41844797 0.2421272 ]

Round_1_Replicate_10
3563    , -110120     , array([ 0.247552   ,  0.739552   ,  2.71845    ,  7.71939    ,  1.03899    ])
3564    , -107463     , array([ 0.230861   ,  0.739552   ,  2.71845    ,  7.71939    ,  1.03899    ])
3565    , -109635     , array([ 0.247552   ,  0.728479   ,  2.71845    ,  7.71939    ,  1.03899    ])
3566    , -113726     , array([ 0.247552   ,  0.739552   ,  2.85784    ,  7.71939    ,  1.03899    ])
3567    , -110220     , array([ 0.247552   ,  0.739552   ,  2.71845    ,  8.54992    ,  1.03899    ])
3568    , -110118     , array([ 0.247552   ,  0.739552   ,  2.71845    ,  7.71939    ,  1.04097    ])
3569    , -105402     , array([ 0.240736   ,  0.735103   ,  2.58586    ,  8.04145    ,  1.03978    ])
3570    , -101436     , array([ 0.237398   ,  0.732888   ,  2.45974    ,  8.20749    ,  1.04018    ])
3571    , -105243     , array([ 0.236736   ,  0.732446   ,  2.61185    ,  7.14257    ,  1.04026    ])
likelihood = -101435.93
theta = 4900.95
Optimized parameters = [0.23739807 0.73288848 2.45974107 8.20748802 1.04017804]

Round_2_Replicate_1
3572    , -39580.9    , array([ 0.190611   ,  1.04319    ,  0.604687   ,  7.89352    ,  0.874964   ])
3573    , -40131.8    , array([ 0.17545    ,  1.04319    ,  0.604687   ,  7.89352    ,  0.874964   ])
3574    , -39629.1    , array([ 0.190611   ,  1.0454     ,  0.604687   ,  7.89352    ,  0.874964   ])
3575    , -38788.7    , array([ 0.190611   ,  1.04319    ,  0.589667   ,  7.89352    ,  0.874964   ])
3576    , -39812.9    , array([ 0.190611   ,  1.04319    ,  0.604687   ,  8.75254    ,  0.874964   ])
3577    , -39495.9    , array([ 0.190611   ,  1.04319    ,  0.604687   ,  7.89352    ,  0.86914    ])
3578    , -38878.5    , array([ 0.207081   ,  1.04408    ,  0.598633   ,  8.22652    ,  0.87263    ])
3579    , -38762.4    , array([ 0.197035   ,  1.04443    ,  0.596229   ,  7.23744    ,  0.871698   ])
3580    , -38303.3    , array([ 0.200328   ,  1.04505    ,  0.592045   ,  6.58129    ,  0.870069   ])
3581    , -38361.3    , array([ 0.200994   ,  1.04208    ,  0.591212   ,  7.46216    ,  0.869744   ])
3582    , -37939.1    , array([ 0.205303   ,  1.04384    ,  0.585906   ,  7.2963     ,  0.867665   ])
3583    , -37166.4    , array([ 0.213069   ,  1.04417    ,  0.576736   ,  7.01485    ,  0.864038   ])
likelihood = -37166.42
theta = 3721.97
Optimized parameters = [0.21306934 1.04416817 0.57673557 7.01485087 0.86403775]

Round_2_Replicate_2
3584    , -48192.3    , array([ 1.26314    ,  0.289117   ,  0.499287   ,  8.15741    ,  9.90614    ])
3585    , -48627.8    , array([ 1.27798    ,  0.289117   ,  0.499287   ,  8.15741    ,  9.90614    ])
3586    , -47685.1    , array([ 1.26314    ,  0.271724   ,  0.499287   ,  8.15741    ,  9.90614    ])
3587    , -46614.9    , array([ 1.26314    ,  0.289117   ,  0.482245   ,  8.15741    ,  9.90614    ])
3588    , -48187.8    , array([ 1.26314    ,  0.289117   ,  0.499287   ,  9.06003    ,  9.90614    ])
3589    , -48207.3    , array([ 1.26314    ,  0.289117   ,  0.499287   ,  8.15741    ,  11.1096    ])
3590    , -46928.7    , array([ 1.24847    ,  0.28203    ,  0.492399   ,  8.50713    ,  10.371     ])
3591    , -46831.2    , array([ 1.25725    ,  0.279244   ,  0.489671   ,  8.65119    ,  8.99656    ])
3592    , -46321.6    , array([ 1.25491    ,  0.27539    ,  0.485876   ,  8.85697    ,  9.70824    ])
3593    , -45416.1    , array([ 1.25081    ,  0.268773   ,  0.479307   ,  9.22893    ,  9.61078    ])
3594    , -45244.6    , array([ 1.24999    ,  0.267468   ,  0.478003   ,  8.03371    ,  9.5914     ])
3595    , -43849.6    , array([ 1.24347    ,  0.25726    ,  0.467704   ,  7.56501    ,  9.4378     ])
likelihood = -43849.56
theta = 4625.0
Optimized parameters = [1.24346775 0.25725956 0.46770416 7.56500533 9.43780274]

Round_2_Replicate_3
3596    , -28063      , array([ 0.954322   ,  1.78908    ,  0.176381   ,  2.8898     ,  5.47006    ])
3597    , -28041.2    , array([ 0.952093   ,  1.78908    ,  0.176381   ,  2.8898     ,  5.47006    ])
3598    , -28690.9    , array([ 0.954322   ,  1.84188    ,  0.176381   ,  2.8898     ,  5.47006    ])
3599    , -25720.8    , array([ 0.954322   ,  1.78908    ,  0.161724   ,  2.8898     ,  5.47006    ])
3600    , -27994.1    , array([ 0.954322   ,  1.78908    ,  0.176381   ,  3.04728    ,  5.47006    ])
3601    , -27990.9    , array([ 0.954322   ,  1.78908    ,  0.176381   ,  2.8898     ,  5.95513    ])
3602    , -26428.3    , array([ 0.95343    ,  1.7378     ,  0.170365   ,  2.95179    ,  5.65916    ])
3603    , -26393.2    , array([ 0.953073   ,  1.76839    ,  0.168016   ,  2.97696    ,  5.73662    ])
3604    , -25773.9    , array([ 0.955697   ,  1.76018    ,  0.164783   ,  3.01255    ,  5.84684    ])
3605    , -24966.3    , array([ 0.954015   ,  1.74875    ,  0.16036    ,  2.84381    ,  6.00472    ])
3606    , -23548      , array([ 0.953861   ,  1.72892    ,  0.152904   ,  2.74723    ,  6.29134    ])
likelihood = -23548.04
theta = 2787.75
Optimized parameters = [0.95386138 1.72892211 0.15290405 2.74722517 6.29134499]

Round_2_Replicate_4
3607    , -14689      , array([ 0.611844   ,  1.57516    ,  0.105755   ,  4.11576    ,  1.92644    ])
3608    , -14814.2    , array([ 0.596998   ,  1.57516    ,  0.105755   ,  4.11576    ,  1.92644    ])
3609    , -15015.2    , array([ 0.611844   ,  1.61136    ,  0.105755   ,  4.11576    ,  1.92644    ])
3610    , -13953.9    , array([ 0.611844   ,  1.57516    ,  0.0945188  ,  4.11576    ,  1.92644    ])
3611    , -14483.6    , array([ 0.611844   ,  1.57516    ,  0.105755   ,  4.41746    ,  1.92644    ])
3612    , -14747.5    , array([ 0.611844   ,  1.57516    ,  0.105755   ,  4.11576    ,  1.99064    ])
3613    , -14051.7    , array([ 0.605862   ,  1.53978    ,  0.101109   ,  4.23389    ,  1.95187    ])
3614    , -13933.7    , array([ 0.6246     ,  1.56091    ,  0.0993078  ,  4.28208    ,  1.96214    ])
3615    , -13513.3    , array([ 0.638876   ,  1.55384    ,  0.0962329  ,  4.36774    ,  1.98023    ])
3616    , -13547.1    , array([ 0.620075   ,  1.55243    ,  0.0956294  ,  4.38508    ,  1.89487    ])
3617    , -13196      , array([ 0.623398   ,  1.54342    ,  0.0918559  ,  4.49768    ,  1.94512    ])
3618    , -12587.3    , array([ 0.629257   ,  1.52779    ,  0.085607   ,  4.70173    ,  1.95453    ])
likelihood = -12587.29
theta = 3090.17
Optimized parameters = [0.62925701 1.52779459 0.085607   4.70172863 1.95453381]

Round_2_Replicate_5
3619    , -10737.9    , array([ 0.664172   ,  0.420166   ,  0.226373   ,  1.20978    ,  3.97301    ])
3620    , -10524.8    , array([ 0.650721   ,  0.420166   ,  0.226373   ,  1.20978    ,  3.97301    ])
3621    , -10461      , array([ 0.664172   ,  0.402339   ,  0.226373   ,  1.20978    ,  3.97301    ])
3622    , -9654.94    , array([ 0.664172   ,  0.420166   ,  0.210167   ,  1.20978    ,  3.97301    ])
3623    , -10732.6    , array([ 0.664172   ,  0.420166   ,  0.226373   ,  1.22135    ,  3.97301    ])
3624    , -10687      , array([ 0.664172   ,  0.420166   ,  0.226373   ,  1.20978    ,  4.25673    ])
3625    , -10074.2    , array([ 0.658758   ,  0.412943   ,  0.219746   ,  1.21439    ,  4.08415    ])
3626    , -9826.82    , array([ 0.656605   ,  0.410088   ,  0.21715    ,  1.20014    ,  4.12948    ])
3627    , -9552.44    , array([ 0.653603   ,  0.406125   ,  0.213567   ,  1.20775    ,  3.80774    ])
3628    , -9043.87    , array([ 0.648382   ,  0.399281   ,  0.207438   ,  1.20674    ,  3.60133    ])
3629    , -9130.69    , array([ 0.666154   ,  0.397926   ,  0.206233   ,  1.20654    ,  3.92247    ])
likelihood = -9043.87
theta = 5537.46
Optimized parameters = [0.64838153 0.39928088 0.20743772 1.20674034 3.60132632]

Round_2_Replicate_6
3630    , -8181.61    , array([ 0.231855   ,  0.275031   ,  0.295715   ,  11.1747    ,  3.40844    ])
3631    , -8678.86    , array([ 0.215515   ,  0.275031   ,  0.295715   ,  11.1747    ,  3.40844    ])
3632    , -7841.91    , array([ 0.231855   ,  0.25784    ,  0.295715   ,  11.1747    ,  3.40844    ])
3633    , -8311.57    , array([ 0.231855   ,  0.275031   ,  0.278238   ,  11.1747    ,  3.40844    ])
3634    , -8420.4     , array([ 0.231855   ,  0.275031   ,  0.295715   ,  12.6081    ,  3.40844    ])
3635    , -8013.52    , array([ 0.231855   ,  0.275031   ,  0.295715   ,  11.1747    ,  3.62396    ])
3636    , -7668.49    , array([ 0.249434   ,  0.268021   ,  0.288596   ,  11.7274    ,  3.49306    ])
3637    , -7261.71    , array([ 0.268346   ,  0.264584   ,  0.285101   ,  12.0139    ,  3.53616    ])
3638    , -7415.92    , array([ 0.245814   ,  0.263902   ,  0.284407   ,  10.1954    ,  3.54484    ])
3639    , -7256.33    , array([ 0.251631   ,  0.259577   ,  0.304935   ,  11.0887    ,  3.60092    ])
3640    , -6933.88    , array([ 0.262143   ,  0.252179   ,  0.319229   ,  11.046     ,  3.7012     ])
3641    , -6810.19    , array([ 0.264297   ,  0.250724   ,  0.29583    ,  11.0375    ,  3.72159    ])
3642    , -6313.64    , array([ 0.282183   ,  0.239389   ,  0.295888   ,  10.9695    ,  3.8888     ])
likelihood = -6313.64
theta = 6500.35
Optimized parameters = [ 0.28218309  0.23938894  0.29588756 10.96947342  3.88879947]

Round_2_Replicate_7
3643    , -125409     , array([ 2.46514    ,  0.324201   ,  1.16405    ,  15.242     ,  3.90355    ])
3644    , -126897     , array([ 2.5789     ,  0.324201   ,  1.16405    ,  15.242     ,  3.90355    ])
3645    , -123652     , array([ 2.46514    ,  0.306447   ,  1.16405    ,  15.242     ,  3.90355    ])
3646    , -125882     , array([ 2.46514    ,  0.324201   ,  1.17292    ,  15.242     ,  3.90355    ])
3647    , -125850     , array([ 2.46514    ,  0.324201   ,  1.16405    ,  17.466     ,  3.90355    ])
3648    , -125004     , array([ 2.46514    ,  0.324201   ,  1.16405    ,  15.242     ,  4.17862    ])
3649    , -123371     , array([ 2.3564     ,  0.316979   ,  1.16759    ,  16.0954    ,  4.01134    ])
3650    , -121562     , array([ 2.25246    ,  0.313429   ,  1.16937    ,  16.5399    ,  4.06634    ])
3651    , -122713     , array([ 2.37776    ,  0.312723   ,  1.15735    ,  16.6302    ,  4.07743    ])
3652    , -121574     , array([ 2.34368    ,  0.308247   ,  1.16348    ,  14.2308    ,  4.14913    ])
3653    , -120410     , array([ 2.29679    ,  0.302087   ,  1.16326    ,  15.8656    ,  4.25164    ])
3654    , -117936     , array([ 2.21698    ,  0.291603   ,  1.16286    ,  16.1869    ,  4.43716    ])
likelihood = -117936.3
theta = 3116.13
Optimized parameters = [ 2.21697747  0.29160287  1.16286102 16.18686471  4.43715517]

Round_2_Replicate_8
3655    , -5796.06    , array([ 0.247313   ,  0.221291   ,  0.216916   ,  1.22719    ,  4.81456    ])
3656    , -6224.94    , array([ 0.230626   ,  0.221291   ,  0.216916   ,  1.22719    ,  4.81456    ])
3657    , -5645.95    , array([ 0.247313   ,  0.205216   ,  0.216916   ,  1.22719    ,  4.81456    ])
3658    , -6064.69    , array([ 0.247313   ,  0.221291   ,  0.200958   ,  1.22719    ,  4.81456    ])
3659    , -5797.61    , array([ 0.247313   ,  0.221291   ,  0.216916   ,  1.23982    ,  4.81456    ])
3660    , -5806.08    , array([ 0.247313   ,  0.221291   ,  0.216916   ,  1.22719    ,  5.20816    ])
3661    , -5456.13    , array([ 0.265207   ,  0.214715   ,  0.210386   ,  1.23223    ,  4.9683     ])
3662    , -5154.41    , array([ 0.284395   ,  0.211501   ,  0.207195   ,  1.23475    ,  5.047      ])
3663    , -5280.08    , array([ 0.261527   ,  0.210864   ,  0.229886   ,  1.23526    ,  5.06289    ])
3664    , -5251.66    , array([ 0.267439   ,  0.206832   ,  0.217979   ,  1.2385     ,  4.6276     ])
3665    , -5081.83    , array([ 0.275941   ,  0.201317   ,  0.218406   ,  1.22536    ,  4.92724    ])
3666    , -4832.66    , array([ 0.291475   ,  0.192016   ,  0.219155   ,  1.2182     ,  4.98457    ])
likelihood = -4832.66
theta = 8468.98
Optimized parameters = [0.29147463 0.19201625 0.2191551  1.21820105 4.98456707]

Round_2_Replicate_9
3667    , -20065.5    , array([ 0.761874   ,  1.94171    ,  0.15516    ,  17.0564    ,  2.06192    ])
3668    , -20100      , array([ 0.751584   ,  1.94171    ,  0.15516    ,  17.0564    ,  2.06192    ])
3669    , -20542.3    , array([ 0.761874   ,  2.00721    ,  0.15516    ,  17.0564    ,  2.06192    ])
3670    , -18408.8    , array([ 0.761874   ,  1.94171    ,  0.141357   ,  17.0564    ,  2.06192    ])
3671    , -20241.8    , array([ 0.761874   ,  1.94171    ,  0.15516    ,  19.6554    ,  2.06192    ])
3672    , -20293.4    , array([ 0.761874   ,  1.94171    ,  0.15516    ,  17.0564    ,  2.13789    ])
3673    , -19084.1    , array([ 0.757741   ,  1.87834    ,  0.149484   ,  18.052     ,  2.09198    ])
3674    , -18871.5    , array([ 0.756094   ,  1.91611    ,  0.147272   ,  18.4663    ,  2.0002     ])
3675    , -18417.1    , array([ 0.753795   ,  1.90596    ,  0.144231   ,  15.6295    ,  2.04883    ])
3676    , -17881.7    , array([ 0.765014   ,  1.89185    ,  0.140078   ,  17.3925    ,  2.04362    ])
3677    , -16902.2    , array([ 0.771818   ,  1.86741    ,  0.133096   ,  17.5631    ,  2.03453    ])
likelihood = -16902.23
theta = 1516.77
Optimized parameters = [ 0.77181826  1.86740636  0.13309564 17.56307225  2.03453167]

Round_2_Replicate_10
3678    , -42033      , array([ 0.415419   ,  0.391272   ,  0.879733   ,  2.84767    ,  4.81671    ])
3679    , -40906.8    , array([ 0.397567   ,  0.391272   ,  0.879733   ,  2.84767    ,  4.81671    ])
3680    , -41123      , array([ 0.415419   ,  0.373338   ,  0.879733   ,  2.84767    ,  4.81671    ])
3681    , -41736.7    , array([ 0.415419   ,  0.391272   ,  0.874114   ,  2.84767    ,  4.81671    ])
3682    , -42020.7    , array([ 0.415419   ,  0.391272   ,  0.879733   ,  3.00064    ,  4.81671    ])
3683    , -42085.4    , array([ 0.415419   ,  0.391272   ,  0.879733   ,  2.84767    ,  5.2106     ])
3684    , -41019.4    , array([ 0.408184   ,  0.383997   ,  0.877481   ,  2.9079     ,  4.45259    ])
3685    , -40686.4    , array([ 0.405325   ,  0.381125   ,  0.876582   ,  2.93235    ,  4.66762    ])
3686    , -40022.4    , array([ 0.400371   ,  0.376151   ,  0.875011   ,  2.97563    ,  4.59481    ])
3687    , -39909.7    , array([ 0.399387   ,  0.375164   ,  0.874697   ,  2.77356    ,  4.58039    ])
3688    , -38880.7    , array([ 0.391605   ,  0.367361   ,  0.87219    ,  2.66654    ,  4.46661    ])
3689    , -39052.3    , array([ 0.390067   ,  0.36582    ,  0.879543   ,  2.84672    ,  4.4442     ])
likelihood = -38880.72
theta = 9203.2
Optimized parameters = [0.3916053  0.36736078 0.87218982 2.66653959 4.46661318]

Round_3_Replicate_1
3690    , -10869.7    , array([ 0.252531   ,  0.299416   ,  0.0949661  ,  2.02269    ,  2.12031    ])
3691    , -11720.3    , array([ 0.235738   ,  0.299416   ,  0.0949661  ,  2.02269    ,  2.12031    ])
3692    , -10857.7    , array([ 0.252531   ,  0.281896   ,  0.0949661  ,  2.02269    ,  2.12031    ])
3693    , -11797.5    , array([ 0.252531   ,  0.299416   ,  0.0844204  ,  2.02269    ,  2.12031    ])
3694    , -10940.1    , array([ 0.252531   ,  0.299416   ,  0.0949661  ,  2.0952     ,  2.12031    ])
3695    , -10909.2    , array([ 0.252531   ,  0.299416   ,  0.0949661  ,  2.02269    ,  2.2015     ])
3696    , -10337      , array([ 0.245675   ,  0.292281   ,  0.106829   ,  2.05139    ,  2.15242    ])
3697    , -9657.01    , array([ 0.242317   ,  0.288778   ,  0.120174   ,  2.06589    ,  2.16866    ])
3698    , -9613.62    , array([ 0.266089   ,  0.288082   ,  0.104344   ,  2.0688     ,  2.17192    ])
3699    , -8663.01    , array([ 0.282699   ,  0.282577   ,  0.109374   ,  2.09225    ,  2.1982     ])
3700    , -9409.73    , array([ 0.259864   ,  0.281489   ,  0.110409   ,  1.99608    ,  2.20349    ])
3701    , -8878.41    , array([ 0.262857   ,  0.274622   ,  0.117268   ,  2.05671    ,  2.12299    ])
3702    , -8173.26    , array([ 0.267104   ,  0.265289   ,  0.127592   ,  2.07048    ,  2.2054     ])
3703    , -7027.82    , array([ 0.274703   ,  0.249713   ,  0.147894   ,  2.0948     ,  2.24921    ])
3704    , -6921.1     , array([ 0.276249   ,  0.268439   ,  0.152326   ,  2.0997     ,  2.25808    ])
3705    , -5769.83    , array([ 0.288931   ,  0.261953   ,  0.19292    ,  2.13929    ,  2.33029    ])
3706    , -6215.02    , array([ 0.308884   ,  0.25202    ,  0.145465   ,  2.0847     ,  2.27214    ])
3707    , -5524.52    , array([ 0.30864    ,  0.247359   ,  0.176794   ,  2.19543    ,  2.26384    ])
3708    , -4895.44    , array([ 0.336361   ,  0.231879   ,  0.223717   ,  2.30245    ,  2.29463    ])
3709    , -4900.67    , array([ 0.336755   ,  0.236954   ,  0.215527   ,  2.22911    ,  2.4239     ])
likelihood = -4895.44
theta = 7364.89
Optimized parameters = [0.33636088 0.23187858 0.22371668 2.30245327 2.29462595]

Round_3_Replicate_2
3710    , -15784.9    , array([ 0.182504   ,  0.468286   ,  0.373175   ,  1.72015    ,  6.63821    ])
3711    , -16338      , array([ 0.167624   ,  0.468286   ,  0.373175   ,  1.72015    ,  6.63821    ])
3712    , -15176.2    , array([ 0.182504   ,  0.450855   ,  0.373175   ,  1.72015    ,  6.63821    ])
3713    , -15299.5    , array([ 0.182504   ,  0.468286   ,  0.355229   ,  1.72015    ,  6.63821    ])
3714    , -15784.2    , array([ 0.182504   ,  0.468286   ,  0.373175   ,  1.76744    ,  6.63821    ])
3715    , -15788.3    , array([ 0.182504   ,  0.468286   ,  0.373175   ,  1.72015    ,  7.29716    ])
3716    , -14875.3    , array([ 0.198705   ,  0.461234   ,  0.36589    ,  1.73891    ,  6.89433    ])
3717    , -14282.7    , array([ 0.216344   ,  0.457748   ,  0.362302   ,  1.74837    ,  7.02607    ])
3718    , -14690.9    , array([ 0.195353   ,  0.457054   ,  0.361588   ,  1.75026    ,  6.17751    ])
3719    , -14278.2    , array([ 0.200743   ,  0.452637   ,  0.357055   ,  1.76246    ,  6.59812    ])
3720    , -13578.2    , array([ 0.210535   ,  0.44501    ,  0.349257   ,  1.784      ,  6.57817    ])
3721    , -13444.1    , array([ 0.21255    ,  0.4435     ,  0.347718   ,  1.72171    ,  6.57419    ])
3722    , -12412.1    , array([ 0.229381   ,  0.431603   ,  0.335649   ,  1.6993     ,  6.54241    ])
3723    , -12945.2    , array([ 0.232903   ,  0.429262   ,  0.357094   ,  1.76044    ,  6.53607    ])
3724    , -12217.2    , array([ 0.256766   ,  0.437191   ,  0.333984   ,  1.77682    ,  6.49566    ])
3725    , -11229.7    , array([ 0.304558   ,  0.430516   ,  0.31596    ,  1.80585    ,  6.42553    ])
3726    , -11367      , array([ 0.286502   ,  0.421065   ,  0.326582   ,  1.76822    ,  7.09087    ])
3727    , -10458.7    , array([ 0.289466   ,  0.406611   ,  0.312683   ,  1.77816    ,  6.25741    ])
3728    , -9110.53    , array([ 0.33483    ,  0.383227   ,  0.290484   ,  1.79324    ,  5.90522    ])
3729    , -9928.21    , array([ 0.358111   ,  0.393977   ,  0.301315   ,  1.74624    ,  6.4011     ])
likelihood = -9110.53
theta = 7599.04
Optimized parameters = [0.33483018 0.38322699 0.2904839  1.79324159 5.90521684]

Round_3_Replicate_3
3730    , -13066.2    , array([ 0.293499   ,  0.0564023  ,  0.699469   ,  1.25603    ,  6.951      ])
3731    , -11986.3    , array([ 0.27605    ,  0.0564023  ,  0.699469   ,  1.25603    ,  6.951      ])
3732    , -13354.7    , array([ 0.293499   ,  0.0488497  ,  0.699469   ,  1.25603    ,  6.951      ])
3733    , -12772.7    , array([ 0.293499   ,  0.0564023  ,  0.687079   ,  1.25603    ,  6.951      ])
3734    , -13066.1    , array([ 0.293499   ,  0.0564023  ,  0.699469   ,  1.27043    ,  6.951      ])
3735    , -13067.3    , array([ 0.293499   ,  0.0564023  ,  0.699469   ,  1.25603    ,  7.65861    ])
3736    , -12338      , array([ 0.286391   ,  0.0651227  ,  0.694486   ,  1.26177    ,  7.22584    ])
3737    , -12207.8    , array([ 0.283596   ,  0.0597408  ,  0.692503   ,  1.26407    ,  6.40739    ])
3738    , -11883.1    , array([ 0.279729   ,  0.0611309  ,  0.689737   ,  1.2673     ,  6.83341    ])
3739    , -11335.1    , array([ 0.273088   ,  0.0636418  ,  0.684921   ,  1.27298    ,  6.77536    ])
3740    , -11229.1    , array([ 0.271779   ,  0.0641562  ,  0.683962   ,  1.25395    ,  6.76381    ])
3741    , -10423.7    , array([ 0.261529   ,  0.0684242  ,  0.676339   ,  1.24579    ,  6.67211    ])
3742    , -10640.1    , array([ 0.259526   ,  0.0693113  ,  0.691921   ,  1.26417    ,  6.65392    ])
3743    , -10312.2    , array([ 0.255692   ,  0.0615457  ,  0.683529   ,  1.25938    ,  6.19316    ])
3744    , -9426.44    , array([ 0.241599   ,  0.0598316  ,  0.678115   ,  1.25819    ,  5.73356    ])
3745    , -9405.78    , array([ 0.242178   ,  0.0671309  ,  0.679754   ,  1.25474    ,  6.68062    ])
3746    , -8286.62    , array([ 0.223795   ,  0.071162   ,  0.673467   ,  1.25011    ,  6.82157    ])
3747    , -8382.66    , array([ 0.228766   ,  0.0780328  ,  0.662864   ,  1.26039    ,  6.11203    ])
3748    , -7783.42    , array([ 0.215433   ,  0.0750318  ,  0.668137   ,  1.23868    ,  6.0173     ])
3749    , -6627.04    , array([ 0.191346   ,  0.0814698  ,  0.659899   ,  1.22188    ,  5.6707     ])
likelihood = -6627.04
theta = 18141.28
Optimized parameters = [0.19134561 0.08146979 0.65989948 1.22187655 5.67070176]

Round_3_Replicate_4
3750    , -17065.8    , array([ 0.309639   ,  0.620422   ,  0.327604   ,  0.306548   ,  11.2021    ])
3751    , -17106.6    , array([ 0.29201    ,  0.620422   ,  0.327604   ,  0.306548   ,  11.2021    ])
3752    , -16662.7    , array([ 0.309639   ,  0.605789   ,  0.327604   ,  0.306548   ,  11.2021    ])
3753    , -16165.3    , array([ 0.309639   ,  0.620422   ,  0.309825   ,  0.306548   ,  11.2021    ])
3754    , -17065.9    , array([ 0.309639   ,  0.620422   ,  0.327604   ,  0.288951   ,  11.2021    ])
3755    , -17061.6    , array([ 0.309639   ,  0.620422   ,  0.327604   ,  0.306548   ,  12.6405    ])
3756    , -16536.5    , array([ 0.328332   ,  0.614527   ,  0.320374   ,  0.299384   ,  11.7567    ])
3757    , -16318.1    , array([ 0.316985   ,  0.612185   ,  0.317526   ,  0.322156   ,  11.9861    ])
3758    , -16026.3    , array([ 0.319972   ,  0.608921   ,  0.313582   ,  0.309754   ,  12.3149    ])
3759    , -15525.4    , array([ 0.325267   ,  0.60325    ,  0.306798   ,  0.31137    ,  12.9121    ])
3760    , -15434      , array([ 0.326336   ,  0.602122   ,  0.305459   ,  0.311694   ,  11.0068    ])
3761    , -14671      , array([ 0.33502    ,  0.593176   ,  0.294954   ,  0.314299   ,  10.2709    ])
3762    , -15019.6    , array([ 0.336784   ,  0.611498   ,  0.292896   ,  0.314823   ,  11.9963    ])
3763    , -14608.2    , array([ 0.320855   ,  0.601613   ,  0.288955   ,  0.328906   ,  11.523     ])
3764    , -13781.5    , array([ 0.317181   ,  0.595258   ,  0.274421   ,  0.344742   ,  11.408     ])
3765    , -13783.7    , array([ 0.332423   ,  0.597179   ,  0.275019   ,  0.314055   ,  11.0812    ])
3766    , -13022.4    , array([ 0.350113   ,  0.580319   ,  0.268734   ,  0.333255   ,  11.8054    ])
3767    , -11660.2    , array([ 0.372293   ,  0.56125    ,  0.250279   ,  0.347468   ,  12.1191    ])
3768    , -12138.7    , array([ 0.351789   ,  0.579857   ,  0.250159   ,  0.34281    ,  9.98554    ])
likelihood = -11660.16
theta = 6240.76
Optimized parameters = [ 0.37229251  0.56125047  0.25027932  0.34746827 12.11913197]

Round_3_Replicate_5
3769    , -28196.1    , array([ 0.0805207  ,  0.535408   ,  0.147648   ,  1.71268    ,  2.5211     ])
3770    , -30566.4    , array([ 0.070991   ,  0.535408   ,  0.147648   ,  1.71268    ,  2.5211     ])
3771    , -27895.4    , array([ 0.0805207  ,  0.518943   ,  0.147648   ,  1.71268    ,  2.5211     ])
3772    , -28795.1    , array([ 0.0805207  ,  0.535408   ,  0.13418    ,  1.71268    ,  2.5211     ])
3773    , -28231.9    , array([ 0.0805207  ,  0.535408   ,  0.147648   ,  1.75938    ,  2.5211     ])
3774    , -28230.6    , array([ 0.0805207  ,  0.535408   ,  0.147648   ,  1.71268    ,  2.6404     ])
3775    , -26025.9    , array([ 0.0913298  ,  0.52876    ,  0.142106   ,  1.73121    ,  2.56816    ])
3776    , -23854.9    , array([ 0.10359    ,  0.525467   ,  0.139413   ,  1.74055    ,  2.59202    ])
3777    , -25791.2    , array([ 0.0890577  ,  0.524811   ,  0.15878    ,  1.74242    ,  2.59682    ])
3778    , -25332.6    , array([ 0.0927207  ,  0.520631   ,  0.148554   ,  1.68961    ,  2.62774    ])
3779    , -24208.2    , array([ 0.0981035  ,  0.514835   ,  0.148919   ,  1.72629    ,  2.50419    ])
3780    , -22707.5    , array([ 0.106168   ,  0.506829   ,  0.14943    ,  1.73177    ,  2.61563    ])
3781    , -20142.6    , array([ 0.12191    ,  0.493117   ,  0.150329   ,  1.7414     ,  2.66422    ])
3782    , -20029.1    , array([ 0.125328   ,  0.512341   ,  0.15051    ,  1.74333    ,  2.67405    ])
3783    , -16560.1    , array([ 0.156357   ,  0.509072   ,  0.151961   ,  1.75887    ,  2.75396    ])
3784    , -18301.6    , array([ 0.141926   ,  0.50048    ,  0.137521   ,  1.72002    ,  2.65781    ])
3785    , -16138.5    , array([ 0.161626   ,  0.496594   ,  0.142519   ,  1.78649    ,  2.63853    ])
3786    , -12344.5    , array([ 0.213392   ,  0.484995   ,  0.139594   ,  1.83699    ,  2.64394    ])
3787    , -12752.3    , array([ 0.20845    ,  0.490333   ,  0.138541   ,  1.79254    ,  2.8295     ])
likelihood = -12344.49
theta = 6709.78
Optimized parameters = [0.21339241 0.48499492 0.13959429 1.83698843 2.64393852]

Round_4_Replicate_1
3788    , -4980.72    , array([ 0.268117   ,  0.157529   ,  0.335531   ,  0.710906   ,  3.1169     ])
3789    , -4888.05    , array([ 0.251039   ,  0.157529   ,  0.335531   ,  0.710906   ,  3.1169     ])
3790    , -4828.44    , array([ 0.268117   ,  0.143625   ,  0.335531   ,  0.710906   ,  3.1169     ])
3791    , -4799.38    , array([ 0.268117   ,  0.157529   ,  0.317701   ,  0.710906   ,  3.1169     ])
3792    , -4981.66    , array([ 0.268117   ,  0.157529   ,  0.335531   ,  0.69888    ,  3.1169     ])
3793    , -4978.92    , array([ 0.268117   ,  0.157529   ,  0.335531   ,  0.710906   ,  3.2992     ])
3794    , -4795.89    , array([ 0.261151   ,  0.151813   ,  0.328282   ,  0.723138   ,  3.18858    ])
3795    , -4723.68    , array([ 0.257736   ,  0.149033   ,  0.324717   ,  0.735582   ,  3.22503    ])
3796    , -4711.26    , array([ 0.257058   ,  0.148483   ,  0.324008   ,  0.720675   ,  3.23237    ])
3797    , -4627.69    , array([ 0.251701   ,  0.144156   ,  0.318396   ,  0.72561    ,  3.29171    ])
3798    , -4614.66    , array([ 0.250643   ,  0.143306   ,  0.317285   ,  0.726601   ,  3.05099    ])
3799    , -4556.9     , array([ 0.242337   ,  0.136684   ,  0.308538   ,  0.734578   ,  2.93397    ])
3800    , -4556.8     , array([ 0.263943   ,  0.135397   ,  0.306818   ,  0.736184   ,  3.15225    ])
3801    , -4541.29    , array([ 0.270642   ,  0.125526   ,  0.293396   ,  0.749158   ,  3.17007    ])
3802    , -4563.31    , array([ 0.248059   ,  0.140715   ,  0.290783   ,  0.751781   ,  3.17365    ])
3803    , -4571.39    , array([ 0.240462   ,  0.122632   ,  0.296417   ,  0.768781   ,  3.19664    ])
3804    , -4653.53    , array([ 0.243302   ,  0.119897   ,  0.279625   ,  0.756228   ,  3.07854    ])
3805    , -4554.51    , array([ 0.246833   ,  0.126598   ,  0.290274   ,  0.751013   ,  3.11453    ])
3806    , -4678.63    , array([ 0.247197   ,  0.117678   ,  0.274821   ,  0.777245   ,  2.95017    ])
3807    , -4546.98    , array([ 0.250567   ,  0.137025   ,  0.306894   ,  0.738188   ,  3.20278    ])
3808    , -4564.94    , array([ 0.263046   ,  0.144612   ,  0.299329   ,  0.721779   ,  3.04024    ])
3809    , -4535.79    , array([ 0.257209   ,  0.138773   ,  0.298598   ,  0.733253   ,  3.07861    ])
3810    , -4535.43    , array([ 0.258712   ,  0.125329   ,  0.308382   ,  0.73077    ,  3.02525    ])
3811    , -4597.2     , array([ 0.264209   ,  0.118278   ,  0.317578   ,  0.720486   ,  2.95367    ])
3812    , -4545.52    , array([ 0.271838   ,  0.124626   ,  0.290578   ,  0.74633    ,  3.31273    ])
3813    , -4624.66    , array([ 0.277389   ,  0.133712   ,  0.30899    ,  0.728174   ,  3.19865    ])
3814    , -4523.83    , array([ 0.254141   ,  0.12834    ,  0.294844   ,  0.745237   ,  3.13535    ])
3815    , -4571.14    , array([ 0.274808   ,  0.120344   ,  0.287612   ,  0.743646   ,  3.08415    ])
3816    , -4526.13    , array([ 0.256419   ,  0.132649   ,  0.301955   ,  0.739549   ,  3.1727     ])
3817    , -4543.89    , array([ 0.247457   ,  0.135661   ,  0.308464   ,  0.732853   ,  2.93072    ])
3818    , -4527.12    , array([ 0.253339   ,  0.132814   ,  0.303892   ,  0.736199   ,  3.02188    ])
likelihood = -4523.83
theta = 10948.39
Optimized parameters = [0.25414115 0.12834041 0.29484415 0.7452367  3.13535018]

Round_4_Replicate_2
3819    , -5722.38    , array([ 0.235109   ,  0.224565   ,  0.255959   ,  0.795732   ,  2.98747    ])
3820    , -6066.59    , array([ 0.218692   ,  0.224565   ,  0.255959   ,  0.795732   ,  2.98747    ])
3821    , -5466.47    , array([ 0.235109   ,  0.208405   ,  0.255959   ,  0.795732   ,  2.98747    ])
3822    , -5772.58    , array([ 0.235109   ,  0.224565   ,  0.2391     ,  0.795732   ,  2.98747    ])
3823    , -5721.61    , array([ 0.235109   ,  0.224565   ,  0.255959   ,  0.786693   ,  2.98747    ])
3824    , -5726.52    , array([ 0.235109   ,  0.224565   ,  0.255959   ,  0.795732   ,  3.15551    ])
3825    , -5346.66    , array([ 0.252758   ,  0.217956   ,  0.249077   ,  0.792104   ,  3.05358    ])
3826    , -5086.67    , array([ 0.271733   ,  0.214725   ,  0.245706   ,  0.790296   ,  3.08719    ])
3827    , -5363.11    , array([ 0.249125   ,  0.214084   ,  0.269563   ,  0.789935   ,  3.09395    ])
3828    , -5205.69    , array([ 0.254963   ,  0.21003    ,  0.257078   ,  0.787628   ,  2.90621    ])
3829    , -5047.61    , array([ 0.263367   ,  0.204483   ,  0.257527   ,  0.78441    ,  3.03599    ])
3830    , -4832.55    , array([ 0.278745   ,  0.195126   ,  0.258314   ,  0.778809   ,  3.06054    ])
3831    , -4799.46    , array([ 0.281927   ,  0.193307   ,  0.258472   ,  0.790233   ,  3.06548    ])
3832    , -4653.74    , array([ 0.308724   ,  0.17935    ,  0.259737   ,  0.792009   ,  3.10524    ])
3833    , -4822.08    , array([ 0.314382   ,  0.196154   ,  0.259991   ,  0.779792   ,  3.11326    ])
3834    , -4608.9     , array([ 0.32563    ,  0.184385   ,  0.243326   ,  0.781464   ,  3.0136     ])
3835    , -4666.86    , array([ 0.372287   ,  0.171119   ,  0.231181   ,  0.777262   ,  2.97421    ])
3836    , -4733.24    , array([ 0.350884   ,  0.178405   ,  0.249593   ,  0.781293   ,  3.25519    ])
3837    , -4968.46    , array([ 0.364676   ,  0.162038   ,  0.26279    ,  0.775095   ,  3.13001    ])
3838    , -4735.86    , array([ 0.338818   ,  0.173853   ,  0.258411   ,  0.778868   ,  3.11925    ])
3839    , -4994.52    , array([ 0.384366   ,  0.170267   ,  0.250001   ,  0.786551   ,  3.18134    ])
3840    , -4701.99    , array([ 0.302059   ,  0.18859    ,  0.25621    ,  0.780738   ,  3.09031    ])
3841    , -4585.11    , array([ 0.335389   ,  0.166731   ,  0.246937   ,  0.785941   ,  3.11824    ])
3842    , -4595.62    , array([ 0.346413   ,  0.153719   ,  0.240658   ,  0.789034   ,  3.12073    ])
3843    , -4604.34    , array([ 0.309937   ,  0.184997   ,  0.243975   ,  0.789724   ,  3.11184    ])
3844    , -4664.29    , array([ 0.284787   ,  0.182913   ,  0.250303   ,  0.79066    ,  2.92865    ])
3845    , -4529.81    , array([ 0.32312    ,  0.170931   ,  0.241575   ,  0.79523    ,  3.01931    ])
3846    , -4511.95    , array([ 0.334194   ,  0.162732   ,  0.234574   ,  0.802576   ,  2.98443    ])
likelihood = -4511.95
theta = 8933.26
Optimized parameters = [0.33419416 0.16273218 0.23457368 0.80257626 2.9844298 ]

Round_4_Replicate_3
3847    , -5256.49    , array([ 0.335225   ,  0.241016   ,  0.168539   ,  1.70611    ,  6.51236    ])
3848    , -5531.07    , array([ 0.317397   ,  0.241016   ,  0.168539   ,  1.70611    ,  6.51236    ])
3849    , -5212.01    , array([ 0.335225   ,  0.224465   ,  0.168539   ,  1.70611    ,  6.51236    ])
3850    , -5611.99    , array([ 0.335225   ,  0.241016   ,  0.154183   ,  1.70611    ,  6.51236    ])
3851    , -5260.69    , array([ 0.335225   ,  0.241016   ,  0.168539   ,  1.75229    ,  6.51236    ])
3852    , -5270.45    , array([ 0.335225   ,  0.241016   ,  0.168539   ,  1.70611    ,  7.15196    ])
3853    , -5067.08    , array([ 0.327977   ,  0.234254   ,  0.184232   ,  1.72443    ,  6.76103    ])
3854    , -4923.51    , array([ 0.324412   ,  0.230944   ,  0.201387   ,  1.73367    ,  6.88891    ])
3855    , -4868.9     , array([ 0.349441   ,  0.230288   ,  0.180981   ,  1.73552    ,  6.91477    ])
3856    , -4674.2     , array([ 0.366656   ,  0.225104   ,  0.187542   ,  1.75042    ,  7.12521    ])
3857    , -4814.75    , array([ 0.342933   ,  0.224082   ,  0.188883   ,  1.75342    ,  6.28695    ])
3858    , -4704.61    , array([ 0.346066   ,  0.217646   ,  0.197692   ,  1.70764    ,  6.80781    ])
3859    , -4616.5     , array([ 0.3505     ,  0.208945   ,  0.210719   ,  1.75449    ,  6.92972    ])
3860    , -4663.11    , array([ 0.358396   ,  0.194548   ,  0.235616   ,  1.7792     ,  7.14832    ])
3861    , -4767.26    , array([ 0.356803   ,  0.218014   ,  0.230412   ,  1.77423    ,  7.10405    ])
3862    , -4555.26    , array([ 0.383002   ,  0.20707    ,  0.2035     ,  1.76225    ,  6.79887    ])
3863    , -4608.98    , array([ 0.416153   ,  0.196074   ,  0.204565   ,  1.77672    ,  6.75428    ])
3864    , -4674.5     , array([ 0.37869    ,  0.206776   ,  0.223538   ,  1.74591    ,  7.6868     ])
3865    , -4658.18    , array([ 0.372742   ,  0.20808    ,  0.181042   ,  1.71436    ,  7.02061    ])
3866    , -4560.66    , array([ 0.395892   ,  0.204717   ,  0.203709   ,  1.78402    ,  7.41686    ])
3867    , -4772.28    , array([ 0.368272   ,  0.214618   ,  0.173584   ,  1.76004    ,  6.47549    ])
3868    , -4582.6     , array([ 0.376058   ,  0.208709   ,  0.209842   ,  1.74943    ,  7.36423    ])
3869    , -4583.61    , array([ 0.384231   ,  0.19127    ,  0.216412   ,  1.75511    ,  7.07867    ])
3870    , -4868.21    , array([ 0.382576   ,  0.200063   ,  0.24077    ,  1.80895    ,  7.20785    ])
3871    , -4563.7     , array([ 0.375176   ,  0.206046   ,  0.194417   ,  1.73753    ,  7.06696    ])
3872    , -4585.93    , array([ 0.418077   ,  0.198124   ,  0.200304   ,  1.76072    ,  7.3599     ])
3873    , -4557.2     , array([ 0.40005    ,  0.200775   ,  0.202858   ,  1.75916    ,  7.24991    ])
likelihood = -4555.26
theta = 7206.48
Optimized parameters = [0.38300159 0.20706956 0.20350003 1.76225195 6.79886521]

Round_4_Replicate_4
3874    , -5831.41    , array([ 0.273216   ,  0.257257   ,  0.258264   ,  2.26464    ,  3.76476    ])
3875    , -6053.79    , array([ 0.256054   ,  0.257257   ,  0.258264   ,  2.26464    ,  3.76476    ])
3876    , -5550.3     , array([ 0.273216   ,  0.240373   ,  0.258264   ,  2.26464    ,  3.76476    ])
3877    , -5763.62    , array([ 0.273216   ,  0.257257   ,  0.241361   ,  2.26464    ,  3.76476    ])
3878    , -5835.23    , array([ 0.273216   ,  0.257257   ,  0.258264   ,  2.35912    ,  3.76476    ])
3879    , -5828.33    , array([ 0.273216   ,  0.257257   ,  0.258264   ,  2.26464    ,  4.02276    ])
3880    , -5506.28    , array([ 0.291528   ,  0.250366   ,  0.251365   ,  2.30197    ,  3.86592    ])
3881    , -5315.06    , array([ 0.311068   ,  0.246989   ,  0.247985   ,  2.32086    ,  3.91751    ])
3882    , -5447.46    , array([ 0.28777    ,  0.24632    ,  0.247315   ,  2.19538    ,  3.92791    ])
3883    , -5318.34    , array([ 0.293807   ,  0.242076   ,  0.243066   ,  2.25873    ,  3.99513    ])
3884    , -5157.45    , array([ 0.302471   ,  0.236258   ,  0.237241   ,  2.25637    ,  3.7286     ])
3885    , -4923.08    , array([ 0.318253   ,  0.22641    ,  0.22738    ,  2.25224    ,  3.58969    ])
3886    , -4992.27    , array([ 0.321507   ,  0.22449    ,  0.247867   ,  2.25141    ,  3.90896    ])
3887    , -4894.55    , array([ 0.343135   ,  0.233777   ,  0.227869   ,  2.24614    ,  3.96817    ])
3888    , -4737.74    , array([ 0.384542   ,  0.230548   ,  0.21404    ,  2.23695    ,  4.07396    ])
3889    , -4757.52    , array([ 0.365834   ,  0.222174   ,  0.224593   ,  2.33446    ,  3.8593     ])
3890    , -4750.08    , array([ 0.391163   ,  0.218443   ,  0.221406   ,  2.29911    ,  3.74223    ])
3891    , -4604.69    , array([ 0.404915   ,  0.203833   ,  0.207393   ,  2.22915    ,  3.74714    ])
3892    , -4724.33    , array([ 0.461975   ,  0.185171   ,  0.189661   ,  2.18466    ,  3.66476    ])
3893    , -4585.06    , array([ 0.429634   ,  0.215769   ,  0.193211   ,  2.2888     ,  3.69236    ])
3894    , -4631.86    , array([ 0.496652   ,  0.211536   ,  0.170584   ,  2.30772    ,  3.58861    ])
3895    , -4925.89    , array([ 0.48938    ,  0.209859   ,  0.197338   ,  2.30274    ,  4.06637    ])
3896    , -4727.58    , array([ 0.354398   ,  0.222153   ,  0.219466   ,  2.26476    ,  3.70335    ])
3897    , -4592.61    , array([ 0.420357   ,  0.213852   ,  0.19795    ,  2.19487    ,  3.7204     ])
3898    , -4548.88    , array([ 0.404622   ,  0.215664   ,  0.192002   ,  2.18762    ,  3.82782    ])
3899    , -4536.08    , array([ 0.411524   ,  0.214288   ,  0.178799   ,  2.13392    ,  3.87134    ])
3900    , -4546.21    , array([ 0.422905   ,  0.19845    ,  0.18482    ,  2.20641    ,  3.44511    ])
likelihood = -4536.08
theta = 6648.86
Optimized parameters = [0.41152372 0.21428816 0.17879869 2.13391946 3.87134355]

Round_4_Replicate_5
3901    , -5830.05    , array([ 0.429214   ,  0.118141   ,  0.249535   ,  1.56534    ,  3.25897    ])
3902    , -5591.47    , array([ 0.411441   ,  0.118141   ,  0.249535   ,  1.56534    ,  3.25897    ])
3903    , -6098.73    , array([ 0.429214   ,  0.106174   ,  0.249535   ,  1.56534    ,  3.25897    ])
3904    , -5620.67    , array([ 0.429214   ,  0.118141   ,  0.232803   ,  1.56534    ,  3.25897    ])
3905    , -5827.95    , array([ 0.429214   ,  0.118141   ,  0.249535   ,  1.60081    ,  3.25897    ])
3906    , -5830.16    , array([ 0.429214   ,  0.118141   ,  0.249535   ,  1.56534    ,  3.45728    ])
3907    , -5426.19    , array([ 0.422014   ,  0.131456   ,  0.242703   ,  1.57943    ,  3.33689    ])
3908    , -5184.07    , array([ 0.41846    ,  0.146272   ,  0.239357   ,  1.58653    ,  3.37655    ])
3909    , -5365.15    , array([ 0.417752   ,  0.128678   ,  0.238693   ,  1.58795    ,  3.1159     ])
3910    , -5208.5     , array([ 0.413254   ,  0.133151   ,  0.234489   ,  1.59708    ,  3.24667    ])
3911    , -5017.52    , array([ 0.407038   ,  0.139677   ,  0.228728   ,  1.56024    ,  3.24177    ])
3912    , -4757.38    , array([ 0.396383   ,  0.151875   ,  0.218985   ,  1.54035    ,  3.2332     ])
3913    , -4892.55    , array([ 0.394286   ,  0.154439   ,  0.23924    ,  1.58536    ,  3.23149    ])
3914    , -4706.81    , array([ 0.404371   ,  0.17191    ,  0.219468   ,  1.59343    ,  3.22056    ])
3915    , -4588.13    , array([ 0.400881   ,  0.207373   ,  0.205821   ,  1.60767    ,  3.20153    ])
3916    , -4606.37    , array([ 0.391748   ,  0.191028   ,  0.216233   ,  1.57852    ,  3.40516    ])
3917    , -4639.08    , array([ 0.387636   ,  0.213283   ,  0.213088   ,  1.56217    ,  3.33091    ])
3918    , -4610.9     , array([ 0.371275   ,  0.225766   ,  0.19927    ,  1.56286    ,  3.1854     ])
3919    , -4674.33    , array([ 0.384673   ,  0.248898   ,  0.185309   ,  1.5551     ,  3.30932    ])
3920    , -5266.96    , array([ 0.378075   ,  0.308396   ,  0.18937    ,  1.60665    ,  3.33851    ])
3921    , -4569.41    , array([ 0.391725   ,  0.181297   ,  0.211173   ,  1.55666    ,  3.25921    ])
3922    , -4802.31    , array([ 0.392426   ,  0.165775   ,  0.235789   ,  1.59205    ,  3.24186    ])
3923    , -4580.11    , array([ 0.386597   ,  0.224852   ,  0.196813   ,  1.56426    ,  3.29233    ])
3924    , -4510.65    , array([ 0.389008   ,  0.197589   ,  0.198637   ,  1.5857     ,  3.20588    ])
3925    , -4507.74    , array([ 0.389696   ,  0.190181   ,  0.191783   ,  1.59759    ,  3.14514    ])
3926    , -4669.97    , array([ 0.414094   ,  0.174286   ,  0.209182   ,  1.59899    ,  3.33531    ])
3927    , -4547.72    , array([ 0.381546   ,  0.211621   ,  0.201703   ,  1.57182    ,  3.22223    ])
likelihood = -4507.74
theta = 7342.05
Optimized parameters = [0.3896963  0.19018063 0.19178294 1.59759151 3.14513727]
