
Round_1_Replicate_1
427     , -471708     , array([ 4.44433    ,  0.145126   ,  3.73691    ,  0.132033   ])
428     , -473731     , array([ 4.78847    ,  0.145126   ,  3.73691    ,  0.132033   ])
429     , -462658     , array([ 4.44433    ,  0.131775   ,  3.73691    ,  0.132033   ])
430     , -481571     , array([ 4.44433    ,  0.145126   ,  3.99152    ,  0.132033   ])
431     , -471016     , array([ 4.44433    ,  0.145126   ,  3.73691    ,  0.119321   ])
432     , -458144     , array([ 4.61319    ,  0.13829    ,  3.49854    ,  0.125516   ])
433     , -446737     , array([ 4.70001    ,  0.134993   ,  3.27538    ,  0.122379   ])
434     , -452242     , array([ 4.24192    ,  0.133374   ,  3.49854    ,  0.12084    ])
likelihood = -446737.11
theta = 7909.43
Optimized parameters = [4.70001345 0.13499303 3.27537825 0.12237906]

Round_1_Replicate_2
435     , -196545     , array([ 2.23512    ,  0.634176   ,  0.363961   ,  2.82425    ])
436     , -200587     , array([ 2.32684    ,  0.634176   ,  0.363961   ,  2.82425    ])
437     , -196145     , array([ 2.23512    ,  0.619898   ,  0.363961   ,  2.82425    ])
438     , -190626     , array([ 2.23512    ,  0.634176   ,  0.346025   ,  2.82425    ])
439     , -196555     , array([ 2.23512    ,  0.634176   ,  0.363961   ,  2.97474    ])
440     , -189335     , array([ 2.14702    ,  0.626996   ,  0.35488    ,  2.89852    ])
441     , -183740     , array([ 2.06239    ,  0.623437   ,  0.350425   ,  2.93638    ])
442     , -187052     , array([ 2.14702    ,  0.621665   ,  0.348218   ,  2.73409    ])
likelihood = -183739.76
theta = 4843.68
Optimized parameters = [2.06239034 0.62343692 0.35042466 2.9363791 ]

Round_1_Replicate_3
443     , -607712     , array([ 1.03157    ,  1.19457    ,  4.29149    ,  1.62792    ])
444     , -607937     , array([ 1.03317    ,  1.19457    ,  4.29149    ,  1.62792    ])
445     , -608554     , array([ 1.03157    ,  1.20524    ,  4.29149    ,  1.62792    ])
446     , -624875     , array([ 1.03157    ,  1.19457    ,  4.61571    ,  1.62792    ])
447     , -607661     , array([ 1.03157    ,  1.19457    ,  4.29149    ,  1.66807    ])
448     , -591040     , array([ 1.03237    ,  1.19989    ,  3.99004    ,  1.64787    ])
449     , -574117     , array([ 1.03277    ,  1.20256    ,  3.70977    ,  1.65794    ])
450     , -590166     , array([ 1.03297    ,  1.18795    ,  3.99004    ,  1.663      ])
likelihood = -574116.84
theta = 6602.42
Optimized parameters = [1.03277294 1.20256388 3.70977055 1.65794096]

Round_1_Replicate_4
451     , -381742     , array([ 2.73705    ,  0.393839   ,  1.35079    ,  0.8916     ])
452     , -385828     , array([ 2.87837    ,  0.393839   ,  1.35079    ,  0.8916     ])
453     , -378566     , array([ 2.73705    ,  0.37591    ,  1.35079    ,  0.8916     ])
454     , -384182     , array([ 2.73705    ,  0.393839   ,  1.37125    ,  0.8916     ])
455     , -381720     , array([ 2.73705    ,  0.393839   ,  1.35079    ,  0.8865     ])
456     , -377184     , array([ 2.60267    ,  0.38477    ,  1.36098    ,  0.889047   ])
457     , -372766     , array([ 2.47488    ,  0.380315   ,  1.3661     ,  0.887772   ])
458     , -373289     , array([ 2.60267    ,  0.378106   ,  1.33815    ,  0.887136   ])
likelihood = -372765.7
theta = 6042.36
Optimized parameters = [2.47488215 0.38031452 1.36610487 0.88777242]

Round_1_Replicate_5
459     , -774861     , array([ 1.55838    ,  7.52237    ,  3.44959    ,  1.29028    ])
460     , -779413     , array([ 1.59333    ,  7.52237    ,  3.44959    ,  1.29028    ])
461     , -779655     , array([ 1.55838    ,  8.32094    ,  3.44959    ,  1.29028    ])
462     , -788844     , array([ 1.55838    ,  7.52237    ,  3.66991    ,  1.29028    ])
463     , -774788     , array([ 1.55838    ,  7.52237    ,  3.44959    ,  1.30683    ])
464     , -765447     , array([ 1.57576    ,  7.91159    ,  3.24249    ,  1.29853    ])
465     , -753503     , array([ 1.58452    ,  8.11369    ,  3.04783    ,  1.30267    ])
466     , -761394     , array([ 1.58892    ,  7.06267    ,  3.24249    ,  1.30475    ])
likelihood = -753502.67
theta = 4016.14
Optimized parameters = [1.58451818 8.11368575 3.04782832 1.30267054]

Round_1_Replicate_6
467     , -201028     , array([ 0.326852   ,  1.97065    ,  0.418197   ,  0.159829   ])
468     , -192660     , array([ 0.309079   ,  1.97065    ,  0.418197   ,  0.159829   ])
469     , -201904     , array([ 0.326852   ,  2.03864    ,  0.418197   ,  0.159829   ])
470     , -199709     , array([ 0.326852   ,  1.97065    ,  0.40036    ,  0.159829   ])
471     , -213817     , array([ 0.326852   ,  1.97065    ,  0.418197   ,  0.145827   ])
472     , -184776     , array([ 0.317841   ,  2.00436    ,  0.409181   ,  0.175175   ])
473     , -171748     , array([ 0.313429   ,  2.02143    ,  0.404746   ,  0.191995   ])
474     , -180358     , array([ 0.311247   ,  1.92932    ,  0.402547   ,  0.175175   ])
likelihood = -171748.23
theta = 12281.56
Optimized parameters = [0.31342946 2.02142665 0.40474634 0.1919947 ]

Round_1_Replicate_7
475     , -37326.5    , array([ 0.175547   ,  0.150795   ,  0.598748   ,  0.593128   ])
476     , -33697.2    , array([ 0.160921   ,  0.150795   ,  0.598748   ,  0.593128   ])
477     , -38255.6    , array([ 0.175547   ,  0.137185   ,  0.598748   ,  0.593128   ])
478     , -36675.1    , array([ 0.175547   ,  0.150795   ,  0.583588   ,  0.593128   ])
479     , -37423.7    , array([ 0.175547   ,  0.150795   ,  0.598748   ,  0.577838   ])
480     , -34485.4    , array([ 0.168075   ,  0.165755   ,  0.591119   ,  0.585433   ])
481     , -33672.2    , array([ 0.164459   ,  0.158098   ,  0.587342   ,  0.604861   ])
482     , -31937.7    , array([ 0.159181   ,  0.161881   ,  0.58172    ,  0.618843   ])
likelihood = -31937.75
theta = 25052.9
Optimized parameters = [0.15918063 0.16188136 0.58172003 0.61884271]

Round_1_Replicate_8
483     , -354601     , array([ 1.57144    ,  4.7146     ,  0.231829   ,  0.367239   ])
484     , -358798     , array([ 1.60736    ,  4.7146     ,  0.231829   ,  0.367239   ])
485     , -358804     , array([ 1.57144    ,  5.09468    ,  0.231829   ,  0.367239   ])
486     , -350977     , array([ 1.57144    ,  4.7146     ,  0.215489   ,  0.367239   ])
487     , -363022     , array([ 1.57144    ,  4.7146     ,  0.231829   ,  0.349298   ])
488     , -348703     , array([ 1.5893     ,  4.90096    ,  0.22351    ,  0.386101   ])
489     , -341732     , array([ 1.59831    ,  4.99688    ,  0.219463   ,  0.405933   ])
490     , -343990     , array([ 1.60283    ,  4.49158    ,  0.217467   ,  0.386101   ])
likelihood = -341731.6
theta = 6486.37
Optimized parameters = [1.59830552 4.99688017 0.21946287 0.4059326 ]

Round_1_Replicate_9
491     , -936356     , array([ 5.42688    ,  4.46863    ,  3.82456    ,  0.562043   ])
492     , -943306     , array([ 5.90579    ,  4.46863    ,  3.82456    ,  0.562043   ])
493     , -945835     , array([ 5.42688    ,  4.81596    ,  3.82456    ,  0.562043   ])
494     , -948745     , array([ 5.42688    ,  4.46863    ,  4.08988    ,  0.562043   ])
495     , -936681     , array([ 5.42688    ,  4.46863    ,  3.82456    ,  0.546082   ])
496     , -932442     , array([ 5.66127    ,  4.63904    ,  3.57645    ,  0.554005   ])
497     , -924142     , array([ 5.78224    ,  4.72667    ,  3.34444    ,  0.550029   ])
498     , -923951     , array([ 5.84369    ,  4.26438    ,  3.57645    ,  0.548052   ])
499     , -912138     , array([ 6.06395    ,  4.01276    ,  3.4585     ,  0.541188   ])
likelihood = -912137.96
theta = 3702.8
Optimized parameters = [6.06394643 4.01275752 3.45850077 0.54118767]

Round_1_Replicate_10
500     , -27293.2    , array([ 0.166594   ,  2.14582    ,  0.164422   ,  5.20451    ])
501     , -27024.4    , array([ 0.152315   ,  2.14582    ,  0.164422   ,  5.20451    ])
502     , -28343.8    , array([ 0.166594   ,  2.22932    ,  0.164422   ,  5.20451    ])
503     , -25076.6    , array([ 0.166594   ,  2.14582    ,  0.15023    ,  5.20451    ])
504     , -26973.7    , array([ 0.166594   ,  2.14582    ,  0.164422   ,  5.65195    ])
505     , -24845.5    , array([ 0.159295   ,  2.06544    ,  0.157166   ,  5.42362    ])
506     , -23201.4    , array([ 0.155766   ,  1.98808    ,  0.153659   ,  5.53661    ])
507     , -23861.4    , array([ 0.154031   ,  2.06544    ,  0.151935   ,  5.59398    ])
likelihood = -23201.35
theta = 6567.79
Optimized parameters = [0.15576568 1.98807799 0.15365882 5.53660908]

Round_2_Replicate_1
508     , -73794.2    , array([ 0.182887   ,  2.59344    ,  0.42454    ,  6.79496    ])
509     , -72019      , array([ 0.167993   ,  2.59344    ,  0.42454    ,  6.79496    ])
510     , -75392.1    , array([ 0.182887   ,  2.72       ,  0.42454    ,  6.79496    ])
511     , -71407.5    , array([ 0.182887   ,  2.59344    ,  0.406738   ,  6.79496    ])
512     , -73822.1    , array([ 0.182887   ,  2.59344    ,  0.42454    ,  7.47818    ])
513     , -70097.9    , array([ 0.175282   ,  2.47276    ,  0.415543   ,  7.12839    ])
514     , -67454.5    , array([ 0.171599   ,  2.3577     ,  0.411117   ,  7.30119    ])
515     , -68580.8    , array([ 0.169786   ,  2.47276    ,  0.408921   ,  6.40001    ])
516     , -66114.3    , array([ 0.163592   ,  2.41454    ,  0.401329   ,  6.83577    ])
517     , -62528.2    , array([ 0.154722   ,  2.32978    ,  0.390204   ,  6.85627    ])
518     , -62810.4    , array([ 0.170917   ,  2.28852    ,  0.384758   ,  6.86654    ])
likelihood = -62528.17
theta = 7070.24
Optimized parameters = [0.1547225  2.32977806 0.39020399 6.8562652 ]

Round_2_Replicate_2
519     , -9065.29    , array([ 0.0495478  ,  0.573787   ,  0.195624   ,  16.6254    ])
520     , -9910.34    , array([ 0.0426359  ,  0.573787   ,  0.195624   ,  16.6254    ])
521     , -8986.37    , array([ 0.0495478  ,  0.55807    ,  0.195624   ,  16.6254    ])
522     , -9315.48    , array([ 0.0495478  ,  0.573787   ,  0.180299   ,  16.6254    ])
523     , -9064.85    , array([ 0.0495478  ,  0.573787   ,  0.195624   ,  19.1342    ])
524     , -8405.62    , array([ 0.0575802  ,  0.565874   ,  0.187806   ,  17.8357    ])
525     , -7860.15    , array([ 0.0669148  ,  0.561958   ,  0.184014   ,  18.4736    ])
526     , -8238.24    , array([ 0.0575802  ,  0.560011   ,  0.205857   ,  18.801     ])
527     , -7984.42    , array([ 0.0620723  ,  0.553247   ,  0.194629   ,  19.9933    ])
528     , -7601.9     , array([ 0.0694759  ,  0.543254   ,  0.194134   ,  17.7576    ])
529     , -7256.17    , array([ 0.0822696  ,  0.528602   ,  0.193393   ,  17.1069    ])
likelihood = -7256.17
theta = 11902.21
Optimized parameters = [ 0.08226956  0.52860233  0.19339293 17.10685242]

Round_2_Replicate_3
530     , -10883.3    , array([ 0.0507533  ,  0.626066   ,  0.144284   ,  1.8577     ])
531     , -11704.8    , array([ 0.0437257  ,  0.626066   ,  0.144284   ,  1.8577     ])
532     , -10739.6    , array([ 0.0507533  ,  0.611577   ,  0.144284   ,  1.8577     ])
533     , -11160.3    , array([ 0.0507533  ,  0.626066   ,  0.130972   ,  1.8577     ])
534     , -10810.4    , array([ 0.0507533  ,  0.626066   ,  0.144284   ,  1.91613    ])
535     , -10200.6    , array([ 0.0589102  ,  0.618779   ,  0.137467   ,  1.88669    ])
536     , -9653.67    , array([ 0.0683782  ,  0.615167   ,  0.13418    ,  1.90135    ])
537     , -9902.57    , array([ 0.0589102  ,  0.613369   ,  0.153282   ,  1.90873    ])
538     , -9654.53    , array([ 0.0634679  ,  0.607118   ,  0.143413   ,  1.93476    ])
539     , -9298.6     , array([ 0.070974   ,  0.59786    ,  0.14298    ,  1.88486    ])
540     , -8915.27    , array([ 0.0839299  ,  0.584238   ,  0.142333   ,  1.86942    ])
likelihood = -8915.27
theta = 15105.13
Optimized parameters = [0.08392994 0.58423785 0.14233302 1.86942249]

Round_2_Replicate_4
541     , -65354.7    , array([ 0.0758202  ,  2.19219    ,  0.514313   ,  18.6229    ])
542     , -64595.8    , array([ 0.066646   ,  2.19219    ,  0.514313   ,  18.6229    ])
543     , -66637.1    , array([ 0.0758202  ,  2.27994    ,  0.514313   ,  18.6229    ])
544     , -64034.7    , array([ 0.0758202  ,  2.19219    ,  0.497495   ,  18.6229    ])
545     , -65354      , array([ 0.0758202  ,  2.19219    ,  0.514313   ,  21.5551    ])
546     , -62997.4    , array([ 0.0710852  ,  2.10783    ,  0.505834   ,  20.0355    ])
547     , -61186.4    , array([ 0.0688298  ,  2.02671    ,  0.501647   ,  20.7814    ])
548     , -62272.4    , array([ 0.0677291  ,  2.10783    ,  0.499567   ,  21.1647    ])
549     , -60833.4    , array([ 0.0640134  ,  2.06687    ,  0.492353   ,  18.1193    ])
550     , -58790.5    , array([ 0.0588185  ,  2.00692    ,  0.481727   ,  16.6126    ])
551     , -58331.2    , array([ 0.068415   ,  1.9776     ,  0.476501   ,  19.8079    ])
552     , -55110.4    , array([ 0.069317   ,  1.87831    ,  0.45865    ,  20.4283    ])
likelihood = -55110.35
theta = 8875.78
Optimized parameters = [ 0.06931701  1.87831401  0.45865012 20.42834469]

Round_2_Replicate_5
553     , -24927.4    , array([ 0.114466   ,  2.7891     ,  0.0459037  ,  3.17332    ])
554     , -25539.6    , array([ 0.102709   ,  2.7891     ,  0.0459037  ,  3.17332    ])
555     , -25980.2    , array([ 0.114466   ,  2.93588    ,  0.0459037  ,  3.17332    ])
556     , -25050.9    , array([ 0.114466   ,  2.7891     ,  0.0393495  ,  3.17332    ])
557     , -24248.8    , array([ 0.114466   ,  2.7891     ,  0.0459037  ,  3.36194    ])
558     , -23918.4    , array([ 0.108428   ,  2.64967    ,  0.0425004  ,  3.26627    ])
559     , -22983.3    , array([ 0.10553    ,  2.5172     ,  0.0408947  ,  3.31376    ])
560     , -23052      , array([ 0.122487   ,  2.64967    ,  0.0401147  ,  3.33776    ])
561     , -22556.4    , array([ 0.113693   ,  2.58258    ,  0.047249   ,  3.42315    ])
562     , -21444.7    , array([ 0.113309   ,  2.48513    ,  0.0517748  ,  3.55534    ])
563     , -20955.4    , array([ 0.113117   ,  2.4378     ,  0.0430151  ,  3.62334    ])
564     , -19228.8    , array([ 0.112448   ,  2.2791     ,  0.0416397  ,  3.87175    ])
likelihood = -19228.76
theta = 6459.51
Optimized parameters = [0.1124484  2.27910106 0.04163967 3.8717502 ]

Round_2_Replicate_6
565     , -9154.6     , array([ 0.266802   ,  0.893422   ,  0.0943389  ,  6.84508    ])
566     , -8753.19    , array([ 0.249746   ,  0.893422   ,  0.0943389  ,  6.84508    ])
567     , -9167.02    , array([ 0.266802   ,  0.888402   ,  0.0943389  ,  6.84508    ])
568     , -9022.14    , array([ 0.266802   ,  0.893422   ,  0.083835   ,  6.84508    ])
569     , -8996.22    , array([ 0.266802   ,  0.893422   ,  0.0943389  ,  7.53611    ])
570     , -8775.23    , array([ 0.258133   ,  0.898471   ,  0.088932   ,  7.18229    ])
571     , -8659.46    , array([ 0.253905   ,  0.895943   ,  0.0863459  ,  7.35707    ])
572     , -8537.68    , array([ 0.247692   ,  0.897206   ,  0.0826071  ,  7.62726    ])
573     , -8487.09    , array([ 0.244643   ,  0.897838   ,  0.0964502  ,  7.76605    ])
574     , -8339.08    , array([ 0.234263   ,  0.900054   ,  0.103453   ,  8.27201    ])
575     , -8199.08    , array([ 0.22924    ,  0.901164   ,  0.0897559  ,  7.39032    ])
576     , -7982.58    , array([ 0.212491   ,  0.90506    ,  0.0875486  ,  7.31848    ])
likelihood = -7982.58
theta = 7268.31
Optimized parameters = [0.2124912  0.90506026 0.08754863 7.31847855]

Round_2_Replicate_7
577     , -12035      , array([ 0.61781    ,  2.98828    ,  0.0413687  ,  11.9468    ])
578     , -11870.5    , array([ 0.603112   ,  2.98828    ,  0.0413687  ,  11.9468    ])
579     , -12562.7    , array([ 0.61781    ,  3.15641    ,  0.0413687  ,  11.9468    ])
580     , -10965.5    , array([ 0.61781    ,  2.98828    ,  0.0352782  ,  11.9468    ])
581     , -11237.7    , array([ 0.61781    ,  2.98828    ,  0.0413687  ,  13.5243    ])
582     , -10575.2    , array([ 0.610417   ,  2.82912    ,  0.0382023  ,  12.7111    ])
583     , -9884.97    , array([ 0.606753   ,  2.67843    ,  0.0367111  ,  13.1114    ])
584     , -9954.76    , array([ 0.60493    ,  2.82912    ,  0.0359875  ,  13.3162    ])
585     , -9440.25    , array([ 0.620606   ,  2.75274    ,  0.0335654  ,  14.0587    ])
586     , -8926.57    , array([ 0.629542   ,  2.64203    ,  0.0302344  ,  15.2508    ])
587     , -9349.79    , array([ 0.611566   ,  2.58835    ,  0.028695   ,  13.1878    ])
likelihood = -8926.57
theta = 2908.99
Optimized parameters = [ 0.6295423   2.64202515  0.03023437 15.25084047]

Round_2_Replicate_8
588     , -66492.7    , array([ 0.0599509  ,  6.52935    ,  0.246944   ,  2.67682    ])
589     , -66888.3    , array([ 0.0520818  ,  6.52935    ,  0.246944   ,  2.67682    ])
590     , -68174      , array([ 0.0599509  ,  7.17156    ,  0.246944   ,  2.67682    ])
591     , -64895      , array([ 0.0599509  ,  6.52935    ,  0.230265   ,  2.67682    ])
592     , -66736.7    , array([ 0.0599509  ,  6.52935    ,  0.246944   ,  2.8119     ])
593     , -64206.5    , array([ 0.055878   ,  5.94465    ,  0.238459   ,  2.74353    ])
594     , -62090.9    , array([ 0.0539465  ,  5.41231    ,  0.234326   ,  2.77751    ])
595     , -63271.8    , array([ 0.0654621  ,  5.94465    ,  0.232287   ,  2.79465    ])
596     , -61663.8    , array([ 0.059426   ,  5.67224    ,  0.225288   ,  2.65223    ])
597     , -59144.6    , array([ 0.0591653  ,  5.28685    ,  0.215183   ,  2.57582    ])
598     , -58059.8    , array([ 0.0590353  ,  5.10409    ,  0.210301   ,  2.733      ])
599     , -53658.5    , array([ 0.0585828  ,  4.51276    ,  0.194073   ,  2.76153    ])
likelihood = -53658.55
theta = 6349.03
Optimized parameters = [0.05858277 4.51276295 0.19407251 2.76152809]

Round_2_Replicate_9
600     , -41979.3    , array([ 0.0760588  ,  4.64257    ,  0.11585    ,  16.5748    ])
601     , -42898.6    , array([ 0.0668663  ,  4.64257    ,  0.11585    ,  16.5748    ])
602     , -44532.2    , array([ 0.0760588  ,  5.01298    ,  0.11585    ,  16.5748    ])
603     , -39208      , array([ 0.0760588  ,  4.64257    ,  0.104013   ,  16.5748    ])
604     , -41994.5    , array([ 0.0760588  ,  4.64257    ,  0.11585    ,  19.0731    ])
605     , -38516.6    , array([ 0.0713146  ,  4.29952    ,  0.109772   ,  17.7801    ])
606     , -35641.8    , array([ 0.0690546  ,  3.98183    ,  0.106854   ,  18.4153    ])
607     , -36476.6    , array([ 0.0824354  ,  4.29952    ,  0.105424   ,  18.7413    ])
608     , -34831.7    , array([ 0.0754489  ,  4.13763    ,  0.100569   ,  16.1442    ])
609     , -31678.5    , array([ 0.0751458  ,  3.90614    ,  0.0937015  ,  14.853     ])
610     , -29986.5    , array([ 0.0749947  ,  3.7953     ,  0.0904458  ,  17.5862    ])
611     , -25182.8    , array([ 0.0744683  ,  3.43155    ,  0.0799163  ,  18.1148    ])
likelihood = -25182.78
theta = 3505.18
Optimized parameters = [ 0.07446831  3.43154807  0.07991634 18.11477215]

Round_2_Replicate_10
612     , -22741.5    , array([ 0.121497   ,  3.27894    ,  0.0745096  ,  7.18005    ])
613     , -23331.9    , array([ 0.109343   ,  3.27894    ,  0.0745096  ,  7.18005    ])
614     , -24142.4    , array([ 0.121497   ,  3.47952    ,  0.0745096  ,  7.18005    ])
615     , -21464.5    , array([ 0.121497   ,  3.27894    ,  0.0654369  ,  7.18005    ])
616     , -22188.4    , array([ 0.121497   ,  3.27894    ,  0.0745096  ,  7.92381    ])
617     , -20759      , array([ 0.11526    ,  3.08991    ,  0.0698261  ,  7.54277    ])
618     , -19267.7    , array([ 0.112263   ,  2.91179    ,  0.0675959  ,  7.73094    ])
619     , -19441      , array([ 0.129769   ,  3.08991    ,  0.0665076  ,  7.82678    ])
620     , -18565.9    , array([ 0.120699   ,  2.99953    ,  0.0628349  ,  8.17167    ])
621     , -16903.9    , array([ 0.120302   ,  2.86889    ,  0.0577026  ,  8.71771    ])
622     , -16970.1    , array([ 0.120104   ,  2.80571    ,  0.0552959  ,  7.76674    ])
likelihood = -16903.86
theta = 4350.01
Optimized parameters = [0.12030215 2.86888514 0.05770264 8.71771357]

Round_3_Replicate_1
623     , -9918.14    , array([ 0.0886522  ,  0.960449   ,  0.0913841  ,  29.7       ])
624     , -10673.7    , array([ 0.0785369  ,  0.960449   ,  0.0913841  ,  29.7       ])
625     , -9922.25    , array([ 0.0886522  ,  0.958513   ,  0.0913841  ,  29.7       ])
626     , -11019      , array([ 0.0886522  ,  0.960449   ,  0.0810801  ,  29.7       ])
628     , -10781      , array([ 0.0834414  ,  0.95948    ,  0.0860781  ,  25.0679    ])
629     , -9832.24    , array([ 0.0809521  ,  0.958996   ,  0.0999627  ,  27.2859    ])
630     , -9587.58    , array([ 0.0773565  ,  0.958271   ,  0.110994   ,  26.1534    ])
632     , -10334.4    , array([ 0.0832836  ,  0.95945    ,  0.0908731  ,  26.8555    ])
633     , -9162.55    , array([ 0.0906033  ,  0.957894   ,  0.100431   ,  26.5021    ])
634     , -8578.31    , array([ 0.0973148  ,  0.956618   ,  0.105285   ,  25.0348    ])
635     , -8714.08    , array([ 0.0923566  ,  0.957475   ,  0.10871    ,  28.2982    ])
636     , -8715.52    , array([ 0.0885578  ,  0.957892   ,  0.117905   ,  24.9768    ])
637     , -8725.04    , array([ 0.0885107  ,  0.954687   ,  0.133925   ,  22.9048    ])
638     , -7890.97    , array([ 0.108502   ,  0.955066   ,  0.12112    ,  24.3419    ])
639     , -7576.12    , array([ 0.128501   ,  0.953468   ,  0.126524   ,  23.4837    ])
640     , -8228.41    , array([ 0.11426    ,  0.958039   ,  0.0975678  ,  28.1434    ])
likelihood = -7576.12
theta = 7291.68
Optimized parameters = [ 0.12850145  0.95346752  0.12652367 23.48374447]

Round_3_Replicate_2
641     , -34243.9    , array([ 0.0209952  ,  1.32371    ,  0.295353   ,  29.7       ])
642     , -35859      , array([ 0.0173072  ,  1.32371    ,  0.295353   ,  29.7       ])
643     , -34676.8    , array([ 0.0209952  ,  1.3424     ,  0.295353   ,  29.7       ])
644     , -32894.8    , array([ 0.0209952  ,  1.32371    ,  0.27788    ,  29.7       ])
646     , -34580.1    , array([ 0.0190622  ,  1.33302    ,  0.286483   ,  25.0679    ])
647     , -32382.8    , array([ 0.0242684  ,  1.3377     ,  0.282149   ,  27.2859    ])
648     , -30752      , array([ 0.0287374  ,  1.34475    ,  0.27577    ,  26.1534    ])
649     , -31525.1    , array([ 0.0234051  ,  1.32023    ,  0.272635   ,  25.6049    ])
651     , -33439.1    , array([ 0.0210905  ,  1.33054    ,  0.283361   ,  26.3621    ])
652     , -30076.3    , array([ 0.0259933  ,  1.33587    ,  0.260509   ,  24.3802    ])
653     , -28087      , array([ 0.0289223  ,  1.34199    ,  0.244661   ,  22.0891    ])
654     , -28215.2    , array([ 0.0303019  ,  1.33472    ,  0.25231    ,  25.1428    ])
655     , -26547.4    , array([ 0.0365688  ,  1.34718    ,  0.245164   ,  20.5336    ])
656     , -23763.3    , array([ 0.048262   ,  1.35907    ,  0.23028    ,  17.0734    ])
657     , -24069.7    , array([ 0.0471051  ,  1.37045    ,  0.229652   ,  19.4489    ])
658     , -21571      , array([ 0.0491179  ,  1.35825    ,  0.207188   ,  16.4201    ])
659     , -17786.6    , array([ 0.064215   ,  1.36505    ,  0.179587   ,  13.0106    ])
likelihood = -17786.59
theta = 7646.33
Optimized parameters = [ 0.06421498  1.36504559  0.17958655 13.01061785]

Round_3_Replicate_3
660     , -47046.9    , array([ 0.0380255  ,  0.138393   ,  0.0968256  ,  19.6532    ])
661     , -48432.6    , array([ 0.0322908  ,  0.138393   ,  0.0968256  ,  19.6532    ])
662     , -49767.7    , array([ 0.0380255  ,  0.125364   ,  0.0968256  ,  19.6532    ])
663     , -51053.8    , array([ 0.0380255  ,  0.138393   ,  0.0861568  ,  19.6532    ])
664     , -47198      , array([ 0.0380255  ,  0.138393   ,  0.0968256  ,  22.8089    ])
665     , -45130.4    , array([ 0.035041   ,  0.131717   ,  0.108815   ,  21.1723    ])
666     , -42166.6    , array([ 0.0336378  ,  0.128501   ,  0.12229    ,  21.9754    ])
667     , -42738.1    , array([ 0.0329574  ,  0.147216   ,  0.108815   ,  22.3882    ])
668     , -41189.8    , array([ 0.0392091  ,  0.137541   ,  0.115356   ,  23.8954    ])
669     , -37725.5    , array([ 0.0432057  ,  0.137116   ,  0.125912   ,  26.3484    ])
670     , -37728.9    , array([ 0.0354914  ,  0.136905   ,  0.131546   ,  22.1293    ])
671     , -33294.2    , array([ 0.0342884  ,  0.136166   ,  0.153329   ,  27.2525    ])
673     , -32989.8    , array([ 0.0403522  ,  0.123108   ,  0.161953   ,  26.3944    ])
674     , -28861.2    , array([ 0.0446502  ,  0.112578   ,  0.197578   ,  28.6588    ])
676     , -38097.4    , array([ 0.0362864  ,  0.12937    ,  0.135288   ,  23.8928    ])
677     , -30564.8    , array([ 0.0422255  ,  0.131124   ,  0.165575   ,  28.2441    ])
679     , -35026.3    , array([ 0.038091   ,  0.132815   ,  0.144408   ,  24.7188    ])
likelihood = -28861.17
theta = 18746.23
Optimized parameters = [ 0.04465019  0.11257779  0.1975779  28.65883888]

Round_3_Replicate_4
680     , -7739.51    , array([ 0.0545021  ,  0.269201   ,  0.302854   ,  9.40152    ])
681     , -7891.72    , array([ 0.0471231  ,  0.269201   ,  0.302854   ,  9.40152    ])
682     , -8090.34    , array([ 0.0545021  ,  0.252104   ,  0.302854   ,  9.40152    ])
683     , -8082.65    , array([ 0.0545021  ,  0.269201   ,  0.285296   ,  9.40152    ])
684     , -7741.7     , array([ 0.0545021  ,  0.269201   ,  0.302854   ,  10.5162    ])
685     , -7679.07    , array([ 0.0506785  ,  0.287457   ,  0.293944   ,  9.94325    ])
686     , -7606.06    , array([ 0.0488685  ,  0.306951   ,  0.289588   ,  10.2257    ])
687     , -7458.1     , array([ 0.0479879  ,  0.287457   ,  0.314373   ,  10.3699    ])
688     , -7362.85    , array([ 0.0450288  ,  0.297044   ,  0.330005   ,  10.8909    ])
689     , -7290.04    , array([ 0.0542549  ,  0.301957   ,  0.309136   ,  11.1611    ])
690     , -7199.23    , array([ 0.0582159  ,  0.3198     ,  0.312326   ,  12.1609    ])
691     , -7322.24    , array([ 0.0484813  ,  0.329114   ,  0.313933   ,  10.7301    ])
692     , -7624.81    , array([ 0.045725   ,  0.363899   ,  0.319624   ,  12.8222    ])
693     , -7365.44    , array([ 0.047777   ,  0.337485   ,  0.315346   ,  11.8651    ])
694     , -7387.73    , array([ 0.0504236  ,  0.334643   ,  0.348816   ,  12.6987    ])
695     , -7267.73    , array([ 0.0500302  ,  0.327494   ,  0.33296    ,  12.0293    ])
696     , -7206.22    , array([ 0.0527777  ,  0.299826   ,  0.329148   ,  11.0195    ])
697     , -7233.11    , array([ 0.0606259  ,  0.342238   ,  0.314119   ,  12.0759    ])
698     , -7320.02    , array([ 0.0629677  ,  0.314988   ,  0.330298   ,  13.003     ])
699     , -7220.85    , array([ 0.0589836  ,  0.318461   ,  0.326129   ,  12.3932    ])
likelihood = -7199.23
theta = 19095.35
Optimized parameters = [ 0.05821589  0.31980016  0.31232615 12.16085203]

Round_3_Replicate_5
700     , -13273.9    , array([ 0.274324   ,  0.692706   ,  0.16494    ,  11.5259    ])
701     , -12373.4    , array([ 0.257144   ,  0.692706   ,  0.16494    ,  11.5259    ])
702     , -13282.2    , array([ 0.274324   ,  0.680105   ,  0.16494    ,  11.5259    ])
703     , -12178.8    , array([ 0.274324   ,  0.692706   ,  0.150727   ,  11.5259    ])
704     , -13210.4    , array([ 0.274324   ,  0.692706   ,  0.16494    ,  13.0244    ])
705     , -12207.4    , array([ 0.265595   ,  0.70554    ,  0.157674   ,  12.2523    ])
706     , -11738.8    , array([ 0.261335   ,  0.699093   ,  0.154161   ,  12.6324    ])
707     , -11086.3    , array([ 0.255074   ,  0.702309   ,  0.149039   ,  13.2249    ])
708     , -10873.3    , array([ 0.251999   ,  0.703922   ,  0.146542   ,  11.2647    ])
709     , -10025.1    , array([ 0.241528   ,  0.709599   ,  0.138128   ,  10.4762    ])
710     , -10480.1    , array([ 0.260544   ,  0.712454   ,  0.134104   ,  12.1358    ])
711     , -9951.48    , array([ 0.249844   ,  0.702914   ,  0.129374   ,  11.362     ])
712     , -9410.7     , array([ 0.242322   ,  0.701604   ,  0.117191   ,  10.9414    ])
713     , -8861       , array([ 0.227348   ,  0.72052    ,  0.119334   ,  11.7678    ])
714     , -8322.61    , array([ 0.206969   ,  0.734844   ,  0.106182   ,  11.8906    ])
715     , -8716.98    , array([ 0.220246   ,  0.726943   ,  0.101867   ,  9.72481    ])
716     , -8467.67    , array([ 0.198246   ,  0.723841   ,  0.0986709  ,  9.48662    ])
717     , -9479.68    , array([ 0.193748   ,  0.734011   ,  0.0809659  ,  10.4576    ])
718     , -8802.27    , array([ 0.204725   ,  0.72783    ,  0.0925331  ,  10.4622    ])
likelihood = -8322.61
theta = 7360.28
Optimized parameters = [ 0.2069685   0.73484355  0.10618232 11.89062863]

Round_4_Replicate_1
719     , -9336.45    , array([ 0.0416096  ,  0.500921   ,  0.270281   ,  8.02821    ])
720     , -10128.6    , array([ 0.0354939  ,  0.500921   ,  0.270281   ,  8.02821    ])
721     , -9095.24    , array([ 0.0416096  ,  0.483902   ,  0.270281   ,  8.02821    ])
722     , -9207.1     , array([ 0.0416096  ,  0.500921   ,  0.253167   ,  8.02821    ])
723     , -9331.33    , array([ 0.0416096  ,  0.500921   ,  0.270281   ,  8.90942    ])
724     , -8497.52    , array([ 0.0487791  ,  0.492338   ,  0.261584   ,  8.45735    ])
725     , -7947.95    , array([ 0.0571839  ,  0.488102   ,  0.257341   ,  8.68044    ])
726     , -8375.57    , array([ 0.0487791  ,  0.485997   ,  0.255245   ,  8.79419    ])
727     , -8008.73    , array([ 0.0528146  ,  0.478703   ,  0.248044   ,  7.87296    ])
728     , -7717.23    , array([ 0.0595024  ,  0.467967   ,  0.262119   ,  8.65224    ])
729     , -7506.76    , array([ 0.0711549  ,  0.452312   ,  0.266713   ,  8.98221    ])
730     , -7347.42    , array([ 0.0778108  ,  0.468346   ,  0.243896   ,  9.15189    ])
731     , -7817.47    , array([ 0.106405   ,  0.460757   ,  0.231685   ,  9.7714     ])
732     , -7497.52    , array([ 0.0838306  ,  0.45778    ,  0.252456   ,  8.52297    ])
733     , -8097.71    , array([ 0.0975453  ,  0.454485   ,  0.262086   ,  9.90548    ])
734     , -7604.02    , array([ 0.0615697  ,  0.47253    ,  0.251482   ,  8.3382     ])
735     , -7641.58    , array([ 0.093483   ,  0.438566   ,  0.249725   ,  8.80515    ])
736     , -7423.31    , array([ 0.0826738  ,  0.450458   ,  0.251608   ,  8.77381    ])
737     , -8029.05    , array([ 0.10061    ,  0.442312   ,  0.255607   ,  9.40295    ])
738     , -7423.61    , array([ 0.0696122  ,  0.464787   ,  0.252507   ,  8.59251    ])
739     , -7337.54    , array([ 0.086108   ,  0.468412   ,  0.234503   ,  8.53732    ])
740     , -7355.39    , array([ 0.0947246  ,  0.476676   ,  0.219887   ,  8.32321    ])
741     , -7293.16    , array([ 0.074074   ,  0.468161   ,  0.238775   ,  9.00491    ])
742     , -7320.53    , array([ 0.0696302  ,  0.473439   ,  0.232216   ,  9.256      ])
743     , -7401.58    , array([ 0.0920181  ,  0.462773   ,  0.232145   ,  9.14386    ])
744     , -7242.23    , array([ 0.0817416  ,  0.483977   ,  0.223783   ,  9.14182    ])
745     , -7224.5     , array([ 0.0812794  ,  0.50166    ,  0.211047   ,  9.33158    ])
746     , -7409.61    , array([ 0.0690226  ,  0.490492   ,  0.23126    ,  8.86143    ])
747     , -7301.37    , array([ 0.0856353  ,  0.469552   ,  0.231924   ,  9.07242    ])
likelihood = -7224.5
theta = 12891.96
Optimized parameters = [0.08127936 0.50166032 0.21104671 9.33157525]

Round_4_Replicate_2
748     , -11481.3    , array([ 0.0624298  ,  0.334324   ,  0.509805   ,  21.5301    ])
749     , -10769      , array([ 0.0543452  ,  0.334324   ,  0.509805   ,  21.5301    ])
750     , -10951.7    , array([ 0.0624298  ,  0.316502   ,  0.509805   ,  21.5301    ])
751     , -10943      , array([ 0.0624298  ,  0.334324   ,  0.492918   ,  21.5301    ])
752     , -11481.7    , array([ 0.0624298  ,  0.334324   ,  0.509805   ,  25.1014    ])
753     , -10558.6    , array([ 0.0582474  ,  0.325291   ,  0.50129    ,  18.4669    ])
754     , -10148.6    , array([ 0.0562625  ,  0.320867   ,  0.497086   ,  15.8395    ])
755     , -9955.05    , array([ 0.0552956  ,  0.318677   ,  0.494998   ,  18.4669    ])
756     , -9343.06    , array([ 0.0520403  ,  0.31113    ,  0.487756   ,  17.1028    ])
757     , -9801.5     , array([ 0.0504852  ,  0.333753   ,  0.484175   ,  16.459     ])
758     , -9334.75    , array([ 0.0453994  ,  0.31569    ,  0.496302   ,  14.3907    ])
759     , -8985.62    , array([ 0.038715   ,  0.306766   ,  0.498003   ,  11.7653    ])
760     , -8497.16    , array([ 0.0440189  ,  0.3024     ,  0.474275   ,  10.638     ])
761     , -7895.66    , array([ 0.0396167  ,  0.287599   ,  0.457449   ,  7.47773    ])
762     , -8334.46    , array([ 0.0356789  ,  0.298302   ,  0.466614   ,  9.93529    ])
763     , -7875.15    , array([ 0.0334265  ,  0.271127   ,  0.47029    ,  7.42858    ])
764     , -7958.02    , array([ 0.027199   ,  0.244369   ,  0.463497   ,  4.99064    ])
765     , -8552.97    , array([ 0.0259891  ,  0.2715     ,  0.458402   ,  4.71153    ])
766     , -7992.49    , array([ 0.0286224  ,  0.259051   ,  0.43075    ,  4.33418    ])
767     , -7842.48    , array([ 0.0447459  ,  0.285911   ,  0.453627   ,  10.3805    ])
768     , -8612.99    , array([ 0.058713   ,  0.2934     ,  0.451258   ,  15.4081    ])
769     , -7360.89    , array([ 0.0365008  ,  0.25476    ,  0.439398   ,  5.03176    ])
770     , -7266.36    , array([ 0.0369188  ,  0.235434   ,  0.426391   ,  3.58088    ])
771     , -8320.62    , array([ 0.0516748  ,  0.279669   ,  0.473569   ,  10.4842    ])
772     , -7628.94    , array([ 0.0331779  ,  0.264059   ,  0.441077   ,  5.40523    ])
773     , -7370.05    , array([ 0.0341658  ,  0.241378   ,  0.437875   ,  5.16648    ])
774     , -7213.47    , array([ 0.0409384  ,  0.241589   ,  0.41098    ,  4.33714    ])
775     , -7421.23    , array([ 0.0453054  ,  0.22805    ,  0.384192   ,  3.314      ])
likelihood = -7213.47
theta = 25615.15
Optimized parameters = [0.04093836 0.24158883 0.41097984 4.33713949]

Round_4_Replicate_3
776     , -11093      , array([ 0.10266    ,  0.26073    ,  0.225936   ,  11.8031    ])
777     , -10658.7    , array([ 0.0916157  ,  0.26073    ,  0.225936   ,  11.8031    ])
778     , -11911.7    , array([ 0.10266    ,  0.243781   ,  0.225936   ,  11.8031    ])
779     , -11679.1    , array([ 0.10266    ,  0.26073    ,  0.209742   ,  11.8031    ])
780     , -11099      , array([ 0.10266    ,  0.26073    ,  0.225936   ,  13.3535    ])
781     , -10388.6    , array([ 0.0969807  ,  0.278857   ,  0.217688   ,  12.5544    ])
782     , -9749.92    , array([ 0.09426    ,  0.298244   ,  0.213678   ,  12.9478    ])
783     , -9684.44    , array([ 0.0929285  ,  0.278857   ,  0.236686   ,  13.1491    ])
784     , -8917.13    , array([ 0.0884144  ,  0.288387   ,  0.25143    ,  13.8786    ])
785     , -9133.44    , array([ 0.0862403  ,  0.293274   ,  0.231787   ,  11.8487    ])
786     , -8443.41    , array([ 0.0790434  ,  0.31104    ,  0.234769   ,  13.431     ])
787     , -7753.75    , array([ 0.0693583  ,  0.339725   ,  0.239314   ,  14.3273    ])
788     , -7556.83    , array([ 0.0770654  ,  0.355046   ,  0.241619   ,  14.7976    ])
789     , -7192.01    , array([ 0.0706813  ,  0.414316   ,  0.249865   ,  16.5688    ])
790     , -7191.65    , array([ 0.064862   ,  0.365833   ,  0.276267   ,  15.2595    ])
791     , -7765.71    , array([ 0.0538049  ,  0.405172   ,  0.314134   ,  16.5658    ])
792     , -7374.01    , array([ 0.061482   ,  0.415514   ,  0.278049   ,  18.9234    ])
793     , -8690.6     , array([ 0.0500089  ,  0.50721    ,  0.269553   ,  18.8648    ])
794     , -7545.95    , array([ 0.0576655  ,  0.440438   ,  0.264903   ,  17.4713    ])
795     , -8659.53    , array([ 0.0581275  ,  0.490246   ,  0.297957   ,  20.1796    ])
796     , -7275.52    , array([ 0.0663619  ,  0.372349   ,  0.252793   ,  15.6082    ])
797     , -7412.9     , array([ 0.0750006  ,  0.347688   ,  0.26295    ,  15.641     ])
798     , -7231.35    , array([ 0.0702308  ,  0.368862   ,  0.263437   ,  16.0798    ])
799     , -7595.9     , array([ 0.0751836  ,  0.347239   ,  0.243846   ,  13.3117    ])
800     , -7216.04    , array([ 0.0646534  ,  0.39728    ,  0.269073   ,  17.3304    ])
801     , -7269.96    , array([ 0.0687524  ,  0.400256   ,  0.276711   ,  17.0062    ])
802     , -7208.91    , array([ 0.0681469  ,  0.393089   ,  0.270527   ,  16.6454    ])
803     , -7297.62    , array([ 0.0639939  ,  0.417097   ,  0.26908    ,  16.7952    ])
804     , -7195.41    , array([ 0.0686168  ,  0.380371   ,  0.264836   ,  16.2557    ])
805     , -7218.1     , array([ 0.0716133  ,  0.378931   ,  0.261361   ,  15.0924    ])
806     , -7196.85    , array([ 0.0663273  ,  0.392611   ,  0.267124   ,  16.7415    ])
likelihood = -7191.65
theta = 16841.31
Optimized parameters = [ 0.06486204  0.36583329  0.27626745 15.25949172]

Round_4_Replicate_4
807     , -7602.26    , array([ 0.0437235  ,  0.290219   ,  0.314947   ,  10.4753    ])
808     , -8061.89    , array([ 0.0373896  ,  0.290219   ,  0.314947   ,  10.4753    ])
809     , -7763.28    , array([ 0.0437235  ,  0.272811   ,  0.314947   ,  10.4753    ])
810     , -7888.99    , array([ 0.0437235  ,  0.290219   ,  0.297269   ,  10.4753    ])
811     , -7604.01    , array([ 0.0437235  ,  0.290219   ,  0.314947   ,  11.7808    ])
812     , -7555.38    , array([ 0.0511304  ,  0.281381   ,  0.305981   ,  11.1089    ])
813     , -7641.9     , array([ 0.059792   ,  0.277063   ,  0.301593   ,  11.4399    ])
814     , -7400.74    , array([ 0.0472821  ,  0.277063   ,  0.328893   ,  11.4399    ])
815     , -7279.55    , array([ 0.0491686  ,  0.27071    ,  0.345944   ,  11.955     ])
816     , -7270.58    , array([ 0.0501399  ,  0.293605   ,  0.325349   ,  12.2212    ])
817     , -7192.7     , array([ 0.053693   ,  0.304588   ,  0.330679   ,  13.2004    ])
818     , -7279.98    , array([ 0.0555629  ,  0.282744   ,  0.333376   ,  11.5031    ])
819     , -7466.8     , array([ 0.0626355  ,  0.279079   ,  0.34299    ,  13.5564    ])
820     , -7458.46    , array([ 0.0592825  ,  0.286665   ,  0.373784   ,  14.1214    ])
821     , -7227.3     , array([ 0.0470802  ,  0.292932   ,  0.348098   ,  11.8105    ])
822     , -7683.52    , array([ 0.044329   ,  0.28828    ,  0.30825    ,  10.3689    ])
823     , -7241.59    , array([ 0.0551273  ,  0.287068   ,  0.356198   ,  13.072     ])
824     , -7218.44    , array([ 0.0471108  ,  0.294504   ,  0.357247   ,  13.5694    ])
825     , -7282.08    , array([ 0.0521116  ,  0.320829   ,  0.349846   ,  13.9101    ])
826     , -7212.89    , array([ 0.0498884  ,  0.282453   ,  0.346916   ,  12.4164    ])
827     , -7359.78    , array([ 0.0442152  ,  0.300106   ,  0.335319   ,  12.3984    ])
828     , -7194.19    , array([ 0.0521697  ,  0.290273   ,  0.350859   ,  12.9002    ])
829     , -7208.66    , array([ 0.0544991  ,  0.292761   ,  0.34448    ,  14.3417    ])
830     , -7287.01    , array([ 0.058579   ,  0.290334   ,  0.329606   ,  12.833     ])
831     , -7192.78    , array([ 0.049748   ,  0.293456   ,  0.350126   ,  13.3815    ])
832     , -7210.44    , array([ 0.0552397  ,  0.308561   ,  0.340989   ,  14.5596    ])
833     , -7195.86    , array([ 0.0538503  ,  0.301816   ,  0.342461   ,  13.9914    ])
likelihood = -7192.7
theta = 20203.19
Optimized parameters = [ 0.05369304  0.30458838  0.33067854 13.20044212]

Round_4_Replicate_5
834     , -12206.3    , array([ 0.0392339  ,  0.261694   ,  0.217905   ,  7.29441    ])
835     , -13105.8    , array([ 0.0333691  ,  0.261694   ,  0.217905   ,  7.29441    ])
836     , -12939.3    , array([ 0.0392339  ,  0.244728   ,  0.217905   ,  7.29441    ])
837     , -13373.3    , array([ 0.0392339  ,  0.261694   ,  0.201921   ,  7.29441    ])
838     , -12261.9    , array([ 0.0392339  ,  0.261694   ,  0.217905   ,  8.05638    ])
839     , -11878.5    , array([ 0.0361828  ,  0.253068   ,  0.235155   ,  7.66593    ])
840     , -11194.4    , array([ 0.0347475  ,  0.248863   ,  0.25377    ,  7.85873    ])
841     , -11311.3    , array([ 0.0434119  ,  0.246787   ,  0.235155   ,  7.95694    ])
842     , -10634.2    , array([ 0.0388388  ,  0.265003   ,  0.244286   ,  8.31044    ])
843     , -9712.64    , array([ 0.0386428  ,  0.275763   ,  0.25865    ,  8.87035    ])
844     , -9953.36    , array([ 0.0385452  ,  0.254397   ,  0.266146   ,  7.89542    ])
845     , -9052.33    , array([ 0.0382054  ,  0.250826   ,  0.294135   ,  9.07229    ])
846     , -8008.55    , array([ 0.0377013  ,  0.245562   ,  0.341732   ,  10.1177    ])
847     , -8583.18    , array([ 0.0321774  ,  0.265316   ,  0.328568   ,  9.37839    ])
848     , -7622.65    , array([ 0.0386856  ,  0.27166    ,  0.346442   ,  10.3731    ])
849     , -7387.97    , array([ 0.040819   ,  0.28383    ,  0.404786   ,  11.9176    ])
850     , -7572.33    , array([ 0.035888   ,  0.280703   ,  0.407385   ,  12.6851    ])
851     , -8165.48    , array([ 0.0344977  ,  0.261264   ,  0.526087   ,  13.5022    ])
852     , -8489.97    , array([ 0.0428972  ,  0.269469   ,  0.524037   ,  15.3234    ])
853     , -7635.39    , array([ 0.0399217  ,  0.268425   ,  0.466313   ,  13.5534    ])
854     , -7868.78    , array([ 0.0430426  ,  0.277374   ,  0.308133   ,  10.6635    ])
855     , -8345.69    , array([ 0.0420827  ,  0.313643   ,  0.450441   ,  14.6095    ])
856     , -7471.3     , array([ 0.0387519  ,  0.261054   ,  0.366162   ,  11.091     ])
857     , -8636.04    , array([ 0.0349751  ,  0.269379   ,  0.544568   ,  14.1367    ])
858     , -7406.96    , array([ 0.0408661  ,  0.275353   ,  0.355277   ,  11.4423    ])
859     , -8064.65    , array([ 0.0381527  ,  0.281929   ,  0.314093   ,  10.2196    ])
860     , -7376.79    , array([ 0.0394719  ,  0.271739   ,  0.422447   ,  12.6298    ])
likelihood = -7376.79
theta = 24695.41
Optimized parameters = [ 0.03947192  0.27173898  0.42244744 12.62975465]

Round_1_Replicate_1
1718    , -571517     , array([ 2.72558    ,  6.85906    ,  1.00023    ,  3.83954    ])
1719    , -580655     , array([ 2.86571    ,  6.85906    ,  1.00023    ,  3.83954    ])
1720    , -579579     , array([ 2.72558    ,  7.55228    ,  1.00023    ,  3.83954    ])
1721    , -571519     , array([ 2.72558    ,  6.85906    ,  1.00024    ,  3.83954    ])
1722    , -569899     , array([ 2.72558    ,  6.85906    ,  1.00023    ,  4.1067     ])
1723    , -565136     , array([ 2.59231    ,  7.19733    ,  1.00023    ,  3.97087    ])
1724    , -556589     , array([ 2.46555    ,  7.37267    ,  1.00024    ,  4.03821    ])
1725    , -555707     , array([ 2.59231    ,  6.4585     ,  1.00024    ,  4.07231    ])
1726    , -543849     , array([ 2.52813    ,  5.97253    ,  1.00024    ,  4.19394    ])
likelihood = -543848.68
theta = 2505.28
Optimized parameters = [2.52813193 5.97253051 1.00024276 4.19393799]

Round_1_Replicate_2
1727    , -402097     , array([ 3.22191    ,  0.218456   ,  1.83518    ,  4.54656    ])
1728    , -405602     , array([ 3.41601    ,  0.218456   ,  1.83518    ,  4.54656    ])
1729    , -396452     , array([ 3.22191    ,  0.202457   ,  1.83518    ,  4.54656    ])
1730    , -406278     , array([ 3.22191    ,  0.218456   ,  1.89175    ,  4.54656    ])
1731    , -402143     , array([ 3.22191    ,  0.218456   ,  1.83518    ,  4.90419    ])
1732    , -396941     , array([ 3.31754    ,  0.210304   ,  1.78031    ,  4.72199    ])
1733    , -393174     , array([ 3.08361    ,  0.206343   ,  1.80754    ,  4.81223    ])
1734    , -386944     , array([ 2.92974    ,  0.200541   ,  1.79387    ,  4.95083    ])
likelihood = -386944.45
theta = 5667.98
Optimized parameters = [2.92973925 0.20054104 1.7938703  4.95082925]

Round_1_Replicate_3
1735    , -95708.6    , array([ 0.318221   ,  0.294585   ,  0.915991   ,  0.90711    ])
1736    , -91110.2    , array([ 0.300514   ,  0.294585   ,  0.915991   ,  0.90711    ])
1737    , -94984.4    , array([ 0.318221   ,  0.277122   ,  0.915991   ,  0.90711    ])
1738    , -95336.5    , array([ 0.318221   ,  0.294585   ,  0.911981   ,  0.90711    ])
1739    , -95719.3    , array([ 0.318221   ,  0.294585   ,  0.915991   ,  0.902699   ])
1740    , -92817.6    , array([ 0.309241   ,  0.285721   ,  0.913984   ,  0.911543   ])
1741    , -91409.9    , array([ 0.304846   ,  0.281389   ,  0.912982   ,  0.909324   ])
likelihood = -91110.23
theta = 17266.06
Optimized parameters = [0.30051433 0.2945854  0.91599117 0.90711021]

Round_1_Replicate_4
1742    , -129163     , array([ 0.310445   ,  2.614      ,  0.661418   ,  1.3801     ])
1743    , -125246     , array([ 0.292808   ,  2.614      ,  0.661418   ,  1.3801     ])
1744    , -130549     , array([ 0.310445   ,  2.74266    ,  0.661418   ,  1.3801     ])
1745    , -127257     , array([ 0.310445   ,  2.614      ,  0.647888   ,  1.3801     ])
1746    , -129135     , array([ 0.310445   ,  2.614      ,  0.661418   ,  1.40251    ])
1747    , -124814     , array([ 0.301498   ,  2.49139    ,  0.654618   ,  1.39126    ])
1748    , -121944     , array([ 0.297121   ,  2.37452    ,  0.651244   ,  1.39688    ])
1749    , -122679     , array([ 0.294957   ,  2.49139    ,  0.649564   ,  1.39969    ])
likelihood = -121943.89
theta = 8718.51
Optimized parameters = [0.29712132 2.37451907 0.65124444 1.3968757 ]

Round_1_Replicate_5
1750    , -229403     , array([ 0.193925   ,  6.83011    ,  2.05244    ,  5.23886    ])
1751    , -219854     , array([ 0.178655   ,  6.83011    ,  2.05244    ,  5.23886    ])
1752    , -230322     , array([ 0.193925   ,  7.51882    ,  2.05244    ,  5.23886    ])
1753    , -234109     , array([ 0.193925   ,  6.83011    ,  2.12757    ,  5.23886    ])
1754    , -229404     , array([ 0.193925   ,  6.83011    ,  2.05244    ,  5.69113    ])
1755    , -220542     , array([ 0.186134   ,  7.1662     ,  1.97996    ,  5.46031    ])
1756    , -219252     , array([ 0.182356   ,  6.35531    ,  2.01587    ,  5.57453    ])
1757    , -213849     , array([ 0.176833   ,  5.84293    ,  1.99783    ,  5.75034    ])
likelihood = -213849.04
theta = 8847.45
Optimized parameters = [0.17683312 5.84293072 1.99783489 5.75034058]

Round_1_Replicate_6
1758    , -160653     , array([ 0.218881   ,  5.92576    ,  0.991422   ,  6.40346    ])
1759    , -155235     , array([ 0.20287    ,  5.92576    ,  0.991422   ,  6.40346    ])
1760    , -161932     , array([ 0.218881   ,  6.47711    ,  0.991422   ,  6.40346    ])
1761    , -160615     , array([ 0.218881   ,  5.92576    ,  0.990996   ,  6.40346    ])
1762    , -160691     , array([ 0.218881   ,  5.92576    ,  0.991422   ,  7.02645    ])
1763    , -156551     , array([ 0.210723   ,  5.42134    ,  0.991209   ,  6.70773    ])
1764    , -155837     , array([ 0.206759   ,  5.66794    ,  0.991102   ,  5.97275    ])
likelihood = -155234.57
theta = 6386.69
Optimized parameters = [0.20287009 5.92575803 0.9914225  6.40346471]

Round_1_Replicate_7
1765    , -197680     , array([ 1.39611    ,  0.280754   ,  0.603238   ,  3.14405    ])
1766    , -199396     , array([ 1.4196     ,  0.280754   ,  0.603238   ,  3.14405    ])
1767    , -197259     , array([ 1.39611    ,  0.263477   ,  0.603238   ,  3.14405    ])
1768    , -194841     , array([ 1.39611    ,  0.280754   ,  0.588184   ,  3.14405    ])
1769    , -197773     , array([ 1.39611    ,  0.280754   ,  0.603238   ,  3.32938    ])
1770    , -194386     , array([ 1.37301    ,  0.271978   ,  0.595663   ,  3.23539    ])
1771    , -191909     , array([ 1.35029    ,  0.267694   ,  0.591912   ,  3.28205    ])
1772    , -193106     , array([ 1.37301    ,  0.265577   ,  0.590045   ,  3.03349    ])
likelihood = -191909.32
theta = 7128.12
Optimized parameters = [1.35029409 0.26769364 0.59191151 3.28204912]

Round_1_Replicate_8
1773    , -65013.8    , array([ 0.147799   ,  0.319083   ,  1.14845    ,  2.63094    ])
1774    , -60344.6    , array([ 0.134325   ,  0.319083   ,  1.14845    ,  2.63094    ])
1775    , -63823.5    , array([ 0.147799   ,  0.301369   ,  1.14845    ,  2.63094    ])
1776    , -65516.5    , array([ 0.147799   ,  0.319083   ,  1.15642    ,  2.63094    ])
1777    , -65043.1    , array([ 0.147799   ,  0.319083   ,  1.14845    ,  2.76131    ])
1778    , -61547.3    , array([ 0.140901   ,  0.3101     ,  1.14052    ,  2.69534    ])
1779    , -60293.9    , array([ 0.137574   ,  0.305703   ,  1.14448    ,  2.53721    ])
1780    , -58013.5    , array([ 0.132729   ,  0.299225   ,  1.1425     ,  2.43207    ])
likelihood = -58013.54
theta = 25550.71
Optimized parameters = [0.13272924 0.29922516 1.14249981 2.43207172]

Round_1_Replicate_9
1781    , -218927     , array([ 4.19156    ,  1.87163    ,  0.189798   ,  2.31221    ])
1782    , -225366     , array([ 4.50293    ,  1.87163    ,  0.189798   ,  2.31221    ])
1783    , -220738     , array([ 4.19156    ,  1.93121    ,  0.189798   ,  2.31221    ])
1784    , -209794     , array([ 4.19156    ,  1.87163    ,  0.174666   ,  2.31221    ])
1785    , -217785     , array([ 4.19156    ,  1.87163    ,  0.189798   ,  2.41118    ])
1786    , -208151     , array([ 3.90173    ,  1.90119    ,  0.182075   ,  2.36118    ])
1787    , -199617     , array([ 3.63194    ,  1.91614    ,  0.178332   ,  2.38605    ])
1788    , -202453     , array([ 3.90173    ,  1.83532    ,  0.176489   ,  2.39858    ])
likelihood = -199617.46
theta = 3173.5
Optimized parameters = [3.63193797 1.91614279 0.17833171 2.38604543]

Round_1_Replicate_10
1789    , -253410     , array([ 2.0549     ,  0.222309   ,  0.737207   ,  2.47335    ])
1790    , -256469     , array([ 2.13024    ,  0.222309   ,  0.737207   ,  2.47335    ])
1791    , -251989     , array([ 2.0549     ,  0.206208   ,  0.737207   ,  2.47335    ])
1792    , -251697     , array([ 2.0549     ,  0.222309   ,  0.726055   ,  2.47335    ])
1793    , -253593     , array([ 2.0549     ,  0.222309   ,  0.737207   ,  2.58791    ])
1794    , -248858     , array([ 1.98221    ,  0.214107   ,  0.73161    ,  2.52998    ])
1795    , -245051     , array([ 1.9121     ,  0.210121   ,  0.728827   ,  2.55879    ])
1796    , -247537     , array([ 1.98221    ,  0.208155   ,  0.727439   ,  2.40434    ])
likelihood = -245051.27
theta = 6265.27
Optimized parameters = [1.91210172 0.21012058 0.72882683 2.55878502]

Round_2_Replicate_1
1797    , -59953.4    , array([ 0.267927   ,  0.252235   ,  0.673616   ,  5.74922    ])
1798    , -56201.7    , array([ 0.250852   ,  0.252235   ,  0.673616   ,  5.74922    ])
1799    , -59929.8    , array([ 0.267927   ,  0.235448   ,  0.673616   ,  5.74922    ])
1800    , -58789.3    , array([ 0.267927   ,  0.252235   ,  0.660439   ,  5.74922    ])
1801    , -59950.7    , array([ 0.267927   ,  0.252235   ,  0.673616   ,  6.27465    ])
1802    , -57453.8    , array([ 0.259249   ,  0.243697   ,  0.666995   ,  6.0062     ])
1803    , -56247.8    , array([ 0.255016   ,  0.239537   ,  0.663709   ,  5.38423    ])
1804    , -54541.1    , array([ 0.248796   ,  0.258834   ,  0.65881    ,  5.68672    ])
1805    , -52078.5    , array([ 0.239749   ,  0.271384   ,  0.65153    ,  5.65572    ])
1806    , -52237.3    , array([ 0.235349   ,  0.250612   ,  0.667407   ,  5.64028    ])
likelihood = -52078.53
theta = 18615.43
Optimized parameters = [0.23974867 0.27138401 0.65153011 5.65572041]

Round_2_Replicate_2
1807    , -30580.2    , array([ 0.217804   ,  0.27096    ,  0.421466   ,  2.22587    ])
1808    , -28020.6    , array([ 0.201822   ,  0.27096    ,  0.421466   ,  2.22587    ])
1809    , -30830.3    , array([ 0.217804   ,  0.253835   ,  0.421466   ,  2.22587    ])
1810    , -29394.3    , array([ 0.217804   ,  0.27096    ,  0.403646   ,  2.22587    ])
1811    , -30524.1    , array([ 0.217804   ,  0.27096    ,  0.421466   ,  2.31673    ])
1812    , -28501.9    , array([ 0.209661   ,  0.289241   ,  0.41246    ,  2.27085    ])
1813    , -27654.5    , array([ 0.205704   ,  0.279952   ,  0.408029   ,  2.29367    ])
1814    , -26287.7    , array([ 0.199909   ,  0.284559   ,  0.401472   ,  2.32834    ])
1815    , -25715.1    , array([ 0.197073   ,  0.28689    ,  0.398233   ,  2.20924    ])
1816    , -23599.4    , array([ 0.187459   ,  0.295203   ,  0.387102   ,  2.15738    ])
1817    , -23998.9    , array([ 0.18283    ,  0.29945    ,  0.407204   ,  2.26376    ])
likelihood = -23599.4
theta = 18154.18
Optimized parameters = [0.18745911 0.29520336 0.38710164 2.15737726]

Round_2_Replicate_3
1818    , -294380     , array([ 0.282474   ,  0.409285   ,  3.72154    ,  5.76584    ])
1819    , -285193     , array([ 0.265172   ,  0.409285   ,  3.72154    ,  5.76584    ])
1820    , -292035     , array([ 0.282474   ,  0.391406   ,  3.72154    ,  5.76584    ])
1821    , -307602     , array([ 0.282474   ,  0.409285   ,  3.97429    ,  5.76584    ])
1822    , -294382     , array([ 0.282474   ,  0.409285   ,  3.72154    ,  6.2937     ])
1823    , -275817     , array([ 0.273686   ,  0.400245   ,  3.48487    ,  6.02399    ])
1824    , -260611     , array([ 0.269396   ,  0.395801   ,  3.26325    ,  6.15737    ])
1825    , -271624     , array([ 0.267276   ,  0.393597   ,  3.48487    ,  5.45866    ])
1826    , -260614     , array([ 0.259986   ,  0.38598    ,  3.37224    ,  5.7975     ])
1827    , -247723     , array([ 0.249422   ,  0.400804   ,  3.21009    ,  5.81339    ])
1828    , -227099     , array([ 0.234376   ,  0.405588   ,  2.98135    ,  5.83731    ])
likelihood = -227099.45
theta = 19827.42
Optimized parameters = [0.23437565 0.40558818 2.98135444 5.8373069 ]

Round_2_Replicate_4
1829    , -27065.5    , array([ 0.0442327  ,  0.110445   ,  1.80358    ,  9.21819    ])
1830    , -23314.9    , array([ 0.0378469  ,  0.110445   ,  1.80358    ,  9.21819    ])
1831    , -26110.6    , array([ 0.0442327  ,  0.0989247  ,  1.80358    ,  9.21819    ])
1832    , -28159      , array([ 0.0442327  ,  0.110445   ,  1.85756    ,  9.21819    ])
1833    , -27065.5    , array([ 0.0442327  ,  0.110445   ,  1.80358    ,  10.301     ])
1834    , -23595.2    , array([ 0.0409154  ,  0.104526   ,  1.75117    ,  9.74455    ])
1835    , -22921.8    , array([ 0.0393513  ,  0.101687   ,  1.77718    ,  10.0189    ])
1836    , -21072.9    , array([ 0.0371164  ,  0.0975719  ,  1.76413    ,  10.445     ])
1837    , -20202.3    , array([ 0.0360471  ,  0.0955772  ,  1.75764    ,  9.02822    ])
1838    , -17429.2    , array([ 0.0325412  ,  0.0889114  ,  1.73511    ,  8.45209    ])
1839    , -17316      , array([ 0.0309183  ,  0.101163   ,  1.72395    ,  9.66037    ])
1840    , -14394.8    , array([ 0.0258495  ,  0.102301   ,  1.68547    ,  9.88935    ])
likelihood = -14394.78
theta = 72348.7
Optimized parameters = [0.02584945 0.1023015  1.68546518 9.88934717]

Round_2_Replicate_5
1841    , -41292.6    , array([ 0.105095   ,  0.252205   ,  1.10367    ,  0.642471   ])
1842    , -37424.8    , array([ 0.0938993  ,  0.252205   ,  1.10367    ,  0.642471   ])
1843    , -40092      , array([ 0.105095   ,  0.235419   ,  1.10367    ,  0.642471   ])
1844    , -41535.5    , array([ 0.105095   ,  0.252205   ,  1.10913    ,  0.642471   ])
1845    , -41292.6    , array([ 0.105095   ,  0.252205   ,  1.10367    ,  0.628414   ])
1846    , -38436.8    , array([ 0.0993396  ,  0.243667   ,  1.09824    ,  0.635404   ])
1847    , -37301.2    , array([ 0.0965812  ,  0.239508   ,  1.10095    ,  0.653219   ])
1848    , -35434.1    , array([ 0.0925864  ,  0.233401   ,  1.0996     ,  0.665986   ])
1849    , -34512.3    , array([ 0.0906514  ,  0.230406   ,  1.09892    ,  0.650515   ])
1850    , -31480.6    , array([ 0.0841919  ,  0.220224   ,  1.09655    ,  0.654575   ])
1851    , -31749      , array([ 0.0811368  ,  0.238736   ,  1.09537    ,  0.656615   ])
likelihood = -31480.58
theta = 29790.96
Optimized parameters = [0.08419186 0.2202235  1.09655086 0.65457523]

Round_2_Replicate_6
1852    , -144789     , array([ 0.144556   ,  0.106904   ,  3.347      ,  1.24809    ])
1853    , -134947     , array([ 0.131231   ,  0.106904   ,  3.347      ,  1.24809    ])
1854    , -143171     , array([ 0.144556   ,  0.0955965  ,  3.347      ,  1.24809    ])
1855    , -152272     , array([ 0.144556   ,  0.106904   ,  3.5554     ,  1.24809    ])
1856    , -144817     , array([ 0.144556   ,  0.106904   ,  3.347      ,  1.26199    ])
1857    , -131997     , array([ 0.137732   ,  0.101092   ,  3.15081    ,  1.25502    ])
1858    , -122682     , array([ 0.134442   ,  0.0983059  ,  2.96613    ,  1.2585     ])
1859    , -127894     , array([ 0.132827   ,  0.0969417  ,  3.15081    ,  1.23947    ])
1860    , -120095     , array([ 0.127325   ,  0.0923145  ,  3.05707    ,  1.24895    ])
1861    , -109123     , array([ 0.119495   ,  0.0857845  ,  2.92167    ,  1.24939    ])
1862    , -105286     , array([ 0.115763   ,  0.0977921  ,  2.85624    ,  1.2496     ])
1863    , -89183.3    , array([ 0.103595   ,  0.0989087  ,  2.63854    ,  1.25036    ])
likelihood = -89183.29
theta = 49409.5
Optimized parameters = [0.10359472 0.09890871 2.63853979 1.25035886]

Round_2_Replicate_7
1864    , -75936.2    , array([ 0.0616162  ,  0.327626   ,  2.22237    ,  3.42985    ])
1865    , -70788.3    , array([ 0.0536018  ,  0.327626   ,  2.22237    ,  3.42985    ])
1866    , -73955      , array([ 0.0616162  ,  0.309847   ,  2.22237    ,  3.42985    ])
1867    , -78987      , array([ 0.0616162  ,  0.327626   ,  2.3129     ,  3.42985    ])
1868    , -75939.7    , array([ 0.0616162  ,  0.327626   ,  2.22237    ,  3.64787    ])
1869    , -69417.2    , array([ 0.0574695  ,  0.318612   ,  2.13538    ,  3.53718    ])
1870    , -64981      , array([ 0.055502   ,  0.314199   ,  2.0518     ,  3.5921     ])
1871    , -66873.4    , array([ 0.0545436  ,  0.312015   ,  2.13538    ,  3.30026    ])
1872    , -62723.2    , array([ 0.0513179  ,  0.304491   ,  2.09317    ,  3.44309    ])
1873    , -56932.8    , array([ 0.0468334  ,  0.293544   ,  2.03142    ,  3.44973    ])
1874    , -57079.8    , array([ 0.0447403  ,  0.313378   ,  2.00123    ,  3.45305    ])
likelihood = -56932.75
theta = 40409.26
Optimized parameters = [0.04683338 0.29354372 2.03141965 3.4497267 ]

Round_2_Replicate_8
1875    , -149271     , array([ 0.053463   ,  0.923433   ,  3.90765    ,  9.17066    ])
1876    , -139882     , array([ 0.0461802  ,  0.923433   ,  3.90765    ,  9.17066    ])
1877    , -149185     , array([ 0.053463   ,  0.919762   ,  3.90765    ,  9.17066    ])
1878    , -155504     , array([ 0.053463   ,  0.923433   ,  4.18322    ,  9.17066    ])
1879    , -149271     , array([ 0.053463   ,  0.923433   ,  3.90765    ,  10.2452    ])
1880    , -138705     , array([ 0.0496884  ,  0.921596   ,  3.65022    ,  9.69305    ])
1881    , -131193     , array([ 0.0479022  ,  0.920679   ,  3.40976    ,  9.96531    ])
1882    , -135449     , array([ 0.0470333  ,  0.92022    ,  3.65022    ,  8.55708    ])
1883    , -129302     , array([ 0.0441145  ,  0.918618   ,  3.52794    ,  9.23439    ])
1884    , -120957     , array([ 0.0400725  ,  0.91622    ,  3.35216    ,  9.26642    ])
1885    , -117282     , array([ 0.0381925  ,  0.920507   ,  3.26758    ,  9.28247    ])
1886    , -105834     , array([ 0.0322805  ,  0.920879   ,  2.98801    ,  9.33889    ])
likelihood = -105833.82
theta = 29040.81
Optimized parameters = [0.03228052 0.92087922 2.98800846 9.33889036]

Round_2_Replicate_9
1887    , -220334     , array([ 0.251714   ,  0.101704   ,  3.65418    ,  2.81196    ])
1888    , -211939     , array([ 0.234937   ,  0.101704   ,  3.65418    ,  2.81196    ])
1889    , -217762     , array([ 0.251714   ,  0.0907205  ,  3.65418    ,  2.81196    ])
1890    , -229893     , array([ 0.251714   ,  0.101704   ,  3.89878    ,  2.81196    ])
1891    , -220334     , array([ 0.251714   ,  0.101704   ,  3.65418    ,  2.96114    ])
1892    , -205737     , array([ 0.243181   ,  0.0960554  ,  3.42492    ,  2.88559    ])
1893    , -194394     , array([ 0.239024   ,  0.0933498  ,  3.21004    ,  2.92312    ])
1894    , -201865     , array([ 0.236972   ,  0.0920258  ,  3.42492    ,  2.72256    ])
1895    , -193146     , array([ 0.229928   ,  0.0875377  ,  3.31574    ,  2.82106    ])
1896    , -180709     , array([ 0.219752   ,  0.0812126  ,  3.15846    ,  2.82562    ])
1897    , -176708     , array([ 0.214835   ,  0.0928511  ,  3.08264    ,  2.8279     ])
1898    , -157545     , array([ 0.198474   ,  0.0939351  ,  2.83133    ,  2.83591    ])
likelihood = -157545.1
theta = 36135.29
Optimized parameters = [0.19847403 0.09393508 2.83132814 2.83590766]

Round_2_Replicate_10
1899    , -38139.1    , array([ 0.285453   ,  0.245932   ,  0.366834   ,  1.64377    ])
1900    , -35594.3    , array([ 0.268109   ,  0.245932   ,  0.366834   ,  1.64377    ])
1901    , -38734.3    , array([ 0.285453   ,  0.229275   ,  0.366834   ,  1.64377    ])
1902    , -36789.7    , array([ 0.285453   ,  0.245932   ,  0.348893   ,  1.64377    ])
1903    , -38076.5    , array([ 0.285453   ,  0.245932   ,  0.366834   ,  1.68513    ])
1904    , -35644      , array([ 0.276646   ,  0.2638     ,  0.357751   ,  1.66432    ])
1905    , -34927.3    , array([ 0.272344   ,  0.25471    ,  0.353295   ,  1.67469    ])
1906    , -33410.9    , array([ 0.266017   ,  0.259215   ,  0.346714   ,  1.69037    ])
1907    , -32769.3    , array([ 0.262909   ,  0.261497   ,  0.343469   ,  1.63613    ])
1908    , -30383.8    , array([ 0.252313   ,  0.269646   ,  0.332351   ,  1.61216    ])
1909    , -30847.5    , array([ 0.247176   ,  0.273814   ,  0.352465   ,  1.66109    ])
likelihood = -30383.76
theta = 16971.33
Optimized parameters = [0.25231299 0.26964557 0.33235089 1.61216298]

Round_3_Replicate_1
1910    , -59081.9    , array([ 0.0573866  ,  0.117934   ,  2.7486     ,  8.692      ])
1911    , -52586.8    , array([ 0.0497452  ,  0.117934   ,  2.7486     ,  8.692      ])
1912    , -57229.9    , array([ 0.0573866  ,  0.105979   ,  2.7486     ,  8.692      ])
1913    , -62555.2    , array([ 0.0573866  ,  0.117934   ,  2.89112    ,  8.692      ])
1914    , -59082.1    , array([ 0.0573866  ,  0.117934   ,  2.7486     ,  9.68447    ])
1915    , -51601.2    , array([ 0.0534295  ,  0.111797   ,  2.6131     ,  9.17482    ])
1916    , -46703.7    , array([ 0.0515545  ,  0.108849   ,  2.48428    ,  9.4262     ])
1917    , -48641.2    , array([ 0.0506418  ,  0.107405   ,  2.6131     ,  8.12404    ])
1918    , -43979.1    , array([ 0.0475727  ,  0.102498   ,  2.54787    ,  8.75094    ])
1919    , -37645.3    , array([ 0.0433143  ,  0.0955549  ,  2.45308    ,  8.78055    ])
1920    , -36955      , array([ 0.0413302  ,  0.108305   ,  2.40701    ,  8.7954     ])
1921    , -29558.3    , array([ 0.0350749  ,  0.109487   ,  2.25248    ,  8.84756    ])
1922    , -29796.5    , array([ 0.0400359  ,  0.0937764  ,  2.17898    ,  8.87376    ])
1923    , -25020.1    , array([ 0.0349674  ,  0.0962154  ,  2.09294    ,  9.92253    ])
1924    , -17472.1    , array([ 0.0290563  ,  0.0910659  ,  1.87309    ,  10.966     ])
1925    , -15696.7    , array([ 0.0257865  ,  0.0868376  ,  1.91158    ,  9.22388    ])
1926    , -9301.88    , array([ 0.0182371  ,  0.0775621  ,  1.67682    ,  9.12435    ])
1927    , -10037.9    , array([ 0.0199155  ,  0.0891206  ,  1.60055    ,  10.0941    ])
1928    , -8377.65    , array([ 0.0151964  ,  0.0885278  ,  1.54431    ,  10.6528    ])
likelihood = -8377.65
theta = 80804.81
Optimized parameters = [ 0.01519644  0.08852783  1.54430899 10.65278523]

Round_3_Replicate_2
1930    , -13508.9    , array([ 0.0101     ,  0.126092   ,  0.549478   ,  14.2668    ])
1932    , -14288.9    , array([ 0.0101     ,  0.11369    ,  0.549478   ,  14.2668    ])
1933    , -13938.2    , array([ 0.0101     ,  0.126092   ,  0.533271   ,  14.2668    ])
1934    , -13509.5    , array([ 0.0101     ,  0.126092   ,  0.549478   ,  16.2946    ])
1935    , -12492.8    , array([ 0.0127088  ,  0.119731   ,  0.541314   ,  15.247     ])
1936    , -11470      , array([ 0.0159915  ,  0.116671   ,  0.537277   ,  15.7621    ])
1937    , -11831.9    , array([ 0.0127088  ,  0.134521   ,  0.53527    ,  16.0261    ])
1938    , -11169.9    , array([ 0.014256   ,  0.125279   ,  0.552571   ,  16.9855    ])
1939    , -10068      , array([ 0.016937   ,  0.124874   ,  0.562482   ,  18.5334    ])
1940    , -10112.8    , array([ 0.018461   ,  0.124672   ,  0.542581   ,  15.8606    ])
1941    , -9269.31    , array([ 0.0249586  ,  0.123968   ,  0.539166   ,  19.0999    ])
1942    , -9581.66    , array([ 0.0392347  ,  0.12292    ,  0.534082   ,  22.0996    ])
1943    , -9786.31    , array([ 0.0277968  ,  0.111549   ,  0.555487   ,  18.5623    ])
1944    , -8611.59    , array([ 0.0291248  ,  0.125761   ,  0.562712   ,  20.4812    ])
1945    , -8715.36    , array([ 0.0393052  ,  0.130568   ,  0.575878   ,  23.3467    ])
1946    , -9087.04    , array([ 0.0316885  ,  0.118203   ,  0.567454   ,  23.1296    ])
1947    , -10938.8    , array([ 0.0472449  ,  0.114816   ,  0.549791   ,  22.1125    ])
1948    , -9312.2     , array([ 0.0218885  ,  0.12228    ,  0.559282   ,  19.3698    ])
likelihood = -8611.59
theta = 39110.79
Optimized parameters = [ 0.0291248   0.1257611   0.5627121  20.48119564]

Round_3_Replicate_3
1949    , -60492.3    , array([ 0.0439589  ,  0.143335   ,  3.12773    ,  5.06571    ])
1950    , -54555.8    , array([ 0.037601   ,  0.143335   ,  3.12773    ,  5.06571    ])
1951    , -57925      , array([ 0.0439589  ,  0.130068   ,  3.12773    ,  5.06571    ])
1952    , -64491.1    , array([ 0.0439589  ,  0.143335   ,  3.31124    ,  5.06571    ])
1953    , -60492.2    , array([ 0.0439589  ,  0.143335   ,  3.12773    ,  5.4938     ])
1954    , -52458.1    , array([ 0.0406559  ,  0.136541   ,  2.95439    ,  5.27542    ])
1955    , -47088.2    , array([ 0.0390986  ,  0.133265   ,  2.79065    ,  5.3835     ])
1956    , -49462.8    , array([ 0.0383425  ,  0.131657   ,  2.95439    ,  5.43837    ])
1957    , -44545      , array([ 0.0358094  ,  0.12618    ,  2.87135    ,  4.98924    ])
1958    , -37865.8    , array([ 0.03232    ,  0.118388   ,  2.75116    ,  4.75462    ])
1959    , -38155.7    , array([ 0.030705   ,  0.13266    ,  2.69296    ,  5.24209    ])
1960    , -33008.4    , array([ 0.0324386  ,  0.115811   ,  2.49879    ,  5.33256    ])
1961    , -25011.1    , array([ 0.0301296  ,  0.104099   ,  2.23348    ,  5.47121    ])
1962    , -25971.4    , array([ 0.0281993  ,  0.112115   ,  2.30011    ,  4.98213    ])
1963    , -19960.2    , array([ 0.0234852  ,  0.101593   ,  2.21071    ,  4.84166    ])
1964    , -12571.5    , array([ 0.0182017  ,  0.0887022  ,  1.96764    ,  4.59155    ])
1965    , -14350.5    , array([ 0.0230249  ,  0.0834519  ,  1.95824    ,  4.65353    ])
1966    , -9060.96    , array([ 0.0184629  ,  0.0785115  ,  1.61717    ,  5.07581    ])
1967    , -7883.37    , array([ 0.0139544  ,  0.0639362  ,  1.23987    ,  5.24445    ])
likelihood = -7883.37
theta = 82608.93
Optimized parameters = [0.01395443 0.06393615 1.23986744 5.24444907]

Round_3_Replicate_4
1968    , -35427.4    , array([ 0.0261246  ,  0.354409   ,  1.36372    ,  9.81767    ])
1969    , -34725.9    , array([ 0.0217722  ,  0.354409   ,  1.36372    ,  9.81767    ])
1970    , -33753.1    , array([ 0.0261246  ,  0.336496   ,  1.36372    ,  9.81767    ])
1971    , -36017.2    , array([ 0.0261246  ,  0.354409   ,  1.38504    ,  9.81767    ])
1972    , -35426.6    , array([ 0.0261246  ,  0.354409   ,  1.36372    ,  11.0055    ])
1973    , -33613.2    , array([ 0.0238493  ,  0.345336   ,  1.34273    ,  10.3946    ])
1974    , -32501.4    , array([ 0.0227871  ,  0.340887   ,  1.32207    ,  10.6957    ])
1975    , -32769.1    , array([ 0.0222739  ,  0.338685   ,  1.34273    ,  10.8495    ])
1976    , -31604.8    , array([ 0.0205669  ,  0.331086   ,  1.33236    ,  9.60967    ])
1977    , -30043.9    , array([ 0.0182485  ,  0.320007   ,  1.31695    ,  8.97963    ])
1978    , -29645.2    , array([ 0.0225933  ,  0.314607   ,  1.30931    ,  10.3023    ])
1979    , -27262.1    , array([ 0.0230154  ,  0.296415   ,  1.28293    ,  10.5535    ])
1980    , -28061.5    , array([ 0.0176732  ,  0.310994   ,  1.26993    ,  10.6814    ])
1981    , -26236      , array([ 0.0184642  ,  0.296085   ,  1.25433    ,  9.5904     ])
1982    , -23459.7    , array([ 0.0168111  ,  0.276838   ,  1.21234    ,  9.01676    ])
1983    , -22570.7    , array([ 0.0155021  ,  0.265099   ,  1.21993    ,  8.93218    ])
1984    , -19040.6    , array([ 0.0127862  ,  0.233779   ,  1.17186    ,  8.16266    ])
1985    , -18873.1    , array([ 0.0162034  ,  0.24137    ,  1.15524    ,  10.1437    ])
1986    , -14742.9    , array([ 0.0152685  ,  0.209626   ,  1.08199    ,  10.7811    ])
1987    , -14542.7    , array([ 0.015551   ,  0.203909   ,  1.10581    ,  8.56729    ])
1988    , -10508.5    , array([ 0.0145875  ,  0.165111   ,  1.03189    ,  7.67275    ])
likelihood = -10508.55
theta = 51163.18
Optimized parameters = [0.0145875  0.16511148 1.03188877 7.67274894]

Round_3_Replicate_5
1989    , -29389.3    , array([ 0.0101     ,  0.32074    ,  1.21026    ,  22.4522    ])
1991    , -27685.6    , array([ 0.0101     ,  0.303012   ,  1.21026    ,  22.4522    ])
1992    , -29630.7    , array([ 0.0101     ,  0.32074    ,  1.22186    ,  22.4522    ])
1993    , -29387.4    , array([ 0.0101     ,  0.32074    ,  1.21026    ,  26.2315    ])
1994    , -27624.8    , array([ 0.0127088  ,  0.31175    ,  1.21604    ,  24.2684    ])
1995    , -26641.1    , array([ 0.0159915  ,  0.30735    ,  1.21895    ,  25.2308    ])
1996    , -26715.3    , array([ 0.0127088  ,  0.305173   ,  1.20306    ,  25.7263    ])
1997    , -25791.9    , array([ 0.014256   ,  0.297676   ,  1.21098    ,  27.5382    ])
1999    , -24402      , array([ 0.016937   ,  0.286774   ,  1.21134    ,  24.1507    ])
2000    , -22968.9    , array([ 0.0219327  ,  0.271165   ,  1.21188    ,  23.173     ])
2001    , -24847.1    , array([ 0.0249586  ,  0.287156   ,  1.21215    ,  28.6652    ])
2002    , -24599.1    , array([ 0.0277968  ,  0.276578   ,  1.224      ,  26.4074    ])
2003    , -22980.1    , array([ 0.0291248  ,  0.260509   ,  1.21055    ,  27.5466    ])
2004    , -27213.5    , array([ 0.0466969  ,  0.251624   ,  1.2183     ,  25.2423    ])
2005    , -24243.1    , array([ 0.0191787  ,  0.285428   ,  1.2128     ,  26.9454    ])
2006    , -22161.6    , array([ 0.0233811  ,  0.260056   ,  1.21745    ,  23.5113    ])
2007    , -20900.7    , array([ 0.0226301  ,  0.24748    ,  1.2201     ,  21.293     ])
likelihood = -20900.74
theta = 42691.78
Optimized parameters = [ 0.02263006  0.24748017  1.22010496 21.29299071]

Round_4_Replicate_1
2008    , -7583.14    , array([ 0.0109059  ,  0.0687326  ,  1.30366    ,  2.8981     ])
2010    , -8098.34    , array([ 0.0109059  ,  0.0601203  ,  1.30366    ,  2.8981     ])
2011    , -7526.83    , array([ 0.0109059  ,  0.0687326  ,  1.32106    ,  2.8981     ])
2012    , -7581.62    , array([ 0.0109059  ,  0.0687326  ,  1.30366    ,  3.05646    ])
2013    , -7601.25    , array([ 0.0136703  ,  0.0642824  ,  1.31233    ,  2.97622    ])
2014    , -7246.46    , array([ 0.0122102  ,  0.0759922  ,  1.31669    ,  3.01607    ])
2015    , -7316.78    , array([ 0.0129196  ,  0.0854365  ,  1.32326    ,  3.07685    ])
2017    , -7445.99    , array([ 0.0123838  ,  0.0673098  ,  1.31179    ,  2.97128    ])
2018    , -7287.18    , array([ 0.0122967  ,  0.0715193  ,  1.32298    ,  3.07429    ])
2019    , -7219.87    , array([ 0.0130572  ,  0.0729548  ,  1.33275    ,  2.9235     ])
2020    , -7224.46    , array([ 0.0142871  ,  0.0751622  ,  1.34753    ,  2.85921    ])
2021    , -7221.61    , array([ 0.0142871  ,  0.0751622  ,  1.321      ,  3.09674    ])
2022    , -7222.78    , array([ 0.0135144  ,  0.0811045  ,  1.33499    ,  3.08357    ])
2023    , -7234.08    , array([ 0.0142682  ,  0.081285   ,  1.3297     ,  2.98474    ])
2024    , -7327.57    , array([ 0.0155331  ,  0.0791199  ,  1.34263    ,  3.02651    ])
2025    , -7197.02    , array([ 0.0129675  ,  0.0767623  ,  1.32313    ,  3.01868    ])
2026    , -7255.34    , array([ 0.0126723  ,  0.0718808  ,  1.32621    ,  3.07562    ])
2027    , -7198.57    , array([ 0.0138513  ,  0.0788245  ,  1.32882    ,  3.00721    ])
2028    , -7279.01    , array([ 0.0135448  ,  0.0710209  ,  1.31789    ,  2.93995    ])
2029    , -7193.42    , array([ 0.013522   ,  0.0784568  ,  1.3307     ,  3.04702    ])
2030    , -7222.13    , array([ 0.0124645  ,  0.0782974  ,  1.33674    ,  2.90386    ])
2031    , -7197.22    , array([ 0.0138078  ,  0.075934   ,  1.32491    ,  3.04735    ])
2032    , -7231.42    , array([ 0.0140251  ,  0.082297   ,  1.32105    ,  3.1404     ])
2033    , -7195.85    , array([ 0.0132927  ,  0.0751859  ,  1.32981    ,  2.97628    ])
2034    , -7209.95    , array([ 0.0129517  ,  0.07439    ,  1.32545    ,  3.03725    ])
2035    , -7190.78    , array([ 0.0136207  ,  0.0776917  ,  1.32798    ,  3.01469    ])
likelihood = -7190.78
theta = 80156.61
Optimized parameters = [0.0136207  0.07769167 1.32797881 3.01468999]

Round_4_Replicate_2
2036    , -17311      , array([ 0.0203816  ,  0.0524004  ,  0.698124   ,  5.6126     ])
2037    , -17593.5    , array([ 0.0167764  ,  0.0524004  ,  0.698124   ,  5.6126     ])
2038    , -20123.8    , array([ 0.0203816  ,  0.045217   ,  0.698124   ,  5.6126     ])
2039    , -17649.1    , array([ 0.0203816  ,  0.0524004  ,  0.685692   ,  5.6126     ])
2040    , -17310.5    , array([ 0.0203816  ,  0.0524004  ,  0.698124   ,  6.11818    ])
2041    , -15066      , array([ 0.0184914  ,  0.0607251  ,  0.69188    ,  5.85994    ])
2042    , -13046.9    , array([ 0.017613   ,  0.0703722  ,  0.688779   ,  5.98767    ])
2043    , -14849.9    , array([ 0.0171896  ,  0.0607251  ,  0.706008   ,  6.05257    ])
2044    , -13645.4    , array([ 0.0211392  ,  0.065371   ,  0.697341   ,  6.28533    ])
2045    , -12355.6    , array([ 0.0177205  ,  0.0730146  ,  0.696949   ,  6.65135    ])
2046    , -10649.6    , array([ 0.0165232  ,  0.0861881  ,  0.696362   ,  7.24074    ])
2047    , -10005.7    , array([ 0.0159553  ,  0.093641   ,  0.696069   ,  6.63792    ])
2048    , -8929.79    , array([ 0.0141169  ,  0.125179   ,  0.695044   ,  6.91412    ])
2049    , -8540.62    , array([ 0.017144   ,  0.116015   ,  0.682931   ,  7.17155    ])
2050    , -8172.44    , array([ 0.0171212  ,  0.160357   ,  0.671676   ,  7.80637    ])
2051    , -9860.61    , array([ 0.0125462  ,  0.168791   ,  0.678577   ,  7.69636    ])
2052    , -12716.6    , array([ 0.0127088  ,  0.242832   ,  0.681904   ,  9.15945    ])
2053    , -9548.85    , array([ 0.0137891  ,  0.178168   ,  0.683616   ,  8.236      ])
2054    , -14992.9    , array([ 0.0123756  ,  0.28507    ,  0.668277   ,  8.07813    ])
2055    , -8867.94    , array([ 0.0153714  ,  0.116231   ,  0.689232   ,  7.44158    ])
2056    , -8121.8     , array([ 0.0180405  ,  0.120792   ,  0.691156   ,  7.47306    ])
2057    , -8604.6     , array([ 0.021633   ,  0.102184   ,  0.697533   ,  7.36385    ])
2058    , -9586.35    , array([ 0.018775   ,  0.0942236  ,  0.689834   ,  6.65209    ])
2059    , -8640.24    , array([ 0.0148953  ,  0.151937   ,  0.685165   ,  7.80777    ])
2060    , -7744.17    , array([ 0.0188379  ,  0.147749   ,  0.673653   ,  8.4204     ])
2061    , -7449.65    , array([ 0.0217611  ,  0.160516   ,  0.663206   ,  9.29246    ])
2062    , -8071.42    , array([ 0.0205846  ,  0.186995   ,  0.666384   ,  8.74254    ])
2063    , -7231.55    , array([ 0.0249721  ,  0.158699   ,  0.661088   ,  8.81721    ])
2064    , -7337.94    , array([ 0.0323339  ,  0.162192   ,  0.649368   ,  9.36986    ])
likelihood = -7231.55
theta = 40075.83
Optimized parameters = [0.0249721  0.15869911 0.66108767 8.81720602]

Round_4_Replicate_3
2065    , -13885.9    , array([ 0.0111213  ,  0.0361927  ,  1.24462    ,  2.79393    ])
2067    , -16592.6    , array([ 0.0111213  ,  0.0306586  ,  1.24462    ,  2.79393    ])
2068    , -13709.7    , array([ 0.0111213  ,  0.0361927  ,  1.25831    ,  2.79393    ])
2069    , -13881.8    , array([ 0.0111213  ,  0.0361927  ,  1.24462    ,  2.94121    ])
2070    , -15152.4    , array([ 0.0139267  ,  0.0333109  ,  1.25145    ,  2.86662    ])
2071    , -11939.8    , array([ 0.0124452  ,  0.0409896  ,  1.25487    ,  2.90367    ])
2072    , -10165.8    , array([ 0.0131652  ,  0.0473951  ,  1.26003    ,  2.96015    ])
2074    , -13864.2    , array([ 0.0127105  ,  0.0359123  ,  1.25166    ,  2.86892    ])
2075    , -11779.9    , array([ 0.0129358  ,  0.0412561  ,  1.26273    ,  2.99001    ])
2076    , -10941.5    , array([ 0.0139512  ,  0.0440476  ,  1.27188    ,  2.86375    ])
2077    , -9667.38    , array([ 0.0127889  ,  0.0491631  ,  1.2749     ,  2.93325    ])
2078    , -8296.37    , array([ 0.0128283  ,  0.0575224  ,  1.28669    ,  2.96595    ])
2079    , -8080.11    , array([ 0.015698   ,  0.0614991  ,  1.28238    ,  3.10333    ])
2080    , -7718.57    , array([ 0.0186503  ,  0.0801665  ,  1.29459    ,  3.27065    ])
2081    , -7385.17    , array([ 0.0162051  ,  0.0752063  ,  1.29392    ,  3.03285    ])
2082    , -8250.4     , array([ 0.0181377  ,  0.10154    ,  1.3098     ,  3.05451    ])
2083    , -7538.4     , array([ 0.016194   ,  0.0920422  ,  1.29569    ,  3.25872    ])
2084    , -9679.11    , array([ 0.0190329  ,  0.119207   ,  1.32625    ,  3.30776    ])
2085    , -7822.16    , array([ 0.0173574  ,  0.0946586  ,  1.30937    ,  3.21721    ])
2086    , -10771.8    , array([ 0.0227207  ,  0.125997   ,  1.31017    ,  3.43829    ])
2087    , -7405.45    , array([ 0.014799   ,  0.069979   ,  1.29252    ,  3.07758    ])
2088    , -7716.23    , array([ 0.0155052  ,  0.0658326  ,  1.27916    ,  3.10021    ])
2089    , -7355.43    , array([ 0.0131575  ,  0.0704421  ,  1.28603    ,  2.96904    ])
2090    , -7764.82    , array([ 0.0110513  ,  0.0660317  ,  1.28177    ,  2.82883    ])
2091    , -7361.79    , array([ 0.014579   ,  0.0887319  ,  1.30504    ,  3.06528    ])
likelihood = -7355.43
theta = 81995.69
Optimized parameters = [0.01315745 0.07044213 1.28603063 2.96903742]

Round_4_Replicate_4
2092    , -10125.2    , array([ 0.0229704  ,  0.0610266  ,  1.42798    ,  2.76321    ])
2093    , -8723.2     , array([ 0.0190207  ,  0.0610266  ,  1.42798    ,  2.76321    ])
2094    , -11046.3    , array([ 0.0229704  ,  0.0530634  ,  1.42798    ,  2.76321    ])
2095    , -10199.4    , array([ 0.0229704  ,  0.0610266  ,  1.45364    ,  2.76321    ])
2096    , -10126.1    , array([ 0.0229704  ,  0.0610266  ,  1.42798    ,  2.90727    ])
2097    , -8922.25    , array([ 0.0209024  ,  0.0701848  ,  1.44075    ,  2.83432    ])
2098    , -8700.44    , array([ 0.0199394  ,  0.0654457  ,  1.40903    ,  2.87056    ])
2099    , -8159.48    , array([ 0.0185773  ,  0.0677738  ,  1.38724    ,  2.92579    ])
2100    , -7993.95    , array([ 0.0179316  ,  0.0689688  ,  1.41374    ,  2.73701    ])
2101    , -7468.39    , array([ 0.0158433  ,  0.0733195  ,  1.40668    ,  2.65565    ])
2102    , -7329.72    , array([ 0.0148922  ,  0.0755967  ,  1.40316    ,  2.82309    ])
2103    , -7431.03    , array([ 0.0119909  ,  0.0841385  ,  1.39091    ,  2.85352    ])
2104    , -7311.12    , array([ 0.0138137  ,  0.0682195  ,  1.37245    ,  2.7468     ])
2105    , -7473.75    , array([ 0.0112296  ,  0.0672576  ,  1.33952    ,  2.70406    ])
2106    , -7293.6     , array([ 0.0129367  ,  0.0829521  ,  1.35754    ,  2.80912    ])
2107    , -8131.16    , array([ 0.0106689  ,  0.0967122  ,  1.32363    ,  2.83235    ])
2108    , -7480.31    , array([ 0.0110531  ,  0.0826355  ,  1.38237    ,  2.59958    ])
2109    , -7235.51    , array([ 0.0125852  ,  0.0786395  ,  1.38359    ,  2.67755    ])
2110    , -7312.84    , array([ 0.0115512  ,  0.079108   ,  1.35203    ,  2.8758     ])
2111    , -7433.6     , array([ 0.0108231  ,  0.0784866  ,  1.3305     ,  2.73037    ])
2112    , -7218.2     , array([ 0.0137501  ,  0.076309   ,  1.38463    ,  2.79962    ])
2113    , -7361.55    , array([ 0.0152237  ,  0.0736641  ,  1.39736    ,  2.64459    ])
2114    , -7222.27    , array([ 0.0123766  ,  0.0777104  ,  1.36322    ,  2.81617    ])
2115    , -7702.13    , array([ 0.0120499  ,  0.0911702  ,  1.37193    ,  2.80353    ])
2116    , -7197.15    , array([ 0.0133499  ,  0.0733491  ,  1.37232    ,  2.76088    ])
2117    , -7212.42    , array([ 0.0130708  ,  0.0705047  ,  1.39453    ,  2.7177     ])
2118    , -7248.08    , array([ 0.0136926  ,  0.0704195  ,  1.37368    ,  2.87254    ])
2119    , -7199.83    , array([ 0.0128533  ,  0.0764986  ,  1.3811     ,  2.72502    ])
2120    , -7275.6     , array([ 0.0141889  ,  0.0707037  ,  1.40331    ,  2.68658    ])
2121    , -7194.09    , array([ 0.0128067  ,  0.0758962  ,  1.37314    ,  2.7832     ])
likelihood = -7194.09
theta = 82790.74
Optimized parameters = [0.01280673 0.07589616 1.37313715 2.78319888]

Round_4_Replicate_5
2122    , -21521.3    , array([ 0.0190313  ,  0.0428645  ,  0.689636   ,  4.75236    ])
2123    , -21911.6    , array([ 0.0156114  ,  0.0428645  ,  0.689636   ,  4.75236    ])
2124    , -24923.1    , array([ 0.0190313  ,  0.0366187  ,  0.689636   ,  4.75236    ])
2125    , -21929.3    , array([ 0.0190313  ,  0.0428645  ,  0.676942   ,  4.75236    ])
2126    , -21518.9    , array([ 0.0190313  ,  0.0428645  ,  0.689636   ,  5.13754    ])
2127    , -18772.6    , array([ 0.0172367  ,  0.0501757  ,  0.68326    ,  4.9412     ])
2128    , -16206.4    , array([ 0.0164039  ,  0.0587338  ,  0.680093   ,  5.03841    ])
2129    , -18514.2    , array([ 0.0160028  ,  0.0501757  ,  0.697691   ,  5.08773    ])
2130    , -16952      , array([ 0.0197514  ,  0.0542864  ,  0.688836   ,  5.26419    ])
2131    , -15316.6    , array([ 0.0165058  ,  0.0610924  ,  0.688436   ,  5.54042    ])
2132    , -12996.3    , array([ 0.0153717  ,  0.0729342  ,  0.687837   ,  5.98218    ])
2133    , -12053.2    , array([ 0.0148342  ,  0.07969    ,  0.687537   ,  5.53031    ])
2134    , -9982.28    , array([ 0.0130967  ,  0.108657   ,  0.68649    ,  5.73782    ])
2135    , -9836.17    , array([ 0.0159595  ,  0.100182   ,  0.674122   ,  5.9305     ])
2136    , -8463.43    , array([ 0.0159379  ,  0.141559   ,  0.662638   ,  6.40287    ])
2137    , -10105.7    , array([ 0.0116153  ,  0.149526   ,  0.669679   ,  6.32129    ])
2138    , -12078.2    , array([ 0.0117686  ,  0.220513   ,  0.673074   ,  7.39775    ])
2139    , -17011.9    , array([ 0.0109889  ,  0.308775   ,  0.658317   ,  6.92874    ])
2140    , -9936.26    , array([ 0.0141344  ,  0.104619   ,  0.680335   ,  6.20595    ])
2141    , -13688.1    , array([ 0.0157299  ,  0.070344   ,  0.676374   ,  5.13178    ])
2142    , -9762.42    , array([ 0.0126539  ,  0.165723   ,  0.673898   ,  6.75137    ])
2143    , -8976.07    , array([ 0.0166347  ,  0.109214   ,  0.681942   ,  6.20662    ])
2144    , -8259.65    , array([ 0.016627   ,  0.150677   ,  0.663034   ,  7.11161    ])
2145    , -8137.52    , array([ 0.0187345  ,  0.177436   ,  0.651609   ,  7.91733    ])
2146    , -9076.85    , array([ 0.0177369  ,  0.203803   ,  0.654756   ,  7.42664    ])
2147    , -7382.95    , array([ 0.0234562  ,  0.142676   ,  0.651555   ,  7.15993    ])
2148    , -7741.46    , array([ 0.0319356  ,  0.132384   ,  0.640663   ,  7.37339    ])
likelihood = -7382.95
theta = 41645.41
Optimized parameters = [0.02345621 0.14267625 0.65155495 7.15993088]

Round_1_Replicate_1
3011    , -237784     , array([ 0.77001    ,  0.661836   ,  0.210823   ,  0.160519   ])
3012    , -236424     , array([ 0.760013   ,  0.661836   ,  0.210823   ,  0.160519   ])
3013    , -235914     , array([ 0.77001    ,  0.648318   ,  0.210823   ,  0.160519   ])
3014    , -236281     , array([ 0.77001    ,  0.661836   ,  0.195035   ,  0.160519   ])
3015    , -252926     , array([ 0.77001    ,  0.661836   ,  0.210823   ,  0.146489   ])
3016    , -221039     , array([ 0.764996   ,  0.655042   ,  0.202775   ,  0.175894   ])
3017    , -206281     , array([ 0.7625     ,  0.651671   ,  0.198868   ,  0.192741   ])
3018    , -219304     , array([ 0.761256   ,  0.649992   ,  0.196942   ,  0.175894   ])
likelihood = -206280.74
theta = 10820.89
Optimized parameters = [0.76250044 0.65167096 0.19886777 0.19274131]

Round_1_Replicate_2
3019    , -654367     , array([ 6.174      ,  2.30482    ,  1.5441     ,  2.94698    ])
3020    , -662100     , array([ 6.76231    ,  2.30482    ,  1.5441     ,  2.94698    ])
3021    , -659415     , array([ 6.174      ,  2.40308    ,  1.5441     ,  2.94698    ])
3022    , -658957     , array([ 6.174      ,  2.30482    ,  1.57801    ,  2.94698    ])
3023    , -654488     , array([ 6.174      ,  2.30482    ,  1.5441     ,  3.11061    ])
3024    , -651083     , array([ 5.63687    ,  2.35344    ,  1.56097    ,  3.02769    ])
3025    , -644937     , array([ 5.14648    ,  2.37813    ,  1.56947    ,  3.06887    ])
3026    , -647285     , array([ 5.63687    ,  2.24546    ,  1.57373    ,  3.08967    ])
likelihood = -644936.94
theta = 2468.82
Optimized parameters = [5.14647652 2.37813157 1.56946574 3.06887313]

Round_1_Replicate_3
3027    , -372470     , array([ 3.69456    ,  0.580861   ,  0.126962   ,  0.126701   ])
3028    , -375356     , array([ 3.94404    ,  0.580861   ,  0.126962   ,  0.126701   ])
3029    , -367849     , array([ 3.69456    ,  0.565296   ,  0.126962   ,  0.126701   ])
3030    , -371167     , array([ 3.69456    ,  0.580861   ,  0.114513   ,  0.126701   ])
3031    , -392747     , array([ 3.69456    ,  0.580861   ,  0.126962   ,  0.114267   ])
3032    , -351473     , array([ 3.81726    ,  0.573026   ,  0.120577   ,  0.140489   ])
3033    , -332134     , array([ 3.88013    ,  0.569148   ,  0.117506   ,  0.155777   ])
3034    , -345955     , array([ 3.54672    ,  0.567218   ,  0.116      ,  0.140489   ])
likelihood = -332134.08
theta = 7107.45
Optimized parameters = [3.88013225 0.56914761 0.11750594 0.15577659]

Round_1_Replicate_4
3035    , -1.00502e+06, array([ 4.55703    ,  7.40213    ,  4.73178    ,  0.38093    ])
3036    , -1.01328e+06, array([ 4.91605    ,  7.40213    ,  4.73178    ,  0.38093    ])
3037    , -1.01166e+06, array([ 4.55703    ,  8.18134    ,  4.73178    ,  0.38093    ])
3038    , -1.0176e+06 , array([ 4.55703    ,  7.40213    ,  5.11418    ,  0.38093    ])
3039    , -1.00453e+06, array([ 4.55703    ,  7.40213    ,  4.73178    ,  0.362984   ])
3040    , -999649     , array([ 4.73314    ,  7.78199    ,  4.37798    ,  0.371849   ])
3041    , -990398     , array([ 4.82373    ,  7.97917    ,  4.05063    ,  0.36739    ])
3042    , -991938     , array([ 4.34608    ,  8.07962    ,  4.37798    ,  0.36518    ])
likelihood = -990397.57
theta = 4330.01
Optimized parameters = [4.82372568 7.9791661  4.05062605 0.36738982]

Round_1_Replicate_5
3043    , -225318     , array([ 0.429195   ,  2.37626    ,  0.181898   ,  0.165159   ])
3044    , -218496     , array([ 0.411422   ,  2.37626    ,  0.181898   ,  0.165159   ])
3045    , -226567     , array([ 0.429195   ,  2.48135    ,  0.181898   ,  0.165159   ])
3046    , -224043     , array([ 0.429195   ,  2.37626    ,  0.167039   ,  0.165159   ])
3047    , -240353     , array([ 0.429195   ,  2.37626    ,  0.181898   ,  0.150938   ])
3048    , -207680     , array([ 0.420215   ,  2.42824    ,  0.17431    ,  0.180721   ])
3049    , -192650     , array([ 0.415795   ,  2.45465    ,  0.170636   ,  0.197748   ])
3050    , -203401     , array([ 0.413603   ,  2.31285    ,  0.168828   ,  0.180721   ])
likelihood = -192650.14
theta = 11363.92
Optimized parameters = [0.41579497 2.45465129 0.17063584 0.19774827]

Round_1_Replicate_6
3051    , -560486     , array([ 0.617286   ,  0.541172   ,  6.54757    ,  0.306276   ])
3052    , -557022     , array([ 0.602575   ,  0.541172   ,  6.54757    ,  0.306276   ])
3053    , -557625     , array([ 0.617286   ,  0.52481    ,  6.54757    ,  0.306276   ])
3054    , -582329     , array([ 0.617286   ,  0.541172   ,  7.19257    ,  0.306276   ])
3055    , -560536     , array([ 0.617286   ,  0.541172   ,  6.54757    ,  0.288681   ])
3056    , -535596     , array([ 0.609886   ,  0.532929   ,  5.96041    ,  0.297348   ])
3057    , -512413     , array([ 0.60622    ,  0.528854   ,  5.42591    ,  0.292983   ])
3058    , -533186     , array([ 0.604394   ,  0.526828   ,  5.96041    ,  0.317813   ])
likelihood = -512412.67
theta = 11457.86
Optimized parameters = [0.60621957 0.52885388 5.42590673 0.29298275]

Round_1_Replicate_7
3059    , -88239.4    , array([ 0.137093   ,  0.912099   ,  1.05232    ,  4.16639    ])
3060    , -84260.9    , array([ 0.124127   ,  0.912099   ,  1.05232    ,  4.16639    ])
3061    , -88067.9    , array([ 0.137093   ,  0.907913   ,  1.05232    ,  4.16639    ])
3062    , -88441.1    , array([ 0.137093   ,  0.912099   ,  1.055      ,  4.16639    ])
3063    , -88234.6    , array([ 0.137093   ,  0.912099   ,  1.05232    ,  4.47454    ])
3064    , -85918.1    , array([ 0.130449   ,  0.910004   ,  1.04964    ,  4.31772    ])
3065    , -84991.9    , array([ 0.127248   ,  0.908958   ,  1.05098    ,  4.39543    ])
likelihood = -84260.87
theta = 15295.11
Optimized parameters = [0.1241267  0.91209928 1.05231757 4.16639219]

Round_1_Replicate_8
3066    , -173422     , array([ 0.222609   ,  1.658      ,  1.45713    ,  0.956725   ])
3067    , -166670     , array([ 0.2065     ,  1.658      ,  1.45713    ,  0.956725   ])
3068    , -174242     , array([ 0.222609   ,  1.70045    ,  1.45713    ,  0.956725   ])
3069    , -175739     , array([ 0.222609   ,  1.658      ,  1.48481    ,  0.956725   ])
3070    , -173421     , array([ 0.222609   ,  1.658      ,  1.45713    ,  0.954611   ])
3071    , -168159     , array([ 0.214403   ,  1.67909    ,  1.42995    ,  0.955667   ])
3072    , -166597     , array([ 0.210415   ,  1.62686    ,  1.44348    ,  0.955139   ])
3073    , -162890     , array([ 0.20457    ,  1.59127    ,  1.4367     ,  0.954347   ])
likelihood = -162889.97
theta = 11973.12
Optimized parameters = [0.20457009 1.59126853 1.43669966 0.95434717]

Round_1_Replicate_9
3074    , -549068     , array([ 6.06407    ,  6.23579    ,  0.493687   ,  1.497      ])
3075    , -560322     , array([ 6.63594    ,  6.23579    ,  0.493687   ,  1.497      ])
3076    , -560687     , array([ 6.06407    ,  6.83339    ,  0.493687   ,  1.497      ])
3077    , -542167     , array([ 6.06407    ,  6.23579    ,  0.476567   ,  1.497      ])
3078    , -548225     , array([ 6.06407    ,  6.23579    ,  0.493687   ,  1.52751    ])
3079    , -538756     , array([ 6.34357    ,  5.69046    ,  0.485052   ,  1.51218    ])
3080    , -527152     , array([ 6.48811    ,  5.19281    ,  0.480791   ,  1.51983    ])
3081    , -523408     , array([ 5.73196    ,  5.69046    ,  0.478674   ,  1.52366    ])
3082    , -504977     , array([ 5.32725    ,  5.43594    ,  0.47134    ,  1.53717    ])
likelihood = -504976.5
theta = 2616.42
Optimized parameters = [5.3272512  5.43594163 0.47134025 1.53717117]

Round_1_Replicate_10
3083    , -601289     , array([ 0.336912   ,  7.49901    ,  7.66826    ,  0.205388   ])
3084    , -587727     , array([ 0.319074   ,  7.49901    ,  7.66826    ,  0.205388   ])
3085    , -602373     , array([ 0.336912   ,  8.29381    ,  7.66826    ,  0.205388   ])
3086    , -626540     , array([ 0.336912   ,  7.49901    ,  8.49047    ,  0.205388   ])
3087    , -601152     , array([ 0.336912   ,  7.49901    ,  7.66826    ,  0.18976    ])
3088    , -569904     , array([ 0.327872   ,  7.8864     ,  6.92568    ,  0.197419   ])
3089    , -542072     , array([ 0.323443   ,  8.08754    ,  6.255      ,  0.193552   ])
3090    , -563607     , array([ 0.321251   ,  7.04141    ,  6.92568    ,  0.191646   ])
likelihood = -542071.79
theta = 10973.07
Optimized parameters = [0.323443   8.08753724 6.25500069 0.19355157]

Round_2_Replicate_1
3091    , -110366     , array([ 0.0402382  ,  0.840151   ,  2.9272     ,  6.0202     ])
3092    , -104598     , array([ 0.0342666  ,  0.840151   ,  2.9272     ,  6.0202     ])
3093    , -110154     , array([ 0.0402382  ,  0.832866   ,  2.9272     ,  6.0202     ])
3094    , -113805     , array([ 0.0402382  ,  0.840151   ,  3.0887     ,  6.0202     ])
3095    , -110366     , array([ 0.0402382  ,  0.840151   ,  2.9272     ,  6.58554    ])
3096    , -104093     , array([ 0.0371326  ,  0.836501   ,  2.77415    ,  6.29653    ])
3097    , -99717.5    , array([ 0.0356708  ,  0.834681   ,  2.6291     ,  6.43942    ])
3098    , -102051     , array([ 0.0349616  ,  0.833773   ,  2.77415    ,  5.69178    ])
3099    , -98407.4    , array([ 0.0325888  ,  0.830603   ,  2.70065    ,  6.05407    ])
3100    , -93517.1    , array([ 0.029328   ,  0.825869   ,  2.59404    ,  6.07107    ])
3101    , -91633.4    , array([ 0.0278221  ,  0.834341   ,  2.54232    ,  6.07959    ])
3102    , -85309      , array([ 0.0231348  ,  0.835079   ,  2.3693     ,  6.10951    ])
likelihood = -85309.04
theta = 28780.69
Optimized parameters = [0.02313482 0.83507894 2.36929965 6.1095095 ]

Round_2_Replicate_2
3103    , -234656     , array([ 0.289399   ,  0.313119   ,  2.85793    ,  1.31291    ])
3104    , -226478     , array([ 0.272002   ,  0.313119   ,  2.85793    ,  1.31291    ])
3105    , -232256     , array([ 0.289399   ,  0.295457   ,  2.85793    ,  1.31291    ])
3106    , -243884     , array([ 0.289399   ,  0.313119   ,  3.01199    ,  1.31291    ])
3107    , -234681     , array([ 0.289399   ,  0.313119   ,  2.85793    ,  1.33091    ])
3108    , -220465     , array([ 0.280566   ,  0.30416    ,  2.71174    ,  1.32188    ])
3109    , -209290     , array([ 0.276251   ,  0.299777   ,  2.57304    ,  1.32639    ])
3110    , -216592     , array([ 0.274118   ,  0.297609   ,  2.71174    ,  1.30179    ])
3111    , -207917     , array([ 0.266783   ,  0.290145   ,  2.64148    ,  1.31403    ])
3112    , -195296     , array([ 0.256147   ,  0.279298   ,  2.53948    ,  1.31459    ])
3113    , -192231     , array([ 0.250989   ,  0.298962   ,  2.48997    ,  1.31487    ])
3114    , -173913     , array([ 0.233739   ,  0.30073    ,  2.32416    ,  1.31585    ])
likelihood = -173913.36
theta = 21030.66
Optimized parameters = [0.23373949 0.30073034 2.32416022 1.31584817]

Round_2_Replicate_3
3115    , -154775     , array([ 0.329556   ,  3.09213    ,  0.777566   ,  1.12596    ])
3116    , -150172     , array([ 0.311764   ,  3.09213    ,  0.777566   ,  1.12596    ])
3117    , -156250     , array([ 0.329556   ,  3.27168    ,  0.777566   ,  1.12596    ])
3118    , -153450     , array([ 0.329556   ,  3.09213    ,  0.767846   ,  1.12596    ])
3119    , -154767     , array([ 0.329556   ,  3.09213    ,  0.777566   ,  1.13266    ])
3120    , -150280     , array([ 0.320536   ,  2.92243    ,  0.772691   ,  1.1293     ])
3121    , -149581     , array([ 0.316119   ,  3.00608    ,  0.770265   ,  1.13098    ])
3122    , -147052     , array([ 0.309608   ,  2.96396    ,  0.76664    ,  1.1335     ])
3123    , -145813     , array([ 0.306403   ,  2.94313    ,  0.764834   ,  1.12471    ])
3124    , -141536     , array([ 0.295444   ,  2.87134    ,  0.758546   ,  1.12075    ])
3125    , -141273     , array([ 0.290112   ,  2.83611    ,  0.769811   ,  1.12878    ])
3126    , -135598     , array([ 0.272198   ,  2.71616    ,  0.770795   ,  1.13019    ])
likelihood = -135598.49
theta = 9027.14
Optimized parameters = [0.2721978  2.71615573 0.77079465 1.13019278]

Round_2_Replicate_4
3127    , -332051     , array([ 0.237669   ,  0.924691   ,  4.16581    ,  11.1991    ])
3128    , -320433     , array([ 0.221193   ,  0.924691   ,  4.16581    ,  11.1991    ])
3129    , -331880     , array([ 0.237669   ,  0.921078   ,  4.16581    ,  11.1991    ])
3130    , -346996     , array([ 0.237669   ,  0.924691   ,  4.47389    ,  11.1991    ])
3131    , -332051     , array([ 0.237669   ,  0.924691   ,  4.16581    ,  12.637     ])
3132    , -311725     , array([ 0.229283   ,  0.922883   ,  3.87896    ,  11.8964    ])
3133    , -294949     , array([ 0.225202   ,  0.92198    ,  3.61185    ,  12.2611    ])
3134    , -307463     , array([ 0.223189   ,  0.921529   ,  3.87896    ,  10.3848    ])
3135    , -295634     , array([ 0.216283   ,  0.919952   ,  3.74302    ,  11.284     ])
3136    , -278733     , array([ 0.206322   ,  0.922996   ,  3.548      ,  11.3267    ])
3137    , -254614     , array([ 0.192235   ,  0.923956   ,  3.27435    ,  11.391     ])
likelihood = -254614.02
theta = 16070.92
Optimized parameters = [ 0.19223475  0.92395619  3.27435358 11.3910063 ]

Round_2_Replicate_5
3138    , -7236.85    , array([ 0.054691   ,  0.339907   ,  0.296165   ,  6.55717    ])
3139    , -7468.43    , array([ 0.0472946  ,  0.339907   ,  0.296165   ,  6.55717    ])
3140    , -7270.94    , array([ 0.054691   ,  0.322053   ,  0.296165   ,  6.55717    ])
3141    , -7342.35    , array([ 0.054691   ,  0.339907   ,  0.278683   ,  6.55717    ])
3142    , -7236.81    , array([ 0.054691   ,  0.339907   ,  0.296165   ,  7.20364    ])
3143    , -7253.92    , array([ 0.0632441  ,  0.330859   ,  0.287291   ,  6.87281    ])
3144    , -7198.35    , array([ 0.0588122  ,  0.326427   ,  0.309992   ,  7.03628    ])
3145    , -7264.38    , array([ 0.0609879  ,  0.319888   ,  0.326943   ,  7.28881    ])
3146    , -7198.13    , array([ 0.0609879  ,  0.346854   ,  0.298426   ,  7.28881    ])
3147    , -7253.64    , array([ 0.0644033  ,  0.359961   ,  0.299563   ,  7.6847     ])
3148    , -7287.1     , array([ 0.0517907  ,  0.345686   ,  0.313549   ,  7.16143    ])
3149    , -7208.87    , array([ 0.0601628  ,  0.334505   ,  0.293642   ,  6.94385    ])
likelihood = -7198.13
theta = 18136.03
Optimized parameters = [0.06098792 0.34685382 0.29842583 7.28880813]

Round_2_Replicate_6
3150    , -116520     , array([ 0.0448015  ,  3.29582    ,  1.97478    ,  1.69045    ])
3151    , -111993     , array([ 0.0383581  ,  3.29582    ,  1.97478    ,  1.69045    ])
3152    , -117122     , array([ 0.0448015  ,  3.49834    ,  1.97478    ,  1.69045    ])
3153    , -118019     , array([ 0.0448015  ,  3.29582    ,  2.04312    ,  1.69045    ])
3154    , -116497     , array([ 0.0448015  ,  3.29582    ,  1.97478    ,  1.73542    ])
3155    , -113082     , array([ 0.0414548  ,  3.39557    ,  1.90872    ,  1.71279    ])
3156    , -111907     , array([ 0.0398764  ,  3.15166    ,  1.94147    ,  1.72406    ])
3157    , -109505     , array([ 0.0376208  ,  2.99143    ,  1.92503    ,  1.74112    ])
3158    , -109304     , array([ 0.0365413  ,  3.1871     ,  1.91686    ,  1.74971    ])
3159    , -106341     , array([ 0.0330012  ,  3.13409    ,  1.88853    ,  1.78011    ])
3160    , -105021     , array([ 0.0313619  ,  3.10792    ,  1.87453    ,  1.72619    ])
3161    , -101016     , array([ 0.0262396  ,  3.01803    ,  1.82633    ,  1.72159    ])
likelihood = -101016.02
theta = 15366.02
Optimized parameters = [0.02623958 3.01802703 1.8263328  1.72159157]

Round_2_Replicate_7
3162    , -13100      , array([ 0.0471465  ,  0.5877     ,  0.340016   ,  3.01508    ])
3163    , -13524.6    , array([ 0.0404689  ,  0.5877     ,  0.340016   ,  3.01508    ])
3164    , -12663.3    , array([ 0.0471465  ,  0.572286   ,  0.340016   ,  3.01508    ])
3165    , -12442.3    , array([ 0.0471465  ,  0.5877     ,  0.322162   ,  3.01508    ])
3166    , -13046.7    , array([ 0.0471465  ,  0.5877     ,  0.340016   ,  3.18613    ])
3167    , -12277.6    , array([ 0.0549258  ,  0.579942   ,  0.330969   ,  3.09942    ])
3168    , -11968      , array([ 0.0639888  ,  0.576101   ,  0.326536   ,  3.14248    ])
3169    , -11849.2    , array([ 0.0549258  ,  0.57419    ,  0.324342   ,  3.16423    ])
3170    , -11320.1    , array([ 0.0592844  ,  0.567553   ,  0.316777   ,  3.24155    ])
3171    , -11172.2    , array([ 0.0615917  ,  0.564263   ,  0.313062   ,  3.02028    ])
3172    , -10556.6    , array([ 0.0703978  ,  0.552897   ,  0.300397   ,  2.94062    ])
3173    , -10688.8    , array([ 0.0752623  ,  0.56956    ,  0.294258   ,  3.15197    ])
likelihood = -10556.62
theta = 16018.53
Optimized parameters = [0.07039777 0.55289705 0.3003967  2.94062262]

Round_2_Replicate_8
3174    , -22080.6    , array([ 0.270051   ,  0.494626   ,  0.264708   ,  14.202     ])
3175    , -20478.8    , array([ 0.25294    ,  0.494626   ,  0.264708   ,  14.202     ])
3176    , -22080.8    , array([ 0.270051   ,  0.47752    ,  0.264708   ,  14.202     ])
3177    , -20462.9    , array([ 0.270051   ,  0.494626   ,  0.247689   ,  14.202     ])
3178    , -22072.9    , array([ 0.270051   ,  0.494626   ,  0.264708   ,  16.2168    ])
3179    , -20466.6    , array([ 0.261356   ,  0.512346   ,  0.256057   ,  15.176     ])
3180    , -19686.4    , array([ 0.257114   ,  0.503408   ,  0.251838   ,  15.6878    ])
3181    , -18588.7    , array([ 0.250879   ,  0.507858   ,  0.245639   ,  16.488     ])
3182    , -18078      , array([ 0.247819   ,  0.510097   ,  0.242598   ,  13.8531    ])
3183    , -16379      , array([ 0.237399   ,  0.518013   ,  0.232245   ,  12.8037    ])
3184    , -17442.4    , array([ 0.256326   ,  0.522017   ,  0.227235   ,  15.0195    ])
likelihood = -16378.95
theta = 10898.91
Optimized parameters = [ 0.23739894  0.51801272  0.23224489 12.80368815]

Round_2_Replicate_9
3185    , -35612.7    , array([ 0.0876072  ,  0.257256   ,  1.06051    ,  7.73975    ])
3186    , -32272      , array([ 0.0775652  ,  0.257256   ,  1.06051    ,  7.73975    ])
3187    , -34495.9    , array([ 0.0876072  ,  0.240372   ,  1.06051    ,  7.73975    ])
3188    , -35750.1    , array([ 0.0876072  ,  0.257256   ,  1.06363    ,  7.73975    ])
3189    , -35612.7    , array([ 0.0876072  ,  0.257256   ,  1.06051    ,  8.5736     ])
3190    , -33169.2    , array([ 0.0824334  ,  0.248671   ,  1.0574     ,  8.14601    ])
3191    , -32125.9    , array([ 0.0799623  ,  0.244486   ,  1.05895    ,  7.16803    ])
3192    , -30489.7    , array([ 0.0763937  ,  0.238341   ,  1.05817    ,  6.55417    ])
3193    , -29698      , array([ 0.0746696  ,  0.235326   ,  1.05779    ,  7.30687    ])
3194    , -27059.8    , array([ 0.068936   ,  0.225073   ,  1.05643    ,  7.0996     ])
3195    , -27449      , array([ 0.0662365  ,  0.243709   ,  1.05575    ,  6.99818    ])
likelihood = -27059.85
theta = 35081.37
Optimized parameters = [0.06893601 0.22507295 1.05642718 7.09959642]

Round_2_Replicate_10
3196    , -165465     , array([ 0.204335   ,  2.61397    ,  1.29648    ,  6.3876     ])
3197    , -159223     , array([ 0.188738   ,  2.61397    ,  1.29648    ,  6.3876     ])
3198    , -166633     , array([ 0.204335   ,  2.74262    ,  1.29648    ,  6.3876     ])
3199    , -166843     , array([ 0.204335   ,  2.61397    ,  1.31342    ,  6.3876     ])
3200    , -165468     , array([ 0.204335   ,  2.61397    ,  1.29648    ,  7.00817    ])
3201    , -161550     , array([ 0.196382   ,  2.67753    ,  1.27975    ,  6.6907     ])
3202    , -159208     , array([ 0.192522   ,  2.52146    ,  1.28809    ,  6.8476     ])
3203    , -155579     , array([ 0.186874   ,  2.41766    ,  1.28391    ,  7.08987    ])
3204    , -155578     , array([ 0.184113   ,  2.54428    ,  1.28183    ,  6.27752    ])
3205    , -150937     , array([ 0.174765   ,  2.51013    ,  1.27457    ,  5.94127    ])
3206    , -148699     , array([ 0.170271   ,  2.49323    ,  1.27096    ,  6.64241    ])
3207    , -141220     , array([ 0.155431   ,  2.43496    ,  1.25839    ,  6.7736     ])
likelihood = -141219.73
theta = 9910.36
Optimized parameters = [0.15543113 2.43496405 1.2583881  6.77359694]

Round_3_Replicate_1
3208    , -62908.3    , array([ 0.230677   ,  0.966402   ,  0.549472   ,  4.01351    ])
3209    , -60223.3    , array([ 0.214365   ,  0.966402   ,  0.549472   ,  4.01351    ])
3210    , -62854.1    , array([ 0.230677   ,  0.964752   ,  0.549472   ,  4.01351    ])
3211    , -60913.4    , array([ 0.230677   ,  0.966402   ,  0.533264   ,  4.01351    ])
3212    , -62811.4    , array([ 0.230677   ,  0.966402   ,  0.549472   ,  4.30229    ])
3213    , -60479.4    , array([ 0.222371   ,  0.965577   ,  0.541307   ,  4.15539    ])
3214    , -59384.6    , array([ 0.218331   ,  0.967642   ,  0.537271   ,  4.22821    ])
3215    , -57735.2    , array([ 0.212409   ,  0.96909    ,  0.531272   ,  4.33982    ])
3216    , -56988.5    , array([ 0.209508   ,  0.967332   ,  0.528298   ,  3.96156    ])
3217    , -54323      , array([ 0.199664   ,  0.967797   ,  0.518019   ,  3.80145    ])
3218    , -55589.9    , array([ 0.194916   ,  0.968029   ,  0.536517   ,  4.1329     ])
3219    , -53654.1    , array([ 0.189303   ,  0.970086   ,  0.526202   ,  3.98096    ])
3220    , -50684.6    , array([ 0.174662   ,  0.972349   ,  0.518808   ,  3.89651    ])
3221    , -49371.7    , array([ 0.177258   ,  0.972235   ,  0.503711   ,  4.06117    ])
3222    , -44851.5    , array([ 0.161187   ,  0.975165   ,  0.48228    ,  4.08522    ])
3223    , -45637.4    , array([ 0.155835   ,  0.972573   ,  0.496364   ,  3.64397    ])
3224    , -42784.8    , array([ 0.151844   ,  0.975921   ,  0.472762   ,  3.59296    ])
3225    , -37864.1    , array([ 0.134021   ,  0.979891   ,  0.443785   ,  3.35005    ])
3226    , -37253.8    , array([ 0.121447   ,  0.982236   ,  0.453204   ,  3.66699    ])
3227    , -32214.8    , array([ 0.0947172  ,  0.989537   ,  0.423903   ,  3.60156    ])
likelihood = -32214.79
theta = 12480.24
Optimized parameters = [0.09471719 0.98953662 0.42390339 3.60155914]

Round_3_Replicate_2
3228    , -36025.6    , array([ 0.0187165  ,  0.469985   ,  1.07343    ,  3.47601    ])
3229    , -36537.8    , array([ 0.0153404  ,  0.469985   ,  1.07343    ,  3.47601    ])
3230    , -34759.9    , array([ 0.0187165  ,  0.452573   ,  1.07343    ,  3.47601    ])
3231    , -36139.1    , array([ 0.0187165  ,  0.469985   ,  1.07724    ,  3.47601    ])
3232    , -36025.2    , array([ 0.0187165  ,  0.469985   ,  1.07343    ,  3.69944    ])
3233    , -35302.1    , array([ 0.0228356  ,  0.461197   ,  1.07533    ,  3.58599    ])
3234    , -34865.9    , array([ 0.0206737  ,  0.456864   ,  1.07058    ,  3.64227    ])
3235    , -34442.6    , array([ 0.0217278  ,  0.450442   ,  1.07295    ,  3.72836    ])
3236    , -33750.4    , array([ 0.0234105  ,  0.440977   ,  1.07272    ,  3.86132    ])
3237    , -33426.7    , array([ 0.0243002  ,  0.43632    ,  1.0726     ,  3.57901    ])
3238    , -32451.6    , array([ 0.0276887  ,  0.420403   ,  1.07218    ,  3.52028    ])
3239    , -32383.8    , array([ 0.0219313  ,  0.424514   ,  1.06913    ,  3.65826    ])
3240    , -30973.4    , array([ 0.0214927  ,  0.407282   ,  1.06604    ,  3.69494    ])
3241    , -30996.5    , array([ 0.0247     ,  0.404618   ,  1.0716     ,  3.62768    ])
3242    , -30117.5    , array([ 0.031342   ,  0.386209   ,  1.06784    ,  3.88322    ])
3243    , -29400.4    , array([ 0.0405581  ,  0.356771   ,  1.06505    ,  4.10438    ])
3244    , -27903.4    , array([ 0.0329816  ,  0.356518   ,  1.06473    ,  3.60408    ])
3245    , -26035.5    , array([ 0.0391473  ,  0.320564   ,  1.06075    ,  3.48197    ])
3246    , -25342.2    , array([ 0.0331575  ,  0.326556   ,  1.05956    ,  3.93167    ])
3247    , -22545.8    , array([ 0.0362845  ,  0.287808   ,  1.05331    ,  4.15506    ])
likelihood = -22545.76
theta = 35275.39
Optimized parameters = [0.0362845  0.28780843 1.0533116  4.15505888]

Round_3_Replicate_3
3248    , -14752.3    , array([ 0.0393634  ,  0.103544   ,  0.410126   ,  7.74586    ])
3249    , -14790.8    , array([ 0.0334848  ,  0.103544   ,  0.410126   ,  7.74586    ])
3250    , -16679.9    , array([ 0.0393634  ,  0.0924445  ,  0.410126   ,  7.74586    ])
3251    , -15466.1    , array([ 0.0393634  ,  0.103544   ,  0.39225    ,  7.74586    ])
3252    , -14754.2    , array([ 0.0393634  ,  0.103544   ,  0.410126   ,  8.5807     ])
3253    , -13348.3    , array([ 0.0363053  ,  0.115976   ,  0.401089   ,  8.1526     ])
3254    , -11988.2    , array([ 0.0348666  ,  0.129901   ,  0.396645   ,  8.36391    ])
3255    , -12644      , array([ 0.0341687  ,  0.115976   ,  0.42171    ,  8.47162    ])
3256    , -12274.1    , array([ 0.0405755  ,  0.122741   ,  0.408986   ,  8.85961    ])
3257    , -11231.3    , array([ 0.0350432  ,  0.133636   ,  0.408416   ,  8.12657    ])
3258    , -9955.5     , array([ 0.0330643  ,  0.151818   ,  0.407564   ,  7.90859    ])
3259    , -9447.69    , array([ 0.0321172  ,  0.161816   ,  0.407139   ,  9.09652    ])
3260    , -8371.06    , array([ 0.0290108  ,  0.202288   ,  0.405653   ,  9.85776    ])
3261    , -8555.72    , array([ 0.0340932  ,  0.1908     ,  0.388344   ,  8.9719     ])
3262    , -8698.31    , array([ 0.0263169  ,  0.224777   ,  0.39019    ,  8.63318    ])
3263    , -8598.39    , array([ 0.0266074  ,  0.279383   ,  0.399043   ,  9.29088    ])
3264    , -9531.51    , array([ 0.0251694  ,  0.324286   ,  0.384271   ,  10.6499    ])
3265    , -8510.14    , array([ 0.026946   ,  0.268242   ,  0.389966   ,  9.88632    ])
likelihood = -8371.06
theta = 27753.33
Optimized parameters = [0.02901081 0.20228829 0.405653   9.85775981]

Round_3_Replicate_4
3266    , -39343.3    , array([ 0.0195832  ,  1.2867     ,  0.369951   ,  12.4097    ])
3267    , -40896.7    , array([ 0.0160871  ,  1.2867     ,  0.369951   ,  12.4097    ])
3268    , -39763.8    , array([ 0.0195832  ,  1.30302    ,  0.369951   ,  12.4097    ])
3269    , -38083.8    , array([ 0.0195832  ,  1.2867     ,  0.352007   ,  12.4097    ])
3270    , -39343.7    , array([ 0.0195832  ,  1.2867     ,  0.369951   ,  14.075     ])
3271    , -37470.9    , array([ 0.0238391  ,  1.29484    ,  0.360867   ,  13.2161    ])
3272    , -35950.2    , array([ 0.0290199  ,  1.29892    ,  0.35641    ,  13.6388    ])
3273    , -36520.8    , array([ 0.0238391  ,  1.27661    ,  0.354201   ,  13.8552    ])
3274    , -35574.1    , array([ 0.0263022  ,  1.28772    ,  0.34658    ,  12.1201    ])
3275    , -33780.1    , array([ 0.0304823  ,  1.28822    ,  0.335454   ,  11.2469    ])
3276    , -32911      , array([ 0.0328151  ,  1.28848    ,  0.330026   ,  13.0867    ])
3277    , -30062.1    , array([ 0.0424785  ,  1.28936    ,  0.31171    ,  13.439     ])
3278    , -30772.5    , array([ 0.04833    ,  1.28981    ,  0.326393   ,  13.6187    ])
3279    , -29371.8    , array([ 0.0565295  ,  1.30672    ,  0.311377   ,  12.0933    ])
3280    , -27449.6    , array([ 0.0870497  ,  1.32204    ,  0.291947   ,  11.2982    ])
3281    , -25615.5    , array([ 0.0804275  ,  1.29564    ,  0.280069   ,  11.1814    ])
3282    , -23280.1    , array([ 0.133893   ,  1.294      ,  0.248269   ,  10.1242    ])
3283    , -25660.9    , array([ 0.160476   ,  1.30933    ,  0.255991   ,  12.8647    ])
3284    , -24050.7    , array([ 0.184432   ,  1.31758    ,  0.233002   ,  10.326     ])
likelihood = -23280.11
theta = 8345.3
Optimized parameters = [ 0.13389339  1.29400349  0.24826865 10.12415996]

Round_3_Replicate_5
3285    , -19111.8    , array([ 0.122616   ,  1.33919    ,  0.206926   ,  8.34703    ])
3286    , -18979.1    , array([ 0.110401   ,  1.33919    ,  0.206926   ,  8.34703    ])
3287    , -19450.1    , array([ 0.122616   ,  1.35889    ,  0.206926   ,  8.34703    ])
3288    , -17350.3    , array([ 0.122616   ,  1.33919    ,  0.191252   ,  8.34703    ])
3289    , -19003.2    , array([ 0.122616   ,  1.33919    ,  0.206926   ,  9.2813     ])
3290    , -17761.6    , array([ 0.116348   ,  1.31978    ,  0.198935   ,  8.80178    ])
3291    , -17455.8    , array([ 0.113336   ,  1.32945    ,  0.195056   ,  9.03836    ])
3292    , -16908.1    , array([ 0.108962   ,  1.3246     ,  0.189378   ,  8.02146    ])
3293    , -16107.2    , array([ 0.102717   ,  1.31737    ,  0.181171   ,  7.4572     ])
3294    , -15417.1    , array([ 0.11673    ,  1.31377    ,  0.177201   ,  8.43047    ])
3295    , -13909.3    , array([ 0.12003    ,  1.30124    ,  0.16398    ,  8.4725     ])
3296    , -14695.4    , array([ 0.112503   ,  1.3237     ,  0.167344   ,  7.84394    ])
3297    , -13796.3    , array([ 0.115068   ,  1.31122    ,  0.158085   ,  7.11602    ])
3298    , -12566.2    , array([ 0.115944   ,  1.3022     ,  0.142317   ,  6.31409    ])
3299    , -12188.6    , array([ 0.103425   ,  1.28358    ,  0.139081   ,  6.70169    ])
3300    , -11196.6    , array([ 0.0949867  ,  1.25665    ,  0.118603   ,  6.00496    ])
3301    , -10424.8    , array([ 0.118724   ,  1.27441    ,  0.118793   ,  6.73144    ])
3302    , -9220.41    , array([ 0.12764    ,  1.25347    ,  0.0961923  ,  6.39549    ])
3303    , -9663.98    , array([ 0.11546    ,  1.23422    ,  0.0975058  ,  5.77855    ])
likelihood = -9220.41
theta = 7255.15
Optimized parameters = [0.12763989 1.25346573 0.09619233 6.39548779]

Round_4_Replicate_1
3304    , -7994.91    , array([ 0.0783492  ,  0.538713   ,  0.248409   ,  13.582     ])
3305    , -8038.51    , array([ 0.068982   ,  0.538713   ,  0.248409   ,  13.582     ])
3306    , -7822.05    , array([ 0.0783492  ,  0.522306   ,  0.248409   ,  13.582     ])
3307    , -7630.83    , array([ 0.0783492  ,  0.538713   ,  0.2317     ,  13.582     ])
3308    , -7992.42    , array([ 0.0783492  ,  0.538713   ,  0.248409   ,  15.4744    ])
3309    , -7816.27    , array([ 0.0889882  ,  0.530446   ,  0.239909   ,  14.4974    ])
3310    , -7618.99    , array([ 0.0834994  ,  0.526361   ,  0.235769   ,  14.9779    ])
3311    , -7483.24    , array([ 0.0862002  ,  0.520291   ,  0.229692   ,  15.7287    ])
3312    , -7432.19    , array([ 0.0875831  ,  0.517282   ,  0.226712   ,  13.2539    ])
3313    , -7309.91    , array([ 0.0926005  ,  0.506889   ,  0.216585   ,  12.2661    ])
3314    , -7331.14    , array([ 0.095216   ,  0.525598   ,  0.211693   ,  14.3504    ])
3315    , -7206.91    , array([ 0.0867162  ,  0.515162   ,  0.2059     ,  13.376     ])
3316    , -7250.38    , array([ 0.085602   ,  0.507686   ,  0.190749   ,  12.8483    ])
3317    , -7346.02    , array([ 0.103617   ,  0.496045   ,  0.200975   ,  14.1687    ])
3318    , -7316.34    , array([ 0.103257   ,  0.501498   ,  0.189636   ,  11.6124    ])
3319    , -7276.51    , array([ 0.0857512  ,  0.528894   ,  0.21053    ,  11.6702    ])
3320    , -7200.19    , array([ 0.0885577  ,  0.500719   ,  0.199322   ,  10.3909    ])
3321    , -7263.88    , array([ 0.0854053  ,  0.488724   ,  0.19341    ,  8.84195    ])
3322    , -7486.09    , array([ 0.0756259  ,  0.524373   ,  0.228116   ,  12.1468    ])
3323    , -7221.47    , array([ 0.0955228  ,  0.507122   ,  0.1986     ,  11.7437    ])
3324    , -7230.45    , array([ 0.0856493  ,  0.518915   ,  0.19126    ,  11.2518    ])
3325    , -7295.5     , array([ 0.0924355  ,  0.492611   ,  0.18754    ,  11.6125    ])
3326    , -7211.98    , array([ 0.0873755  ,  0.51958    ,  0.204531   ,  11.6557    ])
3327    , -7279.08    , array([ 0.0934734  ,  0.502406   ,  0.213477   ,  12.2586    ])
3328    , -7199.31    , array([ 0.0875416  ,  0.514738   ,  0.196587   ,  11.4955    ])
3329    , -7248.68    , array([ 0.080234   ,  0.517936   ,  0.204542   ,  11.6203    ])
3330    , -7198.64    , array([ 0.0914471  ,  0.509804   ,  0.200069   ,  11.7127    ])
likelihood = -7198.64
theta = 12219.98
Optimized parameters = [ 0.0914471   0.50980383  0.20006936 11.7127476 ]

Round_4_Replicate_2
3331    , -8156.31    , array([ 0.0939005  ,  0.337159   ,  0.258516   ,  11.543     ])
3332    , -7750.54    , array([ 0.083426   ,  0.337159   ,  0.258516   ,  11.543     ])
3333    , -8416.23    , array([ 0.0939005  ,  0.319321   ,  0.258516   ,  11.543     ])
3334    , -8220.75    , array([ 0.0939005  ,  0.337159   ,  0.241609   ,  11.543     ])
3335    , -8155.99    , array([ 0.0939005  ,  0.337159   ,  0.258516   ,  13.0448    ])
3336    , -7744.45    , array([ 0.0885085  ,  0.355995   ,  0.24992    ,  12.271     ])
3337    , -7509.31    , array([ 0.0859297  ,  0.375882   ,  0.245729   ,  12.6519    ])
3338    , -7628.42    , array([ 0.0846686  ,  0.355995   ,  0.269679   ,  12.8469    ])
3339    , -7420.97    , array([ 0.0803988  ,  0.365803   ,  0.257426   ,  13.553     ])
3340    , -7245.89    , array([ 0.0743944  ,  0.381025   ,  0.256882   ,  14.6856    ])
3341    , -7203.34    , array([ 0.0715625  ,  0.388872   ,  0.256611   ,  12.7247    ])
3342    , -7282.94    , array([ 0.0624732  ,  0.417631   ,  0.255663   ,  12.5676    ])
3343    , -7228.23    , array([ 0.0746009  ,  0.417631   ,  0.255663   ,  15.0982    ])
3344    , -7222.94    , array([ 0.0689976  ,  0.428409   ,  0.238627   ,  14.7067    ])
3345    , -7381.89    , array([ 0.0609198  ,  0.433166   ,  0.258073   ,  16.1003    ])
3346    , -7226.21    , array([ 0.0663903  ,  0.418075   ,  0.25493    ,  15.1588    ])
3347    , -7302.23    , array([ 0.0664728  ,  0.447613   ,  0.245928   ,  14.0924    ])
3348    , -7198.84    , array([ 0.0723296  ,  0.396681   ,  0.254099   ,  14.535     ])
3349    , -7256       , array([ 0.0652719  ,  0.398004   ,  0.246343   ,  13.4491    ])
3350    , -7197.01    , array([ 0.0721505  ,  0.412635   ,  0.253301   ,  14.6679    ])
3351    , -7241.68    , array([ 0.0764597  ,  0.394987   ,  0.246261   ,  13.1768    ])
3352    , -7197.33    , array([ 0.068776   ,  0.412179   ,  0.252735   ,  14.6369    ])
3353    , -7256.55    , array([ 0.0734522  ,  0.378086   ,  0.270751   ,  13.5496    ])
3354    , -7195.17    , array([ 0.0700853  ,  0.415233   ,  0.246282   ,  14.4085    ])
3355    , -7211.7     , array([ 0.0700848  ,  0.430414   ,  0.246657   ,  16.664     ])
3356    , -7192.71    , array([ 0.0711902  ,  0.398866   ,  0.254085   ,  13.6123    ])
3357    , -7210.29    , array([ 0.0687932  ,  0.423102   ,  0.249089   ,  14.1178    ])
3358    , -7191.2     , array([ 0.0714288  ,  0.403127   ,  0.252837   ,  14.4296    ])
3359    , -7200.6     , array([ 0.0737298  ,  0.402696   ,  0.250484   ,  13.9198    ])
3360    , -7191.77    , array([ 0.0699823  ,  0.409788   ,  0.25217    ,  14.4543    ])
likelihood = -7191.2
theta = 15357.76
Optimized parameters = [ 0.07142881  0.403127    0.25283684 14.42957396]

Round_4_Replicate_3
3361    , -9120.77    , array([ 0.106432   ,  0.648312   ,  0.214463   ,  4.26485    ])
3362    , -8887.1     , array([ 0.0951539  ,  0.648312   ,  0.214463   ,  4.26485    ])
3363    , -8956.72    , array([ 0.106432   ,  0.634415   ,  0.214463   ,  4.26485    ])
3364    , -8533.26    , array([ 0.106432   ,  0.648312   ,  0.198573   ,  4.26485    ])
3365    , -9020.55    , array([ 0.106432   ,  0.648312   ,  0.214463   ,  4.58563    ])
3366    , -8564.58    , array([ 0.100635   ,  0.641326   ,  0.206365   ,  4.42233    ])
3367    , -8480.18    , array([ 0.0978561  ,  0.637861   ,  0.202432   ,  4.03908    ])
3368    , -8311.36    , array([ 0.0938308  ,  0.632699   ,  0.196671   ,  3.79074    ])
3369    , -8304.64    , array([ 0.0918807  ,  0.650952   ,  0.193853   ,  4.09438    ])
3370    , -8219.55    , array([ 0.085369   ,  0.659381   ,  0.184303   ,  4.01171    ])
3371    , -7967.42    , array([ 0.0973437  ,  0.642413   ,  0.179706   ,  3.97101    ])
3372    , -7770.89    , array([ 0.0984574  ,  0.639483   ,  0.164501   ,  3.83177    ])
3373    , -7976.91    , array([ 0.0910403  ,  0.648477   ,  0.166742   ,  3.56473    ])
3374    , -8152.86    , array([ 0.0796143  ,  0.64157    ,  0.15879    ,  3.37937    ])
3375    , -8139.9     , array([ 0.0831843  ,  0.661995   ,  0.14406    ,  3.58982    ])
3376    , -8106.52    , array([ 0.0902521  ,  0.636466   ,  0.135911   ,  3.20876    ])
3377    , -7757.69    , array([ 0.103038   ,  0.651527   ,  0.145943   ,  3.71178    ])
3378    , -7732.29    , array([ 0.11722    ,  0.656563   ,  0.139914   ,  3.89004    ])
3379    , -7883.02    , array([ 0.117066   ,  0.628829   ,  0.158534   ,  3.63737    ])
3380    , -8352.17    , array([ 0.122885   ,  0.650117   ,  0.181486   ,  4.33258    ])
3381    , -7840.54    , array([ 0.0974918  ,  0.639851   ,  0.146101   ,  3.45891    ])
3382    , -7810.43    , array([ 0.126064   ,  0.633817   ,  0.138471   ,  3.84161    ])
3383    , -7771.05    , array([ 0.101736   ,  0.656208   ,  0.136112   ,  3.86916    ])
3384    , -7672.09    , array([ 0.124793   ,  0.653095   ,  0.142558   ,  4.3033     ])
3385    , -7785.24    , array([ 0.141189   ,  0.65982    ,  0.140818   ,  4.79991    ])
likelihood = -7672.09
theta = 11087.55
Optimized parameters = [0.1247931  0.65309538 0.14255759 4.30330178]

Round_4_Replicate_4
3386    , -12524.7    , array([ 0.0400726  ,  0.447199   ,  0.155678   ,  12.6773    ])
3387    , -13698.9    , array([ 0.0341185  ,  0.447199   ,  0.155678   ,  12.6773    ])
3388    , -12798      , array([ 0.0400726  ,  0.429562   ,  0.155678   ,  12.6773    ])
3389    , -13809.6    , array([ 0.0400726  ,  0.447199   ,  0.141853   ,  12.6773    ])
3390    , -12566.6    , array([ 0.0400726  ,  0.447199   ,  0.155678   ,  14.3939    ])
3391    , -12069.9    , array([ 0.0369759  ,  0.438292   ,  0.17085    ,  13.5083    ])
3392    , -11375.9    , array([ 0.0355185  ,  0.433905   ,  0.187501   ,  13.9441    ])
3393    , -10973.7    , array([ 0.0443107  ,  0.431728   ,  0.17085    ,  14.1672    ])
3394    , -9838.82    , array([ 0.0504973  ,  0.424194   ,  0.178982   ,  14.9766    ])
3395    , -10376.5    , array([ 0.0423508  ,  0.446637   ,  0.183192   ,  15.3984    ])
3396    , -9619.83    , array([ 0.0435379  ,  0.428752   ,  0.198722   ,  14.0273    ])
3397    , -8615.51    , array([ 0.0453814  ,  0.419817   ,  0.224521   ,  13.8476    ])
3398    , -8244.49    , array([ 0.0463322  ,  0.415419   ,  0.23865    ,  16.6456    ])
3399    , -7669.06    , array([ 0.0498197  ,  0.400386   ,  0.295481   ,  19.0738    ])
3400    , -7299.87    , array([ 0.0619084  ,  0.411277   ,  0.248741   ,  17.6994    ])
3401    , -7687.39    , array([ 0.081733   ,  0.400409   ,  0.286496   ,  19.9409    ])
3402    , -7313.09    , array([ 0.0627751  ,  0.383411   ,  0.296664   ,  17.1836    ])
3403    , -8987.12    , array([ 0.0587003  ,  0.383799   ,  0.390922   ,  18.9247    ])
3404    , -7689.2     , array([ 0.0565323  ,  0.393522   ,  0.321566   ,  17.8495    ])
3405    , -9031.46    , array([ 0.072902   ,  0.37546    ,  0.372949   ,  23.2378    ])
3406    , -7687.62    , array([ 0.0510909  ,  0.408259   ,  0.254891   ,  15.7608    ])
3407    , -7721.69    , array([ 0.0556344  ,  0.407979   ,  0.231835   ,  16.9402    ])
3408    , -7449.87    , array([ 0.0563065  ,  0.397087   ,  0.29631    ,  17.6177    ])
3409    , -7588.44    , array([ 0.0646256  ,  0.387834   ,  0.315348   ,  20.2839    ])
3410    , -7381.07    , array([ 0.075483   ,  0.389212   ,  0.281025   ,  17.2842    ])
3411    , -7278.46    , array([ 0.062888   ,  0.402522   ,  0.248578   ,  15.0033    ])
3412    , -7632.79    , array([ 0.0620367  ,  0.410073   ,  0.220698   ,  12.9034    ])
3413    , -7249.19    , array([ 0.0762813  ,  0.395823   ,  0.242305   ,  15.9407    ])
3414    , -7569.85    , array([ 0.0887867  ,  0.395193   ,  0.219114   ,  15.163     ])
likelihood = -7249.19
theta = 15008.67
Optimized parameters = [ 0.07628131  0.39582318  0.24230526 15.94065664]

Round_4_Replicate_5
3415    , -8503.46    , array([ 0.0353471  ,  0.356951   ,  0.300012   ,  8.08027    ])
3416    , -9349.4     , array([ 0.0299069  ,  0.356951   ,  0.300012   ,  8.08027    ])
3417    , -8429.97    , array([ 0.0353471  ,  0.33903    ,  0.300012   ,  8.08027    ])
3418    , -8699.89    , array([ 0.0353471  ,  0.356951   ,  0.282486   ,  8.08027    ])
3419    , -8505.76    , array([ 0.0353471  ,  0.356951   ,  0.300012   ,  8.9701     ])
3420    , -7883.38    , array([ 0.0417769  ,  0.347875   ,  0.291117   ,  8.51357    ])
3421    , -7450.75    , array([ 0.0493763  ,  0.343424   ,  0.286769   ,  8.73885    ])
3422    , -7713.95    , array([ 0.0417769  ,  0.34122    ,  0.311515   ,  8.85372    ])
3423    , -7547.41    , array([ 0.0454179  ,  0.333617   ,  0.298886   ,  7.92353    ])
3424    , -7323.98    , array([ 0.051483   ,  0.322528   ,  0.298324   ,  8.71037    ])
3425    , -7350.93    , array([ 0.0621325  ,  0.306583   ,  0.297484   ,  9.04361    ])
3426    , -7216.93    , array([ 0.0621325  ,  0.331209   ,  0.297484   ,  9.04361    ])
3427    , -7847.88    , array([ 0.0823762  ,  0.327367   ,  0.296227   ,  9.56753    ])
3428    , -7345.81    , array([ 0.0641104  ,  0.32422    ,  0.279973   ,  8.34161    ])
3429    , -7391.72    , array([ 0.0700628  ,  0.326906   ,  0.282419   ,  9.56363    ])
3430    , -7728.04    , array([ 0.0767681  ,  0.309839   ,  0.292111   ,  9.07133    ])
3431    , -7281.12    , array([ 0.0551358  ,  0.334701   ,  0.288095   ,  8.82081    ])
3432    , -7418.06    , array([ 0.0479938  ,  0.329353   ,  0.299576   ,  7.9606     ])
3433    , -7279.41    , array([ 0.06374    ,  0.327516   ,  0.286614   ,  9.13489    ])
3434    , -7250.02    , array([ 0.0522981  ,  0.333764   ,  0.305757   ,  9.55092    ])
3435    , -7232.13    , array([ 0.065639   ,  0.341309   ,  0.290501   ,  9.57774    ])
3436    , -7288.76    , array([ 0.0668737  ,  0.332127   ,  0.302069   ,  9.85526    ])
3437    , -7225.97    , array([ 0.0578615  ,  0.334056   ,  0.291527   ,  9.06877    ])
3438    , -7216.66    , array([ 0.0551145  ,  0.342785   ,  0.306222   ,  9.48191    ])
3439    , -7327.28    , array([ 0.0512499  ,  0.350685   ,  0.316523   ,  9.66033    ])
3440    , -7286.06    , array([ 0.0689576  ,  0.340883   ,  0.287267   ,  9.03607    ])
3441    , -7206.24    , array([ 0.0560415  ,  0.33553    ,  0.301026   ,  9.41952    ])
likelihood = -7206.24
theta = 18515.94
Optimized parameters = [0.05604155 0.33553002 0.30102607 9.41951926]
