
Round_1_Replicate_1
855     , -139575     , array([ 0.247662   ,  4.02949    ,  3.21495    ,  2.02251    ,  0.282907   ])
856     , -135749     , array([ 0.230968   ,  4.02949    ,  3.21495    ,  2.02251    ,  0.282907   ])
857     , -140384     , array([ 0.247662   ,  4.32029    ,  3.21495    ,  2.02251    ,  0.282907   ])
858     , -143812     , array([ 0.247662   ,  4.02949    ,  3.40826    ,  2.02251    ,  0.282907   ])
859     , -139653     , array([ 0.247662   ,  4.02949    ,  3.21495    ,  2.095      ,  0.282907   ])
860     , -139532     , array([ 0.247662   ,  4.02949    ,  3.21495    ,  2.02251    ,  0.265599   ])
861     , -134300     , array([ 0.240845   ,  4.14339    ,  3.0326     ,  2.0512     ,  0.275852   ])
862     , -129789     , array([ 0.237506   ,  4.20153    ,  2.86059    ,  2.0657     ,  0.272391   ])
863     , -133255     , array([ 0.236844   ,  3.82165    ,  3.06822    ,  2.06861    ,  0.271704   ])
likelihood = -129789.44
theta = 1389.83
Optimized parameters = [0.23750645 4.20153467 2.8605942  2.06569582 0.27239107]

Round_1_Replicate_2
864     , -94251.5    , array([ 0.838035   ,  0.69127    ,  1.47296    ,  0.14942    ,  0.173193   ])
865     , -93907.2    , array([ 0.830663   ,  0.69127    ,  1.47296    ,  0.14942    ,  0.173193   ])
866     , -93574.2    , array([ 0.838035   ,  0.678626   ,  1.47296    ,  0.14942    ,  0.173193   ])
867     , -95369.5    , array([ 0.838035   ,  0.69127    ,  1.50176    ,  0.14942    ,  0.173193   ])
868     , -95646.3    , array([ 0.838035   ,  0.69127    ,  1.47296    ,  0.135872   ,  0.173193   ])
869     , -94249.6    , array([ 0.838035   ,  0.69127    ,  1.47296    ,  0.14942    ,  0.158656   ])
870     , -92796.7    , array([ 0.835078   ,  0.686184   ,  1.48442    ,  0.164319   ,  0.167225   ])
871     , -91233.5    , array([ 0.833604   ,  0.683655   ,  1.49018    ,  0.180704   ,  0.164318   ])
872     , -91556.8    , array([ 0.83331    ,  0.683151   ,  1.45145    ,  0.161225   ,  0.163743   ])
likelihood = -91233.54
theta = 2794.77
Optimized parameters = [0.83360418 0.68365538 1.49017716 0.18070403 0.16431842]

Round_1_Replicate_3
873     , -89219      , array([ 1.49603    ,  1.07089    ,  0.809299   ,  0.297401   ,  0.555783   ])
874     , -89963      , array([ 1.52647    ,  1.07089    ,  0.809299   ,  0.297401   ,  0.555783   ])
875     , -89339.6    , array([ 1.49603    ,  1.07457    ,  0.809299   ,  0.297401   ,  0.555783   ])
876     , -88563.5    , array([ 1.49603    ,  1.07089    ,  0.800782   ,  0.297401   ,  0.555783   ])
877     , -89548.7    , array([ 1.49603    ,  1.07089    ,  0.809299   ,  0.279904   ,  0.555783   ])
878     , -89223      , array([ 1.49603    ,  1.07089    ,  0.809299   ,  0.297401   ,  0.539698   ])
879     , -88401      , array([ 1.4662     ,  1.07236    ,  0.805882   ,  0.290275   ,  0.549292   ])
880     , -87624.5    , array([ 1.43697    ,  1.0731     ,  0.804178   ,  0.286776   ,  0.546075   ])
881     , -88017.7    , array([ 1.47212    ,  1.07324    ,  0.803838   ,  0.311426   ,  0.545434   ])
likelihood = -87624.53
theta = 1879.43
Optimized parameters = [1.43696668 1.07309755 0.80417824 0.28677584 0.54607519]

Round_1_Replicate_4
882     , -141748     , array([ 0.687569   ,  3.08407    ,  1.662      ,  0.254719   ,  1.66174    ])
883     , -140616     , array([ 0.674811   ,  3.08407    ,  1.662      ,  0.254719   ,  1.66174    ])
884     , -143173     , array([ 0.687569   ,  3.26273    ,  1.662      ,  0.254719   ,  1.66174    ])
885     , -143958     , array([ 0.687569   ,  3.08407    ,  1.70476    ,  0.254719   ,  1.66174    ])
886     , -141748     , array([ 0.687569   ,  3.08407    ,  1.662      ,  0.237884   ,  1.66174    ])
887     , -141747     , array([ 0.687569   ,  3.08407    ,  1.662      ,  0.254719   ,  1.70448    ])
888     , -139688     , array([ 0.682437   ,  3.15433    ,  1.62032    ,  0.247847   ,  1.67871    ])
889     , -137599     , array([ 0.679886   ,  3.19006    ,  1.57968    ,  0.24448    ,  1.68726    ])
890     , -138182     , array([ 0.679377   ,  2.95487    ,  1.62857    ,  0.243812   ,  1.68897    ])
likelihood = -137599.13
theta = 1466.29
Optimized parameters = [0.67988569 3.19005541 1.57967724 0.24448005 1.68725589]

Round_1_Replicate_5
891     , -197144     , array([ 1.4381     ,  4.97397    ,  2.33702    ,  1.00637    ,  0.179288   ])
892     , -198344     , array([ 1.46446    ,  4.97397    ,  2.33702    ,  1.00637    ,  0.179288   ])
893     , -199525     , array([ 1.4381     ,  5.38938    ,  2.33702    ,  1.00637    ,  0.179288   ])
894     , -203381     , array([ 1.4381     ,  4.97397    ,  2.43835    ,  1.00637    ,  0.179288   ])
895     , -197136     , array([ 1.4381     ,  4.97397    ,  2.33702    ,  1.00669    ,  0.179288   ])
896     , -190467     , array([ 1.4381     ,  4.97397    ,  2.33702    ,  1.00637    ,  0.164523   ])
897     , -189884     , array([ 1.44859    ,  5.13615    ,  2.23991    ,  1.0065     ,  0.173229   ])
898     , -183456     , array([ 1.45386    ,  5.21921    ,  2.14683    ,  1.00656    ,  0.170277   ])
899     , -187106     , array([ 1.45492    ,  4.67982    ,  2.259      ,  1.00658    ,  0.169693   ])
likelihood = -183455.61
theta = 1097.49
Optimized parameters = [1.45385985 5.21920843 2.14682568 1.00656438 0.1702773 ]

Round_1_Replicate_6
900     , -122340     , array([ 1.77489    ,  1.64811    ,  0.951853   ,  0.58009    ,  3.64771    ])
901     , -123708     , array([ 1.82654    ,  1.64811    ,  0.951853   ,  0.58009    ,  3.64771    ])
902     , -123394     , array([ 1.77489    ,  1.6898     ,  0.951853   ,  0.58009    ,  3.64771    ])
903     , -122125     , array([ 1.77489    ,  1.64811    ,  0.949508   ,  0.58009    ,  3.64771    ])
904     , -122348     , array([ 1.77489    ,  1.64811    ,  0.951853   ,  0.564509   ,  3.64771    ])
905     , -122229     , array([ 1.77489    ,  1.64811    ,  0.951853   ,  0.58009    ,  3.89154    ])
906     , -121261     , array([ 1.72469    ,  1.66466    ,  0.950914   ,  0.573807   ,  3.74336    ])
907     , -120034     , array([ 1.67592    ,  1.673      ,  0.950445   ,  0.57069    ,  3.79212    ])
908     , -120255     , array([ 1.73462    ,  1.61712    ,  0.950352   ,  0.570069   ,  3.80194    ])
likelihood = -120033.8
theta = 1161.49
Optimized parameters = [1.67591985 1.67300187 0.95044537 0.57069047 3.79211508]

Round_1_Replicate_7
909     , -38683.2    , array([ 0.531589   ,  0.440578   ,  0.895341   ,  1.99393    ,  0.95194    ])
910     , -37985.3    , array([ 0.515057   ,  0.440578   ,  0.895341   ,  1.99393    ,  0.95194    ])
911     , -38042.4    , array([ 0.531589   ,  0.422887   ,  0.895341   ,  1.99393    ,  0.95194    ])
912     , -38464.9    , array([ 0.531589   ,  0.440578   ,  0.890405   ,  1.99393    ,  0.95194    ])
913     , -38646.4    , array([ 0.531589   ,  0.440578   ,  0.895341   ,  2.06393    ,  0.95194    ])
914     , -38675.9    , array([ 0.531589   ,  0.440578   ,  0.895341   ,  1.99393    ,  0.949598   ])
915     , -38039.3    , array([ 0.524913   ,  0.433414   ,  0.893363   ,  2.02164    ,  0.951002   ])
916     , -37794      , array([ 0.522267   ,  0.430582   ,  0.892573   ,  2.03283    ,  0.953911   ])
917     , -37358.7    , array([ 0.517667   ,  0.425669   ,  0.891193   ,  2.05256    ,  0.956075   ])
likelihood = -37358.74
theta = 2830.26
Optimized parameters = [0.51766675 0.4256689  0.89119311 2.0525638  0.95607459]

Round_1_Replicate_8
918     , -36800.6    , array([ 6.99279    ,  0.596306   ,  0.175002   ,  1.1655     ,  0.233298   ])
919     , -37989.1    , array([ 7.70696    ,  0.596306   ,  0.175002   ,  1.1655     ,  0.233298   ])
920     , -36599.1    , array([ 6.99279    ,  0.581088   ,  0.175002   ,  1.1655     ,  0.233298   ])
921     , -35487.7    , array([ 6.99279    ,  0.596306   ,  0.160396   ,  1.1655     ,  0.233298   ])
922     , -36719.4    , array([ 6.99279    ,  0.596306   ,  0.175002   ,  1.17446    ,  0.233298   ])
923     , -36253.7    , array([ 6.99279    ,  0.596306   ,  0.175002   ,  1.1655     ,  0.216924   ])
924     , -34754      , array([ 6.3448     ,  0.590171   ,  0.169006   ,  1.16908    ,  0.226605   ])
925     , -33162.7    , array([ 5.75685    ,  0.587128   ,  0.166086   ,  1.17087    ,  0.223331   ])
926     , -34507      , array([ 6.4694     ,  0.586521   ,  0.165508   ,  1.17123    ,  0.222682   ])
likelihood = -33162.73
theta = 1025.74
Optimized parameters = [5.75685486 0.58712814 0.16608625 1.17086727 0.22333083]

Round_1_Replicate_9
927     , -69060.3    , array([ 0.231598   ,  0.908012   ,  1.75019    ,  0.427897   ,  4.74121    ])
928     , -67325      , array([ 0.215264   ,  0.908012   ,  1.75019    ,  0.427897   ,  4.74121    ])
929     , -68936.2    , array([ 0.231598   ,  0.903642   ,  1.75019    ,  0.427897   ,  4.74121    ])
930     , -70472.5    , array([ 0.231598   ,  0.908012   ,  1.79986    ,  0.427897   ,  4.74121    ])
931     , -69060.2    , array([ 0.231598   ,  0.908012   ,  1.75019    ,  0.410116   ,  4.74121    ])
932     , -69060.3    , array([ 0.231598   ,  0.908012   ,  1.75019    ,  0.427897   ,  5.12488    ])
933     , -66936.4    , array([ 0.224921   ,  0.906261   ,  1.70189    ,  0.420694   ,  4.8911     ])
934     , -65236.3    , array([ 0.221655   ,  0.905387   ,  1.65492    ,  0.417138   ,  4.96782    ])
935     , -66773.2    , array([ 0.221007   ,  0.905213   ,  1.71144    ,  0.41643    ,  4.9833     ])
likelihood = -65236.29
theta = 3453.18
Optimized parameters = [0.22165459 0.90538732 1.65491667 0.41713782 4.96781645]

Round_1_Replicate_10
936     , -242301     , array([ 1.15212    ,  6.59144    ,  2.38727    ,  0.12707    ,  0.484396   ])
937     , -243049     , array([ 1.1603     ,  6.59144    ,  2.38727    ,  0.12707    ,  0.484396   ])
938     , -244294     , array([ 1.15212    ,  7.24318    ,  2.38727    ,  0.12707    ,  0.484396   ])
939     , -247655     , array([ 1.15212    ,  6.59144    ,  2.49342    ,  0.12707    ,  0.484396   ])
940     , -242395     , array([ 1.15212    ,  6.59144    ,  2.38727    ,  0.114616   ,  0.484396   ])
941     , -242342     , array([ 1.15212    ,  6.59144    ,  2.38727    ,  0.12707    ,  0.467155   ])
942     , -238190     , array([ 1.15538    ,  6.84478    ,  2.28563    ,  0.121934   ,  0.477425   ])
943     , -233563     , array([ 1.15702    ,  6.97509    ,  2.18832    ,  0.119444   ,  0.473977   ])
944     , -237021     , array([ 1.15735    ,  6.13563    ,  2.3056     ,  0.118953   ,  0.47329    ])
likelihood = -233562.65
theta = 1373.01
Optimized parameters = [1.1570215  6.97508574 2.18831929 0.11944436 0.47397656]

Round_2_Replicate_1
945     , -25974.2    , array([ 1.556      ,  0.464772   ,  0.540402   ,  1.77146    ,  0.129095   ])
946     , -26325      , array([ 1.59078    ,  0.464772   ,  0.540402   ,  1.77146    ,  0.129095   ])
947     , -25818.3    , array([ 1.556      ,  0.447303   ,  0.540402   ,  1.77146    ,  0.129095   ])
948     , -25286.1    , array([ 1.556      ,  0.464772   ,  0.524026   ,  1.77146    ,  0.129095   ])
949     , -25782.7    , array([ 1.556      ,  0.464772   ,  0.540402   ,  1.82284    ,  0.129095   ])
950     , -24832.9    , array([ 1.556      ,  0.464772   ,  0.540402   ,  1.77146    ,  0.116535   ])
951     , -24764.8    , array([ 1.52198    ,  0.457704   ,  0.533791   ,  1.79184    ,  0.123916   ])
952     , -24010.1    , array([ 1.48871    ,  0.45421    ,  0.530516   ,  1.80211    ,  0.121405   ])
953     , -24329.7    , array([ 1.52873    ,  0.453515   ,  0.529863   ,  1.80417    ,  0.120909   ])
954     , -23893.3    , array([ 1.51795    ,  0.473833   ,  0.525706   ,  1.81743    ,  0.117782   ])
955     , -22973.5    , array([ 1.49927    ,  0.487683   ,  0.518508   ,  1.84086    ,  0.112503   ])
956     , -22862.1    , array([ 1.49557    ,  0.464886   ,  0.51708    ,  1.77316    ,  0.111476   ])
957     , -21529.8    , array([ 1.46624    ,  0.464943   ,  0.5058     ,  1.74884    ,  0.103589   ])
likelihood = -21529.83
theta = 1922.52
Optimized parameters = [1.46623625 0.46494288 0.50579965 1.74883696 0.10358949]

Round_2_Replicate_2
958     , -65727      , array([ 17.3876    ,  1.17683    ,  0.278902   ,  2.90988    ,  0.345613   ])
959     , -67930.3    , array([ 20.0564    ,  1.17683    ,  0.278902   ,  2.90988    ,  0.345613   ])
960     , -65819.5    , array([ 17.3876    ,  1.18645    ,  0.278902   ,  2.90988    ,  0.345613   ])
961     , -62962.9    , array([ 17.3876    ,  1.17683    ,  0.261652   ,  2.90988    ,  0.345613   ])
962     , -65193.3    , array([ 17.3876    ,  1.17683    ,  0.278902   ,  3.06951    ,  0.345613   ])
963     , -64204.2    , array([ 17.3876    ,  1.17683    ,  0.278902   ,  2.90988    ,  0.327733   ])
964     , -61580      , array([ 15.074     ,  1.18067    ,  0.27187    ,  2.97271    ,  0.338347   ])
965     , -58384.4    , array([ 13.0682    ,  1.1826     ,  0.268421   ,  3.00463    ,  0.334771   ])
966     , -60823.7    , array([ 15.5107    ,  1.16957    ,  0.267736   ,  3.01106    ,  0.33406    ])
967     , -59010.5    , array([ 14.8179    ,  1.17622    ,  0.263396   ,  3.05251    ,  0.329548   ])
968     , -57233      , array([ 13.8997    ,  1.17597    ,  0.257437   ,  2.88734    ,  0.323333   ])
969     , -53616.9    , array([ 12.4276    ,  1.17555    ,  0.247332   ,  2.80035    ,  0.312738   ])
likelihood = -53616.91
theta = 516.45
Optimized parameters = [12.42761812  1.17554547  0.24733199  2.80035391  0.31273809]

Round_2_Replicate_3
970     , -36657.2    , array([ 15.0723    ,  0.266543   ,  0.0502121  ,  0.410517   ,  0.222973   ])
971     , -37483.2    , array([ 17.2619    ,  0.266543   ,  0.0502121  ,  0.410517   ,  0.222973   ])
972     , -36350.8    , array([ 15.0723    ,  0.249491   ,  0.0502121  ,  0.410517   ,  0.222973   ])
973     , -36159.5    , array([ 15.0723    ,  0.266543   ,  0.0432363  ,  0.410517   ,  0.222973   ])
974     , -36917.4    , array([ 15.0723    ,  0.266543   ,  0.0502121  ,  0.392643   ,  0.222973   ])
975     , -36722.9    , array([ 15.0723    ,  0.266543   ,  0.0502121  ,  0.410517   ,  0.206854   ])
976     , -35589.5    , array([ 13.1605    ,  0.259587   ,  0.047296   ,  0.403272   ,  0.21638    ])
977     , -34605.1    , array([ 11.4911    ,  0.256177   ,  0.0459021  ,  0.399697   ,  0.213157   ])
978     , -35298.4    , array([ 13.5224    ,  0.2555     ,  0.0456283  ,  0.424644   ,  0.212518   ])
979     , -34913.3    , array([ 12.948     ,  0.251213   ,  0.0439141  ,  0.411688   ,  0.231567   ])
980     , -34333      , array([ 12.1846    ,  0.24533    ,  0.041622   ,  0.412158   ,  0.218101   ])
981     , -33251.8    , array([ 10.9554    ,  0.235366   ,  0.0378948  ,  0.412981   ,  0.215706   ])
likelihood = -33251.81
theta = 1109.05
Optimized parameters = [10.95535062  0.23536567  0.03789485  0.41298067  0.21570566]

Round_2_Replicate_4
982     , -92992.2    , array([ 9.87887    ,  1.73673    ,  0.0541589  ,  0.403204   ,  0.149066   ])
983     , -94590.2    , array([ 11.0775    ,  1.73673    ,  0.0541589  ,  0.403204   ,  0.149066   ])
984     , -94672.9    , array([ 9.87887    ,  1.78533    ,  0.0541589  ,  0.403204   ,  0.149066   ])
985     , -92388.1    , array([ 9.87887    ,  1.73673    ,  0.0468115  ,  0.403204   ,  0.149066   ])
986     , -95246.6    , array([ 9.87887    ,  1.73673    ,  0.0541589  ,  0.385302   ,  0.149066   ])
987     , -94398.2    , array([ 9.87887    ,  1.73673    ,  0.0541589  ,  0.403204   ,  0.135534   ])
988     , -92362.3    , array([ 10.3419    ,  1.75601    ,  0.0510908  ,  0.421938   ,  0.143498   ])
989     , -90872.2    , array([ 10.5815    ,  1.76573    ,  0.0496226  ,  0.441543   ,  0.140792   ])
990     , -91452      , array([ 10.6301    ,  1.70068    ,  0.0493341  ,  0.418123   ,  0.140257   ])
991     , -90208.9    , array([ 9.32482    ,  1.73367    ,  0.0475267  ,  0.424244   ,  0.136882   ])
992     , -87904.9    , array([ 8.55539    ,  1.73214    ,  0.0445217  ,  0.435172   ,  0.131168   ])
993     , -88037.4    , array([ 9.87163    ,  1.73183    ,  0.0439439  ,  0.437391   ,  0.14859    ])
likelihood = -87904.86
theta = 1055.04
Optimized parameters = [8.55538701 1.73213533 0.04452173 0.43517217 0.13116831]

Round_2_Replicate_5
994     , -21612.1    , array([ 3.88903    ,  0.15159    ,  0.0660021  ,  1.34909    ,  0.252843   ])
995     , -22296.2    , array([ 4.1623     ,  0.15159    ,  0.0660021  ,  1.34909    ,  0.252843   ])
996     , -22006.3    , array([ 3.88903    ,  0.137945   ,  0.0660021  ,  1.34909    ,  0.252843   ])
997     , -21265.5    , array([ 3.88903    ,  0.15159    ,  0.057615   ,  1.34909    ,  0.252843   ])
998     , -21553.8    , array([ 3.88903    ,  0.15159    ,  0.0660021  ,  1.36944    ,  0.252843   ])
999     , -21538.3    , array([ 3.88903    ,  0.15159    ,  0.0660021  ,  1.34909    ,  0.236044   ])
1000    , -20894.4    , array([ 3.6337     ,  0.145977   ,  0.0625099  ,  1.35719    ,  0.245985   ])
1001    , -20214.1    , array([ 3.39513    ,  0.143249   ,  0.0608337  ,  1.36126    ,  0.242626   ])
1002    , -20476      , array([ 3.68339    ,  0.162857   ,  0.0605039  ,  1.36208    ,  0.241959   ])
1003    , -20422.8    , array([ 3.60421    ,  0.152508   ,  0.0584351  ,  1.36731    ,  0.237738   ])
1004    , -20065.3    , array([ 3.49621    ,  0.152877   ,  0.055657   ,  1.34615    ,  0.231952   ])
1005    , -19408.6    , array([ 3.31494    ,  0.153524   ,  0.0511095  ,  1.33466    ,  0.222163   ])
likelihood = -19408.59
theta = 1435.46
Optimized parameters = [3.31493963 0.15352449 0.05110947 1.33465778 0.22216287]

Round_2_Replicate_6
1006    , -68107.4    , array([ 9.22644    ,  1.74225    ,  0.395207   ,  1.62651    ,  0.163881   ])
1007    , -69733.1    , array([ 10.3106    ,  1.74225    ,  0.395207   ,  1.62651    ,  0.163881   ])
1008    , -68876.6    , array([ 9.22644    ,  1.79129    ,  0.395207   ,  1.62651    ,  0.163881   ])
1009    , -66455.5    , array([ 9.22644    ,  1.74225    ,  0.377282   ,  1.62651    ,  0.163881   ])
1010    , -67464.5    , array([ 9.22644    ,  1.74225    ,  0.395207   ,  1.66655    ,  0.163881   ])
1011    , -65992.3    , array([ 9.22644    ,  1.74225    ,  0.395207   ,  1.62651    ,  0.149711   ])
1012    , -64986.9    , array([ 8.25625    ,  1.76171    ,  0.387937   ,  1.64241    ,  0.158059   ])
1013    , -62594.8    , array([ 7.38807    ,  1.77151    ,  0.384352   ,  1.65041    ,  0.155226   ])
1014    , -63457.9    , array([ 8.44176    ,  1.70588    ,  0.383639   ,  1.65202    ,  0.154665   ])
1015    , -62381.6    , array([ 8.1469     ,  1.73916    ,  0.379107   ,  1.66234    ,  0.151126   ])
1016    , -59667.5    , array([ 7.65546    ,  1.73762    ,  0.371305   ,  1.68055    ,  0.145126   ])
1017    , -60036.4    , array([ 7.56079    ,  1.73731    ,  0.369764   ,  1.62783    ,  0.143954   ])
likelihood = -59667.52
theta = 727.46
Optimized parameters = [7.65546249 1.73761709 0.37130531 1.68055131 0.14512558]

Round_2_Replicate_7
1018    , -37477.2    , array([ 19.3673    ,  0.1542     ,  0.131706   ,  3.7051     ,  0.196817   ])
1019    , -38954.5    , array([ 22.4607    ,  0.1542     ,  0.131706   ,  3.7051     ,  0.196817   ])
1020    , -37878.5    , array([ 19.3673    ,  0.14044    ,  0.131706   ,  3.7051     ,  0.196817   ])
1021    , -36553.3    , array([ 19.3673    ,  0.1542     ,  0.119011   ,  3.7051     ,  0.196817   ])
1022    , -37251.5    , array([ 19.3673    ,  0.1542     ,  0.131706   ,  3.95585    ,  0.196817   ])
1023    , -36850      , array([ 19.3673    ,  0.1542     ,  0.131706   ,  3.7051     ,  0.181454   ])
1024    , -35424.4    , array([ 16.7       ,  0.148541   ,  0.126473   ,  3.80343    ,  0.190521   ])
1025    , -33655.5    , array([ 14.4       ,  0.14579    ,  0.123935   ,  3.85358    ,  0.187449   ])
1026    , -34853.4    , array([ 17.2023    ,  0.165553   ,  0.123433   ,  3.86368    ,  0.186841   ])
1027    , -34245.7    , array([ 16.4057    ,  0.155126   ,  0.120272   ,  3.929      ,  0.182994   ])
1028    , -33362.1    , array([ 15.3519    ,  0.155497   ,  0.115981   ,  3.66994    ,  0.17774    ])
1029    , -31617.5    , array([ 13.6682    ,  0.15615    ,  0.108837   ,  3.53483    ,  0.168907   ])
likelihood = -31617.49
theta = 502.44
Optimized parameters = [13.66816536  0.15614972  0.10883736  3.53483139  0.16890701]

Round_2_Replicate_8
1030    , -81623      , array([ 3.96952    ,  2.29285    ,  0.6435     ,  4.07521    ,  0.281514   ])
1031    , -83615.2    , array([ 4.2528     ,  2.29285    ,  0.6435     ,  4.07521    ,  0.281514   ])
1032    , -82506.9    , array([ 3.96952    ,  2.38998    ,  0.6435     ,  4.07521    ,  0.281514   ])
1033    , -80060      , array([ 3.96952    ,  2.29285    ,  0.629471   ,  4.07521    ,  0.281514   ])
1034    , -80607.5    , array([ 3.96952    ,  2.29285    ,  0.6435     ,  4.37178    ,  0.281514   ])
1035    , -79166.2    , array([ 3.96952    ,  2.29285    ,  0.6435     ,  4.07521    ,  0.264226   ])
1036    , -77989.5    , array([ 3.70511    ,  2.33122    ,  0.637851   ,  4.19135    ,  0.274467   ])
1037    , -75242.8    , array([ 3.45831    ,  2.35065    ,  0.635045   ,  4.25065    ,  0.27101    ])
1038    , -76247.7    , array([ 3.75654    ,  2.22168    ,  0.634486   ,  4.26261    ,  0.270324   ])
1039    , -74966.7    , array([ 3.67459    ,  2.28677    ,  0.630916   ,  4.33995    ,  0.265973   ])
1040    , -71781      , array([ 3.53544    ,  2.28374    ,  0.624716   ,  4.47871    ,  0.258528   ])
1041    , -72536.1    , array([ 3.50825    ,  2.28313    ,  0.623484   ,  4.08484    ,  0.257064   ])
likelihood = -71780.99
theta = 736.95
Optimized parameters = [3.53544224 2.28373668 0.62471624 4.47870626 0.2585277 ]

Round_2_Replicate_9
1042    , -13627.1    , array([ 1.49935    ,  0.212385   ,  0.482329   ,  3.71442    ,  0.0603777  ])
1043    , -13815.8    , array([ 1.53002    ,  0.212385   ,  0.482329   ,  3.71442    ,  0.0603777  ])
1044    , -13802.5    , array([ 1.49935    ,  0.196554   ,  0.482329   ,  3.71442    ,  0.0603777  ])
1045    , -13257.9    , array([ 1.49935    ,  0.212385   ,  0.465062   ,  3.71442    ,  0.0603777  ])
1046    , -13478.8    , array([ 1.49935    ,  0.212385   ,  0.482329   ,  3.9663     ,  0.0603777  ])
1047    , -12803.7    , array([ 1.49935    ,  0.212385   ,  0.482329   ,  3.71442    ,  0.0524711  ])
1048    , -12977.9    , array([ 1.46929    ,  0.205905   ,  0.475347   ,  3.81319    ,  0.0570813  ])
1049    , -12658.4    , array([ 1.48725    ,  0.226666   ,  0.472582   ,  3.85343    ,  0.0558137  ])
1050    , -12110.1    , array([ 1.48124    ,  0.24341    ,  0.467783   ,  3.92488    ,  0.0536628  ])
1051    , -12244.4    , array([ 1.48004    ,  0.221527   ,  0.466829   ,  3.93932    ,  0.0532426  ])
1052    , -11930.2    , array([ 1.47239    ,  0.225293   ,  0.460769   ,  3.6791     ,  0.0506306  ])
1053    , -11250.7    , array([ 1.45909    ,  0.232038   ,  0.450353   ,  3.5434     ,  0.046364   ])
likelihood = -11250.67
theta = 1734.22
Optimized parameters = [1.45908889 0.23203818 0.4503525  3.54339883 0.04636403]

Round_2_Replicate_10
1054    , -23523.9    , array([ 2.36436    ,  0.29909    ,  0.0422532  ,  0.304141   ,  0.233501   ])
1055    , -23958.3    , array([ 2.46831    ,  0.29909    ,  0.0422532  ,  0.304141   ,  0.233501   ])
1056    , -23129      , array([ 2.36436    ,  0.281574   ,  0.0422532  ,  0.304141   ,  0.233501   ])
1057    , -23273.4    , array([ 2.36436    ,  0.29909    ,  0.0360705  ,  0.304141   ,  0.233501   ])
1058    , -24014.2    , array([ 2.36436    ,  0.29909    ,  0.0422532  ,  0.286569   ,  0.233501   ])
1059    , -23920.3    , array([ 2.36436    ,  0.29909    ,  0.0422532  ,  0.304141   ,  0.217122   ])
1060    , -23096.5    , array([ 2.4054     ,  0.291956   ,  0.0396622  ,  0.322791   ,  0.226806   ])
1061    , -22650.4    , array([ 2.42619    ,  0.288453   ,  0.0384269  ,  0.342585   ,  0.223531   ])
1062    , -22633.9    , array([ 2.2883     ,  0.287758   ,  0.0381845  ,  0.318972   ,  0.222882   ])
1063    , -21994.4    , array([ 2.20328    ,  0.282254   ,  0.0362995  ,  0.326656   ,  0.217754   ])
1064    , -21990      , array([ 2.32242    ,  0.281166   ,  0.0359338  ,  0.328215   ,  0.239974   ])
1065    , -21164.8    , array([ 2.30173    ,  0.272611   ,  0.0331379  ,  0.340957   ,  0.252288   ])
1066    , -21444.5    , array([ 2.29761    ,  0.270931   ,  0.0326054  ,  0.343565   ,  0.230156   ])
likelihood = -21164.76
theta = 2046.65
Optimized parameters = [2.30172567 0.27261095 0.03313793 0.3409574  0.25228759]

Round_3_Replicate_1
1067    , -8116.75    , array([ 1.24881    ,  0.474119   ,  0.412452   ,  3.38809    ,  0.0432629  ])
1068    , -8192.62    , array([ 1.26276    ,  0.474119   ,  0.412452   ,  3.38809    ,  0.0432629  ])
1069    , -8143.92    , array([ 1.24881    ,  0.456753   ,  0.412452   ,  3.38809    ,  0.0432629  ])
1070    , -7807.77    , array([ 1.24881    ,  0.474119   ,  0.394587   ,  3.38809    ,  0.0432629  ])
1071    , -7957.13    , array([ 1.24881    ,  0.474119   ,  0.412452   ,  3.60124    ,  0.0432629  ])
1072    , -7447.82    , array([ 1.24881    ,  0.474119   ,  0.412452   ,  3.38809    ,  0.0369762  ])
1073    , -7598.27    , array([ 1.23502    ,  0.467095   ,  0.405211   ,  3.47179    ,  0.0406292  ])
1074    , -7427.01    , array([ 1.24328    ,  0.489215   ,  0.40235    ,  3.50585    ,  0.0396212  ])
1075    , -7085.76    , array([ 1.24052    ,  0.506301   ,  0.397392   ,  3.56626    ,  0.0379169  ])
1076    , -7069.37    , array([ 1.23996    ,  0.483841   ,  0.396408   ,  3.57846    ,  0.037585   ])
1077    , -6602.83    , array([ 1.23556    ,  0.488777   ,  0.388622   ,  3.67763    ,  0.0350318  ])
1078    , -6710.96    , array([ 1.23469    ,  0.48977    ,  0.387083   ,  3.39504    ,  0.0345424  ])
1079    , -6403.78    , array([ 1.22908    ,  0.496175   ,  0.401513   ,  3.61159    ,  0.031568   ])
1080    , -5798.51    , array([ 1.21933    ,  0.507585   ,  0.405022   ,  3.72881    ,  0.0269658  ])
1081    , -5906.01    , array([ 1.23647    ,  0.520665   ,  0.390913   ,  3.62666    ,  0.0285309  ])
1082    , -5496.6     , array([ 1.21797    ,  0.532531   ,  0.375897   ,  3.8188     ,  0.0282611  ])
1083    , -4733.22    , array([ 1.20283    ,  0.564382   ,  0.358854   ,  4.05427    ,  0.0247072  ])
1084    , -4985.21    , array([ 1.21107    ,  0.520821   ,  0.374544   ,  3.81899    ,  0.0232206  ])
1085    , -4638.42    , array([ 1.20743    ,  0.551802   ,  0.379488   ,  4.20491    ,  0.0217452  ])
1086    , -3955.6     , array([ 1.19403    ,  0.585705   ,  0.375747   ,  4.67965    ,  0.0172531  ])
likelihood = -3955.6
theta = 1545.24
Optimized parameters = [1.19402987 0.58570456 0.37574676 4.67965012 0.0172531 ]

Round_3_Replicate_2
1087    , -9072.52    , array([ 1.3437     ,  0.411273   ,  0.726278   ,  3.09925    ,  0.0192352  ])
1088    , -9176.32    , array([ 1.3637     ,  0.411273   ,  0.726278   ,  3.09925    ,  0.0192352  ])
1089    , -9149.01    , array([ 1.3437     ,  0.393402   ,  0.726278   ,  3.09925    ,  0.0192352  ])
1090    , -8963.86    , array([ 1.3437     ,  0.411273   ,  0.714756   ,  3.09925    ,  0.0192352  ])
1091    , -8925.7     , array([ 1.3437     ,  0.411273   ,  0.726278   ,  3.27959    ,  0.0192352  ])
1092    , -8130.8     , array([ 1.3437     ,  0.411273   ,  0.726278   ,  3.09925    ,  0.0157871  ])
1093    , -8508.41    , array([ 1.324      ,  0.404029   ,  0.721647   ,  3.17016    ,  0.0177737  ])
1094    , -8278.93    , array([ 1.33579    ,  0.42691    ,  0.719803   ,  3.19898    ,  0.0172207  ])
1095    , -8064.24    , array([ 1.33263    ,  0.414501   ,  0.717229   ,  3.23977    ,  0.0164753  ])
1096    , -7617.15    , array([ 1.32713    ,  0.416125   ,  0.712748   ,  3.3124     ,  0.0152476  ])
1097    , -7649.68    , array([ 1.32604    ,  0.41645    ,  0.727971   ,  3.32712    ,  0.0150133  ])
1098    , -7263.76    , array([ 1.31903    ,  0.41854    ,  0.71709    ,  3.16231    ,  0.0135965  ])
1099    , -6633.11    , array([ 1.30687    ,  0.422221   ,  0.71254    ,  3.10526    ,  0.0114312  ])
1100    , -6855.81    , array([ 1.33171    ,  0.433615   ,  0.718034   ,  3.24451    ,  0.012333   ])
1101    , -6610.06    , array([ 1.31834    ,  0.412941   ,  0.719166   ,  3.23351    ,  0.0111379  ])
1103    , -6159.02    , array([ 1.30063    ,  0.429336   ,  0.709954   ,  3.39466    ,  0.0105671  ])
1106    , -7167.66    , array([ 1.32145    ,  0.419601   ,  0.721194   ,  3.2917     ,  0.0134447  ])
likelihood = -6159.02
theta = 1750.08
Optimized parameters = [1.30062729 0.42933609 0.70995421 3.39465724 0.0105671 ]

Round_3_Replicate_3
1107    , -11728.6    , array([ 0.915279   ,  0.094683   ,  0.446826   ,  5.70281    ,  0.0575578  ])
1108    , -11709.9    , array([ 0.911237   ,  0.094683   ,  0.446826   ,  5.70281    ,  0.0575578  ])
1109    , -12126.3    , array([ 0.915279   ,  0.0841561  ,  0.446826   ,  5.70281    ,  0.0575578  ])
1110    , -11490.4    , array([ 0.915279   ,  0.094683   ,  0.429186   ,  5.70281    ,  0.0575578  ])
1111    , -11922.1    , array([ 0.915279   ,  0.094683   ,  0.446826   ,  6.22148    ,  0.0575578  ])
1112    , -11342.4    , array([ 0.915279   ,  0.094683   ,  0.446826   ,  5.70281    ,  0.049901   ])
1113    , -11148.4    , array([ 0.91366    ,  0.106527   ,  0.439684   ,  5.90488    ,  0.0543633  ])
1114    , -10669.6    , array([ 0.912851   ,  0.119852   ,  0.436157   ,  6.00858    ,  0.0528332  ])
1115    , -10867.3    , array([ 0.91269    ,  0.104045   ,  0.435455   ,  5.33774    ,  0.0525324  ])
1116    , -10702      , array([ 0.911656   ,  0.108044   ,  0.430987   ,  5.67113    ,  0.0506474  ])
1117    , -10325.8    , array([ 0.915869   ,  0.113902   ,  0.42481    ,  5.65851    ,  0.0481214  ])
1118    , -9663.44    , array([ 0.918194   ,  0.124929   ,  0.414213   ,  5.63648    ,  0.0440002  ])
1119    , -9786.24    , array([ 0.912985   ,  0.127259   ,  0.436033   ,  5.63209    ,  0.0432193  ])
1120    , -9336.84    , array([ 0.912068   ,  0.143237   ,  0.414743   ,  5.60405    ,  0.0470652  ])
1121    , -8386       , array([ 0.910467   ,  0.176176   ,  0.399576   ,  5.55531    ,  0.0457084  ])
1122    , -8842.27    , array([ 0.913764   ,  0.160915   ,  0.411184   ,  6.08377    ,  0.0422873  ])
1123    , -8252.32    , array([ 0.915646   ,  0.181725   ,  0.407703   ,  5.88929    ,  0.0408076  ])
1124    , -7131.68    , array([ 0.917647   ,  0.235679   ,  0.396537   ,  6.00149    ,  0.0366297  ])
1125    , -6977.61    , array([ 0.916366   ,  0.214705   ,  0.387813   ,  5.55591    ,  0.0337879  ])
1126    , -5471.77    , array([ 0.918128   ,  0.287369   ,  0.365689   ,  5.34253    ,  0.0270202  ])
likelihood = -5471.77
theta = 1742.01
Optimized parameters = [0.91812805 0.28736865 0.36568905 5.34253028 0.02702021]

Round_3_Replicate_4
1127    , -25392.5    , array([ 2.47994    ,  0.0721548  ,  1.11423    ,  2.35538    ,  0.0232073  ])
1128    , -25862.3    , array([ 2.59516    ,  0.0721548  ,  1.11423    ,  2.35538    ,  0.0232073  ])
1129    , -25833.6    , array([ 2.47994    ,  0.0632671  ,  1.11423    ,  2.35538    ,  0.0232073  ])
1130    , -25456.5    , array([ 2.47994    ,  0.0721548  ,  1.12028    ,  2.35538    ,  0.0232073  ])
1131    , -25220      , array([ 2.47994    ,  0.0721548  ,  1.11423    ,  2.45847    ,  0.0232073  ])
1132    , -23790.3    , array([ 2.47994    ,  0.0721548  ,  1.11423    ,  2.35538    ,  0.0192268  ])
1133    , -24386.1    , array([ 2.36984    ,  0.068459   ,  1.11665    ,  2.39609    ,  0.0215247  ])
1134    , -23844.5    , array([ 2.4353     ,  0.0805783  ,  1.11761    ,  2.41257    ,  0.0208864  ])
1135    , -23609.7    , array([ 2.41767    ,  0.0738435  ,  1.11053    ,  2.43583    ,  0.0200243  ])
1136    , -22766.1    , array([ 2.38713    ,  0.0747026  ,  1.10569    ,  2.47707    ,  0.0186005  ])
1137    , -22673.5    , array([ 2.38106    ,  0.0748757  ,  1.11312    ,  2.4854     ,  0.0183281  ])
1138    , -21486.1    , array([ 2.33311    ,  0.0762743  ,  1.11256    ,  2.55308    ,  0.0162878  ])
1139    , -21492.3    , array([ 2.32364    ,  0.0765572  ,  1.11245    ,  2.41743    ,  0.0159079  ])
1140    , -21083.2    , array([ 2.41251    ,  0.0843807  ,  1.10837    ,  2.48918    ,  0.0151974  ])
1141    , -19729.2    , array([ 2.43414    ,  0.0936805  ,  1.10425    ,  2.53708    ,  0.0127699  ])
1142    , -20192.6    , array([ 2.34722    ,  0.0761427  ,  1.1021     ,  2.52245    ,  0.0128639  ])
1143    , -18760.2    , array([ 2.25481    ,  0.0868813  ,  1.10061    ,  2.65549    ,  0.0118992  ])
1145    , -18324      , array([ 2.28965    ,  0.0891438  ,  1.10708    ,  2.59626    ,  0.0102872  ])
likelihood = -18324.04
theta = 1568.88
Optimized parameters = [2.28964945 0.08914382 1.10707535 2.59626432 0.0102872 ]

Round_3_Replicate_5
1147    , -26466.1    , array([ 1.79859    ,  0.279124   ,  1.77048    ,  1.90361    ,  0.0205782  ])
1148    , -26787      , array([ 1.85216    ,  0.279124   ,  1.77048    ,  1.90361    ,  0.0205782  ])
1149    , -26473.5    , array([ 1.79859    ,  0.26187    ,  1.77048    ,  1.90361    ,  0.0205782  ])
1150    , -27085.6    , array([ 1.79859    ,  0.279124   ,  1.82178    ,  1.90361    ,  0.0205782  ])
1151    , -26305.4    , array([ 1.79859    ,  0.279124   ,  1.77048    ,  1.96588    ,  0.0205782  ])
1152    , -23451.8    , array([ 1.79859    ,  0.279124   ,  1.77048    ,  1.90361    ,  0.0169464  ])
1153    , -24720.5    , array([ 1.81983    ,  0.27209    ,  1.72062    ,  1.92828    ,  0.0190404  ])
1154    , -24177.2    , array([ 1.75479    ,  0.269326   ,  1.75036    ,  1.93824    ,  0.0184579  ])
1155    , -23570      , array([ 1.78932    ,  0.290313   ,  1.74238    ,  1.95226    ,  0.0176723  ])
1156    , -22557.5    , array([ 1.78563    ,  0.276684   ,  1.73127    ,  1.97207    ,  0.0166283  ])
1157    , -20868.7    , array([ 1.77918    ,  0.275472   ,  1.712      ,  2.00721    ,  0.0149474  ])
1158    , -20755.3    , array([ 1.7779     ,  0.27523    ,  1.70817    ,  1.92556    ,  0.0146322  ])
1159    , -18599.4    , array([ 1.76764    ,  0.273304   ,  1.67784    ,  1.90571    ,  0.0123385  ])
1160    , -19553.1    , array([ 1.73681    ,  0.282848   ,  1.74004    ,  1.95389    ,  0.0132947  ])
1161    , -18469.2    , array([ 1.79378    ,  0.291405   ,  1.70644    ,  1.95011    ,  0.0120273  ])
1163    , -17339.8    , array([ 1.76092    ,  0.270746   ,  1.70002    ,  1.93525    ,  0.0107698  ])
1166    , -21017.6    , array([ 1.78301    ,  0.278889   ,  1.73852    ,  1.92674    ,  0.0146126  ])
likelihood = -17339.77
theta = 1850.5
Optimized parameters = [1.76091899 0.27074564 1.70001802 1.93525242 0.01076983]

Round_4_Replicate_1
1167    , -7169.9     , array([ 1.37523    ,  0.87238    ,  0.586593   ,  6.21522    ,  0.0256747  ])
1168    , -7225.47    , array([ 1.39732    ,  0.87238    ,  0.586593   ,  6.21522    ,  0.0256747  ])
1169    , -7173.94    , array([ 1.37523    ,  0.866444   ,  0.586593   ,  6.21522    ,  0.0256747  ])
1170    , -6968.29    , array([ 1.37523    ,  0.87238    ,  0.571155   ,  6.21522    ,  0.0256747  ])
1171    , -7136.88    , array([ 1.37523    ,  0.87238    ,  0.586593   ,  6.80973    ,  0.0256747  ])
1172    , -6193.1     , array([ 1.37523    ,  0.87238    ,  0.586593   ,  6.21522    ,  0.0213787  ])
1173    , -6618.59    , array([ 1.3535     ,  0.870001   ,  0.580369   ,  6.44653    ,  0.0238614  ])
1174    , -6456.09    , array([ 1.3665     ,  0.877396   ,  0.577897   ,  6.54144    ,  0.0231724  ])
1175    , -6203.86    , array([ 1.36302    ,  0.873428   ,  0.574455   ,  6.67668    ,  0.0222412  ])
1176    , -5896.46    , array([ 1.35816    ,  0.873848   ,  0.56967    ,  6.04588    ,  0.021      ])
1177    , -5402.11    , array([ 1.34971    ,  0.874583   ,  0.561393   ,  5.69672    ,  0.0189922  ])
1178    , -5441.58    , array([ 1.34802    ,  0.874731   ,  0.581048   ,  6.39734    ,  0.0186143  ])
1179    , -5300.87    , array([ 1.36745    ,  0.879027   ,  0.572091   ,  6.14894    ,  0.018135   ])
1180    , -4779.85    , array([ 1.37448    ,  0.883575   ,  0.567996   ,  6.00533    ,  0.0158099  ])
1181    , -4837.82    , array([ 1.3576     ,  0.874067   ,  0.570579   ,  5.85596    ,  0.016026   ])
1182    , -4616.07    , array([ 1.3589     ,  0.878295   ,  0.572446   ,  5.4441     ,  0.0146455  ])
1183    , -4161.37    , array([ 1.35685    ,  0.880738   ,  0.571445   ,  4.91597    ,  0.0118844  ])
1184    , -3957.65    , array([ 1.3396     ,  0.882711   ,  0.554764   ,  5.32465    ,  0.0120471  ])
1186    , -4055.21    , array([ 1.36322    ,  0.883543   ,  0.549785   ,  4.80689    ,  0.011626   ])
1188    , -4781.46    , array([ 1.354      ,  0.877746   ,  0.562117   ,  5.52589    ,  0.0159145  ])
1189    , -3944.57    , array([ 1.35756    ,  0.889319   ,  0.551903   ,  4.79384    ,  0.0110657  ])
1192    , -4420.24    , array([ 1.35615    ,  0.880854   ,  0.560611   ,  5.33457    ,  0.0140383  ])
1194    , -4376.97    , array([ 1.36453    ,  0.883501   ,  0.562798   ,  5.4957     ,  0.0138268  ])
likelihood = -3944.57
theta = 1352.48
Optimized parameters = [1.35756336 0.88931858 0.55190344 4.79384114 0.01106571]

Round_4_Replicate_2
1195    , -5951.24    , array([ 1.31796    ,  0.296183   ,  0.287862   ,  4.3196     ,  0.0101517  ])
1196    , -6016.26    , array([ 1.33628    ,  0.296183   ,  0.287862   ,  4.3196     ,  0.0101517  ])
1197    , -6153.13    , array([ 1.31796    ,  0.278701   ,  0.287862   ,  4.3196     ,  0.0101517  ])
1198    , -5956.21    , array([ 1.31796    ,  0.296183   ,  0.270485   ,  4.3196     ,  0.0101517  ])
1199    , -5921.06    , array([ 1.31796    ,  0.296183   ,  0.287862   ,  4.64746    ,  0.0101517  ])
1201    , -5901.53    , array([ 1.32526    ,  0.289062   ,  0.280781   ,  4.44787    ,  0.0127706  ])
1202    , -5869.65    , array([ 1.32893    ,  0.285566   ,  0.277306   ,  4.51343    ,  0.0160651  ])
1203    , -5702.19    , array([ 1.32966    ,  0.310199   ,  0.276617   ,  4.52665    ,  0.0121977  ])
1204    , -5494.3     , array([ 1.33555    ,  0.327259   ,  0.27116    ,  4.63388    ,  0.0133705  ])
1205    , -5632.53    , array([ 1.31114    ,  0.303775   ,  0.270081   ,  4.65562    ,  0.0136182  ])
1206    , -5637.24    , array([ 1.32661    ,  0.306866   ,  0.28726    ,  4.79724    ,  0.0153163  ])
1207    , -5531.14    , array([ 1.33008    ,  0.311246   ,  0.269694   ,  5.00278    ,  0.018055   ])
1208    , -5526.95    , array([ 1.33496    ,  0.317483   ,  0.262752   ,  4.78892    ,  0.0227312  ])
1209    , -5215.21    , array([ 1.32635    ,  0.343542   ,  0.266935   ,  5.04939    ,  0.0165033  ])
1210    , -4920.18    , array([ 1.32507    ,  0.376805   ,  0.261896   ,  5.34078    ,  0.0167269  ])
1211    , -5137.19    , array([ 1.32805    ,  0.347061   ,  0.248331   ,  4.95905    ,  0.0179311  ])
1212    , -5060.61    , array([ 1.35062    ,  0.36978    ,  0.255403   ,  5.24059    ,  0.0225131  ])
1213    , -4870.97    , array([ 1.33957    ,  0.386659   ,  0.25026    ,  4.96838    ,  0.0185478  ])
1214    , -4561.69    , array([ 1.34435    ,  0.430963   ,  0.241074   ,  4.95127    ,  0.0187992  ])
1215    , -4605.26    , array([ 1.33842    ,  0.428349   ,  0.248175   ,  5.25994    ,  0.0136545  ])
1216    , -4320.5     , array([ 1.33899    ,  0.462796   ,  0.232109   ,  5.71858    ,  0.0234101  ])
1217    , -3949.88    , array([ 1.34072    ,  0.550348   ,  0.214747   ,  6.35272    ,  0.0309764  ])
1218    , -4060.25    , array([ 1.35167    ,  0.52477    ,  0.239136   ,  5.90009    ,  0.0217225  ])
1219    , -3727.62    , array([ 1.32949    ,  0.566553   ,  0.226474   ,  5.8542     ,  0.0170558  ])
1220    , -3174.79    , array([ 1.31905    ,  0.701276   ,  0.213262   ,  6.18744    ,  0.0148453  ])
likelihood = -3174.79
theta = 1294.22
Optimized parameters = [1.31905215 0.70127586 0.21326187 6.18744136 0.01484535]

Round_4_Replicate_3
1221    , -6594.63    , array([ 2.34258    ,  0.514268   ,  0.197782   ,  5.84877    ,  0.0199851  ])
1222    , -6871.86    , array([ 2.44443    ,  0.514268   ,  0.197782   ,  5.84877    ,  0.0199851  ])
1223    , -6700.36    , array([ 2.34258    ,  0.497449   ,  0.197782   ,  5.84877    ,  0.0199851  ])
1224    , -6546.73    , array([ 2.34258    ,  0.514268   ,  0.182387   ,  5.84877    ,  0.0199851  ])
1225    , -6414.25    , array([ 2.34258    ,  0.514268   ,  0.197782   ,  6.38878    ,  0.0199851  ])
1226    , -6590.06    , array([ 2.34258    ,  0.514268   ,  0.197782   ,  5.84877    ,  0.0164339  ])
1227    , -6284.22    , array([ 2.24496    ,  0.507473   ,  0.191474   ,  6.05907    ,  0.0184808  ])
1228    , -6031.51    , array([ 2.15142    ,  0.50411    ,  0.188396   ,  6.16703    ,  0.0177716  ])
1229    , -6170.4     , array([ 2.26415    ,  0.527429   ,  0.187786   ,  6.18886    ,  0.0176331  ])
1230    , -6140.63    , array([ 2.23353    ,  0.515363   ,  0.183931   ,  6.33037    ,  0.0167717  ])
1231    , -5919.29    , array([ 2.19134    ,  0.515802   ,  0.178666   ,  6.53393    ,  0.0205625  ])
1232    , -5608.39    , array([ 2.11942    ,  0.516571   ,  0.169813   ,  6.90605    ,  0.0230009  ])
1233    , -5680.89    , array([ 2.10533    ,  0.516725   ,  0.188288   ,  6.98298    ,  0.0178866  ])
1234    , -5520.22    , array([ 2.0173     ,  0.517711   ,  0.17025    ,  6.62425    ,  0.0171102  ])
1235    , -5216.19    , array([ 1.87201    ,  0.519441   ,  0.157957   ,  6.74523    ,  0.0158318  ])
1236    , -5327.68    , array([ 1.93427    ,  0.50172    ,  0.167325   ,  7.0778     ,  0.0185744  ])
1237    , -5036.13    , array([ 1.85116    ,  0.507986   ,  0.164487   ,  7.23549    ,  0.0203423  ])
1238    , -4655.93    , array([ 1.68527    ,  0.504337   ,  0.15555    ,  7.73548    ,  0.0224033  ])
1239    , -4738.54    , array([ 1.74297    ,  0.51942    ,  0.148742   ,  8.13177    ,  0.0210613  ])
1240    , -4570.5     , array([ 1.65151    ,  0.507794   ,  0.135433   ,  7.6327     ,  0.0223392  ])
1241    , -4263.25    , array([ 1.46273    ,  0.503387   ,  0.114862   ,  7.97989    ,  0.0249653  ])
1242    , -4538.51    , array([ 1.41436    ,  0.50272    ,  0.128428   ,  8.17703    ,  0.017951   ])
1243    , -4274.16    , array([ 1.36735    ,  0.518012   ,  0.11725    ,  8.45291    ,  0.0219274  ])
1244    , -4357.09    , array([ 1.246      ,  0.499788   ,  0.110246   ,  9.7076     ,  0.0293057  ])
1245    , -4228.53    , array([ 1.17011    ,  0.492165   ,  0.103858   ,  8.64359    ,  0.0251412  ])
1246    , -4418.81    , array([ 0.95873    ,  0.479079   ,  0.0867842  ,  8.91146    ,  0.0274685  ])
likelihood = -4228.53
theta = 1196.27
Optimized parameters = [1.17011124 0.4921654  0.10385765 8.64359179 0.02514116]

Round_4_Replicate_4
1247    , -4564.22    , array([ 1.84583    ,  0.732176   ,  0.225803   ,  6.84147    ,  0.0300105  ])
1248    , -4698.82    , array([ 1.90327    ,  0.732176   ,  0.225803   ,  6.84147    ,  0.0300105  ])
1249    , -4598.16    , array([ 1.84583    ,  0.720852   ,  0.225803   ,  6.84147    ,  0.0300105  ])
1250    , -4412.54    , array([ 1.84583    ,  0.732176   ,  0.209612   ,  6.84147    ,  0.0300105  ])
1251    , -4482.46    , array([ 1.84583    ,  0.732176   ,  0.225803   ,  7.53194    ,  0.0300105  ])
1252    , -4366.39    , array([ 1.84583    ,  0.732176   ,  0.225803   ,  6.84147    ,  0.0251847  ])
1253    , -4280.26    , array([ 1.79012    ,  0.727625   ,  0.219182   ,  7.10972    ,  0.0279781  ])
1254    , -4105.26    , array([ 1.73609    ,  0.72536    ,  0.215944   ,  7.24776    ,  0.0270141  ])
1255    , -4176.18    , array([ 1.80113    ,  0.740901   ,  0.215303   ,  7.27569    ,  0.0268254  ])
1256    , -4094.07    , array([ 1.78355    ,  0.732906   ,  0.21124    ,  7.457      ,  0.0256481  ])
1257    , -3943.55    , array([ 1.7532     ,  0.733272   ,  0.204315   ,  7.78523    ,  0.0237108  ])
1258    , -3942.89    , array([ 1.74719    ,  0.733345   ,  0.202958   ,  6.86361    ,  0.0233412  ])
1259    , -3771.18    , array([ 1.69987    ,  0.733931   ,  0.192417   ,  6.55202    ,  0.0205849  ])
1260    , -3799.97    , array([ 1.69056    ,  0.734048   ,  0.211276   ,  7.42678    ,  0.020074   ])
1261    , -3648.45    , array([ 1.63217    ,  0.734798   ,  0.190978   ,  7.67469    ,  0.0218459  ])
1262    , -3501.31    , array([ 1.5348     ,  0.736113   ,  0.175635   ,  8.12861    ,  0.0203463  ])
1263    , -3568.01    , array([ 1.56898    ,  0.724264   ,  0.184624   ,  7.54384    ,  0.0183627  ])
1264    , -3572.35    , array([ 1.56317    ,  0.739334   ,  0.172892   ,  7.69518    ,  0.0156254  ])
1265    , -3414.57    , array([ 1.47849    ,  0.733769   ,  0.170925   ,  7.13066    ,  0.0150671  ])
1266    , -3378.61    , array([ 1.35772    ,  0.734018   ,  0.156336   ,  6.82431    ,  0.0120108  ])
1267    , -3403.05    , array([ 1.40453    ,  0.732982   ,  0.146535   ,  7.22611    ,  0.0144916  ])
1268    , -3780.16    , array([ 1.29417    ,  0.732719   ,  0.144287   ,  8.51807    ,  0.0122808  ])
1269    , -3518.72    , array([ 1.58785    ,  0.733628   ,  0.179056   ,  6.99627    ,  0.0180912  ])
1270    , -3278.94    , array([ 1.41619    ,  0.725114   ,  0.162847   ,  6.98163    ,  0.0171554  ])
1271    , -3142.99    , array([ 1.34797    ,  0.718107   ,  0.158046   ,  6.65007    ,  0.0179757  ])
1272    , -3220.7     , array([ 1.32781    ,  0.737677   ,  0.143306   ,  6.77137    ,  0.0144742  ])
1273    , -3335.11    , array([ 1.22145    ,  0.729868   ,  0.135168   ,  7.20653    ,  0.0134373  ])
likelihood = -3142.99
theta = 1240.43
Optimized parameters = [1.34796756 0.71810654 0.15804578 6.65007187 0.01797574]

Round_4_Replicate_5
1274    , -5933.45    , array([ 0.615055   ,  0.621727   ,  0.731547   ,  2.84053    ,  0.0213097  ])
1275    , -5877.24    , array([ 0.600288   ,  0.621727   ,  0.731547   ,  2.84053    ,  0.0213097  ])
1276    , -5909.03    , array([ 0.615055   ,  0.607127   ,  0.731547   ,  2.84053    ,  0.0213097  ])
1277    , -5822.88    , array([ 0.615055   ,  0.621727   ,  0.720202   ,  2.84053    ,  0.0213097  ])
1278    , -5898.89    , array([ 0.615055   ,  0.621727   ,  0.731547   ,  2.99274    ,  0.0213097  ])
1279    , -5042.06    , array([ 0.615055   ,  0.621727   ,  0.731547   ,  2.84053    ,  0.0175795  ])
1280    , -5475.62    , array([ 0.609105   ,  0.615845   ,  0.726987   ,  2.90046    ,  0.019731   ])
1281    , -5331.69    , array([ 0.606741   ,  0.634262   ,  0.725172   ,  2.92479    ,  0.0191327  ])
1282    , -5137.43    , array([ 0.603447   ,  0.624332   ,  0.722637   ,  2.75064    ,  0.0183256  ])
1283    , -4880.49    , array([ 0.619592   ,  0.625378   ,  0.719104   ,  2.861      ,  0.0172524  ])
1284    , -4451.19    , array([ 0.629475   ,  0.627211   ,  0.712962   ,  2.8713     ,  0.0155233  ])
1285    , -4419.47    , array([ 0.610347   ,  0.627579   ,  0.727486   ,  2.87336    ,  0.0151989  ])
1286    , -3867.59    , array([ 0.608007   ,  0.630525   ,  0.731155   ,  2.88992    ,  0.012836   ])
1287    , -4094.82    , array([ 0.615865   ,  0.639571   ,  0.722345   ,  2.80989    ,  0.0138215  ])
1288    , -3801.29    , array([ 0.621966   ,  0.623074   ,  0.723024   ,  2.74221    ,  0.0125151  ])
1289    , -3278.48    , array([ 0.629721   ,  0.617555   ,  0.721952   ,  2.65524    ,  0.010122   ])
1290    , -3306.23    , array([ 0.636113   ,  0.630226   ,  0.725284   ,  2.87493    ,  0.0103048  ])
1292    , -4338.6     , array([ 0.619388   ,  0.625342   ,  0.727118   ,  2.82968    ,  0.0147343  ])
1294    , -4071.62    , array([ 0.625595   ,  0.627906   ,  0.719235   ,  2.84082    ,  0.0137738  ])
1296    , -3996.64    , array([ 0.621181   ,  0.627227   ,  0.725549   ,  2.82127    ,  0.0133291  ])
1297    , -3320.51    , array([ 0.632348   ,  0.614029   ,  0.72691    ,  2.82041    ,  0.0103677  ])
1299    , -3782.4     , array([ 0.625494   ,  0.625887   ,  0.722691   ,  2.82591    ,  0.012481   ])
1301    , -3728.95    , array([ 0.623715   ,  0.625415   ,  0.72557    ,  2.81664    ,  0.0121974  ])
likelihood = -3278.48
theta = 2315.58
Optimized parameters = [0.62972132 0.61755459 0.72195204 2.6552382  0.01012198]

Round_1_Replicate_1
2158    , -49910.5    , array([ 2.49844    ,  1.92062    ,  0.219874   ,  0.826612   ,  2.15658    ])
2159    , -51080.9    , array([ 2.61548    ,  1.92062    ,  0.219874   ,  0.826612   ,  2.15658    ])
2160    , -50647.6    , array([ 2.49844    ,  1.98433    ,  0.219874   ,  0.826612   ,  2.15658    ])
2161    , -47110.7    , array([ 2.49844    ,  1.92062    ,  0.203837   ,  0.826612   ,  2.15658    ])
2162    , -49937.7    , array([ 2.49844    ,  1.92062    ,  0.219874   ,  0.81878    ,  2.15658    ])
2163    , -49749.7    , array([ 2.49844    ,  1.92062    ,  0.219874   ,  0.826612   ,  2.24107    ])
2164    , -47854.6    , array([ 2.38663    ,  1.94586    ,  0.213313   ,  0.82347    ,  2.18999    ])
2165    , -47196.6    , array([ 2.4531     ,  1.86869    ,  0.210744   ,  0.822217   ,  2.20349    ])
likelihood = -47110.7
theta = 1005.13
Optimized parameters = [2.49843661 1.92062454 0.20383658 0.82661238 2.15658357]

Round_1_Replicate_2
2166    , -301309     , array([ 6.25524    ,  5.69065    ,  1.22734    ,  1.13683    ,  5.31592    ])
2167    , -307109     , array([ 6.85577    ,  5.69065    ,  1.22734    ,  1.13683    ,  5.31592    ])
2168    , -308104     , array([ 6.25524    ,  6.20754    ,  1.22734    ,  1.13683    ,  5.31592    ])
2169    , -302710     , array([ 6.25524    ,  5.69065    ,  1.23998    ,  1.13683    ,  5.31592    ])
2170    , -301301     , array([ 6.25524    ,  5.69065    ,  1.22734    ,  1.14415    ,  5.31592    ])
2171    , -300865     , array([ 6.25524    ,  5.69065    ,  1.22734    ,  1.13683    ,  5.77907    ])
2172    , -296972     , array([ 6.48887    ,  5.21679    ,  1.23238    ,  1.13975    ,  5.49655    ])
2173    , -291034     , array([ 6.60894    ,  4.7824     ,  1.23491    ,  1.14122    ,  5.58915    ])
2174    , -291904     , array([ 5.83428    ,  5.3083     ,  1.23541    ,  1.14151    ,  5.60786    ])
likelihood = -291034.33
theta = 436.92
Optimized parameters = [6.60893714 4.78239628 1.2349073  1.14121543 5.5891531 ]

Round_1_Replicate_3
2175    , -17016.3    , array([ 0.80337    ,  1.00926    ,  0.256065   ,  2.20873    ,  0.612615   ])
2176    , -16909.9    , array([ 0.794623   ,  1.00926    ,  0.256065   ,  2.20873    ,  0.612615   ])
2177    , -17021      , array([ 0.80337    ,  1.00973    ,  0.256065   ,  2.20873    ,  0.612615   ])
2178    , -15828.5    , array([ 0.80337    ,  1.00926    ,  0.239203   ,  2.20873    ,  0.612615   ])
2179    , -16839.9    , array([ 0.80337    ,  1.00926    ,  0.256065   ,  2.298      ,  0.612615   ])
2180    , -16912.5    , array([ 0.80337    ,  1.00926    ,  0.256065   ,  2.20873    ,  0.597788   ])
2181    , -16373.2    , array([ 0.79986    ,  1.0088     ,  0.249182   ,  2.24402    ,  0.60664    ])
2182    , -16126.1    , array([ 0.79846    ,  1.00908    ,  0.246481   ,  2.25829    ,  0.604267   ])
likelihood = -15828.46
theta = 1842.81
Optimized parameters = [0.80336961 1.00926135 0.23920345 2.20873331 0.61261485]

Round_1_Replicate_4
2183    , -147276     , array([ 0.966982   ,  6.71534    ,  1.12123    ,  2.28128    ,  1.09888    ])
2184    , -147171     , array([ 0.96536    ,  6.71534    ,  1.12123    ,  2.28128    ,  1.09888    ])
2185    , -149178     , array([ 0.966982   ,  7.3862     ,  1.12123    ,  2.28128    ,  1.09888    ])
2186    , -147763     , array([ 0.966982   ,  6.71534    ,  1.12766    ,  2.28128    ,  1.09888    ])
2187    , -147298     , array([ 0.966982   ,  6.71534    ,  1.12123    ,  2.37732    ,  1.09888    ])
2188    , -147279     , array([ 0.966982   ,  6.71534    ,  1.12123    ,  2.28128    ,  1.10408    ])
2189    , -145431     , array([ 0.966333   ,  6.10541    ,  1.1238     ,  2.31922    ,  1.10096    ])
2190    , -143396     , array([ 0.966009   ,  5.55087    ,  1.12508    ,  2.33843    ,  1.102      ])
2191    , -145258     , array([ 0.965944   ,  6.22279    ,  1.11636    ,  2.34229    ,  1.1022     ])
likelihood = -143395.53
theta = 905.11
Optimized parameters = [0.9660086  5.55087056 1.12508427 2.33843092 1.10199666]

Round_1_Replicate_5
2192    , -54067.7    , array([ 0.855351   ,  2.70895    ,  0.399022   ,  1.59409    ,  1.24767    ])
2193    , -53910.9    , array([ 0.848695   ,  2.70895    ,  0.399022   ,  1.59409    ,  1.24767    ])
2194    , -55231.4    , array([ 0.855351   ,  2.84736    ,  0.399022   ,  1.59409    ,  1.24767    ])
2195    , -52066.6    , array([ 0.855351   ,  2.70895    ,  0.381107   ,  1.59409    ,  1.24767    ])
2196    , -54000.5    , array([ 0.855351   ,  2.70895    ,  0.399022   ,  1.63169    ,  1.24767    ])
2197    , -54120      , array([ 0.855351   ,  2.70895    ,  0.399022   ,  1.59409    ,  1.26155    ])
2198    , -52036      , array([ 0.852682   ,  2.57728    ,  0.391757   ,  1.60902    ,  1.25321    ])
2199    , -50458.3    , array([ 0.851351   ,  2.45201    ,  0.388174   ,  1.61654    ,  1.25598    ])
2200    , -51677.3    , array([ 0.851085   ,  2.60309    ,  0.387462   ,  1.61805    ,  1.23723    ])
likelihood = -50458.3
theta = 1314.34
Optimized parameters = [0.85135095 2.45200586 0.38817434 1.61654303 1.25598276]

Round_1_Replicate_6
2201    , -55818.3    , array([ 0.40331    ,  5.21411    ,  0.383734   ,  0.125663   ,  6.38945    ])
2202    , -55267.3    , array([ 0.385408   ,  5.21411    ,  0.383734   ,  0.125663   ,  6.38945    ])
2203    , -57158.2    , array([ 0.40331    ,  5.6629     ,  0.383734   ,  0.125663   ,  6.38945    ])
2204    , -54373.3    , array([ 0.40331    ,  5.21411    ,  0.36579    ,  0.125663   ,  6.38945    ])
2205    , -55815.6    , array([ 0.40331    ,  5.21411    ,  0.383734   ,  0.113284   ,  6.38945    ])
2206    , -55935.4    , array([ 0.40331    ,  5.21411    ,  0.383734   ,  0.125663   ,  7.0103     ])
2207    , -53682.9    , array([ 0.396052   ,  4.80088    ,  0.376453   ,  0.120557   ,  6.6309     ])
2208    , -51886.9    , array([ 0.392472   ,  4.42041    ,  0.372864   ,  0.118082   ,  6.75503    ])
2209    , -53355.9    , array([ 0.39176    ,  4.88082    ,  0.372151   ,  0.117593   ,  5.95464    ])
likelihood = -51886.91
theta = 1011.59
Optimized parameters = [0.39247182 4.42040666 0.37286427 0.11808197 6.75502971]

Round_1_Replicate_7
2210    , -213636     , array([ 0.889032   ,  3.88492    ,  2.63063    ,  3.24659    ,  2.32315    ])
2211    , -213121     , array([ 0.883819   ,  3.88492    ,  2.63063    ,  3.24659    ,  2.32315    ])
2212    , -215451     , array([ 0.889032   ,  4.15768    ,  2.63063    ,  3.24659    ,  2.32315    ])
2213    , -219256     , array([ 0.889032   ,  3.88492    ,  2.76098    ,  3.24659    ,  2.32315    ])
2214    , -213652     , array([ 0.889032   ,  3.88492    ,  2.63063    ,  3.44349    ,  2.32315    ])
2215    , -213637     , array([ 0.889032   ,  3.88492    ,  2.63063    ,  3.24659    ,  2.42316    ])
2216    , -208646     , array([ 0.886943   ,  3.99181    ,  2.50644    ,  3.32396    ,  2.36265    ])
2217    , -203479     , array([ 0.885901   ,  4.04635    ,  2.38811    ,  3.36333    ,  2.38265    ])
2218    , -207459     , array([ 0.885692   ,  3.68966    ,  2.5308     ,  3.37126    ,  2.38667    ])
likelihood = -203479.46
theta = 1019.13
Optimized parameters = [0.88590083 4.04635369 2.38811064 3.36333299 2.38265081]

Round_1_Replicate_8
2219    , -53598.5    , array([ 0.339787   ,  2.29526    ,  0.615572   ,  0.12682    ,  5.1748     ])
2220    , -52864.3    , array([ 0.321934   ,  2.29526    ,  0.615572   ,  0.12682    ,  5.1748     ])
2221    , -54469.8    , array([ 0.339787   ,  2.39262    ,  0.615572   ,  0.12682    ,  5.1748     ])
2222    , -52737.8    , array([ 0.339787   ,  2.29526    ,  0.600818   ,  0.12682    ,  5.1748     ])
2223    , -53597.2    , array([ 0.339787   ,  2.29526    ,  0.615572   ,  0.114379   ,  5.1748     ])
2224    , -53635.5    , array([ 0.339787   ,  2.29526    ,  0.615572   ,  0.12682    ,  5.61808    ])
2225    , -52095.2    , array([ 0.33253    ,  2.20187    ,  0.609627   ,  0.121689   ,  5.34775    ])
2226    , -50903.4    , array([ 0.32896    ,  2.11227    ,  0.606676   ,  0.119202   ,  5.43639    ])
2227    , -51853.4    , array([ 0.328251   ,  2.22024    ,  0.606088   ,  0.11871    ,  4.86145    ])
likelihood = -50903.43
theta = 1694.99
Optimized parameters = [0.32896006 2.11226875 0.60667649 0.11920161 5.43638646]

Round_1_Replicate_9
2228    , -123670     , array([ 0.76935    ,  0.155705   ,  4.91047    ,  0.993676   ,  6.95401    ])
2229    , -123253     , array([ 0.75933    ,  0.155705   ,  4.91047    ,  0.993676   ,  6.95401    ])
2230    , -119790     , array([ 0.76935    ,  0.141879   ,  4.91047    ,  0.993676   ,  6.95401    ])
2231    , -129684     , array([ 0.76935    ,  0.155705   ,  5.31715    ,  0.993676   ,  6.95401    ])
2232    , -123670     , array([ 0.76935    ,  0.155705   ,  4.91047    ,  0.993361   ,  6.95401    ])
2233    , -123670     , array([ 0.76935    ,  0.155705   ,  4.91047    ,  0.993676   ,  7.66209    ])
2234    , -116227     , array([ 0.765326   ,  0.15002    ,  4.53489    ,  0.99355    ,  7.22903    ])
2235    , -109963     , array([ 0.763322   ,  0.147256   ,  4.18804    ,  0.993487   ,  7.3706     ])
2236    , -116370     , array([ 0.762922   ,  0.146709   ,  4.60763    ,  0.993475   ,  7.39924    ])
likelihood = -109962.5
theta = 4612.7
Optimized parameters = [0.7633223  0.14725599 4.18803627 0.99348724 7.3705954 ]

Round_1_Replicate_10
2237    , -399582     , array([ 3.23059    ,  6.65094    ,  4.78818    ,  1.28003    ,  1.58846    ])
2238    , -391167     , array([ 3.42567    ,  6.65094    ,  4.78818    ,  1.28003    ,  1.58846    ])
2239    , -394713     , array([ 3.23059    ,  7.31184    ,  4.78818    ,  1.28003    ,  1.58846    ])
2240    , -382647     , array([ 3.23059    ,  6.65094    ,  5.1782     ,  1.28003    ,  1.58846    ])
2241    , -399692     , array([ 3.23059    ,  6.65094    ,  4.78818    ,  1.29593    ,  1.58846    ])
2242    , -399830     , array([ 3.23059    ,  6.65094    ,  4.78818    ,  1.28003    ,  1.62564    ])
2243    , -386991     , array([ 3.30725    ,  6.90781    ,  4.94053    ,  1.28636    ,  1.55213    ])
2244    , -380860     , array([ 3.33842    ,  7.01332    ,  5.00282    ,  1.26682    ,  1.57383    ])
2245    , -368687     , array([ 3.39368    ,  7.20185    ,  5.11372    ,  1.25252    ,  1.56656    ])
likelihood = -368686.55
theta = 628.92
Optimized parameters = [3.3936808  7.20184637 5.11372261 1.2525181  1.56656031]

Round_2_Replicate_1
2246    , -23965.1    , array([ 0.201122   ,  1.23413    ,  0.653991   ,  2.20536    ,  0.208925   ])
2247    , -23813.8    , array([ 0.185623   ,  1.23413    ,  0.653991   ,  2.20536    ,  0.208925   ])
2248    , -24125.1    , array([ 0.201122   ,  1.24718    ,  0.653991   ,  2.20536    ,  0.208925   ])
2249    , -23490.1    , array([ 0.201122   ,  1.23413    ,  0.640251   ,  2.20536    ,  0.208925   ])
2250    , -23839.3    , array([ 0.201122   ,  1.23413    ,  0.653991   ,  2.29432    ,  0.208925   ])
2251    , -23237.4    , array([ 0.201122   ,  1.23413    ,  0.653991   ,  2.20536    ,  0.193192   ])
2252    , -23217.1    , array([ 0.194773   ,  1.22122    ,  0.64846    ,  2.24052    ,  0.202484   ])
2253    , -22777      , array([ 0.191674   ,  1.20844    ,  0.645712   ,  2.25831    ,  0.199338   ])
2254    , -22905.4    , array([ 0.19106    ,  1.22379    ,  0.645164   ,  2.26189    ,  0.198715   ])
2255    , -22672.4    , array([ 0.187178   ,  1.21968    ,  0.641667   ,  2.16184    ,  0.194772   ])
2256    , -22131.8    , array([ 0.180572   ,  1.21251    ,  0.635592   ,  2.0985     ,  0.188059   ])
2257    , -22007.4    , array([ 0.20058    ,  1.21109    ,  0.634384   ,  2.2048     ,  0.186744   ])
2258    , -21142.8    , array([ 0.208505   ,  1.19973    ,  0.624802   ,  2.20453    ,  0.176553   ])
likelihood = -21142.78
theta = 2332.22
Optimized parameters = [0.20850531 1.19972562 0.62480174 2.2045255  0.1765533 ]

Round_2_Replicate_2
2259    , -28912.8    , array([ 1.66033    ,  0.401092   ,  0.285761   ,  0.815018   ,  2.30772    ])
2260    , -29449.8    , array([ 1.70296    ,  0.401092   ,  0.285761   ,  0.815018   ,  2.30772    ])
2261    , -28719.5    , array([ 1.66033    ,  0.383183   ,  0.285761   ,  0.815018   ,  2.30772    ])
2262    , -27413.4    , array([ 1.66033    ,  0.401092   ,  0.268413   ,  0.815018   ,  2.30772    ])
2263    , -28917.2    , array([ 1.66033    ,  0.401092   ,  0.285761   ,  0.806725   ,  2.30772    ])
2264    , -28904.8    , array([ 1.66033    ,  0.401092   ,  0.285761   ,  0.815018   ,  2.40626    ])
2265    , -27698.6    , array([ 1.61877    ,  0.39383    ,  0.278691   ,  0.811691   ,  2.34664    ])
2266    , -27740.7    , array([ 1.64358    ,  0.390962   ,  0.275912   ,  0.82205    ,  2.36239    ])
2267    , -27289.7    , array([ 1.63693    ,  0.386982   ,  0.272068   ,  0.816487   ,  2.38462    ])
2268    , -26513      , array([ 1.62535    ,  0.380114   ,  0.26547    ,  0.817222   ,  2.42403    ])
2269    , -26375.9    , array([ 1.62304    ,  0.378756   ,  0.26417    ,  0.817369   ,  2.29371    ])
2270    , -25204.4    , array([ 1.60471    ,  0.368058   ,  0.253994   ,  0.818547   ,  2.23943    ])
likelihood = -25204.4
theta = 1772.52
Optimized parameters = [1.60471314 0.36805849 0.25399402 0.81854665 2.23942999]

Round_2_Replicate_3
2271    , -26167      , array([ 0.265853   ,  1.42062    ,  0.410707   ,  0.817124   ,  0.435497   ])
2272    , -25889.8    , array([ 0.248813   ,  1.42062    ,  0.410707   ,  0.817124   ,  0.435497   ])
2273    , -26459.3    , array([ 0.265853   ,  1.44578    ,  0.410707   ,  0.817124   ,  0.435497   ])
2274    , -25280.2    , array([ 0.265853   ,  1.42062    ,  0.392834   ,  0.817124   ,  0.435497   ])
2275    , -26205.5    , array([ 0.265853   ,  1.42062    ,  0.410707   ,  0.808914   ,  0.435497   ])
2276    , -25990.6    , array([ 0.265853   ,  1.42062    ,  0.410707   ,  0.817124   ,  0.417767   ])
2277    , -25354.4    , array([ 0.258901   ,  1.3959     ,  0.403462   ,  0.81383    ,  0.428316   ])
2278    , -25270      , array([ 0.256172   ,  1.41068    ,  0.4006     ,  0.824085   ,  0.425477   ])
2279    , -24819.4    , array([ 0.251464   ,  1.40573    ,  0.39564    ,  0.831776   ,  0.420554   ])
2280    , -24784.8    , array([ 0.250533   ,  1.40475    ,  0.394656   ,  0.821625   ,  0.419577   ])
2281    , -24137.2    , array([ 0.243208   ,  1.39688    ,  0.386867   ,  0.823885   ,  0.411836   ])
2282    , -24233.1    , array([ 0.241769   ,  1.39531    ,  0.385328   ,  0.824338   ,  0.434889   ])
likelihood = -24137.21
theta = 2520.42
Optimized parameters = [0.24320772 1.39687735 0.38686687 0.82388507 0.41183625]

Round_2_Replicate_4
2283    , -16566.2    , array([ 0.2297     ,  3.30244    ,  0.0810685  ,  1.45565    ,  0.223202   ])
2284    , -16780.8    , array([ 0.213412   ,  3.30244    ,  0.0810685  ,  1.45565    ,  0.223202   ])
2285    , -17112.5    , array([ 0.2297     ,  3.50571    ,  0.0810685  ,  1.45565    ,  0.223202   ])
2286    , -16284.1    , array([ 0.2297     ,  3.30244    ,  0.0714981  ,  1.45565    ,  0.223202   ])
2287    , -16483.6    , array([ 0.2297     ,  3.30244    ,  0.0810685  ,  1.48323    ,  0.223202   ])
2288    , -16478.9    , array([ 0.2297     ,  3.30244    ,  0.0810685  ,  1.45565    ,  0.207078   ])
2289    , -15923.7    , array([ 0.223041   ,  3.11095    ,  0.0770955  ,  1.46662    ,  0.216607   ])
2290    , -15343.7    , array([ 0.219784   ,  2.93056    ,  0.0751826  ,  1.47213    ,  0.213383   ])
2291    , -15691.3    , array([ 0.242906   ,  3.14834    ,  0.0748058  ,  1.47324    ,  0.212744   ])
2292    , -15559.2    , array([ 0.230784   ,  3.08873    ,  0.0724384  ,  1.48034    ,  0.208699   ])
2293    , -15301.7    , array([ 0.231219   ,  3.00717    ,  0.0692493  ,  1.45167    ,  0.203165   ])
2294    , -14780.6    , array([ 0.231982   ,  2.86959    ,  0.0640025  ,  1.43615    ,  0.193831   ])
likelihood = -14780.58
theta = 1670.53
Optimized parameters = [0.23198221 2.86958738 0.06400249 1.43614693 0.19383138]

Round_2_Replicate_5
2295    , -59854.8    , array([ 0.889367   ,  3.40824    ,  0.530194   ,  3.86156    ,  0.550127   ])
2296    , -59756.9    , array([ 0.884168   ,  3.40824    ,  0.530194   ,  3.86156    ,  0.550127   ])
2297    , -61340      , array([ 0.889367   ,  3.62374    ,  0.530194   ,  3.86156    ,  0.550127   ])
2298    , -58138.4    , array([ 0.889367   ,  3.40824    ,  0.513638   ,  3.86156    ,  0.550127   ])
2299    , -59448.7    , array([ 0.889367   ,  3.40824    ,  0.530194   ,  4.13144    ,  0.550127   ])
2300    , -59221.7    , array([ 0.889367   ,  3.40824    ,  0.530194   ,  3.86156    ,  0.533932   ])
2301    , -57248      , array([ 0.887284   ,  3.20556    ,  0.523508   ,  3.96733    ,  0.543591   ])
2302    , -55246.6    , array([ 0.886244   ,  3.01493    ,  0.520197   ,  4.02129    ,  0.540352   ])
2303    , -56867.6    , array([ 0.886036   ,  3.24511    ,  0.519538   ,  4.03218    ,  0.539707   ])
2304    , -55826      , array([ 0.891998   ,  3.18206    ,  0.515335   ,  4.10251    ,  0.535594   ])
2305    , -54746.1    , array([ 0.887833   ,  3.09585    ,  0.509509   ,  3.82377    ,  0.529889   ])
2306    , -52525.4    , array([ 0.887067   ,  2.95056    ,  0.499471   ,  3.67863    ,  0.520051   ])
likelihood = -52525.42
theta = 1073.1
Optimized parameters = [0.88706734 2.95056462 0.49947052 3.67863297 0.5200508 ]

Round_2_Replicate_6
2307    , -26359.9    , array([ 0.800316   ,  0.715052   ,  0.386604   ,  2.38659    ,  2.08506    ])
2308    , -26174.2    , array([ 0.791452   ,  0.715052   ,  0.386604   ,  2.38659    ,  2.08506    ])
2309    , -26152      , array([ 0.800316   ,  0.70316    ,  0.386604   ,  2.38659    ,  2.08506    ])
2310    , -25035.2    , array([ 0.800316   ,  0.715052   ,  0.368663   ,  2.38659    ,  2.08506    ])
2311    , -26309.4    , array([ 0.800316   ,  0.715052   ,  0.386604   ,  2.49268    ,  2.08506    ])
2312    , -26389.5    , array([ 0.800316   ,  0.715052   ,  0.386604   ,  2.38659    ,  2.16309    ])
2313    , -25613.7    , array([ 0.796758   ,  0.710271   ,  0.379325   ,  2.42847    ,  2.00985    ])
2314    , -25353.7    , array([ 0.79534    ,  0.708368   ,  0.376452   ,  2.44543    ,  2.05464    ])
2315    , -25030.9    , array([ 0.793358   ,  0.705712   ,  0.372467   ,  2.3235     ,  2.0426     ])
2316    , -24413.1    , array([ 0.789902   ,  0.701088   ,  0.365593   ,  2.24326    ,  2.0217     ])
2317    , -24466.2    , array([ 0.801615   ,  0.700167   ,  0.364233   ,  2.3674     ,  2.01754    ])
likelihood = -24413.06
theta = 1972.22
Optimized parameters = [0.78990189 0.70108813 0.36559294 2.24326263 2.02169524]

Round_2_Replicate_7
2318    , -11398.9    , array([ 0.217525   ,  0.330471   ,  0.53686    ,  0.665901   ,  1.44669    ])
2319    , -10988.8    , array([ 0.20155    ,  0.330471   ,  0.53686    ,  0.665901   ,  1.44669    ])
2320    , -10901.4    , array([ 0.217525   ,  0.312673   ,  0.53686    ,  0.665901   ,  1.44669    ])
2321    , -10957.7    , array([ 0.217525   ,  0.330471   ,  0.52042    ,  0.665901   ,  1.44669    ])
2322    , -11404.4    , array([ 0.217525   ,  0.330471   ,  0.53686    ,  0.652499   ,  1.44669    ])
2323    , -11401      , array([ 0.217525   ,  0.330471   ,  0.53686    ,  0.665901   ,  1.47365    ])
2324    , -10846.4    , array([ 0.210988   ,  0.323234   ,  0.530222   ,  0.679578   ,  1.45742    ])
2325    , -10576.8    , array([ 0.207794   ,  0.319675   ,  0.526934   ,  0.693535   ,  1.46281    ])
2326    , -10527.9    , array([ 0.207161   ,  0.318967   ,  0.526279   ,  0.67682    ,  1.42654    ])
2327    , -10114.6    , array([ 0.202166   ,  0.313366   ,  0.521068   ,  0.682346   ,  1.40354    ])
2328    , -10036.7    , array([ 0.201182   ,  0.312258   ,  0.520031   ,  0.683457   ,  1.43562    ])
2329    , -9414.14    , array([ 0.193477   ,  0.303531   ,  0.511816   ,  0.692408   ,  1.43012    ])
2330    , -9811.22    , array([ 0.213605   ,  0.301815   ,  0.510189   ,  0.694212   ,  1.42902    ])
likelihood = -9414.14
theta = 5024.1
Optimized parameters = [0.19347685 0.3035313  0.51181615 0.69240821 1.43012194]

Round_2_Replicate_8
2331    , -52257.9    , array([ 1.67265    ,  1.65755    ,  0.802693   ,  3.57835    ,  0.168656   ])
2332    , -52798.8    , array([ 1.71623    ,  1.65755    ,  0.802693   ,  3.57835    ,  0.168656   ])
2333    , -52629.5    , array([ 1.67265    ,  1.69996    ,  0.802693   ,  3.57835    ,  0.168656   ])
2334    , -51699.5    , array([ 1.67265    ,  1.65755    ,  0.79392    ,  3.57835    ,  0.168656   ])
2335    , -51655.7    , array([ 1.67265    ,  1.65755    ,  0.802693   ,  3.81388    ,  0.168656   ])
2336    , -49844.1    , array([ 1.67265    ,  1.65755    ,  0.802693   ,  3.57835    ,  0.154295   ])
2337    , -50446.4    , array([ 1.63018    ,  1.67438    ,  0.799172   ,  3.67076    ,  0.162758   ])
2338    , -49754.5    , array([ 1.65553    ,  1.62274    ,  0.797768   ,  3.70839    ,  0.160456   ])
2339    , -48370.1    , array([ 1.64703    ,  1.58545    ,  0.795317   ,  3.77518    ,  0.156508   ])
2340    , -48567.1    , array([ 1.64534    ,  1.63492    ,  0.794828   ,  3.78868    ,  0.155729   ])
2341    , -47871.9    , array([ 1.63454    ,  1.62596    ,  0.803978   ,  3.87623    ,  0.150841   ])
2342    , -46028.7    , array([ 1.61582    ,  1.61039    ,  0.809055   ,  4.03434    ,  0.142652   ])
likelihood = -46028.69
theta = 1136.69
Optimized parameters = [1.6158161  1.61038571 0.8090546  4.03434412 0.14265188]

Round_2_Replicate_9
2343    , -89853.9    , array([ 1.38403    ,  1.26264    ,  0.811917   ,  0.86111    ,  1.8675     ])
2344    , -90491.5    , array([ 1.4067     ,  1.26264    ,  0.811917   ,  0.86111    ,  1.8675     ])
2345    , -90246.7    , array([ 1.38403    ,  1.27744    ,  0.811917   ,  0.86111    ,  1.8675     ])
2346    , -89130.9    , array([ 1.38403    ,  1.26264    ,  0.803503   ,  0.86111    ,  1.8675     ])
2347    , -89860.8    , array([ 1.38403    ,  1.26264    ,  0.811917   ,  0.854696   ,  1.8675     ])
2348    , -89822.7    , array([ 1.38403    ,  1.26264    ,  0.811917   ,  0.86111    ,  1.92674    ])
2349    , -89076.2    , array([ 1.36172    ,  1.26854    ,  0.808541   ,  0.858539   ,  1.89097    ])
2350    , -88372.8    , array([ 1.33977    ,  1.2715     ,  0.806858   ,  0.857256   ,  1.90282    ])
2351    , -88573.9    , array([ 1.36615    ,  1.2515     ,  0.806522   ,  0.857      ,  1.9052     ])
2352    , -88442.1    , array([ 1.35906    ,  1.26169    ,  0.804374   ,  0.864361   ,  1.92049    ])
2353    , -87887.7    , array([ 1.34921    ,  1.26132    ,  0.801376   ,  0.859217   ,  1.94211    ])
2354    , -86914.2    , array([ 1.33213    ,  1.26066    ,  0.796157   ,  0.858272   ,  1.98052    ])
likelihood = -86914.21
theta = 1497.64
Optimized parameters = [1.33212717 1.26065823 0.79615662 0.85827173 1.98052327]

Round_2_Replicate_10
2355    , -4522.96    , array([ 0.944792   ,  0.400968   ,  0.0832976  ,  2.86341    ,  1.31312    ])
2356    , -4506.53    , array([ 0.942114   ,  0.400968   ,  0.0832976  ,  2.86341    ,  1.31312    ])
2357    , -4580.97    , array([ 0.944792   ,  0.383058   ,  0.0832976  ,  2.86341    ,  1.31312    ])
2358    , -4116.72    , array([ 0.944792   ,  0.400968   ,  0.0735638  ,  2.86341    ,  1.31312    ])
2359    , -4473.72    , array([ 0.944792   ,  0.400968   ,  0.0832976  ,  3.01806    ,  1.31312    ])
2360    , -4526.87    , array([ 0.944792   ,  0.400968   ,  0.0832976  ,  2.86341    ,  1.33113    ])
2361    , -4270.72    , array([ 0.94372    ,  0.419715   ,  0.0792584  ,  2.92429    ,  1.3203     ])
2362    , -4221.71    , array([ 0.943291   ,  0.408364   ,  0.0776981  ,  2.94901    ,  1.29819    ])
2363    , -4112.92    , array([ 0.942692   ,  0.41136    ,  0.0755651  ,  2.98396    ,  1.30998    ])
2364    , -3928.75    , array([ 0.941643   ,  0.416657   ,  0.0719724  ,  3.04613    ,  1.30841    ])
2365    , -3913.29    , array([ 0.945183   ,  0.417725   ,  0.0712746  ,  3.05872    ,  1.3081     ])
2366    , -3663.92    , array([ 0.946722   ,  0.426364   ,  0.0659304  ,  3.16131    ,  1.30559    ])
likelihood = -3663.92
theta = 1824.47
Optimized parameters = [0.9467217  0.42636405 0.06593042 3.16130865 1.30559032]

Round_3_Replicate_1
2367    , -21157.5    , array([ 1.02423    ,  1.24949    ,  0.210852   ,  1.5111     ,  0.669641   ])
2368    , -21172.9    , array([ 1.02545    ,  1.24949    ,  0.210852   ,  1.5111     ,  0.669641   ])
2369    , -21296.9    , array([ 1.02423    ,  1.26349    ,  0.210852   ,  1.5111     ,  0.669641   ])
2370    , -19808.3    , array([ 1.02423    ,  1.24949    ,  0.195063   ,  1.5111     ,  0.669641   ])
2371    , -21012.5    , array([ 1.02423    ,  1.24949    ,  0.210852   ,  1.54262    ,  0.669641   ])
2372    , -21107.3    , array([ 1.02423    ,  1.24949    ,  0.210852   ,  1.5111     ,  0.656348   ])
2373    , -20397.4    , array([ 1.02472    ,  1.23566    ,  0.204388   ,  1.52363    ,  0.664291   ])
2374    , -20214.2    , array([ 1.0232     ,  1.24394    ,  0.201859   ,  1.52867    ,  0.662164   ])
2375    , -19863.7    , array([ 1.02401    ,  1.24173    ,  0.19837    ,  1.53576    ,  0.659196   ])
2376    , -19429.4    , array([ 1.02393    ,  1.23863    ,  0.193587   ,  1.54573    ,  0.673713   ])
2377    , -18637.2    , array([ 1.02377    ,  1.23324    ,  0.185493   ,  1.56334    ,  0.682568   ])
2378    , -18630.2    , array([ 1.02374    ,  1.23216    ,  0.183915   ,  1.52226    ,  0.665409   ])
2379    , -17572.1    , array([ 1.0235     ,  1.22358    ,  0.171766   ,  1.51217    ,  0.663303   ])
2380    , -18064.9    , array([ 1.02277    ,  1.24108    ,  0.176982   ,  1.53658    ,  0.670368   ])
2381    , -17430.3    , array([ 1.02412    ,  1.23167    ,  0.170016   ,  1.53467    ,  0.675843   ])
2382    , -16211.8    , array([ 1.02458    ,  1.22559    ,  0.156031   ,  1.53768    ,  0.682788   ])
2383    , -16361.6    , array([ 1.02353    ,  1.22743    ,  0.157165   ,  1.52836    ,  0.688501   ])
2384    , -15196.6    , array([ 1.02303    ,  1.21114    ,  0.146598   ,  1.56037    ,  0.685335   ])
2385    , -13353.9    , array([ 1.02243    ,  1.1924     ,  0.127087   ,  1.5856     ,  0.693319   ])
likelihood = -13353.85
theta = 1701.43
Optimized parameters = [1.02243489 1.19240144 0.12708749 1.58559699 0.69331947]

Round_3_Replicate_2
2386    , -10370.1    , array([ 1.56176    ,  0.408198   ,  0.0574015  ,  0.936472   ,  0.850966   ])
2387    , -10599.2    , array([ 1.59696    ,  0.408198   ,  0.0574015  ,  0.936472   ,  0.850966   ])
2388    , -10380.6    , array([ 1.56176    ,  0.390314   ,  0.0574015  ,  0.936472   ,  0.850966   ])
2389    , -9961.72    , array([ 1.56176    ,  0.408198   ,  0.0497587  ,  0.936472   ,  0.850966   ])
2390    , -10381      , array([ 1.56176    ,  0.408198   ,  0.0574015  ,  0.933404   ,  0.850966   ])
2391    , -10386.6    , array([ 1.56176    ,  0.408198   ,  0.0574015  ,  0.936472   ,  0.844127   ])
2392    , -9986.47    , array([ 1.52733    ,  0.400948   ,  0.0542128  ,  0.935244   ,  0.848224   ])
2393    , -10039.7    , array([ 1.5479     ,  0.398085   ,  0.0529874  ,  0.934753   ,  0.856754   ])
2394    , -9921.56    , array([ 1.54239    ,  0.39411    ,  0.0513184  ,  0.938367   ,  0.852176   ])
2395    , -9722.71    , array([ 1.53279    ,  0.387249   ,  0.048523   ,  0.940859   ,  0.852781   ])
2396    , -9667.74    , array([ 1.53088    ,  0.41087    ,  0.0479825  ,  0.937043   ,  0.852902   ])
2397    , -9364.43    , array([ 1.51567    ,  0.42155    ,  0.0438695  ,  0.937328   ,  0.853872   ])
2398    , -9336.08    , array([ 1.51264    ,  0.397959   ,  0.0430902  ,  0.937385   ,  0.854066   ])
2399    , -8957.91    , array([ 1.48867    ,  0.392936   ,  0.0373341  ,  0.937842   ,  0.85562    ])
2400    , -9159.56    , array([ 1.50256    ,  0.40595    ,  0.0405791  ,  0.94035    ,  0.847847   ])
2401    , -8990.44    , array([ 1.51286    ,  0.405055   ,  0.0353227  ,  0.941905   ,  0.856221   ])
2402    , -8631.78    , array([ 1.4608     ,  0.396632   ,  0.0335552  ,  0.942849   ,  0.855566   ])
2403    , -8181.85    , array([ 1.41279    ,  0.390973   ,  0.0275553  ,  0.946054   ,  0.857874   ])
2404    , -8296.12    , array([ 1.44066    ,  0.419692   ,  0.02744    ,  0.940522   ,  0.855781   ])
likelihood = -8181.85
theta = 2021.04
Optimized parameters = [1.41279096 0.39097257 0.02755528 0.94605379 0.85787448]

Round_3_Replicate_3
2405    , -9263.3     , array([ 2.56009    ,  0.224493   ,  0.0348777  ,  12.3969    ,  0.539621   ])
2406    , -9477.33    , array([ 2.68329    ,  0.224493   ,  0.0348777  ,  12.3969    ,  0.539621   ])
2407    , -9654.23    , array([ 2.56009    ,  0.208336   ,  0.0348777  ,  12.3969    ,  0.539621   ])
2408    , -9252.9     , array([ 2.56009    ,  0.224493   ,  0.0294901  ,  12.3969    ,  0.539621   ])
2409    , -9366.22    , array([ 2.56009    ,  0.224493   ,  0.0348777  ,  14.0598    ,  0.539621   ])
2410    , -9248.09    , array([ 2.56009    ,  0.224493   ,  0.0348777  ,  12.3969    ,  0.523231   ])
2411    , -8969.19    , array([ 2.60867    ,  0.241904   ,  0.0326136  ,  13.0371    ,  0.533004   ])
2412    , -8640.12    , array([ 2.63331    ,  0.260665   ,  0.0315373  ,  13.3695    ,  0.529726   ])
2413    , -8862.59    , array([ 2.47025    ,  0.238317   ,  0.0313263  ,  13.4369    ,  0.529073   ])
2414    , -8762.51    , array([ 2.5524     ,  0.244082   ,  0.0300092  ,  11.6349    ,  0.524912   ])
2415    , -8651.48    , array([ 2.54933    ,  0.252388   ,  0.0282577  ,  12.8649    ,  0.519141   ])
2416    , -8407.81    , array([ 2.54504    ,  0.264494   ,  0.0328544  ,  13.0571    ,  0.511169   ])
2417    , -8023.37    , array([ 2.53754    ,  0.287092   ,  0.0346779  ,  13.4002    ,  0.49751    ])
2418    , -7949.29    , array([ 2.53605    ,  0.291838   ,  0.0277155  ,  13.4699    ,  0.516658   ])
2419    , -7381.22    , array([ 2.52411    ,  0.332745   ,  0.0247065  ,  14.0407    ,  0.513402   ])
2420    , -7696.76    , array([ 2.65105    ,  0.314176   ,  0.0280622  ,  12.6478    ,  0.504844   ])
2421    , -7439.63    , array([ 2.60495    ,  0.33935    ,  0.0285184  ,  15.1026    ,  0.500974   ])
2422    , -7031.36    , array([ 2.6307     ,  0.369441   ,  0.0303975  ,  14.5634    ,  0.499377   ])
2423    , -6328.31    , array([ 2.67236    ,  0.446976   ,  0.0315273  ,  15.495     ,  0.489778   ])
likelihood = -6328.31
theta = 658.56
Optimized parameters = [ 2.67235805  0.44697581  0.03152734 15.49497315  0.4897782 ]

Round_3_Replicate_4
2424    , -5916.2     , array([ 0.406666   ,  0.170435   ,  0.0216118  ,  0.801523   ,  3.04363    ])
2425    , -5977.95    , array([ 0.388777   ,  0.170435   ,  0.0216118  ,  0.801523   ,  3.04363    ])
2426    , -6327.6     , array([ 0.406666   ,  0.156004   ,  0.0216118  ,  0.801523   ,  3.04363    ])
2427    , -6313.19    , array([ 0.406666   ,  0.170435   ,  0.0178412  ,  0.801523   ,  3.04363    ])
2428    , -5909.09    , array([ 0.406666   ,  0.170435   ,  0.0216118  ,  0.792706   ,  3.04363    ])
2429    , -6047.52    , array([ 0.406666   ,  0.170435   ,  0.0216118  ,  0.801523   ,  3.21782    ])
2430    , -5752.21    , array([ 0.399414   ,  0.1862     ,  0.0200163  ,  0.797985   ,  3.11215    ])
2431    , -5487.7     , array([ 0.395836   ,  0.203424   ,  0.0192633  ,  0.796221   ,  3.14698    ])
2432    , -5411.42    , array([ 0.395125   ,  0.182935   ,  0.0250019  ,  0.795869   ,  3.15399    ])
2433    , -4965.22    , array([ 0.389477   ,  0.189524   ,  0.0295969  ,  0.793057   ,  3.21067    ])
2434    , -5260.8     , array([ 0.388357   ,  0.19087    ,  0.0234061  ,  0.792495   ,  2.98061    ])
2435    , -5045.37    , array([ 0.406052   ,  0.199715   ,  0.0241649  ,  0.788913   ,  3.12492    ])
2436    , -4778.17    , array([ 0.387955   ,  0.21279    ,  0.0252686  ,  0.783924   ,  3.15804    ])
2437    , -4267.01    , array([ 0.378924   ,  0.237765   ,  0.0273229  ,  0.77527    ,  3.21685    ])
2438    , -4178.22    , array([ 0.377144   ,  0.243101   ,  0.0277534  ,  0.785624   ,  3.22874    ])
2439    , -3479.28    , array([ 0.363196   ,  0.290337   ,  0.0314507  ,  0.782106   ,  3.32547    ])
2440    , -3692.56    , array([ 0.374352   ,  0.234824   ,  0.0378822  ,  0.776579   ,  3.19238    ])
2441    , -3356.47    , array([ 0.375996   ,  0.2719     ,  0.037799   ,  0.773924   ,  3.46441    ])
2442    , -2648.61    , array([ 0.369964   ,  0.324522   ,  0.0480348  ,  0.764802   ,  3.735      ])
2443    , -2726.45    , array([ 0.346469   ,  0.315552   ,  0.0481918  ,  0.767846   ,  3.54875    ])
likelihood = -2648.61
theta = 2608.13
Optimized parameters = [0.36996428 0.32452218 0.04803478 0.76480223 3.73500159]

Round_3_Replicate_5
2444    , -7451.57    , array([ 0.604162   ,  0.144832   ,  0.0276816  ,  4.84803    ,  0.863566   ])
2445    , -7467.49    , array([ 0.58913    ,  0.144832   ,  0.0276816  ,  4.84803    ,  0.863566   ])
2446    , -7968.87    , array([ 0.604162   ,  0.131495   ,  0.0276816  ,  4.84803    ,  0.863566   ])
2447    , -7787.99    , array([ 0.604162   ,  0.144832   ,  0.0231367  ,  4.84803    ,  0.863566   ])
2448    , -7698.77    , array([ 0.604162   ,  0.144832   ,  0.0276816  ,  5.24619    ,  0.863566   ])
2449    , -7448.73    , array([ 0.604162   ,  0.144832   ,  0.0276816  ,  4.84803    ,  0.857255   ])
2450    , -7181.35    , array([ 0.598104   ,  0.159523   ,  0.0257653  ,  5.00354    ,  0.861036   ])
2451    , -6807.36    , array([ 0.595098   ,  0.175703   ,  0.0248575  ,  5.08315    ,  0.859774   ])
2452    , -6964.5     , array([ 0.594498   ,  0.15647    ,  0.031724   ,  5.09922    ,  0.859522   ])
2453    , -6762.88    , array([ 0.590676   ,  0.161383   ,  0.0280012  ,  4.65896    ,  0.85791    ])
2454    , -6320.71    , array([ 0.584046   ,  0.170354   ,  0.0281624  ,  4.39048    ,  0.855095   ])
2455    , -6522.6     , array([ 0.603651   ,  0.172207   ,  0.0281947  ,  4.84559    ,  0.854534   ])
2456    , -6183.06    , array([ 0.588432   ,  0.184555   ,  0.0284026  ,  4.84461    ,  0.850947   ])
2457    , -5593.19    , array([ 0.580722   ,  0.208333   ,  0.0287701  ,  4.84289    ,  0.844707   ])
2458    , -5482.35    , array([ 0.579192   ,  0.213444   ,  0.0288442  ,  4.84255    ,  0.85217    ])
2459    , -4624.93    , array([ 0.567096   ,  0.259115   ,  0.0294436  ,  4.83981    ,  0.849638   ])
2460    , -5015.86    , array([ 0.577601   ,  0.241737   ,  0.0244288  ,  4.50885    ,  0.846      ])
2461    , -4486.35    , array([ 0.570172   ,  0.244579   ,  0.0309607  ,  4.31132    ,  0.840306   ])
2462    , -3541.4     , array([ 0.558104   ,  0.288562   ,  0.0345532  ,  3.97054    ,  0.830738   ])
2463    , -3653.64    , array([ 0.544728   ,  0.306776   ,  0.0296094  ,  4.17636    ,  0.835962   ])
likelihood = -3541.4
theta = 2138.78
Optimized parameters = [0.55810371 0.28856241 0.03455318 3.97053941 0.83073775]

Round_4_Replicate_1
2464    , -2978.01    , array([ 0.207237   ,  0.284871   ,  0.0624413  ,  0.473798   ,  2.59675    ])
2465    , -3199.62    , array([ 0.191553   ,  0.284871   ,  0.0624413  ,  0.473798   ,  2.59675    ])
2466    , -3070.96    , array([ 0.207237   ,  0.267535   ,  0.0624413  ,  0.473798   ,  2.59675    ])
2467    , -3210.15    , array([ 0.207237   ,  0.284871   ,  0.0543558  ,  0.473798   ,  2.59675    ])
2468    , -2966.78    , array([ 0.207237   ,  0.284871   ,  0.0624413  ,  0.456428   ,  2.59675    ])
2469    , -3048.74    , array([ 0.207237   ,  0.284871   ,  0.0624413  ,  0.473798   ,  2.72366    ])
2470    , -2900.43    , array([ 0.200815   ,  0.277806   ,  0.0717296  ,  0.466772   ,  2.64679    ])
2471    , -2767.49    , array([ 0.197679   ,  0.274339   ,  0.0823996  ,  0.463298   ,  2.67217    ])
2472    , -2752.74    , array([ 0.220009   ,  0.273651   ,  0.0697675  ,  0.462607   ,  2.67727    ])
2473    , -2579.36    , array([ 0.235785   ,  0.268208   ,  0.0737469  ,  0.457111   ,  2.71846    ])
2474    , -2668.37    , array([ 0.214133   ,  0.291676   ,  0.0745696  ,  0.45602    ,  2.72678    ])
2475    , -2547.47    , array([ 0.216956   ,  0.276525   ,  0.0800567  ,  0.449096   ,  2.60092    ])
2476    , -2364.42    , array([ 0.221985   ,  0.272444   ,  0.0906485  ,  0.437233   ,  2.54164    ])
2477    , -2398.3     , array([ 0.223005   ,  0.271635   ,  0.0929294  ,  0.434898   ,  2.70472    ])
2478    , -2289.81    , array([ 0.229643   ,  0.266515   ,  0.10895    ,  0.442806   ,  2.74915    ])
2479    , -2324.19    , array([ 0.241738   ,  0.257785   ,  0.143914   ,  0.436148   ,  2.82867    ])
2480    , -2211.28    , array([ 0.25562    ,  0.273561   ,  0.0923195  ,  0.428417   ,  2.70209    ])
2481    , -2118.18    , array([ 0.290678   ,  0.273173   ,  0.0977186  ,  0.411974   ,  2.71717    ])
2482    , -2195.99    , array([ 0.266663   ,  0.250644   ,  0.113664   ,  0.417925   ,  2.64424    ])
2483    , -2243.29    , array([ 0.254396   ,  0.26529    ,  0.136644   ,  0.402246   ,  2.62312    ])
2484    , -2221.45    , array([ 0.283525   ,  0.259477   ,  0.12652    ,  0.409795   ,  2.60434    ])
2485    , -2572.93    , array([ 0.314115   ,  0.25371    ,  0.148207   ,  0.397176   ,  2.79858    ])
2486    , -2205.46    , array([ 0.242111   ,  0.267635   ,  0.102503   ,  0.426855   ,  2.60358    ])
2487    , -2231.54    , array([ 0.31013    ,  0.25979    ,  0.12034    ,  0.386464   ,  2.53165    ])
2488    , -2159.83    , array([ 0.30304    ,  0.258811   ,  0.0911948  ,  0.418677   ,  2.61588    ])
2489    , -2309.08    , array([ 0.246291   ,  0.263892   ,  0.0926781  ,  0.449955   ,  2.74612    ])
2490    , -2156.05    , array([ 0.292766   ,  0.260809   ,  0.112733   ,  0.401443   ,  2.58364    ])
likelihood = -2118.18
theta = 3504.76
Optimized parameters = [0.29067845 0.27317343 0.09771865 0.4119739  2.71717472]

Round_4_Replicate_2
2491    , -2793.01    , array([ 0.66206    ,  0.355267   ,  0.0329022  ,  0.835417   ,  3.97921    ])
2492    , -2775.14    , array([ 0.648548   ,  0.355267   ,  0.0329022  ,  0.835417   ,  3.97921    ])
2493    , -2942.96    , array([ 0.66206    ,  0.337352   ,  0.0329022  ,  0.835417   ,  3.97921    ])
2494    , -2956.31    , array([ 0.66206    ,  0.355267   ,  0.0277387  ,  0.835417   ,  3.97921    ])
2495    , -2791.58    , array([ 0.66206    ,  0.355267   ,  0.0329022  ,  0.827939   ,  3.97921    ])
2496    , -2845.89    , array([ 0.66206    ,  0.355267   ,  0.0329022  ,  0.835417   ,  4.2637     ])
2497    , -2739.97    , array([ 0.656622   ,  0.34799    ,  0.0390269  ,  0.832418   ,  4.09065    ])
2498    , -2703.22    , array([ 0.65392    ,  0.344407   ,  0.0462916  ,  0.830922   ,  4.14754    ])
2499    , -2606.46    , array([ 0.65338    ,  0.369517   ,  0.0377169  ,  0.830624   ,  4.15901    ])
2500    , -2467.58    , array([ 0.649083   ,  0.386732   ,  0.0403823  ,  0.828237   ,  4.25194    ])
2501    , -2562.13    , array([ 0.648227   ,  0.362998   ,  0.0409376  ,  0.827761   ,  3.87722    ])
2502    , -2531.4     , array([ 0.642775   ,  0.366137   ,  0.0446767  ,  0.824718   ,  4.1115     ])
2503    , -2484.08    , array([ 0.63522    ,  0.370577   ,  0.0504922  ,  0.83087    ,  4.16564    ])
2504    , -2544.67    , array([ 0.64309    ,  0.376884   ,  0.0599272  ,  0.821637   ,  4.24263    ])
2505    , -2304.53    , array([ 0.633562   ,  0.403037   ,  0.0472275  ,  0.822376   ,  4.10751    ])
2506    , -2153.33    , array([ 0.623622   ,  0.435995   ,  0.0477025  ,  0.818137   ,  4.08764    ])
2507    , -2340.59    , array([ 0.629308   ,  0.411476   ,  0.0567731  ,  0.821665   ,  4.48776    ])
2508    , -2329.59    , array([ 0.628862   ,  0.410483   ,  0.0379532  ,  0.8278     ,  4.19444    ])
2509    , -2154.02    , array([ 0.623687   ,  0.442304   ,  0.0476933  ,  0.825939   ,  4.36293    ])
2510    , -2078.2     , array([ 0.626497   ,  0.469054   ,  0.0412485  ,  0.817874   ,  4.38667    ])
2511    , -1955.47    , array([ 0.62218    ,  0.527709   ,  0.0372821  ,  0.811453   ,  4.50155    ])
2512    , -1981.05    , array([ 0.602822   ,  0.508961   ,  0.0499534  ,  0.813782   ,  4.39683    ])
2513    , -1971.21    , array([ 0.611161   ,  0.520818   ,  0.0337584  ,  0.817135   ,  4.13181    ])
2514    , -1912.66    , array([ 0.60465    ,  0.574238   ,  0.048187   ,  0.806882   ,  4.39424    ])
2515    , -2087.45    , array([ 0.592896   ,  0.679188   ,  0.0542964  ,  0.796622   ,  4.49769    ])
likelihood = -1912.66
theta = 1955.11
Optimized parameters = [0.60464988 0.57423758 0.04818702 0.80688226 4.39424122]

Round_4_Replicate_3
2516    , -2718.26    , array([ 0.703299   ,  0.407832   ,  0.027805   ,  1.22032    ,  4.17852    ])
2517    , -2709.66    , array([ 0.69103    ,  0.407832   ,  0.027805   ,  1.22032    ,  4.17852    ])
2518    , -2843.51    , array([ 0.703299   ,  0.389947   ,  0.027805   ,  1.22032    ,  4.17852    ])
2519    , -2912.57    , array([ 0.703299   ,  0.407832   ,  0.023245   ,  1.22032    ,  4.17852    ])
2520    , -2720.71    , array([ 0.703299   ,  0.407832   ,  0.027805   ,  1.23253    ,  4.17852    ])
2521    , -2777.49    , array([ 0.703299   ,  0.407832   ,  0.027805   ,  1.22032    ,  4.48822    ])
2522    , -2631.62    , array([ 0.698365   ,  0.400582   ,  0.0332596  ,  1.22519    ,  4.29975    ])
2523    , -2562.1     , array([ 0.695912   ,  0.397005   ,  0.0397842  ,  1.22763    ,  4.36168    ])
2524    , -2535.09    , array([ 0.695422   ,  0.421971   ,  0.0320891  ,  1.22812    ,  4.37417    ])
2525    , -2406       , array([ 0.691516   ,  0.438957   ,  0.0344727  ,  1.23204    ,  4.4754     ])
2526    , -2466.88    , array([ 0.690738   ,  0.415512   ,  0.0349702  ,  1.23282    ,  4.06769    ])
2527    , -2430.7     , array([ 0.685777   ,  0.418624   ,  0.0383291  ,  1.22073    ,  4.32244    ])
2528    , -2373.31    , array([ 0.678891   ,  0.42302    ,  0.0435805  ,  1.23311    ,  4.38138    ])
2529    , -2375.92    , array([ 0.667007   ,  0.430825   ,  0.0545603  ,  1.23955    ,  4.48647    ])
2530    , -2403.5     , array([ 0.686063   ,  0.429253   ,  0.0521626  ,  1.23826    ,  4.46525    ])
2531    , -2234.12    , array([ 0.677378   ,  0.454952   ,  0.0406286  ,  1.23514    ,  4.3181     ])
2532    , -2106.63    , array([ 0.668297   ,  0.487024   ,  0.0410575  ,  1.23891    ,  4.29647    ])
2533    , -2249.41    , array([ 0.673495   ,  0.463196   ,  0.0492856  ,  1.23236    ,  4.73265    ])
2534    , -2199.87    , array([ 0.673481   ,  0.478741   ,  0.049724   ,  1.2493     ,  4.61821    ])
2535    , -2407.75    , array([ 0.660869   ,  0.472688   ,  0.0640113  ,  1.24473    ,  4.51676    ])
2536    , -2295.23    , array([ 0.683724   ,  0.447157   ,  0.0402412  ,  1.2352     ,  4.48571    ])
2537    , -2126.08    , array([ 0.665212   ,  0.49134    ,  0.0381327  ,  1.23726    ,  4.53531    ])
2538    , -2029.94    , array([ 0.666789   ,  0.529349   ,  0.043268   ,  1.2441     ,  4.68641    ])
2539    , -1937.2     , array([ 0.660818   ,  0.592151   ,  0.0431126  ,  1.24963    ,  4.84679    ])
2540    , -2004.88    , array([ 0.653113   ,  0.560315   ,  0.0481683  ,  1.24777    ,  4.72139    ])
2541    , -1904.99    , array([ 0.654931   ,  0.583706   ,  0.0389698  ,  1.25689    ,  4.47077    ])
2542    , -1836.3     , array([ 0.645842   ,  0.655253   ,  0.0346523  ,  1.26933    ,  4.34532    ])
likelihood = -1836.3
theta = 1771.98
Optimized parameters = [0.64584233 0.65525267 0.03465229 1.26933233 4.3453152 ]

Round_4_Replicate_4
2543    , -2759.23    , array([ 0.484884   ,  0.570868   ,  0.0915129  ,  1.03186    ,  6.67535    ])
2544    , -2734.64    , array([ 0.467649   ,  0.570868   ,  0.0915129  ,  1.03186    ,  6.67535    ])
2545    , -2721.36    , array([ 0.484884   ,  0.555089   ,  0.0915129  ,  1.03186    ,  6.67535    ])
2546    , -2507.55    , array([ 0.484884   ,  0.570868   ,  0.0812001  ,  1.03186    ,  6.67535    ])
2547    , -2759.29    , array([ 0.484884   ,  0.570868   ,  0.0915129  ,  1.03347    ,  6.67535    ])
2548    , -2778.48    , array([ 0.484884   ,  0.570868   ,  0.0915129  ,  1.03186    ,  7.34002    ])
2549    , -2604.24    , array([ 0.477915   ,  0.564504   ,  0.0872393  ,  1.0325     ,  6.07086    ])
2550    , -2569.34    , array([ 0.475155   ,  0.561978   ,  0.0855862  ,  1.0305     ,  6.42665    ])
2551    , -2505.41    , array([ 0.471319   ,  0.55846    ,  0.0833244  ,  1.03157    ,  6.32978    ])
2552    , -2408.65    , array([ 0.464679   ,  0.552357   ,  0.0795092  ,  1.03143    ,  6.16376    ])
2553    , -2402.57    , array([ 0.487446   ,  0.551145   ,  0.0787674  ,  1.0314     ,  6.13109    ])
2554    , -2280.98    , array([ 0.497656   ,  0.54154    ,  0.0730766  ,  1.03117    ,  5.87583    ])
2555    , -2272.63    , array([ 0.475034   ,  0.561237   ,  0.0719888  ,  1.03113    ,  5.82607    ])
2556    , -2143.18    , array([ 0.470185   ,  0.564336   ,  0.0638493  ,  1.03076    ,  5.44285    ])
2557    , -2219.57    , array([ 0.478828   ,  0.551812   ,  0.066652   ,  1.02979    ,  6.13239    ])
2558    , -2130.05    , array([ 0.483094   ,  0.550259   ,  0.0614731  ,  1.0315     ,  5.6853     ])
2559    , -2061.57    , array([ 0.487113   ,  0.544492   ,  0.0520985  ,  1.03201    ,  5.34735    ])
2560    , -2041.89    , array([ 0.474271   ,  0.531536   ,  0.054255   ,  1.03021    ,  5.00876    ])
2561    , -2024.38    , array([ 0.469052   ,  0.512898   ,  0.0443488  ,  1.02938    ,  4.33868    ])
2562    , -2012.8     , array([ 0.49675    ,  0.533302   ,  0.0438697  ,  1.02982    ,  4.71371    ])
2563    , -2096.47    , array([ 0.513607   ,  0.524022   ,  0.0325865  ,  1.02901    ,  4.12213    ])
2564    , -2117.71    , array([ 0.463495   ,  0.540629   ,  0.0389187  ,  1.02953    ,  4.52748    ])
2565    , -2072.7     , array([ 0.47549    ,  0.526238   ,  0.0344081  ,  1.03081    ,  3.84226    ])
2566    , -2292.47    , array([ 0.486409   ,  0.500372   ,  0.0280492  ,  1.02986    ,  3.76613    ])
2567    , -2029.14    , array([ 0.474189   ,  0.547617   ,  0.0519813  ,  1.03054    ,  4.96413    ])
2568    , -1981.87    , array([ 0.497952   ,  0.525004   ,  0.0516647  ,  1.03149    ,  4.69742    ])
2569    , -2028.03    , array([ 0.51613    ,  0.517362   ,  0.0595268  ,  1.03248    ,  4.78476    ])
2570    , -2223.77    , array([ 0.494436   ,  0.538855   ,  0.0687549  ,  1.03048    ,  5.99843    ])
2571    , -2015.79    , array([ 0.480158   ,  0.529364   ,  0.0409093  ,  1.03073    ,  4.29487    ])
likelihood = -1981.87
theta = 2029.93
Optimized parameters = [0.49795246 0.52500432 0.05166473 1.0314936  4.69741658]

Round_4_Replicate_5
2572    , -4512.73    , array([ 0.200905   ,  0.530622   ,  0.0471281  ,  1.26514    ,  4.9064     ])
2573    , -4861.91    , array([ 0.185413   ,  0.530622   ,  0.0471281  ,  1.26514    ,  4.9064     ])
2574    , -4519.98    , array([ 0.200905   ,  0.514073   ,  0.0471281  ,  1.26514    ,  4.9064     ])
2575    , -4811.65    , array([ 0.200905   ,  0.530622   ,  0.0404524  ,  1.26514    ,  4.9064     ])
2576    , -4518.72    , array([ 0.200905   ,  0.530622   ,  0.0471281  ,  1.2801     ,  4.9064     ])
2577    , -4645.4     , array([ 0.200905   ,  0.530622   ,  0.0471281  ,  1.26514    ,  5.31252    ])
2578    , -4352.04    , array([ 0.217691   ,  0.52394    ,  0.0443349  ,  1.2711     ,  5.06498    ])
2579    , -4119.37    , array([ 0.23588    ,  0.52063    ,  0.043001   ,  1.2741     ,  5.14619    ])
2580    , -4126.56    , array([ 0.214225   ,  0.51997    ,  0.0529292  ,  1.2747     ,  5.16258    ])
2581    , -4073.99    , array([ 0.219798   ,  0.51577    ,  0.0475911  ,  1.27854    ,  4.71363    ])
2582    , -3808.69    , array([ 0.2299     ,  0.5085     ,  0.0478243  ,  1.28529    ,  4.44       ])
2583    , -3911.62    , array([ 0.231976   ,  0.530058   ,  0.047871   ,  1.28665    ,  4.9039     ])
2584    , -3691.04    , array([ 0.24571    ,  0.513307   ,  0.0481715  ,  1.2742     ,  4.9029     ])
2585    , -3332.13    , array([ 0.271731   ,  0.504863   ,  0.0487018  ,  1.27126    ,  4.90115    ])
2586    , -3272.51    , array([ 0.277257   ,  0.503191   ,  0.0488086  ,  1.29177    ,  4.90081    ])
2587    , -2803.93    , array([ 0.325709   ,  0.490011   ,  0.0496711  ,  1.30529    ,  4.89801    ])
2588    , -3068.06    , array([ 0.307458   ,  0.501453   ,  0.0423686  ,  1.2943     ,  4.56062    ])
2589    , -2732.1     , array([ 0.310458   ,  0.493356   ,  0.0518426  ,  1.30309    ,  4.35934    ])
2590    , -2291.15    , array([ 0.356172   ,  0.48026    ,  0.0569235  ,  1.31783    ,  4.01226    ])
2591    , -2363.76    , array([ 0.374748   ,  0.465831   ,  0.0499092  ,  1.30279    ,  4.22186    ])
2592    , -2152.91    , array([ 0.459751   ,  0.468851   ,  0.050818   ,  1.31124    ,  4.56995    ])
2593    , -2270.99    , array([ 0.65015    ,  0.450201   ,  0.0523844  ,  1.32441    ,  4.63635    ])
2594    , -2060.07    , array([ 0.480037   ,  0.458455   ,  0.0507586  ,  1.34224    ,  4.0257     ])
2595    , -2217.88    , array([ 0.638031   ,  0.436877   ,  0.0518194  ,  1.37919    ,  3.64849    ])
2596    , -2097.95    , array([ 0.507018   ,  0.445314   ,  0.0627187  ,  1.33766    ,  4.11569    ])
2597    , -2124.87    , array([ 0.571292   ,  0.438606   ,  0.0587293  ,  1.33946    ,  3.5745     ])
2598    , -2199.88    , array([ 0.587755   ,  0.450393   ,  0.0623804  ,  1.35701    ,  3.87986    ])
likelihood = -2060.07
theta = 2145.52
Optimized parameters = [0.48003697 0.45845534 0.05075863 1.34223516 4.0256979 ]

Round_1_Replicate_1
3456    , -58042.8    , array([ 3.61322    ,  0.220861   ,  0.485917   ,  0.199843   ,  4.44064    ])
3457    , -59257.8    , array([ 3.85292    ,  0.220861   ,  0.485917   ,  0.199843   ,  4.44064    ])
3458    , -57426.5    , array([ 3.61322    ,  0.204797   ,  0.485917   ,  0.199843   ,  4.44064    ])
3459    , -56992      , array([ 3.61322    ,  0.220861   ,  0.468695   ,  0.199843   ,  4.44064    ])
3460    , -58037.5    , array([ 3.61322    ,  0.220861   ,  0.485917   ,  0.184384   ,  4.44064    ])
3461    , -58131.2    , array([ 3.61322    ,  0.220861   ,  0.485917   ,  0.199843   ,  4.78429    ])
3462    , -56172.9    , array([ 3.38844    ,  0.214289   ,  0.478953   ,  0.19351    ,  4.57503    ])
3463    , -54606.3    , array([ 3.17765    ,  0.211078   ,  0.475509   ,  0.190419   ,  4.64375    ])
3464    , -55930.6    , array([ 3.43225    ,  0.210441   ,  0.474823   ,  0.189807   ,  4.19607    ])
likelihood = -54606.3
theta = 1289.9
Optimized parameters = [3.17764569 0.21107756 0.47550917 0.19041878 4.64374719]

Round_1_Replicate_2
3465    , -259615     , array([ 0.705535   ,  0.894274   ,  7.13337    ,  2.37616    ,  3.80939    ])
3466    , -258285     , array([ 0.693338   ,  0.894274   ,  7.13337    ,  2.37616    ,  3.80939    ])
3467    , -259293     , array([ 0.705535   ,  0.889291   ,  7.13337    ,  2.37616    ,  3.80939    ])
3468    , -272837     , array([ 0.705535   ,  0.894274   ,  7.86972    ,  2.37616    ,  3.80939    ])
3469    , -259604     , array([ 0.705535   ,  0.894274   ,  7.13337    ,  2.48124    ,  3.80939    ])
3470    , -259632     , array([ 0.705535   ,  0.894274   ,  7.13337    ,  2.37616    ,  4.07285    ])
3471    , -245964     , array([ 0.700631   ,  0.892277   ,  6.46591    ,  2.41765    ,  3.91266    ])
3472    , -232911     , array([ 0.698191   ,  0.891281   ,  5.86091    ,  2.43866    ,  3.96535    ])
3473    , -248129     , array([ 0.697704   ,  0.891082   ,  6.59421    ,  2.44289    ,  3.62062    ])
likelihood = -232911.26
theta = 2199.98
Optimized parameters = [0.69819125 0.89128097 5.86091156 2.43866021 3.96534708]

Round_1_Replicate_3
3474    , -254933     , array([ 5.17595    ,  0.431826   ,  5.79382    ,  0.380096   ,  3.21772    ])
3475    , -256144     , array([ 5.6194     ,  0.431826   ,  5.79382    ,  0.380096   ,  3.21772    ])
3476    , -251033     , array([ 5.17595    ,  0.41407    ,  5.79382    ,  0.380096   ,  3.21772    ])
3477    , -264624     , array([ 5.17595    ,  0.431826   ,  6.32577    ,  0.380096   ,  3.21772    ])
3478    , -254930     , array([ 5.17595    ,  0.431826   ,  5.79382    ,  0.362149   ,  3.21772    ])
3479    , -254951     , array([ 5.17595    ,  0.431826   ,  5.79382    ,  0.380096   ,  3.41135    ])
3480    , -244434     , array([ 5.34897    ,  0.424634   ,  5.3066     ,  0.372813   ,  3.29382    ])
3481    , -234740     , array([ 5.43763    ,  0.421083   ,  4.86036    ,  0.369224   ,  3.33254    ])
3482    , -243911     , array([ 4.86249    ,  0.420376   ,  5.40065    ,  0.36851    ,  3.34034    ])
likelihood = -234739.61
theta = 1426.53
Optimized parameters = [5.43763421 0.42108291 4.86036021 0.3692238  3.33253956]

Round_1_Replicate_4
3483    , -195383     , array([ 0.221081   ,  3.45831    ,  7.1664     ,  0.144205   ,  7.80951    ])
3484    , -188933     , array([ 0.205012   ,  3.45831    ,  7.1664     ,  0.144205   ,  7.80951    ])
3485    , -196049     , array([ 0.221081   ,  3.67966    ,  7.1664     ,  0.144205   ,  7.80951    ])
3486    , -205212     , array([ 0.221081   ,  3.45831    ,  7.90799    ,  0.144205   ,  7.80951    ])
3487    , -195383     , array([ 0.221081   ,  3.45831    ,  7.1664     ,  0.130897   ,  7.80951    ])
3488    , -195384     , array([ 0.221081   ,  3.45831    ,  7.1664     ,  0.144205   ,  8.65476    ])
3489    , -183737     , array([ 0.214507   ,  3.54521    ,  6.49435    ,  0.138727   ,  8.13723    ])
3490    , -173789     , array([ 0.211294   ,  3.58947    ,  5.88533    ,  0.136066   ,  8.30621    ])
3491    , -183290     , array([ 0.210657   ,  3.29904    ,  6.62352    ,  0.13554    ,  8.34042    ])
likelihood = -173789.11
theta = 2601.93
Optimized parameters = [0.21129409 3.58946874 5.88533139 0.13606643 8.30620676]

Round_1_Replicate_5
3492    , -223874     , array([ 1.76057    ,  0.52214    ,  4.85191    ,  0.673409   ,  6.92636    ])
3493    , -224943     , array([ 1.81107    ,  0.52214    ,  4.85191    ,  0.673409   ,  6.92636    ])
3494    , -221386     , array([ 1.76057    ,  0.505448   ,  4.85191    ,  0.673409   ,  6.92636    ])
3495    , -233041     , array([ 1.76057    ,  0.52214    ,  5.25059    ,  0.673409   ,  6.92636    ])
3496    , -223874     , array([ 1.76057    ,  0.52214    ,  4.85191    ,  0.660226   ,  6.92636    ])
3497    , -223878     , array([ 1.76057    ,  0.52214    ,  4.85191    ,  0.673409   ,  7.6301     ])
3498    , -214357     , array([ 1.7806     ,  0.515398   ,  4.4835     ,  0.668104   ,  7.19971    ])
3499    , -205352     , array([ 1.7907     ,  0.51206    ,  4.14306    ,  0.665468   ,  7.34041    ])
3500    , -214305     , array([ 1.72313    ,  0.511395   ,  4.55487    ,  0.664942   ,  7.36888    ])
likelihood = -205351.94
theta = 1842.13
Optimized parameters = [1.79070073 0.51206    4.14306114 0.6654677  7.34040884]

Round_1_Replicate_6
3501    , -76934.7    , array([ 3.10414    ,  0.724991   ,  0.54829    ,  1.69787    ,  1.91125    ])
3502    , -78604.8    , array([ 3.28502    ,  0.724991   ,  0.54829    ,  1.69787    ,  1.91125    ])
3503    , -76567.1    , array([ 3.10414    ,  0.713427   ,  0.54829    ,  1.69787    ,  1.91125    ])
3504    , -75323.1    , array([ 3.10414    ,  0.724991   ,  0.53206    ,  1.69787    ,  1.91125    ])
3505    , -76941.7    , array([ 3.10414    ,  0.724991   ,  0.54829    ,  1.74342    ,  1.91125    ])
3506    , -76962.9    , array([ 3.10414    ,  0.724991   ,  0.54829    ,  1.69787    ,  1.97416    ])
3507    , -74473      , array([ 2.93322    ,  0.720343   ,  0.54174    ,  1.71595    ,  1.93617    ])
3508    , -72393.5    , array([ 2.77171    ,  0.71803    ,  0.538494   ,  1.72505    ,  1.94875    ])
3509    , -74306.4    , array([ 2.96663    ,  0.717569   ,  0.537847   ,  1.72688    ,  1.86477    ])
likelihood = -72393.47
theta = 1172.66
Optimized parameters = [2.77170545 0.71803047 0.53849375 1.72505475 1.94874903]

Round_1_Replicate_7
3510    , -25566.4    , array([ 0.592539   ,  0.785964   ,  0.148723   ,  0.225794   ,  0.227883   ])
3511    , -25106.3    , array([ 0.577235   ,  0.785964   ,  0.148723   ,  0.225794   ,  0.227883   ])
3512    , -25381.5    , array([ 0.592539   ,  0.776556   ,  0.148723   ,  0.225794   ,  0.227883   ])
3513    , -25034.9    , array([ 0.592539   ,  0.785964   ,  0.135207   ,  0.225794   ,  0.227883   ])
3514    , -26514.6    , array([ 0.592539   ,  0.785964   ,  0.148723   ,  0.209603   ,  0.227883   ])
3515    , -26365.5    , array([ 0.592539   ,  0.785964   ,  0.148723   ,  0.225794   ,  0.21164    ])
3516    , -24437.7    , array([ 0.586369   ,  0.782187   ,  0.143162   ,  0.243235   ,  0.221242   ])
3517    , -23372.4    , array([ 0.583309   ,  0.780305   ,  0.140459   ,  0.262024   ,  0.217994   ])
3518    , -23491.8    , array([ 0.582698   ,  0.77993    ,  0.139925   ,  0.239642   ,  0.241057   ])
likelihood = -23372.39
theta = 2915.79
Optimized parameters = [0.58330858 0.78030546 0.14045916 0.26202385 0.21799361]

Round_1_Replicate_8
3519    , -52662.8    , array([ 1.68723    ,  2.57604    ,  0.277767   ,  2.85259    ,  3.32949    ])
3520    , -53307.5    , array([ 1.73194    ,  2.57604    ,  0.277767   ,  2.85259    ,  3.32949    ])
3521    , -53801.4    , array([ 1.68723    ,  2.70085    ,  0.277767   ,  2.85259    ,  3.32949    ])
3522    , -49772.9    , array([ 1.68723    ,  2.57604    ,  0.260534   ,  2.85259    ,  3.32949    ])
3523    , -52563.1    , array([ 1.68723    ,  2.57604    ,  0.277767   ,  3.00609    ,  3.32949    ])
3524    , -52676.4    , array([ 1.68723    ,  2.57604    ,  0.277767   ,  2.85259    ,  3.53587    ])
3525    , -50603      , array([ 1.70497    ,  2.457      ,  0.270741   ,  2.91303    ,  3.41055    ])
3526    , -50026.9    , array([ 1.65057    ,  2.52775    ,  0.267981   ,  2.93756    ,  3.44353    ])
likelihood = -49772.9
theta = 887.3
Optimized parameters = [1.68722955 2.57604097 0.26053424 2.85259402 3.32948654]

Round_1_Replicate_9
3527    , -227310     , array([ 0.589742   ,  5.16405    ,  3.9181     ,  0.356665   ,  4.69636    ])
3528    , -224758     , array([ 0.574374   ,  5.16405    ,  3.9181     ,  0.356665   ,  4.69636    ])
3529    , -228628     , array([ 0.589742   ,  5.60583    ,  3.9181     ,  0.356665   ,  4.69636    ])
3530    , -235177     , array([ 0.589742   ,  5.16405    ,  4.19498    ,  0.356665   ,  4.69636    ])
3531    , -227309     , array([ 0.589742   ,  5.16405    ,  3.9181     ,  0.338746   ,  4.69636    ])
3532    , -227328     , array([ 0.589742   ,  5.16405    ,  3.9181     ,  0.356665   ,  5.07399    ])
3533    , -219167     , array([ 0.583546   ,  5.33642    ,  3.6595     ,  0.349386   ,  4.84392    ])
3534    , -211472     , array([ 0.580473   ,  5.42475    ,  3.41797    ,  0.345803   ,  4.91943    ])
3535    , -218497     , array([ 0.57986    ,  4.85173    ,  3.70982    ,  0.345091   ,  4.93467    ])
likelihood = -211472.37
theta = 1270.01
Optimized parameters = [0.5804727  5.42475022 3.41797121 0.34580292 4.91942707]

Round_1_Replicate_10
3536    , -184642     , array([ 2.01269    ,  2.76177    ,  1.31957    ,  4.60525    ,  4.02072    ])
3537    , -186986     , array([ 2.08433    ,  2.76177    ,  1.31957    ,  4.60525    ,  4.02072    ])
3538    , -187082     , array([ 2.01269    ,  2.90567    ,  1.31957    ,  4.60525    ,  4.02072    ])
3539    , -186223     , array([ 2.01269    ,  2.76177    ,  1.33799    ,  4.60525    ,  4.02072    ])
3540    , -184556     , array([ 2.01269    ,  2.76177    ,  1.31957    ,  4.97069    ,  4.02072    ])
3541    , -184622     , array([ 2.01269    ,  2.76177    ,  1.31957    ,  4.60525    ,  4.31041    ])
3542    , -183675     , array([ 2.04105    ,  2.62499    ,  1.32691    ,  4.74809    ,  4.13418    ])
3543    , -181893     , array([ 2.05537    ,  2.49499    ,  1.33059    ,  4.82116    ,  4.19211    ])
3544    , -181854     , array([ 1.9599     ,  2.65179    ,  1.33133    ,  4.8359     ,  4.20379    ])
3545    , -179326     , array([ 1.9005     ,  2.59846    ,  1.33725    ,  4.95553    ,  4.29843    ])
likelihood = -179325.58
theta = 807.64
Optimized parameters = [1.90050023 2.59846063 1.33725198 4.95552636 4.2984338 ]

Round_2_Replicate_1
3546    , -26277.1    , array([ 0.491545   ,  1.28698    ,  0.0871057  ,  0.10306    ,  0.369139   ])
3547    , -25662.4    , array([ 0.474397   ,  1.28698    ,  0.0871057  ,  0.10306    ,  0.369139   ])
3548    , -26440.8    , array([ 0.491545   ,  1.30332    ,  0.0871057  ,  0.10306    ,  0.369139   ])
3549    , -25810.1    , array([ 0.491545   ,  1.28698    ,  0.077099   ,  0.10306    ,  0.369139   ])
3550    , -26852.7    , array([ 0.491545   ,  1.28698    ,  0.0871057  ,  0.091991   ,  0.369139   ])
3551    , -27186.9    , array([ 0.491545   ,  1.28698    ,  0.0871057  ,  0.10306    ,  0.351196   ])
3552    , -25238.4    , array([ 0.484613   ,  1.29349    ,  0.0829559  ,  0.098481   ,  0.387999   ])
3553    , -24290.9    , array([ 0.481183   ,  1.29676    ,  0.0809558  ,  0.0962683  ,  0.407823   ])
3554    , -24552.8    , array([ 0.4805     ,  1.29741    ,  0.0805616  ,  0.112355   ,  0.384152   ])
3555    , -24229.4    , array([ 0.476152   ,  1.27882    ,  0.0780837  ,  0.103812   ,  0.390326   ])
3556    , -23190.9    , array([ 0.468637   ,  1.26675    ,  0.0739295  ,  0.10419    ,  0.401371   ])
3557    , -23203.3    , array([ 0.467148   ,  1.28687    ,  0.0731255  ,  0.104266   ,  0.403618   ])
likelihood = -23190.92
theta = 2637.8
Optimized parameters = [0.46863714 1.26674682 0.07392946 0.10419045 0.40137142]

Round_2_Replicate_2
3558    , -57299.1    , array([ 0.661516   ,  1.16881    ,  0.0692103  ,  0.169665   ,  0.0604699  ])
3559    , -56562      , array([ 0.647988   ,  1.16881    ,  0.0692103  ,  0.169665   ,  0.0604699  ])
3560    , -57474      , array([ 0.661516   ,  1.17797    ,  0.0692103  ,  0.169665   ,  0.0604699  ])
3561    , -57079.8    , array([ 0.661516   ,  1.16881    ,  0.0605591  ,  0.169665   ,  0.0604699  ])
3562    , -60881.6    , array([ 0.661516   ,  1.16881    ,  0.0692103  ,  0.155265   ,  0.0604699  ])
3563    , -59070.6    , array([ 0.661516   ,  1.16881    ,  0.0692103  ,  0.169665   ,  0.0525552  ])
3564    , -54142      , array([ 0.656071   ,  1.17247    ,  0.0656107  ,  0.185402   ,  0.0571702  ])
3565    , -50810      , array([ 0.653366   ,  1.1743     ,  0.0638817  ,  0.202597   ,  0.0555885  ])
3566    , -52696.9    , array([ 0.652826   ,  1.17466    ,  0.0635414  ,  0.182142   ,  0.0672729  ])
3567    , -52386.4    , array([ 0.649382   ,  1.16423    ,  0.061406   ,  0.187386   ,  0.0610152  ])
3568    , -50655.6    , array([ 0.644591   ,  1.1715     ,  0.0585365  ,  0.194981   ,  0.0612347  ])
3569    , -47519.1    , array([ 0.636292   ,  1.17285    ,  0.0538337  ,  0.209023   ,  0.0616208  ])
likelihood = -47519.13
theta = 2711.39
Optimized parameters = [0.63629209 1.17284661 0.05383371 0.20902253 0.06162075]

Round_2_Replicate_3
3570    , -25882.4    , array([ 0.840793   ,  0.281848   ,  0.402787   ,  0.067258   ,  0.522476   ])
3571    , -25727.4    , array([ 0.833535   ,  0.281848   ,  0.402787   ,  0.067258   ,  0.522476   ])
3572    , -25389.3    , array([ 0.840793   ,  0.264555   ,  0.402787   ,  0.067258   ,  0.522476   ])
3573    , -25112.8    , array([ 0.840793   ,  0.281848   ,  0.384883   ,  0.067258   ,  0.522476   ])
3574    , -26001      , array([ 0.840793   ,  0.281848   ,  0.402787   ,  0.0587667  ,  0.522476   ])
3575    , -26086.2    , array([ 0.840793   ,  0.281848   ,  0.402787   ,  0.067258   ,  0.505789   ])
3576    , -25160      , array([ 0.837882   ,  0.2748     ,  0.395528   ,  0.0637234  ,  0.539713   ])
3577    , -24901.1    , array([ 0.836721   ,  0.27203    ,  0.392661   ,  0.0753318  ,  0.529304   ])
3578    , -24359      , array([ 0.834692   ,  0.267249   ,  0.387694   ,  0.0852908  ,  0.532751   ])
3579    , -24436.5    , array([ 0.834287   ,  0.266303   ,  0.386708   ,  0.0723818  ,  0.533443   ])
3580    , -24102.1    , array([ 0.841855   ,  0.260328   ,  0.380457   ,  0.074539   ,  0.537894   ])
3581    , -23367.2    , array([ 0.846047   ,  0.250192   ,  0.369761   ,  0.0784699  ,  0.545773   ])
likelihood = -23367.22
theta = 3250.74
Optimized parameters = [0.84604682 0.25019186 0.36976088 0.0784699  0.54577303]

Round_2_Replicate_4
3582    , -19700.1    , array([ 0.161485   ,  2.90039    ,  0.0401037  ,  0.332556   ,  0.499128   ])
3583    , -19984.9    , array([ 0.147414   ,  2.90039    ,  0.0401037  ,  0.332556   ,  0.499128   ])
3584    , -20155.2    , array([ 0.161485   ,  3.059      ,  0.0401037  ,  0.332556   ,  0.499128   ])
3585    , -19535.4    , array([ 0.161485   ,  2.90039    ,  0.0341463  ,  0.332556   ,  0.499128   ])
3586    , -19807.6    , array([ 0.161485   ,  2.90039    ,  0.0401037  ,  0.314745   ,  0.499128   ])
3587    , -19782      , array([ 0.161485   ,  2.90039    ,  0.0401037  ,  0.332556   ,  0.482084   ])
3588    , -19361      , array([ 0.155703   ,  2.75001    ,  0.0376052  ,  0.325314   ,  0.49224    ])
3589    , -18972.8    , array([ 0.152889   ,  2.60742    ,  0.036415   ,  0.321752   ,  0.488831   ])
3590    , -19160.3    , array([ 0.173071   ,  2.77945    ,  0.0361815  ,  0.321044   ,  0.488152   ])
3591    , -19047.1    , array([ 0.16243    ,  2.7325     ,  0.0347222  ,  0.341912   ,  0.483829   ])
3592    , -18790.1    , array([ 0.16281    ,  2.66809    ,  0.0327775  ,  0.32721    ,  0.50166    ])
3593    , -18323.3    , array([ 0.163476   ,  2.55901    ,  0.0296328  ,  0.32457    ,  0.511744   ])
likelihood = -18323.26
theta = 2132.55
Optimized parameters = [0.16347622 2.55901027 0.02963277 0.32456976 0.51174369]

Round_2_Replicate_5
3594    , -14357.2    , array([ 0.273769   ,  2.05502    ,  0.0447188  ,  0.665081   ,  0.360469   ])
3595    , -14407.5    , array([ 0.256599   ,  2.05502    ,  0.0447188  ,  0.665081   ,  0.360469   ])
3596    , -14682.7    , array([ 0.273769   ,  2.13038    ,  0.0447188  ,  0.665081   ,  0.360469   ])
3597    , -14192      , array([ 0.273769   ,  2.05502    ,  0.0382837  ,  0.665081   ,  0.360469   ])
3598    , -14448.5    , array([ 0.273769   ,  2.05502    ,  0.0447188  ,  0.651656   ,  0.360469   ])
3599    , -14439.6    , array([ 0.273769   ,  2.05502    ,  0.0447188  ,  0.665081   ,  0.34254    ])
3600    , -14049.1    , array([ 0.266767   ,  1.98233    ,  0.0420242  ,  0.659678   ,  0.353188   ])
3601    , -13741.6    , array([ 0.263334   ,  1.91221    ,  0.0407384  ,  0.656993   ,  0.349602   ])
3602    , -14006.7    , array([ 0.262652   ,  1.99666    ,  0.040486   ,  0.675469   ,  0.34889    ])
3603    , -13852.6    , array([ 0.258333   ,  1.97378    ,  0.0389074  ,  0.66595    ,  0.369858   ])
3604    , -13669.1    , array([ 0.276364   ,  1.94219    ,  0.0368001  ,  0.666297   ,  0.355096   ])
3605    , -13340.2    , array([ 0.28681    ,  1.88812    ,  0.0333832  ,  0.666906   ,  0.352439   ])
likelihood = -13340.17
theta = 2210.09
Optimized parameters = [0.28680988 1.88811943 0.03338319 0.66690646 0.35243901]

Round_2_Replicate_6
3606    , -31977.9    , array([ 0.510004   ,  2.66657    ,  0.0943677  ,  0.402138   ,  0.106413   ])
3607    , -31311.8    , array([ 0.49312    ,  2.66657    ,  0.0943677  ,  0.402138   ,  0.106413   ])
3608    , -32494      , array([ 0.510004   ,  2.8006     ,  0.0943677  ,  0.402138   ,  0.106413   ])
3609    , -31633.1    , array([ 0.510004   ,  2.66657    ,  0.0838618  ,  0.402138   ,  0.106413   ])
3610    , -32946.5    , array([ 0.510004   ,  2.66657    ,  0.0943677  ,  0.384232   ,  0.106413   ])
3611    , -32357.1    , array([ 0.510004   ,  2.66657    ,  0.0943677  ,  0.402138   ,  0.095136   ])
3612    , -30977.5    , array([ 0.503182   ,  2.7194     ,  0.090016   ,  0.420878   ,  0.10175    ])
3613    , -30024.2    , array([ 0.499805   ,  2.7462     ,  0.087916   ,  0.440492   ,  0.0994958  ])
3614    , -30423.5    , array([ 0.499133   ,  2.56902    ,  0.0875019  ,  0.417061   ,  0.099051   ])
3615    , -29831.6    , array([ 0.494849   ,  2.65822    ,  0.0848976  ,  0.423185   ,  0.112594   ])
3616    , -28644.8    , array([ 0.487442   ,  2.65405    ,  0.0805251  ,  0.434118   ,  0.12249    ])
3617    , -28911.4    , array([ 0.485973   ,  2.65322    ,  0.079678   ,  0.436338   ,  0.106489   ])
likelihood = -28644.77
theta = 2022.68
Optimized parameters = [0.4874416  2.65404988 0.08052511 0.43411775 0.12248975]

Round_2_Replicate_7
3618    , -14854.1    , array([ 0.65991    ,  0.699289   ,  0.217335   ,  0.661016   ,  0.0998332  ])
3619    , -14613.3    , array([ 0.646337   ,  0.699289   ,  0.217335   ,  0.661016   ,  0.0998332  ])
3620    , -14666.1    , array([ 0.65991    ,  0.686894   ,  0.217335   ,  0.661016   ,  0.0998332  ])
3621    , -14431.5    , array([ 0.65991    ,  0.699289   ,  0.201366   ,  0.661016   ,  0.0998332  ])
3622    , -15145.1    , array([ 0.65991    ,  0.699289   ,  0.217335   ,  0.647474   ,  0.0998332  ])
3623    , -14726.4    , array([ 0.65991    ,  0.699289   ,  0.217335   ,  0.661016   ,  0.088969   ])
3624    , -14177.7    , array([ 0.654447   ,  0.694304   ,  0.2108     ,  0.674841   ,  0.0953368  ])
3625    , -13707.5    , array([ 0.651732   ,  0.691825   ,  0.207607   ,  0.688955   ,  0.0931651  ])
3626    , -14009      , array([ 0.65119    ,  0.691331   ,  0.206975   ,  0.672053   ,  0.0927368  ])
3627    , -13834      , array([ 0.647735   ,  0.688173   ,  0.20297    ,  0.676519   ,  0.105802   ])
3628    , -13593.3    , array([ 0.642928   ,  0.701112   ,  0.197494   ,  0.682821   ,  0.0965038  ])
3629    , -13094.5    , array([ 0.634602   ,  0.708332   ,  0.188263   ,  0.693993   ,  0.094881   ])
likelihood = -13094.48
theta = 2792.67
Optimized parameters = [0.63460221 0.7083317  0.18826342 0.6939926  0.09488098]

Round_2_Replicate_8
3630    , -35328      , array([ 1.12645    ,  0.305341   ,  0.512914   ,  0.284885   ,  0.359201   ])
3631    , -35451.3    , array([ 1.13318    ,  0.305341   ,  0.512914   ,  0.284885   ,  0.359201   ])
3632    , -34756.8    , array([ 1.12645    ,  0.287756   ,  0.512914   ,  0.284885   ,  0.359201   ])
3633    , -34515.8    , array([ 1.12645    ,  0.305341   ,  0.496075   ,  0.284885   ,  0.359201   ])
3634    , -35600      , array([ 1.12645    ,  0.305341   ,  0.512914   ,  0.267548   ,  0.359201   ])
3635    , -35329.1    , array([ 1.12645    ,  0.305341   ,  0.512914   ,  0.284885   ,  0.341275   ])
3636    , -34537.1    , array([ 1.12913    ,  0.298182   ,  0.506111   ,  0.303344   ,  0.35192    ])
3637    , -34334.9    , array([ 1.12083    ,  0.295366   ,  0.503415   ,  0.29213    ,  0.349049   ])
3638    , -33789.2    , array([ 1.11471    ,  0.2905     ,  0.498732   ,  0.295821   ,  0.344081   ])
3639    , -33865.1    , array([ 1.12281    ,  0.289537   ,  0.4978     ,  0.296565   ,  0.368589   ])
3640    , -33294.7    , array([ 1.12135    ,  0.283447   ,  0.49188    ,  0.30137    ,  0.353828   ])
3641    , -32343.4    , array([ 1.11881    ,  0.273095   ,  0.481688   ,  0.309967   ,  0.351171   ])
likelihood = -32343.36
theta = 2806.68
Optimized parameters = [1.11881346 0.27309542 0.48168817 0.30996673 0.35117124]

Round_2_Replicate_9
3642    , -24965.9    , array([ 1.32796    ,  0.698367   ,  0.257304   ,  0.948766   ,  0.497785   ])
3643    , -25208.4    , array([ 1.34693    ,  0.698367   ,  0.257304   ,  0.948766   ,  0.497785   ])
3644    , -24782.3    , array([ 1.32796    ,  0.685942   ,  0.257304   ,  0.948766   ,  0.497785   ])
3645    , -23728.8    , array([ 1.32796    ,  0.698367   ,  0.240419   ,  0.948766   ,  0.497785   ])
3646    , -24985.7    , array([ 1.32796    ,  0.698367   ,  0.257304   ,  0.946274   ,  0.497785   ])
3647    , -24896      , array([ 1.32796    ,  0.698367   ,  0.257304   ,  0.948766   ,  0.480722   ])
3648    , -24132.3    , array([ 1.30926    ,  0.69337    ,  0.250412   ,  0.947768   ,  0.490889   ])
3649    , -24015.1    , array([ 1.32045    ,  0.691382   ,  0.247707   ,  0.950864   ,  0.488157   ])
3650    , -23666.9    , array([ 1.31746    ,  0.688607   ,  0.24397    ,  0.949205   ,  0.484358   ])
3651    , -23049.5    , array([ 1.31224    ,  0.683779   ,  0.237564   ,  0.949425   ,  0.47778    ])
3652    , -23003.3    , array([ 1.31119    ,  0.682817   ,  0.236303   ,  0.949469   ,  0.50032    ])
3653    , -22108.7    , array([ 1.30289    ,  0.675173   ,  0.226455   ,  0.94982    ,  0.510416   ])
likelihood = -22108.7
theta = 1979.24
Optimized parameters = [1.30288992 0.67517275 0.22645471 0.94982012 0.51041606]

Round_2_Replicate_10
3654    , -19015.7    , array([ 0.730733   ,  0.442854   ,  0.246526   ,  0.114022   ,  0.593483   ])
3655    , -18783.4    , array([ 0.719361   ,  0.442854   ,  0.246526   ,  0.114022   ,  0.593483   ])
3656    , -18616.3    , array([ 0.730733   ,  0.42518    ,  0.246526   ,  0.114022   ,  0.593483   ])
3657    , -18226.9    , array([ 0.730733   ,  0.442854   ,  0.229856   ,  0.114022   ,  0.593483   ])
3658    , -19209.1    , array([ 0.730733   ,  0.442854   ,  0.246526   ,  0.102291   ,  0.593483   ])
3659    , -19239.7    , array([ 0.730733   ,  0.442854   ,  0.246526   ,  0.114022   ,  0.578201   ])
3660    , -18298.4    , array([ 0.726163   ,  0.435698   ,  0.239718   ,  0.109176   ,  0.609169   ])
3661    , -17960.5    , array([ 0.724343   ,  0.432868   ,  0.237047   ,  0.124909   ,  0.599709   ])
3662    , -17341.3    , array([ 0.721168   ,  0.42796    ,  0.232446   ,  0.13803    ,  0.602846   ])
3663    , -17510.5    , array([ 0.720535   ,  0.426985   ,  0.231536   ,  0.120959   ,  0.603475   ])
3664    , -17248.7    , array([ 0.732404   ,  0.420798   ,  0.225798   ,  0.123851   ,  0.607519   ])
3665    , -16540.9    , array([ 0.739014   ,  0.410186   ,  0.216097   ,  0.129078   ,  0.614661   ])
likelihood = -16540.88
theta = 3080.59
Optimized parameters = [0.73901396 0.41018567 0.21609737 0.12907834 0.61466068]

Round_3_Replicate_1
3666    , -27815.8    , array([ 0.431256   ,  0.448558   ,  0.277599   ,  0.196637   ,  0.0485935  ])
3667    , -27046.4    , array([ 0.413496   ,  0.448558   ,  0.277599   ,  0.196637   ,  0.0485935  ])
3668    , -27134.4    , array([ 0.431256   ,  0.430932   ,  0.277599   ,  0.196637   ,  0.0485935  ])
3669    , -27545.7    , array([ 0.431256   ,  0.448558   ,  0.260369   ,  0.196637   ,  0.0485935  ])
3670    , -29899.3    , array([ 0.431256   ,  0.448558   ,  0.277599   ,  0.181279   ,  0.0485935  ])
3671    , -28336.2    , array([ 0.431256   ,  0.448558   ,  0.277599   ,  0.196637   ,  0.0417741  ])
3672    , -25332.6    , array([ 0.424062   ,  0.441423   ,  0.270574   ,  0.213295   ,  0.0457415  ])
3673    , -23167      , array([ 0.420511   ,  0.437898   ,  0.267129   ,  0.231365   ,  0.0443788  ])
3674    , -24772.1    , array([ 0.419804   ,  0.437196   ,  0.266445   ,  0.209854   ,  0.0545115  ])
3675    , -24104.3    , array([ 0.415309   ,  0.432733   ,  0.26211    ,  0.215387   ,  0.0490661  ])
3676    , -23070.8    , array([ 0.409096   ,  0.42656    ,  0.280201   ,  0.223379   ,  0.0492564  ])
3677    , -21049.1    , array([ 0.398447   ,  0.415969   ,  0.290677   ,  0.238084   ,  0.0495912  ])
3678    , -21079.8    , array([ 0.396351   ,  0.437774   ,  0.267693   ,  0.241139   ,  0.0496584  ])
3679    , -19027.4    , array([ 0.406431   ,  0.416499   ,  0.263831   ,  0.261643   ,  0.0500909  ])
3680    , -15678      , array([ 0.402943   ,  0.401339   ,  0.257205   ,  0.301808   ,  0.0508568  ])
3681    , -17176.9    , array([ 0.393813   ,  0.412943   ,  0.271022   ,  0.283518   ,  0.0434303  ])
3682    , -15472.2    , array([ 0.389703   ,  0.409463   ,  0.279215   ,  0.308335   ,  0.045952   ])
3683    , -12026.2    , array([ 0.377498   ,  0.398302   ,  0.288181   ,  0.368913   ,  0.0444699  ])
3684    , -12455.9    , array([ 0.368623   ,  0.389581   ,  0.282409   ,  0.345935   ,  0.0508472  ])
likelihood = -12026.22
theta = 4041.56
Optimized parameters = [0.37749823 0.39830169 0.28818118 0.36891347 0.04446994]

Round_3_Replicate_2
3685    , -20862.9    , array([ 0.522245   ,  0.333535   ,  0.088332   ,  0.208134   ,  0.0619534  ])
3686    , -20408.3    , array([ 0.505554   ,  0.333535   ,  0.088332   ,  0.208134   ,  0.0619534  ])
3687    , -20091.4    , array([ 0.522245   ,  0.315717   ,  0.088332   ,  0.208134   ,  0.0619534  ])
3688    , -20718.1    , array([ 0.522245   ,  0.333535   ,  0.0782391  ,  0.208134   ,  0.0619534  ])
3689    , -22445.1    , array([ 0.522245   ,  0.333535   ,  0.088332   ,  0.192424   ,  0.0619534  ])
3690    , -21545.6    , array([ 0.522245   ,  0.333535   ,  0.088332   ,  0.208134   ,  0.0539098  ])
3691    , -19063.6    , array([ 0.515503   ,  0.32629    ,  0.0841473  ,  0.225126   ,  0.0586011  ])
3692    , -17467.3    , array([ 0.512165   ,  0.322727   ,  0.0821299  ,  0.243505   ,  0.0569937  ])
3693    , -18315.1    , array([ 0.5115     ,  0.322019   ,  0.0817323  ,  0.22162    ,  0.0688599  ])
3694    , -17989      , array([ 0.507265   ,  0.317525   ,  0.0792326  ,  0.227256   ,  0.0625072  ])
3695    , -17106.5    , array([ 0.501394   ,  0.311338   ,  0.0899063  ,  0.235388   ,  0.0627302  ])
3696    , -15499.4    , array([ 0.491283   ,  0.3008     ,  0.096377   ,  0.250326   ,  0.0631222  ])
3697    , -15556.9    , array([ 0.512048   ,  0.298736   ,  0.082459   ,  0.253425   ,  0.0632009  ])
3698    , -14123.2    , array([ 0.49179    ,  0.308692   ,  0.0802207  ,  0.274191   ,  0.0637069  ])
3699    , -11637      , array([ 0.477235   ,  0.305239   ,  0.0764488  ,  0.314708   ,  0.0646022  ])
3700    , -12882.7    , array([ 0.488384   ,  0.296241   ,  0.0844115  ,  0.296282   ,  0.0558724  ])
3701    , -11505.8    , array([ 0.485047   ,  0.292211   ,  0.0893079  ,  0.321274   ,  0.0588492  ])
3702    , -8990.74    , array([ 0.474306   ,  0.280321   ,  0.0948163  ,  0.381993   ,  0.0571013  ])
3703    , -9154.16    , array([ 0.465873   ,  0.271749   ,  0.0912526  ,  0.359006   ,  0.064591   ])
likelihood = -8990.74
theta = 4080.32
Optimized parameters = [0.47430582 0.28032135 0.09481632 0.38199289 0.05710131]

Round_3_Replicate_3
3704    , -10940.8    , array([ 0.687411   ,  0.865345   ,  0.111833   ,  0.859898   ,  0.0315541  ])
3705    , -10770.5    , array([ 0.674648   ,  0.865345   ,  0.111833   ,  0.859898   ,  0.0315541  ])
3706    , -10875.2    , array([ 0.687411   ,  0.859109   ,  0.111833   ,  0.859898   ,  0.0315541  ])
3707    , -10862      , array([ 0.687411   ,  0.865345   ,  0.10023    ,  0.859898   ,  0.0315541  ])
3708    , -11046.8    , array([ 0.687411   ,  0.865345   ,  0.111833   ,  0.853433   ,  0.0315541  ])
3709    , -10910      , array([ 0.687411   ,  0.865345   ,  0.111833   ,  0.859898   ,  0.0265465  ])
3710    , -10698.2    , array([ 0.682277   ,  0.862845   ,  0.107039   ,  0.866412   ,  0.0294467  ])
3711    , -10530.6    , array([ 0.679725   ,  0.861598   ,  0.104719   ,  0.872976   ,  0.0284464  ])
3712    , -10642.1    , array([ 0.679215   ,  0.861349   ,  0.104262   ,  0.865105   ,  0.0282504  ])
3713    , -10554.3    , array([ 0.675964   ,  0.859756   ,  0.101379   ,  0.867197   ,  0.0344254  ])
3714    , -10479.5    , array([ 0.671439   ,  0.866256   ,  0.0974757  ,  0.870134   ,  0.029989   ])
3715    , -10302      , array([ 0.663593   ,  0.869852   ,  0.0910038  ,  0.875298   ,  0.0292358  ])
3716    , -10253.4    , array([ 0.662035   ,  0.861803   ,  0.104639   ,  0.876334   ,  0.0290874  ])
3717    , -9959.48    , array([ 0.6497     ,  0.860038   ,  0.106915   ,  0.88467    ,  0.0279274  ])
3718    , -10050.4    , array([ 0.664468   ,  0.859686   ,  0.0921104  ,  0.886347   ,  0.027701   ])
3719    , -9917.1     , array([ 0.654231   ,  0.863006   ,  0.0940217  ,  0.889601   ,  0.0306982  ])
3720    , -9574.76    , array([ 0.642085   ,  0.863836   ,  0.0892852  ,  0.902108   ,  0.0320005  ])
3721    , -9641.98    , array([ 0.643994   ,  0.866244   ,  0.0919051  ,  0.901577   ,  0.0244664  ])
3722    , -9326.85    , array([ 0.626747   ,  0.866254   ,  0.0844468  ,  0.907233   ,  0.0278766  ])
3723    , -8809.64    , array([ 0.601828   ,  0.868591   ,  0.0758336  ,  0.924862   ,  0.027596   ])
likelihood = -8809.64
theta = 2602.81
Optimized parameters = [0.60182797 0.868591   0.07583356 0.9248622  0.02759599]

Round_3_Replicate_4
3724    , -17679.5    , array([ 0.655988   ,  0.358406   ,  0.0946305  ,  0.316976   ,  0.047015   ])
3725    , -17414.9    , array([ 0.642304   ,  0.358406   ,  0.0946305  ,  0.316976   ,  0.047015   ])
3726    , -17089.9    , array([ 0.655988   ,  0.340482   ,  0.0946305  ,  0.316976   ,  0.047015   ])
3727    , -17556.6    , array([ 0.655988   ,  0.358406   ,  0.0841071  ,  0.316976   ,  0.047015   ])
3728    , -18775.8    , array([ 0.655988   ,  0.358406   ,  0.0946305  ,  0.29928    ,  0.047015   ])
3729    , -17961.8    , array([ 0.655988   ,  0.358406   ,  0.0946305  ,  0.316976   ,  0.0403505  ])
3730    , -16358.2    , array([ 0.65048    ,  0.351126   ,  0.0902717  ,  0.335718   ,  0.0442264  ])
3731    , -15232.5    , array([ 0.647743   ,  0.347542   ,  0.0881682  ,  0.355569   ,  0.0428947  ])
3732    , -16019.2    , array([ 0.647197   ,  0.346829   ,  0.0877534  ,  0.331883   ,  0.052807   ])
3733    , -15673.2    , array([ 0.643714   ,  0.342304   ,  0.0851446  ,  0.338041   ,  0.0474772  ])
3734    , -15084.9    , array([ 0.638869   ,  0.336067   ,  0.0962688  ,  0.346853   ,  0.0476634  ])
3735    , -13984.1    , array([ 0.630478   ,  0.325425   ,  0.102994   ,  0.362832   ,  0.0479909  ])
3736    , -13947.5    , array([ 0.647647   ,  0.323338   ,  0.0885115  ,  0.366115   ,  0.0480567  ])
3737    , -12520.9    , array([ 0.650335   ,  0.307112   ,  0.085602   ,  0.393471   ,  0.0485862  ])
3738    , -12449.6    , array([ 0.631946   ,  0.326602   ,  0.0850316  ,  0.399183   ,  0.0486928  ])
3739    , -10561      , array([ 0.620257   ,  0.319875   ,  0.0806038  ,  0.447966   ,  0.049554   ])
3740    , -11230.7    , array([ 0.629728   ,  0.310415   ,  0.0886307  ,  0.42985    ,  0.0422634  ])
3741    , -10099.4    , array([ 0.627597   ,  0.302454   ,  0.0928243  ,  0.464594   ,  0.0448706  ])
3742    , -8142.69    , array([ 0.61969    ,  0.284304   ,  0.0969201  ,  0.54466    ,  0.0436214  ])
3743    , -8239.18    , array([ 0.612745   ,  0.2749     ,  0.0930995  ,  0.523841   ,  0.0499991  ])
likelihood = -8142.69
theta = 3625.63
Optimized parameters = [0.61969049 0.28430445 0.09692008 0.54465993 0.04362143]

Round_3_Replicate_5
3744    , -9714.26    , array([ 0.530837   ,  0.824303   ,  0.256239   ,  0.906798   ,  0.0443799  ])
3745    , -9494.74    , array([ 0.514291   ,  0.824303   ,  0.256239   ,  0.906798   ,  0.0443799  ])
3746    , -9631.52    , array([ 0.530837   ,  0.816378   ,  0.256239   ,  0.906798   ,  0.0443799  ])
3747    , -9475.75    , array([ 0.530837   ,  0.824303   ,  0.239374   ,  0.906798   ,  0.0443799  ])
3748    , -9767.78    , array([ 0.530837   ,  0.824303   ,  0.256239   ,  0.902373   ,  0.0443799  ])
3749    , -9415.19    , array([ 0.530837   ,  0.824303   ,  0.256239   ,  0.906798   ,  0.0379792  ])
3750    , -9325.07    , array([ 0.524156   ,  0.821124   ,  0.249355   ,  0.911244   ,  0.0416995  ])
3751    , -9113.61    , array([ 0.520847   ,  0.819539   ,  0.245983   ,  0.915713   ,  0.0404206  ])
3752    , -9144.82    , array([ 0.520187   ,  0.819222   ,  0.245314   ,  0.910353   ,  0.0401695  ])
3753    , -9046.13    , array([ 0.515988   ,  0.828326   ,  0.241075   ,  0.911779   ,  0.0385994  ])
3754    , -8791.17    , array([ 0.50872    ,  0.834366   ,  0.233833   ,  0.914281   ,  0.0359979  ])
3755    , -8919.23    , array([ 0.530272   ,  0.824354   ,  0.232411   ,  0.914782   ,  0.0354991  ])
3756    , -8680.44    , array([ 0.513526   ,  0.824374   ,  0.245865   ,  0.917995   ,  0.032466   ])
3757    , -8318.13    , array([ 0.505083   ,  0.82441    ,  0.249176   ,  0.923645   ,  0.0277684  ])
3758    , -8333.6     , array([ 0.503411   ,  0.824417   ,  0.227129   ,  0.924779   ,  0.0334712  ])
3759    , -8282.61    , array([ 0.507025   ,  0.83163    ,  0.230047   ,  0.926979   ,  0.0294192  ])
3760    , -7939.81    , array([ 0.500569   ,  0.837905   ,  0.222774   ,  0.935405   ,  0.0251767  ])
3761    , -7932.95    , array([ 0.498404   ,  0.838712   ,  0.220505   ,  0.92943    ,  0.0241927  ])
3762    , -7566.28    , array([ 0.487547   ,  0.848466   ,  0.208773   ,  0.936366   ,  0.0187165  ])
3763    , -7504       , array([ 0.473368   ,  0.843483   ,  0.22358    ,  0.939096   ,  0.0213241  ])
3764    , -7017.22    , array([ 0.447249   ,  0.853214   ,  0.219291   ,  0.951494   ,  0.0165272  ])
likelihood = -7017.22
theta = 2841.21
Optimized parameters = [0.4472487  0.85321415 0.21929062 0.95149411 0.01652719]

Round_4_Replicate_1
3765    , -8123.08    , array([ 0.297033   ,  0.647728   ,  0.370465   ,  0.570699   ,  0.0101     ])
3766    , -7868.6     , array([ 0.279541   ,  0.647728   ,  0.370465   ,  0.570699   ,  0.0101     ])
3767    , -7935.27    , array([ 0.297033   ,  0.633815   ,  0.370465   ,  0.570699   ,  0.0101     ])
3768    , -8078.41    , array([ 0.297033   ,  0.647728   ,  0.352521   ,  0.570699   ,  0.0101     ])
3769    , -8427.77    , array([ 0.297033   ,  0.647728   ,  0.370465   ,  0.554917   ,  0.0101     ])
3771    , -8210.81    , array([ 0.289909   ,  0.642126   ,  0.36318    ,  0.564333   ,  0.0127088  ])
3772    , -7667.22    , array([ 0.287107   ,  0.639899   ,  0.360307   ,  0.584303   ,  0.0110722  ])
3773    , -7320.58    , array([ 0.282269   ,  0.636021   ,  0.355332   ,  0.599575   ,  0.0115929  ])
3775    , -8026.62    , array([ 0.29019    ,  0.64235    ,  0.363469   ,  0.570315   ,  0.0114868  ])
3776    , -7564.01    , array([ 0.28142    ,  0.635336   ,  0.354458   ,  0.581922   ,  0.0112362  ])
3777    , -7430.93    , array([ 0.275407   ,  0.630446   ,  0.373319   ,  0.586473   ,  0.0117258  ])
3778    , -7229.5     , array([ 0.276067   ,  0.630986   ,  0.365967   ,  0.593463   ,  0.0103953  ])
3780    , -7104.96    , array([ 0.261925   ,  0.638339   ,  0.357306   ,  0.602415   ,  0.0119598  ])
3781    , -6811.26    , array([ 0.245959   ,  0.640614   ,  0.350903   ,  0.618927   ,  0.0130144  ])
3782    , -6690.31    , array([ 0.264425   ,  0.621874   ,  0.349636   ,  0.622284   ,  0.0132363  ])
3783    , -6199.56    , array([ 0.257177   ,  0.609337   ,  0.339665   ,  0.649799   ,  0.0151526  ])
3784    , -6459.35    , array([ 0.253363   ,  0.623496   ,  0.359247   ,  0.637817   ,  0.0134095  ])
3785    , -6208.41    , array([ 0.250398   ,  0.625552   ,  0.335895   ,  0.654475   ,  0.0135582  ])
3786    , -5994.33    , array([ 0.232879   ,  0.615966   ,  0.345045   ,  0.663005   ,  0.0146     ])
3787    , -5617.02    , array([ 0.211526   ,  0.606177   ,  0.340014   ,  0.697194   ,  0.0163846  ])
3788    , -5641.12    , array([ 0.214052   ,  0.610999   ,  0.325305   ,  0.714416   ,  0.019532   ])
3789    , -5256.75    , array([ 0.227265   ,  0.590529   ,  0.329145   ,  0.725487   ,  0.0183522  ])
3790    , -4702.14    , array([ 0.218458   ,  0.566975   ,  0.318777   ,  0.78546    ,  0.0217931  ])
3791    , -4999.57    , array([ 0.207923   ,  0.584112   ,  0.306491   ,  0.765145   ,  0.0216304  ])
likelihood = -4702.14
theta = 4008.41
Optimized parameters = [0.21845835 0.56697518 0.31877673 0.78546047 0.02179313]

Round_4_Replicate_2
3792    , -8988.58    , array([ 0.784609   ,  0.516514   ,  0.139848   ,  0.818654   ,  0.0296692  ])
3793    , -8876.71    , array([ 0.77515    ,  0.516514   ,  0.139848   ,  0.818654   ,  0.0296692  ])
3794    , -8798.13    , array([ 0.784609   ,  0.499731   ,  0.139848   ,  0.818654   ,  0.0296692  ])
3795    , -8903.14    , array([ 0.784609   ,  0.516514   ,  0.126747   ,  0.818654   ,  0.0296692  ])
3796    , -9103.97    , array([ 0.784609   ,  0.516514   ,  0.139848   ,  0.810504   ,  0.0296692  ])
3797    , -8927.71    , array([ 0.784609   ,  0.516514   ,  0.139848   ,  0.818654   ,  0.0248841  ])
3798    , -8695.74    , array([ 0.780812   ,  0.509735   ,  0.134453   ,  0.826885   ,  0.0276537  ])
3799    , -8501.7     , array([ 0.77892    ,  0.506378   ,  0.131833   ,  0.8352     ,  0.0266978  ])
3800    , -8617.86    , array([ 0.778542   ,  0.505709   ,  0.131316   ,  0.825232   ,  0.0265106  ])
3801    , -8545.55    , array([ 0.776129   ,  0.501451   ,  0.128051   ,  0.827879   ,  0.0324193  ])
3802    , -8434.8     , array([ 0.772762   ,  0.495549   ,  0.141865   ,  0.831598   ,  0.0281721  ])
3803    , -8215.01    , array([ 0.766906   ,  0.485388   ,  0.150087   ,  0.838146   ,  0.0274521  ])
3804    , -8211.88    , array([ 0.778854   ,  0.483381   ,  0.132262   ,  0.839462   ,  0.0273103  ])
3805    , -7919.39    , array([ 0.780712   ,  0.46762    ,  0.128624   ,  0.850063   ,  0.0262021  ])
3806    , -7930.31    , array([ 0.767933   ,  0.486517   ,  0.127909   ,  0.8522     ,  0.0259859  ])
3807    , -7834.29    , array([ 0.769682   ,  0.473383   ,  0.134795   ,  0.85635    ,  0.0288504  ])
3808    , -7486.22    , array([ 0.765289   ,  0.458003   ,  0.136568   ,  0.872347   ,  0.0300966  ])
3809    , -7485.06    , array([ 0.767744   ,  0.460406   ,  0.141839   ,  0.871666   ,  0.0229009  ])
3810    , -7025.28    , array([ 0.763585   ,  0.441161   ,  0.14928    ,  0.89442    ,  0.0192476  ])
3811    , -7003.65    , array([ 0.758932   ,  0.431463   ,  0.144791   ,  0.888029   ,  0.0243973  ])
3812    , -6431.1     , array([ 0.749131   ,  0.39827    ,  0.15174    ,  0.915684   ,  0.0233224  ])
3813    , -6605.99    , array([ 0.763624   ,  0.415877   ,  0.12774    ,  0.916786   ,  0.0222291  ])
3814    , -6383.63    , array([ 0.760888   ,  0.389675   ,  0.14981    ,  0.928403   ,  0.0220613  ])
3815    , -5915.81    , array([ 0.75739    ,  0.348742   ,  0.162129   ,  0.969024   ,  0.0203273  ])
3816    , -5679.21    , array([ 0.73941    ,  0.360539   ,  0.163431   ,  0.980799   ,  0.0197666  ])
3817    , -5069.75    , array([ 0.719586   ,  0.316579   ,  0.184221   ,  1.05352    ,  0.0171684  ])
3818    , -5317.35    , array([ 0.735959   ,  0.317557   ,  0.173501   ,  1.03068    ,  0.0137479  ])
3819    , -5164.06    , array([ 0.726808   ,  0.289057   ,  0.168566   ,  1.06391    ,  0.0187897  ])
likelihood = -5069.75
theta = 3145.1
Optimized parameters = [0.71958579 0.31657863 0.18422128 1.05352404 0.01716836]

Round_4_Replicate_3
3820    , -3519.73    , array([ 0.315356   ,  0.756331   ,  0.110767   ,  1.6055     ,  0.0133564  ])
3821    , -3628.23    , array([ 0.297674   ,  0.756331   ,  0.110767   ,  1.6055     ,  0.0133564  ])
3822    , -3459.79    , array([ 0.315356   ,  0.745843   ,  0.110767   ,  1.6055     ,  0.0133564  ])
3823    , -3605.52    , array([ 0.315356   ,  0.756331   ,  0.0992273  ,  1.6055     ,  0.0133564  ])
3824    , -3478.94    , array([ 0.315356   ,  0.756331   ,  0.110767   ,  1.64396    ,  0.0133564  ])
3825    , -3650.24    , array([ 0.315356   ,  0.756331   ,  0.110767   ,  1.6055     ,  0.010764   ])
3826    , -3441.14    , array([ 0.308161   ,  0.752118   ,  0.105998   ,  1.62078    ,  0.0165732  ])
3827    , -3365.71    , array([ 0.304625   ,  0.75002    ,  0.103691   ,  1.62847    ,  0.0205646  ])
3828    , -3343.63    , array([ 0.329494   ,  0.749602   ,  0.103236   ,  1.63001    ,  0.0158731  ])
3829    , -3223       , array([ 0.346657   ,  0.746259   ,  0.0996649  ,  1.64241    ,  0.0173041  ])
3830    , -3215.68    , array([ 0.323018   ,  0.745593   ,  0.115445   ,  1.6449     ,  0.0176054  ])
3831    , -3060.92    , array([ 0.326918   ,  0.740281   ,  0.124523   ,  1.66495    ,  0.0202127  ])
3832    , -3107.48    , array([ 0.327704   ,  0.739223   ,  0.108376   ,  1.66899    ,  0.0207787  ])
3833    , -3035.65    , array([ 0.332777   ,  0.732489   ,  0.107433   ,  1.63983    ,  0.0247965  ])
3834    , -2902.96    , array([ 0.341845   ,  0.720852   ,  0.105804   ,  1.63777    ,  0.0337864  ])
3835    , -2893.38    , array([ 0.343688   ,  0.732732   ,  0.105482   ,  1.69253    ,  0.0359428  ])
3836    , -2806.99    , array([ 0.358795   ,  0.726264   ,  0.102934   ,  1.7378     ,  0.0589621  ])
3837    , -2703.57    , array([ 0.379868   ,  0.71933    ,  0.112349   ,  1.7126     ,  0.0355764  ])
3838    , -2602.14    , array([ 0.424196   ,  0.704459   ,  0.116946   ,  1.75629    ,  0.0467931  ])
3839    , -2796.98    , array([ 0.36188    ,  0.706476   ,  0.124609   ,  1.74422    ,  0.0629429  ])
3840    , -2850.39    , array([ 0.398306   ,  0.700391   ,  0.121173   ,  1.74697    ,  0.0816596  ])
3841    , -2874.04    , array([ 0.432086   ,  0.684065   ,  0.104317   ,  1.78522    ,  0.146743   ])
3842    , -3155.78    , array([ 0.453812   ,  0.687936   ,  0.122078   ,  1.87852    ,  0.157966   ])
3843    , -2752.38    , array([ 0.366937   ,  0.712478   ,  0.109657   ,  1.6949     ,  0.0496818  ])
3844    , -2940.09    , array([ 0.336313   ,  0.736829   ,  0.126317   ,  1.68795    ,  0.0235834  ])
3845    , -2774.88    , array([ 0.405848   ,  0.696891   ,  0.109429   ,  1.76039    ,  0.0929113  ])
3846    , -2715.1     , array([ 0.367583   ,  0.718213   ,  0.104399   ,  1.73019    ,  0.0446251  ])
3847    , -2638.4     , array([ 0.412032   ,  0.689545   ,  0.123595   ,  1.73627    ,  0.0552862  ])
likelihood = -2602.14
theta = 2767.24
Optimized parameters = [0.42419551 0.704459   0.11694592 1.7562861  0.04679308]

Round_4_Replicate_4
3848    , -4937.03    , array([ 0.782234   ,  0.462932   ,  0.238044   ,  1.4398     ,  0.0316179  ])
3849    , -4857.09    , array([ 0.772686   ,  0.462932   ,  0.238044   ,  1.4398     ,  0.0316179  ])
3850    , -4898.35    , array([ 0.782234   ,  0.445444   ,  0.238044   ,  1.4398     ,  0.0316179  ])
3851    , -4792.88    , array([ 0.782234   ,  0.462932   ,  0.221559   ,  1.4398     ,  0.0316179  ])
3852    , -4847.31    , array([ 0.782234   ,  0.462932   ,  0.238044   ,  1.46628    ,  0.0316179  ])
3853    , -4717.89    , array([ 0.782234   ,  0.462932   ,  0.238044   ,  1.4398     ,  0.0266029  ])
3854    , -4706.68    , array([ 0.778401   ,  0.455856   ,  0.231308   ,  1.45033    ,  0.0295075  ])
3855    , -4601.09    , array([ 0.776491   ,  0.452359   ,  0.228011   ,  1.45563    ,  0.0285057  ])
3856    , -4635.24    , array([ 0.77611    ,  0.476681   ,  0.227358   ,  1.45669    ,  0.0283094  ])
3857    , -4594.26    , array([ 0.78709    ,  0.464075   ,  0.223219   ,  1.4635     ,  0.0270851  ])
3858    , -4494.78    , array([ 0.794392   ,  0.464647   ,  0.216156   ,  1.4755     ,  0.0250685  ])
3859    , -4492.51    , array([ 0.782295   ,  0.464761   ,  0.214771   ,  1.44068    ,  0.0246836  ])
3860    , -4393.52    , array([ 0.782326   ,  0.465679   ,  0.204002   ,  1.42805    ,  0.0218095  ])
3861    , -4351.52    , array([ 0.782332   ,  0.465862   ,  0.223255   ,  1.46238    ,  0.0212762  ])
3862    , -4200.88    , array([ 0.782381   ,  0.467334   ,  0.224107   ,  1.4738     ,  0.0174531  ])
3863    , -4223.01    , array([ 0.782391   ,  0.467629   ,  0.20284    ,  1.47609    ,  0.0213636  ])
3864    , -4215.61    , array([ 0.791111   ,  0.450672   ,  0.202898   ,  1.46672    ,  0.0179379  ])
3865    , -4205.64    , array([ 0.796644   ,  0.474195   ,  0.19309    ,  1.47225    ,  0.0148015  ])
3866    , -4125.03    , array([ 0.779575   ,  0.465425   ,  0.194691   ,  1.45114    ,  0.0136326  ])
3867    , -4139.11    , array([ 0.77227    ,  0.465815   ,  0.184771   ,  1.43911    ,  0.0100532  ])
3868    , -4036.34    , array([ 0.790484   ,  0.464293   ,  0.202471   ,  1.50901    ,  0.0129848  ])
3869    , -3973.84    , array([ 0.794595   ,  0.463602   ,  0.201709   ,  1.5512     ,  0.0100191  ])
3871    , -4146.95    , array([ 0.785605   ,  0.465902   ,  0.202924   ,  1.47935    ,  0.0175782  ])
3872    , -4031.84    , array([ 0.784366   ,  0.484495   ,  0.203128   ,  1.50384    ,  0.0115679  ])
3873    , -3922.26    , array([ 0.774094   ,  0.464436   ,  0.217817   ,  1.51096    ,  0.0127028  ])
3874    , -3791.44    , array([ 0.763059   ,  0.459633   ,  0.231344   ,  1.5307     ,  0.0117678  ])
3876    , -4071.19    , array([ 0.781876   ,  0.467534   ,  0.215066   ,  1.48824    ,  0.014872   ])
likelihood = -3791.44
theta = 2671.09
Optimized parameters = [0.76305913 0.45963273 0.23134414 1.53069706 0.01176779]

Round_4_Replicate_5
3877    , -18283.2    , array([ 0.772315   ,  0.615997   ,  0.142521   ,  0.502984   ,  0.0103683  ])
3878    , -18111.3    , array([ 0.762402   ,  0.615997   ,  0.142521   ,  0.502984   ,  0.0103683  ])
3879    , -17973.7    , array([ 0.772315   ,  0.601253   ,  0.142521   ,  0.502984   ,  0.0103683  ])
3880    , -18243.5    , array([ 0.772315   ,  0.615997   ,  0.129292   ,  0.502984   ,  0.0103683  ])
3881    , -19052.9    , array([ 0.772315   ,  0.615997   ,  0.142521   ,  0.485995   ,  0.0103683  ])
3883    , -18363      , array([ 0.768335   ,  0.610056   ,  0.137074   ,  0.496118   ,  0.0130294  ])
3884    , -17367.4    , array([ 0.766748   ,  0.607696   ,  0.134955   ,  0.517713   ,  0.0113604  ])
3885    , -16570.8    , array([ 0.76398    ,  0.603588   ,  0.131323   ,  0.53434    ,  0.0118915  ])
3887    , -18093.6    , array([ 0.768494   ,  0.610293   ,  0.137288   ,  0.50257    ,  0.0117834  ])
3888    , -17305.1    , array([ 0.763491   ,  0.602863   ,  0.13069    ,  0.515129   ,  0.0115277  ])
3889    , -16986.4    , array([ 0.759989   ,  0.597689   ,  0.144683   ,  0.520069   ,  0.012027   ])
3890    , -16669.2    , array([ 0.768895   ,  0.590519   ,  0.132047   ,  0.527065   ,  0.0127626  ])
3891    , -16141.2    , array([ 0.762959   ,  0.588236   ,  0.134962   ,  0.537637   ,  0.0115943  ])
3892    , -15232.4    , array([ 0.760207   ,  0.577509   ,  0.133813   ,  0.556078   ,  0.011501   ])
3893    , -15194.8    , array([ 0.754401   ,  0.587535   ,  0.126769   ,  0.559195   ,  0.0137346  ])
3894    , -13936.8    , array([ 0.7456     ,  0.580793   ,  0.119558   ,  0.589614   ,  0.0158078  ])
3895    , -14492.5    , array([ 0.755917   ,  0.577289   ,  0.133408   ,  0.576318   ,  0.0140162  ])
3896    , -13851.7    , array([ 0.757769   ,  0.574254   ,  0.116658   ,  0.594782   ,  0.0142826  ])
3897    , -12486.4    , array([ 0.756662   ,  0.562884   ,  0.104752   ,  0.636072   ,  0.0155643  ])
3898    , -12545.1    , array([ 0.744203   ,  0.57019    ,  0.116514   ,  0.63272    ,  0.0145715  ])
3899    , -11264.8    , array([ 0.741174   ,  0.545285   ,  0.111681   ,  0.667753   ,  0.0169633  ])
3900    , -9222.94    , array([ 0.730028   ,  0.518281   ,  0.102991   ,  0.746475   ,  0.0202604  ])
3901    , -10024.4    , array([ 0.73288    ,  0.545768   ,  0.0987056  ,  0.721855   ,  0.0219978  ])
3902    , -9104.19    , array([ 0.727972   ,  0.533851   ,  0.087765   ,  0.762146   ,  0.0216163  ])
3903    , -7184.43    , array([ 0.71439    ,  0.513374   ,  0.0711854  ,  0.876448   ,  0.0268445  ])
likelihood = -7184.43
theta = 2889.84
Optimized parameters = [0.71438952 0.51337392 0.07118542 0.87644822 0.02684451]
