
Round_1_Replicate_1
1       , -5275.25    , array([ 6.5252     ,  7.14776    ,  2.08589    ])
2       , -5471.25    , array([ 7.16677    ,  7.14776    ,  2.08589    ])
3       , -5471.24    , array([ 6.5252     ,  7.88639    ,  2.08589    ])
4       , -5147.06    , array([ 6.5252     ,  7.14776    ,  2.16399    ])
5       , -5112.35    , array([ 5.94106    ,  7.63207    ,  2.13763    ])
6       , -4917.88    , array([ 5.40922    ,  7.88639    ,  2.16399    ])
7       , -4785.15    , array([ 5.75821    ,  6.91726    ,  2.19067    ])
8       , -4466.24    , array([ 5.40922    ,  6.47831    ,  2.24502    ])
likelihood = -4466.24
theta = 55.2
Optimized parameters = [5.40921744 6.47830679 2.24501624]

Round_1_Replicate_2
9       , -799.408    , array([ 1.69786    ,  0.972677   ,  6.38129    ])
10      , -791.311    , array([ 1.74341    ,  0.972677   ,  6.38129    ])
11      , -799.215    , array([ 1.69786    ,  0.971331   ,  6.38129    ])
12      , -817.987    , array([ 1.69786    ,  0.972677   ,  7.0009     ])
13      , -780.847    , array([ 1.72809    ,  0.971779   ,  5.81652    ])
14      , -770.906    , array([ 1.74341    ,  0.971331   ,  5.30173    ])
15      , -773.149    , array([ 1.75885    ,  0.970882   ,  5.63959    ])
likelihood = -770.91
theta = 111.19
Optimized parameters = [1.74340504 0.97133054 5.3017298 ]

Round_1_Replicate_3
16      , -937.339    , array([ 6.02362    ,  0.534087   ,  6.98807    ])
17      , -984.068    , array([ 6.58947    ,  0.534087   ,  6.98807    ])
18      , -942.238    , array([ 6.02362    ,  0.517598   ,  6.98807    ])
19      , -912.712    , array([ 6.02362    ,  0.534087   ,  7.7015     ])
20      , -883.759    , array([ 5.50637    ,  0.523037   ,  7.45595    ])
21      , -844.634    , array([ 5.03352    ,  0.517598   ,  7.7015     ])
22      , -854.625    , array([ 5.34401    ,  0.539699   ,  7.95514    ])
likelihood = -844.63
theta = 75.86
Optimized parameters = [5.03352359 0.51759799 7.70150026]

Round_1_Replicate_4
23      , -2328.17    , array([ 3.02976    ,  1.02118    ,  0.976075   ])
24      , -2364.74    , array([ 3.20242    ,  1.02118    ,  0.976075   ])
25      , -2330.03    , array([ 3.02976    ,  1.02225    ,  0.976075   ])
26      , -2330.5     , array([ 3.02976    ,  1.02118    ,  0.974894   ])
27      , -2293.68    , array([ 2.8664     ,  1.0219     ,  0.975287   ])
28      , -2257.13    , array([ 2.71186    ,  1.02225    ,  0.974894   ])
29      , -2280.03    , array([ 2.81393    ,  1.02261    ,  0.976469   ])
likelihood = -2257.13
theta = 160.81
Optimized parameters = [2.711859   1.02225328 0.97489368]

Round_1_Replicate_5
30      , -1084.78    , array([ 3.80304    ,  0.265435   ,  1.71367    ])
31      , -1113.38    , array([ 4.06572    ,  0.265435   ,  1.71367    ])
32      , -1089.88    , array([ 3.80304    ,  0.248403   ,  1.71367    ])
33      , -1081.75    , array([ 3.80304    ,  0.265435   ,  1.76045    ])
34      , -1056.93    , array([ 3.55733    ,  0.253955   ,  1.74471    ])
35      , -1028.25    , array([ 3.3275     ,  0.248403   ,  1.76045    ])
36      , -1039.98    , array([ 3.47901    ,  0.271369   ,  1.77632    ])
likelihood = -1028.25
theta = 175.35
Optimized parameters = [3.32749529 0.24840301 1.76044689]

Round_1_Replicate_6
37      , -721.534    , array([ 1.18704    ,  0.295189   ,  3.24774    ])
38      , -720.285    , array([ 1.19726    ,  0.295189   ,  3.24774    ])
39      , -727.505    , array([ 1.18704    ,  0.277718   ,  3.24774    ])
40      , -735.884    , array([ 1.18704    ,  0.295189   ,  3.44478    ])
41      , -711.632    , array([ 1.19384    ,  0.283424   ,  3.06198    ])
42      , -701.722    , array([ 1.19726    ,  0.277718   ,  2.88685    ])
43      , -702.058    , array([ 1.20068    ,  0.301253   ,  3.00245    ])
likelihood = -701.72
theta = 204.82
Optimized parameters = [1.19725686 0.27771827 2.88684673]

Round_1_Replicate_7
44      , -5169.84    , array([ 0.525018   ,  1.52549    ,  0.200358   ])
45      , -5091.24    , array([ 0.508373   ,  1.52549    ,  0.200358   ])
46      , -5201.94    , array([ 0.525018   ,  1.55804    ,  0.200358   ])
47      , -5475.89    , array([ 0.525018   ,  1.52549    ,  0.184883   ])
48      , -4849.19    , array([ 0.513862   ,  1.54711    ,  0.217128   ])
49      , -4561.22    , array([ 0.508373   ,  1.55804    ,  0.235302   ])
50      , -4677.17    , array([ 0.502943   ,  1.51479    ,  0.223025   ])
likelihood = -4561.22
theta = 216.92
Optimized parameters = [0.50837305 1.55804064 0.23530216]

Round_1_Replicate_8
51      , -1825.38    , array([ 2.49703    ,  1.11045    ,  1.31418    ])
52      , -1854.35    , array([ 2.61393    ,  1.11045    ,  1.31418    ])
53      , -1832.38    , array([ 2.49703    ,  1.11629    ,  1.31418    ])
54      , -1805.11    , array([ 2.49703    ,  1.11045    ,  1.33226    ])
55      , -1787.53    , array([ 2.38535    ,  1.11434    ,  1.32621    ])
56      , -1754.28    , array([ 2.27867    ,  1.11629    ,  1.33226    ])
57      , -1757.92    , array([ 2.34925    ,  1.10852    ,  1.33834    ])
likelihood = -1754.28
theta = 149.18
Optimized parameters = [2.27866793 1.1162866  1.33225847]

Round_1_Replicate_9
58      , -4271.46    , array([ 3.76747    ,  0.33667    ,  0.172171   ])
59      , -4294.96    , array([ 4.0258     ,  0.33667    ,  0.172171   ])
60      , -4086.27    , array([ 3.76747    ,  0.318834   ,  0.172171   ])
61      , -4592.88    , array([ 3.76747    ,  0.33667    ,  0.157673   ])
62      , -3866.83    , array([ 3.93778    ,  0.324672   ,  0.188001   ])
63      , -3543.03    , array([ 4.0258     ,  0.318834   ,  0.205288   ])
64      , -3638.45    , array([ 3.68509    ,  0.313101   ,  0.193595   ])
likelihood = -3543.03
theta = 292.32
Optimized parameters = [4.02579638 0.31883386 0.20528781]

Round_1_Replicate_10
65      , -3378.96    , array([ 0.19308    ,  6.83464    ,  4.81518    ])
66      , -3446.25    , array([ 0.177838   ,  6.83464    ,  4.81518    ])
67      , -3459.27    , array([ 0.19308    ,  7.52404    ,  4.81518    ])
68      , -3378.83    , array([ 0.19308    ,  6.83464    ,  5.20886    ])
69      , -3342.89    , array([ 0.18278    ,  6.2084     ,  5.07418    ])
70      , -3284.55    , array([ 0.177838   ,  5.63954    ,  5.20886    ])
71      , -3247.96    , array([ 0.198446   ,  6.01268    ,  5.34712    ])
72      , -3148.39    , array([ 0.209628   ,  5.63954    ,  5.63474    ])
likelihood = -3148.39
theta = 55.11
Optimized parameters = [0.20962846 5.63954315 5.6347365 ]

Round_2_Replicate_1
73      , -1029.64    , array([ 0.528997   ,  0.298854   ,  3.30328    ])
74      , -1047.17    , array([ 0.51242    ,  0.298854   ,  3.30328    ])
75      , -1032.82    , array([ 0.528997   ,  0.28134    ,  3.30328    ])
76      , -1059.28    , array([ 0.528997   ,  0.298854   ,  3.50665    ])
77      , -1014.13    , array([ 0.517887   ,  0.287061   ,  3.1117     ])
78      , -992.544    , array([ 0.51242    ,  0.28134    ,  2.93124    ])
79      , -989.689    , array([ 0.534641   ,  0.275733   ,  3.05035    ])
80      , -962.371    , array([ 0.546111   ,  0.264853   ,  2.93124    ])
81      , -957.889    , array([ 0.528997   ,  0.28134    ,  2.81678    ])
82      , -923.658    , array([ 0.528997   ,  0.28134    ,  2.6011     ])
83      , -892.883    , array([ 0.528997   ,  0.254402   ,  2.40193    ])
84      , -831.336    , array([ 0.528997   ,  0.23472    ,  2.04818    ])
likelihood = -831.34
theta = 300.24
Optimized parameters = [0.52899731 0.23472012 2.04817588]

Round_2_Replicate_2
85      , -1432.29    , array([ 0.423549   ,  0.133658   ,  4.21524    ])
86      , -1458.65    , array([ 0.405741   ,  0.133658   ,  4.21524    ])
87      , -1458.69    , array([ 0.423549   ,  0.120863   ,  4.21524    ])
88      , -1485.55    , array([ 0.423549   ,  0.133658   ,  4.52964    ])
89      , -1414.93    , array([ 0.411592   ,  0.124986   ,  3.92267    ])
90      , -1381.01    , array([ 0.405741   ,  0.120863   ,  3.6504     ])
91      , -1391.96    , array([ 0.399973   ,  0.138217   ,  3.82973    ])
92      , -1346.18    , array([ 0.413561   ,  0.127812   ,  3.59251    ])
93      , -1291.67    , array([ 0.417528   ,  0.124986   ,  3.31654    ])
94      , -1280.3     , array([ 0.392409   ,  0.122222   ,  3.06177    ])
95      , -1212.83    , array([ 0.377709   ,  0.116877   ,  2.60945    ])
likelihood = -1212.83
theta = 314.93
Optimized parameters = [0.37770897 0.11687673 2.60944588]

Round_2_Replicate_3
96      , -2042.48    , array([ 0.322267   ,  1.1045     ,  10.3632    ])
97      , -2089.16    , array([ 0.304527   ,  1.1045     ,  10.3632    ])
98      , -2043.09    , array([ 0.322267   ,  1.11       ,  10.3632    ])
99      , -2120.89    , array([ 0.322267   ,  1.1045     ,  11.6484    ])
100     , -2053.17    , array([ 0.310329   ,  1.10816    ,  9.21972    ])
101     , -2019.75    , array([ 0.332565   ,  1.11061    ,  9.58611    ])
102     , -1959.07    , array([ 0.347537   ,  1.11368    ,  9.21972    ])
103     , -2047.75    , array([ 0.351937   ,  1.11061    ,  10.775     ])
104     , -2048.42    , array([ 0.341039   ,  1.11       ,  10.3632    ])
105     , -2026.61    , array([ 0.334663   ,  1.10908    ,  9.77473    ])
106     , -2027       , array([ 0.334663   ,  1.11184    ,  9.77473    ])
107     , -2005.98    , array([ 0.328406   ,  1.11092    ,  9.21972    ])
108     , -1967.65    , array([ 0.338901   ,  1.11061    ,  9.04181    ])
likelihood = -1959.07
theta = 99.56
Optimized parameters = [0.34753687 1.11368392 9.21971672]

Round_2_Replicate_4
109     , -830.783    , array([ 1.69427    ,  0.16549    ,  3.58026    ])
110     , -833.002    , array([ 1.73953    ,  0.16549    ,  3.58026    ])
111     , -851.924    , array([ 1.69427    ,  0.151256   ,  3.58026    ])
112     , -841.465    , array([ 1.69427    ,  0.16549    ,  3.81602    ])
113     , -819.467    , array([ 1.72431    ,  0.181065   ,  3.73576    ])
114     , -801.698    , array([ 1.73953    ,  0.198105   ,  3.81602    ])
115     , -803.247    , array([ 1.75488    ,  0.186575   ,  3.50496    ])
116     , -791.466    , array([ 1.71927    ,  0.202104   ,  3.68319    ])
117     , -766.912    , array([ 1.70922    ,  0.223346   ,  3.73576    ])
118     , -754.722    , array([ 1.77556    ,  0.246819   ,  3.78908    ])
119     , -729.662    , array([ 1.81766    ,  0.301427   ,  3.89801    ])
likelihood = -729.66
theta = 156.52
Optimized parameters = [1.81766313 0.30142678 3.8980053 ]

Round_2_Replicate_5
120     , -988.593    , array([ 0.429064   ,  0.301735   ,  2.32385    ])
121     , -1012.35    , array([ 0.411291   ,  0.301735   ,  2.32385    ])
122     , -986.668    , array([ 0.429064   ,  0.284189   ,  2.32385    ])
123     , -1005.94    , array([ 0.429064   ,  0.301735   ,  2.42392    ])
124     , -975.639    , array([ 0.447607   ,  0.289921   ,  2.39009    ])
125     , -958.46     , array([ 0.46695    ,  0.284189   ,  2.42392    ])
126     , -949.925    , array([ 0.453964   ,  0.27857    ,  2.29142    ])
127     , -923.257    , array([ 0.46695    ,  0.267663   ,  2.22791    ])
128     , -926.538    , array([ 0.480308   ,  0.257183   ,  2.32385    ])
129     , -889.402    , array([ 0.517826   ,  0.255477   ,  2.32385    ])
130     , -847.966    , array([ 0.568873   ,  0.242228   ,  2.32385    ])
likelihood = -847.97
theta = 279.15
Optimized parameters = [0.56887264 0.24222764 2.32384741]

Round_2_Replicate_6
131     , -1268.63    , array([ 1.11135    ,  0.0751533  ,  1.28731    ])
132     , -1272.9     , array([ 1.11723    ,  0.0751533  ,  1.28731    ])
133     , -883.628    , array([ 1.11135    ,  0.0660306  ,  1.28731    ])
134     , -836.09     , array([ 1.11135    ,  0.0751533  ,  1.30367    ])
135     , -861.153    , array([ 1.1055     ,  0.0689413  ,  1.2982     ])
136     , -892.208    , array([ 1.10745    ,  0.0650879  ,  1.3055     ])
137     , -889.287    , array([ 1.10842    ,  0.0674703  ,  1.30093    ])
138     , -845.147    , array([ 1.11037    ,  0.0724997  ,  1.29184    ])
139     , -819.06     , array([ 1.1068     ,  0.0788431  ,  1.30856    ])
140     , -797.141    , array([ 1.10453    ,  0.0861535  ,  1.31931    ])
likelihood = -797.14
theta = 310.25
Optimized parameters = [1.10452705 0.08615349 1.31931238]

Round_2_Replicate_7
141     , -801.648    , array([ 2.11092    ,  0.263613   ,  2.08773    ])
142     , -816.169    , array([ 2.19127    ,  0.263613   ,  2.08773    ])
143     , -808.821    , array([ 2.11092    ,  0.246613   ,  2.08773    ])
144     , -797.291    , array([ 2.11092    ,  0.263613   ,  2.16599    ])
145     , -789.643    , array([ 2.03352    ,  0.252154   ,  2.13958    ])
146     , -777.754    , array([ 1.95896    ,  0.246613   ,  2.16599    ])
147     , -775.605    , array([ 2.00836    ,  0.269537   ,  2.19273    ])
148     , -760.46     , array([ 1.95896    ,  0.281786   ,  2.24719    ])
149     , -756.76     , array([ 1.91077    ,  0.263613   ,  2.30301    ])
150     , -738.843    , array([ 1.81793    ,  0.263613   ,  2.41885    ])
151     , -726.397    , array([ 1.7296     ,  0.263613   ,  2.38935    ])
152     , -704.942    , array([ 1.56561    ,  0.263613   ,  2.50953    ])
likelihood = -704.94
theta = 199.05
Optimized parameters = [1.5656086  0.2636135  2.50952616]

Round_2_Replicate_8
153     , -745.211    , array([ 4.35275    ,  0.788425   ,  10.8769    ])
154     , -750.039    , array([ 4.68492    ,  0.788425   ,  10.8769    ])
155     , -746.602    , array([ 4.35275    ,  0.779109   ,  10.8769    ])
156     , -758.552    , array([ 4.35275    ,  0.788425   ,  12.2555    ])
157     , -746.471    , array([ 4.57147    ,  0.782202   ,  9.65342    ])
158     , -738.792    , array([ 4.1785     ,  0.778081   ,  10.0451    ])
159     , -733.983    , array([ 3.9462     ,  0.77296    ,  9.65342    ])
160     , -736.303    , array([ 4.21278    ,  0.783236   ,  9.27697    ])
161     , -737.591    , array([ 3.79856    ,  0.780826   ,  10.1792    ])
likelihood = -733.98
theta = 70.66
Optimized parameters = [3.94620462 0.77296003 9.65342221]

Round_2_Replicate_9
162     , -1194.91    , array([ 4.07123    ,  0.116344   ,  9.28397    ])
163     , -1207.3     , array([ 4.36729    ,  0.116344   ,  9.28397    ])
164     , -1219.76    , array([ 4.07123    ,  0.104479   ,  9.28397    ])
165     , -1206.44    , array([ 4.07123    ,  0.116344   ,  10.3782    ])
166     , -1182.95    , array([ 4.26628    ,  0.129556   ,  9.99981    ])
167     , -1164.92    , array([ 4.36729    ,  0.144268   ,  10.3782    ])
168     , -1177.48    , array([ 3.97707    ,  0.134285   ,  10.7708    ])
169     , -1150.12    , array([ 4.20025    ,  0.147758   ,  9.87678    ])
170     , -1124.25    , array([ 4.26628    ,  0.166515   ,  9.63524    ])
171     , -1115.61    , array([ 4.33336    ,  0.187653   ,  11.3176    ])
172     , -1072.76    , array([ 4.47068    ,  0.238321   ,  12.4958    ])
likelihood = -1072.76
theta = 64.87
Optimized parameters = [ 4.4706844   0.23832111 12.49582676]

Round_2_Replicate_10
173     , -685.467    , array([ 0.613298   ,  0.0917888  ,  1.08118    ])
174     , -686.673    , array([ 0.598487   ,  0.0917888  ,  1.08118    ])
175     , -709.388    , array([ 0.613298   ,  0.0814571  ,  1.08118    ])
176     , -686.431    , array([ 0.613298   ,  0.0917888  ,  1.08541    ])
177     , -665.055    , array([ 0.603384   ,  0.103431   ,  1.084      ])
178     , -646.01     , array([ 0.598487   ,  0.11655    ,  1.08541    ])
179     , -657.498    , array([ 0.618315   ,  0.107631   ,  1.08682    ])
180     , -640.496    , array([ 0.606671   ,  0.119684   ,  1.08353    ])
181     , -622.315    , array([ 0.603384   ,  0.136665   ,  1.08259    ])
182     , -610.477    , array([ 0.600115   ,  0.156056   ,  1.08871    ])
183     , -602.572    , array([ 0.59363    ,  0.203482   ,  1.09249    ])
likelihood = -602.57
theta = 361.83
Optimized parameters = [0.59363031 0.20348217 1.09249421]

Round_3_Replicate_1
184     , -818.154    , array([ 0.412341   ,  0.0983241  ,  1.25422    ])
185     , -836.599    , array([ 0.394475   ,  0.0983241  ,  1.25422    ])
186     , -838.979    , array([ 0.412341   ,  0.0875575  ,  1.25422    ])
187     , -823.408    , array([ 0.412341   ,  0.0983241  ,  1.26851    ])
188     , -815.496    , array([ 0.400343   ,  0.110415   ,  1.26373    ])
189     , -808.132    , array([ 0.394475   ,  0.123992   ,  1.26851    ])
190     , -794.898    , array([ 0.418475   ,  0.114767   ,  1.27331    ])
191     , -776.002    , array([ 0.431017   ,  0.123992   ,  1.28296    ])
192     , -779.974    , array([ 0.412341   ,  0.133959   ,  1.26851    ])
193     , -770.569    , array([ 0.412341   ,  0.164632   ,  1.29268    ])
194     , -770.902    , array([ 0.412341   ,  0.21303    ,  1.31235    ])
195     , -743.03     , array([ 0.443934   ,  0.15771    ,  1.29431    ])
196     , -716.613    , array([ 0.470943   ,  0.177865   ,  1.30741    ])
197     , -726.524    , array([ 0.464041   ,  0.176344   ,  1.32063    ])
198     , -726.791    , array([ 0.46633    ,  0.240944   ,  1.3312     ])
199     , -683.467    , array([ 0.529121   ,  0.233919   ,  1.34731    ])
200     , -664.035    , array([ 0.599382   ,  0.278831   ,  1.37548    ])
201     , -674.113    , array([ 0.553085   ,  0.176176   ,  1.33717    ])
likelihood = -664.04
theta = 319.18
Optimized parameters = [0.59938238 0.27883113 1.37547731]

Round_3_Replicate_2
202     , -1141.02    , array([ 0.780709   ,  0.760639   ,  1.04937    ])
203     , -1139.28    , array([ 0.771105   ,  0.760639   ,  1.04937    ])
204     , -1129.14    , array([ 0.780709   ,  0.750305   ,  1.04937    ])
205     , -1139.3     , array([ 0.780709   ,  0.760639   ,  1.0519     ])
206     , -1130.8     , array([ 0.774293   ,  0.753734   ,  1.05106    ])
207     , -1126.86    , array([ 0.770046   ,  0.749165   ,  1.04797    ])
208     , -1120.72    , array([ 0.764768   ,  0.743493   ,  1.04601    ])
209     , -1114.56    , array([ 0.775359   ,  0.737864   ,  1.04825    ])
210     , -1102.38    , array([ 0.777495   ,  0.726734   ,  1.04769    ])
211     , -1104.01    , array([ 0.774293   ,  0.726734   ,  1.04433    ])
212     , -1089.24    , array([ 0.763717   ,  0.714684   ,  1.04265    ])
213     , -1069.88    , array([ 0.755361   ,  0.697513   ,  1.03931    ])
214     , -1063.82    , array([ 0.773229   ,  0.69118    ,  1.04153    ])
215     , -1036.44    , array([ 0.777495   ,  0.666421   ,  1.03931    ])
216     , -1035.46    , array([ 0.765821   ,  0.667434   ,  1.03986    ])
217     , -1002.88    , array([ 0.76162    ,  0.639625   ,  1.03764    ])
218     , -973.74     , array([ 0.752251   ,  0.612974   ,  1.02989    ])
219     , -915.927    , array([ 0.739938   ,  0.562957   ,  1.0211     ])
220     , -905.09     , array([ 0.763717   ,  0.553623   ,  1.02603    ])
221     , -835.583    , array([ 0.76793    ,  0.493225   ,  1.01946    ])
likelihood = -835.58
theta = 267.51
Optimized parameters = [0.76793034 0.49322504 1.01946336]

Round_3_Replicate_3
222     , -1246.93    , array([ 1.60191    ,  0.331509   ,  0.581984   ])
223     , -1257.81    , array([ 1.6401     ,  0.331509   ,  0.581984   ])
224     , -1201.68    , array([ 1.60191    ,  0.313704   ,  0.581984   ])
225     , -1274.27    , array([ 1.60191    ,  0.331509   ,  0.566443   ])
226     , -1198.35    , array([ 1.62727    ,  0.31953    ,  0.597951   ])
227     , -1164.16    , array([ 1.6401     ,  0.313704   ,  0.614356   ])
228     , -1152.28    , array([ 1.58938    ,  0.307984   ,  0.60337    ])
229     , -1105.31    , array([ 1.56461    ,  0.296856   ,  0.614356   ])
230     , -1079.12    , array([ 1.60191    ,  0.286129   ,  0.625541   ])
231     , -1015.94    , array([ 1.60191    ,  0.265824   ,  0.648528   ])
232     , -1002.68    , array([ 1.60191    ,  0.270761   ,  0.672359   ])
233     , -936.326    , array([ 1.60191    ,  0.251547   ,  0.722681   ])
234     , -906.687    , array([ 1.54023    ,  0.233697   ,  0.709758   ])
235     , -843.051    , array([ 1.49259    ,  0.201706   ,  0.762879   ])
236     , -840.608    , array([ 1.56461    ,  0.190873   ,  0.819975   ])
237     , -825.324    , array([ 1.56461    ,  0.153053   ,  0.947308   ])
238     , -807.787    , array([ 1.50436    ,  0.147523   ,  1          ])
239     , -836.067    , array([ 1.45784    ,  0.109898   ,  1.24175    ])
240     , -836.903    , array([ 1.44265    ,  0.109226   ,  1.11434    ])
241     , -889.823    , array([ 1.51358    ,  0.090497   ,  1.35899    ])
242     , -811.663    , array([ 1.49781    ,  0.165081   ,  0.881345   ])
likelihood = -807.79
theta = 284.76
Optimized parameters = [1.50436225 0.14752286 1.        ]

Round_3_Replicate_4
243     , -934.391    , array([ 0.816287   ,  0.156562   ,  3.38808    ])
244     , -937.989    , array([ 0.808044   ,  0.156562   ,  3.38808    ])
245     , -955.998    , array([ 0.816287   ,  0.142699   ,  3.38808    ])
246     , -964.851    , array([ 0.816287   ,  0.156562   ,  3.60123    ])
247     , -921.26     , array([ 0.810782   ,  0.147178   ,  3.18754    ])
248     , -900.922    , array([ 0.808044   ,  0.142699   ,  2.99887    ])
249     , -893.926    , array([ 0.805315   ,  0.161476   ,  3.12337    ])
250     , -866.965    , array([ 0.799884   ,  0.171772   ,  2.99887    ])
251     , -864.128    , array([ 0.808044   ,  0.156562   ,  2.87934    ])
252     , -830.044    , array([ 0.808044   ,  0.156562   ,  2.65438    ])
253     , -799.767    , array([ 0.79449    ,  0.156562   ,  2.44699    ])
254     , -748.995    , array([ 0.783811   ,  0.156562   ,  2.07956    ])
255     , -738.906    , array([ 0.786467   ,  0.182724   ,  2.16589    ])
256     , -682.645    , array([ 0.775896   ,  0.206768   ,  1.84067    ])
257     , -661.682    , array([ 0.778525   ,  0.171772   ,  1.56429    ])
258     , -606.77     , array([ 0.768061   ,  0.171772   ,  1.12978    ])
259     , -591.208    , array([ 0.745027   ,  0.200476   ,  1          ])
260     , -668.426    , array([ 0.715386   ,  0.226855   ,  0.613789   ])
261     , -621.903    , array([ 0.742511   ,  0.236399   ,  0.783447   ])
262     , -712.83     , array([ 0.728412   ,  0.195714   ,  0.500833   ])
263     , -617.646    , array([ 0.763742   ,  0.203947   ,  1.3294     ])
likelihood = -591.21
theta = 344.03
Optimized parameters = [0.74502708 0.2004757  1.        ]

Round_3_Replicate_5
264     , -1151.78    , array([ 0.394299   ,  0.319261   ,  0.345593   ])
265     , -1136.06    , array([ 0.376372   ,  0.319261   ,  0.345593   ])
266     , -1092.35    , array([ 0.394299   ,  0.301545   ,  0.345593   ])
267     , -1216.38    , array([ 0.394299   ,  0.319261   ,  0.327712   ])
268     , -1045.27    , array([ 0.382255   ,  0.307339   ,  0.364449   ])
269     , -972.923    , array([ 0.376372   ,  0.301545   ,  0.384333   ])
270     , -984.022    , array([ 0.370579   ,  0.295862   ,  0.37096    ])
271     , -905.575    , array([ 0.384237   ,  0.281223   ,  0.388897   ])
272     , -812.425    , array([ 0.388231   ,  0.263939   ,  0.412544   ])
273     , -791.303    , array([ 0.362994   ,  0.272444   ,  0.437629   ])
274     , -707.877    , array([ 0.348286   ,  0.258964   ,  0.492466   ])
275     , -694.365    , array([ 0.370579   ,  0.254082   ,  0.492466   ])
276     , -628.116    , array([ 0.370579   ,  0.23546    ,  0.567415   ])
277     , -597.739    , array([ 0.361122   ,  0.211391   ,  0.616298   ])
278     , -632.173    , array([ 0.35373    ,  0.176992   ,  0.780426   ])
279     , -659.384    , array([ 0.333599   ,  0.208286   ,  0.750311   ])
280     , -648.762    , array([ 0.36133    ,  0.183599   ,  0.832234   ])
281     , -580.628    , array([ 0.397864   ,  0.209857   ,  0.585306   ])
282     , -598.916    , array([ 0.4345     ,  0.210648   ,  0.516957   ])
likelihood = -580.63
theta = 439.28
Optimized parameters = [0.39786408 0.20985727 0.58530647]

Round_4_Replicate_1
283     , -609.629    , array([ 0.428707   ,  0.212826   ,  0.836587   ])
284     , -620.842    , array([ 0.410931   ,  0.212826   ,  0.836587   ])
285     , -601.89     , array([ 0.428707   ,  0.196982   ,  0.836587   ])
286     , -607.695    , array([ 0.428707   ,  0.212826   ,  0.829157   ])
287     , -593.382    , array([ 0.447252   ,  0.202128   ,  0.831626   ])
288     , -582.871    , array([ 0.4666     ,  0.196982   ,  0.829157   ])
289     , -585.292    , array([ 0.45361    ,  0.191967   ,  0.826695   ])
290     , -577.012    , array([ 0.471011   ,  0.17921    ,  0.832451   ])
291     , -570.25     , array([ 0.493704   ,  0.164448   ,  0.834103   ])
292     , -564.042    , array([ 0.517491   ,  0.17167    ,  0.823423   ])
293     , -561.298    , array([ 0.568556   ,  0.160262   ,  0.816919   ])
294     , -563.369    , array([ 0.568556   ,  0.156182   ,  0.826695   ])
295     , -580.763    , array([ 0.630568   ,  0.130387   ,  0.822608   ])
296     , -567.391    , array([ 0.584837   ,  0.144555   ,  0.82424    ])
297     , -578.853    , array([ 0.667197   ,  0.143317   ,  0.811271   ])
298     , -563.993    , array([ 0.532309   ,  0.15889    ,  0.828335   ])
299     , -563.038    , array([ 0.52898    ,  0.173649   ,  0.823695   ])
300     , -561.193    , array([ 0.578754   ,  0.16762    ,  0.81656    ])
301     , -562.737    , array([ 0.603474   ,  0.172163   ,  0.810735   ])
302     , -560.827    , array([ 0.548316   ,  0.178754   ,  0.811479   ])
303     , -563.339    , array([ 0.538467   ,  0.191235   ,  0.803977   ])
304     , -562.489    , array([ 0.603614   ,  0.163908   ,  0.806361   ])
305     , -560.915    , array([ 0.584022   ,  0.166291   ,  0.81066    ])
306     , -561.407    , array([ 0.571736   ,  0.182027   ,  0.808891   ])
307     , -560.633    , array([ 0.56935    ,  0.165446   ,  0.814905   ])
308     , -559.61     , array([ 0.555562   ,  0.172529   ,  0.808154   ])
309     , -559.377    , array([ 0.544317   ,  0.175037   ,  0.803984   ])
310     , -561.918    , array([ 0.525305   ,  0.179953   ,  0.80956    ])
311     , -560.03     , array([ 0.568755   ,  0.169606   ,  0.810385   ])
likelihood = -559.38
theta = 404.65
Optimized parameters = [0.54431688 0.17503697 0.80398411]

Round_4_Replicate_2
312     , -895.376    , array([ 0.306493   ,  0.243806   ,  0.322558   ])
313     , -887.245    , array([ 0.288896   ,  0.243806   ,  0.322558   ])
314     , -836.188    , array([ 0.306493   ,  0.227193   ,  0.322558   ])
315     , -945.129    , array([ 0.306493   ,  0.243806   ,  0.304816   ])
316     , -809.997    , array([ 0.294646   ,  0.232601   ,  0.341332   ])
317     , -758.323    , array([ 0.288896   ,  0.227193   ,  0.361199   ])
318     , -761.687    , array([ 0.283258   ,  0.221912   ,  0.34783    ])
319     , -695.114    , array([ 0.296588   ,  0.208419   ,  0.365769   ])
320     , -627.349    , array([ 0.300511   ,  0.192701   ,  0.389499   ])
321     , -639.697    , array([ 0.275911   ,  0.200406   ,  0.414769   ])
322     , -604.624    , array([ 0.293358   ,  0.191696   ,  0.432519   ])
323     , -573.167    , array([ 0.298543   ,  0.178169   ,  0.482308   ])
324     , -557.783    , array([ 0.294002   ,  0.159229   ,  0.505062   ])
325     , -590.048    , array([ 0.296588   ,  0.133301   ,  0.597232   ])
326     , -534.813    , array([ 0.321151   ,  0.154851   ,  0.501547   ])
327     , -529.126    , array([ 0.346482   ,  0.136118   ,  0.551523   ])
328     , -606.023    , array([ 0.324213   ,  0.12773    ,  0.673466   ])
329     , -563.804    , array([ 0.318118   ,  0.14156    ,  0.587305   ])
330     , -566.437    , array([ 0.340464   ,  0.11851    ,  0.620188   ])
331     , -551.591    , array([ 0.329462   ,  0.131227   ,  0.582403   ])
332     , -523.825    , array([ 0.327066   ,  0.141807   ,  0.506475   ])
333     , -513.675    , array([ 0.331634   ,  0.141931   ,  0.470332   ])
334     , -524.799    , array([ 0.383483   ,  0.116768   ,  0.56163    ])
335     , -505.464    , array([ 0.378662   ,  0.131075   ,  0.475397   ])
336     , -516.017    , array([ 0.405952   ,  0.130999   ,  0.429509   ])
337     , -502.584    , array([ 0.382024   ,  0.123225   ,  0.454685   ])
338     , -510.623    , array([ 0.401141   ,  0.117243   ,  0.412842   ])
339     , -534.602    , array([ 0.344287   ,  0.148893   ,  0.38785    ])
340     , -509.901    , array([ 0.373285   ,  0.124082   ,  0.511981   ])
likelihood = -502.58
theta = 507.99
Optimized parameters = [0.3820244  0.12322455 0.45468475]

Round_4_Replicate_3
341     , -765.001    , array([ 0.293404   ,  0.208289   ,  0.844935   ])
342     , -800.44     , array([ 0.275956   ,  0.208289   ,  0.844935   ])
343     , -756.283    , array([ 0.293404   ,  0.192575   ,  0.844935   ])
344     , -761.536    , array([ 0.293404   ,  0.208289   ,  0.837846   ])
345     , -723.922    , array([ 0.311956   ,  0.197676   ,  0.840202   ])
346     , -690.707    , array([ 0.331681   ,  0.192575   ,  0.837846   ])
347     , -706.792    , array([ 0.318397   ,  0.187605   ,  0.835497   ])
348     , -679.985    , array([ 0.33623    ,  0.174969   ,  0.840989   ])
349     , -650.795    , array([ 0.359934   ,  0.160365   ,  0.842565   ])
350     , -622.782    , array([ 0.385307   ,  0.167508   ,  0.832374   ])
351     , -585.464    , array([ 0.441548   ,  0.156226   ,  0.826164   ])
352     , -589.171    , array([ 0.441548   ,  0.152195   ,  0.835497   ])
353     , -580.562    , array([ 0.512938   ,  0.126739   ,  0.831595   ])
354     , -614.683    , array([ 0.637878   ,  0.102817   ,  0.828487   ])
355     , -576.234    , array([ 0.598584   ,  0.130096   ,  0.819744   ])
356     , -627.081    , array([ 0.771927   ,  0.117177   ,  0.808567   ])
357     , -581.003    , array([ 0.597678   ,  0.123468   ,  0.816256   ])
358     , -635.781    , array([ 0.731353   ,  0.102817   ,  0.818864   ])
359     , -571.91     , array([ 0.500916   ,  0.140712   ,  0.824333   ])
360     , -578.354    , array([ 0.480289   ,  0.141944   ,  0.834262   ])
361     , -564.428    , array([ 0.535628   ,  0.149131   ,  0.820623   ])
362     , -560.68     , array([ 0.547347   ,  0.161769   ,  0.815191   ])
363     , -569.49     , array([ 0.624117   ,  0.145282   ,  0.805486   ])
364     , -561.795    , array([ 0.514917   ,  0.170619   ,  0.810217   ])
365     , -565.91     , array([ 0.626727   ,  0.179373   ,  0.796483   ])
likelihood = -560.68
theta = 409.09
Optimized parameters = [0.54734664 0.16176902 0.81519084]

Round_4_Replicate_4
366     , -781.455    , array([ 0.209717   ,  0.189786   ,  0.563188   ])
367     , -834.657    , array([ 0.193962   ,  0.189786   ,  0.563188   ])
368     , -763.094    , array([ 0.209717   ,  0.174654   ,  0.563188   ])
369     , -769.971    , array([ 0.209717   ,  0.189786   ,  0.54725    ])
370     , -713.236    , array([ 0.226753   ,  0.179559   ,  0.552512   ])
371     , -662.665    , array([ 0.245172   ,  0.174654   ,  0.54725    ])
372     , -680.442    , array([ 0.232733   ,  0.169883   ,  0.542039   ])
373     , -642.682    , array([ 0.249464   ,  0.157787   ,  0.554277   ])
374     , -599.008    , array([ 0.272079   ,  0.143872   ,  0.557824   ])
375     , -560.917    , array([ 0.296744   ,  0.150669   ,  0.535167   ])
376     , -518.535    , array([ 0.352985   ,  0.139941   ,  0.521683   ])
377     , -523.392    , array([ 0.352985   ,  0.136119   ,  0.542039   ])
378     , -520.545    , array([ 0.427236   ,  0.112128   ,  0.533462   ])
379     , -546.646    , array([ 0.520106   ,  0.115277   ,  0.507999   ])
380     , -518.194    , array([ 0.442326   ,  0.121843   ,  0.520022   ])
381     , -527.171    , array([ 0.465966   ,  0.113168   ,  0.50854    ])
382     , -514.703    , array([ 0.378361   ,  0.129978   ,  0.533462   ])
383     , -523.547    , array([ 0.355033   ,  0.151599   ,  0.516715   ])
384     , -514.196    , array([ 0.407913   ,  0.12091    ,  0.529225   ])
385     , -532.021    , array([ 0.473211   ,  0.11019    ,  0.533462   ])
386     , -512.715    , array([ 0.379823   ,  0.131824   ,  0.524604   ])
387     , -525.943    , array([ 0.341162   ,  0.133377   ,  0.538305   ])
388     , -513.43     , array([ 0.414521   ,  0.12463    ,  0.524534   ])
389     , -514.485    , array([ 0.423862   ,  0.121576   ,  0.518871   ])
390     , -512.985    , array([ 0.411998   ,  0.123624   ,  0.522481   ])
391     , -511.518    , array([ 0.395774   ,  0.132644   ,  0.518573   ])
392     , -512.491    , array([ 0.389841   ,  0.138931   ,  0.513327   ])
393     , -512.214    , array([ 0.377632   ,  0.134143   ,  0.519239   ])
likelihood = -511.52
theta = 492.98
Optimized parameters = [0.39577404 0.13264377 0.51857275]

Round_4_Replicate_5
394     , -571.963    , array([ 0.230159   ,  0.151071   ,  0.381144   ])
395     , -594.711    , array([ 0.21386    ,  0.151071   ,  0.381144   ])
396     , -547.355    , array([ 0.230159   ,  0.137449   ,  0.381144   ])
397     , -570.184    , array([ 0.230159   ,  0.151071   ,  0.363198   ])
398     , -536.887    , array([ 0.2477     ,  0.141847   ,  0.369084   ])
399     , -520.255    , array([ 0.266578   ,  0.137449   ,  0.363198   ])
400     , -517.886    , array([ 0.253839   ,  0.133187   ,  0.357405   ])
401     , -501.731    , array([ 0.266578   ,  0.125055   ,  0.346097   ])
402     , -489.342    , array([ 0.279957   ,  0.117419   ,  0.363198   ])
403     , -482.427    , array([ 0.308761   ,  0.103518   ,  0.363198   ])
404     , -502.087    , array([ 0.340529   ,  0.106831   ,  0.335146   ])
405     , -501.515    , array([ 0.346132   ,  0.0903101  ,  0.333355   ])
406     , -480.743    , array([ 0.27393    ,  0.103881   ,  0.359968   ])
407     , -496.609    , array([ 0.245687   ,  0.102437   ,  0.373061   ])
408     , -514.554    , array([ 0.356323   ,  0.0784203  ,  0.357831   ])
409     , -483.891    , array([ 0.286635   ,  0.111284   ,  0.348994   ])
410     , -518.81     , array([ 0.242002   ,  0.124812   ,  0.383039   ])
411     , -484.566    , array([ 0.316509   ,  0.0979188  ,  0.345136   ])
412     , -491.613    , array([ 0.264651   ,  0.115113   ,  0.369964   ])
413     , -480.878    , array([ 0.302662   ,  0.10196    ,  0.351182   ])
414     , -482.275    , array([ 0.303028   ,  0.095549   ,  0.367403   ])
415     , -478.527    , array([ 0.277821   ,  0.0973745  ,  0.355754   ])
416     , -479.481    , array([ 0.263534   ,  0.0944407  ,  0.35209    ])
417     , -480.449    , array([ 0.267152   ,  0.106836   ,  0.344209   ])
418     , -487.778    , array([ 0.246122   ,  0.103285   ,  0.355324   ])
419     , -478.728    , array([ 0.287413   ,  0.10229    ,  0.352213   ])
420     , -476.84     , array([ 0.280789   ,  0.100336   ,  0.341655   ])
421     , -476.581    , array([ 0.284283   ,  0.0986095  ,  0.332851   ])
likelihood = -476.58
theta = 579.13
Optimized parameters = [0.28428327 0.09860951 0.33285074]

Round_1_Replicate_1
1302    , -555.974    , array([ 0.455881   ,  0.160724   ,  0.458455   ])
1303    , -549.124    , array([ 0.438323   ,  0.160724   ,  0.458455   ])
1304    , -539.759    , array([ 0.455881   ,  0.146684   ,  0.458455   ])
1305    , -565.766    , array([ 0.455881   ,  0.160724   ,  0.440922   ])
1306    , -533.713    , array([ 0.444099   ,  0.151222   ,  0.476685   ])
1307    , -524.288    , array([ 0.438323   ,  0.146684   ,  0.495641   ])
1308    , -521.667    , array([ 0.432622   ,  0.142283   ,  0.482922   ])
1309    , -513.702    , array([ 0.421441   ,  0.133871   ,  0.495641   ])
likelihood = -513.7
theta = 483.46
Optimized parameters = [0.42144082 0.1338714  0.49564078]

Round_1_Replicate_2
1310    , -9830.32    , array([ 2.36878    ,  4.56845    ,  0.315801   ])
1311    , -9982.2     , array([ 2.47315    ,  4.56845    ,  0.315801   ])
1312    , -9993.49    , array([ 2.36878    ,  4.92898    ,  0.315801   ])
1313    , -10135.1    , array([ 2.36878    ,  4.56845    ,  0.298116   ])
1314    , -9741.21    , array([ 2.43786    ,  4.80575    ,  0.334536   ])
1315    , -9546.49    , array([ 2.47315    ,  4.92898    ,  0.354383   ])
1316    , -9571.19    , array([ 2.50895    ,  4.45423    ,  0.341025   ])
likelihood = -9546.49
theta = 125.5
Optimized parameters = [2.47314963 4.92898207 0.35438279]

Round_1_Replicate_3
1317    , -1496.42    , array([ 2.21895    ,  0.193876   ,  0.327983   ])
1318    , -1510.17    , array([ 2.30917    ,  0.193876   ,  0.327983   ])
1319    , -1424.78    , array([ 2.21895    ,  0.178608   ,  0.327983   ])
1320    , -1558.6     , array([ 2.21895    ,  0.193876   ,  0.310202   ])
1321    , -1403.39    , array([ 2.27869    ,  0.183559   ,  0.346784   ])
1322    , -1340.24    , array([ 2.30917    ,  0.178608   ,  0.366663   ])
1323    , -1334.11    , array([ 2.18967    ,  0.173791   ,  0.353288   ])
1324    , -1263.3     , array([ 2.13226    ,  0.164542   ,  0.366663   ])
likelihood = -1263.3
theta = 314.87
Optimized parameters = [2.13226034 0.16454222 0.36666258]

Round_1_Replicate_4
1325    , -11569.6    , array([ 1.61985    ,  2.49666    ,  0.137796   ])
1326    , -11649.8    , array([ 1.65939    ,  2.49666    ,  0.137796   ])
1327    , -11687.2    , array([ 1.61985    ,  2.61353    ,  0.137796   ])
1328    , -12126.1    , array([ 1.61985    ,  2.49666    ,  0.124795   ])
1329    , -11148.3    , array([ 1.64611    ,  2.57397    ,  0.152151   ])
1330    , -10668.2    , array([ 1.65939    ,  2.61353    ,  0.168001   ])
1331    , -10900.6    , array([ 1.67278    ,  2.45887    ,  0.157261   ])
likelihood = -10668.24
theta = 188.22
Optimized parameters = [1.6593913  2.61352607 0.16800108]

Round_1_Replicate_5
1332    , -9326.68    , array([ 3.47576    ,  3.02679    ,  0.350072   ])
1333    , -9487.28    , array([ 3.69915    ,  3.02679    ,  0.350072   ])
1334    , -9499.39    , array([ 3.47576    ,  3.19913    ,  0.350072   ])
1335    , -9601.53    , array([ 3.47576    ,  3.02679    ,  0.332173   ])
1336    , -9280.54    , array([ 3.62314    ,  3.14062    ,  0.368934   ])
1337    , -9122.3     , array([ 3.69915    ,  3.19913    ,  0.388814   ])
1338    , -9117.32    , array([ 3.77676    ,  2.97143    ,  0.375445   ])
1339    , -8912.76    , array([ 3.9369     ,  2.86374    ,  0.388814   ])
likelihood = -8912.76
theta = 141.36
Optimized parameters = [3.93690124 2.86373622 0.38881355]

Round_1_Replicate_6
1340    , -1446.75    , array([ 0.388599   ,  0.130519   ,  3.95294    ])
1341    , -1476.31    , array([ 0.37066    ,  0.130519   ,  3.95294    ])
1342    , -1470.21    , array([ 0.388599   ,  0.117884   ,  3.95294    ])
1343    , -1494.67    , array([ 0.388599   ,  0.130519   ,  4.23415    ])
1344    , -1433.73    , array([ 0.376546   ,  0.121954   ,  3.6904     ])
1345    , -1403.07    , array([ 0.37066    ,  0.117884   ,  3.44531    ])
1346    , -1404.21    , array([ 0.394769   ,  0.113951   ,  3.60683    ])
likelihood = -1403.07
theta = 269.34
Optimized parameters = [0.3706604  0.11788429 3.4453064 ]

Round_1_Replicate_7
1347    , -15606.1    , array([ 5.07227    ,  3.06362    ,  0.13325    ])
1348    , -15780.3    , array([ 5.50126    ,  3.06362    ,  0.13325    ])
1349    , -15810.7    , array([ 5.07227    ,  3.24001    ,  0.13325    ])
1350    , -16150.2    , array([ 5.07227    ,  3.06362    ,  0.120476   ])
1351    , -15322.4    , array([ 5.35438    ,  3.18012    ,  0.147379   ])
1352    , -14899.8    , array([ 5.50126    ,  3.24001    ,  0.163005   ])
1353    , -15039      , array([ 5.65218    ,  3.00699    ,  0.152414   ])
likelihood = -14899.83
theta = 176.55
Optimized parameters = [5.50126249 3.24001441 0.16300533]

Round_1_Replicate_8
1354    , -818.335    , array([ 1.56366    ,  1.05819    ,  5.38392    ])
1355    , -811.794    , array([ 1.59901    ,  1.05819    ,  5.38392    ])
1356    , -819.004    , array([ 1.56366    ,  1.06119    ,  5.38392    ])
1357    , -827.467    , array([ 1.56366    ,  1.05819    ,  5.85671    ])
1358    , -810.223    , array([ 1.58714    ,  1.06019    ,  4.9493     ])
1359    , -809.458    , array([ 1.59901    ,  1.06119    ,  4.54977    ])
1360    , -805.598    , array([ 1.61097    ,  1.0572     ,  4.81237    ])
1361    , -803.342    , array([ 1.63515    ,  1.0552     ,  4.54977    ])
likelihood = -803.34
theta = 116.71
Optimized parameters = [1.63515156 1.05520448 4.54976523]

Round_1_Replicate_9
1362    , -6888.74    , array([ 3.55981    ,  4.00151    ,  0.695926   ])
1363    , -7041.78    , array([ 3.79314    ,  4.00151    ,  0.695926   ])
1364    , -7064.62    , array([ 3.55981    ,  4.28879    ,  0.695926   ])
1365    , -6968.18    , array([ 3.55981    ,  4.00151    ,  0.683426   ])
1366    , -6859.16    , array([ 3.71371    ,  3.73347    ,  0.687568   ])
1367    , -6749.91    , array([ 3.79314    ,  3.48338    ,  0.683426   ])
1368    , -6703.8     , array([ 3.48527    ,  3.64817    ,  0.679309   ])
1369    , -6537.72    , array([ 3.34084    ,  3.48338    ,  0.67115    ])
likelihood = -6537.72
theta = 112.25
Optimized parameters = [3.34083993 3.48338264 0.67115015]

Round_1_Replicate_10
1370    , -1162.95    , array([ 1.37015    ,  0.629359   ,  1.04127    ])
1371    , -1169.94    , array([ 1.39189    ,  0.629359   ,  1.04127    ])
1372    , -1143.29    , array([ 1.37015    ,  0.614955   ,  1.04127    ])
1373    , -1161.09    , array([ 1.37015    ,  0.629359   ,  1.04338    ])
1374    , -1141.72    , array([ 1.34874    ,  0.619719   ,  1.04267    ])
1375    , -1127.92    , array([ 1.32767    ,  0.614955   ,  1.04338    ])
1376    , -1125.41    , array([ 1.34168    ,  0.610227   ,  1.04408    ])
1377    , -1107.21    , array([ 1.32767    ,  0.60088    ,  1.04549    ])
likelihood = -1107.21
theta = 218.13
Optimized parameters = [1.32767117 0.60088041 1.0454878 ]

Round_2_Replicate_1
1378    , -918.304    , array([ 0.147439   ,  0.0978801  ,  0.499303   ])
1379    , -999.146    , array([ 0.133981   ,  0.0978801  ,  0.499303   ])
1380    , -926.137    , array([ 0.147439   ,  0.0871424  ,  0.499303   ])
1381    , -894.396    , array([ 0.147439   ,  0.0978801  ,  0.482261   ])
1382    , -831.568    , array([ 0.162249   ,  0.0905839  ,  0.487876   ])
1383    , -758.733    , array([ 0.178547   ,  0.0871424  ,  0.482261   ])
1384    , -786.05     , array([ 0.167509   ,  0.101746   ,  0.476711   ])
1385    , -713.026    , array([ 0.182385   ,  0.0929535  ,  0.46222    ])
1386    , -632.293    , array([ 0.202851   ,  0.0905839  ,  0.444725   ])
1387    , -595.956    , array([ 0.225614   ,  0.0882748  ,  0.453388   ])
1388    , -529.879    , array([ 0.279088   ,  0.0838316  ,  0.439607   ])
likelihood = -529.88
theta = 599.37
Optimized parameters = [0.27908841 0.08383156 0.43960661]

Round_2_Replicate_2
1389    , -1319.79    , array([ 0.246798   ,  0.0698139  ,  1.69439    ])
1390    , -1361.78    , array([ 0.230122   ,  0.0698139  ,  1.69439    ])
1391    , -1352.08    , array([ 0.246798   ,  0.0611138  ,  1.69439    ])
1392    , -1335.31    , array([ 0.246798   ,  0.0698139  ,  1.73966    ])
1393    , -1311.84    , array([ 0.264682   ,  0.0638862  ,  1.72444    ])
1394    , -1287.21    , array([ 0.283862   ,  0.0611138  ,  1.73966    ])
1395    , -1274.83    , array([ 0.270926   ,  0.072981   ,  1.75502    ])
1396    , -1236.84    , array([ 0.283862   ,  0.0797526  ,  1.78614    ])
1397    , -1227.92    , array([ 0.297414   ,  0.0698139  ,  1.73966    ])
1398    , -1177.11    , array([ 0.326492   ,  0.0698139  ,  1.73966    ])
1399    , -1151.55    , array([ 0.358413   ,  0.0698139  ,  1.81781    ])
1400    , -1081.07    , array([ 0.431921   ,  0.0698139  ,  1.88286    ])
likelihood = -1081.07
theta = 375.7
Optimized parameters = [0.43192117 0.06981393 1.88285595]

Round_2_Replicate_3
1401    , -993.25     , array([ 0.31717    ,  0.0491218  ,  1.04137    ])
1402    , -1021.75    , array([ 0.299473   ,  0.0491218  ,  1.04137    ])
1403    , -1033.29    , array([ 0.31717    ,  0.0422511  ,  1.04137    ])
1404    , -994.384    , array([ 0.31717    ,  0.0491218  ,  1.04349    ])
1405    , -975.438    , array([ 0.305259   ,  0.0571098  ,  1.04278    ])
1406    , -946.452    , array([ 0.299473   ,  0.0663968  ,  1.04349    ])
1407    , -935.833    , array([ 0.323299   ,  0.0600514  ,  1.04419    ])
1408    , -890.916    , array([ 0.335914   ,  0.0663968  ,  1.0456     ])
1409    , -898.689    , array([ 0.31717    ,  0.0734127  ,  1.04349    ])
1410    , -854.02     , array([ 0.31717    ,  0.0959627  ,  1.04702    ])
1411    , -816.968    , array([ 0.31717    ,  0.134127   ,  1.04985    ])
likelihood = -816.97
theta = 467.13
Optimized parameters = [0.31717033 0.13412706 1.04985158]

Round_2_Replicate_4
1412    , -808.22     , array([ 0.175674   ,  0.0587139  ,  0.469685   ])
1413    , -868.306    , array([ 0.161043   ,  0.0587139  ,  0.469685   ])
1414    , -836.351    , array([ 0.175674   ,  0.0509539  ,  0.469685   ])
1415    , -783.003    , array([ 0.175674   ,  0.0587139  ,  0.452269   ])
1416    , -757.998    , array([ 0.191633   ,  0.0534194  ,  0.458001   ])
1417    , -716.843    , array([ 0.209043   ,  0.0509539  ,  0.452269   ])
1418    , -699.776    , array([ 0.197269   ,  0.0615548  ,  0.446608   ])
1419    , -642.173    , array([ 0.209043   ,  0.0676556  ,  0.435499   ])
1420    , -631.49     , array([ 0.22152    ,  0.0587139  ,  0.424666   ])
1421    , -579.137    , array([ 0.248751   ,  0.0587139  ,  0.403801   ])
1422    , -566.362    , array([ 0.27933    ,  0.0587139  ,  0.408919   ])
1423    , -563.378    , array([ 0.352228   ,  0.0587139  ,  0.388828   ])
likelihood = -563.38
theta = 578.9
Optimized parameters = [0.352228   0.05871387 0.38882838]

Round_2_Replicate_5
1424    , -790.917    , array([ 0.42429    ,  0.0367487  ,  0.201689   ])
1425    , -773.804    , array([ 0.406486   ,  0.0367487  ,  0.201689   ])
1426    , -833.948    , array([ 0.42429    ,  0.0311533  ,  0.201689   ])
1427    , -808.24     , array([ 0.42429    ,  0.0367487  ,  0.186173   ])
1428    , -753.71     , array([ 0.412336   ,  0.0433491  ,  0.191207   ])
1429    , -728.853    , array([ 0.406486   ,  0.0511349  ,  0.186173   ])
1430    , -712.547    , array([ 0.400719   ,  0.0458028  ,  0.207143   ])
1431    , -668.946    , array([ 0.389429   ,  0.0511349  ,  0.218498   ])
1432    , -664.241    , array([ 0.378458   ,  0.0570878  ,  0.201689   ])
1433    , -641.6      , array([ 0.357433   ,  0.0711531  ,  0.201689   ])
1434    , -692.2      , array([ 0.362577   ,  0.0886838  ,  0.201689   ])
likelihood = -641.6
theta = 547.08
Optimized parameters = [0.35743316 0.07115306 0.2016889 ]

Round_2_Replicate_6
1435    , -1113.05    , array([ 0.486071   ,  0.0491498  ,  1.80103    ])
1436    , -1127.28    , array([ 0.468851   ,  0.0491498  ,  1.80103    ])
1437    , -1163.13    , array([ 0.486071   ,  0.0422764  ,  1.80103    ])
1438    , -1129.55    , array([ 0.486071   ,  0.0491498  ,  1.8548     ])
1439    , -1085.11    , array([ 0.474522   ,  0.0571407  ,  1.8367     ])
1440    , -1050.8     , array([ 0.468851   ,  0.0664308  ,  1.8548     ])
1441    , -1063.2     , array([ 0.463247   ,  0.0600833  ,  1.78345    ])
1442    , -1026.15    , array([ 0.476428   ,  0.0686923  ,  1.82473    ])
1443    , -983.781    , array([ 0.480262   ,  0.0812085  ,  1.8367     ])
1444    , -969.541    , array([ 0.45588    ,  0.0960052  ,  1.84874    ])
1445    , -927.404    , array([ 0.441495   ,  0.134178   ,  1.87307    ])
likelihood = -927.4
theta = 352.9
Optimized parameters = [0.4414955  0.13417797 1.87307479]

Round_2_Replicate_7
1446    , -1121.41    , array([ 1.51607    ,  0.0433231  ,  0.539936   ])
1447    , -1129.52    , array([ 1.54795    ,  0.0433231  ,  0.539936   ])
1448    , -1164.9     , array([ 1.51607    ,  0.0370302  ,  0.539936   ])
1449    , -1123.12    , array([ 1.51607    ,  0.0433231  ,  0.523552   ])
1450    , -1083.3     , array([ 1.53725    ,  0.0506855  ,  0.528957   ])
1451    , -1044.01    , array([ 1.54795    ,  0.0592991  ,  0.523552   ])
1452    , -1061.57    , array([ 1.50559    ,  0.0534079  ,  0.518201   ])
1453    , -1029.95    , array([ 1.53016    ,  0.0614038  ,  0.530771   ])
1454    , -991.616    , array([ 1.53725    ,  0.0731027  ,  0.534419   ])
1455    , -966.902    , array([ 1.54437    ,  0.0870304  ,  0.511153   ])
1456    , -945.811    , array([ 1.55872    ,  0.123352   ,  0.497342   ])
likelihood = -945.81
theta = 331.22
Optimized parameters = [1.55871859 0.12335212 0.49734165]

Round_2_Replicate_8
1457    , -3055.44    , array([ 0.885014   ,  0.433104   ,  0.230914   ])
1458    , -3049.35    , array([ 0.879625   ,  0.433104   ,  0.230914   ])
1459    , -2961.69    , array([ 0.885014   ,  0.415358   ,  0.230914   ])
1460    , -3277.2     , array([ 0.885014   ,  0.433104   ,  0.214596   ])
1461    , -2782.17    , array([ 0.881418   ,  0.421191   ,  0.248472   ])
1462    , -2557.38    , array([ 0.879625   ,  0.415358   ,  0.267365   ])
1463    , -2654.34    , array([ 0.877836   ,  0.409605   ,  0.254616   ])
1464    , -2418.16    , array([ 0.882016   ,  0.394652   ,  0.271755   ])
1465    , -2143.34    , array([ 0.883214   ,  0.376725   ,  0.29481    ])
1466    , -2002.44    , array([ 0.875456   ,  0.385584   ,  0.31982    ])
1467    , -1634.74    , array([ 0.870716   ,  0.371508   ,  0.376386   ])
likelihood = -1634.74
theta = 314.67
Optimized parameters = [0.8707164  0.37150782 0.37638578]

Round_2_Replicate_9
1468    , -584.2      , array([ 0.150031   ,  0.0501685  ,  0.266777   ])
1469    , -625.641    , array([ 0.136455   ,  0.0501685  ,  0.266777   ])
1470    , -614.949    , array([ 0.150031   ,  0.0431969  ,  0.266777   ])
1471    , -554.135    , array([ 0.150031   ,  0.0501685  ,  0.249721   ])
1472    , -557.163    , array([ 0.164958   ,  0.0454059  ,  0.255282   ])
1473    , -518.938    , array([ 0.159824   ,  0.0545168  ,  0.247895   ])
1474    , -484.823    , array([ 0.164958   ,  0.0612448  ,  0.238961   ])
1475    , -489.362    , array([ 0.170256   ,  0.053618   ,  0.230349   ])
1476    , -472.258    , array([ 0.158148   ,  0.0661853  ,  0.224781   ])
1477    , -480.587    , array([ 0.15485    ,  0.0799073  ,  0.210926   ])
likelihood = -472.26
theta = 723.11
Optimized parameters = [0.15814849 0.06618533 0.22478096]

Round_2_Replicate_10
1478    , -1227.03    , array([ 0.483134   ,  0.313435   ,  0.342852   ])
1479    , -1210.01    , array([ 0.465876   ,  0.313435   ,  0.342852   ])
1480    , -1163.65    , array([ 0.483134   ,  0.295771   ,  0.342852   ])
1481    , -1300.63    , array([ 0.483134   ,  0.313435   ,  0.324984   ])
1482    , -1108.02    , array([ 0.471559   ,  0.301545   ,  0.361702   ])
1483    , -1024.72    , array([ 0.465876   ,  0.295771   ,  0.381589   ])
1484    , -1039.85    , array([ 0.460262   ,  0.290107   ,  0.368213   ])
1485    , -953.791    , array([ 0.473469   ,  0.275527   ,  0.386155   ])
1486    , -850.661    , array([ 0.477311   ,  0.258329   ,  0.409816   ])
1487    , -814.547    , array([ 0.452881   ,  0.266789   ,  0.434927   ])
1488    , -704.827    , array([ 0.438473   ,  0.253381   ,  0.489859   ])
likelihood = -704.83
theta = 407.22
Optimized parameters = [0.43847305 0.25338146 0.48985901]

Round_3_Replicate_1
1489    , -717.853    , array([ 0.253424   ,  0.027412   ,  0.158909   ])
1490    , -693.903    , array([ 0.236614   ,  0.027412   ,  0.158909   ])
1491    , -770.619    , array([ 0.253424   ,  0.0229001  ,  0.158909   ])
1492    , -734.635    , array([ 0.253424   ,  0.027412   ,  0.144946   ])
1493    , -662.825    , array([ 0.24209    ,  0.0328128  ,  0.149459   ])
1494    , -621.841    , array([ 0.236614   ,  0.0392777  ,  0.144946   ])
1495    , -616.715    , array([ 0.231262   ,  0.03484    ,  0.163856   ])
1496    , -566.577    , array([ 0.220919   ,  0.0392777  ,  0.174217   ])
1497    , -543.921    , array([ 0.211038   ,  0.0442808  ,  0.158909   ])
1498    , -506.132    , array([ 0.192583   ,  0.0562798  ,  0.158909   ])
1499    , -553.167    , array([ 0.197039   ,  0.0715302  ,  0.158909   ])
1500    , -480.919    , array([ 0.174406   ,  0.0744468  ,  0.185234   ])
1501    , -559.937    , array([ 0.149735   ,  0.102493   ,  0.2094     ])
1502    , -754.77     , array([ 0.159559   ,  0.114019   ,  0.160541   ])
1503    , -504.705    , array([ 0.20366    ,  0.051269   ,  0.170693   ])
1504    , -478.013    , array([ 0.182881   ,  0.0501432  ,  0.184604   ])
1505    , -510.829    , array([ 0.176189   ,  0.041983   ,  0.198969   ])
1506    , -460.388    , array([ 0.180776   ,  0.0590096  ,  0.204002   ])
1507    , -471.204    , array([ 0.175147   ,  0.0604238  ,  0.231142   ])
1508    , -465.924    , array([ 0.157886   ,  0.0711431  ,  0.213886   ])
likelihood = -460.39
theta = 696.9
Optimized parameters = [0.18077585 0.05900961 0.2040023 ]

Round_3_Replicate_2
1509    , -1456.72    , array([ 0.0659168  ,  0.0989764  ,  0.357896   ])
1510    , -1586.41    , array([ 0.0575368  ,  0.0989764  ,  0.357896   ])
1511    , -1452.58    , array([ 0.0659168  ,  0.0881674  ,  0.357896   ])
1512    , -1427.64    , array([ 0.0659168  ,  0.0989764  ,  0.339974   ])
1513    , -1293.38    , array([ 0.0755173  ,  0.0916324  ,  0.345846   ])
1514    , -1136.85    , array([ 0.086516   ,  0.0881674  ,  0.339974   ])
1515    , -1219.38    , array([ 0.0790187  ,  0.0848334  ,  0.334201   ])
1516    , -1057.59    , array([ 0.08917    ,  0.0928174  ,  0.319282   ])
1517    , -865.356    , array([ 0.103712   ,  0.0952336  ,  0.301567   ])
1518    , -749.555    , array([ 0.120626   ,  0.0805834  ,  0.310298   ])
1519    , -548.158    , array([ 0.163179   ,  0.0727114  ,  0.296446   ])
1520    , -535.503    , array([ 0.163179   ,  0.0848334  ,  0.291413   ])
1521    , -465.308    , array([ 0.234494   ,  0.0848334  ,  0.272119   ])
1522    , -508.39     , array([ 0.289726   ,  0.0795545  ,  0.246953   ])
1523    , -691.721    , array([ 0.479393   ,  0.065328   ,  0.243685   ])
1524    , -534.02     , array([ 0.326946   ,  0.0717831  ,  0.257021   ])
1525    , -737.035    , array([ 0.484246   ,  0.0848334  ,  0.225397   ])
1526    , -467.444    , array([ 0.214173   ,  0.075569   ,  0.276819   ])
1527    , -487.484    , array([ 0.182297   ,  0.0889259  ,  0.273157   ])
likelihood = -465.31
theta = 623.87
Optimized parameters = [0.23449377 0.0848334  0.27211925]

Round_3_Replicate_3
1528    , -881.694    , array([ 0.0467814  ,  0.0539393  ,  0.112794   ])
1529    , -1057.01    , array([ 0.04014    ,  0.0539393  ,  0.112794   ])
1530    , -838.561    , array([ 0.0467814  ,  0.0466123  ,  0.112794   ])
1531    , -834.245    , array([ 0.0467814  ,  0.0539393  ,  0.101134   ])
1532    , -684.875    , array([ 0.0545217  ,  0.0489368  ,  0.10488    ])
1533    , -578.026    , array([ 0.0635427  ,  0.0466123  ,  0.101134   ])
1534    , -607.332    , array([ 0.0573766  ,  0.0443982  ,  0.0975222  ])
1535    , -608.395    , array([ 0.065742   ,  0.0497371  ,  0.0885081  ])
1536    , -506.028    , array([ 0.0824814  ,  0.0407185  ,  0.0903146  ])
1537    , -547.257    , array([ 0.109521   ,  0.0353782  ,  0.0853469  ])
1538    , -522.207    , array([ 0.068275   ,  0.0386449  ,  0.104598   ])
1539    , -479.727    , array([ 0.0878457  ,  0.0394661  ,  0.0994681  ])
1540    , -492.418    , array([ 0.108696   ,  0.0372095  ,  0.100456   ])
1541    , -488.429    , array([ 0.0984373  ,  0.0336438  ,  0.094859   ])
1542    , -570.087    , array([ 0.116922   ,  0.0369989  ,  0.0859322  ])
1543    , -484.342    , array([ 0.0781034  ,  0.0382266  ,  0.0995823  ])
1544    , -476.39     , array([ 0.0933278  ,  0.033667   ,  0.10622    ])
1545    , -499.499    , array([ 0.0992747  ,  0.0306134  ,  0.115194   ])
likelihood = -476.39
theta = 822.72
Optimized parameters = [0.09332781 0.03366702 0.10621962]

Round_3_Replicate_4
1546    , -1322.16    , array([ 0.0569016  ,  0.0183521  ,  0.187536   ])
1547    , -1501.68    , array([ 0.0493038  ,  0.0183521  ,  0.187536   ])
1548    , -1379.17    , array([ 0.0569016  ,  0.0150269  ,  0.187536   ])
1549    , -1230.52    , array([ 0.0569016  ,  0.0183521  ,  0.17248    ])
1550    , -1143.79    , array([ 0.0656702  ,  0.0160623  ,  0.177359   ])
1551    , -1011.11    , array([ 0.07579    ,  0.0150269  ,  0.17248    ])
1552    , -985.515    , array([ 0.0688837  ,  0.0196166  ,  0.167735   ])
1553    , -824.129    , array([ 0.07579    ,  0.022413   ,  0.158633   ])
1554    , -789.881    , array([ 0.0833888  ,  0.0183521  ,  0.150024   ])
1555    , -685.023    , array([ 0.100948   ,  0.0183521  ,  0.134184   ])
1556    , -681.475    , array([ 0.122206   ,  0.0183521  ,  0.13798    ])
1557    , -762.029    , array([ 0.179091   ,  0.0183521  ,  0.123411   ])
1558    , -570.063    , array([ 0.12616    ,  0.0256081  ,  0.118905   ])
1559    , -618.174    , array([ 0.162772   ,  0.0334297  ,  0.0987263  ])
1560    , -775.575    , array([ 0.1772     ,  0.0187642  ,  0.106681   ])
1561    , -681.337    , array([ 0.143302   ,  0.0196166  ,  0.117805   ])
1562    , -665.85     , array([ 0.168039   ,  0.0239574  ,  0.115634   ])
1563    , -654.478    , array([ 0.171645   ,  0.028616   ,  0.099958   ])
1564    , -599.545    , array([ 0.165092   ,  0.0344345  ,  0.104932   ])
likelihood = -570.06
theta = 784.84
Optimized parameters = [0.12616047 0.02560813 0.11890535]

Round_3_Replicate_5
1565    , -738.125    , array([ 0.198444   ,  0.0712304  ,  0.498511   ])
1566    , -788.321    , array([ 0.183029   ,  0.0712304  ,  0.498511   ])
1567    , -760.415    , array([ 0.198444   ,  0.0624164  ,  0.498511   ])
1568    , -716.959    , array([ 0.198444   ,  0.0712304  ,  0.481458   ])
1569    , -695.582    , array([ 0.215157   ,  0.065226   ,  0.487076   ])
1570    , -661.659    , array([ 0.233278   ,  0.0624164  ,  0.481458   ])
1571    , -649.115    , array([ 0.221035   ,  0.0744368  ,  0.475904   ])
1572    , -603.428    , array([ 0.233278   ,  0.0812891  ,  0.464988   ])
1573    , -593.041    , array([ 0.246198   ,  0.0712304  ,  0.454323   ])
1574    , -551.106    , array([ 0.274227   ,  0.0712304  ,  0.43372    ])
1575    , -541.849    , array([ 0.305446   ,  0.0712304  ,  0.438781   ])
1576    , -542.742    , array([ 0.37895    ,  0.0712304  ,  0.418883   ])
1577    , -500.081    , array([ 0.310984   ,  0.0887721  ,  0.412453   ])
1578    , -496.632    , array([ 0.359063   ,  0.105868   ,  0.381753   ])
1579    , -540.488    , array([ 0.414574   ,  0.0812891  ,  0.374442   ])
1580    , -561.459    , array([ 0.464545   ,  0.101308   ,  0.363972   ])
1581    , -516.326    , array([ 0.312852   ,  0.0777875  ,  0.41512    ])
1582    , -547.048    , array([ 0.42378    ,  0.107433   ,  0.346721   ])
1583    , -514.544    , array([ 0.331502   ,  0.0789376  ,  0.413696   ])
1584    , -523.277    , array([ 0.268985   ,  0.0923154  ,  0.434217   ])
1585    , -503.372    , array([ 0.299707   ,  0.089426   ,  0.418434   ])
likelihood = -496.63
theta = 533.08
Optimized parameters = [0.35906253 0.10586821 0.38175344]

Round_4_Replicate_1
1586    , -538.026    , array([ 0.194216   ,  0.0481457  ,  0.142976   ])
1587    , -514.015    , array([ 0.178936   ,  0.0481457  ,  0.142976   ])
1588    , -549.241    , array([ 0.194216   ,  0.04137    ,  0.142976   ])
1589    , -574.263    , array([ 0.194216   ,  0.0481457  ,  0.129726   ])
1590    , -510.586    , array([ 0.183891   ,  0.0435154  ,  0.157579   ])
1591    , -508.325    , array([ 0.178936   ,  0.04137    ,  0.173675   ])
1592    , -479.201    , array([ 0.174115   ,  0.0506425  ,  0.162771   ])
1593    , -460.829    , array([ 0.164859   ,  0.0560312  ,  0.173675   ])
1594    , -473.112    , array([ 0.156095   ,  0.0481457  ,  0.185308   ])
1595    , -509.453    , array([ 0.15468    ,  0.0481457  ,  0.220283   ])
1596    , -481.59     , array([ 0.160417   ,  0.0481457  ,  0.197721   ])
1597    , -466.466    , array([ 0.143815   ,  0.0619933  ,  0.197721   ])
1598    , -460.399    , array([ 0.149149   ,  0.0630469  ,  0.173675   ])
1599    , -496.969    , array([ 0.143815   ,  0.0721467  ,  0.162771   ])
1600    , -488.54     , array([ 0.148697   ,  0.075463   ,  0.177469   ])
1601    , -459.195    , array([ 0.154212   ,  0.0538706  ,  0.183316   ])
1602    , -477.263    , array([ 0.169082   ,  0.0533686  ,  0.158148   ])
1603    , -456.976    , array([ 0.149753   ,  0.0597145  ,  0.186984   ])
1604    , -466.129    , array([ 0.138345   ,  0.0616075  ,  0.189129   ])
1605    , -456.381    , array([ 0.157789   ,  0.0573761  ,  0.177416   ])
1606    , -467.763    , array([ 0.158767   ,  0.0514175  ,  0.191836   ])
1607    , -455.932    , array([ 0.151497   ,  0.0599136  ,  0.178047   ])
1608    , -460.52     , array([ 0.151747   ,  0.064596   ,  0.178246   ])
1609    , -456.298    , array([ 0.153592   ,  0.0563722  ,  0.182035   ])
1610    , -458.673    , array([ 0.158924   ,  0.0560791  ,  0.171652   ])
1611    , -455.666    , array([ 0.151995   ,  0.0587841  ,  0.183027   ])
1612    , -457.336    , array([ 0.147116   ,  0.0593157  ,  0.184705   ])
1613    , -455.601    , array([ 0.15505    ,  0.0578549  ,  0.179211   ])
1614    , -456.883    , array([ 0.152091   ,  0.061426   ,  0.17815    ])
1615    , -455.598    , array([ 0.153215   ,  0.0575953  ,  0.181056   ])
likelihood = -455.6
theta = 724.06
Optimized parameters = [0.15321514 0.05759528 0.18105627]

Round_4_Replicate_2
1616    , -1053.84    , array([ 0.107907   ,  0.0348572  ,  0.339921   ])
1617    , -1158.38    , array([ 0.0965391  ,  0.0348572  ,  0.339921   ])
1618    , -1094.29    , array([ 0.107907   ,  0.0294718  ,  0.339921   ])
1619    , -1008.46    , array([ 0.107907   ,  0.0348572  ,  0.322068   ])
1620    , -957.548    , array([ 0.120614   ,  0.0311675  ,  0.327912   ])
1621    , -878.405    , array([ 0.134817   ,  0.0294718  ,  0.322068   ])
1622    , -859.947    , array([ 0.125174   ,  0.0368627  ,  0.316327   ])
1623    , -757.398    , array([ 0.134817   ,  0.0412266  ,  0.305152   ])
1624    , -733.001    , array([ 0.145204   ,  0.0348572  ,  0.294371   ])
1625    , -640.794    , array([ 0.168438   ,  0.0348572  ,  0.273939   ])
1626    , -618.904    , array([ 0.195391   ,  0.0348572  ,  0.27891    ])
1627    , -619.723    , array([ 0.262924   ,  0.0348572  ,  0.259551   ])
1628    , -527.996    , array([ 0.200285   ,  0.0461071  ,  0.253401   ])
1629    , -499.146    , array([ 0.244117   ,  0.0576698  ,  0.224771   ])
1630    , -618.277    , array([ 0.297543   ,  0.0412266  ,  0.218134   ])
1631    , -626.94     , array([ 0.348012   ,  0.0545322  ,  0.208752   ])
1632    , -571.346    , array([ 0.290273   ,  0.0487599  ,  0.223427   ])
1633    , -739.291    , array([ 0.3906     ,  0.0682077  ,  0.176849   ])
1634    , -557.914    , array([ 0.232333   ,  0.0412266  ,  0.248885   ])
1635    , -483.793    , array([ 0.217501   ,  0.0576698  ,  0.246904   ])
1636    , -478.47     , array([ 0.185959   ,  0.0682077  ,  0.262682   ])
1637    , -521.728    , array([ 0.165683   ,  0.0609878  ,  0.26852    ])
1638    , -506.017    , array([ 0.165228   ,  0.0936496  ,  0.25357    ])
1639    , -487.977    , array([ 0.231271   ,  0.0842588  ,  0.226223   ])
1640    , -563.099    , array([ 0.290184   ,  0.0511397  ,  0.22201    ])
1641    , -463.961    , array([ 0.190209   ,  0.0805043  ,  0.245283   ])
1642    , -530.329    , array([ 0.166308   ,  0.103728   ,  0.26547    ])
1643    , -467.901    , array([ 0.221783   ,  0.066786   ,  0.23432    ])
likelihood = -463.96
theta = 665.18
Optimized parameters = [0.19020921 0.0805043  0.2452827 ]

Round_4_Replicate_3
1644    , -627.453    , array([ 0.0952921  ,  0.0461476  ,  0.189745   ])
1645    , -707.355    , array([ 0.0847246  ,  0.0461476  ,  0.189745   ])
1646    , -657.241    , array([ 0.0952921  ,  0.0395692  ,  0.189745   ])
1647    , -577.387    , array([ 0.0952921  ,  0.0461476  ,  0.174614   ])
1648    , -557.283    , array([ 0.107178   ,  0.0416506  ,  0.179519   ])
1649    , -522.32     , array([ 0.120546   ,  0.0395692  ,  0.174614   ])
1650    , -498.088    , array([ 0.11146    ,  0.0485751  ,  0.169843   ])
1651    , -465.497    , array([ 0.120546   ,  0.0538198  ,  0.16069    ])
1652    , -461.647    , array([ 0.130371   ,  0.0461476  ,  0.152029   ])
1653    , -488.246    , array([ 0.152491   ,  0.0461476  ,  0.136083   ])
1654    , -481.285    , array([ 0.160669   ,  0.0461476  ,  0.150632   ])
1655    , -517.949    , array([ 0.153825   ,  0.0596307  ,  0.136503   ])
1656    , -471.265    , array([ 0.14473    ,  0.0538198  ,  0.14517    ])
1657    , -484.674    , array([ 0.107645   ,  0.0566508  ,  0.154387   ])
1658    , -463.73     , array([ 0.145361   ,  0.0485751  ,  0.151562   ])
1659    , -481.838    , array([ 0.119848   ,  0.0453657  ,  0.164864   ])
1660    , -459.956    , array([ 0.138063   ,  0.051569   ,  0.149861   ])
1661    , -489.072    , array([ 0.157514   ,  0.0440919  ,  0.142173   ])
1662    , -457.782    , array([ 0.128882   ,  0.0512031  ,  0.155846   ])
1663    , -461.449    , array([ 0.120555   ,  0.050599   ,  0.153562   ])
1664    , -462.138    , array([ 0.127582   ,  0.0566329  ,  0.154117   ])
1665    , -458.555    , array([ 0.129668   ,  0.0485712  ,  0.152548   ])
1666    , -462.225    , array([ 0.144838   ,  0.0502613  ,  0.151907   ])
1667    , -458.285    , array([ 0.126215   ,  0.0505144  ,  0.153146   ])
1668    , -467.336    , array([ 0.119129   ,  0.0486413  ,  0.157925   ])
1669    , -457.599    , array([ 0.133064   ,  0.0508209  ,  0.151838   ])
1670    , -457.977    , array([ 0.129045   ,  0.0532259  ,  0.15466    ])
1671    , -457.314    , array([ 0.134551   ,  0.0529939  ,  0.15507    ])
1672    , -458.233    , array([ 0.138924   ,  0.054279   ,  0.156041   ])
likelihood = -457.31
theta = 743.19
Optimized parameters = [0.13455122 0.05299394 0.15507028]

Round_4_Replicate_4
1673    , -465.716    , array([ 0.13902    ,  0.0495046  ,  0.142439   ])
1674    , -459.461    , array([ 0.125959   ,  0.0495046  ,  0.142439   ])
1675    , -472.693    , array([ 0.13902    ,  0.0425969  ,  0.142439   ])
1676    , -486.534    , array([ 0.13902    ,  0.0495046  ,  0.129214   ])
1677    , -467.286    , array([ 0.13017    ,  0.0447851  ,  0.157017   ])
1678    , -460.111    , array([ 0.124586   ,  0.0538152  ,  0.151999   ])
1679    , -489.561    , array([ 0.129222   ,  0.0578536  ,  0.134933   ])
1680    , -459.146    , array([ 0.129933   ,  0.0477455  ,  0.151178   ])
1681    , -466.976    , array([ 0.115665   ,  0.0510909  ,  0.154766   ])
1682    , -459.923    , array([ 0.132772   ,  0.0498965  ,  0.145425   ])
1683    , -465.996    , array([ 0.134659   ,  0.0446883  ,  0.14082    ])
1684    , -458.197    , array([ 0.127031   ,  0.0513721  ,  0.149123   ])
1685    , -459.208    , array([ 0.122687   ,  0.0491436  ,  0.14967    ])
1686    , -460.467    , array([ 0.127073   ,  0.0492916  ,  0.157938   ])
1687    , -458.312    , array([ 0.126237   ,  0.0494512  ,  0.146165   ])
1688    , -458.784    , array([ 0.132967   ,  0.0498606  ,  0.14795    ])
1689    , -461.677    , array([ 0.1275     ,  0.0528253  ,  0.144382   ])
1690    , -458.096    , array([ 0.12932    ,  0.0489677  ,  0.14945    ])
1691    , -458.992    , array([ 0.122301   ,  0.0499787  ,  0.148527   ])
1692    , -458.165    , array([ 0.130217   ,  0.0498901  ,  0.148094   ])
1693    , -457.509    , array([ 0.131515   ,  0.0506902  ,  0.151662   ])
1694    , -457.184    , array([ 0.134237   ,  0.0513213  ,  0.154488   ])
1695    , -458.874    , array([ 0.135589   ,  0.0487627  ,  0.152197   ])
1696    , -457.755    , array([ 0.129119   ,  0.0507069  ,  0.149886   ])
1697    , -457.3      , array([ 0.131528   ,  0.0507577  ,  0.154488   ])
1698    , -456.995    , array([ 0.133943   ,  0.0529665  ,  0.156509   ])
1699    , -457.099    , array([ 0.136315   ,  0.0550867  ,  0.160163   ])
likelihood = -457.0
theta = 745.74
Optimized parameters = [0.13394262 0.0529665  0.15650925]

Round_4_Replicate_5
1700    , -567.768    , array([ 0.170485   ,  0.093859   ,  0.329191   ])
1701    , -612.352    , array([ 0.156052   ,  0.093859   ,  0.329191   ])
1702    , -568.928    , array([ 0.170485   ,  0.0833872  ,  0.329191   ])
1703    , -545.9      , array([ 0.170485   ,  0.093859   ,  0.311402   ])
1704    , -519.158    , array([ 0.186252   ,  0.0867411  ,  0.317222   ])
1705    , -491.783    , array([ 0.203478   ,  0.0833872  ,  0.311402   ])
1706    , -504.486    , array([ 0.191826   ,  0.097634   ,  0.305688   ])
1707    , -475.408    , array([ 0.207517   ,  0.0890516  ,  0.290959   ])
1708    , -465.435    , array([ 0.228949   ,  0.0867411  ,  0.273542   ])
1709    , -468.729    , array([ 0.252593   ,  0.0844905  ,  0.282116   ])
1710    , -481.504    , array([ 0.269698   ,  0.0737599  ,  0.272418   ])
1711    , -526.148    , array([ 0.30679    ,  0.0795798  ,  0.244608   ])
1712    , -468.49     , array([ 0.225475   ,  0.0824186  ,  0.293162   ])
1713    , -483.662    , array([ 0.205413   ,  0.0968765  ,  0.293632   ])
1714    , -469.505    , array([ 0.251951   ,  0.0789623  ,  0.277573   ])
1715    , -469.814    , array([ 0.219882   ,  0.0904938  ,  0.288178   ])
1716    , -466.392    , array([ 0.24352    ,  0.0816996  ,  0.280188   ])
1717    , -467.408    , array([ 0.214038   ,  0.0827     ,  0.282245   ])
1718    , -465.75     , array([ 0.231603   ,  0.0849718  ,  0.264824   ])
1719    , -477.011    , array([ 0.25715    ,  0.0862265  ,  0.263629   ])
1720    , -464.422    , array([ 0.224086   ,  0.0835678  ,  0.277471   ])
1721    , -467.386    , array([ 0.213828   ,  0.088608   ,  0.263846   ])
1722    , -464.936    , array([ 0.235731   ,  0.0833744  ,  0.27601    ])
1723    , -466.077    , array([ 0.227493   ,  0.0841247  ,  0.286959   ])
1724    , -464.779    , array([ 0.230569   ,  0.0847592  ,  0.270192   ])
1725    , -464.204    , array([ 0.231215   ,  0.0811486  ,  0.275541   ])
1726    , -464.985    , array([ 0.232357   ,  0.0784891  ,  0.276547   ])
likelihood = -464.2
theta = 632.45
Optimized parameters = [0.23121534 0.08114861 0.27554126]

Round_1_Replicate_1
2598    , -2241.39    , array([ 1.02388    ,  4.24277    ,  2.05381    ])
2599    , -2241.52    , array([ 1.02509    ,  4.24277    ,  2.05381    ])
2600    , -2305.61    , array([ 1.02388    ,  4.56071    ,  2.05381    ])
2601    , -2212.05    , array([ 1.02388    ,  4.24277    ,  2.12906    ])
2602    , -2157.38    , array([ 1.02469    ,  3.947      ,  2.10368    ])
2603    , -2083.32    , array([ 1.02509    ,  3.67185    ,  2.12906    ])
2604    , -2117.04    , array([ 1.02348    ,  3.85307    ,  2.15475    ])
likelihood = -2083.32
theta = 89.01
Optimized parameters = [1.02509061 3.67184961 2.12906153]

Round_1_Replicate_2
2605    , -2044.02    , array([ 1.52877    ,  2.04873    ,  1.51565    ])
2606    , -2059.17    , array([ 1.56157    ,  2.04873    ,  1.51565    ])
2607    , -2085.89    , array([ 1.52877    ,  2.12353    ,  1.51565    ])
2608    , -2013.35    , array([ 1.52877    ,  2.04873    ,  1.54749    ])
2609    , -1991.51    , array([ 1.55056    ,  1.97656    ,  1.53681    ])
2610    , -1944.43    , array([ 1.56157    ,  1.90694    ,  1.54749    ])
2611    , -1943.65    , array([ 1.518      ,  1.95308    ,  1.55826    ])
2612    , -1888.32    , array([ 1.49667    ,  1.90694    ,  1.58001    ])
likelihood = -1888.32
theta = 125.06
Optimized parameters = [1.49667085 1.90693599 1.58000716]

Round_1_Replicate_3
2613    , -2158.52    , array([ 4.74742    ,  0.168093   ,  0.20224    ])
2614    , -2171.93    , array([ 5.13192    ,  0.168093   ,  0.20224    ])
2615    , -2024.01    , array([ 4.74742    ,  0.153754   ,  0.20224    ])
2616    , -2293.75    , array([ 4.74742    ,  0.168093   ,  0.186707   ])
2617    , -1962.44    , array([ 5.00041    ,  0.158393   ,  0.219066   ])
2618    , -1830.36    , array([ 5.13192    ,  0.153754   ,  0.237291   ])
2619    , -1840.73    , array([ 4.62576    ,  0.149252   ,  0.22498    ])
likelihood = -1830.36
theta = 313.3
Optimized parameters = [5.13192383 0.15375442 0.23729081]

Round_1_Replicate_4
2620    , -547.668    , array([ 0.495809   ,  0.175798   ,  0.58341    ])
2621    , -544.417    , array([ 0.478719   ,  0.175798   ,  0.58341    ])
2622    , -537.883    , array([ 0.495809   ,  0.161162   ,  0.58341    ])
2623    , -550.137    , array([ 0.495809   ,  0.175798   ,  0.567901   ])
2624    , -537.588    , array([ 0.484349   ,  0.1659     ,  0.599343   ])
2625    , -534.743    , array([ 0.478719   ,  0.161162   ,  0.615711   ])
2626    , -531.91     , array([ 0.473154   ,  0.15656    ,  0.60475    ])
2627    , -529.733    , array([ 0.462217   ,  0.147745   ,  0.615711   ])
likelihood = -529.73
theta = 454.32
Optimized parameters = [0.46221717 0.14774543 0.61571084]

Round_1_Replicate_5
2628    , -1648.27    , array([ 0.139221   ,  0.127582   ,  1.87183    ])
2629    , -1721.55    , array([ 0.126151   ,  0.127582   ,  1.87183    ])
2630    , -1658.68    , array([ 0.139221   ,  0.115101   ,  1.87183    ])
2631    , -1667.17    , array([ 0.139221   ,  0.127582   ,  1.93143    ])
2632    , -1595.66    , array([ 0.153646   ,  0.11912    ,  1.91136    ])
2633    , -1534.01    , array([ 0.169565   ,  0.115101   ,  1.93143    ])
2634    , -1560.72    , array([ 0.158779   ,  0.111218   ,  1.85237    ])
likelihood = -1534.01
theta = 409.39
Optimized parameters = [0.16956457 0.1151012  1.93143191]

Round_1_Replicate_6
2635    , -2252.98    , array([ 0.21656    ,  1.45701    ,  7.39441    ])
2636    , -2316.1     , array([ 0.200613   ,  1.45701    ,  7.39441    ])
2637    , -2259.96    , array([ 0.21656    ,  1.48469    ,  7.39441    ])
2638    , -2298.24    , array([ 0.21656    ,  1.45701    ,  8.17238    ])
2639    , -2223.32    , array([ 0.233776   ,  1.47541    ,  7.90437    ])
2640    , -2177.78    , array([ 0.25236    ,  1.48469    ,  8.17238    ])
2641    , -2164.91    , array([ 0.239814   ,  1.49404    ,  7.15191    ])
2642    , -2103       , array([ 0.25236    ,  1.5129     ,  6.6905     ])
likelihood = -2103.0
theta = 104.33
Optimized parameters = [0.25236046 1.51290064 6.69049746]

Round_1_Replicate_7
2643    , -681.795    , array([ 0.65451    ,  0.256017   ,  1.65284    ])
2644    , -687.443    , array([ 0.640785   ,  0.256017   ,  1.65284    ])
2645    , -682.009    , array([ 0.65451    ,  0.239157   ,  1.65284    ])
2646    , -688.583    , array([ 0.65451    ,  0.256017   ,  1.69489    ])
2647    , -678.502    , array([ 0.645328   ,  0.24465    ,  1.61183    ])
2648    , -673.54     , array([ 0.640785   ,  0.239157   ,  1.57184    ])
2649    , -671.511    , array([ 0.65915    ,  0.233787   ,  1.59839    ])
2650    , -665.032    , array([ 0.66853    ,  0.223407   ,  1.57184    ])
likelihood = -665.03
theta = 312.44
Optimized parameters = [0.66852963 0.22340685 1.57183788]

Round_1_Replicate_8
2651    , -1317.02    , array([ 0.975688   ,  2.01385    ,  7.10228    ])
2652    , -1317.8     , array([ 0.974488   ,  2.01385    ,  7.10228    ])
2653    , -1334.66    , array([ 0.975688   ,  2.08559    ,  7.10228    ])
2654    , -1332.51    , array([ 0.975688   ,  2.01385    ,  7.83371    ])
2655    , -1311.19    , array([ 0.974888   ,  1.94458    ,  7.58189    ])
2656    , -1302.56    , array([ 0.974488   ,  1.8777     ,  7.83371    ])
2657    , -1290.83    , array([ 0.974089   ,  1.92203    ,  6.87397    ])
2658    , -1271.87    , array([ 0.97329    ,  1.8777     ,  6.43914    ])
likelihood = -1271.87
theta = 90.6
Optimized parameters = [0.97328974 1.87769541 6.43913748]

Round_1_Replicate_9
2659    , -1847.1     , array([ 3.78518    ,  1.41247    ,  1.91628    ])
2660    , -1886.82    , array([ 4.04567    ,  1.41247    ,  1.91628    ])
2661    , -1869.36    , array([ 3.78518    ,  1.43707    ,  1.91628    ])
2662    , -1801.49    , array([ 3.78518    ,  1.41247    ,  1.97962    ])
2663    , -1790.86    , array([ 3.54146    ,  1.42883    ,  1.95828    ])
2664    , -1742.48    , array([ 3.31343    ,  1.43707    ,  1.97962    ])
2665    , -1727.02    , array([ 3.46376    ,  1.40437    ,  2.0012     ])
2666    , -1659.05    , array([ 3.31343    ,  1.38829    ,  2.04506    ])
likelihood = -1659.05
theta = 113.81
Optimized parameters = [3.31342972 1.38829347 2.0450569 ]

Round_1_Replicate_10
2667    , -3182.59    , array([ 0.553002   ,  2.2486     ,  0.498576   ])
2668    , -3150.38    , array([ 0.536863   ,  2.2486     ,  0.498576   ])
2669    , -3228.04    , array([ 0.553002   ,  2.34157    ,  0.498576   ])
2670    , -3253.22    , array([ 0.553002   ,  2.2486     ,  0.481524   ])
2671    , -3123.75    , array([ 0.54219    ,  2.31016    ,  0.516232   ])
2672    , -3063.85    , array([ 0.536863   ,  2.34157    ,  0.534513   ])
2673    , -3037.6     , array([ 0.531588   ,  2.21843    ,  0.522255   ])
2674    , -2947.88    , array([ 0.521194   ,  2.15932    ,  0.534513   ])
likelihood = -2947.88
theta = 167.05
Optimized parameters = [0.52119426 2.15931569 0.53451292]

Round_2_Replicate_1
2675    , -587.303    , array([ 0.420991   ,  0.0636225  ,  0.471226   ])
2676    , -581.792    , array([ 0.403168   ,  0.0636225  ,  0.471226   ])
2677    , -617.837    , array([ 0.420991   ,  0.0554359  ,  0.471226   ])
2678    , -584.372    , array([ 0.420991   ,  0.0636225  ,  0.453827   ])
2679    , -555.307    , array([ 0.409024   ,  0.073018   ,  0.459554   ])
2680    , -531.551    , array([ 0.403168   ,  0.0838011  ,  0.453827   ])
2681    , -542.201    , array([ 0.397397   ,  0.0764487  ,  0.448172   ])
2682    , -523.637    , array([ 0.382407   ,  0.0864058  ,  0.461479   ])
2683    , -506.755    , array([ 0.364461   ,  0.100695   ,  0.465353   ])
2684    , -499.413    , array([ 0.373326   ,  0.117348   ,  0.44074    ])
2685    , -538.181    , array([ 0.359244   ,  0.15937    ,  0.426245   ])
likelihood = -499.41
theta = 516.7
Optimized parameters = [0.37332615 0.11734782 0.44074032]

Round_2_Replicate_2
2686    , -502.835    , array([ 0.219442   ,  0.112273   ,  0.328531   ])
2687    , -519.648    , array([ 0.203417   ,  0.112273   ,  0.328531   ])
2688    , -491.368    , array([ 0.219442   ,  0.100644   ,  0.328531   ])
2689    , -499.02     , array([ 0.219442   ,  0.112273   ,  0.310746   ])
2690    , -481.202    , array([ 0.236731   ,  0.10438    ,  0.316565   ])
2691    , -475.221    , array([ 0.255381   ,  0.100644   ,  0.310746   ])
2692    , -472.488    , array([ 0.242791   ,  0.0970418  ,  0.305034   ])
2693    , -469.788    , array([ 0.255381   ,  0.0902197  ,  0.293924   ])
2694    , -473.187    , array([ 0.268624   ,  0.0838772  ,  0.310746   ])
2695    , -497.519    , array([ 0.307393   ,  0.0828643  ,  0.283218   ])
2696    , -474.216    , array([ 0.238734   ,  0.09587    ,  0.316565   ])
likelihood = -469.79
theta = 604.36
Optimized parameters = [0.25538097 0.09021967 0.29392363]

Round_2_Replicate_3
2697    , -1012.61    , array([ 1.00573    ,  0.0598921  ,  0.228014   ])
2698    , -1012.71    , array([ 1.00601    ,  0.0598921  ,  0.228014   ])
2699    , -1028.7     , array([ 1.00573    ,  0.0520281  ,  0.228014   ])
2700    , -1034.65    , array([ 1.00573    ,  0.0598921  ,  0.211767   ])
2701    , -1005.45    , array([ 1.00592    ,  0.0545274  ,  0.245506   ])
2702    , -998.491    , array([ 1.00601    ,  0.0520281  ,  0.264341   ])
2703    , -982.177    , array([ 1.00611    ,  0.0627692  ,  0.251631   ])
2704    , -961.585    , array([ 1.0063     ,  0.0689447  ,  0.264341   ])
2705    , -964.895    , array([ 1.00601    ,  0.0598921  ,  0.277694   ])
2706    , -939.211    , array([ 1.00649    ,  0.0598921  ,  0.316691   ])
2707    , -911.614    , array([ 1.00688    ,  0.0598921  ,  0.373228   ])
likelihood = -911.61
theta = 411.97
Optimized parameters = [1.00687646 0.0598921  0.37322776]

Round_2_Replicate_4
2708    , -1372.87    , array([ 0.189249   ,  0.414777   ,  1.20668    ])
2709    , -1433.72    , array([ 0.174135   ,  0.414777   ,  1.20668    ])
2710    , -1354.77    , array([ 0.189249   ,  0.396922   ,  1.20668    ])
2711    , -1374.83    , array([ 0.189249   ,  0.414777   ,  1.21806    ])
2712    , -1301.89    , array([ 0.205675   ,  0.402787   ,  1.21426    ])
2713    , -1237.38    , array([ 0.223527   ,  0.396922   ,  1.21806    ])
2714    , -1268.26    , array([ 0.211462   ,  0.391143   ,  1.2029     ])
2715    , -1203.08    , array([ 0.2277     ,  0.37614    ,  1.21172    ])
2716    , -1122.77    , array([ 0.249763   ,  0.358193   ,  1.21426    ])
2717    , -1068.56    , array([ 0.273964   ,  0.367057   ,  1.21679    ])
2718    , -939.448    , array([ 0.329627   ,  0.352978   ,  1.22188    ])
likelihood = -939.45
theta = 350.84
Optimized parameters = [0.32962682 0.35297794 1.22188333]

Round_2_Replicate_5
2719    , -781.516    , array([ 0.698976   ,  0.515788   ,  1.45627    ])
2720    , -785.113    , array([ 0.686571   ,  0.515788   ,  1.45627    ])
2721    , -768.489    , array([ 0.698976   ,  0.498993   ,  1.45627    ])
2722    , -780.584    , array([ 0.698976   ,  0.515788   ,  1.4839     ])
2723    , -768.788    , array([ 0.711605   ,  0.50453    ,  1.47463    ])
2724    , -764.056    , array([ 0.70737    ,  0.497161   ,  1.487      ])
2725    , -755.986    , array([ 0.711605   ,  0.488102   ,  1.50261    ])
2726    , -748.869    , array([ 0.715865   ,  0.479207   ,  1.47155    ])
2727    , -734.404    , array([ 0.724462   ,  0.461902   ,  1.46542    ])
2728    , -737.42     , array([ 0.711605   ,  0.461902   ,  1.47463    ])
likelihood = -734.4
theta = 259.85
Optimized parameters = [0.72446246 0.46190174 1.46542171]

Round_2_Replicate_6
2729    , -973.455    , array([ 1.11041    ,  0.0443458  ,  0.67061    ])
2730    , -975.576    , array([ 1.11624    ,  0.0443458  ,  0.67061    ])
2731    , -1102       , array([ 1.11041    ,  0.0379485  ,  0.67061    ])
2732    , -975.079    , array([ 1.11041    ,  0.0443458  ,  0.657345   ])
2733    , -935.128    , array([ 1.1143     ,  0.0518215  ,  0.661737   ])
2734    , -895.24     , array([ 1.11624    ,  0.0605574  ,  0.657345   ])
2735    , -920.127    , array([ 1.10848    ,  0.0545836  ,  0.652982   ])
2736    , -884.584    , array([ 1.113      ,  0.0626906  ,  0.663208   ])
2737    , -841.496    , array([ 1.1143     ,  0.0745379  ,  0.666159   ])
2738    , -807.615    , array([ 1.11559    ,  0.0886241  ,  0.64721    ])
2739    , -764.047    , array([ 1.11819    ,  0.125286   ,  0.635818   ])
likelihood = -764.05
theta = 349.1
Optimized parameters = [1.11819208 0.12528573 0.63581755]

Round_2_Replicate_7
2740    , -1924.42    , array([ 0.463507   ,  0.402946   ,  0.27086    ])
2741    , -1894.91    , array([ 0.446025   ,  0.402946   ,  0.27086    ])
2742    , -1856.93    , array([ 0.463507   ,  0.385043   ,  0.27086    ])
2743    , -2059.53    , array([ 0.463507   ,  0.402946   ,  0.253736   ])
2744    , -1737.08    , array([ 0.451778   ,  0.39092    ,  0.28914    ])
2745    , -1594.44    , array([ 0.446025   ,  0.385043   ,  0.308653   ])
2746    , -1639.9     , array([ 0.440346   ,  0.379253   ,  0.295503   ])
2747    , -1508.1     , array([ 0.453712   ,  0.364238   ,  0.313165   ])
2748    , -1340.52    , array([ 0.457605   ,  0.346301   ,  0.336734   ])
2749    , -1247.07    , array([ 0.432885   ,  0.355156   ,  0.362077   ])
2750    , -1034.19    , array([ 0.418341   ,  0.341095   ,  0.418629   ])
likelihood = -1034.19
theta = 373.52
Optimized parameters = [0.41834133 0.3410947  0.41862946]

Round_2_Replicate_8
2751    , -1469.82    , array([ 0.325464   ,  0.577225   ,  0.451388   ])
2752    , -1468.48    , array([ 0.307701   ,  0.577225   ,  0.451388   ])
2753    , -1440.03    , array([ 0.325464   ,  0.561581   ,  0.451388   ])
2754    , -1507.81    , array([ 0.325464   ,  0.577225   ,  0.433788   ])
2755    , -1415.38    , array([ 0.313512   ,  0.566748   ,  0.469703   ])
2756    , -1376.59    , array([ 0.307701   ,  0.561581   ,  0.48876    ])
2757    , -1388.41    , array([ 0.301998   ,  0.556461   ,  0.475971   ])
2758    , -1333.42    , array([ 0.315473   ,  0.543035   ,  0.493099   ])
2759    , -1271.06    , array([ 0.319432   ,  0.526708   ,  0.515377   ])
2760    , -1275.59    , array([ 0.294558   ,  0.534809   ,  0.538663   ])
likelihood = -1271.06
theta = 329.91
Optimized parameters = [0.319432   0.52670763 0.51537743]

Round_2_Replicate_9
2761    , -772.804    , array([ 0.882231   ,  0.160571   ,  0.458558   ])
2762    , -770.239    , array([ 0.876721   ,  0.160571   ,  0.458558   ])
2763    , -755.152    , array([ 0.882231   ,  0.146538   ,  0.458558   ])
2764    , -790.94     , array([ 0.882231   ,  0.160571   ,  0.441026   ])
2765    , -743.552    , array([ 0.878554   ,  0.151073   ,  0.476787   ])
2766    , -725.457    , array([ 0.876721   ,  0.146538   ,  0.495741   ])
2767    , -729.874    , array([ 0.874892   ,  0.142138   ,  0.483023   ])
2768    , -717.098    , array([ 0.879166   ,  0.131041   ,  0.500054   ])
2769    , -709.351    , array([ 0.880391   ,  0.11838    ,  0.52219    ])
2770    , -695.43     , array([ 0.872459   ,  0.124549   ,  0.545306   ])
2771    , -684.839    , array([ 0.867614   ,  0.114825   ,  0.594652   ])
likelihood = -684.84
theta = 385.94
Optimized parameters = [0.86761428 0.11482539 0.59465199]

Round_2_Replicate_10
2772    , -1208.23    , array([ 1.47829    ,  0.0639248  ,  0.186493   ])
2773    , -1213.83    , array([ 1.50746    ,  0.0639248  ,  0.186493   ])
2774    , -1198.43    , array([ 1.47829    ,  0.0557126  ,  0.186493   ])
2775    , -1246.26    , array([ 1.47829    ,  0.0639248  ,  0.171473   ])
2776    , -1177.13    , array([ 1.49767    ,  0.0583255  ,  0.202828   ])
2777    , -1160.05    , array([ 1.50746    ,  0.0557126  ,  0.220595   ])
2778    , -1168.91    , array([ 1.46869    ,  0.0532167  ,  0.208586   ])
2779    , -1175.74    , array([ 1.49118    ,  0.0470941  ,  0.22475    ])
2780    , -1154.32    , array([ 1.49984    ,  0.0483086  ,  0.254521   ])
2781    , -1152.19    , array([ 1.51074    ,  0.0449843  ,  0.297342   ])
likelihood = -1152.19
theta = 389.29
Optimized parameters = [1.51073904 0.04498428 0.29734155]

Round_3_Replicate_1
2782    , -3291.45    , array([ 0.828686   ,  0.203546   ,  0.115014   ])
2783    , -3284.79    , array([ 0.820936   ,  0.203546   ,  0.115014   ])
2784    , -3085.37    , array([ 0.828686   ,  0.187973   ,  0.115014   ])
2785    , -3650.69    , array([ 0.828686   ,  0.203546   ,  0.103226   ])
2786    , -2828.22    , array([ 0.823511   ,  0.193027   ,  0.128148   ])
2787    , -2476.25    , array([ 0.820936   ,  0.187973   ,  0.142783   ])
2788    , -2604.61    , array([ 0.818369   ,  0.183051   ,  0.132852   ])
2789    , -2225.96    , array([ 0.824371   ,  0.170548   ,  0.146255   ])
2790    , -1824.08    , array([ 0.826094   ,  0.156113   ,  0.164927   ])
2791    , -1664.13    , array([ 0.814959   ,  0.163171   ,  0.185983   ])
2792    , -1229.08    , array([ 0.808181   ,  0.152025   ,  0.236502   ])
2793    , -1211.59    , array([ 0.818369   ,  0.148045   ,  0.236502   ])
2794    , -888.924    , array([ 0.818369   ,  0.133139   ,  0.315549   ])
2795    , -769.091    , array([ 0.814108   ,  0.114554   ,  0.373353   ])
2796    , -692.161    , array([ 0.810716   ,  0.0894273  ,  0.603729   ])
2797    , -668.854    , array([ 0.798953   ,  0.0951383  ,  0.76772    ])
2798    , -841.45     , array([ 0.785718   ,  0.0742701  ,  1.65637    ])
2799    , -765.873    , array([ 0.810434   ,  0.0714777  ,  1.17375    ])
2800    , -1026.54    , array([ 0.795162   ,  0.0539129  ,  2.11193    ])
2801    , -691.175    , array([ 0.812505   ,  0.106207   ,  0.50754    ])
likelihood = -668.85
theta = 390.21
Optimized parameters = [0.79895293 0.09513834 0.76772008]

Round_3_Replicate_2
2802    , -1120.03    , array([ 0.398143   ,  0.0258425  ,  0.0754263  ])
2803    , -1102.88    , array([ 0.380225   ,  0.0258425  ,  0.0754263  ])
2804    , -1139.77    , array([ 0.398143   ,  0.0215254  ,  0.0754263  ])
2805    , -1183.61    , array([ 0.398143   ,  0.0258425  ,  0.0662825  ])
2806    , -1079.33    , array([ 0.386107   ,  0.0228777  ,  0.0858315  ])
2807    , -1056.86    , array([ 0.380225   ,  0.0215254  ,  0.0976721  ])
2808    , -1022.99    , array([ 0.374434   ,  0.027466   ,  0.0896096  ])
2809    , -965.529    , array([ 0.363114   ,  0.0310254  ,  0.0976721  ])
2810    , -956.598    , array([ 0.352137   ,  0.0258425  ,  0.10646    ])
2811    , -888.809    , array([ 0.331167   ,  0.0258425  ,  0.126479   ])
2812    , -855.629    , array([ 0.336289   ,  0.0258425  ,  0.150262   ])
2813    , -767.29     , array([ 0.316263   ,  0.0258425  ,  0.212087   ])
2814    , -674.315    , array([ 0.29743    ,  0.0350461  ,  0.19458    ])
2815    , -560.451    , array([ 0.263061   ,  0.0447182  ,  0.274639   ])
2816    , -719.859    , array([ 0.251223   ,  0.0310254  ,  0.387637   ])
2817    , -906.522    , array([ 0.22912    ,  0.0420749  ,  0.631609   ])
2818    , -733.548    , array([ 0.302031   ,  0.0291915  ,  0.189071   ])
2819    , -596.25     , array([ 0.232664   ,  0.0456357  ,  0.348895   ])
2820    , -872.958    , array([ 0.204729   ,  0.0544186  ,  0.588791   ])
2821    , -633.538    , array([ 0.274052   ,  0.0341098  ,  0.251165   ])
likelihood = -560.45
theta = 651.59
Optimized parameters = [0.26306125 0.04471819 0.27463852]

Round_3_Replicate_3
2822    , -2018.75    , array([ 0.254518   ,  0.151879   ,  0.103471   ])
2823    , -1964.02    , array([ 0.237687   ,  0.151879   ,  0.103471   ])
2824    , -1865.15    , array([ 0.254518   ,  0.138221   ,  0.103471   ])
2825    , -2301.57    , array([ 0.254518   ,  0.151879   ,  0.0923759  ])
2826    , -1638.11    , array([ 0.24317    ,  0.142631   ,  0.115898   ])
2827    , -1367.87    , array([ 0.237687   ,  0.138221   ,  0.129818   ])
2828    , -1448.97    , array([ 0.232327   ,  0.133946   ,  0.120364   ])
2829    , -1204.94    , array([ 0.245025   ,  0.123184   ,  0.133132   ])
2830    , -932.668    , array([ 0.248779   ,  0.110938   ,  0.151013   ])
2831    , -797.07     , array([ 0.225369   ,  0.116901   ,  0.171296   ])
2832    , -554.392    , array([ 0.212071   ,  0.107508   ,  0.2204     ])
2833    , -555.118    , array([ 0.232327   ,  0.104183   ,  0.2204     ])
2834    , -467.843    , array([ 0.223662   ,  0.083619   ,  0.290819   ])
2835    , -632.765    , array([ 0.216963   ,  0.0650387  ,  0.435278   ])
2836    , -575.518    , array([ 0.199053   ,  0.0862873  ,  0.386975   ])
2837    , -481.94     , array([ 0.210465   ,  0.091882   ,  0.305855   ])
2838    , -512.625    , array([ 0.199558   ,  0.0844992  ,  0.32988    ])
2839    , -631.033    , array([ 0.209932   ,  0.0697407  ,  0.431636   ])
2840    , -479.399    , array([ 0.211534   ,  0.096483   ,  0.260728   ])
likelihood = -467.84
theta = 638.53
Optimized parameters = [0.22366193 0.08361905 0.29081924]

Round_3_Replicate_4
2841    , -529.366    , array([ 0.306506   ,  0.110603   ,  0.281615   ])
2842    , -517.875    , array([ 0.288909   ,  0.110603   ,  0.281615   ])
2843    , -508.898    , array([ 0.306506   ,  0.0990733  ,  0.281615   ])
2844    , -553.516    , array([ 0.306506   ,  0.110603   ,  0.264325   ])
2845    , -492.821    , array([ 0.294659   ,  0.102777   ,  0.300036   ])
2846    , -479.472    , array([ 0.288909   ,  0.0990733  ,  0.319662   ])
2847    , -478.587    , array([ 0.283271   ,  0.0955035  ,  0.30644    ])
2848    , -473.167    , array([ 0.272322   ,  0.0887452  ,  0.319662   ])
2849    , -481.901    , array([ 0.288909   ,  0.0824652  ,  0.333454   ])
2850    , -499.479    , array([ 0.261797   ,  0.0814626  ,  0.373211   ])
2851    , -481.151    , array([ 0.272322   ,  0.0855476  ,  0.347841   ])
2852    , -475.191    , array([ 0.267007   ,  0.100293   ,  0.324194   ])
2853    , -494.586    , array([ 0.279573   ,  0.107491   ,  0.296536   ])
2854    , -474.948    , array([ 0.274117   ,  0.0905731  ,  0.334237   ])
2855    , -476.057    , array([ 0.254449   ,  0.0874283  ,  0.332412   ])
2856    , -473.556    , array([ 0.262658   ,  0.0902045  ,  0.329177   ])
2857    , -480.41     , array([ 0.272322   ,  0.0804722  ,  0.331114   ])
2858    , -473.218    , array([ 0.268326   ,  0.0949212  ,  0.325911   ])
2859    , -471.254    , array([ 0.26151    ,  0.0919373  ,  0.315809   ])
2860    , -470.324    , array([ 0.255426   ,  0.0926272  ,  0.30698    ])
likelihood = -470.32
theta = 603.22
Optimized parameters = [0.25542582 0.09262718 0.30698007]

Round_3_Replicate_5
2861    , -526.358    , array([ 0.476131   ,  0.129445   ,  0.535199   ])
2862    , -521.857    , array([ 0.458789   ,  0.129445   ,  0.535199   ])
2863    , -529.293    , array([ 0.476131   ,  0.116866   ,  0.535199   ])
2864    , -526.897    , array([ 0.476131   ,  0.129445   ,  0.51873    ])
2865    , -526.301    , array([ 0.464498   ,  0.143378   ,  0.524162   ])
2866    , -522.394    , array([ 0.456901   ,  0.138574   ,  0.544574   ])
2867    , -521.886    , array([ 0.444515   ,  0.145015   ,  0.533961   ])
2868    , -519.74     , array([ 0.442483   ,  0.131919   ,  0.551978   ])
2869    , -521.168    , array([ 0.43187    ,  0.126538   ,  0.566435   ])
2870    , -518.122    , array([ 0.440326   ,  0.132085   ,  0.536095   ])
2871    , -516.401    , array([ 0.432266   ,  0.128956   ,  0.531905   ])
2872    , -522.734    , array([ 0.444243   ,  0.116719   ,  0.545345   ])
2873    , -519.557    , array([ 0.444447   ,  0.137355   ,  0.536785   ])
2874    , -516.933    , array([ 0.421405   ,  0.136033   ,  0.545158   ])
2875    , -515.266    , array([ 0.422944   ,  0.136243   ,  0.524222   ])
2876    , -514.023    , array([ 0.413501   ,  0.138458   ,  0.510872   ])
2877    , -512.014    , array([ 0.401296   ,  0.131549   ,  0.521569   ])
2878    , -510.154    , array([ 0.381318   ,  0.128739   ,  0.514124   ])
likelihood = -510.15
theta = 501.87
Optimized parameters = [0.38131798 0.12873904 0.51412434]

Round_4_Replicate_1
2879    , -694.457    , array([ 0.347923   ,  0.0981249  ,  0.206955   ])
2880    , -673.615    , array([ 0.330033   ,  0.0981249  ,  0.206955   ])
2881    , -655.129    , array([ 0.347923   ,  0.0873712  ,  0.206955   ])
2882    , -754.565    , array([ 0.347923   ,  0.0981249  ,  0.19128    ])
2883    , -608.245    , array([ 0.335891   ,  0.090818   ,  0.223914   ])
2884    , -559.899    , array([ 0.330033   ,  0.0873712  ,  0.242263   ])
2885    , -569.257    , array([ 0.324276   ,  0.0840552  ,  0.229871   ])
2886    , -552.196    , array([ 0.337867   ,  0.0758149  ,  0.246541   ])
2887    , -545.939    , array([ 0.341854   ,  0.0666411  ,  0.269089   ])
2888    , -510.015    , array([ 0.316756   ,  0.0710802  ,  0.293699   ])
2889    , -521.576    , array([ 0.302237   ,  0.0641119  ,  0.349878   ])
2890    , -528.524    , array([ 0.33458    ,  0.0660706  ,  0.311344   ])
2891    , -570.066    , array([ 0.331758   ,  0.0527592  ,  0.349198   ])
2892    , -527.897    , array([ 0.330463   ,  0.0770195  ,  0.265451   ])
2893    , -497.842    , array([ 0.31313    ,  0.0761779  ,  0.311546   ])
2894    , -486.137    , array([ 0.299687   ,  0.0814465  ,  0.335225   ])
2895    , -491.893    , array([ 0.297288   ,  0.0883364  ,  0.282862   ])
2896    , -482.94     , array([ 0.280494   ,  0.0830309  ,  0.346118   ])
2897    , -509.661    , array([ 0.258419   ,  0.0862104  ,  0.395226   ])
2898    , -477.757    , array([ 0.269848   ,  0.0997898  ,  0.349022   ])
2899    , -505.733    , array([ 0.249067   ,  0.118237   ,  0.380477   ])
2900    , -516.492    , array([ 0.269545   ,  0.0870949  ,  0.416903   ])
2901    , -478.694    , array([ 0.290095   ,  0.0880244  ,  0.311666   ])
2902    , -475.73     , array([ 0.261651   ,  0.0994825  ,  0.335101   ])
2903    , -487.074    , array([ 0.244483   ,  0.109947   ,  0.335039   ])
2904    , -485.544    , array([ 0.266889   ,  0.110082   ,  0.31763    ])
2905    , -476.57     , array([ 0.277029   ,  0.0890962  ,  0.338765   ])
2906    , -494.013    , array([ 0.250248   ,  0.104679   ,  0.372903   ])
2907    , -474.596    , array([ 0.279575   ,  0.0919214  ,  0.325961   ])
likelihood = -474.6
theta = 589.09
Optimized parameters = [0.2795747  0.09192145 0.32596131]

Round_4_Replicate_2
2908    , -675.06     , array([ 0.131471   ,  0.122397   ,  0.248933   ])
2909    , -733.54     , array([ 0.118787   ,  0.122397   ,  0.248933   ])
2910    , -632.588    , array([ 0.131471   ,  0.110194   ,  0.248933   ])
2911    , -672.457    , array([ 0.131471   ,  0.122397   ,  0.232213   ])
2912    , -599.431    , array([ 0.145508   ,  0.114121   ,  0.237658   ])
2913    , -559.443    , array([ 0.161045   ,  0.110194   ,  0.232213   ])
2914    , -563.411    , array([ 0.150513   ,  0.106404   ,  0.226894   ])
2915    , -510.834    , array([ 0.164717   ,  0.0969198  ,  0.239501   ])
2916    , -472.625    , array([ 0.18437    ,  0.0862449  ,  0.24323    ])
2917    , -497.579    , array([ 0.206369   ,  0.0914267  ,  0.219989   ])
2918    , -475.739    , array([ 0.222475   ,  0.0855765  ,  0.236437   ])
2919    , -490.948    , array([ 0.257908   ,  0.0698148  ,  0.233814   ])
2920    , -468.673    , array([ 0.233514   ,  0.0702992  ,  0.25704    ])
2921    , -492.19     , array([ 0.248397   ,  0.0616438  ,  0.277843   ])
2922    , -492.884    , array([ 0.174874   ,  0.0924865  ,  0.257604   ])
2923    , -470.308    , array([ 0.234035   ,  0.0748997  ,  0.239547   ])
2924    , -465.556    , array([ 0.209689   ,  0.0690379  ,  0.256975   ])
2925    , -484.216    , array([ 0.203574   ,  0.062009   ,  0.267903   ])
2926    , -512.61     , array([ 0.27569    ,  0.059058   ,  0.259121   ])
2927    , -460.588    , array([ 0.203879   ,  0.0784548  ,  0.247109   ])
2928    , -473.275    , array([ 0.198105   ,  0.0701388  ,  0.268614   ])
2929    , -463.897    , array([ 0.224483   ,  0.07368    ,  0.246505   ])
2930    , -460.807    , array([ 0.193393   ,  0.0771059  ,  0.243446   ])
2931    , -469.123    , array([ 0.20406    ,  0.0845182  ,  0.234885   ])
2932    , -461.146    , array([ 0.208267   ,  0.0726195  ,  0.251265   ])
2933    , -467.924    , array([ 0.181318   ,  0.0784316  ,  0.248003   ])
2934    , -460.566    , array([ 0.212813   ,  0.0748402  ,  0.246878   ])
likelihood = -460.57
theta = 651.54
Optimized parameters = [0.21281282 0.0748402  0.24687843]

Round_4_Replicate_3
2935    , -1022.78    , array([ 0.125649   ,  0.0667191  ,  0.453656   ])
2936    , -1115.4     , array([ 0.11327    ,  0.0667191  ,  0.453656   ])
2937    , -1043.74    , array([ 0.125649   ,  0.0582723  ,  0.453656   ])
2938    , -993.005    , array([ 0.125649   ,  0.0667191  ,  0.436077   ])
2939    , -928.748    , array([ 0.13938    ,  0.0609619  ,  0.44186    ])
2940    , -846.44     , array([ 0.154612   ,  0.0582723  ,  0.436077   ])
2941    , -861.181    , array([ 0.144283   ,  0.0697985  ,  0.43037    ])
2942    , -783.223    , array([ 0.158217   ,  0.0628235  ,  0.415514   ])
2943    , -688.628    , array([ 0.177541   ,  0.0609619  ,  0.397662   ])
2944    , -650.08     , array([ 0.199226   ,  0.0591554  ,  0.40649    ])
2945    , -578.542    , array([ 0.250864   ,  0.0557015  ,  0.392458   ])
2946    , -603.553    , array([ 0.250864   ,  0.0486496  ,  0.387322   ])
2947    , -571.683    , array([ 0.323252   ,  0.0516663  ,  0.353202   ])
2948    , -683.152    , array([ 0.467403   ,  0.0486496  ,  0.317873   ])
2949    , -663.017    , array([ 0.419741   ,  0.0442293  ,  0.357886   ])
2950    , -598.127    , array([ 0.338501   ,  0.0479234  ,  0.367441   ])
2951    , -578.036    , array([ 0.362734   ,  0.05487    ,  0.354757   ])
2952    , -533.778    , array([ 0.281505   ,  0.0609619  ,  0.365296   ])
2953    , -517.344    , array([ 0.256713   ,  0.0687565  ,  0.364228   ])
2954    , -576.094    , array([ 0.385727   ,  0.0603537  ,  0.325405   ])
2955    , -510.44     , array([ 0.277923   ,  0.0652852  ,  0.339847   ])
2956    , -496.588    , array([ 0.243273   ,  0.0712123  ,  0.332629   ])
2957    , -606.397    , array([ 0.19221    ,  0.0662746  ,  0.375964   ])
2958    , -533.8      , array([ 0.324081   ,  0.0617824  ,  0.337369   ])
2959    , -487.041    , array([ 0.22975    ,  0.0872199  ,  0.335945   ])
2960    , -534.71     , array([ 0.193692   ,  0.113323   ,  0.327636   ])
2961    , -565.621    , array([ 0.182198   ,  0.0917892  ,  0.350722   ])
2962    , -504.252    , array([ 0.280625   ,  0.0682097  ,  0.340659   ])
likelihood = -487.04
theta = 633.65
Optimized parameters = [0.22974975 0.08721986 0.33594544]

Round_4_Replicate_4
2963    , -601.614    , array([ 0.307444   ,  0.05141    ,  0.198112   ])
2964    , -580.98     , array([ 0.289838   ,  0.05141    ,  0.198112   ])
2965    , -627.79     , array([ 0.307444   ,  0.04432    ,  0.198112   ])
2966    , -622.007    , array([ 0.307444   ,  0.05141    ,  0.182707   ])
2967    , -589.919    , array([ 0.295592   ,  0.0596342  ,  0.187704   ])
2968    , -557.134    , array([ 0.287945   ,  0.0567561  ,  0.207224   ])
2969    , -530.047    , array([ 0.278664   ,  0.0596342  ,  0.22069    ])
2970    , -531.679    , array([ 0.269682   ,  0.0626582  ,  0.205369   ])
2971    , -518.991    , array([ 0.263855   ,  0.055828   ,  0.23015    ])
2972    , -510.599    , array([ 0.249289   ,  0.054017   ,  0.254847   ])
2973    , -476.853    , array([ 0.243371   ,  0.0669301  ,  0.257922   ])
2974    , -473.015    , array([ 0.22301    ,  0.0763674  ,  0.294291   ])
2975    , -508.375    , array([ 0.230438   ,  0.0626582  ,  0.316246   ])
2976    , -591.228    , array([ 0.196475   ,  0.0680428  ,  0.374057   ])
2977    , -493.328    , array([ 0.255351   ,  0.0616335  ,  0.251809   ])
2978    , -484.498    , array([ 0.223173   ,  0.0820235  ,  0.321343   ])
2979    , -467.559    , array([ 0.236328   ,  0.0846183  ,  0.26173    ])
2980    , -510.561    , array([ 0.239329   ,  0.0983349  ,  0.238104   ])
2981    , -519.553    , array([ 0.202543   ,  0.106265   ,  0.337283   ])
2982    , -471.982    , array([ 0.240981   ,  0.0706253  ,  0.270896   ])
2983    , -478.335    , array([ 0.243916   ,  0.0722687  ,  0.235859   ])
2984    , -468.14     , array([ 0.238556   ,  0.0745928  ,  0.254819   ])
2985    , -489.291    , array([ 0.255309   ,  0.076414   ,  0.233963   ])
2986    , -466.128    , array([ 0.23068    ,  0.0763791  ,  0.277888   ])
2987    , -468.536    , array([ 0.229489   ,  0.0870556  ,  0.258524   ])
2988    , -465.276    , array([ 0.23231    ,  0.0826205  ,  0.261563   ])
2989    , -466.252    , array([ 0.227757   ,  0.0882376  ,  0.279663   ])
likelihood = -465.28
theta = 626.37
Optimized parameters = [0.23230956 0.08262049 0.26156277]

Round_4_Replicate_5
2990    , -515.046    , array([ 0.215654   ,  0.0793113  ,  0.348232   ])
2991    , -536.098    , array([ 0.199731   ,  0.0793113  ,  0.348232   ])
2992    , -529.587    , array([ 0.215654   ,  0.0698718  ,  0.348232   ])
2993    , -499.137    , array([ 0.215654   ,  0.0793113  ,  0.330341   ])
2994    , -500.365    , array([ 0.232846   ,  0.0728863  ,  0.3362     ])
2995    , -484.965    , array([ 0.226968   ,  0.085096   ,  0.328411   ])
2996    , -476.129    , array([ 0.232846   ,  0.0939102  ,  0.318927   ])
2997    , -471.589    , array([ 0.238876   ,  0.0839062  ,  0.309717   ])
2998    , -468.081    , array([ 0.251409   ,  0.0863026  ,  0.292088   ])
2999    , -479.367    , array([ 0.232846   ,  0.102188   ,  0.292088   ])
3000    , -514.068    , array([ 0.2646     ,  0.111196   ,  0.273852   ])
3001    , -476.82     , array([ 0.226968   ,  0.0863026  ,  0.315211   ])
3002    , -484.328    , array([ 0.240921   ,  0.0771091  ,  0.325854   ])
3003    , -471.668    , array([ 0.234839   ,  0.0952418  ,  0.300186   ])
3004    , -474.782    , array([ 0.252842   ,  0.0975032  ,  0.292278   ])
3005    , -479.066    , array([ 0.260374   ,  0.0918757  ,  0.272548   ])
3006    , -470.858    , array([ 0.239443   ,  0.0933974  ,  0.30664    ])
3007    , -471.627    , array([ 0.231235   ,  0.0859881  ,  0.307062   ])
3008    , -469.872    , array([ 0.246407   ,  0.0822313  ,  0.303521   ])
3009    , -470.6      , array([ 0.261078   ,  0.0884081  ,  0.294438   ])
3010    , -475.048    , array([ 0.267097   ,  0.0784695  ,  0.286969   ])
3011    , -468.499    , array([ 0.246075   ,  0.0894182  ,  0.301599   ])
3012    , -470.097    , array([ 0.235486   ,  0.0835281  ,  0.303688   ])
3013    , -468.498    , array([ 0.241638   ,  0.0847223  ,  0.301348   ])
3014    , -468.982    , array([ 0.246277   ,  0.0916068  ,  0.293193   ])
3015    , -467.982    , array([ 0.246309   ,  0.0891672  ,  0.295742   ])
likelihood = -467.98
theta = 612.9
Optimized parameters = [0.24630949 0.08916721 0.29574166]
