
Round_1_Replicate_1
422     , -12149.2    , array([ 3.76011    ,  0.42483    ,  4.37608    ,  0.619339   ])
423     , -12189.5    , array([ 4.01754    ,  0.42483    ,  4.37608    ,  0.619339   ])
424     , -11916.3    , array([ 3.76011    ,  0.40703    ,  4.37608    ,  0.619339   ])
425     , -12574.1    , array([ 3.76011    ,  0.42483    ,  4.71129    ,  0.619339   ])
426     , -12148.8    , array([ 3.76011    ,  0.42483    ,  4.37608    ,  0.604679   ])
427     , -11633      , array([ 3.88669    ,  0.415835   ,  4.06472    ,  0.611965   ])
428     , -11171.5    , array([ 3.95157    ,  0.411409   ,  3.77552    ,  0.608311   ])
429     , -11501.3    , array([ 3.60766    ,  0.409213   ,  4.06472    ,  0.606493   ])
likelihood = -11171.46
theta = 225.87
Optimized parameters = [3.95157419 0.4114088  3.77551919 0.60831135]

Round_1_Replicate_2
430     , -5900.83    , array([ 0.390921   ,  0.436116   ,  2.06603    ,  0.462658   ])
431     , -5850.27    , array([ 0.372987   ,  0.436116   ,  2.06603    ,  0.462658   ])
432     , -5768.52    , array([ 0.390921   ,  0.418391   ,  2.06603    ,  0.462658   ])
433     , -6046.86    , array([ 0.390921   ,  0.436116   ,  2.14236    ,  0.462658   ])
434     , -5906.32    , array([ 0.390921   ,  0.436116   ,  2.06603    ,  0.445167   ])
435     , -5670.08    , array([ 0.381849   ,  0.427161   ,  1.99241    ,  0.453828   ])
436     , -5488.5     , array([ 0.377392   ,  0.422753   ,  1.92142    ,  0.449477   ])
437     , -5596.8     , array([ 0.375183   ,  0.420566   ,  1.99241    ,  0.473937   ])
likelihood = -5488.5
theta = 353.94
Optimized parameters = [0.37739206 0.42275338 1.92142171 0.44947659]

Round_1_Replicate_3
438     , -6998.95    , array([ 3.40509    ,  0.296391   ,  2.2294     ,  1.02269    ])
439     , -7029.92    , array([ 3.62022    ,  0.296391   ,  2.2294     ,  1.02269    ])
440     , -6776.95    , array([ 3.40509    ,  0.278906   ,  2.2294     ,  1.02269    ])
441     , -7165.3     , array([ 3.40509    ,  0.296391   ,  2.32058    ,  1.02269    ])
442     , -6998.92    , array([ 3.40509    ,  0.296391   ,  2.2294     ,  1.02384    ])
443     , -6741.62    , array([ 3.511      ,  0.287515   ,  2.1418     ,  1.02326    ])
444     , -6538.5     , array([ 3.56519    ,  0.283178   ,  2.05764    ,  1.02355    ])
445     , -6625.81    , array([ 3.27717    ,  0.281034   ,  2.1418     ,  1.02369    ])
likelihood = -6538.5
theta = 233.28
Optimized parameters = [3.56519282 0.28317791 2.05763792 1.02354816]

Round_1_Replicate_4
446     , -6935.51    , array([ 0.251649   ,  4.63606    ,  0.59291    ,  0.956266   ])
447     , -6885.9     , array([ 0.234874   ,  4.63606    ,  0.59291    ,  0.956266   ])
448     , -7045.84    , array([ 0.251649   ,  5.00561    ,  0.59291    ,  0.956266   ])
449     , -6867.67    , array([ 0.251649   ,  4.63606    ,  0.577614   ,  0.956266   ])
450     , -6935.05    , array([ 0.251649   ,  4.63606    ,  0.59291    ,  0.954131   ])
451     , -6763.26    , array([ 0.243116   ,  4.2938     ,  0.585212   ,  0.955198   ])
452     , -6618.13    , array([ 0.23896    ,  3.9768     ,  0.581401   ,  0.954664   ])
453     , -6720.92    , array([ 0.236908   ,  4.2938     ,  0.579505   ,  0.954397   ])
likelihood = -6618.13
theta = 120.59
Optimized parameters = [0.23895952 3.97680497 0.58140089 0.954664  ]

Round_1_Replicate_5
454     , -8940.72    , array([ 4.95278    ,  0.916853   ,  1.17533    ,  2.35842    ])
455     , -9006.23    , array([ 5.36527    ,  0.916853   ,  1.17533    ,  2.35842    ])
456     , -8920.51    , array([ 4.95278    ,  0.912882   ,  1.17533    ,  2.35842    ])
457     , -8981.97    , array([ 4.95278    ,  0.916853   ,  1.18486    ,  2.35842    ])
458     , -8930.3     , array([ 4.95278    ,  0.916853   ,  1.17533    ,  2.4618     ])
459     , -8876.72    , array([ 4.57201    ,  0.914865   ,  1.18009    ,  2.40956    ])
460     , -8806.14    , array([ 4.2205     ,  0.913873   ,  1.18247    ,  2.43554    ])
461     , -8819.17    , array([ 4.57201    ,  0.913377   ,  1.16941    ,  2.44864    ])
likelihood = -8806.14
theta = 121.21
Optimized parameters = [4.22050411 0.91387286 1.18247305 2.43553996]

Round_1_Replicate_6
462     , -3761.82    , array([ 7.3445     ,  2.18954    ,  0.139579   ,  5.96632    ])
463     , -3843.48    , array([ 8.11447    ,  2.18954    ,  0.139579   ,  5.96632    ])
464     , -3856.97    , array([ 7.3445     ,  2.27704    ,  0.139579   ,  5.96632    ])
465     , -3521.2     , array([ 7.3445     ,  2.18954    ,  0.126491   ,  5.96632    ])
466     , -3711.81    , array([ 7.3445     ,  2.18954    ,  0.139579   ,  6.52367    ])
467     , -3564.04    , array([ 7.71989    ,  2.1054     ,  0.132874   ,  6.23878    ])
468     , -3434.32    , array([ 6.81535    ,  2.14706    ,  0.129643   ,  6.37963    ])
469     , -3235.28    , array([ 6.24601    ,  2.12613    ,  0.124944   ,  6.59691    ])
likelihood = -3235.28
theta = 58.54
Optimized parameters = [6.24600889 2.12612592 0.12494392 6.59690583]

Round_1_Replicate_7
470     , -1410.13    , array([ 0.138594   ,  0.14122    ,  0.992476   ,  0.217891   ])
471     , -1400.41    , array([ 0.125554   ,  0.14122    ,  0.992476   ,  0.217891   ])
472     , -1274.42    , array([ 0.138594   ,  0.128053   ,  0.992476   ,  0.217891   ])
473     , -1409.8     , array([ 0.138594   ,  0.14122    ,  0.992102   ,  0.217891   ])
474     , -1458.93    , array([ 0.138594   ,  0.14122    ,  0.992476   ,  0.201907   ])
475     , -1295.11    , array([ 0.131913   ,  0.134475   ,  0.992289   ,  0.23514    ])
476     , -1278.95    , array([ 0.128694   ,  0.131225   ,  0.992195   ,  0.226351   ])
likelihood = -1274.42
theta = 635.95
Optimized parameters = [0.13859386 0.12805316 0.99247633 0.21789083]

Round_1_Replicate_8
477     , -6298.33    , array([ 1.20929    ,  0.543034   ,  1.36767    ,  0.598717   ])
478     , -6309.88    , array([ 1.22083    ,  0.543034   ,  1.36767    ,  0.598717   ])
479     , -6192.61    , array([ 1.20929    ,  0.526706   ,  1.36767    ,  0.598717   ])
480     , -6361.08    , array([ 1.20929    ,  0.543034   ,  1.38925    ,  0.598717   ])
481     , -6307.55    , array([ 1.20929    ,  0.543034   ,  1.36767    ,  0.583556   ])
482     , -6193.79    , array([ 1.21504    ,  0.534808   ,  1.34643    ,  0.591088   ])
483     , -6186.31    , array([ 1.2007     ,  0.530741   ,  1.35701    ,  0.58731    ])
484     , -6125.25    , array([ 1.19076    ,  0.5247     ,  1.35171    ,  0.581688   ])
likelihood = -6125.25
theta = 254.72
Optimized parameters = [1.19075789 0.52469995 1.35170561 0.58168812]

Round_1_Replicate_9
485     , -3659.57    , array([ 1.96804    ,  0.665598   ,  0.393531   ,  0.752249   ])
486     , -3688.4     , array([ 2.0358     ,  0.665598   ,  0.393531   ,  0.752249   ])
487     , -3608.68    , array([ 1.96804    ,  0.652188   ,  0.393531   ,  0.752249   ])
488     , -3574.71    , array([ 1.96804    ,  0.665598   ,  0.375602   ,  0.752249   ])
489     , -3675.36    , array([ 1.96804    ,  0.665598   ,  0.393531   ,  0.741617   ])
490     , -3570.45    , array([ 1.90253    ,  0.658859   ,  0.384462   ,  0.746914   ])
491     , -3512.11    , array([ 1.8392     ,  0.655515   ,  0.380007   ,  0.74426    ])
492     , -3502.88    , array([ 1.90253    ,  0.653849   ,  0.377798   ,  0.758971   ])
493     , -3418.82    , array([ 1.8706     ,  0.648053   ,  0.370169   ,  0.7678     ])
likelihood = -3418.82
theta = 209.32
Optimized parameters = [1.87059961 0.64805268 0.37016886 0.76779965]

Round_1_Replicate_10
494     , -8662.23    , array([ 0.206598   ,  0.573966   ,  3.8121     ,  4.03146    ])
495     , -8550.04    , array([ 0.190933   ,  0.573966   ,  3.8121     ,  4.03146    ])
496     , -8580.61    , array([ 0.206598   ,  0.558252   ,  3.8121     ,  4.03146    ])
497     , -8956.26    , array([ 0.206598   ,  0.573966   ,  4.07589    ,  4.03146    ])
498     , -8662.08    , array([ 0.206598   ,  0.573966   ,  3.8121     ,  4.3225     ])
499     , -8278.38    , array([ 0.198611   ,  0.566054   ,  3.56538    ,  4.17445    ])
500     , -7950.58    , array([ 0.194734   ,  0.562139   ,  3.33463    ,  4.24783    ])
501     , -8208.75    , array([ 0.192825   ,  0.560192   ,  3.56538    ,  4.285      ])
likelihood = -7950.58
theta = 401.48
Optimized parameters = [0.19473441 0.56213939 3.33462957 4.2478299 ]

Round_2_Replicate_1
502     , -3639.43    , array([ 0.0579236  ,  0.31753    ,  1.55306    ,  0.433546   ])
503     , -3692.43    , array([ 0.050234   ,  0.31753    ,  1.55306    ,  0.433546   ])
504     , -3499.2     , array([ 0.0579236  ,  0.299829   ,  1.55306    ,  0.433546   ])
505     , -3685.96    , array([ 0.0579236  ,  0.31753    ,  1.58762    ,  0.433546   ])
506     , -3644.65    , array([ 0.0579236  ,  0.31753    ,  1.55306    ,  0.415802   ])
507     , -3547.43    , array([ 0.0667902  ,  0.308553   ,  1.57024    ,  0.424581   ])
508     , -3479       , array([ 0.0621991  ,  0.30416    ,  1.52763    ,  0.420169   ])
509     , -3377.32    , array([ 0.0644538  ,  0.297687   ,  1.49849    ,  0.413636   ])
510     , -3386.19    , array([ 0.0656116  ,  0.294503   ,  1.53395    ,  0.436956   ])
511     , -3266.8     , array([ 0.0698302  ,  0.283623   ,  1.52448    ,  0.420718   ])
512     , -3086.66    , array([ 0.076672   ,  0.268053   ,  1.51039    ,  0.414447   ])
likelihood = -3086.66
theta = 580.5
Optimized parameters = [0.076672   0.26805278 1.51038898 0.41444667]

Round_2_Replicate_2
513     , -1222.69    , array([ 0.19076    ,  0.0331616  ,  0.446265   ,  0.0545553  ])
514     , -1180.33    , array([ 0.175595   ,  0.0331616  ,  0.446265   ,  0.0545553  ])
515     , -1113.32    , array([ 0.19076    ,  0.0279684  ,  0.446265   ,  0.0545553  ])
516     , -1218.47    , array([ 0.19076    ,  0.0331616  ,  0.42862    ,  0.0545553  ])
517     , -1413.08    , array([ 0.19076    ,  0.0331616  ,  0.446265   ,  0.0471714  ])
518     , -994.725    , array([ 0.18302    ,  0.0304545  ,  0.437353   ,  0.063095   ])
519     , -849.823    , array([ 0.179269   ,  0.029185   ,  0.432964   ,  0.0729715  ])
520     , -951.344    , array([ 0.177423   ,  0.0285702  ,  0.430787   ,  0.063095   ])
521     , -859.07     , array([ 0.171108   ,  0.0265187  ,  0.449653   ,  0.0678538  ])
522     , -811.726    , array([ 0.183495   ,  0.0237143  ,  0.433511   ,  0.0756733  ])
523     , -759.233    , array([ 0.187577   ,  0.0200539  ,  0.427271   ,  0.0891242  ])
likelihood = -759.23
theta = 665.15
Optimized parameters = [0.18757712 0.02005388 0.42727089 0.08912423]

Round_2_Replicate_3
524     , -1894.27    , array([ 0.0642245  ,  0.254969   ,  0.686417   ,  0.648937   ])
525     , -1968.09    , array([ 0.0559868  ,  0.254969   ,  0.686417   ,  0.648937   ])
526     , -1790.22    , array([ 0.0642245  ,  0.238128   ,  0.686417   ,  0.648937   ])
527     , -1877.95    , array([ 0.0642245  ,  0.254969   ,  0.673624   ,  0.648937   ])
528     , -1897.22    , array([ 0.0642245  ,  0.254969   ,  0.686417   ,  0.635056   ])
529     , -1766.1     , array([ 0.0736743  ,  0.246405   ,  0.67999    ,  0.641959   ])
530     , -1673.52    , array([ 0.0845144  ,  0.242231   ,  0.6768     ,  0.638498   ])
531     , -1718.83    , array([ 0.0736743  ,  0.240171   ,  0.67521    ,  0.657765   ])
532     , -1637.75    , array([ 0.0789084  ,  0.233097   ,  0.669675   ,  0.64806    ])
533     , -1518.87    , array([ 0.087465   ,  0.222876   ,  0.661458   ,  0.647622   ])
534     , -1484.14    , array([ 0.0920852  ,  0.217934   ,  0.676203   ,  0.647404   ])
535     , -1315.78    , array([ 0.110264   ,  0.201486   ,  0.677496   ,  0.646639   ])
likelihood = -1315.78
theta = 628.32
Optimized parameters = [0.11026424 0.20148586 0.67749636 0.64663868]

Round_2_Replicate_4
536     , -1248.69    , array([ 0.0852382  ,  0.197245   ,  0.415554   ,  0.386789   ])
537     , -1317.76    , array([ 0.0753644  ,  0.197245   ,  0.415554   ,  0.386789   ])
538     , -1160.26    , array([ 0.0852382  ,  0.181868   ,  0.415554   ,  0.386789   ])
539     , -1236.48    , array([ 0.0852382  ,  0.197245   ,  0.397703   ,  0.386789   ])
540     , -1262.57    , array([ 0.0852382  ,  0.197245   ,  0.415554   ,  0.368848   ])
541     , -1138.93    , array([ 0.0964057  ,  0.189401   ,  0.406531   ,  0.377712   ])
542     , -1057.41    , array([ 0.109036   ,  0.185596   ,  0.402093   ,  0.373254   ])
543     , -1088.99    , array([ 0.0964057  ,  0.183723   ,  0.399892   ,  0.398442   ])
544     , -1025.1     , array([ 0.102527   ,  0.177313   ,  0.392283   ,  0.385642   ])
545     , -924.1      , array([ 0.112444   ,  0.168116   ,  0.381142   ,  0.38507    ])
546     , -892.603    , array([ 0.117757   ,  0.163697   ,  0.401266   ,  0.384785   ])
547     , -756.151    , array([ 0.138409   ,  0.149128   ,  0.403059   ,  0.383787   ])
likelihood = -756.15
theta = 646.84
Optimized parameters = [0.13840942 0.14912822 0.40305931 0.38378655]

Round_2_Replicate_5
548     , -2415.33    , array([ 0.235783   ,  0.0621874  ,  3.30675    ,  0.804861   ])
549     , -2350.32    , array([ 0.21935    ,  0.0621874  ,  3.30675    ,  0.804861   ])
550     , -2246.96    , array([ 0.235783   ,  0.0541237  ,  3.30675    ,  0.804861   ])
551     , -2551.09    , array([ 0.235783   ,  0.0621874  ,  3.51052    ,  0.804861   ])
552     , -2414.49    , array([ 0.235783   ,  0.0621874  ,  3.30675    ,  0.796172   ])
553     , -2169.51    , array([ 0.227418   ,  0.0580156  ,  3.11481    ,  0.800505   ])
554     , -1995.58    , array([ 0.223347   ,  0.0560359  ,  2.93401    ,  0.798335   ])
555     , -2086.79    , array([ 0.22134    ,  0.0550715  ,  3.11481    ,  0.797253   ])
556     , -1938.06    , array([ 0.214453   ,  0.051825   ,  3.02306    ,  0.806501   ])
557     , -1730.89    , array([ 0.204524   ,  0.0473105  ,  2.89047    ,  0.811715   ])
558     , -1724.99    , array([ 0.222592   ,  0.0452029  ,  2.82638    ,  0.801184   ])
559     , -1492.16    , array([ 0.224232   ,  0.0385389  ,  2.61303    ,  0.799352   ])
likelihood = -1492.16
theta = 1145.18
Optimized parameters = [0.2242316  0.03853885 2.61303006 0.79935161]

Round_2_Replicate_6
560     , -2150.07    , array([ 0.308555   ,  0.100365   ,  1.99535    ,  0.449395   ])
561     , -2100.04    , array([ 0.290937   ,  0.100365   ,  1.99535    ,  0.449395   ])
562     , -2010.87    , array([ 0.308555   ,  0.0894667  ,  1.99535    ,  0.449395   ])
563     , -2221.32    , array([ 0.308555   ,  0.100365   ,  2.06547    ,  0.449395   ])
564     , -2150.18    , array([ 0.308555   ,  0.100365   ,  1.99535    ,  0.431777   ])
565     , -1986.13    , array([ 0.299616   ,  0.0947593  ,  1.9276     ,  0.440498   ])
566     , -1876.57    , array([ 0.295245   ,  0.092075   ,  1.86216    ,  0.436115   ])
567     , -1917.79    , array([ 0.293083   ,  0.0907615  ,  1.9276     ,  0.460769   ])
568     , -1809.9     , array([ 0.28564    ,  0.08631    ,  1.8946     ,  0.448273   ])
569     , -1658.03    , array([ 0.27483    ,  0.0800388  ,  1.84615    ,  0.447713   ])
570     , -1658.08    , array([ 0.294432   ,  0.0770762  ,  1.82239    ,  0.447433   ])
likelihood = -1658.03
theta = 694.48
Optimized parameters = [0.27482958 0.08003879 1.84614594 0.44771279]

Round_2_Replicate_7
571     , -3325.52    , array([ 0.0761868  ,  0.187694   ,  2.49209    ,  0.752927   ])
572     , -3332.4     , array([ 0.0669844  ,  0.187694   ,  2.49209    ,  0.752927   ])
573     , -3120.09    , array([ 0.0761868  ,  0.172633   ,  2.49209    ,  0.752927   ])
574     , -3440.48    , array([ 0.0761868  ,  0.187694   ,  2.60851    ,  0.752927   ])
575     , -3325.12    , array([ 0.0761868  ,  0.187694   ,  2.49209    ,  0.742319   ])
576     , -3116.08    , array([ 0.0714376  ,  0.180006   ,  2.38087    ,  0.747604   ])
577     , -2965.58    , array([ 0.0691751  ,  0.176281   ,  2.27461    ,  0.744957   ])
578     , -3034.51    , array([ 0.0825697  ,  0.174447   ,  2.38087    ,  0.743636   ])
579     , -2898.83    , array([ 0.0755763  ,  0.168179   ,  2.32714    ,  0.739034   ])
580     , -2699.57    , array([ 0.0752729  ,  0.159196   ,  2.2488     ,  0.732185   ])
581     , -2604.76    , array([ 0.0751216  ,  0.154886   ,  2.21062    ,  0.744461   ])
582     , -2289.35    , array([ 0.0745946  ,  0.140699   ,  2.08205    ,  0.745535   ])
likelihood = -2289.35
theta = 991.75
Optimized parameters = [0.07459462 0.14069928 2.08204698 0.74553483]

Round_2_Replicate_8
583     , -1125.8     , array([ 0.125985   ,  0.12874    ,  0.486779   ,  0.156272   ])
584     , -1118.47    , array([ 0.113588   ,  0.12874    ,  0.486779   ,  0.156272   ])
585     , -1006.01    , array([ 0.125985   ,  0.116198   ,  0.486779   ,  0.156272   ])
586     , -1113.88    , array([ 0.125985   ,  0.12874    ,  0.469568   ,  0.156272   ])
587     , -1218.37    , array([ 0.125985   ,  0.12874    ,  0.486779   ,  0.142421   ])
588     , -979.824    , array([ 0.119626   ,  0.122308   ,  0.478096   ,  0.17147    ])
589     , -888.889    , array([ 0.116568   ,  0.119214   ,  0.473813   ,  0.188145   ])
590     , -934.82     , array([ 0.115069   ,  0.117697   ,  0.471686   ,  0.17147    ])
591     , -851.679    , array([ 0.128456   ,  0.112535   ,  0.464315   ,  0.179614   ])
592     , -740.776    , array([ 0.136604   ,  0.105215   ,  0.453475   ,  0.192561   ])
593     , -706.808    , array([ 0.120598   ,  0.101735   ,  0.473014   ,  0.199381   ])
594     , -580.083    , array([ 0.117992   ,  0.0904374  ,  0.474747   ,  0.225209   ])
likelihood = -580.08
theta = 741.04
Optimized parameters = [0.1179918  0.09043739 0.47474664 0.22520897]

Round_2_Replicate_9
595     , -1628.77    , array([ 0.0354104  ,  0.142722   ,  0.599697   ,  0.2708     ])
596     , -1740.92    , array([ 0.0299631  ,  0.142722   ,  0.599697   ,  0.2708     ])
597     , -1517.79    , array([ 0.0354104  ,  0.129483   ,  0.599697   ,  0.2708     ])
598     , -1623.28    , array([ 0.0354104  ,  0.142722   ,  0.584559   ,  0.2708     ])
599     , -1656.34    , array([ 0.0354104  ,  0.142722   ,  0.599697   ,  0.253677   ])
600     , -1472.5     , array([ 0.041848   ,  0.135941   ,  0.59208    ,  0.262099   ])
601     , -1341.66    , array([ 0.0494559  ,  0.132673   ,  0.588308   ,  0.257853   ])
602     , -1404.17    , array([ 0.041848   ,  0.131068   ,  0.586431   ,  0.282084   ])
603     , -1318.56    , array([ 0.0454931  ,  0.125604   ,  0.579908   ,  0.269697   ])
604     , -1173.6     , array([ 0.0515648  ,  0.117831   ,  0.570259   ,  0.269147   ])
605     , -1109.72    , array([ 0.0548981  ,  0.114127   ,  0.587603   ,  0.268872   ])
606     , -886.837    , array([ 0.0683551  ,  0.102056   ,  0.589131   ,  0.267913   ])
likelihood = -886.84
theta = 824.84
Optimized parameters = [0.06835506 0.10205564 0.58913079 0.26791342]

Round_2_Replicate_10
607     , -3073.91    , array([ 0.21094    ,  0.114394   ,  3.06354    ,  0.474476   ])
608     , -3012.46    , array([ 0.195149   ,  0.114394   ,  3.06354    ,  0.474476   ])
609     , -2863.71    , array([ 0.21094    ,  0.102641   ,  3.06354    ,  0.474476   ])
610     , -3232.74    , array([ 0.21094    ,  0.114394   ,  3.23992    ,  0.474476   ])
611     , -3071.26    , array([ 0.21094    ,  0.114394   ,  3.06354    ,  0.457114   ])
612     , -2785.68    , array([ 0.202891   ,  0.108358   ,  2.89676    ,  0.465714   ])
613     , -2580.07    , array([ 0.198982   ,  0.105461   ,  2.73905    ,  0.461394   ])
614     , -2687.33    , array([ 0.197056   ,  0.104042   ,  2.89676    ,  0.459249   ])
615     , -2512.06    , array([ 0.190461   ,  0.0992225  ,  2.8168     ,  0.477804   ])
616     , -2263.36    , array([ 0.18098    ,  0.092409   ,  2.70099    ,  0.488497   ])
617     , -2224.63    , array([ 0.198258   ,  0.0891797  ,  2.64488    ,  0.467072   ])
618     , -1908.59    , array([ 0.199831   ,  0.0787404  ,  2.45752    ,  0.463414   ])
likelihood = -1908.59
theta = 827.76
Optimized parameters = [0.19983082 0.07874041 2.45752453 0.4634139 ]

Round_3_Replicate_1
619     , -398.736    , array([ 0.316058   ,  0.0471009  ,  0.391988   ,  0.472789   ])
620     , -380.112    , array([ 0.29837    ,  0.0471009  ,  0.391988   ,  0.472789   ])
621     , -403.491    , array([ 0.316058   ,  0.0404279  ,  0.391988   ,  0.472789   ])
622     , -391.935    , array([ 0.316058   ,  0.0471009  ,  0.374055   ,  0.472789   ])
623     , -404.777    , array([ 0.316058   ,  0.0471009  ,  0.391988   ,  0.455408   ])
624     , -382.236    , array([ 0.307086   ,  0.043637   ,  0.382916   ,  0.490833   ])
625     , -377.489    , array([ 0.302697   ,  0.0528191  ,  0.37846    ,  0.481726   ])
626     , -372.99     , array([ 0.29623    ,  0.0603734  ,  0.371872   ,  0.486258   ])
627     , -362.67     , array([ 0.293048   ,  0.0513275  ,  0.368622   ,  0.48854    ])
628     , -348.692    , array([ 0.282179   ,  0.053581   ,  0.357466   ,  0.496612   ])
629     , -350.65     , array([ 0.276897   ,  0.0547446  ,  0.37763    ,  0.500698   ])
630     , -357.376    , array([ 0.270615   ,  0.0661849  ,  0.366336   ,  0.487113   ])
631     , -351.756    , array([ 0.265251   ,  0.0726857  ,  0.345952   ,  0.513307   ])
632     , -332.38     , array([ 0.252812   ,  0.0622206  ,  0.351726   ,  0.512782   ])
633     , -323.638    , array([ 0.233551   ,  0.0631653  ,  0.342066   ,  0.526581   ])
634     , -324.56     , array([ 0.257092   ,  0.0554474  ,  0.345012   ,  0.532216   ])
635     , -331.318    , array([ 0.258226   ,  0.0440968  ,  0.364844   ,  0.514275   ])
likelihood = -323.64
theta = 687.9
Optimized parameters = [0.23355107 0.06316525 0.34206613 0.52658139]

Round_3_Replicate_2
636     , -989.154    , array([ 0.265165   ,  0.0261758  ,  0.662855   ,  0.0849091  ])
637     , -955.435    , array([ 0.248137   ,  0.0261758  ,  0.662855   ,  0.0849091  ])
638     , -984.972    , array([ 0.265165   ,  0.021817   ,  0.662855   ,  0.0849091  ])
639     , -985.689    , array([ 0.265165   ,  0.0261758  ,  0.649366   ,  0.0849091  ])
640     , -1055.69    , array([ 0.265165   ,  0.0261758  ,  0.662855   ,  0.0750588  ])
641     , -911.791    , array([ 0.25651    ,  0.0238972  ,  0.656076   ,  0.096052   ])
642     , -855.596    , array([ 0.252288   ,  0.0228334  ,  0.652712   ,  0.108657   ])
643     , -901.187    , array([ 0.250204   ,  0.0223194  ,  0.651037   ,  0.096052   ])
644     , -872.459    , array([ 0.243043   ,  0.0206098  ,  0.665415   ,  0.10216    ])
645     , -796.333    , array([ 0.232685   ,  0.0240336  ,  0.653132   ,  0.112059   ])
646     , -702.443    , array([ 0.217969   ,  0.025225   ,  0.648324   ,  0.128734   ])
647     , -740.155    , array([ 0.233047   ,  0.0196644  ,  0.645933   ,  0.13798    ])
648     , -685.024    , array([ 0.223057   ,  0.0216469  ,  0.655075   ,  0.14619    ])
649     , -586.087    , array([ 0.210608   ,  0.0213183  ,  0.657104   ,  0.180354   ])
650     , -572.339    , array([ 0.213757   ,  0.023842   ,  0.636905   ,  0.182627   ])
651     , -453.572    , array([ 0.200466   ,  0.0256435  ,  0.623112   ,  0.244177   ])
652     , -423.823    , array([ 0.18356    ,  0.022806   ,  0.634407   ,  0.257401   ])
653     , -345.674    , array([ 0.156574   ,  0.0227923  ,  0.625448   ,  0.396175   ])
654     , -342.736    , array([ 0.162881   ,  0.0285098  ,  0.630818   ,  0.34347    ])
655     , -328.715    , array([ 0.136171   ,  0.0343283  ,  0.623394   ,  0.541907   ])
likelihood = -328.71
theta = 945.48
Optimized parameters = [0.13617112 0.03432825 0.62339366 0.54190746]

Round_3_Replicate_3
656     , -2605.5     , array([ 0.0382969  ,  0.217036   ,  0.213465   ,  0.0687711  ])
657     , -2700.05    , array([ 0.0325329  ,  0.217036   ,  0.213465   ,  0.0687711  ])
658     , -2510.9     , array([ 0.0382969  ,  0.201075   ,  0.213465   ,  0.0687711  ])
659     , -2596.03    , array([ 0.0382969  ,  0.217036   ,  0.197603   ,  0.0687711  ])
660     , -2721.74    , array([ 0.0382969  ,  0.217036   ,  0.213465   ,  0.0601556  ])
661     , -2518.63    , array([ 0.0352974  ,  0.208903   ,  0.205381   ,  0.0786204  ])
662     , -2420.64    , array([ 0.0432808  ,  0.204952   ,  0.201454   ,  0.073531   ])
663     , -2305.99    , array([ 0.0499209  ,  0.199165   ,  0.195705   ,  0.0760332  ])
664     , -2336.03    , array([ 0.0419771  ,  0.196332   ,  0.192892   ,  0.077316   ])
665     , -2214.29    , array([ 0.0439478  ,  0.186733   ,  0.205877   ,  0.0819787  ])
666     , -2023.37    , array([ 0.0470786  ,  0.173208   ,  0.210143   ,  0.0895053  ])
667     , -2131.17    , array([ 0.0550678  ,  0.176652   ,  0.200364   ,  0.0765117  ])
668     , -1875.04    , array([ 0.0608617  ,  0.172023   ,  0.186766   ,  0.0922611  ])
669     , -1578.52    , array([ 0.0767244  ,  0.159111   ,  0.174696   ,  0.106862   ])
670     , -1701.66    , array([ 0.0750682  ,  0.158602   ,  0.196696   ,  0.0964791  ])
671     , -1391.42    , array([ 0.0774057  ,  0.13952    ,  0.194359   ,  0.110513   ])
672     , -988.329    , array([ 0.0963871  ,  0.116774   ,  0.19369    ,  0.133235   ])
673     , -1024.09    , array([ 0.0928363  ,  0.127891   ,  0.186652   ,  0.144922   ])
likelihood = -988.33
theta = 630.79
Optimized parameters = [0.09638706 0.1167741  0.1936898  0.13323548]

Round_3_Replicate_4
674     , -700.366    , array([ 0.109504   ,  0.0377847  ,  0.638275   ,  0.0782562  ])
675     , -655.843    , array([ 0.0980394  ,  0.0377847  ,  0.638275   ,  0.0782562  ])
676     , -630.768    , array([ 0.109504   ,  0.0320761  ,  0.638275   ,  0.0782562  ])
677     , -696.952    , array([ 0.109504   ,  0.0377847  ,  0.624105   ,  0.0782562  ])
678     , -815.339    , array([ 0.109504   ,  0.0377847  ,  0.638275   ,  0.0688961  ])
679     , -553.754    , array([ 0.103613   ,  0.0348136  ,  0.63115    ,  0.0888879  ])
680     , -470.54     , array([ 0.100788   ,  0.0334169  ,  0.627618   ,  0.100964   ])
681     , -520.875    , array([ 0.0994041  ,  0.0327396  ,  0.625859   ,  0.0888879  ])
682     , -464.998    , array([ 0.0947091  ,  0.0304756  ,  0.640967   ,  0.0947337  ])
683     , -410.168    , array([ 0.0880791  ,  0.0273697  ,  0.649568   ,  0.104231   ])
684     , -424.73     , array([ 0.100267   ,  0.0259376  ,  0.632258   ,  0.109331   ])
685     , -374.117    , array([ 0.0858997  ,  0.027475   ,  0.629271   ,  0.129228   ])
686     , -395.676    , array([ 0.0760804  ,  0.0254282  ,  0.624817   ,  0.166064   ])
687     , -374.747    , array([ 0.0879651  ,  0.0246592  ,  0.643501   ,  0.13718    ])
688     , -389.635    , array([ 0.0810509  ,  0.0207536  ,  0.649767   ,  0.140776   ])
689     , -394.071    , array([ 0.0732504  ,  0.0239172  ,  0.653868   ,  0.147517   ])
690     , -416.417    , array([ 0.0760434  ,  0.0211879  ,  0.638548   ,  0.184082   ])
691     , -382.205    , array([ 0.0849024  ,  0.0256729  ,  0.646795   ,  0.120158   ])
likelihood = -374.12
theta = 925.95
Optimized parameters = [0.08589968 0.02747502 0.62927125 0.12922812]

Round_3_Replicate_5
692     , -2148.04    , array([ 0.214394   ,  0.164937   ,  0.916925   ,  0.149207   ])
693     , -2096.13    , array([ 0.198506   ,  0.164937   ,  0.916925   ,  0.149207   ])
694     , -1990.43    , array([ 0.214394   ,  0.150725   ,  0.916925   ,  0.149207   ])
695     , -2144.09    , array([ 0.214394   ,  0.164937   ,  0.912957   ,  0.149207   ])
696     , -2294.13    , array([ 0.214394   ,  0.164937   ,  0.916925   ,  0.135668   ])
697     , -1914.15    , array([ 0.206297   ,  0.157671   ,  0.914939   ,  0.164097   ])
698     , -1753.89    , array([ 0.202364   ,  0.154159   ,  0.913948   ,  0.180472   ])
699     , -1839.75    , array([ 0.200426   ,  0.152432   ,  0.913452   ,  0.164097   ])
700     , -1707       , array([ 0.193787   ,  0.14654    ,  0.917671   ,  0.17209    ])
701     , -1522.64    , array([ 0.184238   ,  0.138125   ,  0.920037   ,  0.184815   ])
702     , -1484.46    , array([ 0.201635   ,  0.134101   ,  0.915249   ,  0.191527   ])
703     , -1251.01    , array([ 0.203218   ,  0.120918   ,  0.914412   ,  0.216995   ])
704     , -1269.16    , array([ 0.181761   ,  0.131438   ,  0.913994   ,  0.230972   ])
705     , -1132.31    , array([ 0.185155   ,  0.120684   ,  0.917741   ,  0.24916    ])
706     , -923.296    , array([ 0.177961   ,  0.107383   ,  0.919893   ,  0.307021   ])
707     , -859.868    , array([ 0.171969   ,  0.0995957  ,  0.920222   ,  0.295493   ])
708     , -655.399    , array([ 0.158529   ,  0.0800529  ,  0.923375   ,  0.378108   ])
709     , -693.357    , array([ 0.175214   ,  0.0846227  ,  0.915788   ,  0.412723   ])
710     , -601.473    , array([ 0.174374   ,  0.0713551  ,  0.922747   ,  0.441455   ])
711     , -476.42     , array([ 0.170793   ,  0.0525748  ,  0.927155   ,  0.61031    ])
likelihood = -476.42
theta = 888.82
Optimized parameters = [0.1707935  0.05257484 0.92715529 0.61030981]

Round_4_Replicate_1
712     , -359.502    , array([ 0.188676   ,  0.0809326  ,  0.292579   ,  0.403132   ])
713     , -370.305    , array([ 0.173581   ,  0.0809326  ,  0.292579   ,  0.403132   ])
714     , -340.235    , array([ 0.188676   ,  0.0713723  ,  0.292579   ,  0.403132   ])
715     , -357.305    , array([ 0.188676   ,  0.0809326  ,  0.275141   ,  0.403132   ])
716     , -360.683    , array([ 0.188676   ,  0.0809326  ,  0.292579   ,  0.38523    ])
717     , -343.666    , array([ 0.205084   ,  0.0760023  ,  0.283726   ,  0.39408    ])
718     , -339.537    , array([ 0.196709   ,  0.073651   ,  0.279401   ,  0.417103   ])
719     , -332.343    , array([ 0.200853   ,  0.0702596  ,  0.273036   ,  0.434015   ])
720     , -329.762    , array([ 0.202957   ,  0.0686229  ,  0.269908   ,  0.413566   ])
721     , -322.707    , array([ 0.210498   ,  0.0631891  ,  0.25924    ,  0.418883   ])
722     , -320.554    , array([ 0.214373   ,  0.0606357  ,  0.278597   ,  0.421567   ])
723     , -319.338    , array([ 0.228505   ,  0.0524845  ,  0.280341   ,  0.431099   ])
724     , -319.035    , array([ 0.20818    ,  0.0536571  ,  0.268551   ,  0.451053   ])
725     , -325.908    , array([ 0.209745   ,  0.0450846  ,  0.26127    ,  0.482557   ])
726     , -321.317    , array([ 0.237691   ,  0.049542   ,  0.249502   ,  0.466394   ])
727     , -332.592    , array([ 0.242896   ,  0.0422602  ,  0.255579   ,  0.449076   ])
728     , -321.067    , array([ 0.210627   ,  0.0618746  ,  0.268563   ,  0.437733   ])
729     , -320.151    , array([ 0.231837   ,  0.0464975  ,  0.273977   ,  0.475653   ])
730     , -319.251    , array([ 0.202769   ,  0.0574549  ,  0.298307   ,  0.431418   ])
731     , -320.939    , array([ 0.224516   ,  0.0443298  ,  0.292079   ,  0.456339   ])
732     , -318.045    , array([ 0.22096    ,  0.0481836  ,  0.286013   ,  0.451614   ])
733     , -322.295    , array([ 0.199133   ,  0.06005    ,  0.292527   ,  0.409209   ])
734     , -317.649    , array([ 0.223189   ,  0.0495679  ,  0.278502   ,  0.458093   ])
735     , -319.953    , array([ 0.199672   ,  0.0517007  ,  0.284947   ,  0.465422   ])
736     , -317.48     , array([ 0.220928   ,  0.0522874  ,  0.281486   ,  0.439435   ])
737     , -324.232    , array([ 0.234874   ,  0.0450542  ,  0.260127   ,  0.469379   ])
738     , -317.107    , array([ 0.210359   ,  0.0540666  ,  0.288266   ,  0.44061    ])
739     , -319.728    , array([ 0.229964   ,  0.0484268  ,  0.299368   ,  0.443719   ])
740     , -317.491    , array([ 0.213424   ,  0.0522988  ,  0.275944   ,  0.449208   ])
likelihood = -317.11
theta = 721.8
Optimized parameters = [0.21035869 0.0540666  0.28826607 0.4406102 ]

Round_4_Replicate_2
741     , -447.665    , array([ 0.140821   ,  0.0791528  ,  0.488361   ,  0.301927   ])
742     , -461.776    , array([ 0.127673   ,  0.0791528  ,  0.488361   ,  0.301927   ])
743     , -405.294    , array([ 0.140821   ,  0.0697251  ,  0.488361   ,  0.301927   ])
744     , -441.936    , array([ 0.140821   ,  0.0791528  ,  0.471171   ,  0.301927   ])
745     , -453.583    , array([ 0.140821   ,  0.0791528  ,  0.488361   ,  0.284378   ])
746     , -419.811    , array([ 0.155322   ,  0.0742896  ,  0.479689   ,  0.293021   ])
747     , -404.311    , array([ 0.147894   ,  0.0719712  ,  0.475411   ,  0.315795   ])
748     , -385.71     , array([ 0.151562   ,  0.0686286  ,  0.469065   ,  0.332782   ])
749     , -381.552    , array([ 0.153431   ,  0.0670159  ,  0.465924   ,  0.312269   ])
750     , -359.868    , array([ 0.160153   ,  0.0616643  ,  0.455094   ,  0.317573   ])
751     , -357.057    , array([ 0.163624   ,  0.059151   ,  0.474613   ,  0.320258   ])
752     , -341.482    , array([ 0.176375   ,  0.051134   ,  0.476343   ,  0.329837   ])
753     , -336.34     , array([ 0.158082   ,  0.0522867  ,  0.464556   ,  0.350109   ])
754     , -323.371    , array([ 0.15948    ,  0.0438655  ,  0.45717    ,  0.382697   ])
755     , -323.106    , array([ 0.185553   ,  0.0441872  ,  0.441494   ,  0.38254    ])
756     , -332.085    , array([ 0.212995   ,  0.0351763  ,  0.419775   ,  0.430591   ])
757     , -329.751    , array([ 0.190757   ,  0.0360227  ,  0.445943   ,  0.372115   ])
758     , -335.278    , array([ 0.19702    ,  0.0306421  ,  0.454987   ,  0.422096   ])
759     , -336.144    , array([ 0.189081   ,  0.0286054  ,  0.424835   ,  0.459738   ])
760     , -325.675    , array([ 0.185821   ,  0.033076   ,  0.437165   ,  0.423114   ])
761     , -327.357    , array([ 0.164386   ,  0.0495947  ,  0.435977   ,  0.359685   ])
762     , -329.665    , array([ 0.15761    ,  0.0495002  ,  0.439822   ,  0.401124   ])
763     , -322.415    , array([ 0.165314   ,  0.0457193  ,  0.441344   ,  0.393666   ])
764     , -321.982    , array([ 0.183411   ,  0.0345208  ,  0.452635   ,  0.434146   ])
765     , -333.599    , array([ 0.193734   ,  0.0288007  ,  0.461201   ,  0.476972   ])
766     , -334.983    , array([ 0.161198   ,  0.0528794  ,  0.459323   ,  0.373844   ])
767     , -320.206    , array([ 0.179333   ,  0.0371926  ,  0.442602   ,  0.410219   ])
768     , -324.11     , array([ 0.199171   ,  0.036715   ,  0.43217    ,  0.427931   ])
769     , -320.084    , array([ 0.168592   ,  0.0419569  ,  0.450787   ,  0.393536   ])
likelihood = -320.08
theta = 818.27
Optimized parameters = [0.16859151 0.04195686 0.45078715 0.39353598]

Round_4_Replicate_3
770     , -410.113    , array([ 0.214079   ,  0.0585619  ,  0.493973   ,  0.299177   ])
771     , -391.559    , array([ 0.1982     ,  0.0585619  ,  0.493973   ,  0.299177   ])
772     , -393.657    , array([ 0.214079   ,  0.0508155  ,  0.493973   ,  0.299177   ])
773     , -403.28     , array([ 0.214079   ,  0.0585619  ,  0.476857   ,  0.299177   ])
774     , -422.446    , array([ 0.214079   ,  0.0585619  ,  0.493973   ,  0.28166    ])
775     , -378.066    , array([ 0.205986   ,  0.0545514  ,  0.48534    ,  0.317784   ])
776     , -361.216    , array([ 0.202055   ,  0.0526503  ,  0.48108    ,  0.337548   ])
777     , -364.796    , array([ 0.200118   ,  0.0517248  ,  0.478964   ,  0.317784   ])
778     , -355.084    , array([ 0.193483   ,  0.0486116  ,  0.49725    ,  0.327517   ])
779     , -340.092    , array([ 0.183941   ,  0.0442897  ,  0.507771   ,  0.342678   ])
780     , -342.911    , array([ 0.179347   ,  0.0523013  ,  0.486679   ,  0.35052    ])
781     , -327.697    , array([ 0.184273   ,  0.0428886  ,  0.483072   ,  0.379407   ])
782     , -319.923    , array([ 0.177681   ,  0.0367033  ,  0.477712   ,  0.427261   ])
783     , -321.171    , array([ 0.171971   ,  0.0409036  ,  0.497558   ,  0.414174   ])
784     , -321.775    , array([ 0.157132   ,  0.0354193  ,  0.503783   ,  0.431919   ])
785     , -326.957    , array([ 0.165701   ,  0.0293422  ,  0.506662   ,  0.46171    ])
786     , -337.205    , array([ 0.153343   ,  0.0282031  ,  0.485085   ,  0.548197   ])
787     , -324.982    , array([ 0.160479   ,  0.0315717  ,  0.49066    ,  0.487444   ])
788     , -321.905    , array([ 0.167519   ,  0.0441581  ,  0.478408   ,  0.418054   ])
789     , -333.156    , array([ 0.176724   ,  0.0485356  ,  0.487804   ,  0.366717   ])
790     , -320.212    , array([ 0.164395   ,  0.0351552  ,  0.489944   ,  0.453969   ])
791     , -324.331    , array([ 0.16771    ,  0.0309626  ,  0.506293   ,  0.445574   ])
792     , -319.706    , array([ 0.167567   ,  0.040408   ,  0.485232   ,  0.42477    ])
793     , -320.295    , array([ 0.184639   ,  0.0412308  ,  0.471857   ,  0.427687   ])
794     , -319.002    , array([ 0.174809   ,  0.0358451  ,  0.465256   ,  0.453229   ])
795     , -321.621    , array([ 0.176246   ,  0.0335555  ,  0.4499     ,  0.474116   ])
likelihood = -319.0
theta = 829.99
Optimized parameters = [0.17480931 0.03584508 0.46525604 0.45322853]

Round_4_Replicate_4
796     , -388.733    , array([ 0.148385   ,  0.0661759  ,  0.217167   ,  0.376498   ])
797     , -422.481    , array([ 0.134884   ,  0.0661759  ,  0.217167   ,  0.376498   ])
798     , -383.367    , array([ 0.148385   ,  0.0577743  ,  0.217167   ,  0.376498   ])
799     , -395.485    , array([ 0.148385   ,  0.0661759  ,  0.201203   ,  0.376498   ])
800     , -382.775    , array([ 0.148385   ,  0.0661759  ,  0.217167   ,  0.358551   ])
801     , -359.4      , array([ 0.163238   ,  0.0618326  ,  0.209033   ,  0.367415   ])
802     , -340.759    , array([ 0.179577   ,  0.059769   ,  0.20508    ,  0.362956   ])
803     , -350.392    , array([ 0.163238   ,  0.0587632  ,  0.227782   ,  0.360747   ])
804     , -342.935    , array([ 0.171212   ,  0.0553743  ,  0.216133   ,  0.35312    ])
805     , -334.225    , array([ 0.183911   ,  0.0620955  ,  0.215618   ,  0.341981   ])
806     , -333.235    , array([ 0.204747   ,  0.0643758  ,  0.214848   ,  0.325928   ])
807     , -331.158    , array([ 0.216034   ,  0.0534695  ,  0.214464   ,  0.342372   ])
808     , -363.764    , array([ 0.260669   ,  0.0480629  ,  0.213125   ,  0.334559   ])
809     , -336.525    , array([ 0.225914   ,  0.0574382  ,  0.198402   ,  0.331509   ])
810     , -349.137    , array([ 0.247418   ,  0.062079   ,  0.200335   ,  0.328143   ])
811     , -332.034    , array([ 0.18772    ,  0.0569793  ,  0.212071   ,  0.346703   ])
812     , -352.638    , array([ 0.241182   ,  0.0561562  ,  0.2147     ,  0.31202    ])
813     , -331.062    , array([ 0.193319   ,  0.0588446  ,  0.207444   ,  0.349491   ])
814     , -335.441    , array([ 0.177345   ,  0.059146   ,  0.226928   ,  0.350761   ])
815     , -330.533    , array([ 0.188408   ,  0.0587143  ,  0.219433   ,  0.345845   ])
816     , -336.531    , array([ 0.187709   ,  0.0503982  ,  0.211781   ,  0.367507   ])
817     , -329.685    , array([ 0.200348   ,  0.0605544  ,  0.214077   ,  0.335859   ])
818     , -329.428    , array([ 0.21151    ,  0.0586994  ,  0.215568   ,  0.34004    ])
819     , -333.879    , array([ 0.224513   ,  0.0595789  ,  0.217338   ,  0.336757   ])
820     , -338.1      , array([ 0.181854   ,  0.0655403  ,  0.21371    ,  0.343166   ])
821     , -328.766    , array([ 0.20693    ,  0.0562609  ,  0.214275   ,  0.342571   ])
822     , -329.862    , array([ 0.210254   ,  0.0582316  ,  0.22455    ,  0.332831   ])
823     , -337.192    , array([ 0.227899   ,  0.0581204  ,  0.214742   ,  0.32995    ])
824     , -328.543    , array([ 0.197588   ,  0.0585653  ,  0.218251   ,  0.341801   ])
likelihood = -328.54
theta = 719.3
Optimized parameters = [0.19758791 0.05856528 0.21825076 0.34180131]

Round_4_Replicate_5
825     , -368.158    , array([ 0.39225    ,  0.04693    ,  0.31041    ,  0.834062   ])
826     , -355.986    , array([ 0.374319   ,  0.04693    ,  0.31041    ,  0.834062   ])
827     , -379.709    , array([ 0.39225    ,  0.0402739  ,  0.31041    ,  0.834062   ])
828     , -362.292    , array([ 0.39225    ,  0.04693    ,  0.292774   ,  0.834062   ])
829     , -368.902    , array([ 0.39225    ,  0.04693    ,  0.31041    ,  0.826529   ])
830     , -352.953    , array([ 0.38318    ,  0.0546863  ,  0.301463   ,  0.830287   ])
831     , -348.388    , array([ 0.378723   ,  0.0637244  ,  0.297087   ,  0.828406   ])
832     , -345.729    , array([ 0.376514   ,  0.0546863  ,  0.294923   ,  0.838805   ])
833     , -337.222    , array([ 0.368885   ,  0.0590326  ,  0.287471   ,  0.845011   ])
834     , -334.66     , array([ 0.365128   ,  0.0613337  ,  0.283816   ,  0.836667   ])
835     , -327.439    , array([ 0.352279   ,  0.0701169  ,  0.271386   ,  0.837973   ])
836     , -335.259    , array([ 0.346025   ,  0.0749696  ,  0.289713   ,  0.838626   ])
837     , -349.694    , array([ 0.348628   ,  0.094755   ,  0.263986   ,  0.840918   ])
838     , -337.287    , array([ 0.35488    ,  0.0794903  ,  0.274897   ,  0.839199   ])
839     , -324.296    , array([ 0.33355    ,  0.0779384  ,  0.265324   ,  0.852157   ])
840     , -325.213    , array([ 0.313026   ,  0.0861934  ,  0.25074    ,  0.864286   ])
841     , -323.985    , array([ 0.345097   ,  0.0618673  ,  0.281705   ,  0.847667   ])
842     , -323.649    , array([ 0.340307   ,  0.0545802  ,  0.285171   ,  0.851933   ])
843     , -324.363    , array([ 0.318876   ,  0.0801042  ,  0.268303   ,  0.845278   ])
844     , -313.055    , array([ 0.326335   ,  0.0651999  ,  0.2562     ,  0.855084   ])
845     , -310.513    , array([ 0.316914   ,  0.0608035  ,  0.240927   ,  0.863433   ])
846     , -309.242    , array([ 0.304026   ,  0.0649175  ,  0.257696   ,  0.868654   ])
847     , -309.127    , array([ 0.282438   ,  0.0624642  ,  0.251112   ,  0.884413   ])
848     , -316.725    , array([ 0.316101   ,  0.0501785  ,  0.25217    ,  0.880856   ])
849     , -330.312    , array([ 0.294185   ,  0.0413814  ,  0.248599   ,  0.888337   ])
850     , -313.122    , array([ 0.323241   ,  0.0665296  ,  0.26104    ,  0.861061   ])
851     , -314.473    , array([ 0.28102    ,  0.0652396  ,  0.221295   ,  0.893317   ])
852     , -319.248    , array([ 0.285258   ,  0.0809142  ,  0.234435   ,  0.870076   ])
853     , -310.682    , array([ 0.308091   ,  0.0565451  ,  0.247614   ,  0.878148   ])
likelihood = -309.13
theta = 610.98
Optimized parameters = [0.2824382  0.06246424 0.2511124  0.88441284]

Round_1_Replicate_1
1727    , -9693.34    , array([ 0.804779   ,  1.03639    ,  2.04243    ,  6.90517    ])
1728    , -9675.6     , array([ 0.796086   ,  1.03639    ,  2.04243    ,  6.90517    ])
1729    , -9699.54    , array([ 0.804779   ,  1.03825    ,  2.04243    ,  6.90517    ])
1730    , -9876.09    , array([ 0.804779   ,  1.03639    ,  2.11667    ,  6.90517    ])
1731    , -9693.19    , array([ 0.804779   ,  1.03639    ,  2.04243    ,  7.6056     ])
1732    , -9505.93    , array([ 0.800421   ,  1.03732    ,  1.97079    ,  7.24693    ])
1733    , -9322.69    , array([ 0.798251   ,  1.03778    ,  1.90166    ,  7.4241     ])
1734    , -9492.37    , array([ 0.797168   ,  1.03524    ,  1.97079    ,  7.5143     ])
likelihood = -9322.69
theta = 163.8
Optimized parameters = [0.79825069 1.03778401 1.90165643 7.4240963 ]

Round_1_Replicate_2
1735    , -4166.65    , array([ 3.37799    ,  0.478782   ,  0.199177   ,  0.293454   ])
1736    , -4197.99    , array([ 3.58997    ,  0.478782   ,  0.199177   ,  0.293454   ])
1737    , -4049.43    , array([ 3.37799    ,  0.461471   ,  0.199177   ,  0.293454   ])
1738    , -4121.76    , array([ 3.37799    ,  0.478782   ,  0.183739   ,  0.293454   ])
1739    , -4341.89    , array([ 3.37799    ,  0.478782   ,  0.199177   ,  0.276005   ])
1740    , -3935.14    , array([ 3.48237    ,  0.470047   ,  0.191302   ,  0.312006   ])
1741    , -3746.83    , array([ 3.53576    ,  0.465739   ,  0.187482   ,  0.331731   ])
1742    , -3841.47    , array([ 3.2519     ,  0.4636     ,  0.185601   ,  0.312006   ])
likelihood = -3746.83
theta = 248.34
Optimized parameters = [3.53575962 0.46573902 0.18748237 0.33173138]

Round_1_Replicate_3
1743    , -12837.9    , array([ 1.06774    ,  0.793674   ,  3.92599    ,  0.974519   ])
1744    , -12844.6    , array([ 1.07124    ,  0.793674   ,  3.92599    ,  0.974519   ])
1745    , -12794.7    , array([ 1.06774    ,  0.784556   ,  3.92599    ,  0.974519   ])
1746    , -13220      , array([ 1.06774    ,  0.793674   ,  4.20384    ,  0.974519   ])
1747    , -12838      , array([ 1.06774    ,  0.793674   ,  3.92599    ,  0.973262   ])
1748    , -12438.6    , array([ 1.06949    ,  0.789102   ,  3.6665     ,  0.97389    ])
1749    , -12049.8    , array([ 1.07036    ,  0.786826   ,  3.42416    ,  0.973576   ])
1750    , -12414.9    , array([ 1.06555    ,  0.78569    ,  3.6665     ,  0.973419   ])
likelihood = -12049.77
theta = 208.28
Optimized parameters = [1.07036495 0.78682578 3.4241601  0.97357626]

Round_1_Replicate_4
1751    , -8865.39    , array([ 1.77282    ,  0.258775   ,  3.80266    ,  0.12926    ])
1752    , -8883.76    , array([ 1.82431    ,  0.258775   ,  3.80266    ,  0.12926    ])
1753    , -8539.87    , array([ 1.77282    ,  0.241862   ,  3.80266    ,  0.12926    ])
1754    , -9137.19    , array([ 1.77282    ,  0.258775   ,  4.06529    ,  0.12926    ])
1755    , -9010.18    , array([ 1.77282    ,  0.258775   ,  3.80266    ,  0.116691   ])
1756    , -8525.49    , array([ 1.79838    ,  0.250176   ,  3.55699    ,  0.122815   ])
1757    , -8248.32    , array([ 1.8113     ,  0.245984   ,  3.3272     ,  0.119714   ])
1758    , -8256.07    , array([ 1.81779    ,  0.243914   ,  3.55699    ,  0.137795   ])
likelihood = -8248.32
theta = 336.34
Optimized parameters = [1.81129737 0.24598389 3.32719918 0.11971415]

Round_1_Replicate_5
1759    , -3713.67    , array([ 1.53326    ,  1.65227    ,  0.288045   ,  6.54046    ])
1760    , -3727.69    , array([ 1.56638    ,  1.65227    ,  0.288045   ,  6.54046    ])
1761    , -3775.62    , array([ 1.53326    ,  1.69428    ,  0.288045   ,  6.54046    ])
1762    , -3536.19    , array([ 1.53326    ,  1.65227    ,  0.270666   ,  6.54046    ])
1763    , -3699.5     , array([ 1.53326    ,  1.65227    ,  0.288045   ,  7.18437    ])
1764    , -3562.78    , array([ 1.54973    ,  1.6113     ,  0.27922    ,  6.85486    ])
1765    , -3528.96    , array([ 1.50888    ,  1.63166    ,  0.27491    ,  7.01768    ])
1766    , -3433.28    , array([ 1.48093    ,  1.62145    ,  0.268569   ,  7.26919    ])
likelihood = -3433.28
theta = 97.37
Optimized parameters = [1.48093068 1.62145023 0.26856853 7.26919441]

Round_1_Replicate_6
1767    , -4846.13    , array([ 0.782545   ,  0.681865   ,  0.643671   ,  0.333262   ])
1768    , -4828.82    , array([ 0.773009   ,  0.681865   ,  0.643671   ,  0.333262   ])
1769    , -4794.61    , array([ 0.782545   ,  0.668934   ,  0.643671   ,  0.333262   ])
1770    , -4803.64    , array([ 0.782545   ,  0.681865   ,  0.629647   ,  0.333262   ])
1771    , -4948.87    , array([ 0.782545   ,  0.681865   ,  0.643671   ,  0.315446   ])
1772    , -4693.46    , array([ 0.777763   ,  0.675369   ,  0.63662    ,  0.352084   ])
1773    , -4574.33    , array([ 0.775382   ,  0.672144   ,  0.633124   ,  0.37197    ])
1774    , -4652.01    , array([ 0.774195   ,  0.670537   ,  0.631383   ,  0.352084   ])
likelihood = -4574.33
theta = 264.84
Optimized parameters = [0.77538238 0.67214378 0.63312384 0.37196953]

Round_1_Replicate_7
1775    , -6530.09    , array([ 0.90848    ,  0.266651   ,  2.80181    ,  0.496017   ])
1776    , -6524.85    , array([ 0.90413    ,  0.266651   ,  2.80181    ,  0.496017   ])
1777    , -6305.23    , array([ 0.90848    ,  0.249598   ,  2.80181    ,  0.496017   ])
1778    , -6755.51    , array([ 0.90848    ,  0.266651   ,  2.94993    ,  0.496017   ])
1779    , -6530.05    , array([ 0.90848    ,  0.266651   ,  2.80181    ,  0.47893    ])
1780    , -6196.65    , array([ 0.906302   ,  0.257984   ,  2.66114    ,  0.487399   ])
1781    , -5930.06    , array([ 0.905216   ,  0.253756   ,  2.52752    ,  0.483146   ])
1782    , -6112.95    , array([ 0.904673   ,  0.251668   ,  2.66114    ,  0.481033   ])
likelihood = -5930.06
theta = 347.61
Optimized parameters = [0.90521559 0.25375607 2.5275236  0.48314571]

Round_1_Replicate_8
1783    , -6189.76    , array([ 0.741897   ,  5.799      ,  0.277746   ,  2.60183    ])
1784    , -6179.42    , array([ 0.730905   ,  5.799      ,  0.277746   ,  2.60183    ])
1785    , -6364.09    , array([ 0.741897   ,  6.3317     ,  0.277746   ,  2.60183    ])
1786    , -6005.82    , array([ 0.741897   ,  5.799      ,  0.260514   ,  2.60183    ])
1787    , -6196.66    , array([ 0.741897   ,  5.799      ,  0.277746   ,  2.72925    ])
1788    , -5917.51    , array([ 0.736381   ,  5.31111    ,  0.268992   ,  2.66478    ])
1789    , -5689.74    , array([ 0.733638   ,  4.86427    ,  0.264719   ,  2.69682    ])
1790    , -5839.6     , array([ 0.73227    ,  5.31111    ,  0.262608   ,  2.52524    ])
likelihood = -5689.74
theta = 76.21
Optimized parameters = [0.7336376  4.8642677  0.26471913 2.69682466]

Round_1_Replicate_9
1791    , -5146.68    , array([ 0.521816   ,  0.998144   ,  0.642245   ,  0.341421   ])
1792    , -5099.01    , array([ 0.505118   ,  0.998144   ,  0.642245   ,  0.341421   ])
1793    , -5146.47    , array([ 0.521816   ,  0.998051   ,  0.642245   ,  0.341421   ])
1794    , -5099.98    , array([ 0.521816   ,  0.998144   ,  0.628182   ,  0.341421   ])
1795    , -5225.74    , array([ 0.521816   ,  0.998144   ,  0.642245   ,  0.32356    ])
1796    , -5025.85    , array([ 0.513399   ,  0.998097   ,  0.635174   ,  0.360268   ])
1797    , -4934.48    , array([ 0.509242   ,  0.998074   ,  0.631669   ,  0.380156   ])
1798    , -4990.94    , array([ 0.507176   ,  0.998063   ,  0.629923   ,  0.360268   ])
likelihood = -4934.48
theta = 241.28
Optimized parameters = [0.50924161 0.99807412 0.63166852 0.38015556]

Round_1_Replicate_10
1799    , -7913.71    , array([ 7.29257    ,  1.10546    ,  0.240088   ,  0.31556    ])
1800    , -7979.31    , array([ 8.05424    ,  1.10546    ,  0.240088   ,  0.31556    ])
1801    , -7937.96    , array([ 7.29257    ,  1.11102    ,  0.240088   ,  0.31556    ])
1802    , -7839.74    , array([ 7.29257    ,  1.10546    ,  0.223557   ,  0.31556    ])
1803    , -8143.46    , array([ 7.29257    ,  1.10546    ,  0.240088   ,  0.297876   ])
1804    , -7696.91    , array([ 7.66395    ,  1.10824    ,  0.231675   ,  0.334293   ])
1805    , -7481.47    , array([ 7.85667    ,  1.10963    ,  0.22758    ,  0.354139   ])
1806    , -7600.73    , array([ 6.85355    ,  1.11032    ,  0.22556    ,  0.334293   ])
likelihood = -7481.47
theta = 185.81
Optimized parameters = [7.85666848 1.10962629 0.22757998 0.35413851]

Round_2_Replicate_1
1807    , -1952.65    , array([ 1.19275    ,  0.420192   ,  0.421972   ,  4.70513    ])
1808    , -1959.05    , array([ 1.20331    ,  0.420192   ,  0.421972   ,  4.70513    ])
1809    , -1899.92    , array([ 1.19275    ,  0.402365   ,  0.421972   ,  4.70513    ])
1810    , -1873.3     , array([ 1.19275    ,  0.420192   ,  0.404155   ,  4.70513    ])
1811    , -1947.65    , array([ 1.19275    ,  0.420192   ,  0.421972   ,  5.08394    ])
1812    , -1877.6     , array([ 1.18228    ,  0.411182   ,  0.412967   ,  4.89087    ])
1813    , -1847.21    , array([ 1.1875     ,  0.40675    ,  0.408537   ,  4.98647    ])
1814    , -1796.39    , array([ 1.18489    ,  0.400191   ,  0.401981   ,  5.13338    ])
1815    , -1778.85    , array([ 1.18359    ,  0.396951   ,  0.398743   ,  4.63731    ])
1816    , -1700.04    , array([ 1.17903    ,  0.385817   ,  0.387612   ,  4.42893    ])
1817    , -1723.79    , array([ 1.17676    ,  0.405924   ,  0.382164   ,  4.86137    ])
likelihood = -1700.04
theta = 207.48
Optimized parameters = [1.17903052 0.38581673 0.38761209 4.42893413]

Round_2_Replicate_2
1818    , -5864.25    , array([ 0.386826   ,  1.41822    ,  0.804466   ,  18.6223    ])
1819    , -5837.37    , array([ 0.368885   ,  1.41822    ,  0.804466   ,  18.6223    ])
1820    , -5912.58    , array([ 0.386826   ,  1.44322    ,  0.804466   ,  18.6223    ])
1821    , -5827.9     , array([ 0.386826   ,  1.41822    ,  0.795762   ,  18.6223    ])
1822    , -5864.28    , array([ 0.386826   ,  1.41822    ,  0.804466   ,  21.5543    ])
1823    , -5784.41    , array([ 0.377749   ,  1.39366    ,  0.800102   ,  20.0347    ])
1824    , -5720.7     , array([ 0.373291   ,  1.36952    ,  0.797929   ,  20.7806    ])
1825    , -5761.23    , array([ 0.371081   ,  1.39366    ,  0.796844   ,  16.9959    ])
1826    , -5710.67    , array([ 0.363451   ,  1.38154    ,  0.793061   ,  18.7932    ])
1827    , -5635.95    , array([ 0.352299   ,  1.36356    ,  0.787419   ,  18.8793    ])
1828    , -5634.04    , array([ 0.372461   ,  1.35465    ,  0.784613   ,  18.9225    ])
1829    , -5532.09    , array([ 0.374261   ,  1.32394    ,  0.774872   ,  19.0744    ])
likelihood = -5532.09
theta = 168.71
Optimized parameters = [ 0.37426127  1.32394339  0.77487172 19.0743927 ]

Round_2_Replicate_3
1830    , -1121.91    , array([ 0.726756   ,  0.626871   ,  0.205414   ,  20.6922    ])
1831    , -1121.7     , array([ 0.71525    ,  0.626871   ,  0.205414   ,  20.6922    ])
1832    , -1097.51    , array([ 0.726756   ,  0.612402   ,  0.205414   ,  20.6922    ])
1833    , -1040.97    , array([ 0.726756   ,  0.626871   ,  0.189785   ,  20.6922    ])
1834    , -1121.67    , array([ 0.726756   ,  0.626871   ,  0.205414   ,  24.0767    ])
1835    , -1068.43    , array([ 0.72098    ,  0.619594   ,  0.197445   ,  22.3204    ])
1836    , -1042.72    , array([ 0.735506   ,  0.615988   ,  0.193577   ,  23.182     ])
1837    , -1005.95    , array([ 0.728207   ,  0.610617   ,  0.187917   ,  19.5495    ])
1838    , -953.488    , array([ 0.728933   ,  0.602649   ,  0.179735   ,  17.6159    ])
1839    , -959.251    , array([ 0.729297   ,  0.620046   ,  0.175779   ,  20.9882    ])
likelihood = -953.49
theta = 166.33
Optimized parameters = [ 0.72893347  0.60264941  0.17973503 17.61591036]

Round_2_Replicate_4
1840    , -4575.83    , array([ 4.28121    ,  1.16589    ,  0.369508   ,  6.62084    ])
1841    , -4645.45    , array([ 4.6041     ,  1.16589    ,  0.369508   ,  6.62084    ])
1842    , -4595.55    , array([ 4.28121    ,  1.17487    ,  0.369508   ,  6.62084    ])
1843    , -4412.1     , array([ 4.28121    ,  1.16589    ,  0.351564   ,  6.62084    ])
1844    , -4560.96    , array([ 4.28121    ,  1.16589    ,  0.369508   ,  7.2771     ])
1845    , -4424.23    , array([ 3.98097    ,  1.17037    ,  0.360424   ,  6.94122    ])
1846    , -4391.62    , array([ 4.12836    ,  1.15919    ,  0.355967   ,  7.10718    ])
1847    , -4291.8     , array([ 4.05399    ,  1.15144    ,  0.349384   ,  7.36358    ])
1848    , -4269.96    , array([ 4.01731    ,  1.16086    ,  0.346138   ,  7.49524    ])
1849    , -4121.11    , array([ 3.89153    ,  1.15836    ,  0.335013   ,  7.97483    ])
1850    , -4068.79    , array([ 3.83012    ,  1.15711    ,  0.329585   ,  7.13873    ])
1851    , -3834.04    , array([ 3.62272    ,  1.15275    ,  0.311272   ,  7.07054    ])
likelihood = -3834.04
theta = 86.09
Optimized parameters = [3.62272414 1.152749   0.31127201 7.07053839]

Round_2_Replicate_5
1852    , -6799.88    , array([ 1.32802    ,  4.16224    ,  0.345279   ,  21.4989    ])
1853    , -6812.77    , array([ 1.347      ,  4.16224    ,  0.345279   ,  21.4989    ])
1854    , -7002.47    , array([ 1.32802    ,  4.46985    ,  0.345279   ,  21.4989    ])
1855    , -6600.06    , array([ 1.32802    ,  4.16224    ,  0.3274     ,  21.4989    ])
1856    , -6801.79    , array([ 1.32802    ,  4.16224    ,  0.345279   ,  25.0633    ])
1857    , -6500.35    , array([ 1.33748    ,  3.87579    ,  0.336221   ,  23.2128    ])
1858    , -6244.39    , array([ 1.34223    ,  3.60906    ,  0.331781   ,  24.1203    ])
1859    , -6413.18    , array([ 1.3163     ,  3.87579    ,  0.329584   ,  24.5872    ])
1860    , -6229.29    , array([ 1.3292     ,  3.74005    ,  0.322005   ,  20.8894    ])
1861    , -5944.59    , array([ 1.32979    ,  3.5453     ,  0.310963   ,  19.0708    ])
1862    , -5804.36    , array([ 1.33009    ,  3.45176    ,  0.305585   ,  22.9362    ])
1863    , -5314.62    , array([ 1.33112    ,  3.14338    ,  0.287484   ,  23.6906    ])
likelihood = -5314.62
theta = 63.22
Optimized parameters = [ 1.33111837  3.14338089  0.28748381 23.69055377]

Round_2_Replicate_6
1864    , -2867.58    , array([ 0.578914   ,  2.73083    ,  0.107098   ,  1.96329    ])
1865    , -2869.08    , array([ 0.563306   ,  2.73083    ,  0.107098   ,  1.96329    ])
1866    , -2943.67    , array([ 0.578914   ,  2.87151    ,  0.107098   ,  1.96329    ])
1867    , -2753.36    , array([ 0.578914   ,  2.73083    ,  0.0957786  ,  1.96329    ])
1868    , -2856.55    , array([ 0.578914   ,  2.73083    ,  0.107098   ,  2.03064    ])
1869    , -2729.47    , array([ 0.571057   ,  2.59705    ,  0.10128    ,  1.99668    ])
1870    , -2625.99    , array([ 0.567168   ,  2.46982    ,  0.0984909  ,  2.01359    ])
1871    , -2681.52    , array([ 0.588887   ,  2.59705    ,  0.0971253  ,  2.0221     ])
1872    , -2595.74    , array([ 0.577926   ,  2.53264    ,  0.092493   ,  2.05216    ])
1873    , -2470.86    , array([ 0.577432   ,  2.439      ,  0.0859554  ,  2.09809    ])
1874    , -2430.69    , array([ 0.577186   ,  2.39349    ,  0.0828621  ,  2.01678    ])
1875    , -2252.53    , array([ 0.576324   ,  2.24078    ,  0.072886   ,  2.00988    ])
likelihood = -2252.53
theta = 124.92
Optimized parameters = [0.57632379 2.24078147 0.07288595 2.00988067]

Round_2_Replicate_7
1876    , -2551.04    , array([ 0.657514   ,  1.45593    ,  0.218463   ,  6.00826    ])
1877    , -2552.11    , array([ 0.643873   ,  1.45593    ,  0.218463   ,  6.00826    ])
1878    , -2588.78    , array([ 0.657514   ,  1.48353    ,  0.218463   ,  6.00826    ])
1879    , -2415.15    , array([ 0.657514   ,  1.45593    ,  0.202463   ,  6.00826    ])
1880    , -2543.42    , array([ 0.657514   ,  1.45593    ,  0.218463   ,  6.57183    ])
1881    , -2441.83    , array([ 0.650658   ,  1.42884    ,  0.210311   ,  6.28373    ])
1882    , -2422.67    , array([ 0.667934   ,  1.44232    ,  0.20635    ,  6.42616    ])
1883    , -2362.09    , array([ 0.659239   ,  1.43556    ,  0.200548   ,  6.64589    ])
1884    , -2272.33    , array([ 0.660104   ,  1.42549    ,  0.192149   ,  6.98965    ])
1885    , -2241.24    , array([ 0.660536   ,  1.42048    ,  0.188082   ,  6.26615    ])
1886    , -2105.8     , array([ 0.662053   ,  1.40308    ,  0.174515   ,  6.11868    ])
likelihood = -2105.8
theta = 125.88
Optimized parameters = [0.66205262 1.40307582 0.17451492 6.11868105]

Round_2_Replicate_8
1887    , -6431.17    , array([ 1.41498    ,  1.12338    ,  0.833279   ,  6.22048    ])
1888    , -6451.88    , array([ 1.43975    ,  1.12338    ,  0.833279   ,  6.22048    ])
1889    , -6450.41    , array([ 1.41498    ,  1.12993    ,  0.833279   ,  6.22048    ])
1890    , -6391.08    , array([ 1.41498    ,  1.12338    ,  0.825715   ,  6.22048    ])
1891    , -6425.02    , array([ 1.41498    ,  1.12338    ,  0.833279   ,  6.81578    ])
1892    , -6397.03    , array([ 1.39063    ,  1.12665    ,  0.829488   ,  6.51133    ])
1893    , -6371.79    , array([ 1.40275    ,  1.11849    ,  0.827599   ,  6.66181    ])
1894    , -6332.89    , array([ 1.39668    ,  1.11281    ,  0.824774   ,  6.89409    ])
1895    , -6342.16    , array([ 1.39365    ,  1.11971    ,  0.823365   ,  7.01324    ])
1896    , -6306.62    , array([ 1.38311    ,  1.11788    ,  0.818452   ,  6.49276    ])
1897    , -6248.04    , array([ 1.36745    ,  1.11514    ,  0.811138   ,  6.33704    ])
likelihood = -6248.04
theta = 127.92
Optimized parameters = [1.36744806 1.11513996 0.81113782 6.33703935]

Round_2_Replicate_9
1898    , -3113.4     , array([ 1.22984    ,  3.78521    ,  0.0739506  ,  2.07738    ])
1899    , -3119.74    , array([ 1.24263    ,  3.78521    ,  0.0739506  ,  2.07738    ])
1900    , -3210.62    , array([ 1.22984    ,  4.04571    ,  0.0739506  ,  2.07738    ])
1901    , -2985.39    , array([ 1.22984    ,  3.78521    ,  0.0649215  ,  2.07738    ])
1902    , -3082.17    , array([ 1.22984    ,  3.78521    ,  0.0739506  ,  2.15472    ])
1903    , -2938.82    , array([ 1.23622    ,  3.54149    ,  0.0692891  ,  2.1157     ])
1904    , -2806.96    , array([ 1.23942    ,  3.31346    ,  0.0670698  ,  2.13512    ])
1905    , -2874.66    , array([ 1.22192    ,  3.54149    ,  0.0659869  ,  2.1449     ])
1906    , -2767.45    , array([ 1.23064    ,  3.42558    ,  0.0623327  ,  2.17948    ])
1907    , -2608.88    , array([ 1.23104    ,  3.25878    ,  0.0572273  ,  2.2324     ])
1908    , -2582.29    , array([ 1.23124    ,  3.17845    ,  0.0548336  ,  2.13878    ])
1909    , -2374.67    , array([ 1.23193    ,  2.91259    ,  0.0472171  ,  2.13086    ])
likelihood = -2374.67
theta = 98.07
Optimized parameters = [1.23193332 2.91258659 0.04721707 2.13085674]

Round_2_Replicate_10
1910    , -355.114    , array([ 1.13255    ,  0.408899   ,  0.0717006  ,  23.8676    ])
1911    , -354.354    , array([ 1.13962    ,  0.408899   ,  0.0717006  ,  23.8676    ])
1912    , -348.576    , array([ 1.13255    ,  0.391019   ,  0.0717006  ,  23.8676    ])
1913    , -355.776    , array([ 1.13255    ,  0.408899   ,  0.062849   ,  23.8676    ])
1914    , -355.814    , array([ 1.13255    ,  0.408899   ,  0.0717006  ,  27.9705    ])
1915    , -349.195    , array([ 1.13607    ,  0.399859   ,  0.0671291  ,  20.3666    ])
1916    , -355.529    , array([ 1.13784    ,  0.395414   ,  0.0791481  ,  22.0477    ])
1917    , -352.517    , array([ 1.13652    ,  0.398743   ,  0.0747145  ,  22.4893    ])
1918    , -346.644    , array([ 1.13984    ,  0.390473   ,  0.0708203  ,  21.4016    ])
1919    , -342.742    , array([ 1.1435     ,  0.381573   ,  0.0703842  ,  20.2659    ])
1920    , -341.962    , array([ 1.13469    ,  0.377199   ,  0.0701672  ,  19.7208    ])
1921    , -336.644    , array([ 1.13224    ,  0.362283   ,  0.0694129  ,  17.926     ])
likelihood = -336.64
theta = 119.54
Optimized parameters = [ 1.13224235  0.36228323  0.06941289 17.9259984 ]

Round_3_Replicate_1
1922    , -487.621    , array([ 0.972525   ,  0.250229   ,  0.178212   ,  11.9002    ])
1923    , -487.268    , array([ 0.971171   ,  0.250229   ,  0.178212   ,  11.9002    ])
1924    , -469.941    , array([ 0.972525   ,  0.233482   ,  0.178212   ,  11.9002    ])
1925    , -446.581    , array([ 0.972525   ,  0.250229   ,  0.163488   ,  11.9002    ])
1926    , -486.322    , array([ 0.972525   ,  0.250229   ,  0.178212   ,  13.4689    ])
1927    , -456.876    , array([ 0.971848   ,  0.241711   ,  0.170691   ,  12.6602    ])
1928    , -443.269    , array([ 0.973542   ,  0.237561   ,  0.167051   ,  13.0583    ])
1929    , -424.052    , array([ 0.974729   ,  0.23147    ,  0.161735   ,  13.679     ])
1930    , -416.425    , array([ 0.973287   ,  0.228483   ,  0.15914    ,  11.6271    ])
1931    , -389.44     , array([ 0.973669   ,  0.218329   ,  0.150384   ,  10.8029    ])
1932    , -391.818    , array([ 0.973859   ,  0.236791   ,  0.146188   ,  12.5384    ])
1933    , -374.834    , array([ 0.975546   ,  0.22639    ,  0.141251   ,  11.7287    ])
1934    , -347.309    , array([ 0.9774     ,  0.219098   ,  0.128493   ,  11.289     ])
1935    , -343.802    , array([ 0.977307   ,  0.204629   ,  0.130742   ,  12.1532    ])
1936    , -320.892    , array([ 0.979707   ,  0.185047   ,  0.116917   ,  12.2817    ])
1937    , -318.921    , array([ 0.977584   ,  0.19779    ,  0.112366   ,  10.0183    ])
1938    , -307.31     , array([ 0.979015   ,  0.182835   ,  0.0936587  ,  8.57365    ])
1939    , -309.974    , array([ 0.981044   ,  0.169895   ,  0.0995042  ,  9.03795    ])
1940    , -322.032    , array([ 0.984946   ,  0.162544   ,  0.0786813  ,  9.59481    ])
likelihood = -307.31
theta = 176.89
Optimized parameters = [0.97901542 0.18283524 0.09365875 8.57364761]

Round_3_Replicate_2
1941    , -715.162    , array([ 0.588044   ,  0.715118   ,  0.0509325  ,  13.5991    ])
1942    , -728.239    , array([ 0.572638   ,  0.715118   ,  0.0509325  ,  13.5991    ])
1943    , -709.012    , array([ 0.588044   ,  0.703228   ,  0.0509325  ,  13.5991    ])
1944    , -730.533    , array([ 0.588044   ,  0.715118   ,  0.0438879  ,  13.5991    ])
1945    , -720.488    , array([ 0.588044   ,  0.715118   ,  0.0509325  ,  15.4948    ])
1946    , -713.013    , array([ 0.58029    ,  0.709148   ,  0.0591079  ,  14.5161    ])
1947    , -699.469    , array([ 0.599869   ,  0.706182   ,  0.0548681  ,  14.9975    ])
1948    , -685.819    , array([ 0.613967   ,  0.701756   ,  0.0569486  ,  15.7497    ])
1949    , -692.478    , array([ 0.596891   ,  0.699554   ,  0.0580182  ,  13.2704    ])
1950    , -686.355    , array([ 0.601364   ,  0.691899   ,  0.0619225  ,  14.9364    ])
1951    , -673.076    , array([ 0.620367   ,  0.689186   ,  0.0546135  ,  14.1941    ])
1952    , -654.716    , array([ 0.641432   ,  0.679416   ,  0.0524961  ,  14.0358    ])
1953    , -655.246    , array([ 0.639373   ,  0.68312    ,  0.0643452  ,  15.3925    ])
1954    , -646.357    , array([ 0.651927   ,  0.678594   ,  0.0594872  ,  16.9882    ])
1955    , -624.066    , array([ 0.68132    ,  0.66835    ,  0.0602356  ,  19.2211    ])
1956    , -623.99     , array([ 0.688752   ,  0.674324   ,  0.0549719  ,  17.1219    ])
1957    , -597.215    , array([ 0.737099   ,  0.665705   ,  0.0517949  ,  18.3318    ])
1958    , -579.684    , array([ 0.739173   ,  0.64755    ,  0.0570045  ,  17.5184    ])
1959    , -532.793    , array([ 0.811048   ,  0.622037   ,  0.0570325  ,  18.4758    ])
likelihood = -532.79
theta = 108.14
Optimized parameters = [ 0.81104827  0.62203722  0.05703246 18.47584953]

Round_3_Replicate_3
1960    , -1052.12    , array([ 0.299633   ,  0.636078   ,  0.122197   ,  29.2706    ])
1961    , -1083.61    , array([ 0.282111   ,  0.636078   ,  0.122197   ,  29.2706    ])
1962    , -1034.63    , array([ 0.299633   ,  0.621851   ,  0.122197   ,  29.2706    ])
1963    , -1028.85    , array([ 0.299633   ,  0.636078   ,  0.110005   ,  29.2706    ])
1965    , -1046.77    , array([ 0.29074    ,  0.628924   ,  0.115941   ,  24.7235    ])
1966    , -997.869    , array([ 0.313486   ,  0.625377   ,  0.112934   ,  26.9012    ])
1967    , -957.679    , array([ 0.330459   ,  0.620095   ,  0.108569   ,  25.7894    ])
1968    , -985.088    , array([ 0.309964   ,  0.61747    ,  0.106451   ,  25.2508    ])
1970    , -1023.3     , array([ 0.300057   ,  0.626373   ,  0.113772   ,  25.9943    ])
1971    , -969.533    , array([ 0.320273   ,  0.628091   ,  0.0984217  ,  24.0481    ])
1972    , -938.747    , array([ 0.331121   ,  0.610175   ,  0.103413   ,  21.7974    ])
1973    , -896.361    , array([ 0.348084   ,  0.597621   ,  0.100267   ,  18.8102    ])
1974    , -887.277    , array([ 0.356134   ,  0.605241   ,  0.0938682  ,  20.8794    ])
1975    , -830.231    , array([ 0.387988   ,  0.594944   ,  0.085263   ,  18.7127    ])
1976    , -841.195    , array([ 0.385708   ,  0.602664   ,  0.0897865  ,  18.5033    ])
1977    , -792.87     , array([ 0.409655   ,  0.580357   ,  0.092753   ,  17.0423    ])
1978    , -713.589    , array([ 0.463305   ,  0.557868   ,  0.0900423  ,  14.3467    ])
likelihood = -713.59
theta = 151.78
Optimized parameters = [ 0.46330514  0.55786796  0.0900423  14.34673204]

Round_3_Replicate_4
1979    , -2422.08    , array([ 0.730309   ,  1.18995    ,  0.257498   ,  29.7       ])
1980    , -2421.56    , array([ 0.718922   ,  1.18995    ,  0.257498   ,  29.7       ])
1981    , -2439.21    , array([ 0.730309   ,  1.20034    ,  0.257498   ,  29.7       ])
1982    , -2289.77    , array([ 0.730309   ,  1.18995    ,  0.24061    ,  29.7       ])
1984    , -2363.38    , array([ 0.724593   ,  1.19513    ,  0.248911   ,  25.0679    ])
1985    , -2309.66    , array([ 0.721752   ,  1.18221    ,  0.244725   ,  27.2859    ])
1986    , -2271.81    , array([ 0.717511   ,  1.18865    ,  0.238578   ,  26.1534    ])
1987    , -2200.64    , array([ 0.711197   ,  1.18801    ,  0.229646   ,  24.5422    ])
1988    , -2165.22    , array([ 0.724949   ,  1.18768    ,  0.225306   ,  23.7742    ])
1989    , -2047.18    , array([ 0.727981   ,  1.18656    ,  0.210752   ,  21.2707    ])
1990    , -2064.71    , array([ 0.720955   ,  1.17828    ,  0.21447    ,  25.9464    ])
1991    , -1998.41    , array([ 0.723393   ,  1.18918    ,  0.20421    ,  23.2449    ])
1992    , -1860.03    , array([ 0.724215   ,  1.19268    ,  0.186542   ,  21.4546    ])
1993    , -1820.06    , array([ 0.711928   ,  1.1828     ,  0.182883   ,  18.1506    ])
1994    , -1632.95    , array([ 0.702912   ,  1.17925    ,  0.159442   ,  14.1892    ])
1995    , -1626.77    , array([ 0.72679    ,  1.18036    ,  0.159662   ,  16.7015    ])
1996    , -1411.63    , array([ 0.734714   ,  1.17655    ,  0.133129   ,  13.7776    ])
1997    , -1449.67    , array([ 0.723762   ,  1.18923    ,  0.134693   ,  11.5118    ])
likelihood = -1411.63
theta = 116.12
Optimized parameters = [ 0.73471374  1.17655147  0.13312858 13.77764392]

Round_3_Replicate_5
1998    , -1087.1     , array([ 0.522042   ,  0.660031   ,  0.0221832  ,  29.7       ])
1999    , -1108.68    , array([ 0.505348   ,  0.660031   ,  0.0221832  ,  29.7       ])
2000    , -1086.45    , array([ 0.522042   ,  0.646461   ,  0.0221832  ,  29.7       ])
2001    , -1174.1     , array([ 0.522042   ,  0.660031   ,  0.0183368  ,  29.7       ])
2003    , -1107.11    , array([ 0.513627   ,  0.653211   ,  0.0201685  ,  25.0679    ])
2004    , -1026.19    , array([ 0.509471   ,  0.649828   ,  0.0255887  ,  27.2859    ])
2005    , -959.401    , array([ 0.503299   ,  0.644785   ,  0.030228   ,  26.1534    ])
2006    , -1010.82    , array([ 0.525233   ,  0.642278   ,  0.0246912  ,  25.6049    ])
2008    , -1071.48    , array([ 0.515849   ,  0.650777   ,  0.0222824  ,  26.3621    ])
2009    , -977.598    , array([ 0.51109    ,  0.632401   ,  0.0273807  ,  24.3802    ])
2010    , -931.534    , array([ 0.505701   ,  0.638615   ,  0.0304197  ,  22.0891    ])
2011    , -869.652    , array([ 0.497723   ,  0.634727   ,  0.0356222  ,  19.0497    ])
2012    , -850.054    , array([ 0.502701   ,  0.626508   ,  0.038291   ,  21.1548    ])
2013    , -773.747    , array([ 0.496253   ,  0.614714   ,  0.0501953  ,  18.9506    ])
2014    , -798.301    , array([ 0.479905   ,  0.621027   ,  0.0492694  ,  18.7377    ])
2015    , -765.322    , array([ 0.477902   ,  0.625029   ,  0.0595992  ,  17.252     ])
2016    , -768.552    , array([ 0.462125   ,  0.621376   ,  0.0879304  ,  14.5125    ])
likelihood = -765.32
theta = 121.44
Optimized parameters = [ 0.47790183  0.62502938  0.05959924 17.25203594]

Round_4_Replicate_1
2017    , -484.772    , array([ 1.84783    ,  0.117153   ,  0.0748016  ,  4.33959    ])
2018    , -496.972    , array([ 1.90544    ,  0.117153   ,  0.0748016  ,  4.33959    ])
2019    , -499.885    , array([ 1.84783    ,  0.105242   ,  0.0748016  ,  4.33959    ])
2020    , -473.505    , array([ 1.84783    ,  0.117153   ,  0.0657062  ,  4.33959    ])
2021    , -476.169    , array([ 1.84783    ,  0.117153   ,  0.0748016  ,  4.67004    ])
2022    , -465.74     , array([ 1.87641    ,  0.130411   ,  0.0701066  ,  4.50179    ])
2023    , -450.858    , array([ 1.89087    ,  0.14517    ,  0.0678708  ,  4.58514    ])
2024    , -445.88     , array([ 1.81271    ,  0.130411   ,  0.0667797  ,  4.6274     ])
2025    , -423.966    , array([ 1.76805    ,  0.137593   ,  0.0630974  ,  4.77839    ])
2026    , -427.734    , array([ 1.82843    ,  0.141331   ,  0.0613331  ,  4.85572    ])
2027    , -417.194    , array([ 1.81881    ,  0.155231   ,  0.0555376  ,  4.60094    ])
2028    , -398.718    , array([ 1.80447    ,  0.178687   ,  0.0478547  ,  4.56678    ])
2029    , -381.721    , array([ 1.79734    ,  0.191712   ,  0.0539573  ,  5.07926    ])
2030    , -353.322    , array([ 1.77262    ,  0.245243   ,  0.0488959  ,  5.4951     ])
2031    , -360.935    , array([ 1.70062    ,  0.201087   ,  0.0443373  ,  5.26268    ])
2032    , -350.864    , array([ 1.69612    ,  0.246376   ,  0.0417151  ,  5.17349    ])
2033    , -344.983    , array([ 1.63359    ,  0.325295   ,  0.0344027  ,  5.34009    ])
2034    , -353.455    , array([ 1.68602    ,  0.389116   ,  0.0299411  ,  5.55763    ])
2035    , -346.825    , array([ 1.59685    ,  0.442157   ,  0.0312267  ,  6.41506    ])
2036    , -388.065    , array([ 1.64186    ,  0.582614   ,  0.0282853  ,  6.14611    ])
2037    , -343.313    , array([ 1.68574    ,  0.262351   ,  0.0396248  ,  5.47086    ])
2038    , -336.586    , array([ 1.65594    ,  0.247223   ,  0.0481849  ,  5.77432    ])
2039    , -351.037    , array([ 1.6411     ,  0.197057   ,  0.061127   ,  5.88581    ])
2040    , -348.984    , array([ 1.52232    ,  0.393836   ,  0.0292905  ,  5.98656    ])
2041    , -338.455    , array([ 1.58137    ,  0.349853   ,  0.0332938  ,  5.85972    ])
2042    , -367.586    , array([ 1.68167    ,  0.194308   ,  0.0473577  ,  4.90106    ])
2043    , -336.426    , array([ 1.61765    ,  0.360002   ,  0.0346531  ,  5.99754    ])
2044    , -326.74     , array([ 1.63581    ,  0.277845   ,  0.0431418  ,  6.23956    ])
2045    , -323.189    , array([ 1.63692    ,  0.256783   ,  0.0483116  ,  6.74461    ])
likelihood = -323.19
theta = 139.62
Optimized parameters = [1.63691553 0.25678289 0.0483116  6.74461053]

Round_4_Replicate_2
2046    , -520.246    , array([ 0.936336   ,  0.281735   ,  0.180901   ,  16.6345    ])
2047    , -519.52     , array([ 0.933261   ,  0.281735   ,  0.180901   ,  16.6345    ])
2048    , -499.672    , array([ 0.936336   ,  0.264443   ,  0.180901   ,  16.6345    ])
2049    , -475.77     , array([ 0.936336   ,  0.281735   ,  0.166078   ,  16.6345    ])
2050    , -519.762    , array([ 0.936336   ,  0.281735   ,  0.180901   ,  19.1453    ])
2051    , -486.578    , array([ 0.934797   ,  0.272952   ,  0.173331   ,  17.8458    ])
2052    , -472.015    , array([ 0.934029   ,  0.268664   ,  0.169666   ,  14.97      ])
2053    , -451.363    , array([ 0.932878   ,  0.262358   ,  0.164313   ,  13.2374    ])
2054    , -440.958    , array([ 0.936914   ,  0.25926    ,  0.1617     ,  15.3699    ])
2055    , -409.66     , array([ 0.938745   ,  0.248705   ,  0.152878   ,  14.774     ])
2056    , -415.778    , array([ 0.935038   ,  0.267867   ,  0.148649   ,  14.4849    ])
2057    , -396.601    , array([ 0.936697   ,  0.257088   ,  0.143671   ,  12.164     ])
2058    , -366.463    , array([ 0.937648   ,  0.249506   ,  0.130802   ,  10.0427    ])
2059    , -360.315    , array([ 0.935813   ,  0.234395   ,  0.133071   ,  10.1396    ])
2060    , -330.675    , array([ 0.935551   ,  0.213798   ,  0.119116   ,  7.91641    ])
2061    , -328.674    , array([ 0.940627   ,  0.227222   ,  0.114518   ,  9.85352    ])
2062    , -309.285    , array([ 0.944526   ,  0.21146    ,  0.0956042  ,  8.5013     ])
2063    , -310.428    , array([ 0.943203   ,  0.197733   ,  0.101518   ,  6.89869    ])
2064    , -309.215    , array([ 0.941707   ,  0.189894   ,  0.0804372  ,  4.62184    ])
2065    , -347.664    , array([ 0.943191   ,  0.16593    ,  0.0583463  ,  2.58507    ])
2066    , -313.733    , array([ 0.944847   ,  0.165131   ,  0.0737238  ,  4.61263    ])
2067    , -321.666    , array([ 0.951657   ,  0.169364   ,  0.0636899  ,  4.46663    ])
2068    , -309.995    , array([ 0.947605   ,  0.179521   ,  0.0744811  ,  5.15368    ])
2069    , -319.09     , array([ 0.943669   ,  0.228632   ,  0.103432   ,  8.10296    ])
2070    , -307.462    , array([ 0.944552   ,  0.179125   ,  0.0802359  ,  5.31034    ])
2071    , -315.698    , array([ 0.945989   ,  0.181731   ,  0.0667779  ,  4.75339    ])
2072    , -306.147    , array([ 0.943899   ,  0.193605   ,  0.0914249  ,  6.2853     ])
2073    , -311.901    , array([ 0.939752   ,  0.207869   ,  0.100841   ,  7.0268     ])
2074    , -306.722    , array([ 0.945635   ,  0.186224   ,  0.0803422  ,  5.569      ])
likelihood = -306.15
theta = 193.27
Optimized parameters = [0.94389898 0.19360463 0.09142488 6.28529879]

Round_4_Replicate_3
2075    , -349.744    , array([ 0.881346   ,  0.244261   ,  0.0483991  ,  4.88503    ])
2076    , -350.774    , array([ 0.875798   ,  0.244261   ,  0.0483991  ,  4.88503    ])
2077    , -349.529    , array([ 0.881346   ,  0.227639   ,  0.0483991  ,  4.88503    ])
2078    , -368.82     , array([ 0.881346   ,  0.244261   ,  0.0415987  ,  4.88503    ])
2079    , -352.433    , array([ 0.881346   ,  0.244261   ,  0.0483991  ,  5.28824    ])
2080    , -334.684    , array([ 0.878568   ,  0.235803   ,  0.0563113  ,  5.08264    ])
2081    , -322.547    , array([ 0.877182   ,  0.231685   ,  0.065517   ,  5.18442    ])
2082    , -333.172    , array([ 0.87649    ,  0.229653   ,  0.0563113  ,  4.6488     ])
2083    , -326.015    , array([ 0.88239    ,  0.22268    ,  0.06074    ,  4.90931    ])
2084    , -317.763    , array([ 0.877355   ,  0.212616   ,  0.0680446  ,  4.92149    ])
2085    , -309.369    , array([ 0.875366   ,  0.198366   ,  0.080681   ,  4.93982    ])
2086    , -312.086    , array([ 0.874373   ,  0.212967   ,  0.0878537  ,  4.94901    ])
2087    , -309.864    , array([ 0.878156   ,  0.203286   ,  0.0943158  ,  5.3658     ])
2088    , -317.788    , array([ 0.870188   ,  0.200314   ,  0.108958   ,  5.31205    ])
2089    , -332.981    , array([ 0.871858   ,  0.179019   ,  0.130267   ,  5.0917     ])
2090    , -312.695    , array([ 0.875848   ,  0.217219   ,  0.077799   ,  5.16108    ])
2091    , -319.304    , array([ 0.881719   ,  0.215616   ,  0.0661888  ,  4.89825    ])
2092    , -311.33     , array([ 0.873056   ,  0.204034   ,  0.0961925  ,  5.20543    ])
2093    , -312.432    , array([ 0.874624   ,  0.192706   ,  0.103075   ,  5.06314    ])
2094    , -310.294    , array([ 0.87493    ,  0.198562   ,  0.0960748  ,  5.08745    ])
2095    , -307.405    , array([ 0.876378   ,  0.18979    ,  0.0954537  ,  5.35344    ])
2096    , -306.639    , array([ 0.877383   ,  0.179166   ,  0.0994968  ,  5.56788    ])
2097    , -306.348    , array([ 0.879872   ,  0.185635   ,  0.0886637  ,  5.26394    ])
2098    , -306.76     , array([ 0.8833     ,  0.177067   ,  0.0851233  ,  5.29345    ])
2099    , -306.68     , array([ 0.880464   ,  0.184436   ,  0.0852798  ,  5.47865    ])
2100    , -308.295    , array([ 0.878382   ,  0.171596   ,  0.0826042  ,  5.24878    ])
likelihood = -306.35
theta = 209.26
Optimized parameters = [0.87987206 0.18563462 0.08866372 5.26394297]

Round_4_Replicate_4
2101    , -494.898    , array([ 0.504719   ,  0.274526   ,  0.0597508  ,  5.97401    ])
2102    , -508.54     , array([ 0.487756   ,  0.274526   ,  0.0597508  ,  5.97401    ])
2103    , -489.857    , array([ 0.504719   ,  0.257343   ,  0.0597508  ,  5.97401    ])
2104    , -523.931    , array([ 0.504719   ,  0.274526   ,  0.0518992  ,  5.97401    ])
2105    , -503.377    , array([ 0.504719   ,  0.274526   ,  0.0597508  ,  6.53249    ])
2106    , -475.679    , array([ 0.496165   ,  0.265796   ,  0.0687902  ,  6.24701    ])
2107    , -454.801    , array([ 0.491943   ,  0.261535   ,  0.0791971  ,  6.38816    ])
2108    , -461.788    , array([ 0.51562    ,  0.259431   ,  0.0687902  ,  6.45992    ])
2109    , -448.29     , array([ 0.503642   ,  0.252197   ,  0.0738104  ,  5.87473    ])
2110    , -424.927    , array([ 0.503104   ,  0.241724   ,  0.0820361  ,  5.57112    ])
2111    , -421.205    , array([ 0.502836   ,  0.236651   ,  0.0864865  ,  6.20355    ])
2112    , -391.673    , array([ 0.501896   ,  0.219721   ,  0.104052   ,  6.3216     ])
2113    , -394.238    , array([ 0.501427   ,  0.23327    ,  0.114131   ,  6.38147    ])
2114    , -386.634    , array([ 0.484025   ,  0.219416   ,  0.12769    ,  5.86551    ])
2115    , -389.822    , array([ 0.468961   ,  0.201786   ,  0.173969   ,  5.58914    ])
2116    , -362.534    , array([ 0.503222   ,  0.199355   ,  0.140831   ,  5.68359    ])
2117    , -361.454    , array([ 0.508958   ,  0.174051   ,  0.187799   ,  5.36101    ])
2118    , -388.946    , array([ 0.494912   ,  0.183028   ,  0.205706   ,  6.39304    ])
2119    , -363.879    , array([ 0.49333    ,  0.167999   ,  0.198505   ,  5.58628    ])
2120    , -471.202    , array([ 0.488645   ,  0.15596    ,  0.300735   ,  5.30107    ])
2121    , -366.195    , array([ 0.49855    ,  0.201677   ,  0.13567    ,  6.04939    ])
2122    , -362.082    , array([ 0.497359   ,  0.196534   ,  0.12354    ,  5.09901    ])
2123    , -347.124    , array([ 0.515504   ,  0.155157   ,  0.195758   ,  5.18176    ])
2124    , -366.562    , array([ 0.532003   ,  0.130473   ,  0.242383   ,  4.87038    ])
2125    , -362.731    , array([ 0.508923   ,  0.14806    ,  0.221315   ,  4.65002    ])
2126    , -336.089    , array([ 0.522373   ,  0.166861   ,  0.159714   ,  4.59419    ])
2127    , -328.389    , array([ 0.537529   ,  0.166294   ,  0.143262   ,  4.16632    ])
likelihood = -328.39
theta = 288.16
Optimized parameters = [0.53752902 0.16629399 0.14326162 4.16631914]

Round_4_Replicate_5
2128    , -741.34     , array([ 1.79215    ,  0.118429   ,  0.18467    ,  5.11791    ])
2129    , -760.514    , array([ 1.8452     ,  0.118429   ,  0.18467    ,  5.11791    ])
2130    , -744.694    , array([ 1.79215    ,  0.106446   ,  0.18467    ,  5.11791    ])
2131    , -694.982    , array([ 1.79215    ,  0.118429   ,  0.169714   ,  5.11791    ])
2132    , -737.671    , array([ 1.79215    ,  0.118429   ,  0.18467    ,  5.55325    ])
2133    , -698.85     , array([ 1.74063    ,  0.112278   ,  0.177034   ,  5.33113    ])
2134    , -692.218    , array([ 1.7662     ,  0.128293   ,  0.173335   ,  5.44106    ])
2135    , -668.713    , array([ 1.75337    ,  0.140844   ,  0.167931   ,  5.6102     ])
2136    , -658.205    , array([ 1.74698    ,  0.125752   ,  0.165293   ,  5.69674    ])
2137    , -619.468    , array([ 1.72483    ,  0.129582   ,  0.156381   ,  6.01026    ])
2138    , -607.671    , array([ 1.71386    ,  0.131541   ,  0.152106   ,  5.46192    ])
2139    , -552.984    , array([ 1.67601    ,  0.138631   ,  0.138045   ,  5.41682    ])
2140    , -570.744    , array([ 1.73153    ,  0.154173   ,  0.14011    ,  5.73502    ])
2141    , -518.408    , array([ 1.65306    ,  0.166771   ,  0.132796   ,  6.32388    ])
2142    , -451.174    , array([ 1.58761    ,  0.197903   ,  0.117469   ,  7.02957    ])
2143    , -445.413    , array([ 1.60778    ,  0.166224   ,  0.112245   ,  6.45761    ])
2144    , -375.83     , array([ 1.53958    ,  0.180581   ,  0.0917664  ,  6.92817    ])
2145    , -380.721    , array([ 1.54411    ,  0.213281   ,  0.0923349  ,  6.47172    ])
2146    , -341.736    , array([ 1.45252    ,  0.210844   ,  0.0836617  ,  7.20479    ])
2147    , -307.026    , array([ 1.33036    ,  0.246568   ,  0.0646481  ,  8.07541    ])
2148    , -308.433    , array([ 1.33697    ,  0.312712   ,  0.0581087  ,  9.31369    ])
2149    , -315.668    , array([ 1.29521    ,  0.275361   ,  0.0480288  ,  8.26102    ])
2150    , -337.694    , array([ 1.21965    ,  0.29032    ,  0.0440682  ,  10.1379    ])
2151    , -435.336    , array([ 1.08876    ,  0.434769   ,  0.0307276  ,  11.4555    ])
2152    , -315.706    , array([ 1.41183    ,  0.224941   ,  0.0698064  ,  7.8563     ])
2153    , -343.251    , array([ 1.47867    ,  0.23804    ,  0.0805326  ,  6.89159    ])
2154    , -313.818    , array([ 1.27981    ,  0.276261   ,  0.0512374  ,  9.20538    ])
likelihood = -307.03
theta = 145.66
Optimized parameters = [1.33035539 0.24656843 0.06464806 8.07540591]

Round_1_Replicate_1
3016    , -9711.66    , array([ 5.67608    ,  1.47634    ,  0.827029   ,  1.33328    ])
3017    , -9803.11    , array([ 6.19086    ,  1.47634    ,  0.827029   ,  1.33328    ])
3018    , -9806.11    , array([ 5.67608    ,  1.50538    ,  0.827029   ,  1.33328    ])
3019    , -9663.3     , array([ 5.67608    ,  1.47634    ,  0.819213   ,  1.33328    ])
3020    , -9707.02    , array([ 5.67608    ,  1.47634    ,  0.827029   ,  1.35259    ])
3021    , -9636.31    , array([ 5.92788    ,  1.44786    ,  0.823112   ,  1.3429     ])
3022    , -9549.88    , array([ 6.05794    ,  1.41993    ,  0.82116    ,  1.34774    ])
3023    , -9512.17    , array([ 5.37631    ,  1.44786    ,  0.820186   ,  1.35016    ])
3024    , -9363.64    , array([ 5.01015    ,  1.43383    ,  0.816786   ,  1.35869    ])
likelihood = -9363.64
theta = 115.44
Optimized parameters = [5.01015398 1.4338287  0.81678552 1.358686  ]

Round_1_Replicate_2
3025    , -2820.06    , array([ 2.49048    ,  0.264285   ,  0.634087   ,  2.4029     ])
3026    , -2852.85    , array([ 2.60673    ,  0.264285   ,  0.634087   ,  2.4029     ])
3027    , -2738.92    , array([ 2.49048    ,  0.247272   ,  0.634087   ,  2.4029     ])
3028    , -2775.24    , array([ 2.49048    ,  0.264285   ,  0.619806   ,  2.4029     ])
3029    , -2819.99    , array([ 2.49048    ,  0.264285   ,  0.634087   ,  2.51057    ])
3030    , -2723.39    , array([ 2.3794     ,  0.255637   ,  0.626906   ,  2.45614    ])
3031    , -2658.58    , array([ 2.27329    ,  0.25142    ,  0.623346   ,  2.48321    ])
3032    , -2677.62    , array([ 2.3794     ,  0.249337   ,  0.621574   ,  2.49685    ])
likelihood = -2658.58
theta = 207.92
Optimized parameters = [2.27328684 0.25141984 0.62334606 2.48320654]

Round_1_Replicate_3
3033    , -11141      , array([ 4.94506    ,  2.40785    ,  0.771621   ,  2.71387    ])
3034    , -11297.3    , array([ 5.35649    ,  2.40785    ,  0.771621   ,  2.71387    ])
3035    , -11321.5    , array([ 4.94506    ,  2.516      ,  0.771621   ,  2.71387    ])
3036    , -11071.2    , array([ 4.94506    ,  2.40785    ,  0.761683   ,  2.71387    ])
3037    , -11117.8    , array([ 4.94506    ,  2.40785    ,  0.771621   ,  2.85279    ])
3038    , -10984.9    , array([ 5.14667    ,  2.30434    ,  0.766636   ,  2.78246    ])
3039    , -10804.6    , array([ 5.25053    ,  2.20529    ,  0.764156   ,  2.81741    ])
3040    , -10779      , array([ 4.70413    ,  2.30434    ,  0.762918   ,  2.83504    ])
3041    , -10522.3    , array([ 4.40837    ,  2.25427    ,  0.758604   ,  2.89764    ])
likelihood = -10522.25
theta = 79.38
Optimized parameters = [4.40837162 2.25427279 0.75860378 2.8976377 ]

Round_1_Replicate_4
3042    , -6465.61    , array([ 0.409817   ,  0.653275   ,  1.69202    ,  0.398277   ])
3043    , -6411.24    , array([ 0.39194    ,  0.653275   ,  1.69202    ,  0.398277   ])
3044    , -6401.04    , array([ 0.409817   ,  0.639515   ,  1.69202    ,  0.398277   ])
3045    , -6567.77    , array([ 0.409817   ,  0.653275   ,  1.7371     ,  0.398277   ])
3046    , -6479.3     , array([ 0.409817   ,  0.653275   ,  1.69202    ,  0.380359   ])
3047    , -6312.67    , array([ 0.400779   ,  0.646358   ,  1.6481     ,  0.389215   ])
3048    , -6188.92    , array([ 0.396335   ,  0.642927   ,  1.60533    ,  0.384762   ])
3049    , -6254.17    , array([ 0.394131   ,  0.641219   ,  1.6481     ,  0.409901   ])
likelihood = -6188.92
theta = 296.57
Optimized parameters = [0.39633483 0.64292733 1.60532857 0.38476152]

Round_1_Replicate_5
3050    , -1086.33    , array([ 1.61674    ,  0.179177   ,  0.235415   ,  1.04819    ])
3051    , -1100.5     , array([ 1.65605    ,  0.179177   ,  0.235415   ,  1.04819    ])
3052    , -1057.91    , array([ 1.61674    ,  0.164417   ,  0.235415   ,  1.04819    ])
3053    , -1045.65    , array([ 1.61674    ,  0.179177   ,  0.21899    ,  1.04819    ])
3054    , -1085.77    , array([ 1.61674    ,  0.179177   ,  0.235415   ,  1.05066    ])
3055    , -1036.91    , array([ 1.57837    ,  0.171639   ,  0.227054   ,  1.04942    ])
3056    , -1006.39    , array([ 1.54091    ,  0.167989   ,  0.222986   ,  1.05004    ])
3057    , -1012.41    , array([ 1.57837    ,  0.166194   ,  0.220979   ,  1.05035    ])
likelihood = -1006.39
theta = 283.54
Optimized parameters = [1.54090833 0.16798909 0.22298576 1.05003966]

Round_1_Replicate_6
3058    , -1080.93    , array([ 0.443915   ,  0.466193   ,  0.258847   ,  5.98774    ])
3059    , -1085.44    , array([ 0.42625    ,  0.466193   ,  0.258847   ,  5.98774    ])
3060    , -1041.69    , array([ 0.443915   ,  0.448739   ,  0.258847   ,  5.98774    ])
3061    , -1022.79    , array([ 0.443915   ,  0.466193   ,  0.241933   ,  5.98774    ])
3062    , -1077.92    , array([ 0.443915   ,  0.466193   ,  0.258847   ,  6.54826    ])
3063    , -1026.24    , array([ 0.462312   ,  0.457383   ,  0.250247   ,  6.26173    ])
3064    , -1003.77    , array([ 0.45302    ,  0.45304    ,  0.246055   ,  6.4034     ])
3065    , -967.271    , array([ 0.457642   ,  0.446604   ,  0.239898   ,  6.62192    ])
likelihood = -967.27
theta = 241.71
Optimized parameters = [0.45764223 0.44660361 0.23989817 6.62192151]

Round_1_Replicate_7
3066    , -6130.69    , array([ 2.82769    ,  1.85032    ,  0.25497    ,  0.797175   ])
3067    , -6212.31    , array([ 2.97854    ,  1.85032    ,  0.25497    ,  0.797175   ])
3068    , -6226.79    , array([ 2.82769    ,  1.90813    ,  0.25497    ,  0.797175   ])
3069    , -5998.3     , array([ 2.82769    ,  1.85032    ,  0.23813    ,  0.797175   ])
3070    , -6155.13    , array([ 2.82769    ,  1.85032    ,  0.25497    ,  0.788191   ])
3071    , -6020.01    , array([ 2.90213    ,  1.79426    ,  0.246406   ,  0.79267    ])
3072    , -5940.53    , array([ 2.71959    ,  1.82207    ,  0.242233   ,  0.790427   ])
3073    , -5807.07    , array([ 2.59868    ,  1.80811    ,  0.236105   ,  0.787075   ])
likelihood = -5807.07
theta = 138.7
Optimized parameters = [2.59867876 1.80811006 0.23610463 0.78707501]

Round_1_Replicate_8
3074    , -5277.09    , array([ 0.702316   ,  0.205194   ,  2.68167    ,  1.43522    ])
3075    , -5258.53    , array([ 0.690016   ,  0.205194   ,  2.68167    ,  1.43522    ])
3076    , -5060.52    , array([ 0.702316   ,  0.189572   ,  2.68167    ,  1.43522    ])
3077    , -5466.51    , array([ 0.702316   ,  0.205194   ,  2.81725    ,  1.43522    ])
3078    , -5277.43    , array([ 0.702316   ,  0.205194   ,  2.68167    ,  1.46139    ])
3079    , -4977.04    , array([ 0.696139   ,  0.197228   ,  2.55261    ,  1.44825    ])
3080    , -4744.95    , array([ 0.693071   ,  0.193362   ,  2.42977    ,  1.4548     ])
3081    , -4891.89    , array([ 0.691542   ,  0.191458   ,  2.55261    ,  1.41911    ])
likelihood = -4744.95
theta = 424.67
Optimized parameters = [0.69307111 0.19336219 2.42976733 1.45480256]

Round_1_Replicate_9
3082    , -9649.27    , array([ 0.217277   ,  6.801      ,  1.33298    ,  3.84898    ])
3083    , -9524.46    , array([ 0.201309   ,  6.801      ,  1.33298    ,  3.84898    ])
3084    , -9743.66    , array([ 0.217277   ,  7.48517    ,  1.33298    ,  3.84898    ])
3085    , -9688.92    , array([ 0.217277   ,  6.801      ,  1.35228    ,  3.84898    ])
3086    , -9652.8     , array([ 0.217277   ,  6.801      ,  1.33298    ,  4.1173     ])
3087    , -9508.61    , array([ 0.209141   ,  6.17937    ,  1.34259    ,  3.98088    ])
3088    , -9383.95    , array([ 0.205188   ,  5.61456    ,  1.34743    ,  4.04851    ])
3089    , -9419.93    , array([ 0.203239   ,  6.17937    ,  1.32106    ,  4.08276    ])
likelihood = -9383.95
theta = 96.39
Optimized parameters = [0.20518765 5.61456059 1.34742573 4.04851484]

Round_1_Replicate_10
3090    , -11526.5    , array([ 0.58787    ,  1.19389    ,  3.0057     ,  2.65465    ])
3091    , -11472.9    , array([ 0.57246    ,  1.19389    ,  3.0057     ,  2.65465    ])
3092    , -11552.5    , array([ 0.58787    ,  1.20452    ,  3.0057     ,  2.65465    ])
3093    , -11804.1    , array([ 0.58787    ,  1.19389    ,  3.17573    ,  2.65465    ])
3094    , -11528.2    , array([ 0.58787    ,  1.19389    ,  3.0057     ,  2.78745    ])
3095    , -11238.2    , array([ 0.580114   ,  1.1992     ,  2.84478    ,  2.72024    ])
3096    , -10958.6    , array([ 0.576274   ,  1.20186    ,  2.69247    ,  2.75364    ])
3097    , -11189.7    , array([ 0.574364   ,  1.1873     ,  2.84478    ,  2.77049    ])
likelihood = -10958.56
theta = 181.7
Optimized parameters = [0.57627437 1.20185529 2.69247465 2.75363743]

Round_2_Replicate_1
3098    , -1895       , array([ 0.125944   ,  0.579007   ,  0.275362   ,  2.11957    ])
3099    , -1952       , array([ 0.11355    ,  0.579007   ,  0.275362   ,  2.11957    ])
3100    , -1856.33    , array([ 0.125944   ,  0.563401   ,  0.275362   ,  2.11957    ])
3101    , -1846.55    , array([ 0.125944   ,  0.579007   ,  0.258166   ,  2.11957    ])
3102    , -1892.51    , array([ 0.125944   ,  0.579007   ,  0.275362   ,  2.20069    ])
3103    , -1794.93    , array([ 0.139691   ,  0.571151   ,  0.266625   ,  2.15975    ])
3104    , -1720.32    , array([ 0.154939   ,  0.567263   ,  0.262361   ,  2.18012    ])
3105    , -1761.86    , array([ 0.139691   ,  0.565329   ,  0.260255   ,  2.19038    ])
3106    , -1701.9     , array([ 0.147118   ,  0.558611   ,  0.253015   ,  2.10469    ])
3107    , -1612.54    , array([ 0.159004   ,  0.548684   ,  0.242532   ,  2.05827    ])
3108    , -1616.76    , array([ 0.165303   ,  0.566537   ,  0.237454   ,  2.15342    ])
likelihood = -1612.54
theta = 310.85
Optimized parameters = [0.15900423 0.5486845  0.24253182 2.05827247]

Round_2_Replicate_2
3109    , -1354.19    , array([ 0.132741   ,  0.252413   ,  0.565072   ,  6.49583    ])
3110    , -1389.43    , array([ 0.119993   ,  0.252413   ,  0.565072   ,  6.49583    ])
3111    , -1270.99    , array([ 0.132741   ,  0.235623   ,  0.565072   ,  6.49583    ])
3112    , -1328.65    , array([ 0.132741   ,  0.252413   ,  0.549173   ,  6.49583    ])
3113    , -1354.16    , array([ 0.132741   ,  0.252413   ,  0.565072   ,  7.1329     ])
3114    , -1268.25    , array([ 0.146844   ,  0.243873   ,  0.557066   ,  6.80691    ])
3115    , -1214.68    , array([ 0.162445   ,  0.239713   ,  0.553105   ,  6.968      ])
3116    , -1228.66    , array([ 0.146844   ,  0.237659   ,  0.551135   ,  7.04997    ])
3117    , -1169.95    , array([ 0.154447   ,  0.230608   ,  0.544296   ,  6.38287    ])
3118    , -1086.91    , array([ 0.166597   ,  0.220423   ,  0.534197   ,  6.03797    ])
3119    , -1082.44    , array([ 0.173026   ,  0.2155     ,  0.552366   ,  6.75734    ])
3120    , -983.667    , array([ 0.197544   ,  0.199121   ,  0.553969   ,  6.89202    ])
likelihood = -983.67
theta = 534.2
Optimized parameters = [0.19754401 0.19912053 0.55396894 6.8920227 ]

Round_2_Replicate_3
3121    , -1206.58    , array([ 1.27199    ,  1.43232    ,  0.0791713  ,  6.19659    ])
3122    , -1206.34    , array([ 1.28738    ,  1.43232    ,  0.0791713  ,  6.19659    ])
3123    , -1226.95    , array([ 1.27199    ,  1.45828    ,  0.0791713  ,  6.19659    ])
3124    , -1116.66    , array([ 1.27199    ,  1.43232    ,  0.0697423  ,  6.19659    ])
3125    , -1182.09    , array([ 1.27199    ,  1.43232    ,  0.0791713  ,  6.78829    ])
3126    , -1127.52    , array([ 1.27966    ,  1.40682    ,  0.0743074  ,  6.4857     ])
3127    , -1108.84    , array([ 1.28352    ,  1.41951    ,  0.0719887  ,  6.63527    ])
3128    , -1063.61    , array([ 1.28932    ,  1.41315    ,  0.0686456  ,  6.86612    ])
3129    , -1043.49    , array([ 1.26913    ,  1.40998    ,  0.0670327  ,  6.98454    ])
3130    , -974.383    , array([ 1.26009    ,  1.39894    ,  0.0616802  ,  7.41533    ])
3131    , -973.554    , array([ 1.27846    ,  1.39345    ,  0.0591664  ,  6.66369    ])
3132    , -897.201    , array([ 1.28171    ,  1.37442    ,  0.0511481  ,  6.60226    ])
likelihood = -897.2
theta = 101.91
Optimized parameters = [1.28171072 1.37441866 0.05114805 6.60225751]

Round_2_Replicate_4
3133    , -4522.44    , array([ 1.71966    ,  0.951402   ,  0.527067   ,  2.45744    ])
3134    , -4551.53    , array([ 1.76691    ,  0.951402   ,  0.527067   ,  2.45744    ])
3135    , -4515.71    , array([ 1.71966    ,  0.949035   ,  0.527067   ,  2.45744    ])
3136    , -4416.74    , array([ 1.71966    ,  0.951402   ,  0.510457   ,  2.45744    ])
3137    , -4510.08    , array([ 1.71966    ,  0.951402   ,  0.527067   ,  2.57044    ])
3138    , -4431.03    , array([ 1.67367    ,  0.950218   ,  0.518695   ,  2.51331    ])
3139    , -4414.25    , array([ 1.69651    ,  0.949627   ,  0.51456    ,  2.54171    ])
3140    , -4360.82    , array([ 1.68505    ,  0.94874    ,  0.508418   ,  2.58492    ])
3141    , -4344.08    , array([ 1.67935    ,  0.951847   ,  0.505374   ,  2.60681    ])
3142    , -4259.95    , array([ 1.65955    ,  0.953256   ,  0.494865   ,  2.68486    ])
3143    , -4227.03    , array([ 1.64974    ,  0.950403   ,  0.489693   ,  2.54707    ])
3144    , -4091.01    , array([ 1.61586    ,  0.949904   ,  0.472012   ,  2.53547    ])
likelihood = -4091.01
theta = 149.33
Optimized parameters = [1.615859   0.94990375 0.47201158 2.53547038]

Round_2_Replicate_5
3145    , -652.631    , array([ 0.647863   ,  0.514139   ,  0.0820529  ,  2.40075    ])
3146    , -655.618    , array([ 0.633954   ,  0.514139   ,  0.0820529  ,  2.40075    ])
3147    , -633.108    , array([ 0.647863   ,  0.497319   ,  0.0820529  ,  2.40075    ])
3148    , -632.595    , array([ 0.647863   ,  0.514139   ,  0.07241    ,  2.40075    ])
3149    , -644.382    , array([ 0.647863   ,  0.514139   ,  0.0820529  ,  2.50822    ])
3150    , -625.241    , array([ 0.662078   ,  0.505659   ,  0.0770808  ,  2.4539     ])
3151    , -610.977    , array([ 0.676605   ,  0.501471   ,  0.0747089  ,  2.48091    ])
3152    , -608.513    , array([ 0.662078   ,  0.499391   ,  0.0735505  ,  2.49453    ])
3153    , -589.146    , array([ 0.669302   ,  0.492176   ,  0.0696356  ,  2.54278    ])
3154    , -591.3      , array([ 0.672943   ,  0.488608   ,  0.067757   ,  2.40404    ])
3155    , -583.681    , array([ 0.685845   ,  0.50069    ,  0.0615722  ,  2.51337    ])
3156    , -567.174    , array([ 0.705663   ,  0.502385   ,  0.0533372  ,  2.57164    ])
likelihood = -567.17
theta = 222.09
Optimized parameters = [0.70566335 0.50238453 0.05333715 2.57164471]

Round_2_Replicate_6
3157    , -3687.02    , array([ 0.226367   ,  1.20358    ,  0.438347   ,  1.988      ])
3158    , -3699.82    , array([ 0.210162   ,  1.20358    ,  0.438347   ,  1.988      ])
3159    , -3707.44    , array([ 0.226367   ,  1.21478    ,  0.438347   ,  1.988      ])
3160    , -3602.88    , array([ 0.226367   ,  1.20358    ,  0.420639   ,  1.988      ])
3161    , -3687.11    , array([ 0.226367   ,  1.20358    ,  0.438347   ,  2.05749    ])
3162    , -3630.93    , array([ 0.218114   ,  1.19248    ,  0.429402   ,  2.02244    ])
3163    , -3604.38    , array([ 0.239336   ,  1.19802    ,  0.424998   ,  2.03989    ])
3164    , -3575.86    , array([ 0.228479   ,  1.19524    ,  0.418476   ,  1.96255    ])
3165    , -3521.72    , array([ 0.229542   ,  1.1911     ,  0.408881   ,  1.91674    ])
3166    , -3494.17    , array([ 0.230075   ,  1.18903    ,  0.404166   ,  1.99441    ])
3167    , -3401.12    , array([ 0.231952   ,  1.18182    ,  0.388088   ,  1.99763    ])
likelihood = -3401.12
theta = 203.28
Optimized parameters = [0.23195202 1.18182447 0.38808846 1.99762687]

Round_2_Replicate_7
3168    , -2719.89    , array([ 0.262614   ,  1.45548    ,  0.210268   ,  9.77207    ])
3169    , -2750.79    , array([ 0.245631   ,  1.45548    ,  0.210268   ,  9.77207    ])
3170    , -2756.87    , array([ 0.262614   ,  1.48305    ,  0.210268   ,  9.77207    ])
3171    , -2606.4     , array([ 0.262614   ,  1.45548    ,  0.194497   ,  9.77207    ])
3172    , -2719.12    , array([ 0.262614   ,  1.45548    ,  0.210268   ,  10.9518    ])
3173    , -2641.36    , array([ 0.25398    ,  1.42842    ,  0.202229   ,  10.3451    ])
3174    , -2592       , array([ 0.276117   ,  1.44188    ,  0.198325   ,  10.6442    ])
3175    , -2514.15    , array([ 0.292751   ,  1.43514    ,  0.192611   ,  11.109     ])
3176    , -2521.99    , array([ 0.272677   ,  1.43177    ,  0.189815   ,  11.3489    ])
3177    , -2429.97    , array([ 0.277853   ,  1.42007    ,  0.180347   ,  10.3084    ])
3178    , -2297.5     , array([ 0.285801   ,  1.40268    ,  0.167024   ,  10.0009    ])
likelihood = -2297.5
theta = 131.41
Optimized parameters = [ 0.28580091  1.40268343  0.16702351 10.00094618]

Round_2_Replicate_8
3179    , -1596.33    , array([ 0.142627   ,  0.757568   ,  0.0872182  ,  15.3292    ])
3180    , -1665.25    , array([ 0.129393   ,  0.757568   ,  0.0872182  ,  15.3292    ])
3181    , -1586.31    , array([ 0.142627   ,  0.747124   ,  0.0872182  ,  15.3292    ])
3182    , -1595.75    , array([ 0.142627   ,  0.757568   ,  0.0772036  ,  15.3292    ])
3183    , -1598.45    , array([ 0.142627   ,  0.757568   ,  0.0872182  ,  17.571     ])
3184    , -1523.24    , array([ 0.157214   ,  0.752328   ,  0.0820583  ,  16.4119    ])
3185    , -1454.41    , array([ 0.173293   ,  0.749721   ,  0.0795939  ,  16.9815    ])
3186    , -1516.52    , array([ 0.157214   ,  0.748422   ,  0.0783896  ,  14.0758    ])
3187    , -1483.12    , array([ 0.165058   ,  0.74389    ,  0.0743164  ,  15.4605    ])
3188    , -1424.78    , array([ 0.177564   ,  0.737144   ,  0.0823716  ,  15.5266    ])
3189    , -1343.08    , array([ 0.198121   ,  0.727139   ,  0.0850839  ,  15.6263    ])
likelihood = -1343.08
theta = 147.6
Optimized parameters = [ 0.19812104  0.72713909  0.08508395 15.62628585]

Round_2_Replicate_9
3190    , -323.443    , array([ 0.528865   ,  0.139098   ,  0.163059   ,  11.4779    ])
3191    , -326.198    , array([ 0.512285   ,  0.139098   ,  0.163059   ,  11.4779    ])
3192    , -319.646    , array([ 0.528865   ,  0.126033   ,  0.163059   ,  11.4779    ])
3193    , -327.638    , array([ 0.528865   ,  0.139098   ,  0.148923   ,  11.4779    ])
3194    , -324.026    , array([ 0.528865   ,  0.139098   ,  0.163059   ,  12.9675    ])
3195    , -321.88     , array([ 0.520509   ,  0.132404   ,  0.178537   ,  12.2       ])
3196    , -318.519    , array([ 0.541651   ,  0.12918    ,  0.170622   ,  12.5779    ])
3197    , -316.735    , array([ 0.556958   ,  0.124489   ,  0.174535   ,  13.1668    ])
3198    , -316.53     , array([ 0.538425   ,  0.122208   ,  0.176524   ,  11.2183    ])
3199    , -315.206    , array([ 0.54327    ,  0.114549   ,  0.183668   ,  10.4343    ])
3200    , -315.658    , array([ 0.545709   ,  0.110901   ,  0.187348   ,  12.0843    ])
likelihood = -315.21
theta = 283.05
Optimized parameters = [ 0.54327031  0.11454865  0.18366842 10.43429571]

Round_2_Replicate_10
3201    , -1092.82    , array([ 0.800239   ,  0.264123   ,  0.369018   ,  2.7694     ])
3202    , -1087.18    , array([ 0.791372   ,  0.264123   ,  0.369018   ,  2.7694     ])
3203    , -1044.69    , array([ 0.800239   ,  0.247113   ,  0.369018   ,  2.7694     ])
3204    , -1038.29    , array([ 0.800239   ,  0.264123   ,  0.351075   ,  2.7694     ])
3205    , -1088.73    , array([ 0.800239   ,  0.264123   ,  0.369018   ,  2.9141     ])
3206    , -1036.35    , array([ 0.795793   ,  0.255477   ,  0.359935   ,  2.84083    ])
3207    , -1009.16    , array([ 0.793579   ,  0.25126    ,  0.355478   ,  2.87723    ])
3208    , -1002.02    , array([ 0.792475   ,  0.249178   ,  0.35327    ,  2.68263    ])
3209    , -961.893    , array([ 0.788621   ,  0.242026   ,  0.345649   ,  2.57388    ])
3210    , -944.129    , array([ 0.79996    ,  0.238527   ,  0.341901   ,  2.72133    ])
3211    , -881.154    , array([ 0.804289   ,  0.226675   ,  0.329099   ,  2.69762    ])
3212    , -901.298    , array([ 0.793096   ,  0.244175   ,  0.322878   ,  2.68583    ])
likelihood = -881.15
theta = 292.7
Optimized parameters = [0.80428911 0.22667528 0.32909861 2.69761548]

Round_3_Replicate_1
3213    , -372.353    , array([ 0.218432   ,  0.0586108  ,  0.582544   ,  10.3211    ])
3214    , -366.774    , array([ 0.202433   ,  0.0586108  ,  0.582544   ,  10.3211    ])
3215    , -351.685    , array([ 0.218432   ,  0.0508601  ,  0.582544   ,  10.3211    ])
3216    , -365.361    , array([ 0.218432   ,  0.0586108  ,  0.567016   ,  10.3211    ])
3217    , -372.355    , array([ 0.218432   ,  0.0586108  ,  0.582544   ,  11.5988    ])
3218    , -354.554    , array([ 0.21028    ,  0.0545981  ,  0.574728   ,  9.1842     ])
3219    , -347.018    , array([ 0.206319   ,  0.0526959  ,  0.570859   ,  9.73608    ])
3220    , -337.373    , array([ 0.200518   ,  0.0499662  ,  0.565104   ,  9.45611    ])
3221    , -341.224    , array([ 0.221569   ,  0.0486549  ,  0.562249   ,  9.31916    ])
3222    , -331.471    , array([ 0.20681    ,  0.0443303  ,  0.575213   ,  8.85527    ])
3223    , -323.616    , array([ 0.201234   ,  0.0385534  ,  0.579356   ,  8.20236    ])
3224    , -326.479    , array([ 0.210155   ,  0.0399893  ,  0.569776   ,  9.40452    ])
3225    , -318.902    , array([ 0.198443   ,  0.0380652  ,  0.555936   ,  7.98831    ])
3226    , -317.556    , array([ 0.189145   ,  0.0329309  ,  0.54309    ,  7.02779    ])
3227    , -316.615    , array([ 0.180753   ,  0.0327353  ,  0.566104   ,  7.68293    ])
3228    , -324.905    , array([ 0.163257   ,  0.0268511  ,  0.568042   ,  6.97592    ])
3229    , -330.634    , array([ 0.189631   ,  0.025801   ,  0.563742   ,  6.82492    ])
3230    , -321.162    , array([ 0.192296   ,  0.0304366  ,  0.564082   ,  7.4046     ])
3231    , -322.841    , array([ 0.173075   ,  0.0281252  ,  0.55632    ,  6.08914    ])
likelihood = -316.62
theta = 862.44
Optimized parameters = [0.18075285 0.03273531 0.56610433 7.6829252 ]

Round_3_Replicate_2
3232    , -909.375    , array([ 1.7633     ,  0.151479   ,  0.233255   ,  4.22322    ])
3233    , -929.536    , array([ 1.81402    ,  0.151479   ,  0.233255   ,  4.22322    ])
3234    , -898.654    , array([ 1.7633     ,  0.137839   ,  0.233255   ,  4.22322    ])
3235    , -855.128    , array([ 1.7633     ,  0.151479   ,  0.216881   ,  4.22322    ])
3236    , -905.804    , array([ 1.7633     ,  0.151479   ,  0.233255   ,  4.53864    ])
3237    , -854.864    , array([ 1.71399    ,  0.144498   ,  0.224919   ,  4.37809    ])
3238    , -819.249    , array([ 1.66607    ,  0.141129   ,  0.220864   ,  4.45764    ])
3239    , -830.775    , array([ 1.71399    ,  0.139474   ,  0.218863   ,  4.49796    ])
3240    , -800.837    , array([ 1.68986    ,  0.133833   ,  0.212004   ,  4.16656    ])
3241    , -756.613    , array([ 1.6543     ,  0.125797   ,  0.202116   ,  3.99213    ])
3242    , -734.799    , array([ 1.6368     ,  0.140506   ,  0.197347   ,  4.35352    ])
3243    , -663.023    , array([ 1.57699    ,  0.141859   ,  0.181522   ,  4.42017    ])
3244    , -684.291    , array([ 1.54792    ,  0.123727   ,  0.194174   ,  4.45388    ])
3245    , -639.167    , array([ 1.51333    ,  0.126564   ,  0.181238   ,  4.16129    ])
3246    , -565.083    , array([ 1.42198    ,  0.120564   ,  0.164926   ,  4.00253    ])
3247    , -549.011    , array([ 1.4383     ,  0.115608   ,  0.155196   ,  3.97881    ])
3248    , -473.184    , array([ 1.33638    ,  0.104635   ,  0.130095   ,  3.75904    ])
3249    , -454.671    , array([ 1.30193    ,  0.118288   ,  0.136061   ,  4.31112    ])
3250    , -376.293    , array([ 1.15498    ,  0.114703   ,  0.111635   ,  4.48006    ])
3251    , -390.976    , array([ 1.20189    ,  0.115797   ,  0.107386   ,  3.87551    ])
likelihood = -376.29
theta = 217.2
Optimized parameters = [1.15497768 0.11470301 0.111635   4.4800584 ]

Round_3_Replicate_3
3252    , -558.056    , array([ 1.14957    ,  0.0861888  ,  0.216909   ,  29.6304    ])
3253    , -561.734    , array([ 1.15761    ,  0.0861888  ,  0.216909   ,  29.6304    ])
3254    , -567.844    , array([ 1.14957    ,  0.0762471  ,  0.216909   ,  29.6304    ])
3255    , -524.939    , array([ 1.14957    ,  0.0861888  ,  0.200951   ,  29.6304    ])
3257    , -547.681    , array([ 1.15358    ,  0.0810656  ,  0.208777   ,  25.0121    ])
3258    , -529.351    , array([ 1.15559    ,  0.0944868  ,  0.204827   ,  27.2235    ])
3259    , -518.606    , array([ 1.14657    ,  0.0875193  ,  0.199041   ,  26.0944    ])
3260    , -499.147    , array([ 1.14109    ,  0.0881923  ,  0.190667   ,  24.4879    ])
3261    , -494.595    , array([ 1.15032    ,  0.0885307  ,  0.186613   ,  23.7222    ])
3262    , -468.244    , array([ 1.15069    ,  0.0897255  ,  0.173091   ,  21.2257    ])
3263    , -464.24     , array([ 1.14488    ,  0.0990256  ,  0.176534   ,  25.8879    ])
3264    , -429.405    , array([ 1.14056    ,  0.109447   ,  0.162331   ,  26.3373    ])
3265    , -439.278    , array([ 1.13543    ,  0.0914384  ,  0.160189   ,  23.3947    ])
3266    , -405.216    , array([ 1.13434    ,  0.10325    ,  0.145781   ,  19.0992    ])
3267    , -368.812    , array([ 1.1268     ,  0.113007   ,  0.124167   ,  15.3339    ])
3268    , -369.443    , array([ 1.1356     ,  0.114221   ,  0.123989   ,  18.2874    ])
3269    , -350.218    , array([ 1.11871    ,  0.126671   ,  0.115595   ,  19.5832    ])
3270    , -328.619    , array([ 1.10305    ,  0.150507   ,  0.0944656  ,  18.8102    ])
likelihood = -328.62
theta = 151.02
Optimized parameters = [ 1.10304693  0.15050709  0.09446562 18.8102472 ]

Round_3_Replicate_4
3271    , -475.12     , array([ 0.913724   ,  0.0699087  ,  0.203164   ,  2.87073    ])
3272    , -473.201    , array([ 0.909611   ,  0.0699087  ,  0.203164   ,  2.87073    ])
3273    , -488.509    , array([ 0.913724   ,  0.0612009  ,  0.203164   ,  2.87073    ])
3274    , -455.719    , array([ 0.913724   ,  0.0699087  ,  0.187602   ,  2.87073    ])
3275    , -472.408    , array([ 0.913724   ,  0.0699087  ,  0.203164   ,  3.02616    ])
3276    , -452.233    , array([ 0.911665   ,  0.0798555  ,  0.195228   ,  2.94742    ])
3277    , -439.192    , array([ 0.910638   ,  0.0912175  ,  0.191377   ,  2.98653    ])
3278    , -442.91     , array([ 0.910124   ,  0.0798555  ,  0.18948    ,  3.00628    ])
3279    , -430.822    , array([ 0.914497   ,  0.0853476  ,  0.182988   ,  3.07644    ])
3280    , -412.601    , array([ 0.91695    ,  0.0943021  ,  0.173665   ,  3.18476    ])
3281    , -406.795    , array([ 0.911987   ,  0.0991258  ,  0.169183   ,  2.99392    ])
3282    , -385.094    , array([ 0.911119   ,  0.118036   ,  0.154387   ,  2.97793    ])
3283    , -397.836    , array([ 0.910686   ,  0.128804   ,  0.166207   ,  3.21441    ])
3284    , -386.696    , array([ 0.91457    ,  0.143208   ,  0.154123   ,  3.17395    ])
3285    , -364.768    , array([ 0.916026   ,  0.157086   ,  0.13694    ,  3.29366    ])
3286    , -357.158    , array([ 0.918731   ,  0.206142   ,  0.115838   ,  3.45888    ])
3287    , -387.397    , array([ 0.910603   ,  0.224655   ,  0.123248   ,  3.21884    ])
3288    , -364.264    , array([ 0.916824   ,  0.217222   ,  0.110893   ,  3.19134    ])
likelihood = -357.16
theta = 239.48
Optimized parameters = [0.91873139 0.20614181 0.11583803 3.45887769]

Round_3_Replicate_5
3289    , -871.945    , array([ 0.766667   ,  0.0508376  ,  0.538461   ,  29.7       ])
3290    , -862.002    , array([ 0.756549   ,  0.0508376  ,  0.538461   ,  29.7       ])
3291    , -873.313    , array([ 0.766667   ,  0.043802   ,  0.538461   ,  29.7       ])
3292    , -848.62     , array([ 0.766667   ,  0.0508376  ,  0.52205    ,  29.7       ])
3294    , -855.448    , array([ 0.761592   ,  0.0471889  ,  0.530192   ,  25.0679    ])
3295    , -849.622    , array([ 0.759066   ,  0.0568464  ,  0.526105   ,  27.2859    ])
3296    , -834.867    , array([ 0.755294   ,  0.051793   ,  0.520034   ,  26.1534    ])
3297    , -816.712    , array([ 0.749671   ,  0.0522775  ,  0.511058   ,  24.5422    ])
3298    , -822.098    , array([ 0.761908   ,  0.0525214  ,  0.506629   ,  23.7742    ])
3299    , -815.247    , array([ 0.757021   ,  0.0596939  ,  0.502967   ,  27.4308    ])
3300    , -800        , array([ 0.754746   ,  0.067139   ,  0.489883   ,  28.6945    ])
3301    , -792.547    , array([ 0.757374   ,  0.053852   ,  0.489113   ,  25.8434    ])
3302    , -766.419    , array([ 0.75653    ,  0.0524145  ,  0.471605   ,  25.1511    ])
3303    , -752.765    , array([ 0.744891   ,  0.061144   ,  0.468493   ,  21.849     ])
3304    , -709.101    , array([ 0.734236   ,  0.067056   ,  0.443812   ,  18.74      ])
3305    , -722.85     , array([ 0.735807   ,  0.0668734  ,  0.451835   ,  24.2333    ])
3306    , -686.364    , array([ 0.740871   ,  0.0759879  ,  0.421167   ,  23.3268    ])
3307    , -634.916    , array([ 0.73651    ,  0.0916134  ,  0.382337   ,  22.7418    ])
likelihood = -634.92
theta = 339.75
Optimized parameters = [ 0.73650994  0.09161341  0.38233701 22.74183056]

Round_4_Replicate_1
3308    , -541.448    , array([ 0.290767   ,  0.206865   ,  0.122236   ,  5.39906    ])
3309    , -568.004    , array([ 0.273352   ,  0.206865   ,  0.122236   ,  5.39906    ])
3310    , -528.362    , array([ 0.290767   ,  0.191193   ,  0.122236   ,  5.39906    ])
3311    , -561.213    , array([ 0.290767   ,  0.206865   ,  0.110042   ,  5.39906    ])
3312    , -545.956    , array([ 0.290767   ,  0.206865   ,  0.122236   ,  5.874      ])
3313    , -521.267    , array([ 0.309291   ,  0.198875   ,  0.115979   ,  5.63153    ])
3314    , -500.024    , array([ 0.328996   ,  0.194996   ,  0.112971   ,  5.75149    ])
3315    , -497.356    , array([ 0.309291   ,  0.193085   ,  0.130534   ,  5.81242    ])
3316    , -468.996    , array([ 0.318991   ,  0.186543   ,  0.142169   ,  6.03083    ])
3317    , -473.633    , array([ 0.323955   ,  0.183356   ,  0.126732   ,  5.41331    ])
3318    , -447.972    , array([ 0.341944   ,  0.172623   ,  0.129042   ,  5.89727    ])
3319    , -410.43     , array([ 0.370817   ,  0.15769    ,  0.132586   ,  6.16335    ])
3320    , -404.138    , array([ 0.386155   ,  0.169621   ,  0.134394   ,  6.30086    ])
3321    , -359.962    , array([ 0.445011   ,  0.159766   ,  0.14092    ,  6.80676    ])
3322    , -364.857    , array([ 0.396923   ,  0.150541   ,  0.16241    ,  6.43455    ])
3323    , -341.961    , array([ 0.446193   ,  0.145066   ,  0.163892   ,  7.45356    ])
3324    , -320.619    , array([ 0.523651   ,  0.129034   ,  0.186378   ,  8.74609    ])
3325    , -312.395    , array([ 0.580577   ,  0.118589   ,  0.167276   ,  8.0569     ])
3326    , -356.698    , array([ 0.783251   ,  0.0945531  ,  0.181446   ,  9.31244    ])
3327    , -335.136    , array([ 0.624928   ,  0.121658   ,  0.201469   ,  9.01371    ])
3328    , -340.117    , array([ 0.732563   ,  0.114559   ,  0.183185   ,  10.2187    ])
3329    , -454.031    , array([ 0.838336   ,  0.0914057  ,  0.240708   ,  11.8359    ])
3330    , -321.685    , array([ 0.521353   ,  0.138949   ,  0.161102   ,  7.81637    ])
3331    , -341.189    , array([ 0.429623   ,  0.140392   ,  0.173651   ,  6.89526    ])
3332    , -322.109    , array([ 0.64107    ,  0.120533   ,  0.180754   ,  9.26155    ])
3333    , -325.048    , array([ 0.510082   ,  0.131588   ,  0.149555   ,  7.92377    ])
3334    , -316.786    , array([ 0.536645   ,  0.129032   ,  0.161121   ,  8.18323    ])
3335    , -337.068    , array([ 0.454941   ,  0.137418   ,  0.157381   ,  7.2489     ])
3336    , -315.529    , array([ 0.588394   ,  0.124549   ,  0.174604   ,  8.71126    ])
likelihood = -312.4
theta = 271.06
Optimized parameters = [0.58057739 0.11858876 0.16727588 8.0569005 ]

Round_4_Replicate_2
3337    , -483.479    , array([ 0.304972   ,  0.195656   ,  0.16947    ,  8.50552    ])
3338    , -503.866    , array([ 0.28739    ,  0.195656   ,  0.16947    ,  8.50552    ])
3339    , -465.115    , array([ 0.304972   ,  0.18033    ,  0.16947    ,  8.50552    ])
3340    , -492.204    , array([ 0.304972   ,  0.195656   ,  0.155077   ,  8.50552    ])
3341    , -484.777    , array([ 0.304972   ,  0.195656   ,  0.16947    ,  9.46642    ])
3342    , -459.555    , array([ 0.323628   ,  0.187837   ,  0.162114   ,  8.97311    ])
3343    , -439.745    , array([ 0.343426   ,  0.184045   ,  0.158556   ,  9.21647    ])
3344    , -445.877    , array([ 0.323628   ,  0.182178   ,  0.179136   ,  9.34061    ])
3345    , -432.852    , array([ 0.33338    ,  0.175791   ,  0.168532   ,  8.33652    ])
3346    , -410.327    , array([ 0.348562   ,  0.166629   ,  0.168066   ,  7.8232     ])
3347    , -402.307    , array([ 0.35641    ,  0.162228   ,  0.167833   ,  8.89839    ])
3348    , -372.543    , array([ 0.385297   ,  0.147721   ,  0.16702    ,  9.10158    ])
3349    , -373.386    , array([ 0.400607   ,  0.159308   ,  0.166615   ,  9.20491    ])
3350    , -362.371    , array([ 0.420018   ,  0.147462   ,  0.152016   ,  8.32085    ])
3351    , -341.096    , array([ 0.478496   ,  0.13267    ,  0.140037   ,  7.85351    ])
3352    , -328.11     , array([ 0.4672     ,  0.12393    ,  0.161406   ,  7.78445    ])
3353    , -314.441    , array([ 0.544926   ,  0.101696   ,  0.16285    ,  7.15418    ])
3354    , -318.383    , array([ 0.575552   ,  0.106937   ,  0.149892   ,  8.76992    ])
3355    , -326.55     , array([ 0.600247   ,  0.0916402  ,  0.143408   ,  7.27526    ])
3356    , -354.355    , array([ 0.778968   ,  0.0778402  ,  0.132563   ,  6.57835    ])
3357    , -326.924    , array([ 0.653264   ,  0.0913615  ,  0.140445   ,  7.13456    ])
3358    , -358.078    , array([ 0.732896   ,  0.071923   ,  0.158336   ,  7.26644    ])
3359    , -323.106    , array([ 0.532316   ,  0.113841   ,  0.144403   ,  7.70244    ])
3360    , -324.461    , array([ 0.484588   ,  0.116585   ,  0.160084   ,  8.31092    ])
3361    , -328.324    , array([ 0.473862   ,  0.1311     ,  0.165643   ,  8.711      ])
3362    , -320.593    , array([ 0.565797   ,  0.100222   ,  0.14867    ,  7.61033    ])
3363    , -322.489    , array([ 0.63424    ,  0.0955439  ,  0.142999   ,  7.297      ])
likelihood = -314.44
theta = 283.79
Optimized parameters = [0.54492621 0.10169597 0.16284952 7.15417651]

Round_4_Replicate_3
3364    , -428.885    , array([ 0.360371   ,  0.0884629  ,  0.140369   ,  10.2865    ])
3365    , -444.207    , array([ 0.342442   ,  0.0884629  ,  0.140369   ,  10.2865    ])
3366    , -440.09     , array([ 0.360371   ,  0.0783609  ,  0.140369   ,  10.2865    ])
3367    , -463.552    , array([ 0.360371   ,  0.0884629  ,  0.127244   ,  10.2865    ])
3368    , -432.177    , array([ 0.360371   ,  0.0884629  ,  0.140369   ,  11.5579    ])
3369    , -410.208    , array([ 0.351292   ,  0.0832588  ,  0.154849   ,  10.9037    ])
3370    , -386.621    , array([ 0.346839   ,  0.0807727  ,  0.170823   ,  11.2261    ])
3371    , -400.356    , array([ 0.37205    ,  0.0795577  ,  0.154849   ,  11.3908    ])
3372    , -386.398    , array([ 0.359223   ,  0.0904972  ,  0.16264    ,  11.9866    ])
3373    , -366.766    , array([ 0.358651   ,  0.0972531  ,  0.175067   ,  12.9393    ])
3374    , -361.87     , array([ 0.358365   ,  0.0840513  ,  0.181632   ,  11.2876    ])
3375    , -338.03     , array([ 0.357366   ,  0.0819287  ,  0.206611   ,  11.1547    ])
3376    , -329.741    , array([ 0.356868   ,  0.0808876  ,  0.22036    ,  13.2072    ])
3377    , -316.724    , array([ 0.355129   ,  0.0773468  ,  0.276098   ,  14.9651    ])
3378    , -324.313    , array([ 0.337713   ,  0.0886832  ,  0.266732   ,  13.6705    ])
3379    , -333.526    , array([ 0.357464   ,  0.0915265  ,  0.302136   ,  15.3071    ])
3380    , -353.741    , array([ 0.345119   ,  0.0737445  ,  0.387296   ,  14.4443    ])
3381    , -325.929    , array([ 0.348453   ,  0.0790266  ,  0.317565   ,  14.0524    ])
3382    , -387.268    , array([ 0.342013   ,  0.0859737  ,  0.40685    ,  18.8059    ])
3383    , -320.964    , array([ 0.353464   ,  0.0829217  ,  0.24475    ,  12.7107    ])
3384    , -321.928    , array([ 0.340001   ,  0.0732514  ,  0.250406   ,  12.4882    ])
3385    , -340.107    , array([ 0.344537   ,  0.081679   ,  0.211553   ,  12.8238    ])
3386    , -318.888    , array([ 0.34747    ,  0.0796815  ,  0.2869     ,  13.7346    ])
3387    , -317.277    , array([ 0.360592   ,  0.0689923  ,  0.26122    ,  13.2129    ])
3388    , -319.508    , array([ 0.368852   ,  0.0810622  ,  0.284195   ,  14.8775    ])
3389    , -321.537    , array([ 0.362444   ,  0.0708013  ,  0.313318   ,  15.8141    ])
3390    , -317.56     , array([ 0.355688   ,  0.0797098  ,  0.260339   ,  13.4242    ])
likelihood = -316.72
theta = 420.03
Optimized parameters = [ 0.35512905  0.07734677  0.27609842 14.96512192]

Round_4_Replicate_4
3391    , -318.467    , array([ 0.380698   ,  0.0782168  ,  0.281717   ,  11.3108    ])
3392    , -317.441    , array([ 0.362752   ,  0.0782168  ,  0.281717   ,  11.3108    ])
3393    , -317.313    , array([ 0.380698   ,  0.0688597  ,  0.281717   ,  11.3108    ])
3394    , -315.903    , array([ 0.380698   ,  0.0782168  ,  0.264426   ,  11.3108    ])
3395    , -318.498    , array([ 0.380698   ,  0.0782168  ,  0.281717   ,  12.7693    ])
3396    , -315.627    , array([ 0.371617   ,  0.0733893  ,  0.272935   ,  10.0188    ])
3397    , -315.402    , array([ 0.367158   ,  0.0710884  ,  0.268647   ,  8.87447    ])
3398    , -315.919    , array([ 0.364948   ,  0.0699652  ,  0.266528   ,  10.0188    ])
3399    , -317.959    , array([ 0.384161   ,  0.0661718  ,  0.259243   ,  9.42931    ])
3400    , -315.974    , array([ 0.36799    ,  0.0750142  ,  0.275922   ,  10.8078    ])
3401    , -316.74     , array([ 0.35989    ,  0.0784508  ,  0.256563   ,  9.21729    ])
3402    , -315.739    , array([ 0.364983   ,  0.0759345  ,  0.262633   ,  9.7012     ])
3403    , -316.101    , array([ 0.370794   ,  0.0724547  ,  0.255565   ,  9.13902    ])
3404    , -315.573    , array([ 0.368689   ,  0.074366   ,  0.270686   ,  10.364     ])
3405    , -316.374    , array([ 0.375795   ,  0.0800893  ,  0.266629   ,  10.0271    ])
3406    , -315.541    , array([ 0.36763    ,  0.0723694  ,  0.266553   ,  10.0209    ])
3407    , -315.839    , array([ 0.354011   ,  0.0689102  ,  0.269827   ,  8.36008    ])
3408    , -315.544    , array([ 0.360502   ,  0.0711275  ,  0.268467   ,  9.01635    ])
3409    , -315.781    , array([ 0.366981   ,  0.068698   ,  0.27467    ,  9.39678    ])
3410    , -315.513    , array([ 0.365481   ,  0.0740569  ,  0.265592   ,  9.62418    ])
3411    , -315.902    , array([ 0.361708   ,  0.070001   ,  0.263979   ,  8.47604    ])
3412    , -315.449    , array([ 0.366931   ,  0.0732499  ,  0.268993   ,  9.85587    ])
3413    , -315.471    , array([ 0.373206   ,  0.0742721  ,  0.266422   ,  10.1865    ])
3414    , -315.354    , array([ 0.368735   ,  0.0739508  ,  0.268269   ,  9.24071    ])
3415    , -315.349    , array([ 0.369288   ,  0.0747545  ,  0.269131   ,  8.87369    ])
3416    , -315.456    , array([ 0.37283    ,  0.0726054  ,  0.271028   ,  9.23887    ])
3417    , -315.195    , array([ 0.364929   ,  0.0715781  ,  0.272508   ,  8.31298    ])
3418    , -315.01     , array([ 0.360859   ,  0.0702681  ,  0.275603   ,  7.50971    ])
3419    , -315.252    , array([ 0.359385   ,  0.072033   ,  0.270129   ,  8.26349    ])
likelihood = -315.01
theta = 426.45
Optimized parameters = [0.36085917 0.07026806 0.27560306 7.50971428]

Round_4_Replicate_5
3420    , -437.809    , array([ 0.592068   ,  0.0875072  ,  0.321177   ,  10.0633    ])
3421    , -428.933    , array([ 0.576754   ,  0.0875072  ,  0.321177   ,  10.0633    ])
3422    , -432.175    , array([ 0.592068   ,  0.0774722  ,  0.321177   ,  10.0633    ])
3423    , -415.698    , array([ 0.592068   ,  0.0875072  ,  0.303446   ,  10.0633    ])
3424    , -437.693    , array([ 0.592068   ,  0.0875072  ,  0.321177   ,  11.2947    ])
3425    , -419.046    , array([ 0.584361   ,  0.082337   ,  0.312185   ,  10.6612    ])
3426    , -411.022    , array([ 0.580545   ,  0.0798676  ,  0.307785   ,  9.2286     ])
3427    , -400.267    , array([ 0.574867   ,  0.0763016  ,  0.301299   ,  8.34192    ])
3428    , -400.363    , array([ 0.572049   ,  0.0895287  ,  0.298108   ,  9.43054    ])
3429    , -391.085    , array([ 0.584839   ,  0.0801721  ,  0.287203   ,  9.12926    ])
3430    , -377.774    , array([ 0.588925   ,  0.0767385  ,  0.271589   ,  8.69529    ])
3431    , -377.477    , array([ 0.579476   ,  0.0822587  ,  0.275594   ,  7.78226    ])
3432    , -361.535    , array([ 0.577049   ,  0.0822195  ,  0.25894    ,  6.64898    ])
3433    , -360.057    , array([ 0.564632   ,  0.0750237  ,  0.261915   ,  6.70166    ])
3434    , -346.122    , array([ 0.551394   ,  0.0694665  ,  0.243332   ,  5.46895    ])
3435    , -357.216    , array([ 0.573743   ,  0.0645932  ,  0.240869   ,  5.44588    ])
3436    , -337.718    , array([ 0.570372   ,  0.0697335  ,  0.213082   ,  4.97438    ])
3437    , -334.022    , array([ 0.568138   ,  0.0666646  ,  0.179193   ,  3.84128    ])
3438    , -332.895    , array([ 0.546843   ,  0.0646254  ,  0.192016   ,  3.17188    ])
3439    , -341.068    , array([ 0.526944   ,  0.0593059  ,  0.161455   ,  1.91573    ])
3440    , -354.584    , array([ 0.543294   ,  0.0534756  ,  0.173429   ,  2.86502    ])
3441    , -337.504    , array([ 0.531728   ,  0.0619338  ,  0.158201   ,  2.53714    ])
3442    , -324.708    , array([ 0.555518   ,  0.0805092  ,  0.209852   ,  4.5383     ])
3443    , -336.902    , array([ 0.561733   ,  0.0987849  ,  0.230839   ,  5.71184    ])
3444    , -337.147    , array([ 0.549402   ,  0.0667207  ,  0.138897   ,  2.16577    ])
3445    , -327.999    , array([ 0.579113   ,  0.0776737  ,  0.200181   ,  4.31325    ])
likelihood = -324.71
theta = 338.08
Optimized parameters = [0.5555185  0.08050922 0.20985217 4.53829885]
