
Round_1_Replicate_1
854     , -3021.05    , array([ 3.26887    ,  0.293469   ,  0.593983   ,  0.356317   ,  4.0081     ])
855     , -3061.29    , array([ 3.46831    ,  0.293469   ,  0.593983   ,  0.356317   ,  4.0081     ])
856     , -2944       , array([ 3.26887    ,  0.276019   ,  0.593983   ,  0.356317   ,  4.0081     ])
857     , -2969.18    , array([ 3.26887    ,  0.293469   ,  0.578713   ,  0.356317   ,  4.0081     ])
858     , -3020.96    , array([ 3.26887    ,  0.293469   ,  0.593983   ,  0.338399   ,  4.0081     ])
859     , -3022       , array([ 3.26887    ,  0.293469   ,  0.593983   ,  0.356317   ,  4.2962     ])
860     , -2927.96    , array([ 3.0809     ,  0.28636    ,  0.587827   ,  0.349039   ,  4.12094    ])
861     , -2859.79    , array([ 2.90374    ,  0.282871   ,  0.584773   ,  0.345455   ,  4.17856    ])
862     , -2904.95    , array([ 3.11761    ,  0.282178   ,  0.584164   ,  0.344743   ,  3.80212    ])
likelihood = -2859.79
theta = 165.96
Optimized parameters = [2.90374417 0.28287105 0.58477334 0.34545541 4.17855551]

Round_1_Replicate_2
863     , -15144.4    , array([ 0.55465    ,  2.67529    ,  4.13542    ,  6.88497    ,  1.46221    ])
864     , -15065.4    , array([ 0.538542   ,  2.67529    ,  4.13542    ,  6.88497    ,  1.46221    ])
865     , -15230.5    , array([ 0.55465    ,  2.81021    ,  4.13542    ,  6.88497    ,  1.46221    ])
866     , -15472.5    , array([ 0.55465    ,  2.67529    ,  4.43961    ,  6.88497    ,  1.46221    ])
867     , -15173.6    , array([ 0.55465    ,  2.67529    ,  4.13542    ,  7.58223    ,  1.46221    ])
868     , -15141      , array([ 0.55465    ,  2.67529    ,  4.13542    ,  6.88497    ,  1.49025    ])
869     , -14831.5    , array([ 0.54815    ,  2.72846    ,  3.85206    ,  7.15583    ,  1.47336    ])
870     , -14514.2    , array([ 0.544929   ,  2.75545    ,  3.58812    ,  7.29523    ,  1.47897    ])
871     , -14780.1    , array([ 0.544287   ,  2.5771     ,  3.90714    ,  7.32343    ,  1.4801     ])
likelihood = -14514.16
theta = 88.06
Optimized parameters = [0.54492851 2.75544636 3.58812355 7.29522961 1.47897257]

Round_1_Replicate_3
872     , -4921.28    , array([ 5.36651    ,  6.50358    ,  0.242885   ,  3.4238     ,  0.170603   ])
873     , -5051.09    , array([ 5.83682    ,  6.50358    ,  0.242885   ,  3.4238     ,  0.170603   ])
874     , -5081.5     , array([ 5.36651    ,  7.14184    ,  0.242885   ,  3.4238     ,  0.170603   ])
875     , -4796.18    , array([ 5.36651    ,  6.50358    ,  0.226293   ,  3.4238     ,  0.170603   ])
876     , -4782.57    , array([ 5.36651    ,  6.50358    ,  0.242885   ,  3.64111    ,  0.170603   ])
877     , -4814.63    , array([ 5.36651    ,  6.50358    ,  0.242885   ,  3.4238     ,  0.156165   ])
878     , -4657.2     , array([ 5.54991    ,  5.92236    ,  0.236107   ,  3.50912    ,  0.164674   ])
879     , -4438.45    , array([ 5.64395    ,  5.39309    ,  0.232789   ,  3.55257    ,  0.161788   ])
880     , -4466.85    , array([ 5.03459    ,  6.0343     ,  0.232131   ,  3.56133    ,  0.161216   ])
likelihood = -4438.45
theta = 49.39
Optimized parameters = [5.64394547 5.39308725 0.23278902 3.55257475 0.16178762]

Round_1_Replicate_4
881     , -1974.62    , array([ 1.16047    ,  0.836418   ,  0.233283   ,  0.582516   ,  1.9404     ])
882     , -1978.32    , array([ 1.16913    ,  0.836418   ,  0.233283   ,  0.582516   ,  1.9404     ])
883     , -1960.81    , array([ 1.16047    ,  0.82898    ,  0.233283   ,  0.582516   ,  1.9404     ])
884     , -1866.74    , array([ 1.16047    ,  0.836418   ,  0.216908   ,  0.582516   ,  1.9404     ])
885     , -1977.42    , array([ 1.16047    ,  0.836418   ,  0.233283   ,  0.566987   ,  1.9404     ])
886     , -1966.74    , array([ 1.16047    ,  0.836418   ,  0.233283   ,  0.582516   ,  2.00579    ])
887     , -1919.42    , array([ 1.15186    ,  0.833435   ,  0.22659    ,  0.576254   ,  1.9663     ])
888     , -1897.4     , array([ 1.15702    ,  0.832245   ,  0.223967   ,  0.595889   ,  1.97675    ])
likelihood = -1866.74
theta = 168.99
Optimized parameters = [1.1604655  0.83641752 0.21690848 0.58251617 1.94039906]

Round_1_Replicate_5
889     , -12512.2    , array([ 0.150755   ,  6.16935    ,  4.62174    ,  0.197938   ,  0.250757   ])
890     , -12282      , array([ 0.137146   ,  6.16935    ,  4.62174    ,  0.197938   ,  0.250757   ])
891     , -12556.3    , array([ 0.150755   ,  6.75696    ,  4.62174    ,  0.197938   ,  0.250757   ])
892     , -12770.1    , array([ 0.150755   ,  6.16935    ,  4.98937    ,  0.197938   ,  0.250757   ])
893     , -12506      , array([ 0.150755   ,  6.16935    ,  4.62174    ,  0.182539   ,  0.250757   ])
894     , -12511.3    , array([ 0.150755   ,  6.16935    ,  4.62174    ,  0.197938   ,  0.234      ])
895     , -12181.5    , array([ 0.145156   ,  6.398      ,  4.28119    ,  0.191629   ,  0.243914   ])
896     , -11894.4    , array([ 0.142436   ,  6.51548    ,  3.96574    ,  0.18855    ,  0.240564   ])
897     , -12121      , array([ 0.141898   ,  5.75719    ,  4.34723    ,  0.18794    ,  0.239899   ])
likelihood = -11894.4
theta = 144.89
Optimized parameters = [0.14243569 6.51548352 3.96574395 0.18854954 0.24056369]

Round_1_Replicate_6
898     , -13499.1    , array([ 4.71066    ,  2.43625    ,  1.53457    ,  0.703524   ,  0.272193   ])
899     , -13622      , array([ 5.09021    ,  2.43625    ,  1.53457    ,  0.703524   ,  0.272193   ])
900     , -13685.9    , array([ 4.71066    ,  2.54717    ,  1.53457    ,  0.703524   ,  0.272193   ])
901     , -13634.3    , array([ 4.71066    ,  2.43625    ,  1.56778    ,  0.703524   ,  0.272193   ])
902     , -13522.5    , array([ 4.71066    ,  2.43625    ,  1.53457    ,  0.691262   ,  0.272193   ])
903     , -13343.7    , array([ 4.71066    ,  2.43625    ,  1.53457    ,  0.703524   ,  0.255047   ])
904     , -13359.1    , array([ 4.85896    ,  2.33016    ,  1.54777    ,  0.698594   ,  0.265201   ])
905     , -13306.2    , array([ 4.91958    ,  2.39324    ,  1.50721    ,  0.696631   ,  0.262454   ])
906     , -13142.2    , array([ 5.02749    ,  2.37203    ,  1.47781    ,  0.69321    ,  0.257716   ])
likelihood = -13142.2
theta = 104.35
Optimized parameters = [5.02748708 2.37202846 1.47781285 0.69320983 0.25771628]

Round_1_Replicate_7
907     , -7493.49    , array([ 2.39013    ,  0.427656   ,  1.95333    ,  1.6913     ,  1.82158    ])
908     , -7529.8     , array([ 2.49656    ,  0.427656   ,  1.95333    ,  1.6913     ,  1.82158    ])
909     , -7333.78    , array([ 2.39013    ,  0.409873   ,  1.95333    ,  1.6913     ,  1.82158    ])
910     , -7646.98    , array([ 2.39013    ,  0.427656   ,  2.01982    ,  1.6913     ,  1.82158    ])
911     , -7491.99    , array([ 2.39013    ,  0.427656   ,  1.95333    ,  1.73633    ,  1.82158    ])
912     , -7493.77    , array([ 2.39013    ,  0.427656   ,  1.95333    ,  1.6913     ,  1.87703    ])
913     , -7292.93    , array([ 2.43214    ,  0.420452   ,  1.88902    ,  1.70917    ,  1.84356    ])
914     , -7120.65    , array([ 2.45343    ,  0.416896   ,  1.82683    ,  1.71817    ,  1.85465    ])
915     , -7242.41    , array([ 2.31228    ,  0.416188   ,  1.90171    ,  1.71998    ,  1.85688    ])
likelihood = -7120.65
theta = 174.83
Optimized parameters = [2.45342878 0.4168961  1.8268271  1.7181741  1.85465222]

Round_1_Replicate_8
916     , -4526.33    , array([ 1.44949    ,  0.213738   ,  1.73922    ,  4.27776    ,  0.993107   ])
917     , -4544.23    , array([ 1.47665    ,  0.213738   ,  1.73922    ,  4.27776    ,  0.993107   ])
918     , -4370.05    , array([ 1.44949    ,  0.197868   ,  1.73922    ,  4.27776    ,  0.993107   ])
919     , -4613.46    , array([ 1.44949    ,  0.213738   ,  1.78802    ,  4.27776    ,  0.993107   ])
920     , -4526.68    , array([ 1.44949    ,  0.213738   ,  1.73922    ,  4.60021    ,  0.993107   ])
921     , -4526.3     , array([ 1.44949    ,  0.213738   ,  1.73922    ,  4.27776    ,  0.992763   ])
922     , -4385.4     , array([ 1.46029    ,  0.207243   ,  1.69176    ,  4.40393    ,  0.992969   ])
923     , -4389.25    , array([ 1.42707    ,  0.204701   ,  1.72008    ,  4.45544    ,  0.992914   ])
likelihood = -4370.05
theta = 193.82
Optimized parameters = [1.44949042 0.19786848 1.73922382 4.27775988 0.9931067 ]

Round_1_Replicate_9
924     , -16382.7    , array([ 0.362401   ,  2.54       ,  7.83055    ,  0.724042   ,  0.139318   ])
925     , -16235.6    , array([ 0.344468   ,  2.54       ,  7.83055    ,  0.724042   ,  0.139318   ])
926     , -16437      , array([ 0.362401   ,  2.66119    ,  7.83055    ,  0.724042   ,  0.139318   ])
927     , -16834.7    , array([ 0.362401   ,  2.54       ,  8.67924    ,  0.724042   ,  0.139318   ])
928     , -16380.8    , array([ 0.362401   ,  2.54       ,  7.83055    ,  0.712446   ,  0.139318   ])
929     , -16383.7    , array([ 0.362401   ,  2.54       ,  7.83055    ,  0.724042   ,  0.126243   ])
930     , -15891.7    , array([ 0.355118   ,  2.5878     ,  7.06484    ,  0.719381   ,  0.133933   ])
931     , -15416.4    , array([ 0.351532   ,  2.61203    ,  6.37401    ,  0.717062   ,  0.131319   ])
932     , -15880.4    , array([ 0.350819   ,  2.4516     ,  7.21175    ,  0.716599   ,  0.130802   ])
likelihood = -15416.35
theta = 153.92
Optimized parameters = [0.35153201 2.6120344  6.37401416 0.71706226 0.13131856]

Round_1_Replicate_10
933     , -7676.97    , array([ 3.00546    ,  7.65158    ,  0.225207   ,  2.03781    ,  7.45764    ])
934     , -7752.86    , array([ 3.17546    ,  7.65158    ,  0.225207   ,  2.03781    ,  7.45764    ])
935     , -7950.09    , array([ 3.00546    ,  8.47108    ,  0.225207   ,  2.03781    ,  7.45764    ])
936     , -7372.3     , array([ 3.00546    ,  7.65158    ,  0.209031   ,  2.03781    ,  7.45764    ])
937     , -7677.4     , array([ 3.00546    ,  7.65158    ,  0.225207   ,  2.11165    ,  7.45764    ])
938     , -7681.27    , array([ 3.00546    ,  7.65158    ,  0.225207   ,  2.03781    ,  8.24577    ])
939     , -7304.48    , array([ 3.07234    ,  6.91136    ,  0.218591   ,  2.06704    ,  7.76342    ])
940     , -6970.66    , array([ 3.10633    ,  6.24275    ,  0.215357   ,  2.0818     ,  7.92099    ])
941     , -7207.86    , array([ 2.88237    ,  7.05344    ,  0.214716   ,  2.08477    ,  7.95288    ])
likelihood = -6970.66
theta = 38.79
Optimized parameters = [3.10633392 6.24275258 0.21535695 2.08180311 7.92098774]

Round_2_Replicate_1
942     , -855.221    , array([ 0.6444     ,  0.399398   ,  0.23219    ,  1.53042    ,  1.24029    ])
943     , -853.106    , array([ 0.630396   ,  0.399398   ,  0.23219    ,  1.53042    ,  1.24029    ])
944     , -819.249    , array([ 0.6444     ,  0.381484   ,  0.23219    ,  1.53042    ,  1.24029    ])
945     , -804.358    , array([ 0.6444     ,  0.399398   ,  0.215842   ,  1.53042    ,  1.24029    ])
946     , -852.77     , array([ 0.6444     ,  0.399398   ,  0.23219    ,  1.56333    ,  1.24029    ])
947     , -855.394    , array([ 0.6444     ,  0.399398   ,  0.23219    ,  1.53042    ,  1.25371    ])
948     , -818.073    , array([ 0.638762   ,  0.392134   ,  0.225507   ,  1.5435     ,  1.227      ])
949     , -803.922    , array([ 0.63652    ,  0.389265   ,  0.222888   ,  1.54876    ,  1.23496    ])
950     , -779.717    , array([ 0.632616   ,  0.384295   ,  0.218378   ,  1.55802    ,  1.2323     ])
951     , -777.421    , array([ 0.651576   ,  0.383309   ,  0.217487   ,  1.55987    ,  1.23177    ])
952     , -742.533    , array([ 0.662431   ,  0.375509   ,  0.210488   ,  1.57481    ,  1.22753    ])
953     , -736.557    , array([ 0.644491   ,  0.373968   ,  0.209116   ,  1.53151    ,  1.22669    ])
954     , -686.098    , array([ 0.644536   ,  0.361867   ,  0.198454   ,  1.51585    ,  1.21994    ])
likelihood = -686.1
theta = 247.48
Optimized parameters = [0.64453622 0.36186712 0.19845353 1.51584732 1.21994254]

Round_2_Replicate_2
955     , -5688.11    , array([ 1.5223     ,  1.10181    ,  0.716197   ,  0.788326   ,  0.586593   ])
956     , -5712.72    , array([ 1.55463    ,  1.10181    ,  0.716197   ,  0.788326   ,  0.586593   ])
957     , -5703.35    , array([ 1.5223     ,  1.10716    ,  0.716197   ,  0.788326   ,  0.586593   ])
958     , -5622.57    , array([ 1.5223     ,  1.10181    ,  0.704343   ,  0.788326   ,  0.586593   ])
959     , -5695.46    , array([ 1.5223     ,  1.10181    ,  0.716197   ,  0.779007   ,  0.586593   ])
960     , -5671.6     , array([ 1.5223     ,  1.10181    ,  0.716197   ,  0.788326   ,  0.571155   ])
961     , -5639.92    , array([ 1.49065    ,  1.10395    ,  0.711431   ,  0.784585   ,  0.580369   ])
962     , -5623.94    , array([ 1.50956    ,  1.09733    ,  0.709534   ,  0.783094   ,  0.577897   ])
963     , -5603.01    , array([ 1.5045     ,  1.10087    ,  0.706886   ,  0.794122   ,  0.574455   ])
964     , -5556.88    , array([ 1.49567    ,  1.1004     ,  0.702277   ,  0.80179    ,  0.56848    ])
965     , -5558.4     , array([ 1.49391    ,  1.1003     ,  0.701358   ,  0.790068   ,  0.567293   ])
likelihood = -5556.88
theta = 160.65
Optimized parameters = [1.49567253 1.10039796 0.70227671 0.80178963 0.56848037]

Round_2_Replicate_3
966     , -8288.74    , array([ 2.02029    ,  1.89271    ,  0.780539   ,  0.708373   ,  0.538567   ])
967     , -8348.04    , array([ 2.09259    ,  1.89271    ,  0.780539   ,  0.708373   ,  0.538567   ])
968     , -8397.75    , array([ 2.02029    ,  1.95406    ,  0.780539   ,  0.708373   ,  0.538567   ])
969     , -8230       , array([ 2.02029    ,  1.89271    ,  0.770928   ,  0.708373   ,  0.538567   ])
970     , -8301.4     , array([ 2.02029    ,  1.89271    ,  0.780539   ,  0.696266   ,  0.538567   ])
971     , -8265.08    , array([ 2.02029    ,  1.89271    ,  0.780539   ,  0.708373   ,  0.522158   ])
972     , -8174.82    , array([ 2.0489     ,  1.83329    ,  0.77668    ,  0.703505   ,  0.531942   ])
973     , -8062.16    , array([ 2.06336    ,  1.77573    ,  0.774758   ,  0.701084   ,  0.528661   ])
974     , -8112.81    , array([ 1.96702    ,  1.84502    ,  0.774374   ,  0.700601   ,  0.528007   ])
975     , -8082.18    , array([ 2.01575    ,  1.82628    ,  0.771922   ,  0.714555   ,  0.523841   ])
976     , -8013.02    , array([ 2.01393    ,  1.80037    ,  0.768503   ,  0.704787   ,  0.518064   ])
977     , -7875.58    , array([ 2.01076    ,  1.7559     ,  0.762554   ,  0.703001   ,  0.508107   ])
likelihood = -7875.58
theta = 128.84
Optimized parameters = [2.01076373 1.75589787 0.76255434 0.70300091 0.5081066 ]

Round_2_Replicate_4
978     , -632.453    , array([ 0.61852    ,  0.454747   ,  0.0667639  ,  0.321555   ,  1.3613     ])
979     , -635.018    , array([ 0.603839   ,  0.454747   ,  0.0667639  ,  0.321555   ,  1.3613     ])
980     , -610.914    , array([ 0.61852    ,  0.437178   ,  0.0667639  ,  0.321555   ,  1.3613     ])
981     , -621.658    , array([ 0.61852    ,  0.454747   ,  0.0583134  ,  0.321555   ,  1.3613     ])
982     , -635.08     , array([ 0.61852    ,  0.454747   ,  0.0667639  ,  0.303822   ,  1.3613     ])
983     , -629.628    , array([ 0.61852    ,  0.454747   ,  0.0667639  ,  0.321555   ,  1.38246    ])
984     , -616.48     , array([ 0.612605   ,  0.447636   ,  0.0632459  ,  0.340324   ,  1.36973    ])
985     , -609.39     , array([ 0.631127   ,  0.444823   ,  0.0618912  ,  0.328935   ,  1.37311    ])
986     , -597.624    , array([ 0.64523    ,  0.439942   ,  0.0595899  ,  0.332689   ,  1.37905    ])
987     , -598.753    , array([ 0.626655   ,  0.438973   ,  0.05914    ,  0.333445   ,  1.38024    ])
988     , -590.492    , array([ 0.629939   ,  0.432817   ,  0.05634    ,  0.338322   ,  1.35825    ])
989     , -574.687    , array([ 0.635728   ,  0.422253   ,  0.0517553  ,  0.347031   ,  1.3463     ])
likelihood = -574.69
theta = 268.89
Optimized parameters = [0.63572793 0.42225267 0.05175526 0.34703099 1.34630334]

Round_2_Replicate_5
990     , -4318.44    , array([ 2.15038    ,  0.705324   ,  0.603955   ,  0.192473   ,  4.3498     ])
991     , -4357.02    , array([ 2.23429    ,  0.705324   ,  0.603955   ,  0.192473   ,  4.3498     ])
992     , -4276.14    , array([ 2.15038    ,  0.693119   ,  0.603955   ,  0.192473   ,  4.3498     ])
993     , -4235.99    , array([ 2.15038    ,  0.705324   ,  0.588918   ,  0.192473   ,  4.3498     ])
994     , -4318.85    , array([ 2.15038    ,  0.705324   ,  0.603955   ,  0.17725    ,  4.3498     ])
995     , -4310.77    , array([ 2.15038    ,  0.705324   ,  0.603955   ,  0.192473   ,  4.68158    ])
996     , -4226.97    , array([ 2.06961    ,  0.700417   ,  0.597895   ,  0.186233   ,  4.47959    ])
997     , -4162.32    , array([ 1.99188    ,  0.697976   ,  0.594888   ,  0.183189   ,  4.54593    ])
998     , -4202.72    , array([ 2.08552    ,  0.697489   ,  0.594288   ,  0.20491    ,  4.55932    ])
999     , -4157.36    , array([ 2.06012    ,  0.694379   ,  0.590465   ,  0.19349    ,  4.64593    ])
1000    , -4078.24    , array([ 2.01643    ,  0.68897    ,  0.583833   ,  0.194001   ,  4.80147    ])
1001    , -4072.85    , array([ 2.0078     ,  0.687893   ,  0.582515   ,  0.194103   ,  4.36055    ])
1002    , -3957.01    , array([ 1.9401     ,  0.67934    ,  0.572082   ,  0.194924   ,  4.20839    ])
likelihood = -3957.01
theta = 146.31
Optimized parameters = [1.94010119 0.6793403  0.5720824  0.19492384 4.20839123]

Round_2_Replicate_6
1003    , -4074.7     , array([ 1.7392     ,  2.21583    ,  0.0799005  ,  0.196239   ,  0.683859   ])
1004    , -4119.04    , array([ 1.788      ,  2.21583    ,  0.0799005  ,  0.196239   ,  0.683859   ])
1005    , -4151.65    , array([ 1.7392     ,  2.30576    ,  0.0799005  ,  0.196239   ,  0.683859   ])
1006    , -3992.49    , array([ 1.7392     ,  2.21583    ,  0.070417   ,  0.196239   ,  0.683859   ])
1007    , -4118.7     , array([ 1.7392     ,  2.21583    ,  0.0799005  ,  0.180894   ,  0.683859   ])
1008    , -4109.3     , array([ 1.7392     ,  2.21583    ,  0.0799005  ,  0.196239   ,  0.670988   ])
1009    , -4012.77    , array([ 1.75856    ,  2.12941    ,  0.0759628  ,  0.189951   ,  0.678681   ])
1010    , -4004.64    , array([ 1.69924    ,  2.18085    ,  0.0744425  ,  0.187493   ,  0.676621   ])
1011    , -3957.44    , array([ 1.73075    ,  2.16701    ,  0.0723652  ,  0.206333   ,  0.673748   ])
1012    , -3876.3     , array([ 1.72655    ,  2.14301    ,  0.0688683  ,  0.220363   ,  0.668748   ])
1013    , -3879.8     , array([ 1.7257     ,  2.13824    ,  0.0681895  ,  0.199227   ,  0.685753   ])
likelihood = -3876.3
theta = 133.23
Optimized parameters = [1.72654536 2.14301029 0.06886835 0.22036346 0.66874805]

Round_2_Replicate_7
1014    , -1702.1     , array([ 0.875792   ,  0.406694   ,  0.425534   ,  2.06338    ,  5.72554    ])
1015    , -1698.51    , array([ 0.870004   ,  0.406694   ,  0.425534   ,  2.06338    ,  5.72554    ])
1016    , -1648.43    , array([ 0.875792   ,  0.388804   ,  0.425534   ,  2.06338    ,  5.72554    ])
1017    , -1628.86    , array([ 0.875792   ,  0.406694   ,  0.407738   ,  2.06338    ,  5.72554    ])
1018    , -1701.48    , array([ 0.875792   ,  0.406694   ,  0.425534   ,  2.13948    ,  5.72554    ])
1019    , -1702.85    , array([ 0.875792   ,  0.406694   ,  0.425534   ,  2.06338    ,  6.24752    ])
1020    , -1648.45    , array([ 0.873472   ,  0.399441   ,  0.418325   ,  2.09349    ,  5.24718    ])
1021    , -1628.3     , array([ 0.872546   ,  0.396577   ,  0.415475   ,  2.10566    ,  5.52917    ])
1022    , -1592.37    , array([ 0.870927   ,  0.391613   ,  0.410535   ,  2.12712    ,  5.43353    ])
1023    , -1586.25    , array([ 0.870604   ,  0.390628   ,  0.409554   ,  2.02606    ,  5.4146     ])
1024    , -1531.25    , array([ 0.868021   ,  0.382834   ,  0.40179    ,  1.97163    ,  5.26552    ])
1025    , -1524.26    , array([ 0.875597   ,  0.381294   ,  0.400255   ,  2.06291    ,  5.2362     ])
1026    , -1443.28    , array([ 0.878407   ,  0.369195   ,  0.388184   ,  2.06267    ,  5.00745    ])
likelihood = -1443.28
theta = 224.01
Optimized parameters = [0.87840702 0.36919531 0.38818414 2.06266664 5.00744502]

Round_2_Replicate_8
1027    , -3497.6     , array([ 2.43239    ,  0.636194   ,  0.468578   ,  0.616187   ,  0.630856   ])
1028    , -3532.58    , array([ 2.54293    ,  0.636194   ,  0.468578   ,  0.616187   ,  0.630856   ])
1029    , -3448.1     , array([ 2.43239    ,  0.62197    ,  0.468578   ,  0.616187   ,  0.630856   ])
1030    , -3409.15    , array([ 2.43239    ,  0.636194   ,  0.45115    ,  0.616187   ,  0.630856   ])
1031    , -3509.39    , array([ 2.43239    ,  0.636194   ,  0.468578   ,  0.601448   ,  0.630856   ])
1032    , -3493.32    , array([ 2.43239    ,  0.636194   ,  0.468578   ,  0.616187   ,  0.616491   ])
1033    , -3410.17    , array([ 2.32665    ,  0.630466   ,  0.461528   ,  0.610248   ,  0.62507    ])
1034    , -3393.93    , array([ 2.38953    ,  0.628189   ,  0.458737   ,  0.628846   ,  0.622771   ])
1035    , -3336.8     , array([ 2.36839    ,  0.624224   ,  0.453894   ,  0.64301    ,  0.618767   ])
1036    , -3342.4     , array([ 2.36418    ,  0.623434   ,  0.452932   ,  0.624356   ,  0.61797    ])
1037    , -3287.31    , array([ 2.33743    ,  0.618402   ,  0.446821   ,  0.627654   ,  0.632975   ])
1038    , -3187.69    , array([ 2.29135    ,  0.609694   ,  0.436324   ,  0.633467   ,  0.641382   ])
likelihood = -3187.69
theta = 182.44
Optimized parameters = [2.29135293 0.60969358 0.43632411 0.63346703 0.64138204]

Round_2_Replicate_9
1039    , -1969.14    , array([ 0.491142   ,  2.36019    ,  0.0616431  ,  1.75736    ,  3.3538     ])
1040    , -1986.43    , array([ 0.473988   ,  2.36019    ,  0.0616431  ,  1.75736    ,  3.3538     ])
1041    , -2027.64    , array([ 0.491142   ,  2.46374    ,  0.0616431  ,  1.75736    ,  3.3538     ])
1042    , -1891.83    , array([ 0.491142   ,  2.36019    ,  0.0536264  ,  1.75736    ,  3.3538     ])
1043    , -1966.22    , array([ 0.491142   ,  2.36019    ,  0.0616431  ,  1.80761    ,  3.3538     ])
1044    , -1962.09    , array([ 0.491142   ,  2.36019    ,  0.0616431  ,  1.75736    ,  3.56299    ])
1045    , -1882.92    , array([ 0.484207   ,  2.261      ,  0.0583018  ,  1.77729    ,  3.43596    ])
1046    , -1814.61    , array([ 0.480777   ,  2.16597    ,  0.0566998  ,  1.78734    ,  3.47779    ])
1047    , -1853.32    , array([ 0.504593   ,  2.2805     ,  0.0563847  ,  1.78936    ,  3.48622    ])
1048    , -1827.06    , array([ 0.492261   ,  2.24938    ,  0.0544091  ,  1.80232    ,  3.54064    ])
1049    , -1778.87    , array([ 0.492709   ,  2.20652    ,  0.051759   ,  1.75016    ,  3.61825    ])
1050    , -1697.18    , array([ 0.493494   ,  2.13348    ,  0.0474282  ,  1.72213    ,  3.7582     ])
likelihood = -1697.18
theta = 99.45
Optimized parameters = [0.49349434 2.13348244 0.04742824 1.72212945 3.75819898]

Round_2_Replicate_10
1051    , -5678.57    , array([ 2.28909    ,  2.62584    ,  0.305787   ,  0.198212   ,  3.51361    ])
1052    , -5733.3     , array([ 2.38587    ,  2.62584    ,  0.305787   ,  0.198212   ,  3.51361    ])
1053    , -5814.33    , array([ 2.28909    ,  2.75569    ,  0.305787   ,  0.198212   ,  3.51361    ])
1054    , -5467.01    , array([ 2.28909    ,  2.62584    ,  0.288198   ,  0.198212   ,  3.51361    ])
1055    , -5680.19    , array([ 2.28909    ,  2.62584    ,  0.305787   ,  0.182804   ,  3.51361    ])
1056    , -5656.72    , array([ 2.28909    ,  2.62584    ,  0.305787   ,  0.198212   ,  3.74146    ])
1057    , -5470.19    , array([ 2.32733    ,  2.5021     ,  0.298626   ,  0.191899   ,  3.60303    ])
1058    , -5450.02    , array([ 2.21084    ,  2.57562    ,  0.295809   ,  0.18943    ,  3.63944    ])
1059    , -5313.61    , array([ 2.1282     ,  2.55088    ,  0.290942   ,  0.185186   ,  3.70403    ])
1060    , -5353.66    , array([ 2.23811    ,  2.54596    ,  0.289979   ,  0.206463   ,  3.71709    ])
1061    , -5228.17    , array([ 2.21803    ,  2.51469    ,  0.283887   ,  0.193546   ,  3.80174    ])
1062    , -5010.66    , array([ 2.18333    ,  2.46089    ,  0.273532   ,  0.191254   ,  3.95456    ])
likelihood = -5010.66
theta = 81.97
Optimized parameters = [2.18333204 2.46089315 0.27353165 0.19125379 3.95455597]

Round_3_Replicate_1
1063    , -2749.71    , array([ 0.897266   ,  1.17213    ,  0.059699   ,  0.170627   ,  0.432922   ])
1064    , -2743.87    , array([ 0.892416   ,  1.17213    ,  0.059699   ,  0.170627   ,  0.432922   ])
1065    , -2762.52    , array([ 0.897266   ,  1.18147    ,  0.059699   ,  0.170627   ,  0.432922   ])
1066    , -2711.25    , array([ 0.897266   ,  1.17213    ,  0.051852   ,  0.170627   ,  0.432922   ])
1067    , -2800.29    , array([ 0.897266   ,  1.17213    ,  0.059699   ,  0.156189   ,  0.432922   ])
1068    , -2809.57    , array([ 0.897266   ,  1.17213    ,  0.059699   ,  0.170627   ,  0.415174   ])
1069    , -2696.58    , array([ 0.895323   ,  1.17586    ,  0.0564269  ,  0.164698   ,  0.451429   ])
1070    , -2639.72    , array([ 0.894353   ,  1.17773    ,  0.0548587  ,  0.161812   ,  0.470726   ])
1071    , -2643.09    , array([ 0.894159   ,  1.1781     ,  0.0545504  ,  0.182486   ,  0.447665   ])
1072    , -2634.07    , array([ 0.892919   ,  1.16745    ,  0.0526175  ,  0.171595   ,  0.453702   ])
1073    , -2572.32    , array([ 0.890753   ,  1.16049    ,  0.0493983  ,  0.172082   ,  0.464463   ])
1074    , -2577.36    , array([ 0.890321   ,  1.17207    ,  0.0487785  ,  0.172179   ,  0.466646   ])
1075    , -2519.7     , array([ 0.894319   ,  1.17204    ,  0.0449917  ,  0.172804   ,  0.48086    ])
1076    , -2416.58    , array([ 0.895271   ,  1.172      ,  0.0390585  ,  0.173902   ,  0.506784   ])
1077    , -2431.14    , array([ 0.888693   ,  1.17199    ,  0.0462503  ,  0.174123   ,  0.512134   ])
1078    , -2406.98    , array([ 0.889597   ,  1.16363    ,  0.0411537  ,  0.159781   ,  0.522651   ])
1079    , -2289.22    , array([ 0.887324   ,  1.15646    ,  0.0357449  ,  0.14951    ,  0.564731   ])
1080    , -2291.95    , array([ 0.886601   ,  1.15555    ,  0.0344785  ,  0.174586   ,  0.534596   ])
1081    , -2230.49    , array([ 0.889126   ,  1.15455    ,  0.0337515  ,  0.164987   ,  0.569407   ])
1082    , -2072.25    , array([ 0.888529   ,  1.1459     ,  0.0280754  ,  0.161504   ,  0.628985   ])
likelihood = -2072.25
theta = 193.96
Optimized parameters = [0.88852895 1.1458966  0.0280754  0.16150443 0.6289854 ]

Round_3_Replicate_2
1083    , -486.768    , array([ 0.575454   ,  0.260586   ,  0.0374155  ,  0.154282   ,  3.73592    ])
1084    , -496.655    , array([ 0.559772   ,  0.260586   ,  0.0374155  ,  0.154282   ,  3.73592    ])
1085    , -484.085    , array([ 0.575454   ,  0.24364    ,  0.0374155  ,  0.154282   ,  3.73592    ])
1086    , -516.054    , array([ 0.575454   ,  0.260586   ,  0.0317471  ,  0.154282   ,  3.73592    ])
1087    , -486.402    , array([ 0.575454   ,  0.260586   ,  0.0374155  ,  0.140517   ,  3.73592    ])
1088    , -493.447    , array([ 0.575454   ,  0.260586   ,  0.0374155  ,  0.154282   ,  3.99041    ])
1089    , -463.138    , array([ 0.569129   ,  0.25367    ,  0.044096   ,  0.148621   ,  3.83571    ])
1090    , -438.29     , array([ 0.565993   ,  0.250282   ,  0.0519693  ,  0.145869   ,  3.88659    ])
1091    , -458.467    , array([ 0.587666   ,  0.249609   ,  0.0426707  ,  0.145325   ,  3.89685    ])
1092    , -448.869    , array([ 0.576473   ,  0.245349   ,  0.044974   ,  0.14189    ,  3.61387    ])
1093    , -439.288    , array([ 0.57688    ,  0.239507   ,  0.0484088  ,  0.137216   ,  3.80911    ])
1094    , -421.534    , array([ 0.577452   ,  0.231561   ,  0.0536629  ,  0.149231   ,  3.83878    ])
1095    , -392.01     , array([ 0.578454   ,  0.218285   ,  0.0642665  ,  0.153789   ,  3.89127    ])
1096    , -393.149    , array([ 0.578654   ,  0.237017   ,  0.0666265  ,  0.135744   ,  3.90185    ])
1097    , -389.099    , array([ 0.563138   ,  0.226607   ,  0.0698194  ,  0.140231   ,  3.74263    ])
1098    , -365.3      , array([ 0.551261   ,  0.215914   ,  0.0893097  ,  0.137752   ,  3.66782    ])
1099    , -365.901    , array([ 0.563895   ,  0.219052   ,  0.0871605  ,  0.141936   ,  4.05968    ])
1100    , -357.118    , array([ 0.558388   ,  0.216523   ,  0.10245    ,  0.14877    ,  3.95102    ])
1101    , -363.991    , array([ 0.549365   ,  0.205872   ,  0.149042   ,  0.154906   ,  4.02395    ])
likelihood = -357.12
theta = 258.07
Optimized parameters = [0.55838751 0.21652349 0.10245048 0.14876961 3.95102445]

Round_3_Replicate_3
1102    , -846.843    , array([ 0.67172    ,  0.400183   ,  0.142242   ,  0.0946743  ,  1.05878    ])
1103    , -842.614    , array([ 0.658488   ,  0.400183   ,  0.142242   ,  0.0946743  ,  1.05878    ])
1104    , -811.064    , array([ 0.67172    ,  0.382271   ,  0.142242   ,  0.0946743  ,  1.05878    ])
1105    , -811.444    , array([ 0.67172    ,  0.400183   ,  0.129027   ,  0.0946743  ,  1.05878    ])
1106    , -850.785    , array([ 0.67172    ,  0.400183   ,  0.142242   ,  0.084148   ,  1.05878    ])
1107    , -845.782    , array([ 0.67172    ,  0.400183   ,  0.142242   ,  0.0946743  ,  1.0618     ])
1108    , -811.484    , array([ 0.666396   ,  0.392919   ,  0.136801   ,  0.106517   ,  1.05999    ])
1109    , -802.13     , array([ 0.664278   ,  0.390051   ,  0.134683   ,  0.0992448  ,  1.06047    ])
1110    , -781.056    , array([ 0.660587   ,  0.385082   ,  0.131055   ,  0.101612   ,  1.06132    ])
1111    , -778.327    , array([ 0.659852   ,  0.384096   ,  0.130342   ,  0.102092   ,  1.05725    ])
1112    , -747.67     , array([ 0.653996   ,  0.376296   ,  0.12477    ,  0.106016   ,  1.05499    ])
1113    , -745.488    , array([ 0.671271   ,  0.374756   ,  0.123685   ,  0.106819   ,  1.05876    ])
1114    , -703.577    , array([ 0.677756   ,  0.362655   ,  0.115335   ,  0.113464   ,  1.05875    ])
1115    , -730.336    , array([ 0.667806   ,  0.36964    ,  0.120117   ,  0.0973723  ,  1.05705    ])
1116    , -699.136    , array([ 0.660965   ,  0.351587   ,  0.123761   ,  0.110791   ,  1.05757    ])
1117    , -650.04     , array([ 0.655652   ,  0.329549   ,  0.12121    ,  0.119851   ,  1.05697    ])
1118    , -647.241    , array([ 0.654595   ,  0.346848   ,  0.105303   ,  0.12175    ,  1.05685    ])
1119    , -588.52     , array([ 0.646197   ,  0.330387   ,  0.090604   ,  0.138066   ,  1.05589    ])
1120    , -597.606    , array([ 0.659788   ,  0.32385    ,  0.0986031  ,  0.128237   ,  1.05216    ])
1121    , -571.557    , array([ 0.668792   ,  0.3121     ,  0.094264   ,  0.13263    ,  1.05734    ])
1122    , -512.188    , array([ 0.676315   ,  0.284233   ,  0.0819338  ,  0.148346   ,  1.05852    ])
likelihood = -512.19
theta = 320.15
Optimized parameters = [0.67631491 0.28423308 0.08193379 0.14834573 1.05851788]

Round_3_Replicate_4
1123    , -1814.61    , array([ 0.262874   ,  1.39624    ,  0.0304897  ,  0.572566   ,  1.24678    ])
1124    , -1854.3     , array([ 0.245887   ,  1.39624    ,  0.0304897  ,  0.572566   ,  1.24678    ])
1125    , -1831.11    , array([ 0.262874   ,  1.41974    ,  0.0304897  ,  0.572566   ,  1.24678    ])
1126    , -1807.06    , array([ 0.262874   ,  1.39624    ,  0.0256071  ,  0.572566   ,  1.24678    ])
1127    , -1817.43    , array([ 0.262874   ,  1.39624    ,  0.0304897  ,  0.556823   ,  1.24678    ])
1128    , -1812.44    , array([ 0.262874   ,  1.39624    ,  0.0304897  ,  0.572566   ,  1.2606     ])
1129    , -1778.82    , array([ 0.281035   ,  1.40559    ,  0.0284339  ,  0.566216   ,  1.25229    ])
1130    , -1742.41    , array([ 0.300451   ,  1.41029    ,  0.0274586  ,  0.563068   ,  1.25505    ])
1131    , -1765.96    , array([ 0.277305   ,  1.37864    ,  0.0272676  ,  0.56244    ,  1.25561    ])
1132    , -1759.25    , array([ 0.283297   ,  1.39475    ,  0.0260761  ,  0.580669   ,  1.25916    ])
1133    , -1740.81    , array([ 0.291904   ,  1.39415    ,  0.0244951  ,  0.567886   ,  1.26414    ])
1134    , -1706.2     , array([ 0.3076     ,  1.39311    ,  0.0219555  ,  0.56556    ,  1.27292    ])
1135    , -1702.54    , array([ 0.310839   ,  1.3929     ,  0.02148    ,  0.565096   ,  1.25515    ])
1136    , -1652.86    , array([ 0.338009   ,  1.39124    ,  0.0180292  ,  0.561397   ,  1.25244    ])
1137    , -1644.37    , array([ 0.343722   ,  1.39091    ,  0.0222266  ,  0.560661   ,  1.27137    ])
1138    , -1569.42    , array([ 0.39304    ,  1.38825    ,  0.0207076  ,  0.554801   ,  1.28385    ])
1139    , -1607.09    , array([ 0.374618   ,  1.41258    ,  0.0186974  ,  0.567641   ,  1.27371    ])
1140    , -1557.02    , array([ 0.410055   ,  1.40338    ,  0.0171159  ,  0.544853   ,  1.27597    ])
1141    , -1472.62    , array([ 0.493336   ,  1.40771    ,  0.0138668  ,  0.527783   ,  1.28446    ])
1142    , -1473.19    , array([ 0.471476   ,  1.38689    ,  0.0123676  ,  0.547527   ,  1.29206    ])
likelihood = -1472.62
theta = 165.15
Optimized parameters = [0.49333596 1.40770826 0.01386685 0.52778251 1.28446277]

Round_3_Replicate_5
1143    , -706.113    , array([ 0.911799   ,  0.850725   ,  0.0298817  ,  0.503238   ,  2.88131    ])
1144    , -707.108    , array([ 0.907599   ,  0.850725   ,  0.0298817  ,  0.503238   ,  2.88131    ])
1145    , -701.514    , array([ 0.911799   ,  0.843876   ,  0.0298817  ,  0.503238   ,  2.88131    ])
1146    , -702.313    , array([ 0.911799   ,  0.850725   ,  0.0250712  ,  0.503238   ,  2.88131    ])
1147    , -707.39     , array([ 0.911799   ,  0.850725   ,  0.0298817  ,  0.486253   ,  2.88131    ])
1148    , -695.4      , array([ 0.911799   ,  0.850725   ,  0.0298817  ,  0.503238   ,  3.03787    ])
1149    , -697.153    , array([ 0.910117   ,  0.847978   ,  0.0278556  ,  0.520817   ,  2.94294    ])
1150    , -693.67     , array([ 0.915342   ,  0.846882   ,  0.0270842  ,  0.510197   ,  2.96796    ])
1151    , -687.824    , array([ 0.919238   ,  0.844968   ,  0.0257853  ,  0.513713   ,  3.01226    ])
1152    , -688.278    , array([ 0.914092   ,  0.844585   ,  0.0255331  ,  0.514419   ,  3.0212     ])
1153    , -686.207    , array([ 0.915011   ,  0.842142   ,  0.0306552  ,  0.51896    ,  3.07904    ])
1154    , -680.565    , array([ 0.916621   ,  0.837883   ,  0.0338975  ,  0.527004   ,  3.18294    ])
1155    , -677.846    , array([ 0.916943   ,  0.846561   ,  0.0270508  ,  0.528628   ,  3.20413    ])
1156    , -668.216    , array([ 0.919526   ,  0.847906   ,  0.0257375  ,  0.5418     ,  3.37887    ])
1157    , -668.943    , array([ 0.922425   ,  0.842436   ,  0.0281147  ,  0.51892    ,  3.31524    ])
1158    , -662.336    , array([ 0.925      ,  0.836434   ,  0.0255772  ,  0.543679   ,  3.32587    ])
1159    , -649.539    , array([ 0.931673   ,  0.829379   ,  0.0236633  ,  0.565103   ,  3.47995    ])
1160    , -651.44     , array([ 0.929738   ,  0.836413   ,  0.0290364  ,  0.552235   ,  3.53877    ])
1161    , -639.24     , array([ 0.928743   ,  0.832639   ,  0.0301511  ,  0.569222   ,  3.78549    ])
1162    , -619.489    , array([ 0.933532   ,  0.826542   ,  0.0326039  ,  0.599187   ,  4.24363    ])
likelihood = -619.49
theta = 142.49
Optimized parameters = [0.93353225 0.82654217 0.03260385 0.59918714 4.24363144]

Round_4_Replicate_1
1163    , -386.931    , array([ 1.01175    ,  0.108756   ,  0.0638105  ,  0.17286    ,  7.54881    ])
1164    , -386.889    , array([ 1.01234    ,  0.108756   ,  0.0638105  ,  0.17286    ,  7.54881    ])
1165    , -405.767    , array([ 1.01175    ,  0.0973361  ,  0.0638105  ,  0.17286    ,  7.54881    ])
1166    , -411.64     , array([ 1.01175    ,  0.108756   ,  0.055608   ,  0.17286    ,  7.54881    ])
1167    , -386.808    , array([ 1.01175    ,  0.108756   ,  0.0638105  ,  0.158336   ,  7.54881    ])
1168    , -393.205    , array([ 1.01175    ,  0.108756   ,  0.0638105  ,  0.17286    ,  8.35165    ])
1169    , -375.412    , array([ 1.01199    ,  0.104035   ,  0.073223   ,  0.166897   ,  7.86024    ])
1170    , -363.609    , array([ 1.01211    ,  0.101752   ,  0.084024   ,  0.163993   ,  8.02075    ])
1171    , -360.894    , array([ 1.01213    ,  0.118322   ,  0.0712355  ,  0.163418   ,  8.05324    ])
1172    , -342.59     , array([ 1.01232    ,  0.130455   ,  0.075266   ,  0.158893   ,  8.31796    ])
1173    , -354.04     , array([ 1.01236    ,  0.113892   ,  0.0760991  ,  0.158003   ,  7.26732    ])
1174    , -347.387    , array([ 1.0126     ,  0.116014   ,  0.0816534  ,  0.152424   ,  7.91893    ])
1175    , -337.517    , array([ 1.01211    ,  0.119051   ,  0.090117   ,  0.144942   ,  8.07201    ])
1176    , -330.799    , array([ 1.01199    ,  0.124559   ,  0.107094   ,  0.132723   ,  8.34706    ])
1177    , -331.404    , array([ 1.0128     ,  0.12569    ,  0.110855   ,  0.147454   ,  8.40318    ])
1178    , -317.113    , array([ 1.01272    ,  0.146188   ,  0.0940557  ,  0.136441   ,  8.05748    ])
1179    , -310.677    , array([ 1.01303    ,  0.175225   ,  0.0995122  ,  0.124453   ,  8.07591    ])
1180    , -323.352    , array([ 1.01274    ,  0.155169   ,  0.115613   ,  0.128719   ,  9.27612    ])
1181    , -331.745    , array([ 1.01255    ,  0.171122   ,  0.12383    ,  0.124706   ,  9.06889    ])
1182    , -400.757    , array([ 1.01293    ,  0.169625   ,  0.163943   ,  0.10858    ,  8.93757    ])
1183    , -322.003    , array([ 1.01247    ,  0.139306   ,  0.0914371  ,  0.144466   ,  8.46871    ])
1184    , -338.411    , array([ 1.01266    ,  0.1191     ,  0.088264   ,  0.146729   ,  7.97603    ])
1185    , -321.788    , array([ 1.01258    ,  0.156299   ,  0.11378    ,  0.129881   ,  8.78238    ])
1186    , -310.634    , array([ 1.01233    ,  0.17692    ,  0.0996276  ,  0.117952   ,  8.76122    ])
1187    , -309.193    , array([ 1.01209    ,  0.209902   ,  0.0944478  ,  0.105494   ,  8.94592    ])
1188    , -313.233    , array([ 1.01317    ,  0.21997    ,  0.0980713  ,  0.119544   ,  9.068      ])
1189    , -305.985    , array([ 1.0126     ,  0.203028   ,  0.0850573  ,  0.11967    ,  8.08605    ])
1190    , -308.871    , array([ 1.01252    ,  0.232237   ,  0.0729563  ,  0.115388   ,  7.54955    ])
likelihood = -305.99
theta = 170.88
Optimized parameters = [1.01259632 0.20302795 0.08505726 0.11967034 8.08604953]

Round_4_Replicate_2
1191    , -786.633    , array([ 0.974255   ,  0.375732   ,  0.178198   ,  0.146731   ,  2.41048    ])
1192    , -786.21     , array([ 0.972986   ,  0.375732   ,  0.178198   ,  0.146731   ,  2.41048    ])
1193    , -757.067    , array([ 0.974255   ,  0.357785   ,  0.178198   ,  0.146731   ,  2.41048    ])
1194    , -733.743    , array([ 0.974255   ,  0.375732   ,  0.163474   ,  0.146731   ,  2.41048    ])
1195    , -787.79     , array([ 0.974255   ,  0.375732   ,  0.178198   ,  0.133306   ,  2.41048    ])
1196    , -778.467    , array([ 0.974255   ,  0.375732   ,  0.178198   ,  0.146731   ,  2.51889    ])
1197    , -748.338    , array([ 0.973747   ,  0.368447   ,  0.172155   ,  0.161509   ,  2.45327    ])
1198    , -734.805    , array([ 0.973544   ,  0.365573   ,  0.169796   ,  0.152473   ,  2.4706     ])
1199    , -715.69     , array([ 0.975038   ,  0.361587   ,  0.166547   ,  0.154832   ,  2.49506    ])
1200    , -683.134    , array([ 0.976066   ,  0.354716   ,  0.161011   ,  0.159048   ,  2.53846    ])
1201    , -687.439    , array([ 0.974491   ,  0.353357   ,  0.159926   ,  0.159905   ,  2.39509    ])
1202    , -679.927    , array([ 0.974585   ,  0.369239   ,  0.153153   ,  0.1655     ,  2.4964     ])
1203    , -646.418    , array([ 0.974751   ,  0.375103   ,  0.141983   ,  0.175766   ,  2.5405     ])
1204    , -648.62     , array([ 0.975496   ,  0.36113    ,  0.146769   ,  0.155532   ,  2.48738    ])
1205    , -629.447    , array([ 0.976481   ,  0.362193   ,  0.140382   ,  0.166064   ,  2.47663    ])
1206    , -586.659    , array([ 0.977953   ,  0.360515   ,  0.127644   ,  0.173307   ,  2.47965    ])
1207    , -575.255    , array([ 0.977248   ,  0.346621   ,  0.132072   ,  0.184443   ,  2.56729    ])
1208    , -513.943    , array([ 0.978748   ,  0.332922   ,  0.118712   ,  0.206792   ,  2.64947    ])
1209    , -546.819    , array([ 0.978717   ,  0.35989    ,  0.119831   ,  0.187582   ,  2.69024    ])
1210    , -513.034    , array([ 0.978198   ,  0.360594   ,  0.105759   ,  0.201461   ,  2.59794    ])
1211    , -463.428    , array([ 0.979265   ,  0.36357    ,  0.0857137  ,  0.226737   ,  2.6282     ])
1212    , -467.441    , array([ 0.980281   ,  0.355145   ,  0.0935634  ,  0.239541   ,  2.71035    ])
1213    , -424.534    , array([ 0.983253   ,  0.33452    ,  0.081856   ,  0.239907   ,  2.72327    ])
1214    , -379.51     , array([ 0.987532   ,  0.315906   ,  0.0621523  ,  0.280283   ,  2.81953    ])
1215    , -388.284    , array([ 0.983862   ,  0.330144   ,  0.0682762  ,  0.294899   ,  2.93721    ])
1216    , -377.742    , array([ 0.985158   ,  0.319499   ,  0.0580739  ,  0.326505   ,  2.80408    ])
1217    , -370.683    , array([ 0.988394   ,  0.301037   ,  0.0404284  ,  0.430764   ,  2.8628     ])
likelihood = -370.68
theta = 209.48
Optimized parameters = [0.98839445 0.30103672 0.0404284  0.43076416 2.86279909]

Round_4_Replicate_3
1218    , -331.155    , array([ 0.438727   ,  0.108794   ,  0.147158   ,  0.236049   ,  4.20055    ])
1219    , -337.922    , array([ 0.421021   ,  0.108794   ,  0.147158   ,  0.236049   ,  4.20055    ])
1220    , -333.801    , array([ 0.438727   ,  0.0973726  ,  0.147158   ,  0.236049   ,  4.20055    ])
1221    , -344.027    , array([ 0.438727   ,  0.108794   ,  0.133713   ,  0.236049   ,  4.20055    ])
1222    , -330.992    , array([ 0.438727   ,  0.108794   ,  0.147158   ,  0.21961    ,  4.20055    ])
1223    , -333.518    , array([ 0.438727   ,  0.108794   ,  0.147158   ,  0.236049   ,  4.51307    ])
1224    , -324.277    , array([ 0.431557   ,  0.104073   ,  0.161955   ,  0.22933    ,  4.32288    ])
1225    , -317.746    , array([ 0.428016   ,  0.10179    ,  0.17824    ,  0.226043   ,  4.38537    ])
1226    , -321.032    , array([ 0.452679   ,  0.101339   ,  0.158881   ,  0.225391   ,  4.39797    ])
1227    , -322.749    , array([ 0.439885   ,  0.115049   ,  0.163828   ,  0.221264   ,  4.47951    ])
1228    , -316.752    , array([ 0.440349   ,  0.105299   ,  0.171013   ,  0.215613   ,  4.15689    ])
1229    , -312.392    , array([ 0.441163   ,  0.103594   ,  0.184354   ,  0.206069   ,  3.98949    ])
1230    , -313.105    , array([ 0.441325   ,  0.103256   ,  0.187144   ,  0.204212   ,  4.37501    ])
1231    , -312.233    , array([ 0.442369   ,  0.101121   ,  0.206032   ,  0.213207   ,  4.4468     ])
1232    , -321.141    , array([ 0.444202   ,  0.0974895  ,  0.243786   ,  0.210077   ,  4.57528    ])
1233    , -309.755    , array([ 0.442199   ,  0.0908126  ,  0.202838   ,  0.208496   ,  4.15767    ])
1234    , -311.224    , array([ 0.443361   ,  0.0806821  ,  0.225699   ,  0.202391   ,  4.00553    ])
1235    , -315.836    , array([ 0.425694   ,  0.0986732  ,  0.230619   ,  0.198398   ,  4.14064    ])
1236    , -315.082    , array([ 0.449245   ,  0.097022   ,  0.227886   ,  0.187768   ,  4.05825    ])
1237    , -311.926    , array([ 0.46153    ,  0.0994132  ,  0.17529    ,  0.209271   ,  4.26369    ])
1238    , -323.471    , array([ 0.44208    ,  0.102095   ,  0.159717   ,  0.230919   ,  4.43704    ])
1239    , -310.935    , array([ 0.447443   ,  0.098266   ,  0.208509   ,  0.197734   ,  4.1498     ])
1240    , -309.288    , array([ 0.452498   ,  0.0940483  ,  0.203082   ,  0.209605   ,  4.0297     ])
1241    , -309.58     , array([ 0.45819    ,  0.089757   ,  0.211552   ,  0.212354   ,  3.8674     ])
1242    , -310.717    , array([ 0.457282   ,  0.090186   ,  0.21429    ,  0.209133   ,  4.43686    ])
1243    , -309.153    , array([ 0.462123   ,  0.0882577  ,  0.194781   ,  0.200578   ,  3.97701    ])
1244    , -310.73     , array([ 0.472329   ,  0.0824534  ,  0.189389   ,  0.194546   ,  3.76107    ])
likelihood = -309.15
theta = 354.41
Optimized parameters = [0.46212342 0.08825773 0.19478137 0.20057781 3.97701035]

Round_4_Replicate_4
1245    , -311.786    , array([ 1.04367    ,  0.21397    ,  0.0632782  ,  0.0850446  ,  5.48675    ])
1246    , -311.72     , array([ 1.0459     ,  0.21397    ,  0.0632782  ,  0.0850446  ,  5.48675    ])
1247    , -313.336    , array([ 1.04367    ,  0.198094   ,  0.0632782  ,  0.0850446  ,  5.48675    ])
1248    , -320.854    , array([ 1.04367    ,  0.21397    ,  0.055121   ,  0.0850446  ,  5.48675    ])
1249    , -311.796    , array([ 1.04367    ,  0.21397    ,  0.0632782  ,  0.0751847  ,  5.48675    ])
1250    , -311.754    , array([ 1.04367    ,  0.21397    ,  0.0632782  ,  0.0850446  ,  5.97422    ])
1251    , -307.393    , array([ 1.04456    ,  0.207472   ,  0.0726426  ,  0.0809543  ,  5.67677    ])
1252    , -308.361    , array([ 1.04501    ,  0.204298   ,  0.0833928  ,  0.0789835  ,  5.77424    ])
1253    , -309.433    , array([ 1.04492    ,  0.228285   ,  0.0668696  ,  0.0793738  ,  5.75461    ])
1254    , -308.298    , array([ 1.04542    ,  0.216893   ,  0.0683627  ,  0.0917516  ,  5.86538    ])
1255    , -307.365    , array([ 1.04612    ,  0.218073   ,  0.0705091  ,  0.0836147  ,  6.02405    ])
1256    , -306.411    , array([ 1.04735    ,  0.220155   ,  0.0744287  ,  0.0829088  ,  6.31213    ])
1257    , -308.074    , array([ 1.04759    ,  0.220573   ,  0.0752384  ,  0.0827684  ,  5.65563    ])
1258    , -307.889    , array([ 1.04603    ,  0.223271   ,  0.0806331  ,  0.081875   ,  6.23323    ])
1259    , -307.069    , array([ 1.04746    ,  0.20742    ,  0.0822342  ,  0.0888201  ,  6.13608    ])
1260    , -309.983    , array([ 1.04778    ,  0.214449   ,  0.0866076  ,  0.0758461  ,  6.12983    ])
1261    , -307.017    , array([ 1.04601    ,  0.216279   ,  0.0725276  ,  0.087487   ,  5.93041    ])
1262    , -305.733    , array([ 1.04497    ,  0.209219   ,  0.0775463  ,  0.0859636  ,  6.47896    ])
1263    , -305.516    , array([ 1.04366    ,  0.203763   ,  0.0787266  ,  0.0876071  ,  6.93454    ])
1264    , -307.556    , array([ 1.04558    ,  0.199268   ,  0.0716688  ,  0.0892858  ,  6.13472    ])
1265    , -306.477    , array([ 1.04569    ,  0.205016   ,  0.0738118  ,  0.0873725  ,  6.1592     ])
1266    , -305.643    , array([ 1.04751    ,  0.213424   ,  0.0800619  ,  0.0930996  ,  6.95946    ])
1267    , -307.569    , array([ 1.04463    ,  0.215928   ,  0.0699704  ,  0.0864672  ,  6.77111    ])
1268    , -306.097    , array([ 1.04675    ,  0.209515   ,  0.0789801  ,  0.0882259  ,  6.28902    ])
1269    , -305.57     , array([ 1.04638    ,  0.204467   ,  0.0820861  ,  0.0880805  ,  7.17243    ])
1270    , -306.441    , array([ 1.04696    ,  0.21547    ,  0.0841597  ,  0.0884812  ,  7.33978    ])
1271    , -305.779    , array([ 1.04665    ,  0.212807   ,  0.0814441  ,  0.0882027  ,  7.02495    ])
likelihood = -305.52
theta = 174.72
Optimized parameters = [1.04366406 0.20376312 0.07872663 0.0876071  6.93453601]

Round_4_Replicate_5
1272    , -333.093    , array([ 0.681532   ,  0.149338   ,  0.143556   ,  0.0852482  ,  2.5208     ])
1273    , -331.044    , array([ 0.668591   ,  0.149338   ,  0.143556   ,  0.0852482  ,  2.5208     ])
1274    , -326.206    , array([ 0.681532   ,  0.135793   ,  0.143556   ,  0.0852482  ,  2.5208     ])
1275    , -323.801    , array([ 0.681532   ,  0.149338   ,  0.130278   ,  0.0852482  ,  2.5208     ])
1276    , -333.335    , array([ 0.681532   ,  0.149338   ,  0.143556   ,  0.0753737  ,  2.5208     ])
1277    , -330.587    , array([ 0.681532   ,  0.149338   ,  0.143556   ,  0.0852482  ,  2.64007    ])
1278    , -324.125    , array([ 0.676326   ,  0.143765   ,  0.13809    ,  0.0964165  ,  2.56785    ])
1279    , -321.361    , array([ 0.674255   ,  0.141594   ,  0.135962   ,  0.0895513  ,  2.58691    ])
1280    , -317.008    , array([ 0.670645   ,  0.137875   ,  0.132317   ,  0.0917836  ,  2.62062    ])
1281    , -318.47     , array([ 0.688149   ,  0.137142   ,  0.1316     ,  0.0922366  ,  2.62741    ])
1282    , -316.064    , array([ 0.677697   ,  0.132548   ,  0.127101   ,  0.0951899  ,  2.50389    ])
1283    , -313.988    , array([ 0.675787   ,  0.124875   ,  0.119595   ,  0.100587   ,  2.43846    ])
1284    , -313.719    , array([ 0.675406   ,  0.140962   ,  0.118148   ,  0.101703   ,  2.58775    ])
1285    , -312.463    , array([ 0.672363   ,  0.14362    ,  0.107184   ,  0.111086   ,  2.62189    ])
1286    , -312.363    , array([ 0.679007   ,  0.133093   ,  0.110987   ,  0.0951636  ,  2.5616     ])
1287    , -314.564    , array([ 0.680351   ,  0.128057   ,  0.0995013  ,  0.0945433  ,  2.55848    ])
1288    , -311.655    , array([ 0.67282    ,  0.122358   ,  0.110337   ,  0.112474   ,  2.62621    ])
1289    , -317.891    , array([ 0.668505   ,  0.110755   ,  0.101543   ,  0.129191   ,  2.68056    ])
1290    , -313.705    , array([ 0.660373   ,  0.127295   ,  0.101795   ,  0.112536   ,  2.5192     ])
1291    , -320.253    , array([ 0.673438   ,  0.12264    ,  0.0911612  ,  0.122699   ,  2.48617    ])
1292    , -312.547    , array([ 0.671342   ,  0.133897   ,  0.120549   ,  0.0986925  ,  2.58634    ])
1293    , -312.003    , array([ 0.666552   ,  0.139238   ,  0.10118    ,  0.111111   ,  2.73556    ])
1294    , -312.65     , array([ 0.684656   ,  0.141579   ,  0.118584   ,  0.0988092  ,  2.73661    ])
1295    , -311.463    , array([ 0.678503   ,  0.137865   ,  0.114144   ,  0.102075   ,  2.68056    ])
1296    , -313.173    , array([ 0.676334   ,  0.13618    ,  0.0979723  ,  0.114198   ,  2.70399    ])
1297    , -311.488    , array([ 0.672587   ,  0.134464   ,  0.114459   ,  0.102359   ,  2.61526    ])
1298    , -311.117    , array([ 0.675397   ,  0.123659   ,  0.113122   ,  0.0981915  ,  2.66462    ])
1299    , -312.399    , array([ 0.676919   ,  0.114744   ,  0.116213   ,  0.092317   ,  2.68625    ])
1300    , -309.76     , array([ 0.667364   ,  0.129574   ,  0.110081   ,  0.116065   ,  2.7707     ])
1301    , -309.23     , array([ 0.661618   ,  0.127849   ,  0.109631   ,  0.128179   ,  2.88157    ])
likelihood = -309.23
theta = 295.74
Optimized parameters = [0.6616177  0.12784915 0.10963051 0.1281792  2.88157464]

Round_1_Replicate_1
2155    , -10378.5    , array([ 6.31385    ,  5.5312     ,  0.371118   ,  1.02785    ,  7.32602    ])
2156    , -10578.1    , array([ 6.92324    ,  5.5312     ,  0.371118   ,  1.02785    ,  7.32602    ])
2157    , -10659.3    , array([ 6.31385    ,  6.02505    ,  0.371118   ,  1.02785    ,  7.32602    ])
2158    , -10124.8    , array([ 6.31385    ,  5.5312     ,  0.353173   ,  1.02785    ,  7.32602    ])
2159    , -10378.4    , array([ 6.31385    ,  5.5312     ,  0.371118   ,  1.02927    ,  7.32602    ])
2160    , -10352.8    , array([ 6.31385    ,  5.5312     ,  0.371118   ,  1.02785    ,  8.09303    ])
2161    , -10049.7    , array([ 6.55089    ,  5.07784    ,  0.363833   ,  1.02842    ,  7.62369    ])
2162    , -9722.93    , array([ 6.67272    ,  4.66163    ,  0.360245   ,  1.0287     ,  7.77703    ])
2163    , -9823.44    , array([ 5.88685    ,  5.16543    ,  0.359531   ,  1.02876    ,  7.80807    ])
likelihood = -9722.93
theta = 38.62
Optimized parameters = [6.67272447 4.66162908 0.3602447  1.028702   7.7770349 ]

Round_1_Replicate_2
2164    , -4023.27    , array([ 1.69285    ,  0.187502   ,  1.52664    ,  0.20898    ,  4.86992    ])
2165    , -4042       , array([ 1.738      ,  0.187502   ,  1.52664    ,  0.20898    ,  4.86992    ])
2166    , -3865.71    , array([ 1.69285    ,  0.172447   ,  1.52664    ,  0.20898    ,  4.86992    ])
2167    , -4079.81    , array([ 1.69285    ,  0.187502   ,  1.55928    ,  0.20898    ,  4.86992    ])
2168    , -4023.27    , array([ 1.69285    ,  0.187502   ,  1.52664    ,  0.193246   ,  4.86992    ])
2169    , -4023.26    , array([ 1.69285    ,  0.187502   ,  1.52664    ,  0.20898    ,  5.27106    ])
2170    , -3911.83    , array([ 1.71077    ,  0.181328   ,  1.49469    ,  0.202538   ,  5.02658    ])
2171    , -3896.32    , array([ 1.65584    ,  0.178916   ,  1.51378    ,  0.200018   ,  5.09065    ])
likelihood = -3865.71
theta = 292.88
Optimized parameters = [1.69285319 0.17244688 1.52664289 0.20898016 4.86992413]

Round_1_Replicate_3
2172    , -11394.5    , array([ 0.577986   ,  0.695373   ,  4.15828    ,  0.141775   ,  0.218495   ])
2173    , -11341.8    , array([ 0.562358   ,  0.695373   ,  4.15828    ,  0.141775   ,  0.218495   ])
2174    , -11330.8    , array([ 0.577986   ,  0.682856   ,  4.15828    ,  0.141775   ,  0.218495   ])
2175    , -11786.9    , array([ 0.577986   ,  0.695373   ,  4.46539    ,  0.141775   ,  0.218495   ])
2176    , -11404.7    , array([ 0.577986   ,  0.695373   ,  4.15828    ,  0.128582   ,  0.218495   ])
2177    , -11370.5    , array([ 0.577986   ,  0.695373   ,  4.15828    ,  0.141775   ,  0.202495   ])
2178    , -10954.2    , array([ 0.571683   ,  0.690339   ,  3.87229    ,  0.136342   ,  0.211949   ])
2179    , -10544      , array([ 0.568558   ,  0.687835   ,  3.60597    ,  0.133705   ,  0.208749   ])
2180    , -10981.7    , array([ 0.567935   ,  0.687336   ,  3.92787    ,  0.1527     ,  0.208115   ])
likelihood = -10543.98
theta = 272.55
Optimized parameters = [0.56855776 0.68783537 3.60597111 0.1337047  0.20874943]

Round_1_Replicate_4
2181    , -16476.8    , array([ 0.50771    ,  1.83515    ,  7.06726    ,  1.83065    ,  3.9043     ])
2182    , -16377.1    , array([ 0.490791   ,  1.83515    ,  7.06726    ,  1.83065    ,  3.9043     ])
2183    , -16531.8    , array([ 0.50771    ,  1.89172    ,  7.06726    ,  1.83065    ,  3.9043     ])
2184    , -16944.7    , array([ 0.50771    ,  1.83515    ,  7.79316    ,  1.83065    ,  3.9043     ])
2185    , -16477.6    , array([ 0.50771    ,  1.83515    ,  7.06726    ,  1.88684    ,  3.9043     ])
2186    , -16475.8    , array([ 0.50771    ,  1.83515    ,  7.06726    ,  1.83065    ,  4.17946    ])
2187    , -15990.9    , array([ 0.500874   ,  1.85757    ,  6.40897    ,  1.85292    ,  4.01212    ])
2188    , -15514.6    , array([ 0.49749    ,  1.86889    ,  5.812      ,  1.86416    ,  4.06714    ])
2189    , -15994.8    , array([ 0.496816   ,  1.7933     ,  6.53553    ,  1.86642    ,  4.07823    ])
likelihood = -15514.55
theta = 155.16
Optimized parameters = [0.49749023 1.86888586 5.81200161 1.86416115 4.06713907]

Round_1_Replicate_5
2190    , -1411.03    , array([ 0.198558   ,  0.511168   ,  0.186983   ,  0.403384   ,  0.471554   ])
2191    , -1446.13    , array([ 0.18314    ,  0.511168   ,  0.186983   ,  0.403384   ,  0.471554   ])
2192    , -1371.47    , array([ 0.198558   ,  0.494302   ,  0.186983   ,  0.403384   ,  0.471554   ])
2193    , -1383.02    , array([ 0.198558   ,  0.511168   ,  0.171946   ,  0.403384   ,  0.471554   ])
2194    , -1419.41    , array([ 0.198558   ,  0.511168   ,  0.186983   ,  0.385483   ,  0.471554   ])
2195    , -1415.68    , array([ 0.198558   ,  0.511168   ,  0.186983   ,  0.403384   ,  0.45416    ])
2196    , -1355.8     , array([ 0.215275   ,  0.504353   ,  0.180816   ,  0.396126   ,  0.464518   ])
2197    , -1314.43    , array([ 0.233399   ,  0.50098    ,  0.17781    ,  0.392546   ,  0.461039   ])
2198    , -1337.36    , array([ 0.211823   ,  0.500308   ,  0.177214   ,  0.417543   ,  0.460346   ])
likelihood = -1314.43
theta = 343.2
Optimized parameters = [0.23339921 0.50098032 0.17780975 0.39254593 0.46103912]

Round_1_Replicate_6
2199    , -2527.65    , array([ 0.21924    ,  1.76621    ,  0.155662   ,  1.38432    ,  0.278972   ])
2200    , -2563.82    , array([ 0.20322    ,  1.76621    ,  0.155662   ,  1.38432    ,  0.278972   ])
2201    , -2566.34    , array([ 0.21924    ,  1.81717    ,  0.155662   ,  1.38432    ,  0.278972   ])
2202    , -2470.68    , array([ 0.21924    ,  1.76621    ,  0.141838   ,  1.38432    ,  0.278972   ])
2203    , -2521.5     , array([ 0.21924    ,  1.76621    ,  0.155662   ,  1.40702    ,  0.278972   ])
2204    , -2515.18    , array([ 0.21924    ,  1.76621    ,  0.155662   ,  1.38432    ,  0.261721   ])
2205    , -2473.36    , array([ 0.212686   ,  1.71669    ,  0.149978   ,  1.39336    ,  0.271939   ])
2206    , -2439.96    , array([ 0.233669   ,  1.74623    ,  0.147762   ,  1.39699    ,  0.269176   ])
2207    , -2380.26    , array([ 0.250564   ,  1.73633    ,  0.143964   ,  1.40336    ,  0.264408   ])
likelihood = -2380.26
theta = 158.9
Optimized parameters = [0.25056413 1.7363275  0.14396411 1.40336202 0.26440786]

Round_1_Replicate_7
2208    , -14938.6    , array([ 0.366379   ,  3.17929    ,  5.04793    ,  1.91449    ,  0.247834   ])
2209    , -14804.9    , array([ 0.34844    ,  3.17929    ,  5.04793    ,  1.91449    ,  0.247834   ])
2210    , -15008.5    , array([ 0.366379   ,  3.36858    ,  5.04793    ,  1.91449    ,  0.247834   ])
2211    , -15282.8    , array([ 0.366379   ,  3.17929    ,  5.47355    ,  1.91449    ,  0.247834   ])
2212    , -14946.5    , array([ 0.366379   ,  3.17929    ,  5.04793    ,  1.97767    ,  0.247834   ])
2213    , -14941.2    , array([ 0.366379   ,  3.17929    ,  5.04793    ,  1.91449    ,  0.231136   ])
2214    , -14575.7    , array([ 0.359095   ,  3.25369    ,  4.65541    ,  1.93952    ,  0.241015   ])
2215    , -14226.2    , array([ 0.355508   ,  3.29155    ,  4.29341    ,  1.95215    ,  0.237676   ])
2216    , -14530      , array([ 0.354794   ,  3.04258    ,  4.73139    ,  1.95469    ,  0.237014   ])
likelihood = -14226.22
theta = 111.89
Optimized parameters = [0.3555077  3.29154638 4.29340574 1.95215261 0.23767578]

Round_1_Replicate_8
2217    , -7517.78    , array([ 0.149523   ,  0.246898   ,  5.86872    ,  0.273256   ,  0.2229     ])
2218    , -7428.31    , array([ 0.13597    ,  0.246898   ,  5.86872    ,  0.273256   ,  0.2229     ])
2219    , -7263.55    , array([ 0.149523   ,  0.23022    ,  5.86872    ,  0.273256   ,  0.2229     ])
2220    , -7939.97    , array([ 0.149523   ,  0.246898   ,  6.41166    ,  0.273256   ,  0.2229     ])
2221    , -7517.95    , array([ 0.149523   ,  0.246898   ,  5.86872    ,  0.256093   ,  0.2229     ])
2222    , -7507.86    , array([ 0.149523   ,  0.246898   ,  5.86872    ,  0.273256   ,  0.206783   ])
2223    , -6964.15    , array([ 0.143947   ,  0.240087   ,  5.37175    ,  0.266257   ,  0.216308   ])
2224    , -6492.12    , array([ 0.141237   ,  0.236752   ,  4.91687    ,  0.262825   ,  0.213085   ])
2225    , -6961.73    , array([ 0.140702   ,  0.236091   ,  5.46766    ,  0.287065   ,  0.212447   ])
likelihood = -6492.12
theta = 554.96
Optimized parameters = [0.1412374  0.23675196 4.91687094 0.26282515 0.21308526]

Round_1_Replicate_9
2226    , -7138.51    , array([ 2.31876    ,  2.5545     ,  0.696249   ,  2.62334    ,  0.377558   ])
2227    , -7177.58    , array([ 2.41835    ,  2.5545     ,  0.696249   ,  2.62334    ,  0.377558   ])
2228    , -7296.84    , array([ 2.31876    ,  2.67714    ,  0.696249   ,  2.62334    ,  0.377558   ])
2229    , -7045.92    , array([ 2.31876    ,  2.5545     ,  0.683758   ,  2.62334    ,  0.377558   ])
2230    , -7088.59    , array([ 2.31876    ,  2.5545     ,  0.696249   ,  2.75295    ,  0.377558   ])
2231    , -7033.61    , array([ 2.31876    ,  2.5545     ,  0.696249   ,  2.62334    ,  0.359611   ])
2232    , -6897.06    , array([ 2.35809    ,  2.43747    ,  0.691225   ,  2.67443    ,  0.370274   ])
2233    , -6698.63    , array([ 2.37801    ,  2.32581    ,  0.688727   ,  2.70035    ,  0.366685   ])
2234    , -6827.09    , array([ 2.24582    ,  2.46044    ,  0.688229   ,  2.70557    ,  0.365971   ])
likelihood = -6698.63
theta = 87.2
Optimized parameters = [2.37800754 2.325813   0.68872742 2.70035266 0.36668477]

Round_1_Replicate_10
2235    , -3555.45    , array([ 4.63021    ,  0.201242   ,  0.906968   ,  1.94496    ,  1.96012    ])
2236    , -3587.56    , array([ 4.99897    ,  0.201242   ,  0.906968   ,  1.94496    ,  1.96012    ])
2237    , -3446.93    , array([ 4.63021    ,  0.185739   ,  0.906968   ,  1.94496    ,  1.96012    ])
2238    , -3546.13    , array([ 4.63021    ,  0.201242   ,  0.90255    ,  1.94496    ,  1.96012    ])
2239    , -3557.34    , array([ 4.63021    ,  0.201242   ,  0.906968   ,  2.01075    ,  1.96012    ])
2240    , -3555.08    , array([ 4.63021    ,  0.201242   ,  0.906968   ,  1.94496    ,  2.0272     ])
2241    , -3474.2     , array([ 4.28865    ,  0.194891   ,  0.905198   ,  1.97101    ,  1.98668    ])
2242    , -3473.63    , array([ 4.49044    ,  0.192407   ,  0.904491   ,  1.89137    ,  1.9974     ])
likelihood = -3446.93
theta = 158.66
Optimized parameters = [4.63021164 0.18573928 0.90696751 1.94496375 1.96011624]

Round_2_Replicate_1
2243    , -2992.72    , array([ 0.297395   ,  0.613622   ,  0.353225   ,  0.110922   ,  0.15239    ])
2244    , -2944.7     , array([ 0.279898   ,  0.613622   ,  0.353225   ,  0.110922   ,  0.15239    ])
2245    , -2950.82    , array([ 0.297395   ,  0.59882    ,  0.353225   ,  0.110922   ,  0.15239    ])
2246    , -2952.4     , array([ 0.297395   ,  0.613622   ,  0.335316   ,  0.110922   ,  0.15239    ])
2247    , -3074.26    , array([ 0.297395   ,  0.613622   ,  0.353225   ,  0.099373   ,  0.15239    ])
2248    , -3069.33    , array([ 0.297395   ,  0.613622   ,  0.353225   ,  0.110922   ,  0.138709   ])
2249    , -2884.38    , array([ 0.290268   ,  0.607658   ,  0.345949   ,  0.123813   ,  0.146763   ])
2250    , -2784.02    , array([ 0.28677    ,  0.604697   ,  0.342368   ,  0.138203   ,  0.144028   ])
2251    , -2793.43    , array([ 0.286075   ,  0.604107   ,  0.341656   ,  0.12112    ,  0.163683   ])
2252    , -2782.73    , array([ 0.281669   ,  0.600342   ,  0.337135   ,  0.125458   ,  0.15331    ])
2253    , -2683.21    , array([ 0.27412    ,  0.593811   ,  0.329367   ,  0.133425   ,  0.153773   ])
2254    , -2718.54    , array([ 0.272635   ,  0.592513   ,  0.352608   ,  0.135078   ,  0.153865   ])
likelihood = -2683.21
theta = 322.6
Optimized parameters = [0.2741202  0.59381076 0.32936743 0.13342469 0.15377255]

Round_2_Replicate_2
2255    , -1990.21    , array([ 0.210224   ,  0.815757   ,  0.143845   ,  0.324231   ,  0.327894   ])
2256    , -2020.66    , array([ 0.194454   ,  0.815757   ,  0.143845   ,  0.324231   ,  0.327894   ])
2257    , -1977.09    , array([ 0.210224   ,  0.807493   ,  0.143845   ,  0.324231   ,  0.327894   ])
2258    , -1955.48    , array([ 0.210224   ,  0.815757   ,  0.130553   ,  0.324231   ,  0.327894   ])
2259    , -2006.09    , array([ 0.210224   ,  0.815757   ,  0.143845   ,  0.306477   ,  0.327894   ])
2260    , -2000.15    , array([ 0.210224   ,  0.815757   ,  0.143845   ,  0.324231   ,  0.310113   ])
2261    , -1954.42    , array([ 0.227273   ,  0.812442   ,  0.138373   ,  0.317009   ,  0.320662   ])
2262    , -1927.96    , array([ 0.245705   ,  0.810789   ,  0.135716   ,  0.313459   ,  0.317107   ])
2263    , -1930.71    , array([ 0.223756   ,  0.810459   ,  0.13519    ,  0.338409   ,  0.3164     ])
2264    , -1909.61    , array([ 0.22941    ,  0.808349   ,  0.131876   ,  0.325402   ,  0.337238   ])
2265    , -1865.3     , array([ 0.23965    ,  0.80467    ,  0.126271   ,  0.325989   ,  0.351678   ])
2266    , -1873.32    , array([ 0.241752   ,  0.803936   ,  0.125179   ,  0.326106   ,  0.328011   ])
likelihood = -1865.3
theta = 276.74
Optimized parameters = [0.23964952 0.80467    0.12627106 0.32598875 0.35167805]

Round_2_Replicate_3
2267    , -3215.61    , array([ 0.224784   ,  1.14786    ,  0.355301   ,  0.276982   ,  0.753783   ])
2268    , -3231.22    , array([ 0.208619   ,  1.14786    ,  0.355301   ,  0.276982   ,  0.753783   ])
2269    , -3228.82    , array([ 0.224784   ,  1.15581    ,  0.355301   ,  0.276982   ,  0.753783   ])
2270    , -3135.44    , array([ 0.224784   ,  1.14786    ,  0.337385   ,  0.276982   ,  0.753783   ])
2271    , -3220.52    , array([ 0.224784   ,  1.14786    ,  0.355301   ,  0.259761   ,  0.753783   ])
2272    , -3216.34    , array([ 0.224784   ,  1.14786    ,  0.355301   ,  0.276982   ,  0.743205   ])
2273    , -3177.42    , array([ 0.242202   ,  1.15103    ,  0.348023   ,  0.269961   ,  0.749534   ])
2274    , -3156.91    , array([ 0.231596   ,  1.14123    ,  0.345154   ,  0.267202   ,  0.747841   ])
2275    , -3139.3     , array([ 0.234378   ,  1.14647    ,  0.341177   ,  0.288154   ,  0.745477   ])
2276    , -3113.59    , array([ 0.238329   ,  1.14592    ,  0.335686   ,  0.274546   ,  0.757011   ])
2277    , -3063.55    , array([ 0.245404   ,  1.14494    ,  0.326288   ,  0.273337   ,  0.76401    ])
likelihood = -3063.55
theta = 221.8
Optimized parameters = [0.24540442 1.14494201 0.32628808 0.2733365  0.76401044]

Round_2_Replicate_4
2278    , -1220.54    , array([ 0.091275   ,  0.218484   ,  0.0869274  ,  0.562022   ,  1.80115    ])
2279    , -1303.42    , array([ 0.0809784  ,  0.218484   ,  0.0869274  ,  0.562022   ,  1.80115    ])
2280    , -1203.73    , array([ 0.091275   ,  0.202484   ,  0.0869274  ,  0.562022   ,  1.80115    ])
2281    , -1250.88    , array([ 0.091275   ,  0.218484   ,  0.0769334  ,  0.562022   ,  1.80115    ])
2282    , -1219.44    , array([ 0.091275   ,  0.218484   ,  0.0869274  ,  0.546061   ,  1.80115    ])
2283    , -1223.36    , array([ 0.091275   ,  0.218484   ,  0.0869274  ,  0.562022   ,  1.85493    ])
2284    , -1145.35    , array([ 0.102881   ,  0.211937   ,  0.0827828  ,  0.555582   ,  1.82247    ])
2285    , -1069.46    , array([ 0.115962   ,  0.208738   ,  0.0807852  ,  0.55239    ,  1.83322    ])
2286    , -1122.96    , array([ 0.100447   ,  0.208104   ,  0.0953826  ,  0.551754   ,  1.83538    ])
2287    , -1110.65    , array([ 0.104369   ,  0.204092   ,  0.0876096  ,  0.547699   ,  1.77464    ])
2288    , -1070.96    , array([ 0.110118   ,  0.198604   ,  0.0878839  ,  0.542073   ,  1.81682    ])
likelihood = -1069.46
theta = 384.22
Optimized parameters = [0.11596222 0.20873822 0.08078517 0.55239002 1.83322468]

Round_2_Replicate_5
2289    , -1285.28    , array([ 0.155042   ,  0.363669   ,  0.125494   ,  0.101658   ,  0.386323   ])
2290    , -1337.21    , array([ 0.141244   ,  0.363669   ,  0.125494   ,  0.101658   ,  0.386323   ])
2291    , -1232.34    , array([ 0.155042   ,  0.345734   ,  0.125494   ,  0.101658   ,  0.386323   ])
2292    , -1275.11    , array([ 0.155042   ,  0.363669   ,  0.113123   ,  0.101658   ,  0.386323   ])
2293    , -1293.98    , array([ 0.155042   ,  0.363669   ,  0.125494   ,  0.0906775  ,  0.386323   ])
2294    , -1298.59    , array([ 0.155042   ,  0.363669   ,  0.125494   ,  0.101658   ,  0.368382   ])
2295    , -1221.03    , array([ 0.170187   ,  0.356386   ,  0.120391   ,  0.0971148  ,  0.379044   ])
2296    , -1171.21    , array([ 0.186812   ,  0.352799   ,  0.117918   ,  0.0949198  ,  0.375456   ])
2297    , -1201.32    , array([ 0.167044   ,  0.352086   ,  0.117429   ,  0.0944868  ,  0.400541   ])
2298    , -1169.93    , array([ 0.172101   ,  0.347557   ,  0.114351   ,  0.107687   ,  0.387501   ])
2299    , -1110.77    , array([ 0.181322   ,  0.339771   ,  0.109156   ,  0.117353   ,  0.388091   ])
2300    , -1111.97    , array([ 0.183225   ,  0.338235   ,  0.108146   ,  0.101733   ,  0.388209   ])
likelihood = -1110.77
theta = 438.13
Optimized parameters = [0.18132226 0.33977083 0.10915627 0.11735291 0.38809098]

Round_2_Replicate_6
2301    , -3494.01    , array([ 0.192132   ,  0.877556   ,  0.491505   ,  0.138253   ,  0.189173   ])
2302    , -3480.28    , array([ 0.176921   ,  0.877556   ,  0.491505   ,  0.138253   ,  0.189173   ])
2303    , -3482.57    , array([ 0.192132   ,  0.871844   ,  0.491505   ,  0.138253   ,  0.189173   ])
2304    , -3447.36    , array([ 0.192132   ,  0.877556   ,  0.474356   ,  0.138253   ,  0.189173   ])
2305    , -3531.88    , array([ 0.192132   ,  0.877556   ,  0.491505   ,  0.12523    ,  0.189173   ])
2306    , -3511.29    , array([ 0.192132   ,  0.877556   ,  0.491505   ,  0.138253   ,  0.174061   ])
2307    , -3431.34    , array([ 0.185896   ,  0.875267   ,  0.484572   ,  0.15263    ,  0.182976   ])
2308    , -3379.16    , array([ 0.182855   ,  0.874125   ,  0.481143   ,  0.168503   ,  0.179955   ])
2309    , -3408.16    , array([ 0.182253   ,  0.873896   ,  0.48046    ,  0.14964    ,  0.201529   ])
2310    , -3388.32    , array([ 0.178445   ,  0.872436   ,  0.476111   ,  0.154453   ,  0.190183   ])
2311    , -3365.49    , array([ 0.173247   ,  0.878391   ,  0.47009    ,  0.161453   ,  0.190589   ])
2312    , -3316.1     , array([ 0.164513   ,  0.881683   ,  0.459735   ,  0.174474   ,  0.191301   ])
likelihood = -3316.1
theta = 284.87
Optimized parameters = [0.16451281 0.88168332 0.45973456 0.17447408 0.19130114]

Round_2_Replicate_7
2313    , -2404.29    , array([ 0.112456   ,  1.20065    ,  0.0662705  ,  0.584509   ,  0.48372    ])
2314    , -2476.64    , array([ 0.100817   ,  1.20065    ,  0.0662705  ,  0.584509   ,  0.48372    ])
2315    , -2414.26    , array([ 0.112456   ,  1.21168    ,  0.0662705  ,  0.584509   ,  0.48372    ])
2316    , -2388.95    , array([ 0.112456   ,  1.20065    ,  0.057861   ,  0.584509   ,  0.48372    ])
2317    , -2409.89    , array([ 0.112456   ,  1.20065    ,  0.0662705  ,  0.569024   ,  0.48372    ])
2318    , -2408.25    , array([ 0.112456   ,  1.20065    ,  0.0662705  ,  0.584509   ,  0.46647    ])
2319    , -2334.66    , array([ 0.125439   ,  1.20505    ,  0.0627692  ,  0.578265   ,  0.476745   ])
2320    , -2266.41    , array([ 0.139921   ,  1.20726    ,  0.0610885  ,  0.575169   ,  0.473295   ])
2321    , -2335.84    , array([ 0.122728   ,  1.19234    ,  0.0607578  ,  0.574551   ,  0.472608   ])
2322    , -2310.93    , array([ 0.127095   ,  1.19995    ,  0.0586834  ,  0.592473   ,  0.468235   ])
2323    , -2274.44    , array([ 0.133471   ,  1.19967    ,  0.0558976  ,  0.579907   ,  0.486284   ])
likelihood = -2266.41
theta = 219.37
Optimized parameters = [0.13992144 1.20725663 0.06108852 0.57516856 0.47329471]

Round_2_Replicate_8
2324    , -1484.9     , array([ 0.395681   ,  0.253568   ,  0.639004   ,  0.281061   ,  0.742616   ])
2325    , -1468.83    , array([ 0.377757   ,  0.253568   ,  0.639004   ,  0.281061   ,  0.742616   ])
2326    , -1401.35    , array([ 0.395681   ,  0.236755   ,  0.639004   ,  0.281061   ,  0.742616   ])
2327    , -1454.25    , array([ 0.395681   ,  0.253568   ,  0.624855   ,  0.281061   ,  0.742616   ])
2328    , -1488.31    , array([ 0.395681   ,  0.253568   ,  0.639004   ,  0.263779   ,  0.742616   ])
2329    , -1485.14    , array([ 0.395681   ,  0.253568   ,  0.639004   ,  0.281061   ,  0.731648   ])
2330    , -1428.73    , array([ 0.388411   ,  0.246704   ,  0.633306   ,  0.299475   ,  0.738209   ])
2331    , -1409.98    , array([ 0.385541   ,  0.244011   ,  0.631041   ,  0.288286   ,  0.751955   ])
2332    , -1381.12    , array([ 0.381558   ,  0.24029    ,  0.627884   ,  0.291229   ,  0.744563   ])
2333    , -1331.64    , array([ 0.374687   ,  0.233914   ,  0.622397   ,  0.296449   ,  0.745538   ])
2334    , -1343.94    , array([ 0.39836    ,  0.232659   ,  0.621305   ,  0.297505   ,  0.745734   ])
likelihood = -1331.64
theta = 431.18
Optimized parameters = [0.37468706 0.23391354 0.6223968  0.29644947 0.74553838]

Round_2_Replicate_9
2335    , -3405.1     , array([ 0.0919597  ,  0.945035   ,  0.496962   ,  0.308489   ,  0.121357   ])
2336    , -3458.18    , array([ 0.0816164  ,  0.945035   ,  0.496962   ,  0.308489   ,  0.121357   ])
2337    , -3400.69    , array([ 0.0919597  ,  0.942367   ,  0.496962   ,  0.308489   ,  0.121357   ])
2338    , -3367.41    , array([ 0.0919597  ,  0.945035   ,  0.479888   ,  0.308489   ,  0.121357   ])
2339    , -3428.85    , array([ 0.0919597  ,  0.945035   ,  0.496962   ,  0.290872   ,  0.121357   ])
2340    , -3375.42    , array([ 0.0919597  ,  0.945035   ,  0.496962   ,  0.308489   ,  0.109211   ])
2341    , -3336.35    , array([ 0.103614   ,  0.943967   ,  0.490061   ,  0.301317   ,  0.116344   ])
2342    , -3281.66    , array([ 0.116745   ,  0.943433   ,  0.486646   ,  0.297795   ,  0.113916   ])
2343    , -3299.74    , array([ 0.10117    ,  0.943327   ,  0.485966   ,  0.322588   ,  0.113437   ])
2344    , -3283.62    , array([ 0.105108   ,  0.942644   ,  0.481636   ,  0.309652   ,  0.110415   ])
2345    , -3242.48    , array([ 0.11088    ,  0.945424   ,  0.475638   ,  0.310119   ,  0.10632    ])
2346    , -3167.7     , array([ 0.121753   ,  0.946956   ,  0.465322   ,  0.310937   ,  0.0995158  ])
likelihood = -3167.7
theta = 278.66
Optimized parameters = [0.12175267 0.94695573 0.46532209 0.31093659 0.09951581]

Round_2_Replicate_10
2347    , -4732.09    , array([ 0.109797   ,  1.49098    ,  0.614499   ,  0.124606   ,  0.175042   ])
2348    , -4741.74    , array([ 0.0983153  ,  1.49098    ,  0.614499   ,  0.124606   ,  0.175042   ])
2349    , -4763.5     , array([ 0.109797   ,  1.52105    ,  0.614499   ,  0.124606   ,  0.175042   ])
2350    , -4689.75    , array([ 0.109797   ,  1.49098    ,  0.599718   ,  0.124606   ,  0.175042   ])
2351    , -4747.54    , array([ 0.109797   ,  1.49098    ,  0.614499   ,  0.112284   ,  0.175042   ])
2352    , -4716.82    , array([ 0.109797   ,  1.49098    ,  0.614499   ,  0.124606   ,  0.160435   ])
2353    , -4687.52    , array([ 0.105052   ,  1.46149    ,  0.608543   ,  0.119523   ,  0.169046   ])
2354    , -4650.79    , array([ 0.102756   ,  1.4326     ,  0.605587   ,  0.117059   ,  0.166125   ])
2355    , -4663.05    , array([ 0.102303   ,  1.46734    ,  0.604997   ,  0.134868   ,  0.165547   ])
2356    , -4643.38    , array([ 0.116083   ,  1.458      ,  0.601238   ,  0.125439   ,  0.161895   ])
2357    , -4602.76    , array([ 0.126137   ,  1.44178    ,  0.594716   ,  0.125858   ,  0.155697   ])
2358    , -4594.02    , array([ 0.109875   ,  1.43856    ,  0.59342    ,  0.125942   ,  0.154486   ])
2359    , -4527.01    , array([ 0.109914   ,  1.41305    ,  0.583153   ,  0.126615   ,  0.145132   ])
likelihood = -4527.01
theta = 242.16
Optimized parameters = [0.10991372 1.41304602 0.58315313 0.12661531 0.14513246]

Round_3_Replicate_1
2360    , -802.11     , array([ 0.226871   ,  0.0531075  ,  0.0699791  ,  0.799773   ,  2.01064    ])
2361    , -840.273    , array([ 0.210653   ,  0.0531075  ,  0.0699791  ,  0.799773   ,  2.01064    ])
2362    , -830.468    , array([ 0.226871   ,  0.0458578  ,  0.0699791  ,  0.799773   ,  2.01064    ])
2363    , -848.067    , array([ 0.226871   ,  0.0531075  ,  0.0612656  ,  0.799773   ,  2.01064    ])
2364    , -801.208    , array([ 0.226871   ,  0.0531075  ,  0.0699791  ,  0.790888   ,  2.01064    ])
2365    , -807.658    , array([ 0.226871   ,  0.0531075  ,  0.0699791  ,  0.799773   ,  2.0821     ])
2366    , -782.337    , array([ 0.220239   ,  0.0500793  ,  0.0799318  ,  0.796207   ,  2.03892    ])
2367    , -747.157    , array([ 0.216996   ,  0.0486307  ,  0.0913001  ,  0.79443    ,  2.05321    ])
2368    , -757.703    , array([ 0.240027   ,  0.048346   ,  0.077834   ,  0.794076   ,  2.05608    ])
2369    , -738.308    , array([ 0.227951   ,  0.0571849  ,  0.0812176  ,  0.791808   ,  2.07455    ])
2370    , -695.392    , array([ 0.228492   ,  0.0638581  ,  0.0874965  ,  0.787855   ,  2.10726    ])
2371    , -713.327    , array([ 0.228601   ,  0.0531574  ,  0.0888094  ,  0.787067   ,  2.013      ])
2372    , -681.904    , array([ 0.229296   ,  0.0531773  ,  0.0976912  ,  0.782041   ,  2.08552    ])
2373    , -621.312    , array([ 0.230518   ,  0.0532123  ,  0.115425   ,  0.773323   ,  2.124      ])
2374    , -610.144    , array([ 0.230764   ,  0.0532193  ,  0.11934    ,  0.783753   ,  2.13178    ])
2375    , -516.824    , array([ 0.232735   ,  0.0532753  ,  0.155847   ,  0.78021    ,  2.19506    ])
2376    , -561.266    , array([ 0.215441   ,  0.0607758  ,  0.141644   ,  0.775126   ,  2.13992    ])
2377    , -509.061    , array([ 0.237621   ,  0.0660555  ,  0.143942   ,  0.767194   ,  2.17866    ])
2378    , -420.51     , array([ 0.248658   ,  0.0769854  ,  0.180736   ,  0.753927   ,  2.24423    ])
2379    , -424.601    , array([ 0.233276   ,  0.07008    ,  0.196622   ,  0.761161   ,  2.32097    ])
likelihood = -420.51
theta = 435.92
Optimized parameters = [0.2486576  0.07698544 0.18073554 0.75392745 2.24423441]

Round_3_Replicate_2
2380    , -379.873    , array([ 0.32164    ,  0.0812854  ,  0.0987825  ,  0.224793   ,  0.782905   ])
2381    , -392.426    , array([ 0.303906   ,  0.0812854  ,  0.0987825  ,  0.224793   ,  0.782905   ])
2382    , -387.127    , array([ 0.32164    ,  0.071699   ,  0.0987825  ,  0.224793   ,  0.782905   ])
2383    , -396.003    , array([ 0.32164    ,  0.0812854  ,  0.0879861  ,  0.224793   ,  0.782905   ])
2384    , -378.464    , array([ 0.32164    ,  0.0812854  ,  0.0987825  ,  0.208628   ,  0.782905   ])
2385    , -379.157    , array([ 0.32164    ,  0.0812854  ,  0.0987825  ,  0.224793   ,  0.773382   ])
2386    , -370.156    , array([ 0.314426   ,  0.0773059  ,  0.110904   ,  0.218182   ,  0.779082   ])
2387    , -357.892    , array([ 0.310879   ,  0.0753898  ,  0.124512   ,  0.21495    ,  0.777177   ])
2388    , -362.749    , array([ 0.335808   ,  0.0750124  ,  0.108366   ,  0.214309   ,  0.776797   ])
2389    , -359.32     , array([ 0.32281    ,  0.0865925  ,  0.112455   ,  0.210253   ,  0.774367   ])
2390    , -354.958    , array([ 0.323279   ,  0.0783372  ,  0.11844    ,  0.204704   ,  0.770979   ])
2391    , -344.113    , array([ 0.324102   ,  0.0769034  ,  0.12969    ,  0.195343   ,  0.765084   ])
2392    , -342.626    , array([ 0.324266   ,  0.0766198  ,  0.132065   ,  0.193523   ,  0.77711    ])
2393    , -328.383    , array([ 0.325587   ,  0.0743884  ,  0.152701   ,  0.179559   ,  0.778981   ])
2394    , -326.156    , array([ 0.325852   ,  0.07395    ,  0.1572     ,  0.196371   ,  0.766118   ])
2395    , -311.888    , array([ 0.327979   ,  0.0705344  ,  0.198307   ,  0.190516   ,  0.757859   ])
2396    , -319.773    , array([ 0.309174   ,  0.0781853  ,  0.182481   ,  0.182376   ,  0.764556   ])
2397    , -310.959    , array([ 0.316117   ,  0.0650183  ,  0.213416   ,  0.175612   ,  0.763053   ])
2398    , -311.518    , array([ 0.312823   ,  0.0563396  ,  0.294003   ,  0.160494   ,  0.757457   ])
2399    , -310.365    , array([ 0.33045    ,  0.070387   ,  0.239111   ,  0.158434   ,  0.754736   ])
2400    , -339.142    , array([ 0.340693   ,  0.0680115  ,  0.331355   ,  0.13602    ,  0.74376    ])
likelihood = -310.36
theta = 562.33
Optimized parameters = [0.33045024 0.07038699 0.2391109  0.15843362 0.75473615]

Round_3_Replicate_3
2401    , -1345.57    , array([ 0.0845379  ,  0.0622987  ,  0.0818746  ,  0.581966   ,  2.68053    ])
2402    , -1432.21    , array([ 0.0747143  ,  0.0622987  ,  0.0818746  ,  0.581966   ,  2.68053    ])
2403    , -1367.63    , array([ 0.0845379  ,  0.0542255  ,  0.0818746  ,  0.581966   ,  2.68053    ])
2404    , -1403.23    , array([ 0.0845379  ,  0.0622987  ,  0.0722448  ,  0.581966   ,  2.68053    ])
2405    , -1343.95    , array([ 0.0845379  ,  0.0622987  ,  0.0818746  ,  0.566425   ,  2.68053    ])
2406    , -1356.01    , array([ 0.0845379  ,  0.0622987  ,  0.0818746  ,  0.581966   ,  2.81599    ])
2407    , -1296.11    , array([ 0.095653   ,  0.0589344  ,  0.0778775  ,  0.575699   ,  2.73391    ])
2408    , -1230.89    , array([ 0.10823    ,  0.057321   ,  0.0759527  ,  0.572591   ,  2.761      ])
2409    , -1251.86    , array([ 0.0933188  ,  0.0570036  ,  0.0900429  ,  0.571972   ,  2.76645    ])
2410    , -1244.75    , array([ 0.0970815  ,  0.0668126  ,  0.0825329  ,  0.568022   ,  2.80159    ])
2411    , -1211.43    , array([ 0.102605   ,  0.0598045  ,  0.0827977  ,  0.562538   ,  2.66135    ])
2412    , -1141.82    , array([ 0.113039   ,  0.0585951  ,  0.0832631  ,  0.553069   ,  2.58725    ])
2413    , -1142.03    , array([ 0.11525    ,  0.0583562  ,  0.0833565  ,  0.551194   ,  2.75652    ])
2414    , -1067.3     , array([ 0.13046    ,  0.0568499  ,  0.0839568  ,  0.560176   ,  2.78752    ])
2415    , -942.244    , array([ 0.162066   ,  0.0543069  ,  0.0850177  ,  0.557078   ,  2.8426     ])
2416    , -1026.46    , array([ 0.147384   ,  0.0609379  ,  0.074607   ,  0.548921   ,  2.73043    ])
2417    , -960.423    , array([ 0.16742    ,  0.0501122  ,  0.0781741  ,  0.545226   ,  2.66858    ])
2418    , -865.294    , array([ 0.178806   ,  0.0553529  ,  0.0859318  ,  0.530383   ,  2.67119    ])
2419    , -710.999    , array([ 0.229826   ,  0.0543943  ,  0.0914027  ,  0.510461   ,  2.62738    ])
likelihood = -711.0
theta = 390.77
Optimized parameters = [0.22982641 0.0543943  0.09140271 0.51046053 2.6273821 ]

Round_3_Replicate_4
2420    , -1359.69    , array([ 0.10021    ,  0.226497   ,  0.033513   ,  0.434636   ,  1.5476     ])
2421    , -1441.35    , array([ 0.0893219  ,  0.226497   ,  0.033513   ,  0.434636   ,  1.5476     ])
2422    , -1349.44    , array([ 0.10021    ,  0.210288   ,  0.033513   ,  0.434636   ,  1.5476     ])
2423    , -1396.26    , array([ 0.10021    ,  0.226497   ,  0.0282796  ,  0.434636   ,  1.5476     ])
2424    , -1357.64    , array([ 0.10021    ,  0.226497   ,  0.033513   ,  0.4169     ,  1.5476     ])
2425    , -1363.32    , array([ 0.10021    ,  0.226497   ,  0.033513   ,  0.434636   ,  1.58177    ])
2426    , -1290.73    , array([ 0.112426   ,  0.219868   ,  0.0313125  ,  0.427453   ,  1.56118    ])
2427    , -1217.9     , array([ 0.126131   ,  0.216627   ,  0.030267   ,  0.423906   ,  1.56801    ])
2428    , -1260.9     , array([ 0.109869   ,  0.215985   ,  0.038129   ,  0.4232     ,  1.56938    ])
2429    , -1254.89    , array([ 0.113989   ,  0.211918   ,  0.0338792  ,  0.418711   ,  1.53066    ])
2430    , -1217.81    , array([ 0.120016   ,  0.206353   ,  0.0340267  ,  0.412505   ,  1.55758    ])
2431    , -1150.01    , array([ 0.131342   ,  0.196964   ,  0.0342866  ,  0.401865   ,  1.5626     ])
2432    , -1139.58    , array([ 0.133733   ,  0.195138   ,  0.0343388  ,  0.423782   ,  1.5636     ])
2433    , -1038.92    , array([ 0.15449    ,  0.181126   ,  0.0347592  ,  0.427265   ,  1.57166    ])
2434    , -1024.91    , array([ 0.159013   ,  0.197995   ,  0.034844   ,  0.403717   ,  1.57328    ])
2435    , -878.133    , array([ 0.200306   ,  0.19212    ,  0.0355291  ,  0.389092   ,  1.58628    ])
2436    , -959.09     , array([ 0.184415   ,  0.183952   ,  0.0297726  ,  0.400922   ,  1.55811    ])
2437    , -857.229    , array([ 0.215469   ,  0.177164   ,  0.0318195  ,  0.398245   ,  1.60892    ])
2438    , -696.014    , array([ 0.296243   ,  0.161986   ,  0.0308371  ,  0.38839    ,  1.64953    ])
2439    , -698.7      , array([ 0.274004   ,  0.154289   ,  0.0358838  ,  0.379834   ,  1.60276    ])
likelihood = -696.01
theta = 367.12
Optimized parameters = [0.29624284 0.16198629 0.03083713 0.38839028 1.64953024]

Round_3_Replicate_5
2440    , -2247.77    , array([ 0.0320779  ,  0.37743    ,  0.163914   ,  0.161282   ,  0.601388   ])
2441    , -2377.21    , array([ 0.0270095  ,  0.37743    ,  0.163914   ,  0.161282   ,  0.601388   ])
2442    , -2198.41    , array([ 0.0320779  ,  0.359483   ,  0.163914   ,  0.161282   ,  0.601388   ])
2443    , -2243.44    , array([ 0.0320779  ,  0.37743    ,  0.149743   ,  0.161282   ,  0.601388   ])
2444    , -2253.12    , array([ 0.0320779  ,  0.37743    ,  0.163914   ,  0.147219   ,  0.601388   ])
2445    , -2252.61    , array([ 0.0320779  ,  0.37743    ,  0.163914   ,  0.161282   ,  0.58629    ])
2446    , -2102.67    , array([ 0.0380974  ,  0.370147   ,  0.158092   ,  0.155502   ,  0.595302   ])
2447    , -1969.18    , array([ 0.0452465  ,  0.366557   ,  0.155258   ,  0.152691   ,  0.592283   ])
2448    , -2110.07    , array([ 0.0368093  ,  0.365844   ,  0.154698   ,  0.172861   ,  0.591681   ])
2449    , -2055.11    , array([ 0.0388918  ,  0.361309   ,  0.151158   ,  0.162226   ,  0.609144   ])
2450    , -1984.72    , array([ 0.0420067  ,  0.355055   ,  0.146338   ,  0.162606   ,  0.596903   ])
2451    , -1886.18    , array([ 0.0467912  ,  0.346481   ,  0.158719   ,  0.163138   ,  0.595118   ])
2452    , -1714.73    , array([ 0.0565124  ,  0.331972   ,  0.163407   ,  0.164074   ,  0.592008   ])
2453    , -1740.74    , array([ 0.0586867  ,  0.352377   ,  0.144818   ,  0.164262   ,  0.591388   ])
2454    , -1679.45    , array([ 0.0616341  ,  0.341094   ,  0.149448   ,  0.150163   ,  0.600971   ])
2455    , -1477.41    , array([ 0.079754   ,  0.329355   ,  0.146891   ,  0.139957   ,  0.605671   ])
2456    , -1507.84    , array([ 0.077746   ,  0.332817   ,  0.151206   ,  0.15083    ,  0.582409   ])
2457    , -1394.92    , array([ 0.092079   ,  0.330029   ,  0.158244   ,  0.14602    ,  0.588537   ])
2458    , -1140.57    , array([ 0.136327   ,  0.318185   ,  0.164556   ,  0.138373   ,  0.584399   ])
likelihood = -1140.57
theta = 462.16
Optimized parameters = [0.13632692 0.31818469 0.16455618 0.13837341 0.58439881]

Round_4_Replicate_1
2459    , -514.026    , array([ 0.273948   ,  0.127948   ,  0.425871   ,  0.224752   ,  1.47508    ])
2460    , -514.096    , array([ 0.256775   ,  0.127948   ,  0.425871   ,  0.224752   ,  1.47508    ])
2461    , -471.997    , array([ 0.273948   ,  0.115447   ,  0.425871   ,  0.224752   ,  1.47508    ])
2462    , -497.425    , array([ 0.273948   ,  0.127948   ,  0.408077   ,  0.224752   ,  1.47508    ])
2463    , -514.449    , array([ 0.273948   ,  0.127948   ,  0.425871   ,  0.208588   ,  1.47508    ])
2464    , -513.803    , array([ 0.273948   ,  0.127948   ,  0.425871   ,  0.224752   ,  1.50403    ])
2465    , -489.264    , array([ 0.266945   ,  0.122793   ,  0.418662   ,  0.242169   ,  1.4866     ])
2466    , -482.13     , array([ 0.289259   ,  0.12079    ,  0.415813   ,  0.231563   ,  1.49123    ])
2467    , -468.35     , array([ 0.277088   ,  0.11804    ,  0.411856   ,  0.234345   ,  1.49773    ])
2468    , -448.102    , array([ 0.278671   ,  0.113377   ,  0.405023   ,  0.239294   ,  1.50919    ])
2469    , -444.515    , array([ 0.278989   ,  0.112467   ,  0.40367    ,  0.240296   ,  1.47091    ])
2470    , -416.19     , array([ 0.281543   ,  0.105444   ,  0.393007   ,  0.248467   ,  1.45463    ])
2471    , -428.206    , array([ 0.282057   ,  0.104093   ,  0.414979   ,  0.250134   ,  1.49143    ])
2472    , -414.773    , array([ 0.295903   ,  0.101527   ,  0.403059   ,  0.235169   ,  1.4818     ])
2473    , -389.455    , array([ 0.31154    ,  0.0923174  ,  0.395477   ,  0.231746   ,  1.47941    ])
2474    , -385.141    , array([ 0.281304   ,  0.0926884  ,  0.397763   ,  0.246018   ,  1.47251    ])
2475    , -353.252    , array([ 0.277409   ,  0.0811939  ,  0.389034   ,  0.25358    ,  1.46324    ])
2476    , -355.051    , array([ 0.29852    ,  0.0842416  ,  0.374566   ,  0.266009   ,  1.48383    ])
2477    , -344.472    , array([ 0.301651   ,  0.0761701  ,  0.381721   ,  0.260648   ,  1.44051    ])
2478    , -325.348    , array([ 0.313842   ,  0.062433   ,  0.370578   ,  0.272029   ,  1.40735    ])
2479    , -324.073    , array([ 0.311034   ,  0.0676218  ,  0.356075   ,  0.257864   ,  1.42421    ])
2480    , -315.211    , array([ 0.326621   ,  0.0545028  ,  0.329837   ,  0.261817   ,  1.39175    ])
2481    , -322.319    , array([ 0.330674   ,  0.0512678  ,  0.350531   ,  0.265086   ,  1.43466    ])
2482    , -317.057    , array([ 0.306046   ,  0.0462815  ,  0.33193    ,  0.299911   ,  1.3934     ])
2483    , -331.452    , array([ 0.322589   ,  0.0399132  ,  0.333924   ,  0.274123   ,  1.35474    ])
2484    , -376.014    , array([ 0.368736   ,  0.0311715  ,  0.302448   ,  0.296661   ,  1.33211    ])
2485    , -320.686    , array([ 0.297865   ,  0.0639119  ,  0.365303   ,  0.263725   ,  1.42929    ])
likelihood = -315.21
theta = 553.66
Optimized parameters = [0.32662094 0.05450282 0.32983667 0.26181725 1.39174762]

Round_4_Replicate_2
2486    , -341.704    , array([ 0.19041    ,  0.0606485  ,  0.473758   ,  0.101092   ,  0.846108   ])
2487    , -348.752    , array([ 0.175257   ,  0.0606485  ,  0.473758   ,  0.101092   ,  0.846108   ])
2488    , -325.703    , array([ 0.19041    ,  0.0527183  ,  0.473758   ,  0.101092   ,  0.846108   ])
2489    , -338.894    , array([ 0.19041    ,  0.0606485  ,  0.456388   ,  0.101092   ,  0.846108   ])
2490    , -341.675    , array([ 0.19041    ,  0.0606485  ,  0.473758   ,  0.0901472  ,  0.846108   ])
2491    , -341.702    , array([ 0.19041    ,  0.0606485  ,  0.473758   ,  0.101092   ,  0.839068   ])
2492    , -330.051    , array([ 0.206874   ,  0.0573425  ,  0.466732   ,  0.0965629  ,  0.843285   ])
2493    , -328.711    , array([ 0.196832   ,  0.0560711  ,  0.463951   ,  0.0948087  ,  0.842158   ])
2494    , -324.582    , array([ 0.199461   ,  0.0543384  ,  0.460085   ,  0.0924062  ,  0.850474   ])
2495    , -318.745    , array([ 0.204147   ,  0.051434   ,  0.453397   ,  0.0883473  ,  0.856235   ])
2496    , -317.868    , array([ 0.205097   ,  0.050872   ,  0.452072   ,  0.102793   ,  0.847421   ])
2497    , -312.639    , array([ 0.21286    ,  0.0465916  ,  0.441604   ,  0.109766   ,  0.848079   ])
2498    , -314.145    , array([ 0.214448   ,  0.0457798  ,  0.463136   ,  0.0947323  ,  0.84821    ])
2499    , -313.191    , array([ 0.200241   ,  0.0442483  ,  0.451473   ,  0.0984189  ,  0.853034   ])
2500    , -312.016    , array([ 0.211907   ,  0.041162   ,  0.449254   ,  0.10175    ,  0.858571   ])
2501    , -317.329    , array([ 0.219872   ,  0.0352675  ,  0.442081   ,  0.105408   ,  0.866897   ])
2502    , -313.255    , array([ 0.22863    ,  0.0396541  ,  0.430706   ,  0.0956735  ,  0.859576   ])
2503    , -315.922    , array([ 0.223129   ,  0.0366282  ,  0.440899   ,  0.11302    ,  0.850734   ])
2504    , -312.604    , array([ 0.218224   ,  0.0398725  ,  0.443991   ,  0.106271   ,  0.852106   ])
2505    , -313.339    , array([ 0.213899   ,  0.0389396  ,  0.424401   ,  0.110361   ,  0.860358   ])
2506    , -312.004    , array([ 0.214036   ,  0.0405473  ,  0.43377    ,  0.106227   ,  0.857305   ])
2507    , -315.002    , array([ 0.195407   ,  0.0453572  ,  0.457651   ,  0.113946   ,  0.848084   ])
2508    , -311.897    , array([ 0.219829   ,  0.0410089  ,  0.43729    ,  0.0999467  ,  0.856689   ])
2509    , -313.99     , array([ 0.231597   ,  0.0394304  ,  0.431061   ,  0.111452   ,  0.85605    ])
2510    , -311.957    , array([ 0.207658   ,  0.0429912  ,  0.446281   ,  0.101527   ,  0.853787   ])
2511    , -315.493    , array([ 0.215721   ,  0.0362617  ,  0.442557   ,  0.0968604  ,  0.863366   ])
2512    , -311.665    , array([ 0.213572   ,  0.0437616  ,  0.441842   ,  0.106387   ,  0.851875   ])
2513    , -311.827    , array([ 0.208613   ,  0.0439794  ,  0.439323   ,  0.10009    ,  0.859193   ])
likelihood = -311.66
theta = 738.39
Optimized parameters = [0.213572   0.04376157 0.44184163 0.10638653 0.85187493]

Round_4_Replicate_3
2514    , -335.518    , array([ 0.220402   ,  0.0353446  ,  0.34588    ,  0.139791   ,  1.2114     ])
2515    , -343.237    , array([ 0.204351   ,  0.0353446  ,  0.34588    ,  0.139791   ,  1.2114     ])
2516    , -353.516    , array([ 0.220402   ,  0.0299047  ,  0.34588    ,  0.139791   ,  1.2114     ])
2517    , -342.175    , array([ 0.220402   ,  0.0353446  ,  0.327998   ,  0.139791   ,  1.2114     ])
2518    , -335.113    , array([ 0.220402   ,  0.0353446  ,  0.34588    ,  0.126693   ,  1.2114     ])
2519    , -335.667    , array([ 0.220402   ,  0.0353446  ,  0.34588    ,  0.139791   ,  1.22308    ])
2520    , -328.487    , array([ 0.213835   ,  0.0417741  ,  0.338613   ,  0.134397   ,  1.21606    ])
2521    , -325.569    , array([ 0.210626   ,  0.0493731  ,  0.335037   ,  0.131778   ,  1.21839    ])
2522    , -323.798    , array([ 0.233439   ,  0.0404008  ,  0.334327   ,  0.131261   ,  1.21886    ])
2523    , -317.047    , array([ 0.249501   ,  0.043194   ,  0.328695   ,  0.127193   ,  1.22261    ])
2524    , -316.924    , array([ 0.227445   ,  0.0437754  ,  0.352853   ,  0.126394   ,  1.22336    ])
2525    , -311.735    , array([ 0.231051   ,  0.0487174  ,  0.365978   ,  0.120186   ,  1.22938    ])
2526    , -313.823    , array([ 0.231778   ,  0.0497708  ,  0.342256   ,  0.118981   ,  1.21418    ])
2527    , -313.506    , array([ 0.236492   ,  0.0570736  ,  0.340818   ,  0.111552   ,  1.227      ])
2528    , -322.41     , array([ 0.243252   ,  0.0691322  ,  0.338813   ,  0.116975   ,  1.23329    ])
2529    , -309.652    , array([ 0.269636   ,  0.0566224  ,  0.35135    ,  0.107226   ,  1.23219    ])
2530    , -319.946    , array([ 0.305078   ,  0.060637   ,  0.359802   ,  0.0967226  ,  1.23915    ])
2531    , -323.282    , array([ 0.243289   ,  0.0373355  ,  0.35252    ,  0.116664   ,  1.21687    ])
2532    , -312.938    , array([ 0.243261   ,  0.059264   ,  0.342189   ,  0.116897   ,  1.22917    ])
2533    , -326.192    , array([ 0.234805   ,  0.067815   ,  0.369266   ,  0.103729   ,  1.23013    ])
2534    , -311.47     , array([ 0.245743   ,  0.0483503  ,  0.3384     ,  0.120871   ,  1.22448    ])
2535    , -310.618    , array([ 0.258743   ,  0.0581761  ,  0.353032   ,  0.11159    ,  1.24287    ])
2536    , -309.05     , array([ 0.262873   ,  0.051122   ,  0.359551   ,  0.119038   ,  1.23623    ])
2537    , -312.142    , array([ 0.277148   ,  0.0483831  ,  0.3693     ,  0.122967   ,  1.24087    ])
2538    , -310.703    , array([ 0.263609   ,  0.0464065  ,  0.365269   ,  0.114422   ,  1.23688    ])
2539    , -310.423    , array([ 0.292568   ,  0.055366   ,  0.341262   ,  0.109125   ,  1.23967    ])
2540    , -318.907    , array([ 0.294952   ,  0.0588933  ,  0.370319   ,  0.104159   ,  1.25078    ])
2541    , -308.765    , array([ 0.257216   ,  0.0507944  ,  0.346112   ,  0.116457   ,  1.23101    ])
likelihood = -308.76
theta = 634.3
Optimized parameters = [0.25721612 0.05079441 0.34611194 0.11645695 1.23100594]

Round_4_Replicate_4
2542    , -393.245    , array([ 0.174808   ,  0.0427634  ,  0.278467   ,  0.175204   ,  0.948062   ])
2543    , -417.755    , array([ 0.16021    ,  0.0427634  ,  0.278467   ,  0.175204   ,  0.948062   ])
2544    , -406.551    , array([ 0.174808   ,  0.036528   ,  0.278467   ,  0.175204   ,  0.948062   ])
2545    , -406.945    , array([ 0.174808   ,  0.0427634  ,  0.261223   ,  0.175204   ,  0.948062   ])
2546    , -392.201    , array([ 0.174808   ,  0.0427634  ,  0.278467   ,  0.160591   ,  0.948062   ])
2547    , -393.156    , array([ 0.174808   ,  0.0427634  ,  0.278467   ,  0.175204   ,  0.945537   ])
2548    , -381.447    , array([ 0.190736   ,  0.0401508  ,  0.271437   ,  0.169206   ,  0.947051   ])
2549    , -368.358    , array([ 0.208116   ,  0.0389049  ,  0.267989   ,  0.166284   ,  0.946546   ])
2550    , -373.947    , array([ 0.187439   ,  0.0386604  ,  0.292329   ,  0.165706   ,  0.946445   ])
2551    , -363.298    , array([ 0.192743   ,  0.0462988  ,  0.279608   ,  0.162052   ,  0.945799   ])
2552    , -348.022    , array([ 0.202389   ,  0.0521244  ,  0.280181   ,  0.155851   ,  0.94467    ])
2553    , -355.283    , array([ 0.204375   ,  0.0428066  ,  0.280295   ,  0.15464    ,  0.944444   ])
2554    , -343.811    , array([ 0.217558   ,  0.0428238  ,  0.28103    ,  0.147107   ,  0.946528   ])
2555    , -328.944    , array([ 0.242706   ,  0.0428541  ,  0.282321   ,  0.134796   ,  0.947024   ])
2556    , -327.332    , array([ 0.248075   ,  0.0428601  ,  0.28258    ,  0.149636   ,  0.943594   ])
2557    , -320.711    , array([ 0.295524   ,  0.0429086  ,  0.284659   ,  0.144442   ,  0.941368   ])
2558    , -315.123    , array([ 0.277574   ,  0.0494277  ,  0.266332   ,  0.137266   ,  0.943175   ])
2559    , -311.736    , array([ 0.337783   ,  0.0558885  ,  0.254214   ,  0.124933   ,  0.941544   ])
2560    , -307.418    , array([ 0.303435   ,  0.0567753  ,  0.284454   ,  0.122006   ,  0.941077   ])
2561    , -328.109    , array([ 0.366391   ,  0.0685862  ,  0.293063   ,  0.104507   ,  0.938355   ])
2562    , -318.972    , array([ 0.361908   ,  0.0577715  ,  0.273572   ,  0.119326   ,  0.941825   ])
2563    , -376.074    , array([ 0.461109   ,  0.0494369  ,  0.271083   ,  0.106403   ,  0.940465   ])
2564    , -318.086    , array([ 0.248651   ,  0.0514391  ,  0.277878   ,  0.141668   ,  0.943617   ])
2565    , -325.631    , array([ 0.388251   ,  0.0646876  ,  0.267326   ,  0.125495   ,  0.936775   ])
2566    , -313.136    , array([ 0.345227   ,  0.0583598  ,  0.270999   ,  0.127758   ,  0.939327   ])
2567    , -312.562    , array([ 0.339317   ,  0.0730629  ,  0.259966   ,  0.111503   ,  0.941586   ])
2568    , -310.949    , array([ 0.270025   ,  0.0596103  ,  0.265038   ,  0.131361   ,  0.941033   ])
2569    , -330.93     , array([ 0.406197   ,  0.0710152  ,  0.25604    ,  0.107352   ,  0.938217   ])
2570    , -308.733    , array([ 0.281111   ,  0.0557581  ,  0.27225    ,  0.132177   ,  0.942264   ])
likelihood = -307.42
theta = 592.67
Optimized parameters = [0.30343477 0.05677532 0.28445423 0.12200597 0.94107724]

Round_4_Replicate_5
2571    , -366.723    , array([ 0.249358   ,  0.0812951  ,  0.181666   ,  0.17833    ,  1.10533    ])
2572    , -384.612    , array([ 0.232629   ,  0.0812951  ,  0.181666   ,  0.17833    ,  1.10533    ])
2573    , -365.931    , array([ 0.249358   ,  0.071708   ,  0.181666   ,  0.17833    ,  1.10533    ])
2574    , -378.796    , array([ 0.249358   ,  0.0812951  ,  0.166816   ,  0.17833    ,  1.10533    ])
2575    , -366.075    , array([ 0.249358   ,  0.0812951  ,  0.181666   ,  0.163601   ,  1.10533    ])
2576    , -366.901    , array([ 0.249358   ,  0.0812951  ,  0.181666   ,  0.17833    ,  1.11088    ])
2577    , -354.52     , array([ 0.26729    ,  0.0773154  ,  0.175574   ,  0.172285   ,  1.10755    ])
2578    , -342.884    , array([ 0.286511   ,  0.0753992  ,  0.172605   ,  0.16934    ,  1.10866    ])
2579    , -344.819    , array([ 0.263603   ,  0.0750217  ,  0.193831   ,  0.168758   ,  1.10888    ])
2580    , -347.455    , array([ 0.269527   ,  0.07265    ,  0.182661   ,  0.165074   ,  1.10255    ])
2581    , -341.994    , array([ 0.278043   ,  0.0694551  ,  0.18306    ,  0.160052   ,  1.10696    ])
2582    , -335.052    , array([ 0.293601   ,  0.0641983  ,  0.183761   ,  0.151628   ,  1.10778    ])
2583    , -334.791    , array([ 0.296815   ,  0.0631957  ,  0.183901   ,  0.169238   ,  1.10794    ])
2584    , -332.498    , array([ 0.32383    ,  0.0557184  ,  0.185029   ,  0.172129   ,  1.10925    ])
2585    , -320.708    , array([ 0.329521   ,  0.0647674  ,  0.185255   ,  0.153077   ,  1.10951    ])
2586    , -317.368    , array([ 0.378803   ,  0.0615532  ,  0.187076   ,  0.141825   ,  1.11161    ])
2587    , -321.347    , array([ 0.349326   ,  0.0598267  ,  0.186015   ,  0.155627   ,  1.11596    ])
2588    , -336.243    , array([ 0.399754   ,  0.0529209  ,  0.172434   ,  0.147377   ,  1.11242    ])
2589    , -349.095    , array([ 0.420207   ,  0.0457037  ,  0.193561   ,  0.138931   ,  1.11415    ])
2590    , -328.266    , array([ 0.315298   ,  0.0665293  ,  0.177621   ,  0.161165   ,  1.11003    ])
2591    , -336.316    , array([ 0.273894   ,  0.0713584  ,  0.196064   ,  0.16545    ,  1.10943    ])
2592    , -327.024    , array([ 0.363698   ,  0.0570272  ,  0.17806    ,  0.151701   ,  1.11167    ])
2593    , -327.645    , array([ 0.406268   ,  0.0561012  ,  0.181675   ,  0.160842   ,  1.11564    ])
2594    , -317.39     , array([ 0.40332    ,  0.0648166  ,  0.179114   ,  0.137894   ,  1.11672    ])
2595    , -340.926    , array([ 0.457106   ,  0.0537207  ,  0.187209   ,  0.138369   ,  1.11862    ])
2596    , -321.229    , array([ 0.345976   ,  0.063066   ,  0.179971   ,  0.155136   ,  1.11217    ])
2597    , -319.689    , array([ 0.332675   ,  0.0667592  ,  0.182344   ,  0.136657   ,  1.11161    ])
likelihood = -317.37
theta = 509.15
Optimized parameters = [0.37880306 0.06155324 0.18707581 0.14182506 1.11160693]

Round_1_Replicate_1
3446    , -5803.67    , array([ 0.472335   ,  4.32429    ,  0.406426   ,  0.702211   ,  0.311716   ])
3447    , -5785.7     , array([ 0.454949   ,  4.32429    ,  0.406426   ,  0.702211   ,  0.311716   ])
3448    , -5939.15    , array([ 0.472335   ,  4.65276    ,  0.406426   ,  0.702211   ,  0.311716   ])
3449    , -5677.15    , array([ 0.472335   ,  4.32429    ,  0.388535   ,  0.702211   ,  0.311716   ])
3450    , -5810.34    , array([ 0.472335   ,  4.32429    ,  0.406426   ,  0.689908   ,  0.311716   ])
3451    , -5752.69    , array([ 0.472335   ,  4.32429    ,  0.406426   ,  0.702211   ,  0.294067   ])
3452    , -5592.23    , array([ 0.465303   ,  4.01901    ,  0.399173   ,  0.697263   ,  0.304533   ])
3453    , -5418.67    , array([ 0.461826   ,  3.73529    ,  0.395595   ,  0.694803   ,  0.301004   ])
3454    , -5565.71    , array([ 0.461133   ,  4.0783     ,  0.394883   ,  0.711708   ,  0.300303   ])
likelihood = -5418.67
theta = 114.82
Optimized parameters = [0.46182552 3.7352853  0.39559473 0.69480277 0.30100357]

Round_1_Replicate_2
3455    , -2322.95    , array([ 0.832182   ,  0.317704   ,  0.593784   ,  0.256406   ,  0.131116   ])
3456    , -2316.51    , array([ 0.824573   ,  0.317704   ,  0.593784   ,  0.256406   ,  0.131116   ])
3457    , -2220.1     , array([ 0.832182   ,  0.300002   ,  0.593784   ,  0.256406   ,  0.131116   ])
3458    , -2295.65    , array([ 0.832182   ,  0.317704   ,  0.578509   ,  0.256406   ,  0.131116   ])
3459    , -2396.25    , array([ 0.832182   ,  0.317704   ,  0.593784   ,  0.239538   ,  0.131116   ])
3460    , -2332.66    , array([ 0.832182   ,  0.317704   ,  0.593784   ,  0.256406   ,  0.118451   ])
3461    , -2199.17    , array([ 0.82913    ,  0.310501   ,  0.587626   ,  0.274461   ,  0.125896   ])
3462    , -2102.2     , array([ 0.827609   ,  0.306961   ,  0.584571   ,  0.293789   ,  0.123364   ])
3463    , -2173.79    , array([ 0.827305   ,  0.306258   ,  0.583962   ,  0.270751   ,  0.14164    ])
likelihood = -2102.2
theta = 331.5
Optimized parameters = [0.82760856 0.3069614  0.58457106 0.29378867 0.12336357]

Round_1_Replicate_3
3464    , -17825      , array([ 0.713672   ,  2.95467    ,  5.8908     ,  7.55113    ,  0.339862   ])
3465    , -17778.5    , array([ 0.701736   ,  2.95467    ,  5.8908     ,  7.55113    ,  0.339862   ])
3466    , -17896.8    , array([ 0.713672   ,  3.11913    ,  5.8908     ,  7.55113    ,  0.339862   ])
3467    , -18234.2    , array([ 0.713672   ,  2.95467    ,  6.43699    ,  7.55113    ,  0.339862   ])
3468    , -17876.6    , array([ 0.713672   ,  2.95467    ,  5.8908     ,  8.35435    ,  0.339862   ])
3469    , -17827.6    , array([ 0.713672   ,  2.95467    ,  5.8908     ,  7.55113    ,  0.322009   ])
3470    , -17447.2    , array([ 0.708874   ,  3.01939    ,  5.39095    ,  7.86271    ,  0.332605   ])
3471    , -17053.7    , array([ 0.706486   ,  3.05228    ,  4.93352    ,  8.02329    ,  0.329035   ])
3472    , -17443.8    , array([ 0.70601    ,  2.8355     ,  5.48741    ,  8.05579    ,  0.328325   ])
likelihood = -17053.71
theta = 70.84
Optimized parameters = [0.7064863  3.0522758  4.93351837 8.02328553 0.32903468]

Round_1_Replicate_4
3473    , -5455.56    , array([ 2.35882    ,  1.01544    ,  0.619368   ,  0.178928   ,  6.24675    ])
3474    , -5503.51    , array([ 2.46223    ,  1.01544    ,  0.619368   ,  0.178928   ,  6.24675    ])
3475    , -5457.85    , array([ 2.35882    ,  1.01622    ,  0.619368   ,  0.178928   ,  6.24675    ])
3476    , -5361.38    , array([ 2.35882    ,  1.01544    ,  0.604709   ,  0.178928   ,  6.24675    ])
3477    , -5455.85    , array([ 2.35882    ,  1.01544    ,  0.619368   ,  0.164177   ,  6.24675    ])
3478    , -5445.64    , array([ 2.35882    ,  1.01544    ,  0.619368   ,  0.178928   ,  6.846      ])
3479    , -5366.9     , array([ 2.25975    ,  1.01575    ,  0.613463   ,  0.172875   ,  6.47988    ])
3480    , -5376.12    , array([ 2.31868    ,  1.01479    ,  0.611116   ,  0.170511   ,  6.57555    ])
likelihood = -5361.38
theta = 109.86
Optimized parameters = [2.35881887 1.01544056 0.60470909 0.17892804 6.24674959]

Round_1_Replicate_5
3481    , -7621.92    , array([ 0.210535   ,  0.183549   ,  6.86802    ,  0.622326   ,  0.822308   ])
3482    , -7525.5     , array([ 0.194755   ,  0.183549   ,  6.86802    ,  0.622326   ,  0.822308   ])
3483    , -7318.04    , array([ 0.210535   ,  0.168631   ,  6.86802    ,  0.622326   ,  0.822308   ])
3484    , -8097.41    , array([ 0.210535   ,  0.183549   ,  7.56264    ,  0.622326   ,  0.822308   ])
3485    , -7622.35    , array([ 0.210535   ,  0.183549   ,  6.86802    ,  0.607742   ,  0.822308   ])
3486    , -7621.25    , array([ 0.210535   ,  0.183549   ,  6.86802    ,  0.622326   ,  0.814304   ])
3487    , -7003.85    , array([ 0.204075   ,  0.17743    ,  6.23721    ,  0.616451   ,  0.819097   ])
3488    , -6486.13    , array([ 0.20092    ,  0.174447   ,  5.66433    ,  0.613534   ,  0.817496   ])
3489    , -7000.34    , array([ 0.200295   ,  0.173857   ,  6.35856    ,  0.633644   ,  0.817176   ])
likelihood = -6486.13
theta = 718.13
Optimized parameters = [0.20091996 0.174447   5.66433086 0.61353425 0.81749598]

Round_1_Replicate_6
3490    , -2376.41    , array([ 1.30019    ,  0.193759   ,  0.799145   ,  1.1532     ,  3.33074    ])
3491    , -2388.17    , array([ 1.31737    ,  0.193759   ,  0.799145   ,  1.1532     ,  3.33074    ])
3492    , -2293.84    , array([ 1.30019    ,  0.178494   ,  0.799145   ,  1.1532     ,  3.33074    ])
3493    , -2354.77    , array([ 1.30019    ,  0.193759   ,  0.790236   ,  1.1532     ,  3.33074    ])
3494    , -2376.37    , array([ 1.30019    ,  0.193759   ,  0.799145   ,  1.16145    ,  3.33074    ])
3495    , -2376.57    , array([ 1.30019    ,  0.193759   ,  0.799145   ,  1.1532     ,  3.53727    ])
3496    , -2322.37    , array([ 1.28324    ,  0.187502   ,  0.79557    ,  1.15649    ,  3.41187    ])
3497    , -2312.66    , array([ 1.29339    ,  0.185057   ,  0.794144   ,  1.15781    ,  3.16661    ])
likelihood = -2293.84
theta = 272.12
Optimized parameters = [1.30019408 0.17849441 0.79914532 1.15320097 3.3307422 ]

Round_1_Replicate_7
3498    , -4664.23    , array([ 2.45844    ,  0.476162   ,  0.844028   ,  0.320885   ,  1.23392    ])
3499    , -4701.68    , array([ 2.57153    ,  0.476162   ,  0.844028   ,  0.320885   ,  1.23392    ])
3500    , -4568.75    , array([ 2.45844    ,  0.45882    ,  0.844028   ,  0.320885   ,  1.23392    ])
3501    , -4636.8     , array([ 2.45844    ,  0.476162   ,  0.836902   ,  0.320885   ,  1.23392    ])
3502    , -4666.05    , array([ 2.45844    ,  0.476162   ,  0.844028   ,  0.303157   ,  1.23392    ])
3503    , -4663.72    , array([ 2.45844    ,  0.476162   ,  0.844028   ,  0.320885   ,  1.24696    ])
3504    , -4577.33    , array([ 2.35031    ,  0.469148   ,  0.84117    ,  0.313673   ,  1.23912    ])
3505    , -4578.34    , array([ 2.4146     ,  0.466371   ,  0.84003    ,  0.336576   ,  1.24121    ])
likelihood = -4568.75
theta = 191.0
Optimized parameters = [2.45843655 0.4588202  0.84402806 0.3208851  1.23392363]

Round_1_Replicate_8
3506    , -630.547    , array([ 1.11127    ,  0.176664   ,  0.150617   ,  0.449771   ,  0.710613   ])
3507    , -633.014    , array([ 1.11715    ,  0.176664   ,  0.150617   ,  0.449771   ,  0.710613   ])
3508    , -613.774    , array([ 1.11127    ,  0.161996   ,  0.150617   ,  0.449771   ,  0.710613   ])
3509    , -608.378    , array([ 1.11127    ,  0.176664   ,  0.137014   ,  0.449771   ,  0.710613   ])
3510    , -636.13     , array([ 1.11127    ,  0.176664   ,  0.150617   ,  0.432157   ,  0.710613   ])
3511    , -632.953    , array([ 1.11127    ,  0.176664   ,  0.150617   ,  0.449771   ,  0.698578   ])
3512    , -610.705    , array([ 1.11362    ,  0.170644   ,  0.145021   ,  0.468104   ,  0.705774   ])
3513    , -605.476    , array([ 1.10636    ,  0.168294   ,  0.142841   ,  0.457016   ,  0.703848   ])
3514    , -592.998    , array([ 1.101      ,  0.164259   ,  0.139105   ,  0.460683   ,  0.700489   ])
likelihood = -593.0
theta = 306.65
Optimized parameters = [1.10100265 0.16425864 0.13910521 0.46068255 0.70048939]

Round_1_Replicate_9
3515    , -2771.72    , array([ 1.17687    ,  1.3165     ,  0.322542   ,  1.65785    ,  0.373563   ])
3516    , -2775.4     , array([ 1.1865     ,  1.3165     ,  0.322542   ,  1.65785    ,  0.373563   ])
3517    , -2798.73    , array([ 1.17687    ,  1.33472    ,  0.322542   ,  1.65785    ,  0.373563   ])
3518    , -2669.14    , array([ 1.17687    ,  1.3165     ,  0.3048     ,  1.65785    ,  0.373563   ])
3519    , -2751.07    , array([ 1.17687    ,  1.3165     ,  0.322542   ,  1.70029    ,  0.373563   ])
3520    , -2744.46    , array([ 1.17687    ,  1.3165     ,  0.322542   ,  1.65785    ,  0.355616   ])
3521    , -2686.04    , array([ 1.18071    ,  1.29852    ,  0.315324   ,  1.6747     ,  0.366278   ])
3522    , -2673.75    , array([ 1.16885    ,  1.30928    ,  0.312483   ,  1.68149    ,  0.363404   ])
likelihood = -2669.14
theta = 144.43
Optimized parameters = [1.1768738  1.3164992  0.30480002 1.65785411 0.37356265]

Round_1_Replicate_10
3523    , -7931.73    , array([ 4.58613    ,  4.93488    ,  0.276734   ,  3.65815    ,  5.043      ])
3524    , -8060.4     , array([ 4.94902    ,  4.93488    ,  0.276734   ,  3.65815    ,  5.043      ])
3525    , -8186.55    , array([ 4.58613    ,  5.34491    ,  0.276734   ,  3.65815    ,  5.043      ])
3526    , -7636.87    , array([ 4.58613    ,  4.93488    ,  0.259517   ,  3.65815    ,  5.043      ])
3527    , -7923.69    , array([ 4.58613    ,  4.93488    ,  0.276734   ,  3.90324    ,  5.043      ])
3528    , -7923.27    , array([ 4.58613    ,  4.93488    ,  0.276734   ,  3.65815    ,  5.46794    ])
3529    , -7595.98    , array([ 4.72798    ,  4.55631    ,  0.269715   ,  3.75429    ,  5.20886    ])
3530    , -7292.74    , array([ 4.80054    ,  4.20677    ,  0.266272   ,  3.80329    ,  5.29383    ])
3531    , -7434.91    , array([ 4.32824    ,  4.62962    ,  0.265589   ,  3.81317    ,  5.31099    ])
likelihood = -7292.74
theta = 43.28
Optimized parameters = [4.80053752 4.20677368 0.26627181 3.8032941  5.2938275 ]

Round_2_Replicate_1
3532    , -558.253    , array([ 0.561005   ,  0.0932598  ,  0.322985   ,  0.230365   ,  0.408869   ])
3533    , -544.936    , array([ 0.545024   ,  0.0932598  ,  0.322985   ,  0.230365   ,  0.408869   ])
3534    , -541.852    , array([ 0.561005   ,  0.0828284  ,  0.322985   ,  0.230365   ,  0.408869   ])
3535    , -541.344    , array([ 0.561005   ,  0.0932598  ,  0.30524    ,  0.230365   ,  0.408869   ])
3536    , -566.391    , array([ 0.561005   ,  0.0932598  ,  0.322985   ,  0.214061   ,  0.408869   ])
3537    , -563.037    , array([ 0.561005   ,  0.0932598  ,  0.322985   ,  0.230365   ,  0.390988   ])
3538    , -532.483    , array([ 0.554557   ,  0.0889383  ,  0.315766   ,  0.247911   ,  0.401621   ])
3539    , -515.909    , array([ 0.551361   ,  0.0868531  ,  0.312218   ,  0.266793   ,  0.398045   ])
3540    , -518.471    , array([ 0.550724   ,  0.086442   ,  0.311513   ,  0.244298   ,  0.423004   ])
3541    , -508.303    , array([ 0.546664   ,  0.0838566  ,  0.307039   ,  0.250104   ,  0.410041   ])
3542    , -486.852    , array([ 0.539632   ,  0.0795167  ,  0.299364   ,  0.260599   ,  0.410628   ])
3543    , -500.374    , array([ 0.560461   ,  0.078676   ,  0.297852   ,  0.262751   ,  0.410746   ])
likelihood = -486.85
theta = 478.5
Optimized parameters = [0.53963193 0.07951667 0.29936365 0.26059941 0.41062841]

Round_2_Replicate_2
3544    , -2878.58    , array([ 3.77548    ,  0.593179   ,  0.0869466  ,  0.283068   ,  0.260377   ])
3545    , -2911.45    , array([ 4.03479    ,  0.593179   ,  0.0869466  ,  0.283068   ,  0.260377   ])
3546    , -2819.18    , array([ 3.77548    ,  0.57789    ,  0.0869466  ,  0.283068   ,  0.260377   ])
3547    , -2844.14    , array([ 3.77548    ,  0.593179   ,  0.0769512  ,  0.283068   ,  0.260377   ])
3548    , -2950.63    , array([ 3.77548    ,  0.593179   ,  0.0869466  ,  0.265757   ,  0.260377   ])
3549    , -2940.54    , array([ 3.77548    ,  0.593179   ,  0.0869466  ,  0.283068   ,  0.243435   ])
3550    , -2805.01    , array([ 3.87714    ,  0.587015   ,  0.0828014  ,  0.301506   ,  0.253463   ])
3551    , -2730.61    , array([ 3.92899    ,  0.583958   ,  0.0808035  ,  0.321145   ,  0.250075   ])
3552    , -2737.28    , array([ 3.93945    ,  0.583348   ,  0.0804098  ,  0.297725   ,  0.274037   ])
3553    , -2695.22    , array([ 3.65117    ,  0.579461   ,  0.0779348  ,  0.303798   ,  0.261501   ])
3554    , -2590.63    , array([ 3.47327    ,  0.572722   ,  0.0737854  ,  0.314726   ,  0.262064   ])
3555    , -2615.93    , array([ 3.77387    ,  0.571383   ,  0.0729824  ,  0.316958   ,  0.262177   ])
likelihood = -2590.63
theta = 208.22
Optimized parameters = [3.47326658 0.57272192 0.07378541 0.31472556 0.26206414]

Round_2_Replicate_3
3556    , -2360.32    , array([ 3.23188    ,  0.449354   ,  0.107812   ,  0.27644    ,  0.246877   ])
3557    , -2386.92    , array([ 3.42711    ,  0.449354   ,  0.107812   ,  0.27644    ,  0.246877   ])
3558    , -2287.35    , array([ 3.23188    ,  0.431736   ,  0.107812   ,  0.27644    ,  0.246877   ])
3559    , -2328.07    , array([ 3.23188    ,  0.449354   ,  0.0964496  ,  0.27644    ,  0.246877   ])
3560    , -2420.46    , array([ 3.23188    ,  0.449354   ,  0.107812   ,  0.259227   ,  0.246877   ])
3561    , -2409.4     , array([ 3.23188    ,  0.449354   ,  0.107812   ,  0.27644    ,  0.230199   ])
3562    , -2286.99    , array([ 3.3086     ,  0.442222   ,  0.103115   ,  0.294795   ,  0.240066   ])
3563    , -2219.92    , array([ 3.34764    ,  0.438699   ,  0.100843   ,  0.31437    ,  0.236731   ])
3564    , -2227.85    , array([ 3.35551    ,  0.437998   ,  0.100395   ,  0.291029   ,  0.260355   ])
3565    , -2185.39    , array([ 3.13774    ,  0.433536   ,  0.0975732  ,  0.297078   ,  0.247984   ])
3566    , -2089.39    , array([ 3.00235    ,  0.425837   ,  0.0928244  ,  0.307968   ,  0.24854    ])
3567    , -2107.5     , array([ 3.23067    ,  0.424313   ,  0.0919028  ,  0.310194   ,  0.248651   ])
likelihood = -2089.39
theta = 230.12
Optimized parameters = [3.00235315 0.4258366  0.09282444 0.30796836 0.24854006]

Round_2_Replicate_4
3568    , -378.562    , array([ 0.307011   ,  0.0665139  ,  0.120954   ,  0.400342   ,  0.649828   ])
3569    , -391.469    , array([ 0.289409   ,  0.0665139  ,  0.120954   ,  0.400342   ,  0.649828   ])
3570    , -390.762    , array([ 0.307011   ,  0.0580842  ,  0.120954   ,  0.400342   ,  0.649828   ])
3571    , -394.911    , array([ 0.307011   ,  0.0665139  ,  0.108831   ,  0.400342   ,  0.649828   ])
3572    , -376.957    , array([ 0.307011   ,  0.0665139  ,  0.120954   ,  0.38243    ,  0.649828   ])
3573    , -377.687    , array([ 0.307011   ,  0.0665139  ,  0.120954   ,  0.400342   ,  0.635972   ])
3574    , -370.617    , array([ 0.299845   ,  0.0630043  ,  0.134428   ,  0.393079   ,  0.64425    ])
3575    , -359.143    , array([ 0.296325   ,  0.0613196  ,  0.149403   ,  0.389497   ,  0.641479   ])
3576    , -363.971    , array([ 0.321101   ,  0.0609882  ,  0.131618   ,  0.388784   ,  0.640926   ])
3577    , -355.002    , array([ 0.308173   ,  0.0712156  ,  0.136142   ,  0.384255   ,  0.637399   ])
3578    , -343.512    , array([ 0.308756   ,  0.0788558  ,  0.144438   ,  0.376456   ,  0.631274   ])
3579    , -348.253    , array([ 0.308873   ,  0.0665716  ,  0.146156   ,  0.374915   ,  0.630057   ])
likelihood = -343.51
theta = 532.24
Optimized parameters = [0.30875606 0.07885575 0.14443753 0.37645605 0.63127446]

Round_2_Replicate_5
3580    , -422.183    , array([ 0.812722   ,  0.0567996  ,  0.121054   ,  0.410812   ,  1.57306    ])
3581    , -419.64     , array([ 0.804339   ,  0.0567996  ,  0.121054   ,  0.410812   ,  1.57306    ])
3582    , -446.369    , array([ 0.812722   ,  0.0492111  ,  0.121054   ,  0.410812   ,  1.57306    ])
3583    , -423.582    , array([ 0.812722   ,  0.0567996  ,  0.108925   ,  0.410812   ,  1.57306    ])
3584    , -422.955    , array([ 0.812722   ,  0.0567996  ,  0.121054   ,  0.392939   ,  1.57306    ])
3585    , -421.096    , array([ 0.812722   ,  0.0567996  ,  0.121054   ,  0.410812   ,  1.60909    ])
3586    , -399.721    , array([ 0.809358   ,  0.0655584  ,  0.116048   ,  0.403567   ,  1.58737    ])
3587    , -380.848    , array([ 0.807682   ,  0.0756678  ,  0.113624   ,  0.399993   ,  1.59458    ])
3588    , -404.521    , array([ 0.807347   ,  0.0637047  ,  0.131168   ,  0.399282   ,  1.59603    ])
3589    , -395.093    , array([ 0.805207   ,  0.0666964  ,  0.121875   ,  0.420126   ,  1.60531    ])
3590    , -386.285    , array([ 0.80222    ,  0.0711221  ,  0.122205   ,  0.405467   ,  1.61839    ])
likelihood = -380.85
theta = 327.07
Optimized parameters = [0.80768154 0.07566776 0.11362369 0.39999301 1.59458132]

Round_2_Replicate_6
3591    , -484.086    , array([ 0.495411   ,  0.077266   ,  0.0613936  ,  1.82338    ,  0.506106   ])
3592    , -493.117    , array([ 0.478315   ,  0.077266   ,  0.0613936  ,  1.82338    ,  0.506106   ])
3593    , -504.695    , array([ 0.495411   ,  0.0679811  ,  0.0613936  ,  1.82338    ,  0.506106   ])
3594    , -511.328    , array([ 0.495411   ,  0.077266   ,  0.0533985  ,  1.82338    ,  0.506106   ])
3595    , -488.34     , array([ 0.495411   ,  0.077266   ,  0.0613936  ,  1.87897    ,  0.506106   ])
3596    , -484.155    , array([ 0.495411   ,  0.077266   ,  0.0613936  ,  1.82338    ,  0.489163   ])
3597    , -469.758    , array([ 0.488501   ,  0.0734089  ,  0.0705857  ,  1.84542    ,  0.499259   ])
3598    , -448.936    , array([ 0.485082   ,  0.0715531  ,  0.0811542  ,  1.85654    ,  0.495871   ])
3599    , -457.155    , array([ 0.484401   ,  0.0851619  ,  0.0686433  ,  1.85877    ,  0.495196   ])
3600    , -452.352    , array([ 0.504258   ,  0.0779017  ,  0.0717775  ,  1.87311    ,  0.490898   ])
3601    , -442.644    , array([ 0.490316   ,  0.0781575  ,  0.0764072  ,  1.81542    ,  0.484944   ])
3602    , -421.052    , array([ 0.487787   ,  0.078607   ,  0.0852393  ,  1.78446    ,  0.474697   ])
likelihood = -421.05
theta = 339.03
Optimized parameters = [0.48778744 0.07860703 0.08523929 1.78445788 0.47469684]

Round_2_Replicate_7
3603    , -2551.6     , array([ 2.8091     ,  0.656147   ,  0.290615   ,  0.978598   ,  1.2506     ])
3604    , -2590       , array([ 2.95799    ,  0.656147   ,  0.290615   ,  0.978598   ,  1.2506     ])
3605    , -2518.95    , array([ 2.8091     ,  0.642467   ,  0.290615   ,  0.978598   ,  1.2506     ])
3606    , -2438.22    , array([ 2.8091     ,  0.656147   ,  0.273202   ,  0.978598   ,  1.2506     ])
3607    , -2551.89    , array([ 2.8091     ,  0.656147   ,  0.290615   ,  0.97754    ,  1.2506     ])
3608    , -2551.95    , array([ 2.8091     ,  0.656147   ,  0.290615   ,  0.978598   ,  1.26466    ])
3609    , -2454.45    , array([ 2.66771    ,  0.65064    ,  0.28352    ,  0.978174   ,  1.25621    ])
3610    , -2454.09    , array([ 2.75167    ,  0.648451   ,  0.280731   ,  0.978005   ,  1.23891    ])
3611    , -2415.85    , array([ 2.72903    ,  0.645398   ,  0.276872   ,  0.97925    ,  1.24814    ])
3612    , -2350.28    , array([ 2.68985    ,  0.640089   ,  0.270247   ,  0.980106   ,  1.24691    ])
3613    , -2337.77    , array([ 2.68208    ,  0.639033   ,  0.268941   ,  0.978794   ,  1.24667    ])
3614    , -2237.03    , array([ 2.62074    ,  0.630644   ,  0.258718   ,  0.978892   ,  1.24471    ])
likelihood = -2237.03
theta = 151.28
Optimized parameters = [2.62073965 0.63064419 0.2587178  0.97889234 1.24470847]

Round_2_Replicate_8
3615    , -2080.02    , array([ 3.42818    ,  0.280681   ,  0.331357   ,  0.172429   ,  0.857092   ])
3616    , -2111.91    , array([ 3.646      ,  0.280681   ,  0.331357   ,  0.172429   ,  0.857092   ])
3617    , -2021.5     , array([ 3.42818    ,  0.263405   ,  0.331357   ,  0.172429   ,  0.857092   ])
3618    , -2016.9     , array([ 3.42818    ,  0.280681   ,  0.313553   ,  0.172429   ,  0.857092   ])
3619    , -2084.49    , array([ 3.42818    ,  0.280681   ,  0.331357   ,  0.157922   ,  0.857092   ])
3620    , -2081.05    , array([ 3.42818    ,  0.280681   ,  0.331357   ,  0.172429   ,  0.850509   ])
3621    , -2000.53    , array([ 3.22337    ,  0.273639   ,  0.324118   ,  0.166473   ,  0.854452   ])
3622    , -1944.74    , array([ 3.0308     ,  0.270184   ,  0.320557   ,  0.163572   ,  0.853136   ])
3623    , -1973.29    , array([ 3.26333    ,  0.269499   ,  0.31985    ,  0.18434    ,  0.852873   ])
3624    , -1935.38    , array([ 3.19963    ,  0.265151   ,  0.315359   ,  0.173402   ,  0.860429   ])
3625    , -1866.13    , array([ 3.09114    ,  0.257711   ,  0.307653   ,  0.17389    ,  0.865433   ])
3626    , -1854.02    , array([ 3.06989    ,  0.256249   ,  0.306134   ,  0.173988   ,  0.857134   ])
3627    , -1749.93    , array([ 2.90504    ,  0.244842   ,  0.294252   ,  0.174773   ,  0.857155   ])
likelihood = -1749.93
theta = 223.73
Optimized parameters = [2.90503523 0.24484173 0.29425164 0.17477289 0.85715521]

Round_2_Replicate_9
3628    , -572.355    , array([ 0.355072   ,  0.0499645  ,  0.0843438  ,  1.32124    ,  1.38664    ])
3629    , -589.989    , array([ 0.337157   ,  0.0499645  ,  0.0843438  ,  1.32124    ,  1.38664    ])
3630    , -602.253    , array([ 0.355072   ,  0.0430125  ,  0.0843438  ,  1.32124    ,  1.38664    ])
3631    , -606.92     , array([ 0.355072   ,  0.0499645  ,  0.0745343  ,  1.32124    ,  1.38664    ])
3632    , -573.778    , array([ 0.355072   ,  0.0499645  ,  0.0843438  ,  1.33977    ,  1.38664    ])
3633    , -573.436    , array([ 0.355072   ,  0.0499645  ,  0.0843438  ,  1.32124    ,  1.40949    ])
3634    , -556.965    , array([ 0.347795   ,  0.0470581  ,  0.0954445  ,  1.32862    ,  1.39574    ])
3635    , -531.811    , array([ 0.344212   ,  0.045669   ,  0.108006   ,  1.33233    ,  1.40031    ])
3636    , -536.743    , array([ 0.3435     ,  0.0559902  ,  0.0931132  ,  1.33307    ,  1.40122    ])
3637    , -526.542    , array([ 0.364459   ,  0.0504459  ,  0.0968711  ,  1.33783    ,  1.4071     ])
3638    , -497.392    , array([ 0.378928   ,  0.0506883  ,  0.103816   ,  1.34621    ,  1.41744    ])
3639    , -510.212    , array([ 0.35519    ,  0.0507369  ,  0.105264   ,  1.32186    ,  1.41952    ])
likelihood = -497.39
theta = 361.34
Optimized parameters = [0.37892822 0.05068829 0.10381614 1.346208   1.41744034]

Round_2_Replicate_10
3640    , -1605.82    , array([ 1.45966    ,  0.374348   ,  0.119955   ,  0.315987   ,  0.234421   ])
3641    , -1616.41    , array([ 1.48752    ,  0.374348   ,  0.119955   ,  0.315987   ,  0.234421   ])
3642    , -1543.38    , array([ 1.45966    ,  0.356401   ,  0.119955   ,  0.315987   ,  0.234421   ])
3643    , -1578.84    , array([ 1.45966    ,  0.374348   ,  0.107887   ,  0.315987   ,  0.234421   ])
3644    , -1651.17    , array([ 1.45966    ,  0.374348   ,  0.119955   ,  0.298299   ,  0.234421   ])
3645    , -1639.52    , array([ 1.45966    ,  0.374348   ,  0.119955   ,  0.315987   ,  0.21802    ])
3646    , -1541.8     , array([ 1.47074    ,  0.367063   ,  0.114974   ,  0.334723   ,  0.227718   ])
3647    , -1487.83    , array([ 1.47631    ,  0.363474   ,  0.112561   ,  0.35457    ,  0.224438   ])
3648    , -1496.14    , array([ 1.47743    ,  0.36276    ,  0.112085   ,  0.330889   ,  0.247706   ])
3649    , -1470.99    , array([ 1.44581    ,  0.358226   ,  0.109083   ,  0.337045   ,  0.235512   ])
3650    , -1403.21    , array([ 1.4254     ,  0.350428   ,  0.104023   ,  0.348094   ,  0.236059   ])
3651    , -1404.1     , array([ 1.45948    ,  0.348889   ,  0.103039   ,  0.350347   ,  0.236169   ])
likelihood = -1403.21
theta = 275.06
Optimized parameters = [1.4253956  0.35042819 0.10402276 0.34809423 0.23605917]

Round_3_Replicate_1
3652    , -361.286    , array([ 0.304514   ,  0.0309233  ,  0.428389   ,  0.388966   ,  1.4269     ])
3653    , -352.017    , array([ 0.286938   ,  0.0309233  ,  0.428389   ,  0.388966   ,  1.4269     ])
3654    , -382.8      , array([ 0.304514   ,  0.0259897  ,  0.428389   ,  0.388966   ,  1.4269     ])
3655    , -358.536    , array([ 0.304514   ,  0.0309233  ,  0.410611   ,  0.388966   ,  1.4269     ])
3656    , -361.189    , array([ 0.304514   ,  0.0309233  ,  0.428389   ,  0.371028   ,  1.4269     ])
3657    , -361.302    , array([ 0.304514   ,  0.0309233  ,  0.428389   ,  0.388966   ,  1.45249    ])
3658    , -340.418    , array([ 0.297358   ,  0.0367936  ,  0.421187   ,  0.381689   ,  1.43708    ])
3659    , -328.982    , array([ 0.293843   ,  0.0437782  ,  0.417632   ,  0.378102   ,  1.4422     ])
3660    , -340.323    , array([ 0.293145   ,  0.0355365  ,  0.416924   ,  0.377388   ,  1.40775    ])
3661    , -333.544    , array([ 0.288717   ,  0.0375691  ,  0.412425   ,  0.372855   ,  1.42528    ])
3662    , -325.797    , array([ 0.282631   ,  0.0406114  ,  0.406207   ,  0.391649   ,  1.42463    ])
3663    , -316.758    , array([ 0.272286   ,  0.0465403  ,  0.39555    ,  0.402385   ,  1.4235     ])
3664    , -319.195    , array([ 0.270263   ,  0.0478261  ,  0.417507   ,  0.378691   ,  1.42327    ])
3665    , -319.922    , array([ 0.280031   ,  0.0569399  ,  0.396083   ,  0.374657   ,  1.42182    ])
3666    , -321.058    , array([ 0.269128   ,  0.0598307  ,  0.398711   ,  0.38503    ,  1.4469     ])
3667    , -330.969    , array([ 0.265683   ,  0.0681721  ,  0.397646   ,  0.394754   ,  1.43774    ])
3668    , -321.005    , array([ 0.271263   ,  0.0587371  ,  0.40129    ,  0.389161   ,  1.43462    ])
3669    , -324.653    , array([ 0.252832   ,  0.0658023  ,  0.386468   ,  0.39379    ,  1.41788    ])
3670    , -318.95     , array([ 0.262514   ,  0.0594285  ,  0.394034   ,  0.389808   ,  1.42392    ])
likelihood = -316.76
theta = 609.61
Optimized parameters = [0.27228597 0.04654026 0.39555008 0.40238502 1.42349568]

Round_3_Replicate_2
3671    , -593.527    , array([ 0.125143   ,  0.0253092  ,  0.313059   ,  0.865517   ,  1.04293    ])
3672    , -637.046    , array([ 0.112792   ,  0.0253092  ,  0.313059   ,  0.865517   ,  1.04293    ])
3673    , -625.662    , array([ 0.125143   ,  0.0210592  ,  0.313059   ,  0.865517   ,  1.04293    ])
3674    , -616.715    , array([ 0.125143   ,  0.0253092  ,  0.295398   ,  0.865517   ,  1.04293    ])
3675    , -592.946    , array([ 0.125143   ,  0.0253092  ,  0.313059   ,  0.859289   ,  1.04293    ])
3676    , -593.513    , array([ 0.125143   ,  0.0253092  ,  0.313059   ,  0.865517   ,  1.04512    ])
3677    , -574.817    , array([ 0.138847   ,  0.023515   ,  0.305872   ,  0.86302    ,  1.04381    ])
3678    , -549.356    , array([ 0.154052   ,  0.0226661  ,  0.30234    ,  0.861775   ,  1.04425    ])
3679    , -553.206    , array([ 0.135992   ,  0.0291041  ,  0.301638   ,  0.861526   ,  1.04433    ])
3680    , -536.363    , array([ 0.14059    ,  0.0256087  ,  0.322357   ,  0.859935   ,  1.0449     ])
3681    , -500.761    , array([ 0.149014   ,  0.0257598  ,  0.336745   ,  0.857157   ,  1.04588    ])
3682    , -521.369    , array([ 0.150758   ,  0.0257901  ,  0.313176   ,  0.856603   ,  1.04608    ])
3683    , -496.372    , array([ 0.162416   ,  0.0259851  ,  0.313222   ,  0.853063   ,  1.04426    ])
3684    , -458.342    , array([ 0.185029   ,  0.0263297  ,  0.313304   ,  0.846903   ,  1.04383    ])
3685    , -452.223    , array([ 0.189916   ,  0.0263992  ,  0.31332    ,  0.85427    ,  1.04682    ])
3686    , -410.529    , array([ 0.233958   ,  0.0269617  ,  0.31345    ,  0.851771   ,  1.04877    ])
3687    , -443.125    , array([ 0.217125   ,  0.0222655  ,  0.330218   ,  0.848179   ,  1.04719    ])
3688    , -393.763    , array([ 0.219872   ,  0.0283865  ,  0.341283   ,  0.842558   ,  1.04845    ])
3689    , -356.137    , array([ 0.262677   ,  0.0317673  ,  0.362597   ,  0.833111   ,  1.05056    ])
3690    , -381.727    , array([ 0.280552   ,  0.0271173  ,  0.349362   ,  0.838269   ,  1.04841    ])
likelihood = -356.14
theta = 572.88
Optimized parameters = [0.2626768  0.03176729 0.36259682 0.83311108 1.05056312]

Round_3_Replicate_3
3691    , -774.109    , array([ 0.224008   ,  0.08805    ,  0.0584345  ,  0.417748   ,  2.26437    ])
3692    , -814.2      , array([ 0.207862   ,  0.08805    ,  0.0584345  ,  0.417748   ,  2.26437    ])
3693    , -789.252    , array([ 0.224008   ,  0.0779768  ,  0.0584345  ,  0.417748   ,  2.26437    ])
3694    , -817.852    , array([ 0.224008   ,  0.08805    ,  0.0506994  ,  0.417748   ,  2.26437    ])
3695    , -772.369    , array([ 0.224008   ,  0.08805    ,  0.0584345  ,  0.399908   ,  2.26437    ])
3696    , -781.95     , array([ 0.224008   ,  0.08805    ,  0.0584345  ,  0.417748   ,  2.35882    ])
3697    , -752.577    , array([ 0.217404   ,  0.0838733  ,  0.0673498  ,  0.410519   ,  2.30169    ])
3698    , -717.633    , array([ 0.214176   ,  0.0818599  ,  0.0776252  ,  0.406951   ,  2.32058    ])
3699    , -722.244    , array([ 0.237112   ,  0.081463   ,  0.065464   ,  0.406241   ,  2.32438    ])
3700    , -720.682    , array([ 0.225083   ,  0.09361    ,  0.0685072  ,  0.401727   ,  2.34882    ])
3701    , -701.588    , array([ 0.225514   ,  0.0849563  ,  0.0730067  ,  0.395493   ,  2.25094    ])
3702    , -662.161    , array([ 0.226271   ,  0.0834505  ,  0.0816036  ,  0.384813   ,  2.19886    ])
3703    , -662.794    , array([ 0.226423   ,  0.0831525  ,  0.0834408  ,  0.382712   ,  2.31746    ])
3704    , -619.413    , array([ 0.227396   ,  0.0812707  ,  0.0962193  ,  0.392818   ,  2.33904    ])
3705    , -542.588    , array([ 0.22911    ,  0.0780794  ,  0.123469   ,  0.389321   ,  2.37729    ])
3706    , -599.988    , array([ 0.211899   ,  0.086364   ,  0.110701   ,  0.38017    ,  2.29926    ])
3707    , -551.371    , array([ 0.217899   ,  0.0727739  ,  0.128169   ,  0.376052   ,  2.25601    ])
3708    , -499.17     , array([ 0.230579   ,  0.0793942  ,  0.138239   ,  0.359684   ,  2.25783    ])
3709    , -411.573    , array([ 0.239246   ,  0.0781893  ,  0.184478   ,  0.33815    ,  2.2271     ])
likelihood = -411.57
theta = 469.88
Optimized parameters = [0.2392459  0.07818933 0.18447753 0.33815036 2.22709925]

Round_3_Replicate_4
3710    , -863.336    , array([ 0.178135   ,  0.0200127  ,  0.0539446  ,  0.429364   ,  0.242849   ])
3711    , -908.708    , array([ 0.163413   ,  0.0200127  ,  0.0539446  ,  0.429364   ,  0.242849   ])
3712    , -910.518    , array([ 0.178135   ,  0.0164578  ,  0.0539446  ,  0.429364   ,  0.242849   ])
3713    , -889.975    , array([ 0.178135   ,  0.0200127  ,  0.0466171  ,  0.429364   ,  0.242849   ])
3714    , -853.966    , array([ 0.178135   ,  0.0200127  ,  0.0539446  ,  0.411592   ,  0.242849   ])
3715    , -856.62     , array([ 0.178135   ,  0.0200127  ,  0.0539446  ,  0.429364   ,  0.226257   ])
3716    , -841.018    , array([ 0.172093   ,  0.0243355  ,  0.0508846  ,  0.422165   ,  0.236071   ])
3717    , -810.902    , array([ 0.16915    ,  0.0295921  ,  0.0494204  ,  0.418611   ,  0.232753   ])
3718    , -800.249    , array([ 0.190205   ,  0.0234021  ,  0.0491326  ,  0.417903   ,  0.232095   ])
3719    , -748.598    , array([ 0.205205   ,  0.0253062  ,  0.0468901  ,  0.412288   ,  0.226899   ])
3720    , -762.255    , array([ 0.184643   ,  0.0257053  ,  0.0569885  ,  0.411174   ,  0.225873   ])
3721    , -748.383    , array([ 0.187313   ,  0.0284125  ,  0.0503408  ,  0.404116   ,  0.21942    ])
3722    , -694.423    , array([ 0.192078   ,  0.033854   ,  0.0486302  ,  0.392055   ,  0.208568   ])
3723    , -694.417    , array([ 0.193045   ,  0.0350615  ,  0.0482952  ,  0.389686   ,  0.227965   ])
3724    , -625.74     , array([ 0.200962   ,  0.046408   ,  0.0456964  ,  0.371244   ,  0.228823   ])
3725    , -615.87     , array([ 0.202583   ,  0.0490847  ,  0.0451936  ,  0.390077   ,  0.207396   ])
3726    , -537.486    , array([ 0.216039   ,  0.0768715  ,  0.0413659  ,  0.379746   ,  0.191661   ])
3727    , -537.731    , array([ 0.23528    ,  0.0486309  ,  0.0459424  ,  0.368876   ,  0.200214   ])
3728    , -506.961    , array([ 0.237478   ,  0.0722472  ,  0.0365513  ,  0.359589   ,  0.196597   ])
3729    , -460.692    , array([ 0.26932    ,  0.121121   ,  0.0292726  ,  0.336276   ,  0.183415   ])
3730    , -496.972    , array([ 0.238233   ,  0.137282   ,  0.0367926  ,  0.330544   ,  0.179743   ])
likelihood = -460.69
theta = 564.22
Optimized parameters = [0.26932014 0.12112133 0.02927257 0.33627637 0.1834147 ]

Round_3_Replicate_5
3731    , -894.348    , array([ 0.977809   ,  0.0274099  ,  0.381597   ,  0.267428   ,  1.68504    ])
3732    , -893.556    , array([ 0.976713   ,  0.0274099  ,  0.381597   ,  0.267428   ,  1.68504    ])
3733    , -926.667    , array([ 0.977809   ,  0.0228982  ,  0.381597   ,  0.267428   ,  1.68504    ])
3734    , -870.383    , array([ 0.977809   ,  0.0274099  ,  0.363652   ,  0.267428   ,  1.68504    ])
3735    , -894.9      , array([ 0.977809   ,  0.0274099  ,  0.381597   ,  0.250362   ,  1.68504    ])
3736    , -894.04     , array([ 0.977809   ,  0.0274099  ,  0.381597   ,  0.267428   ,  1.72958    ])
3737    , -855.963    , array([ 0.977371   ,  0.0328104  ,  0.374315   ,  0.260466   ,  1.70272    ])
3738    , -827.299    , array([ 0.977151   ,  0.039275   ,  0.370726   ,  0.257053   ,  1.71162    ])
3739    , -854.354    , array([ 0.977107   ,  0.0316512  ,  0.370013   ,  0.281173   ,  1.71341    ])
3740    , -839.667    , array([ 0.976827   ,  0.0335262  ,  0.365478   ,  0.268559   ,  1.72489    ])
3741    , -819.942    , array([ 0.976434   ,  0.0363392  ,  0.359222   ,  0.269013   ,  1.67865    ])
3742    , -787.243    , array([ 0.975747   ,  0.0418417  ,  0.348532   ,  0.269809   ,  1.65375    ])
3743    , -781.193    , array([ 0.977144   ,  0.0430384  ,  0.346432   ,  0.269968   ,  1.71015    ])
3744    , -736.607    , array([ 0.977359   ,  0.05393    ,  0.330084   ,  0.271248   ,  1.72285    ])
3745    , -763.872    , array([ 0.975868   ,  0.056419   ,  0.349715   ,  0.271504   ,  1.7254     ])
3746    , -739.981    , array([ 0.976073   ,  0.061568   ,  0.336033   ,  0.254643   ,  1.70157    ])
3747    , -727.108    , array([ 0.976052   ,  0.0741225  ,  0.328962   ,  0.260989   ,  1.68106    ])
3748    , -728.607    , array([ 0.975665   ,  0.110213   ,  0.312096   ,  0.257284   ,  1.65957    ])
3749    , -693.903    , array([ 0.975289   ,  0.081574   ,  0.309165   ,  0.274333   ,  1.68193    ])
3750    , -675.412    , array([ 0.974359   ,  0.117563   ,  0.282331   ,  0.283403   ,  1.66728    ])
likelihood = -675.41
theta = 314.89
Optimized parameters = [0.97435944 0.11756273 0.28233122 0.28340282 1.6672768 ]

Round_4_Replicate_1
3751    , -580.316    , array([ 0.442518   ,  0.0585317  ,  0.587471   ,  0.402502   ,  0.838538   ])
3752    , -559.995    , array([ 0.424842   ,  0.0585317  ,  0.587471   ,  0.402502   ,  0.838538   ])
3753    , -567.66     , array([ 0.442518   ,  0.0507879  ,  0.587471   ,  0.402502   ,  0.838538   ])
3754    , -565.303    , array([ 0.442518   ,  0.0585317  ,  0.572053   ,  0.402502   ,  0.838538   ])
3755    , -581.744    , array([ 0.442518   ,  0.0585317  ,  0.587471   ,  0.384597   ,  0.838538   ])
3756    , -580.134    , array([ 0.442518   ,  0.0585317  ,  0.587471   ,  0.402502   ,  0.831187   ])
3757    , -558.766    , array([ 0.435361   ,  0.0553017  ,  0.581254   ,  0.42124    ,  0.83559    ])
3758    , -548.03     , array([ 0.431826   ,  0.0537542  ,  0.578171   ,  0.44085    ,  0.83412    ])
3759    , -547.861    , array([ 0.431122   ,  0.05345    ,  0.577556   ,  0.417424   ,  0.833826   ])
3760    , -533.416    , array([ 0.425535   ,  0.051077   ,  0.572661   ,  0.425091   ,  0.83148    ])
3761    , -530.927    , array([ 0.424426   ,  0.0506152  ,  0.571688   ,  0.426641   ,  0.841318   ])
3762    , -510.747    , array([ 0.41566    ,  0.0470681  ,  0.563955   ,  0.439248   ,  0.84643    ])
3763    , -518.465    , array([ 0.413928   ,  0.0565846  ,  0.562422   ,  0.441814   ,  0.837074   ])
3764    , -504.281    , array([ 0.403017   ,  0.0484385  ,  0.573671   ,  0.458594   ,  0.83649    ])
3765    , -480.056    , array([ 0.384609   ,  0.0440647  ,  0.574482   ,  0.489506   ,  0.835467   ])
3766    , -484.638    , array([ 0.403407   ,  0.0432385  ,  0.553641   ,  0.495935   ,  0.835263   ])
3767    , -466.82     , array([ 0.386221   ,  0.0431551  ,  0.552876   ,  0.474629   ,  0.840147   ])
3768    , -437.977    , array([ 0.365258   ,  0.0386671  ,  0.540647   ,  0.492478   ,  0.843178   ])
3769    , -442.441    , array([ 0.368702   ,  0.0406317  ,  0.545497   ,  0.522067   ,  0.847538   ])
3770    , -447.823    , array([ 0.361897   ,  0.0321262  ,  0.548681   ,  0.536986   ,  0.846067   ])
3771    , -419.654    , array([ 0.340966   ,  0.0331501  ,  0.541212   ,  0.58532    ,  0.836572   ])
3772    , -401.206    , array([ 0.308814   ,  0.0278204  ,  0.530187   ,  0.67567    ,  0.831685   ])
3773    , -403.635    , array([ 0.315709   ,  0.0302509  ,  0.541831   ,  0.586682   ,  0.846302   ])
3774    , -403.098    , array([ 0.305998   ,  0.0255374  ,  0.510095   ,  0.639038   ,  0.850467   ])
3775    , -380.764    , array([ 0.304093   ,  0.0319547  ,  0.518728   ,  0.624523   ,  0.841556   ])
3776    , -359.778    , array([ 0.278751   ,  0.0318692  ,  0.50437    ,  0.673505   ,  0.83931    ])
3777    , -391.343    , array([ 0.26689    ,  0.0229261  ,  0.505651   ,  0.711264   ,  0.836824   ])
likelihood = -359.78
theta = 622.03
Optimized parameters = [0.27875118 0.03186923 0.50437021 0.67350517 0.83930998]

Round_4_Replicate_2
3778    , -581.031    , array([ 0.148227   ,  0.0299377  ,  0.209159   ,  0.336648   ,  0.881166   ])
3779    , -620.25     , array([ 0.134733   ,  0.0299377  ,  0.209159   ,  0.336648   ,  0.881166   ])
3780    , -611.456    , array([ 0.148227   ,  0.0251205  ,  0.209159   ,  0.336648   ,  0.881166   ])
3781    , -606.625    , array([ 0.148227   ,  0.0299377  ,  0.19342    ,  0.336648   ,  0.881166   ])
3782    , -578.727    , array([ 0.148227   ,  0.0299377  ,  0.209159   ,  0.318812   ,  0.881166   ])
3783    , -580.67     , array([ 0.148227   ,  0.0299377  ,  0.209159   ,  0.336648   ,  0.87561    ])
3784    , -565.545    , array([ 0.163072   ,  0.0279089  ,  0.202715   ,  0.329397   ,  0.878939   ])
3785    , -542.941    , array([ 0.179405   ,  0.0269466  ,  0.199568   ,  0.32583    ,  0.877828   ])
3786    , -545.059    , array([ 0.159989   ,  0.0342075  ,  0.198945   ,  0.325122   ,  0.877606   ])
3787    , -525.083    , array([ 0.164951   ,  0.0302757  ,  0.217571   ,  0.320622   ,  0.876186   ])
3788    , -488.66     , array([ 0.174008   ,  0.0304461  ,  0.230755   ,  0.312898   ,  0.873706   ])
3789    , -512.52     , array([ 0.175878   ,  0.0304803  ,  0.209264   ,  0.311375   ,  0.873211   ])
3790    , -489.017    , array([ 0.188332   ,  0.0307002  ,  0.209306   ,  0.301806   ,  0.877789   ])
3791    , -461.122    , array([ 0.207264   ,  0.0310106  ,  0.209365   ,  0.311778   ,  0.870915   ])
3792    , -420.401    , array([ 0.245089   ,  0.0315613  ,  0.209467   ,  0.308319   ,  0.865835   ])
3793    , -450.122    , array([ 0.227749   ,  0.0262796  ,  0.224699   ,  0.299307   ,  0.869738   ])
3794    , -405.868    , array([ 0.22344    ,  0.033028   ,  0.23488    ,  0.288683   ,  0.866303   ])
3795    , -359.21     , array([ 0.249358   ,  0.0365655  ,  0.254815   ,  0.271729   ,  0.860598   ])
3796    , -383.418    , array([ 0.262076   ,  0.0314042  ,  0.242357   ,  0.286068   ,  0.865829   ])
3797    , -369.726    , array([ 0.279328   ,  0.0314634  ,  0.256944   ,  0.288883   ,  0.856601   ])
3798    , -375.939    , array([ 0.365334   ,  0.0321457  ,  0.243301   ,  0.269883   ,  0.853823   ])
3799    , -336.16     , array([ 0.337207   ,  0.040368   ,  0.257935   ,  0.270698   ,  0.851407   ])
3800    , -342.794    , array([ 0.410314   ,  0.0500319  ,  0.276352   ,  0.257436   ,  0.842387   ])
3801    , -349.859    , array([ 0.356006   ,  0.0370898  ,  0.300713   ,  0.249456   ,  0.849516   ])
3802    , -348.933    , array([ 0.376327   ,  0.0398409  ,  0.283329   ,  0.254528   ,  0.843082   ])
likelihood = -336.16
theta = 569.96
Optimized parameters = [0.33720679 0.04036804 0.25793452 0.27069795 0.85140717]

Round_4_Replicate_3
3803    , -332.316    , array([ 0.173779   ,  0.0438254  ,  0.44242    ,  0.320945   ,  2.22503    ])
3804    , -345.717    , array([ 0.15922    ,  0.0438254  ,  0.44242    ,  0.320945   ,  2.22503    ])
3805    , -334.283    , array([ 0.173779   ,  0.0374811  ,  0.44242    ,  0.320945   ,  2.22503    ])
3806    , -337.004    , array([ 0.173779   ,  0.0438254  ,  0.424743   ,  0.320945   ,  2.22503    ])
3807    , -332.091    , array([ 0.173779   ,  0.0438254  ,  0.44242    ,  0.303216   ,  2.22503    ])
3808    , -332.338    , array([ 0.173779   ,  0.0438254  ,  0.44242    ,  0.320945   ,  2.31581    ])
3809    , -324.279    , array([ 0.189669   ,  0.0411681  ,  0.435262   ,  0.313732   ,  2.26091    ])
3810    , -319.512    , array([ 0.207013   ,  0.0399004  ,  0.431727   ,  0.310187   ,  2.27906    ])
3811    , -322.323    , array([ 0.186379   ,  0.0396516  ,  0.456344   ,  0.309483   ,  2.28271    ])
3812    , -322.819    , array([ 0.191671   ,  0.0474192  ,  0.443576   ,  0.305013   ,  2.3062     ])
3813    , -318.746    , array([ 0.199334   ,  0.0418535  ,  0.444039   ,  0.298864   ,  2.21211    ])
3814    , -316.256    , array([ 0.213488   ,  0.0409011  ,  0.444851   ,  0.2884     ,  2.16202    ])
3815    , -316.182    , array([ 0.216437   ,  0.0407133  ,  0.445013   ,  0.286352   ,  2.27606    ])
3816    , -319.393    , array([ 0.241546   ,  0.0392411  ,  0.446316   ,  0.27048    ,  2.30201    ])
3817    , -318.262    , array([ 0.236301   ,  0.0395312  ,  0.446055   ,  0.296236   ,  2.2968     ])
3818    , -325.523    , array([ 0.232953   ,  0.0339708  ,  0.445886   ,  0.291071   ,  2.21234    ])
3819    , -318.07     , array([ 0.20125    ,  0.0436257  ,  0.444152   ,  0.301466   ,  2.28237    ])
3820    , -317.21     , array([ 0.247038   ,  0.0422076  ,  0.42874    ,  0.283872   ,  2.23497    ])
3821    , -317.176    , array([ 0.23871    ,  0.0428983  ,  0.45193    ,  0.273359   ,  2.22113    ])
3822    , -316.218    , array([ 0.209973   ,  0.0447381  ,  0.439709   ,  0.277178   ,  2.17464    ])
3823    , -319.558    , array([ 0.250765   ,  0.0409496  ,  0.439821   ,  0.263369   ,  2.14647    ])
3824    , -315.87     , array([ 0.212627   ,  0.0429407  ,  0.443065   ,  0.291454   ,  2.24761    ])
3825    , -318.795    , array([ 0.192389   ,  0.0426179  ,  0.46166    ,  0.282658   ,  2.19694    ])
3826    , -315.645    , array([ 0.232069   ,  0.0423098  ,  0.436743   ,  0.283568   ,  2.2254     ])
3827    , -321.36     , array([ 0.196866   ,  0.0417007  ,  0.432024   ,  0.297864   ,  2.21233    ])
3828    , -315.456    , array([ 0.227481   ,  0.0425957  ,  0.446869   ,  0.27929    ,  2.21893    ])
3829    , -314.973    , array([ 0.225786   ,  0.044453   ,  0.439694   ,  0.278728   ,  2.29656    ])
3830    , -315.179    , array([ 0.232199   ,  0.0463429  ,  0.437138   ,  0.274014   ,  2.36694    ])
likelihood = -314.97
theta = 680.06
Optimized parameters = [0.22578646 0.04445297 0.43969421 0.27872803 2.2965593 ]

Round_4_Replicate_4
3831    , -355.847    , array([ 0.281656   ,  0.066653   ,  0.451773   ,  0.294786   ,  0.99726    ])
3832    , -349.5      , array([ 0.264366   ,  0.066653   ,  0.451773   ,  0.294786   ,  0.99726    ])
3833    , -341.677    , array([ 0.281656   ,  0.0582117  ,  0.451773   ,  0.294786   ,  0.99726    ])
3834    , -347.444    , array([ 0.281656   ,  0.066653   ,  0.434176   ,  0.294786   ,  0.99726    ])
3835    , -356.207    , array([ 0.281656   ,  0.066653   ,  0.451773   ,  0.277321   ,  0.99726    ])
3836    , -355.847    , array([ 0.281656   ,  0.066653   ,  0.451773   ,  0.294786   ,  0.997124   ])
3837    , -343.063    , array([ 0.274609   ,  0.0631388  ,  0.44465    ,  0.313351   ,  0.997206   ])
3838    , -338.866    , array([ 0.271839   ,  0.0617855  ,  0.441833   ,  0.302076   ,  0.997375   ])
3839    , -332.049    , array([ 0.267059   ,  0.0594867  ,  0.436945   ,  0.305789   ,  0.997501   ])
3840    , -330.814    , array([ 0.266114   ,  0.0590373  ,  0.435974   ,  0.306537   ,  0.997335   ])
3841    , -322.469    , array([ 0.258667   ,  0.0555623  ,  0.428283   ,  0.312587   ,  0.997372   ])
3842    , -328.098    , array([ 0.281058   ,  0.0548922  ,  0.426761   ,  0.313811   ,  0.997379   ])
3843    , -323.214    , array([ 0.263579   ,  0.0507911  ,  0.441008   ,  0.32176    ,  0.997427   ])
3844    , -320.293    , array([ 0.265948   ,  0.0491482  ,  0.429205   ,  0.30592    ,  0.99757    ])
3845    , -318.133    , array([ 0.26172    ,  0.0433624  ,  0.421685   ,  0.302271   ,  0.997753   ])
3846    , -313.855    , array([ 0.251789   ,  0.0473843  ,  0.410951   ,  0.328465   ,  0.997713   ])
3847    , -314.905    , array([ 0.238065   ,  0.042751   ,  0.391946   ,  0.346721   ,  0.997939   ])
3848    , -317.486    , array([ 0.259371   ,  0.0423361  ,  0.4146     ,  0.325837   ,  0.997556   ])
3849    , -315.373    , array([ 0.238662   ,  0.0413523  ,  0.419613   ,  0.32232    ,  0.997749   ])
3850    , -315.581    , array([ 0.244577   ,  0.0411631  ,  0.39806    ,  0.314576   ,  0.99783    ])
3851    , -330.014    , array([ 0.243701   ,  0.0333738  ,  0.398063   ,  0.324631   ,  0.998069   ])
3852    , -315.758    , array([ 0.254841   ,  0.0489144  ,  0.420519   ,  0.315555   ,  0.997546   ])
3853    , -313.327    , array([ 0.238306   ,  0.0448748  ,  0.403844   ,  0.341535   ,  0.997605   ])
3854    , -314.701    , array([ 0.227396   ,  0.0456506  ,  0.395208   ,  0.363039   ,  0.997531   ])
3855    , -312.877    , array([ 0.232453   ,  0.0470459  ,  0.406449   ,  0.322852   ,  0.997821   ])
3856    , -315.105    , array([ 0.220061   ,  0.0495938  ,  0.402434   ,  0.32137    ,  0.997953   ])
3857    , -318.126    , array([ 0.228041   ,  0.0400894  ,  0.39531    ,  0.336435   ,  0.997941   ])
3858    , -313.693    , array([ 0.24786    ,  0.0465409  ,  0.41407    ,  0.32065    ,  0.997645   ])
likelihood = -312.88
theta = 663.42
Optimized parameters = [0.23245332 0.04704589 0.40644884 0.32285222 0.99782067]

Round_4_Replicate_5
3859    , -311.743    , array([ 0.37417    ,  0.0899229  ,  0.224832   ,  0.553534   ,  2.17461    ])
3860    , -314.83     , array([ 0.356223   ,  0.0899229  ,  0.224832   ,  0.553534   ,  2.17461    ])
3861    , -309.396    , array([ 0.37417    ,  0.0797194  ,  0.224832   ,  0.553534   ,  2.17461    ])
3862    , -312.717    , array([ 0.37417    ,  0.0899229  ,  0.208666   ,  0.553534   ,  2.17461    ])
3863    , -311.652    , array([ 0.37417    ,  0.0899229  ,  0.224832   ,  0.537405   ,  2.17461    ])
3864    , -311.982    , array([ 0.37417    ,  0.0899229  ,  0.224832   ,  0.553534   ,  2.26074    ])
3865    , -308.509    , array([ 0.393021   ,  0.0856935  ,  0.21822    ,  0.547025   ,  2.20867    ])
3866    , -307.279    , array([ 0.412821   ,  0.0836539  ,  0.214988   ,  0.543799   ,  2.22589    ])
3867    , -309.289    , array([ 0.389176   ,  0.0832519  ,  0.237951   ,  0.543156   ,  2.22935    ])
3868    , -307.659    , array([ 0.395346   ,  0.0807242  ,  0.225908   ,  0.53906    ,  2.13246    ])
3869    , -307.841    , array([ 0.404148   ,  0.0773138  ,  0.22634    ,  0.533377   ,  2.19962    ])
3870    , -309.478    , array([ 0.416801   ,  0.0727799  ,  0.226946   ,  0.547735   ,  2.20971    ])
3871    , -308.003    , array([ 0.405708   ,  0.076732   ,  0.226416   ,  0.545134   ,  2.20088    ])
3872    , -309.019    , array([ 0.430514   ,  0.0808506  ,  0.227585   ,  0.528532   ,  2.22035    ])
3873    , -308.234    , array([ 0.430969   ,  0.0765189  ,  0.21124    ,  0.532781   ,  2.16233    ])
3874    , -309.1      , array([ 0.389753   ,  0.077075   ,  0.214375   ,  0.54928    ,  2.14822    ])
3875    , -307.878    , array([ 0.41994    ,  0.0798897  ,  0.224208   ,  0.533644   ,  2.20209    ])
3876    , -309.11     , array([ 0.385324   ,  0.0828547  ,  0.236532   ,  0.545252   ,  2.222      ])
3877    , -307.629    , array([ 0.419074   ,  0.0780559  ,  0.217297   ,  0.535872   ,  2.17709    ])
3878    , -307.132    , array([ 0.414657   ,  0.0831919  ,  0.217079   ,  0.529256   ,  2.17361    ])
3879    , -307.035    , array([ 0.419206   ,  0.086623   ,  0.212556   ,  0.521492   ,  2.1601     ])
3880    , -307.565    , array([ 0.400324   ,  0.0825322  ,  0.214587   ,  0.535693   ,  2.15575    ])
3881    , -307.138    , array([ 0.414388   ,  0.0875395  ,  0.20808    ,  0.53689    ,  2.14084    ])
3882    , -306.572    , array([ 0.431661   ,  0.0866039  ,  0.201733   ,  0.530374   ,  2.21174    ])
3883    , -306.182    , array([ 0.451051   ,  0.0897025  ,  0.190634   ,  0.526083   ,  2.25248    ])
3884    , -308.183    , array([ 0.419375   ,  0.0946881  ,  0.199028   ,  0.52961    ,  2.19609    ])
3885    , -307.021    , array([ 0.419149   ,  0.0819178  ,  0.212578   ,  0.534299   ,  2.18183    ])
likelihood = -306.18
theta = 381.28
Optimized parameters = [0.45105052 0.08970252 0.19063412 0.52608342 2.25248312]
