
Round_1_Replicate_1
1       , -6620.4     , array([ 4.9764     ,  7.76537    ,  0.401823   ])
2       , -6764.29    , array([ 5.39214    ,  7.76537    ,  0.401823   ])
3       , -6732.91    , array([ 4.9764     ,  8.6034     ,  0.401823   ])
4       , -6737.19    , array([ 4.9764     ,  7.76537    ,  0.383916   ])
5       , -6621.92    , array([ 4.59272    ,  8.31446    ,  0.389795   ])
6       , -6577.27    , array([ 4.71721    ,  8.70192    ,  0.412129   ])
7       , -6489.95    , array([ 4.59272    ,  9.21175    ,  0.427004   ])
likelihood = -6489.95
theta = 83.57
Optimized parameters = [4.59271876 9.21174782 0.42700435]

Round_1_Replicate_2
8       , -558.004    , array([ 0.554192   ,  0.551542   ,  1.69935    ])
9       , -562.777    , array([ 0.538075   ,  0.551542   ,  1.69935    ])
10      , -555.327    , array([ 0.554192   ,  0.535375   ,  1.69935    ])
11      , -560.822    , array([ 0.554192   ,  0.551542   ,  1.74501    ])
12      , -553.624    , array([ 0.570791   ,  0.54071    ,  1.72966    ])
13      , -549.592    , array([ 0.587887   ,  0.535375   ,  1.74501    ])
14      , -547.929    , array([ 0.576434   ,  0.530091   ,  1.6844     ])
15      , -542.175    , array([ 0.587887   ,  0.519681   ,  1.65489    ])
likelihood = -542.17
theta = 163.11
Optimized parameters = [0.5878871  0.51968084 1.65489112]

Round_1_Replicate_3
16      , -3325.86    , array([ 0.42835    ,  2.66099    ,  0.149086   ])
17      , -3245.41    , array([ 0.410571   ,  2.66099    ,  0.149086   ])
18      , -3343.78    , array([ 0.42835    ,  2.79445    ,  0.149086   ])
19      , -3538.85    , array([ 0.42835    ,  2.66099    ,  0.135553   ])
20      , -3081.96    , array([ 0.416414   ,  2.74923    ,  0.16397    ])
21      , -2870.92    , array([ 0.410571   ,  2.79445    ,  0.180341   ])
22      , -2949.65    , array([ 0.40481    ,  2.61794    ,  0.169255   ])
likelihood = -2870.92
theta = 193.31
Optimized parameters = [0.41057098 2.79444614 0.1803406 ]

Round_1_Replicate_4
23      , -2551.02    , array([ 1.82733    ,  0.300452   ,  0.153286   ])
24      , -2565.55    , array([ 1.88325    ,  0.300452   ,  0.153286   ])
25      , -2460.61    , array([ 1.82733    ,  0.28292    ,  0.153286   ])
26      , -2728.81    , array([ 1.82733    ,  0.300452   ,  0.139566   ])
27      , -2334.96    , array([ 1.86442    ,  0.288647   ,  0.168356   ])
28      , -2157.81    , array([ 1.88325    ,  0.28292    ,  0.184907   ])
29      , -2213.61    , array([ 1.80906    ,  0.277307   ,  0.173701   ])
likelihood = -2157.81
theta = 151.06
Optimized parameters = [1.88325021 0.28292025 0.18490691]

Round_1_Replicate_5
30      , -575.239    , array([ 0.503191   ,  0.454161   ,  1.85115    ])
31      , -582.407    , array([ 0.486205   ,  0.454161   ,  1.85115    ])
32      , -574.102    , array([ 0.503191   ,  0.436587   ,  1.85115    ])
33      , -580.553    , array([ 0.503191   ,  0.454161   ,  1.90903    ])
34      , -571.21     , array([ 0.520771   ,  0.442368   ,  1.88954    ])
35      , -566.267    , array([ 0.538964   ,  0.436587   ,  1.90903    ])
36      , -563.331    , array([ 0.526766   ,  0.430881   ,  1.83224    ])
37      , -555.538    , array([ 0.538964   ,  0.419692   ,  1.79502    ])
likelihood = -555.54
theta = 170.45
Optimized parameters = [0.53896403 0.41969218 1.79501639]

Round_1_Replicate_6
38      , -2353.84    , array([ 3.6847     ,  0.470372   ,  0.303413   ])
39      , -2381.8     , array([ 3.93299    ,  0.470372   ,  0.303413   ])
40      , -2302.24    , array([ 3.6847     ,  0.452964   ,  0.303413   ])
41      , -2450.48    , array([ 3.6847     ,  0.470372   ,  0.285849   ])
42      , -2246.35    , array([ 3.84842    ,  0.458694   ,  0.322057   ])
43      , -2151.98    , array([ 3.93299    ,  0.452964   ,  0.341846   ])
44      , -2156.96    , array([ 3.60547    ,  0.447306   ,  0.328523   ])
likelihood = -2151.98
theta = 106.02
Optimized parameters = [3.93298616 0.45296409 0.34184645]

Round_1_Replicate_7
45      , -844.289    , array([ 1.13844    ,  0.133063   ,  6.19763    ])
46      , -843.304    , array([ 1.14584    ,  0.133063   ,  6.19763    ])
47      , -854.538    , array([ 1.13844    ,  0.120299   ,  6.19763    ])
48      , -865.305    , array([ 1.13844    ,  0.133063   ,  6.78948    ])
49      , -831.474    , array([ 1.14337    ,  0.124411   ,  5.65736    ])
50      , -817.504    , array([ 1.14584    ,  0.120299   ,  5.1642     ])
51      , -811.639    , array([ 1.14832    ,  0.137612   ,  5.48795    ])
52      , -774.768    , array([ 1.1533     ,  0.147182   ,  5.1642     ])
likelihood = -774.77
theta = 89.34
Optimized parameters = [1.15329537 0.14718203 5.164198  ]

Round_1_Replicate_8
53      , -2443       , array([ 4.38568    ,  0.188979   ,  0.130828   ])
54      , -2460.94    , array([ 4.72214    ,  0.188979   ,  0.130828   ])
55      , -2330.98    , array([ 4.38568    ,  0.173874   ,  0.130828   ])
56      , -2600.87    , array([ 4.38568    ,  0.188979   ,  0.118178   ])
57      , -2238.65    , array([ 4.60721    ,  0.17877    ,  0.144833   ])
58      , -2084.06    , array([ 4.72214    ,  0.173874   ,  0.160336   ])
59      , -2111.46    , array([ 4.27894    ,  0.169112   ,  0.149826   ])
likelihood = -2084.06
theta = 129.84
Optimized parameters = [4.72213564 0.17387381 0.16033601]

Round_1_Replicate_9
60      , -778.465    , array([ 0.146287   ,  0.421791   ,  0.501495   ])
61      , -822.873    , array([ 0.132882   ,  0.421791   ,  0.501495   ])
62      , -763.242    , array([ 0.146287   ,  0.403973   ,  0.501495   ])
63      , -776.848    , array([ 0.146287   ,  0.421791   ,  0.484485   ])
64      , -726.664    , array([ 0.161045   ,  0.409827   ,  0.49009    ])
65      , -685.908    , array([ 0.177291   ,  0.403973   ,  0.484485   ])
66      , -703.518    , array([ 0.166288   ,  0.398202   ,  0.478944   ])
likelihood = -685.91
theta = 297.78
Optimized parameters = [0.17729087 0.40397292 0.48448477]

Round_1_Replicate_10
67      , -3151.21    , array([ 4.54946    ,  1.55574    ,  0.577652   ])
68      , -3205.75    , array([ 4.90748    ,  1.55574    ,  0.577652   ])
69      , -3187.64    , array([ 4.54946    ,  1.5905     ,  0.577652   ])
70      , -3207.46    , array([ 4.54946    ,  1.55574    ,  0.562018   ])
71      , -3156.3     , array([ 4.78511    ,  1.57883    ,  0.593722   ])
72      , -3122.73    , array([ 4.36198    ,  1.59441    ,  0.588316   ])
73      , -3078.53    , array([ 4.11241    ,  1.61411    ,  0.593722   ])
likelihood = -3078.53
theta = 82.28
Optimized parameters = [4.11240795 1.61410885 0.59372207]

Round_2_Replicate_1
74      , -1251.57    , array([ 0.148497   ,  1.25941    ,  1.91264    ])
75      , -1302.58    , array([ 0.134991   ,  1.25941    ,  1.91264    ])
76      , -1255.57    , array([ 0.148497   ,  1.27402    ,  1.91264    ])
77      , -1256.3     , array([ 0.148497   ,  1.25941    ,  1.97567    ])
78      , -1207.67    , array([ 0.163355   ,  1.26913    ,  1.95443    ])
79      , -1162.46    , array([ 0.179699   ,  1.27402    ,  1.97567    ])
80      , -1190.18    , array([ 0.168631   ,  1.27892    ,  1.89208    ])
81      , -1148.2     , array([ 0.183548   ,  1.2675     ,  1.9404     ])
82      , -1097.5     , array([ 0.204063   ,  1.26426    ,  1.95443    ])
83      , -1055.15    , array([ 0.226872   ,  1.2855     ,  1.96857    ])
84      , -968.15     , array([ 0.280422   ,  1.29874    ,  1.99714    ])
likelihood = -968.15
theta = 147.31
Optimized parameters = [0.28042183 1.29874152 1.99713898]

Round_2_Replicate_2
85      , -1039.72    , array([ 0.407542   ,  0.144217   ,  5.09709    ])
86      , -1055.21    , array([ 0.389655   ,  0.144217   ,  5.09709    ])
87      , -1049.02    , array([ 0.407542   ,  0.130909   ,  5.09709    ])
88      , -1069.88    , array([ 0.407542   ,  0.144217   ,  5.52953    ])
89      , -1025.8     , array([ 0.395528   ,  0.135202   ,  4.69847    ])
90      , -996.27     , array([ 0.389655   ,  0.130909   ,  4.33102    ])
91      , -1008.31    , array([ 0.413684   ,  0.126751   ,  4.57265    ])
92      , -971.224    , array([ 0.399493   ,  0.136665   ,  4.25335    ])
93      , -931.909    , array([ 0.395528   ,  0.139637   ,  3.8854     ])
94      , -921.597    , array([ 0.391603   ,  0.121412   ,  3.54928    ])
95      , -866.465    , array([ 0.383869   ,  0.1114     ,  2.96175    ])
likelihood = -866.47
theta = 170.15
Optimized parameters = [0.38386935 0.11140026 2.96174934]

Round_2_Replicate_3
96      , -1399.38    , array([ 0.187836   ,  1.90102    ,  4.67541    ])
97      , -1447.81    , array([ 0.17277    ,  1.90102    ,  4.67541    ])
98      , -1408.56    , array([ 0.187836   ,  1.96307    ,  4.67541    ])
99      , -1420.98    , array([ 0.187836   ,  1.90102    ,  5.05023    ])
100     , -1371.22    , array([ 0.204216   ,  1.94217    ,  4.92206    ])
101     , -1350.91    , array([ 0.222025   ,  1.96307    ,  5.05023    ])
102     , -1357.61    , array([ 0.209988   ,  1.98421    ,  4.55676    ])
103     , -1323.33    , array([ 0.226189   ,  1.93525    ,  4.83843    ])
104     , -1273.08    , array([ 0.248208   ,  1.92149    ,  4.92206    ])
105     , -1264.92    , array([ 0.272372   ,  2.01273    ,  5.00714    ])
106     , -1179.22    , array([ 0.327984   ,  2.07103    ,  5.18173    ])
likelihood = -1179.22
theta = 84.15
Optimized parameters = [0.32798431 2.07102719 5.18172791]

Round_2_Replicate_4
107     , -610.736    , array([ 1.6442     ,  0.362366   ,  3.50528    ])
108     , -614.116    , array([ 1.68559    ,  0.362366   ,  3.50528    ])
109     , -617.084    , array([ 1.6442     ,  0.344433   ,  3.50528    ])
110     , -613.279    , array([ 1.6442     ,  0.362366   ,  3.73215    ])
111     , -608.046    , array([ 1.67168    ,  0.381233   ,  3.65494    ])
112     , -603.847    , array([ 1.68559    ,  0.401082   ,  3.73215    ])
113     , -605.06     , array([ 1.63063    ,  0.387738   ,  3.81099    ])
114     , -600.252    , array([ 1.66246    ,  0.405631   ,  3.62956    ])
115     , -595.125    , array([ 1.67168    ,  0.429164   ,  3.57933    ])
116     , -592.064    , array([ 1.68094    ,  0.454062   ,  3.9187     ])
117     , -584.609    , array([ 1.69961    ,  0.508275   ,  4.14336    ])
likelihood = -584.61
theta = 78.46
Optimized parameters = [1.69961456 0.50827465 4.14335554]

Round_2_Replicate_5
118     , -1143.53    , array([ 0.272944   ,  0.181397   ,  4.89695    ])
119     , -1175.64    , array([ 0.255786   ,  0.181397   ,  4.89695    ])
120     , -1158.34    , array([ 0.272944   ,  0.166557   ,  4.89695    ])
121     , -1179.62    , array([ 0.272944   ,  0.181397   ,  5.30178    ])
122     , -1128.86    , array([ 0.261382   ,  0.171364   ,  4.52303    ])
123     , -1103.7     , array([ 0.255786   ,  0.166557   ,  4.17766    ])
124     , -1096.51    , array([ 0.278915   ,  0.161885   ,  4.40484    ])
125     , -1062.73    , array([ 0.291253   ,  0.15293    ,  4.17766    ])
126     , -1051.38    , array([ 0.272944   ,  0.166557   ,  3.96219    ])
127     , -998.84     , array([ 0.272944   ,  0.166557   ,  3.56402    ])
128     , -971.94     , array([ 0.272944   ,  0.144471   ,  3.20587    ])
129     , -897.47     , array([ 0.272944   ,  0.128931   ,  2.59391    ])
likelihood = -897.47
theta = 195.86
Optimized parameters = [0.27294397 0.12893088 2.59391186]

Round_2_Replicate_6
130     , -647.064    , array([ 0.603194   ,  0.597255   ,  0.820799   ])
131     , -642.248    , array([ 0.588138   ,  0.597255   ,  0.820799   ])
132     , -637.968    , array([ 0.603194   ,  0.58206    ,  0.820799   ])
133     , -650.828    , array([ 0.603194   ,  0.597255   ,  0.812734   ])
134     , -634.225    , array([ 0.593115   ,  0.587082   ,  0.828943   ])
135     , -626.395    , array([ 0.588138   ,  0.58206    ,  0.837169   ])
136     , -624.276    , array([ 0.583204   ,  0.577081   ,  0.831676   ])
137     , -613.715    , array([ 0.573459   ,  0.567252   ,  0.837169   ])
138     , -610.094    , array([ 0.588138   ,  0.557589   ,  0.842698   ])
139     , -595.403    , array([ 0.588138   ,  0.538756   ,  0.853865   ])
140     , -588.467    , array([ 0.563877   ,  0.543403   ,  0.865181   ])
141     , -568.821    , array([ 0.54519    ,  0.525049   ,  0.888264   ])
likelihood = -568.82
theta = 188.01
Optimized parameters = [0.5451903  0.52504886 0.88826396]

Round_2_Replicate_7
142     , -1261.69    , array([ 0.225701   ,  1.58883    ,  4.24011    ])
143     , -1277.06    , array([ 0.209512   ,  1.58883    ,  4.24011    ])
144     , -1267.68    , array([ 0.225701   ,  1.62605    ,  4.24011    ])
145     , -1255.87    , array([ 0.225701   ,  1.58883    ,  4.5577     ])
146     , -1237.69    , array([ 0.24314    ,  1.61355    ,  4.44928    ])
147     , -1194       , array([ 0.261927   ,  1.62605    ,  4.5577     ])
148     , -1232.3     , array([ 0.249247   ,  1.57662    ,  4.66876    ])
149     , -1219.19    , array([ 0.266295   ,  1.60527    ,  4.97835    ])
150     , -1153.35    , array([ 0.297337   ,  1.61631    ,  4.9122     ])
151     , -1097.29    , array([ 0.341277   ,  1.63023    ,  5.09967    ])
likelihood = -1097.29
theta = 90.7
Optimized parameters = [0.34127704 1.63023298 5.09966575]

Round_2_Replicate_8
152     , -1037.22    , array([ 0.240043   ,  1.40399    ,  1.01078    ])
153     , -1064.64    , array([ 0.223514   ,  1.40399    ,  1.01078    ])
154     , -1043.64    , array([ 0.240043   ,  1.42802    ,  1.01078    ])
155     , -1037.2     , array([ 0.240043   ,  1.40399    ,  1.01132    ])
156     , -1015.78    , array([ 0.257795   ,  1.41996    ,  1.01114    ])
157     , -994.137    , array([ 0.27686    ,  1.42802    ,  1.01132    ])
158     , -1001.15    , array([ 0.264      ,  1.39608    ,  1.0115     ])
159     , -985.503    , array([ 0.281285   ,  1.41462    ,  1.01198    ])
160     , -963.585    , array([ 0.304491   ,  1.41996    ,  1.01258    ])
161     , -944.838    , array([ 0.329612   ,  1.42533    ,  1.01228    ])
162     , -917.81     , array([ 0.386242   ,  1.43612    ,  1.01276    ])
likelihood = -917.81
theta = 160.69
Optimized parameters = [0.38624217 1.43611615 1.01276409]

Round_2_Replicate_9
163     , -626.025    , array([ 0.956696   ,  0.448728   ,  4.26447    ])
164     , -626.387    , array([ 0.954581   ,  0.448728   ,  4.26447    ])
165     , -630.084    , array([ 0.956696   ,  0.431105   ,  4.26447    ])
166     , -644.627    , array([ 0.956696   ,  0.448728   ,  4.5852     ])
167     , -611.844    , array([ 0.955285   ,  0.436901   ,  3.96617    ])
168     , -597.815    , array([ 0.954581   ,  0.431105   ,  3.68874    ])
169     , -603.311    , array([ 0.953877   ,  0.454762   ,  3.87145    ])
170     , -592.738    , array([ 0.95552    ,  0.440808   ,  3.62978    ])
171     , -579.161    , array([ 0.955991   ,  0.436901   ,  3.34879    ])
172     , -567.918    , array([ 0.952939   ,  0.433028   ,  3.08955    ])
173     , -550.54     , array([ 0.951066   ,  0.425385   ,  2.62972    ])
likelihood = -550.54
theta = 120.86
Optimized parameters = [0.95106582 0.42538531 2.62972296]

Round_2_Replicate_10
174     , -1676.79    , array([ 2.13451    ,  0.884956   ,  0.66028    ])
175     , -1699.85    , array([ 2.21699    ,  0.884956   ,  0.66028    ])
176     , -1670.9     , array([ 2.13451    ,  0.879565   ,  0.66028    ])
177     , -1703.77    , array([ 2.13451    ,  0.884956   ,  0.646717   ])
178     , -1661.61    , array([ 2.18915    ,  0.881358   ,  0.674127   ])
179     , -1641.05    , array([ 2.21699    ,  0.879565   ,  0.688264   ])
180     , -1626.25    , array([ 2.10771    ,  0.877775   ,  0.678806   ])
181     , -1590.17    , array([ 2.0551     ,  0.874206   ,  0.688264   ])
182     , -1592.05    , array([ 2.13451    ,  0.870652   ,  0.697853   ])
183     , -1547.1     , array([ 2.13451    ,  0.870061   ,  0.724083   ])
184     , -1488.98    , array([ 2.13451    ,  0.865348   ,  0.758261   ])
likelihood = -1488.98
theta = 102.98
Optimized parameters = [2.13451304 0.86534779 0.75826073]

Round_3_Replicate_1
185     , -837.944    , array([ 0.272031   ,  0.63463    ,  2.29794    ])
186     , -864.926    , array([ 0.254888   ,  0.63463    ,  2.29794    ])
187     , -835.379    , array([ 0.272031   ,  0.620364   ,  2.29794    ])
188     , -848.247    , array([ 0.272031   ,  0.63463    ,  2.39555    ])
189     , -816.838    , array([ 0.290327   ,  0.625083   ,  2.36256    ])
190     , -794.048    , array([ 0.309854   ,  0.620364   ,  2.39555    ])
191     , -796.907    , array([ 0.296695   ,  0.61568    ,  2.26629    ])
192     , -780.42     , array([ 0.314368   ,  0.603362   ,  2.34082    ])
193     , -753.778    , array([ 0.337947   ,  0.588311   ,  2.36256    ])
194     , -731.474    , array([ 0.363295   ,  0.595789   ,  2.3845     ])
195     , -686.622    , array([ 0.419836   ,  0.583869   ,  2.429      ])
196     , -695.149    , array([ 0.419836   ,  0.579461   ,  2.53218    ])
197     , -642.051    , array([ 0.492245   ,  0.549522   ,  2.48579    ])
198     , -590.059    , array([ 0.620431   ,  0.517195   ,  2.53218    ])
199     , -581.33     , array([ 0.676684   ,  0.531768   ,  2.63974    ])
200     , -550.107    , array([ 0.957533   ,  0.505569   ,  2.7903     ])
201     , -546.139    , array([ 0.943783   ,  0.492957   ,  2.62757    ])
202     , -572.987    , array([ 1.41504    ,  0.454676   ,  2.6766     ])
203     , -594.149    , array([ 1.61957    ,  0.437033   ,  2.8865     ])
204     , -551.8      , array([ 1.15563    ,  0.469855   ,  2.76462    ])
likelihood = -546.14
theta = 119.26
Optimized parameters = [0.94378256 0.49295732 2.62756667]

Round_3_Replicate_2
205     , -1190.38    , array([ 0.159348   ,  1.24191    ,  0.430685   ])
206     , -1219.13    , array([ 0.145366   ,  1.24191    ,  0.430685   ])
207     , -1194.39    , array([ 0.159348   ,  1.25544    ,  0.430685   ])
208     , -1196.78    , array([ 0.159348   ,  1.24191    ,  0.412921   ])
209     , -1175.41    , array([ 0.174674   ,  1.25092    ,  0.418759   ])
210     , -1165       , array([ 0.191475   ,  1.25544    ,  0.412921   ])
211     , -1163.2     , array([ 0.180104   ,  1.25998    ,  0.436774   ])
212     , -1148.19    , array([ 0.191475   ,  1.26911    ,  0.449212   ])
213     , -1146.17    , array([ 0.203563   ,  1.25544    ,  0.430685   ])
214     , -1139.81    , array([ 0.230079   ,  1.25544    ,  0.430685   ])
215     , -1154       , array([ 0.260048   ,  1.27831    ,  0.430685   ])
216     , -1124.22    , array([ 0.265409   ,  1.27985    ,  0.462004   ])
217     , -1121.61    , array([ 0.312478   ,  1.29224    ,  0.488692   ])
218     , -1108.96    , array([ 0.220877   ,  1.26606    ,  0.481879   ])
219     , -1107.32    , array([ 0.203563   ,  1.25998    ,  0.509715   ])
220     , -1099.39    , array([ 0.312478   ,  1.26911    ,  0.502609   ])
221     , -1124.82    , array([ 0.399184   ,  1.26911    ,  0.531642   ])
222     , -1043.42    , array([ 0.31892    ,  1.29224    ,  0.58108    ])
223     , -999.604    , array([ 0.375478   ,  1.31104    ,  0.674954   ])
224     , -1016.76    , array([ 0.265409   ,  1.26759    ,  0.635115   ])
likelihood = -999.6
theta = 178.17
Optimized parameters = [0.37547787 1.31103503 0.67495429]

Round_3_Replicate_3
225     , -594.177    , array([ 1.18801    ,  0.483124   ,  4.30931    ])
226     , -593.46     , array([ 1.19829    ,  0.483124   ,  4.30931    ])
227     , -597.639    , array([ 1.18801    ,  0.465866   ,  4.30931    ])
228     , -608.03     , array([ 1.18801    ,  0.483124   ,  4.63583    ])
229     , -584.065    , array([ 1.19485    ,  0.471549   ,  4.00578    ])
230     , -575.04     , array([ 1.19829    ,  0.465866   ,  3.72363    ])
231     , -577.402    , array([ 1.20173    ,  0.489017   ,  3.90943    ])
232     , -571.348    , array([ 1.21097    ,  0.475376   ,  3.66368    ])
233     , -564.179    , array([ 1.22261    ,  0.471549   ,  3.3781     ])
234     , -559.197    , array([ 1.21678    ,  0.467753   ,  3.11478    ])
235     , -555.708    , array([ 1.22613    ,  0.460252   ,  2.64812    ])
236     , -557.499    , array([ 1.22966    ,  0.443811   ,  2.64812    ])
237     , -562.736    , array([ 1.25462    ,  0.451044   ,  2.21513    ])
238     , -574.79     , array([ 1.25102    ,  0.432595   ,  1.84294    ])
239     , -557.409    , array([ 1.22966    ,  0.461494   ,  2.90324    ])
240     , -565.535    , array([ 1.20288    ,  0.45922    ,  3.36594    ])
241     , -557.977    , array([ 1.24148    ,  0.453074   ,  2.45938    ])
242     , -559.022    , array([ 1.21561    ,  0.457162   ,  3.03165    ])
243     , -556.862    , array([ 1.23496    ,  0.454093   ,  2.59143    ])
likelihood = -555.71
theta = 106.96
Optimized parameters = [1.22613041 0.46025182 2.6481232 ]

Round_3_Replicate_4
244     , -1153.85    , array([ 0.239458   ,  0.453696   ,  4.79496    ])
245     , -1189.57    , array([ 0.222942   ,  0.453696   ,  4.79496    ])
246     , -1155.82    , array([ 0.239458   ,  0.436117   ,  4.79496    ])
247     , -1191.97    , array([ 0.239458   ,  0.453696   ,  5.1859     ])
248     , -1141.49    , array([ 0.228317   ,  0.4419     ,  4.43349    ])
249     , -1139.76    , array([ 0.222942   ,  0.436117   ,  4.09927    ])
250     , -1106.55    , array([ 0.245231   ,  0.43041    ,  4.31916    ])
251     , -1067.83    , array([ 0.257198   ,  0.41922    ,  4.09927    ])
252     , -1075.01    , array([ 0.239458   ,  0.436117   ,  3.89057    ])
253     , -1014.25    , array([ 0.239458   ,  0.40832    ,  3.38454    ])
254     , -943.15     , array([ 0.239458   ,  0.387363   ,  2.84352    ])
255     , -924.692    , array([ 0.26975    ,  0.392499   ,  3.10226    ])
256     , -833.898    , array([ 0.296719   ,  0.372354   ,  2.69876    ])
257     , -826.633    , array([ 0.289734   ,  0.353243   ,  2.56136    ])
258     , -727.59     , array([ 0.318701   ,  0.317914   ,  2.07826    ])
259     , -655.352    , array([ 0.311199   ,  0.305596   ,  1.54563    ])
260     , -513.142    , array([ 0.342312   ,  0.260916   ,  0.94909    ])
261     , -504.181    , array([ 0.424168   ,  0.254132   ,  1.07215    ])
262     , -488.02     , array([ 0.564536   ,  0.20584    ,  0.658351   ])
263     , -531.256    , array([ 0.525598   ,  0.178075   ,  0.441041   ])
likelihood = -488.02
theta = 220.68
Optimized parameters = [0.5645364  0.20584027 0.65835081]

Round_3_Replicate_5
264     , -597.027    , array([ 1.41637    ,  1.14743    ,  3.27143    ])
265     , -598.136    , array([ 1.44124    ,  1.14743    ,  3.27143    ])
266     , -598.057    , array([ 1.41637    ,  1.15535    ,  3.27143    ])
267     , -590.273    , array([ 1.41637    ,  1.14743    ,  3.47116    ])
268     , -592.294    , array([ 1.39193    ,  1.15271    ,  3.40327    ])
269     , -588.744    , array([ 1.40003    ,  1.14306    ,  3.49409    ])
270     , -585.166    , array([ 1.39193    ,  1.13696    ,  3.61104    ])
271     , -583.609    , array([ 1.38388    ,  1.14393    ,  3.73191    ])
272     , -580.575    , array([ 1.36792    ,  1.14219    ,  3.98591    ])
273     , -579.206    , array([ 1.39193    ,  1.13176    ,  3.98591    ])
274     , -576.846    , array([ 1.39193    ,  1.12143    ,  4.31364    ])
275     , -578.943    , array([ 1.35214    ,  1.11972    ,  4.51711    ])
276     , -583.998    , array([ 1.34952    ,  1.11858    ,  5.04106    ])
277     , -579.456    , array([ 1.36       ,  1.12315    ,  4.63767    ])
278     , -581.835    , array([ 1.36792    ,  1.10106    ,  5.05214    ])
279     , -578.566    , array([ 1.36792    ,  1.13176    ,  4.22926    ])
280     , -578.162    , array([ 1.38121    ,  1.12544    ,  4.08332    ])
281     , -579.799    , array([ 1.40909    ,  1.13272    ,  3.9194     ])
282     , -577.953    , array([ 1.36615    ,  1.12296    ,  4.35964    ])
likelihood = -576.85
theta = 76.4
Optimized parameters = [1.39193359 1.121433   4.31363606]

Round_4_Replicate_1
283     , -923.639    , array([ 1.10498    ,  0.214861   ,  0.379651   ])
284     , -925.74     , array([ 1.11051    ,  0.214861   ,  0.379651   ])
285     , -898.543    , array([ 1.10498    ,  0.19896    ,  0.379651   ])
286     , -954.113    , array([ 1.10498    ,  0.214861   ,  0.361704   ])
287     , -880.925    , array([ 1.10866    ,  0.204125   ,  0.398488   ])
288     , -850.098    , array([ 1.11051    ,  0.19896    ,  0.41826    ])
289     , -857.026    , array([ 1.10314    ,  0.193925   ,  0.404973   ])
290     , -824.618    , array([ 1.10743    ,  0.181114   ,  0.422785   ])
291     , -792.798    , array([ 1.10866    ,  0.166284   ,  0.446156   ])
292     , -779.216    , array([ 1.10989    ,  0.173541   ,  0.47082    ])
293     , -745.396    , array([ 1.11236    ,  0.162076   ,  0.524312   ])
294     , -747.004    , array([ 1.11792    ,  0.157975   ,  0.524312   ])
295     , -732.82     , array([ 1.11544    ,  0.13203    ,  0.590199   ])
296     , -738.421    , array([ 1.11792    ,  0.107554   ,  0.701091   ])
297     , -716.473    , array([ 1.12185    ,  0.135458   ,  0.666753   ])
298     , -710.683    , array([ 1.12851    ,  0.122259   ,  0.815086   ])
299     , -716.397    , array([ 1.11958    ,  0.120188   ,  0.761385   ])
300     , -732.422    , array([ 1.13004    ,  0.0959751  ,  0.97637    ])
301     , -729.873    , array([ 1.13672    ,  0.0952491  ,  1.21325    ])
302     , -698.464    , array([ 1.12646    ,  0.13037    ,  0.847665   ])
303     , -686.514    , array([ 1.12467    ,  0.151945   ,  0.789822   ])
304     , -755.794    , array([ 1.11191    ,  0.179347   ,  0.512399   ])
305     , -709.424    , array([ 1.13047    ,  0.111576   ,  0.978058   ])
306     , -686.107    , array([ 1.13625    ,  0.135258   ,  0.964851   ])
307     , -672.539    , array([ 1.14467    ,  0.143488   ,  1.08615    ])
308     , -666.657    , array([ 1.13799    ,  0.147944   ,  1.0914     ])
309     , -647.707    , array([ 1.14275    ,  0.162744   ,  1.26292    ])
likelihood = -647.71
theta = 144.38
Optimized parameters = [1.14275494 0.16274449 1.26291653]

Round_4_Replicate_2
310     , -469.174    , array([ 0.289971   ,  0.242624   ,  0.428341   ])
311     , -467.214    , array([ 0.272566   ,  0.242624   ,  0.428341   ])
312     , -453.834    , array([ 0.289971   ,  0.226037   ,  0.428341   ])
313     , -477.68     , array([ 0.289971   ,  0.242624   ,  0.410562   ])
314     , -452.157    , array([ 0.278248   ,  0.231436   ,  0.446889   ])
315     , -445.433    , array([ 0.272566   ,  0.226037   ,  0.466241   ])
316     , -443.458    , array([ 0.267      ,  0.220764   ,  0.453249   ])
317     , -438.567    , array([ 0.256206   ,  0.210585   ,  0.466241   ])
318     , -430.094    , array([ 0.272566   ,  0.200874   ,  0.479605   ])
319     , -428.191    , array([ 0.272566   ,  0.182776   ,  0.507494   ])
320     , -450.476    , array([ 0.245849   ,  0.187142   ,  0.537005   ])
321     , -437.766    , array([ 0.256206   ,  0.196188   ,  0.507494   ])
322     , -440.729    , array([ 0.250974   ,  0.170281   ,  0.522041   ])
323     , -434.289    , array([ 0.256206   ,  0.182776   ,  0.507494   ])
324     , -443.786    , array([ 0.267      ,  0.166309   ,  0.552398   ])
325     , -433.455    , array([ 0.258863   ,  0.198518   ,  0.48643    ])
326     , -425.646    , array([ 0.268842   ,  0.179923   ,  0.493353   ])
327     , -421.507    , array([ 0.275392   ,  0.172303   ,  0.48643    ])
328     , -422.627    , array([ 0.282102   ,  0.185675   ,  0.479605   ])
329     , -420.67     , array([ 0.295677   ,  0.163498   ,  0.495682   ])
330     , -424.534    , array([ 0.316002   ,  0.148378   ,  0.500374   ])
331     , -416.74     , array([ 0.296468   ,  0.164861   ,  0.467707   ])
332     , -416.662    , array([ 0.309195   ,  0.156574   ,  0.448999   ])
333     , -419.799    , array([ 0.304505   ,  0.144853   ,  0.473619   ])
334     , -425.514    , array([ 0.333536   ,  0.139042   ,  0.458737   ])
335     , -418.088    , array([ 0.288902   ,  0.163307   ,  0.479354   ])
336     , -415.76     , array([ 0.305891   ,  0.146416   ,  0.440234   ])
337     , -417.501    , array([ 0.31113    ,  0.138557   ,  0.414882   ])
338     , -416.081    , array([ 0.297924   ,  0.166449   ,  0.438829   ])
likelihood = -415.76
theta = 306.09
Optimized parameters = [0.3058913  0.1464162  0.44023447]

Round_4_Replicate_3
339     , -589.362    , array([ 0.571615   ,  0.153625   ,  0.380595   ])
340     , -579.507    , array([ 0.555852   ,  0.153625   ,  0.380595   ])
341     , -583.029    , array([ 0.571615   ,  0.13989    ,  0.380595   ])
342     , -605.657    , array([ 0.571615   ,  0.153625   ,  0.362649   ])
343     , -565.082    , array([ 0.561057   ,  0.144326   ,  0.399429   ])
344     , -550.226    , array([ 0.555852   ,  0.13989    ,  0.419196   ])
345     , -553.987    , array([ 0.550694   ,  0.13559    ,  0.405912   ])
346     , -537.357    , array([ 0.537174   ,  0.145836   ,  0.423719   ])
347     , -517.577    , array([ 0.52074    ,  0.148903   ,  0.447081   ])
348     , -519.285    , array([ 0.528893   ,  0.130061   ,  0.47173    ])
349     , -505.046    , array([ 0.519662   ,  0.143328   ,  0.488913   ])
350     , -488.426    , array([ 0.504809   ,  0.147361   ,  0.536577   ])
351     , -479.172    , array([ 0.48282    ,  0.143826   ,  0.558115   ])
352     , -470.785    , array([ 0.449985   ,  0.145836   ,  0.643988   ])
353     , -459.264    , array([ 0.455613   ,  0.166963   ,  0.610337   ])
354     , -452.822    , array([ 0.422873   ,  0.189171   ,  0.694238   ])
355     , -492.158    , array([ 0.402781   ,  0.171067   ,  0.86356    ])
356     , -468.181    , array([ 0.429494   ,  0.165234   ,  0.732514   ])
357     , -497.411    , array([ 0.373064   ,  0.186564   ,  0.885461   ])
358     , -467.336    , array([ 0.468048   ,  0.156313   ,  0.608158   ])
359     , -453.664    , array([ 0.429642   ,  0.19744    ,  0.710149   ])
360     , -453.088    , array([ 0.450244   ,  0.196227   ,  0.611552   ])
361     , -454.466    , array([ 0.402611   ,  0.241382   ,  0.73934    ])
362     , -450.14     , array([ 0.418058   ,  0.216534   ,  0.704105   ])
363     , -447.901    , array([ 0.430681   ,  0.203231   ,  0.629559   ])
364     , -449.266    , array([ 0.431202   ,  0.20619    ,  0.592762   ])
365     , -455.947    , array([ 0.398982   ,  0.209326   ,  0.745341   ])
366     , -449.524    , array([ 0.436842   ,  0.199423   ,  0.64256    ])
likelihood = -447.9
theta = 250.5
Optimized parameters = [0.43068144 0.20323129 0.62955917]

Round_4_Replicate_4
367     , -576.499    , array([ 0.860148   ,  0.308383   ,  0.839643   ])
368     , -574.289    , array([ 0.853694   ,  0.308383   ,  0.839643   ])
369     , -571.895    , array([ 0.860148   ,  0.290767   ,  0.839643   ])
370     , -578.409    , array([ 0.860148   ,  0.308383   ,  0.832338   ])
371     , -570.08     , array([ 0.85584    ,  0.296524   ,  0.847013   ])
372     , -566.451    , array([ 0.853694   ,  0.290767   ,  0.854448   ])
373     , -565.68     , array([ 0.851553   ,  0.285122   ,  0.849484   ])
374     , -561.557    , array([ 0.847287   ,  0.274157   ,  0.854448   ])
375     , -561.734    , array([ 0.853694   ,  0.263615   ,  0.85944    ])
376     , -556.033    , array([ 0.843043   ,  0.261897   ,  0.872896   ])
377     , -551.129    , array([ 0.834619   ,  0.248556   ,  0.890013   ])
378     , -553.816    , array([ 0.836717   ,  0.235894   ,  0.881413   ])
379     , -548.681    , array([ 0.825587   ,  0.241615   ,  0.891166   ])
380     , -544.346    , array([ 0.811882   ,  0.231314   ,  0.907466   ])
381     , -547.978    , array([ 0.808492   ,  0.207441   ,  0.93308    ])
382     , -541.034    , array([ 0.800189   ,  0.221291   ,  0.939545   ])
383     , -536.995    , array([ 0.782528   ,  0.214332   ,  0.970034   ])
384     , -542.794    , array([ 0.768466   ,  0.190268   ,  0.985434   ])
385     , -532.389    , array([ 0.766895   ,  0.215216   ,  0.97479    ])
386     , -525.674    , array([ 0.746906   ,  0.219212   ,  0.996339   ])
387     , -534.858    , array([ 0.722383   ,  0.186213   ,  1.06672    ])
388     , -521.016    , array([ 0.732371   ,  0.223156   ,  1.03562    ])
389     , -512.526    , array([ 0.714964   ,  0.241674   ,  1.06167    ])
390     , -515.79     , array([ 0.677192   ,  0.214609   ,  1.11732    ])
391     , -505.118    , array([ 0.702653   ,  0.27153    ,  1.04793    ])
392     , -504.217    , array([ 0.692991   ,  0.327886   ,  1.03866    ])
likelihood = -504.22
theta = 180.12
Optimized parameters = [0.6929914  0.32788562 1.03865697]

Round_4_Replicate_5
393     , -601.009    , array([ 0.738107   ,  0.122584   ,  1.30428    ])
394     , -599.449    , array([ 0.726985   ,  0.122584   ,  1.30428    ])
395     , -618.485    , array([ 0.738107   ,  0.110371   ,  1.30428    ])
396     , -602.372    , array([ 0.738107   ,  0.122584   ,  1.32172    ])
397     , -585.004    , array([ 0.730673   ,  0.136148   ,  1.31588    ])
398     , -570.629    , array([ 0.726985   ,  0.151213   ,  1.32172    ])
399     , -577.895    , array([ 0.723315   ,  0.140995   ,  1.29852    ])
400     , -565.363    , array([ 0.713618   ,  0.154781   ,  1.31201    ])
401     , -550.545    , array([ 0.70168    ,  0.173924   ,  1.31588    ])
402     , -539.31     , array([ 0.707624   ,  0.195435   ,  1.31977    ])
403     , -519.218    , array([ 0.698138   ,  0.246768   ,  1.32759    ])
404     , -519.953    , array([ 0.694613   ,  0.246768   ,  1.34534    ])
405     , -505.588    , array([ 0.670436   ,  0.318935   ,  1.33742    ])
406     , -515.982    , array([ 0.643833   ,  0.46319    ,  1.34534    ])
407     , -509.333    , array([ 0.673837   ,  0.415425   ,  1.35797    ])
408     , -508.593    , array([ 0.667051   ,  0.41435    ,  1.33654    ])
409     , -545.591    , array([ 0.643833   ,  0.585355   ,  1.3605     ])
410     , -507.356    , array([ 0.684147   ,  0.306247   ,  1.33574    ])
411     , -508.572    , array([ 0.673837   ,  0.283749   ,  1.3155     ])
412     , -526.248    , array([ 0.685302   ,  0.221024   ,  1.32253    ])
413     , -504.441    , array([ 0.671568   ,  0.354107   ,  1.33303    ])
414     , -506.046    , array([ 0.676876   ,  0.374114   ,  1.35559    ])
415     , -506.788    , array([ 0.661944   ,  0.396117   ,  1.34824    ])
416     , -505.214    , array([ 0.667426   ,  0.371437   ,  1.3451     ])
417     , -504.19     , array([ 0.662813   ,  0.322709   ,  1.32164    ])
418     , -504.833    , array([ 0.655892   ,  0.299719   ,  1.30499    ])
likelihood = -504.19
theta = 176.11
Optimized parameters = [0.66281326 0.32270863 1.32164142]

Round_1_Replicate_1
1296    , -1440.54    , array([ 0.258486   ,  0.350368   ,  0.149355   ])
1297    , -1392.44    , array([ 0.241579   ,  0.350368   ,  0.149355   ])
1298    , -1401.31    , array([ 0.258486   ,  0.332469   ,  0.149355   ])
1299    , -1579.04    , array([ 0.258486   ,  0.350368   ,  0.135809   ])
1300    , -1258.88    , array([ 0.247088   ,  0.338332   ,  0.164251   ])
1301    , -1121.53    , array([ 0.241579   ,  0.332469   ,  0.180633   ])
1302    , -1169.96    , array([ 0.236193   ,  0.326708   ,  0.16954    ])
likelihood = -1121.53
theta = 272.64
Optimized parameters = [0.24157919 0.33246904 0.18063294]

Round_1_Replicate_2
1303    , -532.451    , array([ 0.721825   ,  0.247826   ,  1.53233    ])
1304    , -531.999    , array([ 0.710155   ,  0.247826   ,  1.53233    ])
1305    , -538.084    , array([ 0.721825   ,  0.231129   ,  1.53233    ])
1306    , -534.465    , array([ 0.721825   ,  0.247826   ,  1.56538    ])
1307    , -528.488    , array([ 0.714024   ,  0.26573    ,  1.55429    ])
1308    , -524.704    , array([ 0.710155   ,  0.284926   ,  1.56538    ])
1309    , -524.747    , array([ 0.706308   ,  0.27198    ,  1.52147    ])
likelihood = -524.7
theta = 166.5
Optimized parameters = [0.71015531 0.28492625 1.56538159]

Round_1_Replicate_3
1310    , -855.924    , array([ 0.663365   ,  1.49949    ,  6.73422    ])
1311    , -864.428    , array([ 0.64989    ,  1.49949    ,  6.73422    ])
1312    , -858.117    , array([ 0.663365   ,  1.53017    ,  6.73422    ])
1313    , -885.229    , array([ 0.663365   ,  1.49949    ,  7.40801    ])
1314    , -837.072    , array([ 0.654351   ,  1.51988    ,  6.12171    ])
1315    , -818.242    , array([ 0.64989    ,  1.53017    ,  5.56491    ])
1316    , -823.072    , array([ 0.667918   ,  1.54054    ,  5.93018    ])
likelihood = -818.24
theta = 80.09
Optimized parameters = [0.64989003 1.53017304 5.5649134 ]

Round_1_Replicate_4
1317    , -595.937    , array([ 0.900095   ,  0.174716   ,  1.74853    ])
1318    , -595.421    , array([ 0.895371   ,  0.174716   ,  1.74853    ])
1319    , -608.875    , array([ 0.900095   ,  0.160121   ,  1.74853    ])
1320    , -598.506    , array([ 0.900095   ,  0.174716   ,  1.79807    ])
1321    , -585.387    , array([ 0.896943   ,  0.190641   ,  1.7814     ])
1322    , -575.218    , array([ 0.895371   ,  0.208017   ,  1.79807    ])
1323    , -579.21     , array([ 0.893802   ,  0.196265   ,  1.73232    ])
likelihood = -575.22
theta = 147.98
Optimized parameters = [0.89537083 0.20801719 1.79806679]

Round_1_Replicate_5
1324    , -735.034    , array([ 3.23749    ,  0.414664   ,  4.57722    ])
1325    , -754.061    , array([ 3.43336    ,  0.414664   ,  4.57722    ])
1326    , -741.532    , array([ 3.23749    ,  0.396809   ,  4.57722    ])
1327    , -727.758    , array([ 3.23749    ,  0.414664   ,  4.93892    ])
1328    , -717.416    , array([ 3.0528     ,  0.402673   ,  4.81528    ])
1329    , -702.642    , array([ 2.87864    ,  0.396809   ,  4.93892    ])
1330    , -702.136    , array([ 2.99361    ,  0.420793   ,  5.06573    ])
1331    , -686.006    , array([ 2.87864    ,  0.433323   ,  5.3292     ])
likelihood = -686.01
theta = 55.88
Optimized parameters = [2.87864389 0.43332293 5.3291975 ]

Round_1_Replicate_6
1332    , -1205.26    , array([ 6.35895    ,  0.171849   ,  2.53855    ])
1333    , -1240.3     , array([ 6.97517    ,  0.171849   ,  2.53855    ])
1334    , -1222.69    , array([ 6.35895    ,  0.157363   ,  2.53855    ])
1335    , -1204.14    , array([ 6.35895    ,  0.171849   ,  2.65959    ])
1336    , -1180.84    , array([ 5.79717    ,  0.162051   ,  2.61861    ])
1337    , -1150.7     , array([ 5.28502    ,  0.157363   ,  2.65959    ])
1338    , -1150.55    , array([ 5.62116    ,  0.176968   ,  2.70121    ])
1339    , -1113.86    , array([ 5.28502    ,  0.187668   ,  2.7864     ])
likelihood = -1113.86
theta = 51.26
Optimized parameters = [5.28502155 0.18766752 2.78640242]

Round_1_Replicate_7
1340    , -668.909    , array([ 1.24824    ,  0.214518   ,  0.970266   ])
1341    , -672.608    , array([ 1.26215    ,  0.214518   ,  0.970266   ])
1342    , -674.563    , array([ 1.24824    ,  0.198626   ,  0.970266   ])
1343    , -669.091    , array([ 1.24824    ,  0.214518   ,  0.968803   ])
1344    , -667.252    , array([ 1.2575     ,  0.231681   ,  0.969291   ])
1345    , -665.964    , array([ 1.26215    ,  0.250217   ,  0.968803   ])
1346    , -662.608    , array([ 1.24363    ,  0.237702   ,  0.968316   ])
1347    , -658.724    , array([ 1.23447    ,  0.250217   ,  0.967342   ])
likelihood = -658.72
theta = 142.11
Optimized parameters = [1.23447374 0.25021737 0.96734206]

Round_1_Replicate_8
1348    , -853.644    , array([ 1.21328    ,  0.161451   ,  0.411225   ])
1349    , -857.381    , array([ 1.22507    ,  0.161451   ,  0.411225   ])
1350    , -843.731    , array([ 1.21328    ,  0.147382   ,  0.411225   ])
1351    , -871.177    , array([ 1.21328    ,  0.161451   ,  0.393354   ])
1352    , -834.052    , array([ 1.22113    ,  0.15193    ,  0.429908   ])
1353    , -819.87     , array([ 1.22507    ,  0.147382   ,  0.44944    ])
1354    , -822.261    , array([ 1.20938    ,  0.14297    ,  0.436322   ])
likelihood = -819.87
theta = 163.47
Optimized parameters = [1.22506973 0.14738171 0.44943974]

Round_1_Replicate_9
1355    , -1591.38    , array([ 0.178485   ,  3.50624    ,  2.76985    ])
1356    , -1634.39    , array([ 0.16375    ,  3.50624    ,  2.76985    ])
1357    , -1615.66    , array([ 0.178485   ,  3.73322    ,  2.76985    ])
1358    , -1597.32    , array([ 0.178485   ,  3.50624    ,  2.9146     ])
1359    , -1565.5     , array([ 0.194546   ,  3.65598    ,  2.86552    ])
1360    , -1529.1     , array([ 0.212051   ,  3.73322    ,  2.9146     ])
1361    , -1530.29    , array([ 0.200214   ,  3.43369    ,  2.96451    ])
likelihood = -1529.1
theta = 92.59
Optimized parameters = [0.21205146 3.73322331 2.91459585]

Round_1_Replicate_10
1362    , -5697.55    , array([ 2.49607    ,  7.1142     ,  0.324651   ])
1363    , -5796.22    , array([ 2.61288    ,  7.1142     ,  0.324651   ])
1364    , -5767.58    , array([ 2.49607    ,  7.84752    ,  0.324651   ])
1365    , -5843.65    , array([ 2.49607    ,  7.1142     ,  0.306893   ])
1366    , -5666.29    , array([ 2.57335    ,  7.59504    ,  0.343436   ])
1367    , -5577.79    , array([ 2.61288    ,  7.84752    ,  0.363308   ])
1368    , -5561.21    , array([ 2.45831    ,  8.10839    ,  0.349936   ])
1369    , -5436.75    , array([ 2.38448    ,  8.65643    ,  0.363308   ])
likelihood = -5436.75
theta = 104.8
Optimized parameters = [2.38448385 8.65642626 0.36330784]

Round_2_Replicate_1
1370    , -712.414    , array([ 2.36388    ,  0.87573    ,  2.69825    ])
1371    , -727.011    , array([ 2.46778    ,  0.87573    ,  2.69825    ])
1372    , -711.616    , array([ 2.36388    ,  0.869938   ,  2.69825    ])
1373    , -697.721    , array([ 2.36388    ,  0.87573    ,  2.83554    ])
1374    , -688.28     , array([ 2.26435    ,  0.871865   ,  2.78902    ])
1375    , -670.465    , array([ 2.16901    ,  0.869938   ,  2.83554    ])
1376    , -674.426    , array([ 2.23211    ,  0.868017   ,  2.88284    ])
1377    , -652.835    , array([ 2.14838    ,  0.872508   ,  3.01286    ])
1378    , -628.491    , array([ 2.04811    ,  0.873795   ,  3.18367    ])
1379    , -622.111    , array([ 1.95253    ,  0.865461   ,  3.09709    ])
1380    , -594.903    , array([ 1.77453    ,  0.860372   ,  3.23678    ])
likelihood = -594.9
theta = 78.84
Optimized parameters = [1.77452963 0.8603715  3.23678103]

Round_2_Replicate_2
1381    , -684.106    , array([ 2.04153    ,  0.343355   ,  2.47368    ])
1382    , -695.238    , array([ 2.1157     ,  0.343355   ,  2.47368    ])
1383    , -688.981    , array([ 2.04153    ,  0.325484   ,  2.47368    ])
1384    , -678.891    , array([ 2.04153    ,  0.343355   ,  2.58828    ])
1385    , -673.332    , array([ 1.96997    ,  0.331335   ,  2.5495     ])
1386    , -663.479    , array([ 1.90091    ,  0.325484   ,  2.58828    ])
1387    , -661.884    , array([ 1.94667    ,  0.349527   ,  2.62764    ])
1388    , -649.286    , array([ 1.90091    ,  0.362206   ,  2.70818    ])
1389    , -645.691    , array([ 1.85622    ,  0.343355   ,  2.79119    ])
1390    , -631.093    , array([ 1.76997    ,  0.343355   ,  2.96491    ])
1391    , -621.795    , array([ 1.68772    ,  0.343355   ,  2.92049    ])
1392    , -604.904    , array([ 1.53453    ,  0.343355   ,  3.10227    ])
likelihood = -604.9
theta = 93.68
Optimized parameters = [1.53452535 0.34335451 3.10226762]

Round_2_Replicate_3
1393    , -768.479    , array([ 0.679045   ,  0.0793029  ,  2.61459    ])
1394    , -770.834    , array([ 0.666029   ,  0.0793029  ,  2.61459    ])
1395    , -793.823    , array([ 0.679045   ,  0.069864   ,  2.61459    ])
1396    , -782.749    , array([ 0.679045   ,  0.0793029  ,  2.7433     ])
1397    , -750.935    , array([ 0.67034    ,  0.090017   ,  2.6997     ])
1398    , -728.454    , array([ 0.666029   ,  0.102179   ,  2.7433     ])
1399    , -727.879    , array([ 0.661746   ,  0.0939009  ,  2.57304    ])
1400    , -705.19     , array([ 0.653263   ,  0.102179   ,  2.49191    ])
1401    , -699.78     , array([ 0.666029   ,  0.111186   ,  2.61459    ])
1402    , -669.498    , array([ 0.666029   ,  0.131653   ,  2.61459    ])
1403    , -707.131    , array([ 0.644889   ,  0.155888   ,  2.61459    ])
likelihood = -669.5
theta = 151.1
Optimized parameters = [0.66602919 0.1316531  2.61458569]

Round_2_Replicate_4
1404    , -746.117    , array([ 2.21533    ,  0.223123   ,  3.59026    ])
1405    , -756.389    , array([ 2.30521    ,  0.223123   ,  3.59026    ])
1406    , -760.691    , array([ 2.21533    ,  0.207      ,  3.59026    ])
1407    , -746.154    , array([ 2.21533    ,  0.223123   ,  3.82721    ])
1408    , -738.228    , array([ 2.27485    ,  0.240501   ,  3.74654    ])
1409    , -727.405    , array([ 2.30521    ,  0.259232   ,  3.82721    ])
1410    , -724.309    , array([ 2.18616    ,  0.246589   ,  3.90962    ])
1411    , -710.359    , array([ 2.12896    ,  0.259232   ,  4.0798     ])
1412    , -708.961    , array([ 2.21533    ,  0.272524   ,  3.82721    ])
1413    , -691.903    , array([ 2.21533    ,  0.301186   ,  3.82721    ])
1414    , -675.256    , array([ 2.21533    ,  0.332863   ,  4.25738    ])
1415    , -645.65     , array([ 2.21533    ,  0.406561   ,  4.63608    ])
likelihood = -645.65
theta = 67.33
Optimized parameters = [2.2153299  0.40656132 4.63608173]

Round_2_Replicate_5
1416    , -772.674    , array([ 1.38367    ,  0.216818   ,  0.673791   ])
1417    , -778.753    , array([ 1.40632    ,  0.216818   ,  0.673791   ])
1418    , -769.96     , array([ 1.38367    ,  0.200863   ,  0.673791   ])
1419    , -777.957    , array([ 1.38367    ,  0.216818   ,  0.66062    ])
1420    , -767.771    , array([ 1.36138    ,  0.206046   ,  0.664982   ])
1421    , -762.582    , array([ 1.33946    ,  0.200863   ,  0.66062    ])
1422    , -760.176    , array([ 1.35404    ,  0.19581    ,  0.67824    ])
1423    , -753.838    , array([ 1.33946    ,  0.186082   ,  0.687225   ])
1424    , -754.929    , array([ 1.32504    ,  0.176837   ,  0.673791   ])
1425    , -744.756    , array([ 1.28734    ,  0.175342   ,  0.673791   ])
1426    , -734.956    , array([ 1.24171    ,  0.163824   ,  0.673791   ])
likelihood = -734.96
theta = 153.86
Optimized parameters = [1.24171408 0.16382445 0.67379142]

Round_2_Replicate_6
1427    , -743.795    , array([ 0.209586   ,  0.532763   ,  0.496298   ])
1428    , -764.098    , array([ 0.193834   ,  0.532763   ,  0.496298   ])
1429    , -730.818    , array([ 0.209586   ,  0.516251   ,  0.496298   ])
1430    , -749.174    , array([ 0.209586   ,  0.532763   ,  0.479214   ])
1431    , -723.283    , array([ 0.226618   ,  0.521697   ,  0.484842   ])
1432    , -710.87     , array([ 0.245034   ,  0.516251   ,  0.479214   ])
1433    , -703.56     , array([ 0.232597   ,  0.510862   ,  0.502126   ])
1434    , -682.48     , array([ 0.245034   ,  0.500251   ,  0.51399    ])
1435    , -675.24     , array([ 0.258135   ,  0.48986    ,  0.496298   ])
1436    , -652.542    , array([ 0.286477   ,  0.469722   ,  0.496298   ])
1437    , -659.229    , array([ 0.317931   ,  0.474678   ,  0.496298   ])
likelihood = -652.54
theta = 251.01
Optimized parameters = [0.2864771  0.46972223 0.49629754]

Round_2_Replicate_7
1438    , -591.272    , array([ 0.397666   ,  0.272878   ,  1.54015    ])
1439    , -602.227    , array([ 0.379747   ,  0.272878   ,  1.54015    ])
1440    , -594.241    , array([ 0.397666   ,  0.255721   ,  1.54015    ])
1441    , -596.36     , array([ 0.397666   ,  0.272878   ,  1.57377    ])
1442    , -586.334    , array([ 0.41643    ,  0.261317   ,  1.56249    ])
1443    , -579.591    , array([ 0.43608    ,  0.255721   ,  1.57377    ])
1444    , -580.433    , array([ 0.42288    ,  0.250245   ,  1.52911    ])
1445    , -573.351    , array([ 0.440571   ,  0.263209   ,  1.55501    ])
1446    , -564.168    , array([ 0.46373    ,  0.267035   ,  1.56249    ])
1447    , -562.306    , array([ 0.488106   ,  0.243126   ,  1.57       ])
1448    , -554.946    , array([ 0.54077    ,  0.22949    ,  1.58514    ])
likelihood = -554.95
theta = 189.88
Optimized parameters = [0.54076958 0.22948995 1.58514278]

Round_2_Replicate_8
1449    , -728.834    , array([ 0.732887   ,  0.359135   ,  0.536672   ])
1450    , -722.683    , array([ 0.721588   ,  0.359135   ,  0.536672   ])
1451    , -710.174    , array([ 0.732887   ,  0.341209   ,  0.536672   ])
1452    , -747.326    , array([ 0.732887   ,  0.359135   ,  0.520229   ])
1453    , -695.259    , array([ 0.725335   ,  0.347083   ,  0.553635   ])
1454    , -671.809    , array([ 0.721588   ,  0.341209   ,  0.571134   ])
1455    , -674.805    , array([ 0.71786    ,  0.335435   ,  0.559408   ])
1456    , -652.491    , array([ 0.726588   ,  0.32051    ,  0.575097   ])
1457    , -624.468    , array([ 0.729101   ,  0.302785   ,  0.59533    ])
1458    , -609.94     , array([ 0.71292    ,  0.311521   ,  0.616274   ])
1459    , -573.177    , array([ 0.703141   ,  0.297661   ,  0.660398   ])
likelihood = -573.18
theta = 191.08
Optimized parameters = [0.70314063 0.29766061 0.66039839]

Round_2_Replicate_9
1460    , -1239.66    , array([ 0.729967   ,  0.629187   ,  0.426697   ])
1461    , -1229.82    , array([ 0.718569   ,  0.629187   ,  0.426697   ])
1462    , -1223.04    , array([ 0.729967   ,  0.614778   ,  0.426697   ])
1463    , -1288.73    , array([ 0.729967   ,  0.629187   ,  0.408908   ])
1464    , -1175.47    , array([ 0.722348   ,  0.619544   ,  0.44526    ])
1465    , -1122.61    , array([ 0.718569   ,  0.614778   ,  0.46463    ])
1466    , -1143.71    , array([ 0.714809   ,  0.610049   ,  0.451625   ])
1467    , -1098.34    , array([ 0.723612   ,  0.597615   ,  0.469048   ])
1468    , -1037.93    , array([ 0.726148   ,  0.582429   ,  0.491775   ])
1469    , -990.774    , array([ 0.709827   ,  0.589973   ,  0.515602   ])
1470    , -893.73     , array([ 0.699966   ,  0.577948   ,  0.566778   ])
likelihood = -893.73
theta = 175.81
Optimized parameters = [0.69996596 0.57794829 0.5667778 ]

Round_2_Replicate_10
1471    , -1611.34    , array([ 2.69884    ,  1.11658    ,  0.929157   ])
1472    , -1640.1     , array([ 2.8362     ,  1.11658    ,  0.929157   ])
1473    , -1616.34    , array([ 2.69884    ,  1.12275    ,  0.929157   ])
1474    , -1615.71    , array([ 2.69884    ,  1.11658    ,  0.92575    ])
1475    , -1588.5     , array([ 2.56814    ,  1.12069    ,  0.926884   ])
1476    , -1562.23    , array([ 2.44377    ,  1.12275    ,  0.92575    ])
1477    , -1576.76    , array([ 2.52599    ,  1.11453    ,  0.924617   ])
1478    , -1551.11    , array([ 2.41696    ,  1.11932    ,  0.927263   ])
1479    , -1518.4     , array([ 2.28726    ,  1.12069    ,  0.92802    ])
1480    , -1492.39    , array([ 2.16451    ,  1.12206    ,  0.923108   ])
1481    , -1431.14    , array([ 1.93844    ,  1.12482    ,  0.920099   ])
likelihood = -1431.14
theta = 99.53
Optimized parameters = [1.93843728 1.12481671 0.9200987 ]

Round_3_Replicate_1
1482    , -708.838    , array([ 0.290985   ,  0.574916   ,  1.44025    ])
1483    , -730.814    , array([ 0.273567   ,  0.574916   ,  1.44025    ])
1484    , -704.21     , array([ 0.290985   ,  0.559223   ,  1.44025    ])
1485    , -711.755    , array([ 0.290985   ,  0.574916   ,  1.46677    ])
1486    , -686.604    , array([ 0.309511   ,  0.564406   ,  1.45787    ])
1487    , -665.957    , array([ 0.329217   ,  0.559223   ,  1.46677    ])
1488    , -673.946    , array([ 0.315945   ,  0.554087   ,  1.43152    ])
1489    , -654.985    , array([ 0.333764   ,  0.540622   ,  1.45198    ])
1490    , -630.731    , array([ 0.357458   ,  0.52425    ,  1.45787    ])
1491    , -614.105    , array([ 0.382833   ,  0.532373   ,  1.4638     ])
1492    , -578.601    , array([ 0.439117   ,  0.519436   ,  1.47571    ])
1493    , -580.063    , array([ 0.439117   ,  0.514666   ,  1.50288    ])
1494    , -544.443    , array([ 0.510631   ,  0.48248    ,  1.49074    ])
1495    , -518.437    , array([ 0.635944   ,  0.448153   ,  1.50288    ])
1496    , -518.919    , array([ 0.690496   ,  0.463572   ,  1.53054    ])
1497    , -517.787    , array([ 0.760081   ,  0.440412   ,  1.50288    ])
1498    , -546.942    , array([ 1          ,  0.407404   ,  1.50288    ])
1499    , -562.042    , array([ 1.09575    ,  0.390904   ,  1.54927    ])
1500    , -526.855    , array([ 0.871826   ,  0.419697   ,  1.53054    ])
likelihood = -517.79
theta = 154.77
Optimized parameters = [0.76008118 0.44041158 1.50287676]

Round_3_Replicate_2
1501    , -577.071    , array([ 0.750128   ,  0.278035   ,  2.33625    ])
1502    , -578.264    , array([ 0.739422   ,  0.278035   ,  2.33625    ])
1503    , -583.643    , array([ 0.750128   ,  0.260798   ,  2.33625    ])
1504    , -584.797    , array([ 0.750128   ,  0.278035   ,  2.4375     ])
1505    , -574.624    , array([ 0.742974   ,  0.266421   ,  2.2392     ])
1506    , -569.954    , array([ 0.739422   ,  0.260798   ,  2.14618    ])
1507    , -567.019    , array([ 0.735887   ,  0.28403    ,  2.20775    ])
1508    , -559.777    , array([ 0.728869   ,  0.296411   ,  2.14618    ])
1509    , -559.76     , array([ 0.739422   ,  0.278035   ,  2.08633    ])
1510    , -551.809    , array([ 0.739422   ,  0.278035   ,  1.97158    ])
1511    , -545.279    , array([ 0.721917   ,  0.278035   ,  1.86315    ])
1512    , -532.375    , array([ 0.708211   ,  0.278035   ,  1.66384    ])
1513    , -529.203    , array([ 0.711613   ,  0.309332   ,  1.71157    ])
1514    , -515.193    , array([ 0.698103   ,  0.336887   ,  1.52848    ])
1515    , -511.16     , array([ 0.701456   ,  0.296411   ,  1.36497    ])
1516    , -500.95     , array([ 0.688139   ,  0.296411   ,  1.08856    ])
1517    , -499.553    , array([ 0.659093   ,  0.329776   ,  1          ])
1518    , -553.558    , array([ 0.622263   ,  0.359153   ,  0.712185   ])
1519    , -530.069    , array([ 0.655942   ,  0.369516   ,  0.84391    ])
1520    , -503.908    , array([ 0.668636   ,  0.344151   ,  1          ])
1521    , -542.777    , array([ 0.64658    ,  0.309332   ,  0.692323   ])
1522    , -502.66     , array([ 0.68485    ,  0.329776   ,  1.25393    ])
likelihood = -499.55
theta = 185.13
Optimized parameters = [0.65909302 0.3297762  1.        ]

Round_3_Replicate_3
1523    , -846.392    , array([ 0.4679     ,  0.67105    ,  4.76324    ])
1524    , -861.825    , array([ 0.450464   ,  0.67105    ,  4.76324    ])
1525    , -846.658    , array([ 0.4679     ,  0.657798   ,  4.76324    ])
1526    , -876.297    , array([ 0.4679     ,  0.67105    ,  5.14988    ])
1527    , -828.156    , array([ 0.456203   ,  0.662186   ,  4.40562    ])
1528    , -806.098    , array([ 0.450464   ,  0.657798   ,  4.07485    ])
1529    , -804.339    , array([ 0.47386    ,  0.653439   ,  4.29248    ])
1530    , -777.495    , array([ 0.48601    ,  0.644808   ,  4.07485    ])
1531    , -774.981    , array([ 0.4679     ,  0.657798   ,  3.86826    ])
1532    , -744.325    , array([ 0.4679     ,  0.657798   ,  3.48596    ])
1533    , -715.735    , array([ 0.4679     ,  0.63629    ,  3.14144    ])
1534    , -668.073    , array([ 0.4679     ,  0.619592   ,  2.55118    ])
1535    , -660.636    , array([ 0.498471   ,  0.623725   ,  2.68744    ])
1536    , -609.521    , array([ 0.52436    ,  0.607356   ,  2.18248    ])
1537    , -599.001    , array([ 0.48601    ,  0.611408   ,  1.77241    ])
1538    , -569.587    , array([ 0.48601    ,  0.595362   ,  1.16893    ])
1539    , -563.746    , array([ 0.517765   ,  0.560782   ,  1          ])
1540    , -776.381    , array([ 0.544656   ,  0.51778    ,  0.535598   ])
1541    , -649.144    , array([ 0.553926   ,  0.557066   ,  0.731846   ])
1542    , -569.132    , array([ 0.53104    ,  0.57208    ,  1          ])
1543    , -805.584    , array([ 0.498471   ,  0.546065   ,  0.508443   ])
1544    , -567.002    , array([ 0.517765   ,  0.591417   ,  1.51626    ])
likelihood = -563.75
theta = 186.11
Optimized parameters = [0.51776451 0.56078243 1.        ]

Round_3_Replicate_4
1545    , -608.046    , array([ 0.666587   ,  0.0901032  ,  0.892226   ])
1546    , -604.433    , array([ 0.653205   ,  0.0901032  ,  0.892226   ])
1547    , -628.208    , array([ 0.666587   ,  0.0798872  ,  0.892226   ])
1548    , -607.821    , array([ 0.666587   ,  0.0901032  ,  0.887153   ])
1549    , -587.205    , array([ 0.657636   ,  0.101626   ,  0.888841   ])
1550    , -569.264    , array([ 0.653205   ,  0.114622   ,  0.887153   ])
1551    , -579        , array([ 0.648805   ,  0.105785   ,  0.885468   ])
1552    , -561.652    , array([ 0.637214   ,  0.117728   ,  0.889404   ])
1553    , -541.339    , array([ 0.623017   ,  0.134571   ,  0.890532   ])
1554    , -527.147    , array([ 0.630075   ,  0.153823   ,  0.883227   ])
1555    , -499.189    , array([ 0.618819   ,  0.200983   ,  0.878762   ])
1556    , -498.438    , array([ 0.614651   ,  0.200983   ,  0.885468   ])
1557    , -485.464    , array([ 0.598254   ,  0.277031   ,  0.885468   ])
1558    , -491.634    , array([ 0.575771   ,  0.334061   ,  0.882668   ])
1559    , -576.016    , array([ 0.572752   ,  0.521666   ,  0.874135   ])
1560    , -502.289    , array([ 0.610051   ,  0.188826   ,  0.886404   ])
1561    , -506.395    , array([ 0.584924   ,  0.371777   ,  0.878206   ])
1562    , -489.629    , array([ 0.60367    ,  0.223674   ,  0.884347   ])
1563    , -502.785    , array([ 0.567186   ,  0.375105   ,  0.889592   ])
1564    , -488.079    , array([ 0.605486   ,  0.234914   ,  0.881457   ])
likelihood = -485.46
theta = 201.23
Optimized parameters = [0.59825368 0.27703081 0.88546834]

Round_3_Replicate_5
1565    , -959.984    , array([ 0.904256   ,  0.754623   ,  0.730038   ])
1566    , -957.579    , array([ 0.899717   ,  0.754623   ,  0.730038   ])
1567    , -952.239    , array([ 0.904256   ,  0.744075   ,  0.730038   ])
1568    , -972.552    , array([ 0.904256   ,  0.754623   ,  0.718642   ])
1569    , -940.979    , array([ 0.901228   ,  0.747574   ,  0.741614   ])
1570    , -925.698    , array([ 0.899717   ,  0.744075   ,  0.753374   ])
1571    , -930.36     , array([ 0.898209   ,  0.740592   ,  0.745514   ])
1572    , -915.021    , array([ 0.901732   ,  0.731383   ,  0.756013   ])
1573    , -894.644    , array([ 0.902741   ,  0.720032   ,  0.769345   ])
1574    , -882.987    , array([ 0.896203   ,  0.725685   ,  0.782912   ])
1575    , -851.006    , array([ 0.892203   ,  0.716661   ,  0.810769   ])
1576    , -851.527    , array([ 0.898209   ,  0.713306   ,  0.810769   ])
1577    , -810.498    , array([ 0.895702   ,  0.690258   ,  0.842557   ])
1578    , -761.039    , array([ 0.893701   ,  0.664827   ,  0.891032   ])
1579    , -753.898    , array([ 0.886733   ,  0.676364   ,  0.909921   ])
1580    , -697.9      , array([ 0.878835   ,  0.655534   ,  0.989566   ])
1581    , -693.832    , array([ 0.878344   ,  0.645361   ,  0.986113   ])
1582    , -636.515    , array([ 0.868577   ,  0.613855   ,  1.08753    ])
1583    , -593.063    , array([ 0.868577   ,  0.579338   ,  1.19938    ])
1584    , -540.907    , array([ 0.856999   ,  0.520885   ,  1.45877    ])
likelihood = -540.91
theta = 144.18
Optimized parameters = [0.85699901 0.52088453 1.45876541]

Round_4_Replicate_1
1585    , -529.007    , array([ 0.340677   ,  0.33078    ,  0.985      ])
1586    , -541.537    , array([ 0.322819   ,  0.33078    ,  0.985      ])
1587    , -525.926    , array([ 0.340677   ,  0.31298    ,  0.985      ])
1588    , -528.866    , array([ 0.340677   ,  0.33078    ,  0.984256   ])
1589    , -515.687    , array([ 0.359522   ,  0.318804   ,  0.984504   ])
1590    , -505.2      , array([ 0.379409   ,  0.31298    ,  0.984256   ])
1591    , -510.606    , array([ 0.366032   ,  0.307262   ,  0.984008   ])
1592    , -501.207    , array([ 0.383976   ,  0.292519   ,  0.984586   ])
1593    , -492.312    , array([ 0.407648   ,  0.275082   ,  0.984752   ])
1594    , -485.935    , array([ 0.432779   ,  0.283667   ,  0.983678   ])
1595    , -479.191    , array([ 0.487785   ,  0.270057   ,  0.983017   ])
1596    , -479.533    , array([ 0.487785   ,  0.265123   ,  0.984008   ])
1597    , -485.757    , array([ 0.556399   ,  0.23302    ,  0.983595   ])
1598    , -496.375    , array([ 0.637201   ,  0.237356   ,  0.982329   ])
1599    , -482.334    , array([ 0.455809   ,  0.265123   ,  0.984146   ])
1600    , -493.524    , array([ 0.408733   ,  0.305379   ,  0.983852   ])
1601    , -480.61     , array([ 0.51511    ,  0.249319   ,  0.983659   ])
1602    , -480.676    , array([ 0.54132    ,  0.257627   ,  0.982977   ])
1603    , -479.531    , array([ 0.518545   ,  0.259481   ,  0.983269   ])
1604    , -479.43     , array([ 0.48113    ,  0.281352   ,  0.983203   ])
1605    , -478.539    , array([ 0.50345    ,  0.27527    ,  0.982319   ])
1606    , -478.41     , array([ 0.51147    ,  0.280488   ,  0.981476   ])
1607    , -480.811    , array([ 0.469268   ,  0.296238   ,  0.981862   ])
1608    , -478.804    , array([ 0.505761   ,  0.268219   ,  0.982917   ])
1609    , -479.12     , array([ 0.522878   ,  0.26464    ,  0.981737   ])
1610    , -479.522    , array([ 0.540193   ,  0.27201    ,  0.98107    ])
1611    , -478.727    , array([ 0.50039    ,  0.270544   ,  0.98253    ])
likelihood = -478.41
theta = 212.0
Optimized parameters = [0.51147035 0.28048843 0.98147594]

Round_4_Replicate_2
1612    , -677.784    , array([ 0.73352    ,  0.369364   ,  0.601246   ])
1613    , -672.16     , array([ 0.722242   ,  0.369364   ,  0.601246   ])
1614    , -662.102    , array([ 0.73352    ,  0.351421   ,  0.601246   ])
1615    , -690.739    , array([ 0.73352    ,  0.369364   ,  0.586145   ])
1616    , -651.612    , array([ 0.725982   ,  0.357303   ,  0.616737   ])
1617    , -633.914    , array([ 0.722242   ,  0.351421   ,  0.632626   ])
1618    , -634.839    , array([ 0.718521   ,  0.345636   ,  0.621988   ])
1619    , -618.254    , array([ 0.727233   ,  0.33067    ,  0.636212   ])
1620    , -596.837    , array([ 0.729741   ,  0.31287    ,  0.654451   ])
1621    , -585.859    , array([ 0.71359    ,  0.321647   ,  0.673212   ])
1622    , -557.561    , array([ 0.703829   ,  0.30772    ,  0.712363   ])
1623    , -560.994    , array([ 0.718521   ,  0.302654   ,  0.712363   ])
1624    , -533.444    , array([ 0.712362   ,  0.269453   ,  0.758065   ])
1625    , -517.978    , array([ 0.707473   ,  0.235944   ,  0.829824   ])
1626    , -509.908    , array([ 0.690625   ,  0.250751   ,  0.858451   ])
1627    , -506.465    , array([ 0.67186    ,  0.224483   ,  0.983185   ])
1628    , -509.796    , array([ 0.670704   ,  0.212399   ,  0.977643   ])
1629    , -545.889    , array([ 0.66305    ,  0.163158   ,  1.20735    ])
1630    , -522.205    , array([ 0.673018   ,  0.191203   ,  1.05816    ])
1631    , -516.088    , array([ 0.693405   ,  0.262584   ,  0.812801   ])
1632    , -502.439    , array([ 0.65086    ,  0.228521   ,  1.02223    ])
1633    , -506.487    , array([ 0.624276   ,  0.224897   ,  1.13456    ])
1634    , -529.576    , array([ 0.636617   ,  0.187171   ,  1.21597    ])
1635    , -505.045    , array([ 0.67875    ,  0.241274   ,  0.898916   ])
1636    , -499.085    , array([ 0.663417   ,  0.251919   ,  0.955918   ])
1637    , -497.244    , array([ 0.659803   ,  0.274356   ,  0.945238   ])
1638    , -496.566    , array([ 0.654328   ,  0.27247    ,  0.925912   ])
1639    , -498.407    , array([ 0.645734   ,  0.300183   ,  0.89854    ])
likelihood = -496.57
theta = 192.45
Optimized parameters = [0.65432788 0.27246965 0.92591244]

Round_4_Replicate_3
1640    , -602.637    , array([ 0.951986   ,  0.168874   ,  1.06457    ])
1641    , -602.004    , array([ 0.949647   ,  0.168874   ,  1.06457    ])
1642    , -612.774    , array([ 0.951986   ,  0.154505   ,  1.06457    ])
1643    , -602.511    , array([ 0.951986   ,  0.168874   ,  1.06791    ])
1644    , -592.696    , array([ 0.950426   ,  0.18458    ,  1.0668     ])
1645    , -583.874    , array([ 0.949647   ,  0.201747   ,  1.06791    ])
1646    , -589.224    , array([ 0.948868   ,  0.190134   ,  1.06902    ])
1647    , -581.413    , array([ 0.946795   ,  0.205774   ,  1.06643    ])
1648    , -572.916    , array([ 0.944211   ,  0.227145   ,  1.06568    ])
1649    , -567.028    , array([ 0.945502   ,  0.250736   ,  1.07051    ])
1650    , -561.791    , array([ 0.943437   ,  0.305522   ,  1.07349    ])
1651    , -562.059    , array([ 0.942663   ,  0.305522   ,  1.06902    ])
1652    , -570.638    , array([ 0.937267   ,  0.379709   ,  1.07088    ])
1653    , -599.896    , array([ 0.938036   ,  0.47503    ,  1.07661    ])
1654    , -563.164    , array([ 0.942663   ,  0.273154   ,  1.0684     ])
1655    , -573.569    , array([ 0.948609   ,  0.228145   ,  1.06973    ])
1656    , -563.317    , array([ 0.94009    ,  0.334304   ,  1.07059    ])
1657    , -565.646    , array([ 0.945761   ,  0.259132   ,  1.07002    ])
1658    , -561.921    , array([ 0.941504   ,  0.313679   ,  1.07045    ])
1659    , -565.385    , array([ 0.942406   ,  0.347781   ,  1.07358    ])
1660    , -561.978    , array([ 0.942599   ,  0.290156   ,  1.0697     ])
1661    , -561.433    , array([ 0.942363   ,  0.300422   ,  1.0734     ])
1662    , -561.172    , array([ 0.942212   ,  0.297904   ,  1.0756     ])
1663    , -561.918    , array([ 0.94217    ,  0.321937   ,  1.07667    ])
1664    , -561.139    , array([ 0.943709   ,  0.302998   ,  1.08008    ])
1665    , -560.968    , array([ 0.944813   ,  0.297795   ,  1.08493    ])
1666    , -562.224    , array([ 0.944806   ,  0.280276   ,  1.07932    ])
1667    , -561.387    , array([ 0.942828   ,  0.310974   ,  1.07733    ])
likelihood = -560.97
theta = 156.48
Optimized parameters = [0.94481317 0.29779453 1.08492874]

Round_4_Replicate_4
1668    , -478.342    , array([ 0.460684   ,  0.28418    ,  0.957979   ])
1669    , -480.523    , array([ 0.443173   ,  0.28418    ,  0.957979   ])
1670    , -478.191    , array([ 0.460684   ,  0.266853   ,  0.957979   ])
1671    , -478.105    , array([ 0.460684   ,  0.28418    ,  0.955925   ])
1672    , -476.648    , array([ 0.478887   ,  0.272508   ,  0.95661    ])
1673    , -476.237    , array([ 0.497809   ,  0.266853   ,  0.955925   ])
1674    , -476.585    , array([ 0.485113   ,  0.261316   ,  0.955242   ])
1675    , -475.914    , array([ 0.502114   ,  0.27442    ,  0.953421   ])
1676    , -476.509    , array([ 0.524207   ,  0.278283   ,  0.95115    ])
1677    , -478.272    , array([ 0.531785   ,  0.251754   ,  0.9538     ])
1678    , -476.59     , array([ 0.477514   ,  0.275701   ,  0.955394   ])
1679    , -476.693    , array([ 0.513042   ,  0.259496   ,  0.954331   ])
1680    , -476.227    , array([ 0.486158   ,  0.271558   ,  0.955128   ])
1681    , -476.135    , array([ 0.505731   ,  0.280888   ,  0.954407   ])
1682    , -476.07     , array([ 0.498047   ,  0.284622   ,  0.952714   ])
1683    , -476.653    , array([ 0.518263   ,  0.288591   ,  0.951902   ])
1684    , -475.999    , array([ 0.493993   ,  0.275719   ,  0.95432    ])
1685    , -475.878    , array([ 0.490467   ,  0.275571   ,  0.952564   ])
1686    , -475.957    , array([ 0.483009   ,  0.272949   ,  0.951643   ])
1687    , -476.11     , array([ 0.492968   ,  0.26616    ,  0.954156   ])
1688    , -475.939    , array([ 0.496773   ,  0.279889   ,  0.953074   ])
1689    , -475.774    , array([ 0.498876   ,  0.277517   ,  0.95172    ])
1690    , -475.697    , array([ 0.501335   ,  0.27842    ,  0.950423   ])
1691    , -475.698    , array([ 0.499118   ,  0.272424   ,  0.951197   ])
1692    , -475.572    , array([ 0.491841   ,  0.276506   ,  0.949372   ])
1693    , -475.481    , array([ 0.486784   ,  0.277555   ,  0.947354   ])
1694    , -475.356    , array([ 0.500997   ,  0.276671   ,  0.946758   ])
1695    , -475.237    , array([ 0.506346   ,  0.277223   ,  0.943869   ])
likelihood = -475.24
theta = 214.55
Optimized parameters = [0.50634643 0.2772229  0.94386866]

Round_4_Replicate_5
1696    , -454.214    , array([ 0.326969   ,  0.205513   ,  0.677272   ])
1697    , -460.675    , array([ 0.309195   ,  0.205513   ,  0.677272   ])
1698    , -455.949    , array([ 0.326969   ,  0.189881   ,  0.677272   ])
1699    , -451.063    , array([ 0.326969   ,  0.205513   ,  0.664204   ])
1700    , -448.672    , array([ 0.345765   ,  0.194955   ,  0.668532   ])
1701    , -446.316    , array([ 0.365642   ,  0.189881   ,  0.664204   ])
1702    , -445.269    , array([ 0.352268   ,  0.211005   ,  0.659904   ])
1703    , -443.925    , array([ 0.365642   ,  0.222432   ,  0.651388   ])
1704    , -441.719    , array([ 0.379524   ,  0.205513   ,  0.642981   ])
1705    , -443.63     , array([ 0.408889   ,  0.205513   ,  0.626492   ])
1706    , -445.962    , array([ 0.419174   ,  0.205513   ,  0.641591   ])
1707    , -448.743    , array([ 0.410585   ,  0.234478   ,  0.626945   ])
1708    , -443.263    , array([ 0.376394   ,  0.200164   ,  0.654686   ])
1709    , -448.186    , array([ 0.333348   ,  0.212868   ,  0.657844   ])
1710    , -443.094    , array([ 0.39584    ,  0.207327   ,  0.645616   ])
1711    , -445.018    , array([ 0.402914   ,  0.187668   ,  0.644116   ])
1712    , -442.653    , array([ 0.374624   ,  0.21318    ,  0.649562   ])
1713    , -442.764    , array([ 0.390175   ,  0.217491   ,  0.637522   ])
1714    , -442.052    , array([ 0.367459   ,  0.216784   ,  0.641065   ])
1715    , -443.24     , array([ 0.358181   ,  0.206206   ,  0.651606   ])
1716    , -442.125    , array([ 0.381918   ,  0.214613   ,  0.641015   ])
1717    , -441.014    , array([ 0.377878   ,  0.211318   ,  0.633906   ])
1718    , -440.386    , array([ 0.379515   ,  0.210393   ,  0.62622    ])
1719    , -440.305    , array([ 0.369103   ,  0.207146   ,  0.632436   ])
1720    , -439.608    , array([ 0.362858   ,  0.20351    ,  0.62819    ])
1721    , -439.761    , array([ 0.380417   ,  0.196612   ,  0.623891   ])
1722    , -437.606    , array([ 0.368902   ,  0.201363   ,  0.609658   ])
1723    , -435.688    , array([ 0.363703   ,  0.199319   ,  0.59365    ])
likelihood = -435.69
theta = 271.08
Optimized parameters = [0.36370342 0.1993189  0.59365015]

Round_1_Replicate_1
2591    , -5488.35    , array([ 0.92814    ,  3.28645    ,  0.126286   ])
2592    , -5480.48    , array([ 0.924686   ,  3.28645    ,  0.126286   ])
2593    , -5524.69    , array([ 0.92814    ,  3.48789    ,  0.126286   ])
2594    , -5766.49    , array([ 0.92814    ,  3.28645    ,  0.113874   ])
2595    , -5232.31    , array([ 0.925835   ,  3.41941    ,  0.140051   ])
2596    , -4968.8     , array([ 0.924686   ,  3.48789    ,  0.155317   ])
2597    , -5098.97    , array([ 0.923537   ,  3.22192    ,  0.144966   ])
likelihood = -4968.8
theta = 164.84
Optimized parameters = [0.92468551 3.48789457 0.15531724]

Round_1_Replicate_2
2598    , -699.699    , array([ 0.225834   ,  0.500677   ,  0.861751   ])
2599    , -728.28     , array([ 0.209642   ,  0.500677   ,  0.861751   ])
2600    , -690.956    , array([ 0.225834   ,  0.483655   ,  0.861751   ])
2601    , -698.868    , array([ 0.225834   ,  0.500677   ,  0.855364   ])
2602    , -666.511    , array([ 0.243276   ,  0.489263   ,  0.857488   ])
2603    , -638.773    , array([ 0.262066   ,  0.483655   ,  0.855364   ])
2604    , -651.816    , array([ 0.249385   ,  0.47811    ,  0.853246   ])
likelihood = -638.77
theta = 244.95
Optimized parameters = [0.26206554 0.48365459 0.85536435]

Round_1_Replicate_3
2605    , -1282.52    , array([ 0.200659   ,  0.182693   ,  5.01457    ])
2606    , -1319.98    , array([ 0.185175   ,  0.182693   ,  5.01457    ])
2607    , -1289.17    , array([ 0.200659   ,  0.167807   ,  5.01457    ])
2608    , -1316.31    , array([ 0.200659   ,  0.182693   ,  5.43557    ])
2609    , -1275.78    , array([ 0.217439   ,  0.172629   ,  5.29145    ])
2610    , -1255.7     , array([ 0.235621   ,  0.167807   ,  5.43557    ])
2611    , -1235.68    , array([ 0.223338   ,  0.163119   ,  4.88161    ])
2612    , -1197.12    , array([ 0.235621   ,  0.154133   ,  4.62617    ])
likelihood = -1197.12
theta = 139.33
Optimized parameters = [0.23562074 0.15413283 4.62617186]

Round_1_Replicate_4
2613    , -4628.08    , array([ 3.40029    ,  0.817456   ,  0.164032   ])
2614    , -4666.43    , array([ 3.61486    ,  0.817456   ,  0.164032   ])
2615    , -4606.7     , array([ 3.40029    ,  0.809259   ,  0.164032   ])
2616    , -4859.17    , array([ 3.40029    ,  0.817456   ,  0.149856   ])
2617    , -4412.61    , array([ 3.54187    ,  0.811982   ,  0.179549   ])
2618    , -4195.95    , array([ 3.61486    ,  0.809259   ,  0.196533   ])
2619    , -4285.41    , array([ 3.33163    ,  0.806545   ,  0.185041   ])
likelihood = -4195.95
theta = 122.81
Optimized parameters = [3.61486006 0.809259   0.1965333 ]

Round_1_Replicate_5
2620    , -4439.86    , array([ 2.99273    ,  2.1345     ,  0.345801   ])
2621    , -4507.27    , array([ 3.16134    ,  2.1345     ,  0.345801   ])
2622    , -4498.31    , array([ 2.99273    ,  2.21698    ,  0.345801   ])
2623    , -4571.96    , array([ 2.99273    ,  2.1345     ,  0.327919   ])
2624    , -4393.66    , array([ 3.10411    ,  2.18914    ,  0.364657   ])
2625    , -4305.84    , array([ 3.16134    ,  2.21698    ,  0.384542   ])
2626    , -4320.18    , array([ 2.93855    ,  2.24517    ,  0.371168   ])
likelihood = -4305.84
theta = 100.36
Optimized parameters = [3.16134184 2.21697541 0.38454151]

Round_1_Replicate_6
2627    , -574.478    , array([ 0.27088    ,  0.158642   ,  0.226512   ])
2628    , -554.956    , array([ 0.253756   ,  0.158642   ,  0.226512   ])
2629    , -544.786    , array([ 0.27088    ,  0.144691   ,  0.226512   ])
2630    , -619.762    , array([ 0.27088    ,  0.158642   ,  0.210303   ])
2631    , -505.538    , array([ 0.25934    ,  0.149199   ,  0.24397    ])
2632    , -463.994    , array([ 0.253756   ,  0.144691   ,  0.262774   ])
2633    , -470.074    , array([ 0.248291   ,  0.140318   ,  0.250084   ])
likelihood = -463.99
theta = 320.11
Optimized parameters = [0.25375551 0.14469054 0.26277398]

Round_1_Replicate_7
2634    , -1898.94    , array([ 1.10871    ,  1.2674     ,  0.504961   ])
2635    , -1903.74    , array([ 1.11445    ,  1.2674     ,  0.504961   ])
2636    , -1909.15    , array([ 1.10871    ,  1.28251    ,  0.504961   ])
2637    , -1951.37    , array([ 1.10871    ,  1.2674     ,  0.488001   ])
2638    , -1857.58    , array([ 1.11254    ,  1.27745    ,  0.52251    ])
2639    , -1812.24    , array([ 1.11445    ,  1.28251    ,  0.540669   ])
2640    , -1833.81    , array([ 1.11637    ,  1.26241    ,  0.528494   ])
likelihood = -1812.24
theta = 133.96
Optimized parameters = [1.11445053 1.28250832 0.54066929]

Round_1_Replicate_8
2641    , -3284.29    , array([ 3.55342    ,  7.51565    ,  1.24219    ])
2642    , -3386.91    , array([ 3.78598    ,  7.51565    ,  1.24219    ])
2643    , -3359.23    , array([ 3.55342    ,  8.31314    ,  1.24219    ])
2644    , -3262.97    , array([ 3.55342    ,  7.51565    ,  1.25574    ])
2645    , -3215.13    , array([ 3.33514    ,  8.03832    ,  1.25121    ])
2646    , -3124.99    , array([ 3.13027    ,  8.31314    ,  1.25574    ])
2647    , -3095.9     , array([ 3.2654     ,  7.2672     ,  1.26029    ])
2648    , -2968.26    , array([ 3.13027    ,  6.79467    ,  1.26943    ])
likelihood = -2968.26
theta = 61.78
Optimized parameters = [3.13026878 6.79466782 1.26942921]

Round_1_Replicate_9
2649    , -1438.06    , array([ 0.287367   ,  3.61976    ,  0.502757   ])
2650    , -1429.07    , array([ 0.269997   ,  3.61976    ,  0.502757   ])
2651    , -1453.29    , array([ 0.287367   ,  3.86024    ,  0.502757   ])
2652    , -1452.73    , array([ 0.287367   ,  3.61976    ,  0.485765   ])
2653    , -1424.86    , array([ 0.275667   ,  3.39427    ,  0.491365   ])
2654    , -1410.19    , array([ 0.269997   ,  3.18282    ,  0.485765   ])
2655    , -1402.12    , array([ 0.264443   ,  3.32227    ,  0.508553   ])
2656    , -1381.94    , array([ 0.253677   ,  3.18282    ,  0.520344   ])
likelihood = -1381.94
theta = 171.32
Optimized parameters = [0.25367652 3.18281853 0.52034406]

Round_1_Replicate_10
2657    , -1411.41    , array([ 0.209644   ,  2.71407    ,  2.92527    ])
2658    , -1453.69    , array([ 0.193891   ,  2.71407    ,  2.92527    ])
2659    , -1430.86    , array([ 0.209644   ,  2.853      ,  2.92527    ])
2660    , -1418.87    , array([ 0.209644   ,  2.71407    ,  3.08655    ])
2661    , -1387.43    , array([ 0.226678   ,  2.80592    ,  3.03183    ])
2662    , -1355.17    , array([ 0.245095   ,  2.853      ,  3.08655    ])
2663    , -1359.08    , array([ 0.232658   ,  2.66928    ,  3.14227    ])
likelihood = -1355.17
theta = 97.89
Optimized parameters = [0.24509511 2.8529987  3.08655285]

Round_2_Replicate_1
2664    , -687.672    , array([ 0.688936   ,  0.0633422  ,  0.517782   ])
2665    , -681.964    , array([ 0.67622    ,  0.0633422  ,  0.517782   ])
2666    , -710.407    , array([ 0.688936   ,  0.0551795  ,  0.517782   ])
2667    , -690.553    , array([ 0.688936   ,  0.0633422  ,  0.501019   ])
2668    , -663.769    , array([ 0.680432   ,  0.0727124  ,  0.506545   ])
2669    , -641.189    , array([ 0.67622    ,  0.0834687  ,  0.501019   ])
2670    , -650.102    , array([ 0.672033   ,  0.0761343  ,  0.523493   ])
2671    , -628.056    , array([ 0.660996   ,  0.0860673  ,  0.510263   ])
2672    , -599.995    , array([ 0.647454   ,  0.100325   ,  0.506545   ])
2673    , -585.01     , array([ 0.65419    ,  0.116946   ,  0.502854   ])
2674    , -563.888    , array([ 0.643445   ,  0.158902   ,  0.495552   ])
likelihood = -563.89
theta = 216.51
Optimized parameters = [0.64344522 0.1589018  0.49555246]

Round_2_Replicate_2
2675    , -971.894    , array([ 0.475002   ,  0.0432489  ,  0.0936723  ])
2676    , -958.148    , array([ 0.457647   ,  0.0432489  ,  0.0936723  ])
2677    , -956.213    , array([ 0.475002   ,  0.0369635  ,  0.0936723  ])
2678    , -1036.7     , array([ 0.475002   ,  0.0432489  ,  0.0832131  ])
2679    , -903.681    , array([ 0.46336    ,  0.03895    ,  0.105446   ])
2680    , -863.706    , array([ 0.457647   ,  0.0369635  ,  0.1187     ])
2681    , -885.41     , array([ 0.452004   ,  0.0350784  ,  0.109691   ])
2682    , -886.925    , array([ 0.465281   ,  0.0305082  ,  0.121864   ])
2683    , -832.611    , array([ 0.442143   ,  0.0314084  ,  0.145229   ])
2684    , -804.279    , array([ 0.426576   ,  0.0289523  ,  0.180832   ])
likelihood = -804.28
theta = 275.49
Optimized parameters = [0.42657584 0.02895227 0.18083183]

Round_2_Replicate_3
2685    , -670.546    , array([ 0.974631   ,  0.356864   ,  0.756837   ])
2686    , -670.082    , array([ 0.973379   ,  0.356864   ,  0.756837   ])
2687    , -660.095    , array([ 0.974631   ,  0.338944   ,  0.756837   ])
2688    , -675.939    , array([ 0.974631   ,  0.356864   ,  0.746367   ])
2689    , -658.112    , array([ 0.973796   ,  0.344815   ,  0.767454   ])
2690    , -649.984    , array([ 0.973379   ,  0.338944   ,  0.77822    ])
2691    , -649.964    , array([ 0.972963   ,  0.333173   ,  0.771026   ])
2692    , -641.114    , array([ 0.97213    ,  0.321924   ,  0.77822    ])
2693    , -633.929    , array([ 0.973379   ,  0.311054   ,  0.78548    ])
2694    , -621.343    , array([ 0.973379   ,  0.290404   ,  0.800206   ])
2695    , -617.578    , array([ 0.971297   ,  0.295435   ,  0.815208   ])
2696    , -604.109    , array([ 0.969635   ,  0.275822   ,  0.846061   ])
likelihood = -604.11
theta = 161.69
Optimized parameters = [0.9696347  0.27582165 0.84606051]

Round_2_Replicate_4
2697    , -712.16     , array([ 0.119533   ,  0.190559   ,  0.532064   ])
2698    , -764.751    , array([ 0.107489   ,  0.190559   ,  0.532064   ])
2699    , -708.673    , array([ 0.119533   ,  0.175401   ,  0.532064   ])
2700    , -701.904    , array([ 0.119533   ,  0.190559   ,  0.515539   ])
2701    , -651.191    , array([ 0.132927   ,  0.180315   ,  0.52099    ])
2702    , -598.186    , array([ 0.147822   ,  0.175401   ,  0.515539   ])
2703    , -625.571    , array([ 0.137717   ,  0.170621   ,  0.510146   ])
2704    , -576.308    , array([ 0.151353   ,  0.181983   ,  0.496038   ])
2705    , -520.434    , array([ 0.17031    ,  0.185366   ,  0.478951   ])
2706    , -482.717    , array([ 0.191642   ,  0.16445    ,  0.48742    ])
2707    , -428.266    , array([ 0.242657   ,  0.152769   ,  0.47394    ])
likelihood = -428.27
theta = 334.72
Optimized parameters = [0.24265666 0.15276862 0.47394042]

Round_2_Replicate_5
2708    , -801.639    , array([ 0.16493    ,  0.0470061  ,  0.0665107  ])
2709    , -765.135    , array([ 0.150717   ,  0.0470061  ,  0.0665107  ])
2710    , -749.96     , array([ 0.16493    ,  0.0403424  ,  0.0665107  ])
2711    , -918.005    , array([ 0.16493    ,  0.0470061  ,  0.0580812  ])
2712    , -653.885    , array([ 0.155313   ,  0.0424514  ,  0.0761635  ])
2713    , -566.79     , array([ 0.150717   ,  0.0403424  ,  0.0872172  ])
2714    , -591.913    , array([ 0.146258   ,  0.0383381  ,  0.0796829  ])
2715    , -567.457    , array([ 0.156876   ,  0.0334669  ,  0.0898837  ])
2716    , -482.803    , array([ 0.138652   ,  0.0344279  ,  0.109869   ])
2717    , -476        , array([ 0.127128   ,  0.0318042  ,  0.14121    ])
likelihood = -476.0
theta = 449.87
Optimized parameters = [0.12712814 0.03180422 0.14121015]

Round_2_Replicate_6
2718    , -1066.63    , array([ 0.0829242  ,  0.41597    ,  0.557536   ])
2719    , -1131.57    , array([ 0.0732176  ,  0.41597    ,  0.557536   ])
2720    , -1052.42    , array([ 0.0829242  ,  0.398121   ,  0.557536   ])
2721    , -1065.04    , array([ 0.0829242  ,  0.41597    ,  0.541485   ])
2722    , -991.14     , array([ 0.0939177  ,  0.403983   ,  0.546784   ])
2723    , -921.32     , array([ 0.106369   ,  0.398121   ,  0.541485   ])
2724    , -958.66     , array([ 0.097897   ,  0.392343   ,  0.536238   ])
2725    , -891.689    , array([ 0.109352   ,  0.377342   ,  0.548561   ])
2726    , -808.55     , array([ 0.125574   ,  0.359395   ,  0.552134   ])
2727    , -744.206    , array([ 0.144203   ,  0.368259   ,  0.529322   ])
2728    , -619.566    , array([ 0.190161   ,  0.354179   ,  0.515754   ])
likelihood = -619.57
theta = 302.87
Optimized parameters = [0.19016074 0.35417903 0.51575426]

Round_2_Replicate_7
2729    , -3212.73    , array([ 0.353641   ,  0.576247   ,  0.0878937  ])
2730    , -3139.15    , array([ 0.33573    ,  0.576247   ,  0.0878937  ])
2731    , -3185.71    , array([ 0.353641   ,  0.560582   ,  0.0878937  ])
2732    , -3501.31    , array([ 0.353641   ,  0.576247   ,  0.0778316  ])
2733    , -2873.1     , array([ 0.341597   ,  0.565756   ,  0.0992568  ])
2734    , -2584.02    , array([ 0.33573    ,  0.560582   ,  0.112089   ])
2735    , -2723.36    , array([ 0.329964   ,  0.555455   ,  0.103362   ])
2736    , -2461.06    , array([ 0.315067   ,  0.567491   ,  0.115158   ])
2737    , -2141.67    , array([ 0.297387   ,  0.570977   ,  0.131815   ])
2738    , -1907.74    , array([ 0.3061     ,  0.548693   ,  0.150881   ])
2739    , -1448.24    , array([ 0.29228    ,  0.535414   ,  0.197684   ])
likelihood = -1448.24
theta = 242.35
Optimized parameters = [0.29227975 0.53541406 0.19768422]

Round_2_Replicate_8
2740    , -741.766    , array([ 0.210001   ,  0.116508   ,  0.131218   ])
2741    , -711.145    , array([ 0.194237   ,  0.116508   ,  0.131218   ])
2742    , -691.803    , array([ 0.210001   ,  0.104634   ,  0.131218   ])
2743    , -833.37     , array([ 0.210001   ,  0.116508   ,  0.118547   ])
2744    , -613.404    , array([ 0.199355   ,  0.108451   ,  0.145242   ])
2745    , -530.972    , array([ 0.194237   ,  0.104634   ,  0.160765   ])
2746    , -550.144    , array([ 0.18925    ,  0.100952   ,  0.150242   ])
2747    , -496.234    , array([ 0.201091   ,  0.0917525  ,  0.164434   ])
2748    , -442.56     , array([ 0.204609   ,  0.0814233  ,  0.184074   ])
2749    , -398.883    , array([ 0.182799   ,  0.0864337  ,  0.20606    ])
2750    , -394.958    , array([ 0.170549   ,  0.0785576  ,  0.258223   ])
likelihood = -394.96
theta = 408.0
Optimized parameters = [0.17054923 0.07855755 0.25822277]

Round_2_Replicate_9
2751    , -945.375    , array([ 0.511235   ,  0.163497   ,  0.198757   ])
2752    , -929.887    , array([ 0.494369   ,  0.163497   ,  0.198757   ])
2753    , -899.062    , array([ 0.511235   ,  0.149343   ,  0.198757   ])
2754    , -1020.63    , array([ 0.511235   ,  0.163497   ,  0.183333   ])
2755    , -838.88     , array([ 0.499929   ,  0.15392    ,  0.21548    ])
2756    , -764.17     , array([ 0.494369   ,  0.149343   ,  0.23361    ])
2757    , -785.034    , array([ 0.488872   ,  0.144903   ,  0.221361   ])
2758    , -724.017    , array([ 0.501795   ,  0.133697   ,  0.237841   ])
2759    , -659.347    , array([ 0.50555    ,  0.120901   ,  0.260177   ])
2760    , -610.376    , array([ 0.481637   ,  0.127138   ,  0.284611   ])
2761    , -539.266    , array([ 0.467488   ,  0.117306   ,  0.340577   ])
likelihood = -539.27
theta = 257.72
Optimized parameters = [0.46748755 0.11730619 0.34057729]

Round_2_Replicate_10
2762    , -703.587    , array([ 0.921735   ,  0.089078   ,  0.683123   ])
2763    , -702.282    , array([ 0.917986   ,  0.089078   ,  0.683123   ])
2764    , -721.733    , array([ 0.921735   ,  0.0789331  ,  0.683123   ])
2765    , -705.188    , array([ 0.921735   ,  0.089078   ,  0.67023    ])
2766    , -686.435    , array([ 0.919234   ,  0.100527   ,  0.674501   ])
2767    , -669.958    , array([ 0.917986   ,  0.113447   ,  0.67023    ])
2768    , -678.355    , array([ 0.91674    ,  0.104661   ,  0.687476   ])
2769    , -663.904    , array([ 0.913426   ,  0.116537   ,  0.677363   ])
2770    , -646.279    , array([ 0.9093     ,  0.133293   ,  0.674501   ])
2771    , -633.877    , array([ 0.91136    ,  0.15246    ,  0.671651   ])
2772    , -621.358    , array([ 0.908065   ,  0.199456   ,  0.665987   ])
likelihood = -621.36
theta = 176.72
Optimized parameters = [0.90806527 0.19945598 0.66598706]

Round_3_Replicate_1
2773    , -1092.24    , array([ 0.0671029  ,  0.0979008  ,  0.686246   ])
2774    , -1159.9     , array([ 0.0586244  ,  0.0979008  ,  0.686246   ])
2775    , -1104.14    , array([ 0.0671029  ,  0.0871616  ,  0.686246   ])
2776    , -1085.95    , array([ 0.0671029  ,  0.0979008  ,  0.673448   ])
2777    , -1031.04    , array([ 0.0768076  ,  0.0906036  ,  0.677687   ])
2778    , -970.978    , array([ 0.0879158  ,  0.0871616  ,  0.673448   ])
2779    , -994.295    , array([ 0.0803449  ,  0.101767   ,  0.669235   ])
2780    , -942.949    , array([ 0.0905948  ,  0.0929735  ,  0.658129   ])
2781    , -872.297    , array([ 0.105265   ,  0.0906036  ,  0.644505   ])
2782    , -813.635    , array([ 0.122311   ,  0.0882942  ,  0.651282   ])
2783    , -691.074    , array([ 0.165131   ,  0.0838504  ,  0.640474   ])
2784    , -704.009    , array([ 0.165131   ,  0.0746525  ,  0.636467   ])
2785    , -577.772    , array([ 0.229734   ,  0.0786088  ,  0.609114   ])
2786    , -533.355    , array([ 0.371369   ,  0.0746525  ,  0.57929    ])
2787    , -571.666    , array([ 0.444654   ,  0.0664636  ,  0.592773   ])
2788    , -593.24     , array([ 0.548625   ,  0.0746525  ,  0.572464   ])
2789    , -880.941    , array([ 1.22154    ,  0.0615096  ,  0.527862   ])
2790    , -548.44     , array([ 0.272331   ,  0.0776005  ,  0.610248   ])
likelihood = -533.36
theta = 292.38
Optimized parameters = [0.37136852 0.07465251 0.57928973]

Round_3_Replicate_2
2791    , -1430.11    , array([ 0.175413   ,  0.143693   ,  0.0762857  ])
2792    , -1374.05    , array([ 0.160792   ,  0.143693   ,  0.0762857  ])
2793    , -1347.2     , array([ 0.175413   ,  0.130409   ,  0.0762857  ])
2794    , -1631.12    , array([ 0.175413   ,  0.143693   ,  0.0670757  ])
2795    , -1164.13    , array([ 0.165525   ,  0.134694   ,  0.0867603  ])
2796    , -972.078    , array([ 0.160792   ,  0.130409   ,  0.0986731  ])
2797    , -1034.06    , array([ 0.156195   ,  0.126259   ,  0.0905622  ])
2798    , -883.335    , array([ 0.167134   ,  0.115829   ,  0.101535   ])
2799    , -700.324    , array([ 0.170398   ,  0.103994   ,  0.117139   ])
2800    , -580.02     , array([ 0.150269   ,  0.109752   ,  0.135142   ])
2801    , -417.181    , array([ 0.139082   ,  0.100685   ,  0.179871   ])
2802    , -421.128    , array([ 0.156195   ,  0.0974813  ,  0.179871   ])
2803    , -396.048    , array([ 0.148822   ,  0.0777359  ,  0.24635    ])
2804    , -596.833    , array([ 0.143176   ,  0.0600178  ,  0.389251   ])
2805    , -534.213    , array([ 0.128314   ,  0.0802906  ,  0.340629   ])
2806    , -411.247    , array([ 0.137743   ,  0.0856545  ,  0.260848   ])
2807    , -461.169    , array([ 0.128728   ,  0.0785783  ,  0.28421    ])
2808    , -387.925    , array([ 0.148822   ,  0.092367   ,  0.201665   ])
2809    , -461.207    , array([ 0.15124    ,  0.0718282  ,  0.306727   ])
2810    , -386.222    , array([ 0.142027   ,  0.092533   ,  0.205546   ])
likelihood = -386.22
theta = 414.79
Optimized parameters = [0.14202671 0.09253303 0.20554626]

Round_3_Replicate_3
2811    , -596.142    , array([ 0.487218   ,  0.0641411  ,  0.652044   ])
2812    , -590.995    , array([ 0.470013   ,  0.0641411  ,  0.652044   ])
2813    , -620.78     , array([ 0.487218   ,  0.0559105  ,  0.652044   ])
2814    , -594.983    , array([ 0.487218   ,  0.0641411  ,  0.63825    ])
2815    , -569.509    , array([ 0.47568    ,  0.0735833  ,  0.642815   ])
2816    , -546.81     , array([ 0.470013   ,  0.0844156  ,  0.63825    ])
2817    , -558.362    , array([ 0.464414   ,  0.0770301  ,  0.633717   ])
2818    , -537.337    , array([ 0.449807   ,  0.0870315  ,  0.644344   ])
2819    , -512.084    , array([ 0.432193   ,  0.101379   ,  0.647413   ])
2820    , -490.977    , array([ 0.440912   ,  0.118091   ,  0.627723   ])
2821    , -454.481    , array([ 0.427044   ,  0.160235   ,  0.615905   ])
2822    , -455.256    , array([ 0.421957   ,  0.160235   ,  0.633717   ])
2823    , -443.156    , array([ 0.388004   ,  0.224157   ,  0.626234   ])
2824    , -516.515    , array([ 0.352533   ,  0.365272   ,  0.620311   ])
2825    , -490.032    , array([ 0.392682   ,  0.316785   ,  0.603831   ])
2826    , -448.998    , array([ 0.402207   ,  0.238265   ,  0.614444   ])
2827    , -457.017    , array([ 0.389557   ,  0.261109   ,  0.60431    ])
2828    , -446.116    , array([ 0.413613   ,  0.18104    ,  0.626234   ])
2829    , -464.28     , array([ 0.376803   ,  0.283248   ,  0.628718   ])
2830    , -445.019    , array([ 0.413888   ,  0.184761   ,  0.619084   ])
likelihood = -443.16
theta = 258.58
Optimized parameters = [0.38800404 0.22415681 0.62623359]

Round_3_Replicate_4
2831    , -782.187    , array([ 0.611255   ,  0.10371    ,  0.222146   ])
2832    , -772.419    , array([ 0.596394   ,  0.10371    ,  0.222146   ])
2833    , -766.009    , array([ 0.611255   ,  0.0926002  ,  0.222146   ])
2834    , -820.798    , array([ 0.611255   ,  0.10371    ,  0.206049   ])
2835    , -733.12     , array([ 0.601307   ,  0.0961646  ,  0.2395     ])
2836    , -701.33     , array([ 0.596394   ,  0.0926002  ,  0.258211   ])
2837    , -713.519    , array([ 0.591521   ,  0.089168   ,  0.245581   ])
2838    , -702.234    , array([ 0.602954   ,  0.0806246  ,  0.262563   ])
2839    , -663.234    , array([ 0.582957   ,  0.0823343  ,  0.293515   ])
2840    , -637.759    , array([ 0.569303   ,  0.0776363  ,  0.337386   ])
2841    , -651.783    , array([ 0.587223   ,  0.0779628  ,  0.328116   ])
2842    , -617.71     , array([ 0.566025   ,  0.0843157  ,  0.356057   ])
2843    , -587.56     , array([ 0.548418   ,  0.0862241  ,  0.414631   ])
2844    , -605.118    , array([ 0.541135   ,  0.0700017  ,  0.496483   ])
2845    , -577.891    , array([ 0.52044    ,  0.0773833  ,  0.514953   ])
2846    , -566.955    , array([ 0.489953   ,  0.0770952  ,  0.645116   ])
2847    , -578.495    , array([ 0.485704   ,  0.0773472  ,  0.771511   ])
likelihood = -566.95
theta = 253.27
Optimized parameters = [0.48995275 0.07709518 0.64511582]

Round_3_Replicate_5
2848    , -415.459    , array([ 0.266364   ,  0.10145    ,  0.353441   ])
2849    , -410.637    , array([ 0.249316   ,  0.10145    ,  0.353441   ])
2850    , -427.867    , array([ 0.266364   ,  0.090483   ,  0.353441   ])
2851    , -413.833    , array([ 0.266364   ,  0.10145    ,  0.335531   ])
2852    , -403.355    , array([ 0.254874   ,  0.113747   ,  0.341397   ])
2853    , -401.307    , array([ 0.249316   ,  0.127535   ,  0.335531   ])
2854    , -399.13     , array([ 0.243879   ,  0.118169   ,  0.329765   ])
2855    , -398.726    , array([ 0.233358   ,  0.127535   ,  0.318528   ])
2856    , -399.612    , array([ 0.223292   ,  0.137643   ,  0.335531   ])
2857    , -435.534    , array([ 0.221657   ,  0.168689   ,  0.307675   ])
2858    , -399.404    , array([ 0.242093   ,  0.115203   ,  0.341397   ])
2859    , -395.002    , array([ 0.217355   ,  0.125391   ,  0.327865   ])
2860    , -395.255    , array([ 0.202945   ,  0.124333   ,  0.324098   ])
2861    , -398.778    , array([ 0.238366   ,  0.109182   ,  0.322852   ])
2862    , -396.043    , array([ 0.217592   ,  0.125865   ,  0.305706   ])
2863    , -407.734    , array([ 0.20796    ,  0.146009   ,  0.311718   ])
2864    , -395.567    , array([ 0.230371   ,  0.117411   ,  0.320031   ])
2865    , -392.726    , array([ 0.210605   ,  0.118293   ,  0.316942   ])
2866    , -393.01     , array([ 0.200075   ,  0.113926   ,  0.316151   ])
likelihood = -392.73
theta = 362.55
Optimized parameters = [0.21060548 0.11829279 0.31694176]

Round_4_Replicate_1
2867    , -679.009    , array([ 0.241831   ,  0.122236   ,  0.156448   ])
2868    , -652.324    , array([ 0.225261   ,  0.122236   ,  0.156448   ])
2869    , -637.636    , array([ 0.241831   ,  0.110042   ,  0.156448   ])
2870    , -752.692    , array([ 0.241831   ,  0.122236   ,  0.14259    ])
2871    , -573.868    , array([ 0.230654   ,  0.113965   ,  0.171653   ])
2872    , -507.422    , array([ 0.225261   ,  0.110042   ,  0.188336   ])
2873    , -521.746    , array([ 0.219995   ,  0.106254   ,  0.177043   ])
2874    , -482.139    , array([ 0.232481   ,  0.0967782  ,  0.192258   ])
2875    , -443.725    , array([ 0.236176   ,  0.0861125  ,  0.213128   ])
2876    , -404.882    , array([ 0.213163   ,  0.0912897  ,  0.236264   ])
2877    , -403.306    , array([ 0.20013    ,  0.0831482  ,  0.290344   ])
2878    , -412.047    , array([ 0.219995   ,  0.080286   ,  0.290344   ])
2879    , -487.329    , array([ 0.211489   ,  0.062827   ,  0.364233   ])
2880    , -432.488    , array([ 0.214851   ,  0.0722769  ,  0.308864   ])
2881    , -513.01     , array([ 0.189382   ,  0.0714379  ,  0.412181   ])
2882    , -409.988    , array([ 0.223492   ,  0.082183   ,  0.251335   ])
2883    , -400.087    , array([ 0.213724   ,  0.0927221  ,  0.247905   ])
2884    , -425.778    , array([ 0.213163   ,  0.105021   ,  0.222098   ])
2885    , -398.337    , array([ 0.204742   ,  0.0918839  ,  0.237349   ])
2886    , -412.89     , array([ 0.197517   ,  0.0982967  ,  0.214598   ])
2887    , -386.369    , array([ 0.190102   ,  0.0966945  ,  0.263919   ])
2888    , -387.042    , array([ 0.175327   ,  0.104885   ,  0.270446   ])
2889    , -428.686    , array([ 0.205141   ,  0.105689   ,  0.214379   ])
2890    , -392.954    , array([ 0.201371   ,  0.0882871  ,  0.269141   ])
2891    , -386.877    , array([ 0.184618   ,  0.0917295  ,  0.265221   ])
2892    , -399.558    , array([ 0.179873   ,  0.0924626  ,  0.298299   ])
2893    , -390.439    , array([ 0.19822    ,  0.0920282  ,  0.251306   ])
2894    , -385.063    , array([ 0.18097    ,  0.098929   ,  0.251309   ])
2895    , -387.655    , array([ 0.171559   ,  0.104722   ,  0.242841   ])
likelihood = -385.06
theta = 385.47
Optimized parameters = [0.18097046 0.09892905 0.25130876]

Round_4_Replicate_2
2896    , -530.913    , array([ 0.131225   ,  0.105202   ,  0.369367   ])
2897    , -574.99     , array([ 0.118554   ,  0.105202   ,  0.369367   ])
2898    , -541.652    , array([ 0.131225   ,  0.0939993  ,  0.369367   ])
2899    , -510.269    , array([ 0.131225   ,  0.105202   ,  0.351423   ])
2900    , -487.062    , array([ 0.145249   ,  0.0975942  ,  0.357305   ])
2901    , -456.39     , array([ 0.160773   ,  0.0939993  ,  0.351423   ])
2902    , -456.609    , array([ 0.15025    ,  0.109225   ,  0.345638   ])
2903    , -427.404    , array([ 0.164442   ,  0.100067   ,  0.330672   ])
2904    , -401.845    , array([ 0.184083   ,  0.0975942  ,  0.312872   ])
2905    , -402.605    , array([ 0.206069   ,  0.0951826  ,  0.321649   ])
2906    , -413.857    , array([ 0.222166   ,  0.0836401  ,  0.31172    ])
2907    , -421.209    , array([ 0.257585   ,  0.0899097  ,  0.283039   ])
2908    , -404.139    , array([ 0.228952   ,  0.0909151  ,  0.298774   ])
2909    , -394.223    , array([ 0.190181   ,  0.106823   ,  0.310191   ])
2910    , -400.693    , array([ 0.17596    ,  0.120723   ,  0.309429   ])
2911    , -425.002    , array([ 0.163074   ,  0.109428   ,  0.331826   ])
2912    , -397.407    , array([ 0.210331   ,  0.0952267  ,  0.306715   ])
2913    , -392.442    , array([ 0.183673   ,  0.104554   ,  0.29861    ])
2914    , -392.454    , array([ 0.173405   ,  0.10958    ,  0.287717   ])
2915    , -390.187    , array([ 0.205305   ,  0.106762   ,  0.297585   ])
2916    , -393.1      , array([ 0.216816   ,  0.111664   ,  0.290224   ])
2917    , -395.868    , array([ 0.176809   ,  0.118083   ,  0.297506   ])
2918    , -392.156    , array([ 0.184652   ,  0.1119     ,  0.299782   ])
2919    , -388.424    , array([ 0.191733   ,  0.108575   ,  0.287554   ])
2920    , -388.206    , array([ 0.192513   ,  0.109462   ,  0.276862   ])
2921    , -391.387    , array([ 0.204848   ,  0.114376   ,  0.28402    ])
2922    , -396.738    , array([ 0.21836    ,  0.108437   ,  0.272904   ])
2923    , -389.34     , array([ 0.192557   ,  0.111024   ,  0.292824   ])
likelihood = -388.21
theta = 375.09
Optimized parameters = [0.19251345 0.10946163 0.27686226]

Round_4_Replicate_3
2924    , -455.237    , array([ 0.157144   ,  0.101685   ,  0.167348   ])
2925    , -442.256    , array([ 0.143256   ,  0.101685   ,  0.167348   ])
2926    , -430.243    , array([ 0.157144   ,  0.0907028  ,  0.167348   ])
2927    , -493.942    , array([ 0.157144   ,  0.101685   ,  0.153039   ])
2928    , -405.266    , array([ 0.147743   ,  0.0942251  ,  0.182995   ])
2929    , -386.183    , array([ 0.143256   ,  0.0907028  ,  0.200106   ])
2930    , -387.484    , array([ 0.138905   ,  0.0873122  ,  0.18853    ])
2931    , -379.63     , array([ 0.14927    ,  0.0788775  ,  0.20412    ])
2932    , -392.229    , array([ 0.152371   ,  0.0694706  ,  0.225433   ])
2933    , -398.186    , array([ 0.131493   ,  0.0805648  ,  0.233021   ])
2934    , -382.533    , array([ 0.137484   ,  0.0829878  ,  0.214512   ])
2935    , -382.8      , array([ 0.147743   ,  0.0809066  ,  0.225433   ])
2936    , -392.729    , array([ 0.146232   ,  0.0721683  ,  0.229956   ])
2937    , -380.835    , array([ 0.143994   ,  0.0856648  ,  0.207184   ])
2938    , -382.466    , array([ 0.139382   ,  0.0840484  ,  0.19295    ])
2939    , -386.972    , array([ 0.151158   ,  0.0826372  ,  0.188946   ])
2940    , -380.193    , array([ 0.140782   ,  0.0829     ,  0.207813   ])
2941    , -380.983    , array([ 0.150097   ,  0.0808495  ,  0.220715   ])
2942    , -379.826    , array([ 0.147343   ,  0.0816376  ,  0.21342    ])
2943    , -380.061    , array([ 0.147532   ,  0.076818   ,  0.209656   ])
2944    , -381.792    , array([ 0.155685   ,  0.0754484  ,  0.210254   ])
2945    , -379.489    , array([ 0.144368   ,  0.0809708  ,  0.208421   ])
2946    , -380.205    , array([ 0.146429   ,  0.0843305  ,  0.207587   ])
2947    , -379.568    , array([ 0.147256   ,  0.078631   ,  0.209137   ])
2948    , -379.302    , array([ 0.14656    ,  0.0773915  ,  0.201188   ])
2949    , -379.685    , array([ 0.14617    ,  0.075352   ,  0.195338   ])
2950    , -379.591    , array([ 0.142912   ,  0.0790904  ,  0.208336   ])
2951    , -379.344    , array([ 0.144475   ,  0.0790371  ,  0.207274   ])
likelihood = -379.3
theta = 419.19
Optimized parameters = [0.14655997 0.07739148 0.20118848]

Round_4_Replicate_4
2952    , -484.687    , array([ 0.180326   ,  0.126975   ,  0.191816   ])
2953    , -471.332    , array([ 0.165524   ,  0.126975   ,  0.191816   ])
2954    , -456.652    , array([ 0.180326   ,  0.114526   ,  0.191816   ])
2955    , -523.882    , array([ 0.180326   ,  0.126975   ,  0.176615   ])
2956    , -429.859    , array([ 0.170318   ,  0.118534   ,  0.208324   ])
2957    , -404.05     , array([ 0.165524   ,  0.114526   ,  0.226254   ])
2958    , -406.314    , array([ 0.160865   ,  0.110654   ,  0.214137   ])
2959    , -388.711    , array([ 0.171946   ,  0.100956   ,  0.230443   ])
2960    , -384.452    , array([ 0.17525    ,  0.0900196  ,  0.252583   ])
2961    , -400.118    , array([ 0.154857   ,  0.0953309  ,  0.276849   ])
2962    , -405.063    , array([ 0.169241   ,  0.0893342  ,  0.294309   ])
2963    , -390.297    , array([ 0.167107   ,  0.0942442  ,  0.271816   ])
2964    , -444.577    , array([ 0.165524   ,  0.0757961  ,  0.314789   ])
2965    , -386.288    , array([ 0.165524   ,  0.103297   ,  0.245726   ])
2966    , -388.134    , array([ 0.184961   ,  0.0960624  ,  0.237599   ])
2967    , -396.852    , array([ 0.183403   ,  0.0984159  ,  0.221237   ])
2968    , -384.681    , array([ 0.17104    ,  0.0952702  ,  0.258179   ])
2969    , -392.831    , array([ 0.157277   ,  0.0960216  ,  0.26751    ])
2970    , -384.305    , array([ 0.177613   ,  0.0960522  ,  0.244747   ])
2971    , -389.057    , array([ 0.184202   ,  0.0850704  ,  0.257974   ])
2972    , -383.961    , array([ 0.170008   ,  0.0984037  ,  0.248733   ])
2973    , -384.518    , array([ 0.177544   ,  0.0942497  ,  0.239505   ])
2974    , -383.727    , array([ 0.175895   ,  0.0945038  ,  0.244043   ])
2975    , -387.715    , array([ 0.173703   ,  0.103033   ,  0.239263   ])
2976    , -383.534    , array([ 0.174862   ,  0.0931101  ,  0.249185   ])
2977    , -383.433    , array([ 0.169617   ,  0.0945797  ,  0.249898   ])
2978    , -384.261    , array([ 0.165755   ,  0.0938519  ,  0.252514   ])
2979    , -383.984    , array([ 0.176934   ,  0.089912   ,  0.246661   ])
2980    , -383.484    , array([ 0.171713   ,  0.0962084  ,  0.248213   ])
likelihood = -383.43
theta = 397.86
Optimized parameters = [0.16961716 0.09457966 0.24989806]

Round_4_Replicate_5
2981    , -414.181    , array([ 0.255749   ,  0.166912   ,  0.382552   ])
2982    , -413.77     , array([ 0.238894   ,  0.166912   ,  0.382552   ])
2983    , -406.986    , array([ 0.255749   ,  0.15262    ,  0.382552   ])
2984    , -417.674    , array([ 0.255749   ,  0.166912   ,  0.364607   ])
2985    , -409.309    , array([ 0.244385   ,  0.157243   ,  0.40138    ])
2986    , -407.614    , array([ 0.237091   ,  0.15111    ,  0.395004   ])
2987    , -406.106    , array([ 0.25254    ,  0.141415   ,  0.403529   ])
2988    , -409.899    , array([ 0.259653   ,  0.130167   ,  0.414445   ])
2989    , -403.659    , array([ 0.252328   ,  0.139861   ,  0.385971   ])
2990    , -403.115    , array([ 0.256395   ,  0.131904   ,  0.37849    ])
2991    , -406.825    , array([ 0.274024   ,  0.132929   ,  0.381193   ])
2992    , -409.561    , array([ 0.265994   ,  0.120034   ,  0.392668   ])
2993    , -404.704    , array([ 0.258273   ,  0.143726   ,  0.385056   ])
2994    , -406.422    , array([ 0.238648   ,  0.14518    ,  0.396725   ])
2995    , -404.618    , array([ 0.247039   ,  0.142015   ,  0.392784   ])
2996    , -402.73     , array([ 0.255175   ,  0.136854   ,  0.368084   ])
2997    , -403.395    , array([ 0.256503   ,  0.134629   ,  0.351547   ])
2998    , -401.754    , array([ 0.247513   ,  0.130326   ,  0.374322   ])
2999    , -401.322    , array([ 0.242302   ,  0.124103   ,  0.369068   ])
3000    , -402.329    , array([ 0.25545    ,  0.120558   ,  0.352034   ])
3001    , -399.538    , array([ 0.245523   ,  0.122245   ,  0.3481     ])
3002    , -398.119    , array([ 0.24026    ,  0.117684   ,  0.333833   ])
3003    , -400.802    , array([ 0.236987   ,  0.106547   ,  0.335376   ])
3004    , -397.909    , array([ 0.225184   ,  0.111386   ,  0.339517   ])
3005    , -398.324    , array([ 0.211423   ,  0.107065   ,  0.333426   ])
3006    , -397.22     , array([ 0.226085   ,  0.10068    ,  0.30632    ])
3007    , -398.498    , array([ 0.218388   ,  0.0906827  ,  0.279068   ])
likelihood = -397.22
theta = 358.36
Optimized parameters = [0.22608491 0.10068007 0.30632019]
