
Round_1_Replicate_1
858     , -1780.1     , array([ 5.10505    ,  0.350216   ,  0.195561   ,  0.779725   ,  2.55299    ])
859     , -1840.27    , array([ 5.5386     ,  0.350216   ,  0.195561   ,  0.779725   ,  2.55299    ])
860     , -1768.87    , array([ 5.10505    ,  0.332317   ,  0.195561   ,  0.779725   ,  2.55299    ])
861     , -1700.65    , array([ 5.10505    ,  0.350216   ,  0.180238   ,  0.779725   ,  2.55299    ])
862     , -1780.14    , array([ 5.10505    ,  0.350216   ,  0.195561   ,  0.770085   ,  2.55299    ])
863     , -1781.37    , array([ 5.10505    ,  0.350216   ,  0.195561   ,  0.779725   ,  2.67548    ])
864     , -1683.16    , array([ 4.70544    ,  0.342944   ,  0.189281   ,  0.775854   ,  2.60129    ])
865     , -1604.11    , array([ 4.33711    ,  0.339364   ,  0.186218   ,  0.773926   ,  2.62579    ])
866     , -1673.07    , array([ 4.78278    ,  0.338653   ,  0.185611   ,  0.773541   ,  2.46366    ])
likelihood = -1604.11
theta = 55.57
Optimized parameters = [4.33710727 0.33936449 0.18621756 0.77392645 2.62578999]

Round_1_Replicate_2
867     , -1458.97    , array([ 2.82492    ,  0.351961   ,  0.226638   ,  0.191562   ,  4.94625    ])
868     , -1504.88    , array([ 2.97547    ,  0.351961   ,  0.226638   ,  0.191562   ,  4.94625    ])
869     , -1450.08    , array([ 2.82492    ,  0.334056   ,  0.226638   ,  0.191562   ,  4.94625    ])
870     , -1382.75    , array([ 2.82492    ,  0.351961   ,  0.210426   ,  0.191562   ,  4.94625    ])
871     , -1459.01    , array([ 2.82492    ,  0.351961   ,  0.226638   ,  0.17637    ,  4.94625    ])
872     , -1458.23    , array([ 2.82492    ,  0.351961   ,  0.226638   ,  0.191562   ,  5.35784    ])
873     , -1378.43    , array([ 2.68198    ,  0.344687   ,  0.220009   ,  0.185334   ,  5.10695    ])
874     , -1315.81    , array([ 2.54627    ,  0.341106   ,  0.216767   ,  0.182297   ,  5.18925    ])
875     , -1367.18    , array([ 2.70998    ,  0.340394   ,  0.216124   ,  0.203977   ,  5.20586    ])
likelihood = -1315.81
theta = 68.24
Optimized parameters = [2.5462733  0.34110603 0.21676695 0.18229654 5.1892465 ]

Round_1_Replicate_3
876     , -6130.54    , array([ 4.27173    ,  4.29065    ,  1.03537    ,  0.904091   ,  0.246026   ])
877     , -6234.8     , array([ 4.5934     ,  4.29065    ,  1.03537    ,  0.904091   ,  0.246026   ])
878     , -6219.51    , array([ 4.27173    ,  4.61476    ,  1.03537    ,  0.904091   ,  0.246026   ])
879     , -6134.86    , array([ 4.27173    ,  4.29065    ,  1.03717    ,  0.904091   ,  0.246026   ])
880     , -6136.33    , array([ 4.27173    ,  4.29065    ,  1.03537    ,  0.899545   ,  0.246026   ])
881     , -6039.5     , array([ 4.27173    ,  4.29065    ,  1.03537    ,  0.904091   ,  0.229367   ])
882     , -6025.64    , array([ 3.97259    ,  4.41747    ,  1.03609    ,  0.90227    ,  0.239222   ])
883     , -5913.78    , array([ 3.6944     ,  4.48227    ,  1.03645    ,  0.901361   ,  0.235891   ])
884     , -5926.81    , array([ 4.03069    ,  4.05963    ,  1.03652    ,  0.901179   ,  0.23523    ])
likelihood = -5913.78
theta = 60.61
Optimized parameters = [3.69439786 4.48227348 1.03644625 0.90136064 0.2358907 ]

Round_1_Replicate_4
885     , -1727.96    , array([ 0.358585   ,  4.26674    ,  0.269722   ,  0.521474   ,  2.59852    ])
886     , -1724.48    , array([ 0.34066    ,  4.26674    ,  0.269722   ,  0.521474   ,  2.59852    ])
887     , -1761.43    , array([ 0.358585   ,  4.58777    ,  0.269722   ,  0.521474   ,  2.59852    ])
888     , -1684.71    , array([ 0.358585   ,  4.26674    ,  0.252617   ,  0.521474   ,  2.59852    ])
889     , -1727.6     , array([ 0.358585   ,  4.26674    ,  0.269722   ,  0.504771   ,  2.59852    ])
890     , -1731.64    , array([ 0.358585   ,  4.26674    ,  0.269722   ,  0.521474   ,  2.7256     ])
891     , -1675.36    , array([ 0.351304   ,  3.96818    ,  0.262745   ,  0.514727   ,  2.64863    ])
892     , -1630.28    , array([ 0.34772    ,  3.69051    ,  0.259325   ,  0.511387   ,  2.67404    ])
893     , -1667.6     , array([ 0.347007   ,  4.02618    ,  0.258646   ,  0.510721   ,  2.50592    ])
likelihood = -1630.28
theta = 93.87
Optimized parameters = [0.34771974 3.69051429 0.259325   0.51138687 2.67403968]

Round_1_Replicate_5
894     , -381.166    , array([ 0.161454   ,  0.242943   ,  0.350516   ,  2.29705    ,  6.15015    ])
895     , -393.456    , array([ 0.147384   ,  0.242943   ,  0.350516   ,  2.29705    ,  6.15015    ])
896     , -364.157    , array([ 0.161454   ,  0.22635    ,  0.350516   ,  2.29705    ,  6.15015    ])
897     , -374.994    , array([ 0.161454   ,  0.242943   ,  0.332616   ,  2.29705    ,  6.15015    ])
898     , -381.152    , array([ 0.161454   ,  0.242943   ,  0.350516   ,  2.39458    ,  6.15015    ])
899     , -381.231    , array([ 0.161454   ,  0.242943   ,  0.350516   ,  2.29705    ,  6.73489    ])
900     , -361.851    , array([ 0.176867   ,  0.236165   ,  0.343243   ,  2.33557    ,  6.37769    ])
901     , -350.083    , array([ 0.193751   ,  0.232847   ,  0.339664   ,  2.35508    ,  6.4946     ])
902     , -357.969    , array([ 0.173671   ,  0.232189   ,  0.338952   ,  2.359      ,  5.73995    ])
likelihood = -350.08
theta = 273.05
Optimized parameters = [0.19375092 0.23284681 0.33966366 2.35507729 6.49460179]

Round_1_Replicate_6
903     , -5043.25    , array([ 0.596288   ,  7.72561    ,  1.80865    ,  0.251537   ,  0.402863   ])
904     , -4986.9     , array([ 0.581071   ,  7.72561    ,  1.80865    ,  0.251537   ,  0.402863   ])
905     , -5066.79    , array([ 0.596288   ,  8.55716    ,  1.80865    ,  0.251537   ,  0.402863   ])
906     , -5116.68    , array([ 0.596288   ,  7.72561    ,  1.86304    ,  0.251537   ,  0.402863   ])
907     , -5049.78    , array([ 0.596288   ,  7.72561    ,  1.80865    ,  0.234764   ,  0.402863   ])
908     , -5029.99    , array([ 0.596288   ,  7.72561    ,  1.80865    ,  0.251537   ,  0.38496    ])
909     , -4955.67    , array([ 0.590154   ,  8.04807    ,  1.75585    ,  0.244689   ,  0.395604   ])
910     , -4876.88    , array([ 0.587111   ,  8.21431    ,  1.70459    ,  0.241335   ,  0.392023   ])
911     , -4926.71    , array([ 0.586504   ,  7.14812    ,  1.76628    ,  0.240669   ,  0.391311   ])
likelihood = -4876.88
theta = 123.41
Optimized parameters = [0.58711064 8.2143086  1.70458613 0.24133468 0.39202339]

Round_1_Replicate_7
912     , -4711.81    , array([ 0.22802    ,  1.82303    ,  5.16506    ,  1.84346    ,  0.177418   ])
913     , -4609.5     , array([ 0.211773   ,  1.82303    ,  5.16506    ,  1.84346    ,  0.177418   ])
914     , -4728.29    , array([ 0.22802    ,  1.8786     ,  5.16506    ,  1.84346    ,  0.177418   ])
915     , -4958.2     , array([ 0.22802    ,  1.82303    ,  5.60698    ,  1.84346    ,  0.177418   ])
916     , -4706.53    , array([ 0.22802    ,  1.82303    ,  5.16506    ,  1.90071    ,  0.177418   ])
917     , -4597.37    , array([ 0.22802    ,  1.82303    ,  5.16506    ,  1.84346    ,  0.162722   ])
918     , -4388.92    , array([ 0.221377   ,  1.84506    ,  4.75796    ,  1.86615    ,  0.171386   ])
919     , -4112.67    , array([ 0.218128   ,  1.85617    ,  4.38296    ,  1.8776     ,  0.168448   ])
920     , -4366.16    , array([ 0.217484   ,  1.7819     ,  4.83673    ,  1.8799     ,  0.167867   ])
likelihood = -4112.67
theta = 137.16
Optimized parameters = [0.21812815 1.85616993 4.38295968 1.87760251 0.16844819]

Round_1_Replicate_8
921     , -565.24     , array([ 0.235658   ,  0.672774   ,  0.198527   ,  0.945223   ,  0.369749   ])
922     , -576.011    , array([ 0.219229   ,  0.672774   ,  0.198527   ,  0.945223   ,  0.369749   ])
923     , -557.039    , array([ 0.235658   ,  0.659572   ,  0.198527   ,  0.945223   ,  0.369749   ])
924     , -558.041    , array([ 0.235658   ,  0.672774   ,  0.183109   ,  0.945223   ,  0.369749   ])
925     , -565.64     , array([ 0.235658   ,  0.672774   ,  0.198527   ,  0.942564   ,  0.369749   ])
926     , -564.452    , array([ 0.235658   ,  0.672774   ,  0.198527   ,  0.945223   ,  0.351805   ])
927     , -549.328    , array([ 0.25332    ,  0.667462   ,  0.19221    ,  0.944158   ,  0.362464   ])
928     , -538.194    , array([ 0.272304   ,  0.664821   ,  0.189127   ,  0.943626   ,  0.358876   ])
929     , -546.703    , array([ 0.249685   ,  0.664295   ,  0.188517   ,  0.947248   ,  0.358162   ])
likelihood = -538.19
theta = 205.5
Optimized parameters = [0.27230439 0.66482142 0.18912735 0.94362649 0.35887552]

Round_1_Replicate_9
930     , -4518.65    , array([ 0.71889    ,  0.781641   ,  2.33412    ,  2.98212    ,  1.87571    ])
931     , -4492.97    , array([ 0.707123   ,  0.781641   ,  2.33412    ,  2.98212    ,  1.87571    ])
932     , -4506.28    , array([ 0.71889    ,  0.772071   ,  2.33412    ,  2.98212    ,  1.87571    ])
933     , -4626.33    , array([ 0.71889    ,  0.781641   ,  2.43517    ,  2.98212    ,  1.87571    ])
934     , -4516.51    , array([ 0.71889    ,  0.781641   ,  2.33412    ,  3.14957    ,  1.87571    ])
935     , -4519.44    , array([ 0.71889    ,  0.781641   ,  2.33412    ,  2.98212    ,  1.93563    ])
936     , -4396.05    , array([ 0.71416    ,  0.777799   ,  2.23726    ,  3.04801    ,  1.89945    ])
937     , -4282.2     , array([ 0.711807   ,  0.775885   ,  2.14443    ,  3.08149    ,  1.91144    ])
938     , -4406.79    , array([ 0.711337   ,  0.775503   ,  2.25631    ,  3.08823    ,  1.83141    ])
likelihood = -4282.2
theta = 121.16
Optimized parameters = [0.71180661 0.77588492 2.14442538 3.08149311 1.91143526]

Round_1_Replicate_10
939     , -3157.78    , array([ 2.58059    ,  6.40605    ,  0.432239   ,  5.88257    ,  0.754307   ])
940     , -3220.15    , array([ 2.70586    ,  6.40605    ,  0.432239   ,  5.88257    ,  0.754307   ])
941     , -3213.65    , array([ 2.58059    ,  7.02943    ,  0.432239   ,  5.88257    ,  0.754307   ])
942     , -3059.39    , array([ 2.58059    ,  6.40605    ,  0.414487   ,  5.88257    ,  0.754307   ])
943     , -3102.22    , array([ 2.58059    ,  6.40605    ,  0.432239   ,  6.42756    ,  0.754307   ])
944     , -3140.8     , array([ 2.58059    ,  6.40605    ,  0.432239   ,  5.88257    ,  0.743747   ])
945     , -3051.71    , array([ 2.46113    ,  6.64848    ,  0.425049   ,  6.09479    ,  0.750065   ])
946     , -2972.03    , array([ 2.34719    ,  6.77311    ,  0.421498   ,  6.20375    ,  0.747953   ])
947     , -2958.5     , array([ 2.48457    ,  5.96953    ,  0.420792   ,  6.22578    ,  0.747532   ])
948     , -2833.72    , array([ 2.4379     ,  5.50111    ,  0.415183   ,  6.40482    ,  0.744167   ])
likelihood = -2833.72
theta = 36.03
Optimized parameters = [2.43790396 5.50110591 0.41518251 6.4048165  0.74416677]

Round_2_Replicate_1
949     , -654.967    , array([ 0.127791   ,  0.0644979  ,  0.115734   ,  9.2665     ,  10.9322    ])
950     , -695.214    , array([ 0.115299   ,  0.0644979  ,  0.115734   ,  9.2665     ,  10.9322    ])
951     , -668.076    , array([ 0.127791   ,  0.0562371  ,  0.115734   ,  9.2665     ,  10.9322    ])
952     , -708.783    , array([ 0.127791   ,  0.0644979  ,  0.103904   ,  9.2665     ,  10.9322    ])
953     , -659.683    , array([ 0.127791   ,  0.0644979  ,  0.115734   ,  10.3577    ,  10.9322    ])
954     , -648.126    , array([ 0.127791   ,  0.0644979  ,  0.115734   ,  9.2665     ,  12.321     ])
955     , -621.142    , array([ 0.122639   ,  0.0610572  ,  0.12891    ,  9.68844    ,  11.4679    ])
956     , -578.434    , array([ 0.120142   ,  0.0594063  ,  0.143587   ,  9.90657    ,  11.7455    ])
957     , -590.116    , array([ 0.138182   ,  0.0590815  ,  0.12616    ,  9.95078    ,  11.8018    ])
958     , -584.913    , array([ 0.128635   ,  0.0691107  ,  0.130589   ,  10.2384    ,  12.1687    ])
959     , -565.92     , array([ 0.128974   ,  0.0619473  ,  0.137052   ,  9.11752    ,  12.7016    ])
960     , -524.855    , array([ 0.12957    ,  0.0607101  ,  0.149141   ,  8.55429    ,  13.6909    ])
likelihood = -524.86
theta = 213.87
Optimized parameters = [ 0.12956968  0.06071006  0.14914135  8.55429254 13.69086383]

Round_2_Replicate_2
961     , -1454.15    , array([ 0.440654   ,  0.288053   ,  0.982923   ,  3.45491    ,  16.1445    ])
962     , -1419.48    , array([ 0.422963   ,  0.288053   ,  0.982923   ,  3.45491    ,  16.1445    ])
963     , -1424.66    , array([ 0.440654   ,  0.270674   ,  0.982923   ,  3.45491    ,  16.1445    ])
964     , -1452.99    , array([ 0.440654   ,  0.288053   ,  0.982077   ,  3.45491    ,  16.1445    ])
965     , -1454.15    , array([ 0.440654   ,  0.288053   ,  0.982923   ,  3.67586    ,  16.1445    ])
966     , -1454.15    , array([ 0.440654   ,  0.288053   ,  0.982923   ,  3.45491    ,  18.5535    ])
967     , -1427.73    , array([ 0.43349    ,  0.280971   ,  0.982585   ,  3.54165    ,  14.0483    ])
968     , -1417.25    , array([ 0.430658   ,  0.278188   ,  0.982449   ,  3.57695    ,  15.2709    ])
969     , -1399.07    , array([ 0.425745   ,  0.273382   ,  0.982212   ,  3.63958    ,  14.852     ])
970     , -1395.46    , array([ 0.424769   ,  0.272431   ,  0.982165   ,  3.34864    ,  14.7696    ])
971     , -1366.78    , array([ 0.417043   ,  0.264941   ,  0.981786   ,  3.19612    ,  14.1267    ])
972     , -1362.64    , array([ 0.415515   ,  0.263468   ,  0.982895   ,  3.45354    ,  14.0015    ])
973     , -1319.08    , array([ 0.403488   ,  0.251974   ,  0.983304   ,  3.45286    ,  13.0391    ])
likelihood = -1319.08
theta = 260.64
Optimized parameters = [ 0.40348824  0.25197362  0.98330391  3.45285771 13.03913459]

Round_2_Replicate_3
974     , -352.029    , array([ 0.0896398  ,  0.0822213  ,  0.336657   ,  7.92656    ,  10.704     ])
975     , -384.226    , array([ 0.0794559  ,  0.0822213  ,  0.336657   ,  7.92656    ,  10.704     ])
976     , -349.358    , array([ 0.0896398  ,  0.0725661  ,  0.336657   ,  7.92656    ,  10.704     ])
977     , -364.853    , array([ 0.0896398  ,  0.0822213  ,  0.318821   ,  7.92656    ,  10.704     ])
978     , -352.108    , array([ 0.0896398  ,  0.0822213  ,  0.336657   ,  8.79102    ,  10.704     ])
979     , -351.651    , array([ 0.0896398  ,  0.0822213  ,  0.336657   ,  7.92656    ,  12.051     ])
980     , -326.561    , array([ 0.101129   ,  0.0782139  ,  0.329406   ,  8.26165    ,  11.2238    ])
981     , -302.951    , array([ 0.114091   ,  0.0762841  ,  0.325839   ,  8.43446    ,  11.493     ])
982     , -318.364    , array([ 0.0987191  ,  0.0759039  ,  0.350876   ,  8.46946    ,  11.5476    ])
983     , -317.039    , array([ 0.102603   ,  0.073515   ,  0.337832   ,  7.52364    ,  11.9034    ])
984     , -305.249    , array([ 0.108299   ,  0.0702963  ,  0.338303   ,  8.17183    ,  12.42      ])
likelihood = -302.95
theta = 383.96
Optimized parameters = [ 0.1140909   0.0762841   0.32583887  8.4344633  11.49301051]

Round_2_Replicate_4
985     , -719.488    , array([ 0.121344   ,  0.190085   ,  0.0859103  ,  1.99779    ,  23.1104    ])
986     , -765.05     , array([ 0.109199   ,  0.190085   ,  0.0859103  ,  1.99779    ,  23.1104    ])
987     , -721.782    , array([ 0.121344   ,  0.174943   ,  0.0859103  ,  1.99779    ,  23.1104    ])
988     , -774.063    , array([ 0.121344   ,  0.190085   ,  0.0759885  ,  1.99779    ,  23.1104    ])
989     , -719.55     , array([ 0.121344   ,  0.190085   ,  0.0859103  ,  2.06812    ,  23.1104    ])
990     , -720.805    , array([ 0.121344   ,  0.190085   ,  0.0859103  ,  1.99779    ,  27.0395    ])
991     , -685.474    , array([ 0.116332   ,  0.183877   ,  0.0971277  ,  2.02563    ,  24.6085    ])
992     , -643.394    , array([ 0.113904   ,  0.180849   ,  0.10981    ,  2.0397     ,  25.3935    ])
993     , -645.962    , array([ 0.13147    ,  0.18025    ,  0.0947728  ,  2.04252    ,  25.5535    ])
994     , -658.727    , array([ 0.122166   ,  0.198207   ,  0.0985687  ,  2.0607     ,  26.6015    ])
995     , -634.913    , array([ 0.122496   ,  0.185496   ,  0.10414    ,  2.08641    ,  22.5881    ])
996     , -594.962    , array([ 0.123076   ,  0.183243   ,  0.114657   ,  2.13219    ,  20.6453    ])
likelihood = -594.96
theta = 165.13
Optimized parameters = [ 0.123076    0.18324291  0.1146573   2.13218549 20.6452575 ]

Round_2_Replicate_5
997     , -411.795    , array([ 0.0566478  ,  0.0638116  ,  0.427814   ,  0.667178   ,  16.4234    ])
998     , -457.199    , array([ 0.0490729  ,  0.0638116  ,  0.427814   ,  0.667178   ,  16.4234    ])
999     , -408.557    , array([ 0.0566478  ,  0.055609   ,  0.427814   ,  0.667178   ,  16.4234    ])
1000    , -423.449    , array([ 0.0566478  ,  0.0638116  ,  0.410032   ,  0.667178   ,  16.4234    ])
1001    , -411.795    , array([ 0.0566478  ,  0.0638116  ,  0.427814   ,  0.653814   ,  16.4234    ])
1002    , -411.795    , array([ 0.0566478  ,  0.0638116  ,  0.427814   ,  0.667178   ,  18.8902    ])
1003    , -373.501    , array([ 0.0653918  ,  0.0603946  ,  0.420611   ,  0.6618     ,  17.3689    ])
1004    , -338.4      , array([ 0.0754857  ,  0.0587553  ,  0.417055   ,  0.659127   ,  17.8619    ])
1005    , -368.3      , array([ 0.0635412  ,  0.0584328  ,  0.441843   ,  0.658594   ,  17.9621    ])
1006    , -362.843    , array([ 0.066528   ,  0.0564104  ,  0.428978   ,  0.655191   ,  18.6173    ])
1007    , -345.836    , array([ 0.0709469  ,  0.0536962  ,  0.429445   ,  0.669147   ,  19.5748    ])
likelihood = -338.4
theta = 513.86
Optimized parameters = [ 0.07548566  0.05875528  0.41705466  0.65912722 17.86186777]

Round_2_Replicate_6
1008    , -780.07     , array([ 0.0675389  ,  0.10587    ,  0.165222   ,  6.61232    ,  3.70391    ])
1009    , -840.279    , array([ 0.0590244  ,  0.10587    ,  0.165222   ,  6.61232    ,  3.70391    ])
1010    , -784.542    , array([ 0.0675389  ,  0.0946261  ,  0.165222   ,  6.61232    ,  3.70391    ])
1011    , -819.151    , array([ 0.0675389  ,  0.10587    ,  0.150998   ,  6.61232    ,  3.70391    ])
1012    , -791.036    , array([ 0.0675389  ,  0.10587    ,  0.165222   ,  7.26727    ,  3.70391    ])
1013    , -774.18     , array([ 0.0675389  ,  0.10587    ,  0.165222   ,  6.61232    ,  3.95452    ])
1014    , -740.708    , array([ 0.0772817  ,  0.10122    ,  0.159379   ,  6.8669     ,  3.80219    ])
1015    , -693.415    , array([ 0.0884298  ,  0.0989727  ,  0.156535   ,  6.99785    ,  3.8523     ])
1016    , -708.911    , array([ 0.0752267  ,  0.0985292  ,  0.176922   ,  7.02433    ,  3.8624     ])
1017    , -706.234    , array([ 0.0785415  ,  0.0957375  ,  0.166177   ,  6.30494    ,  3.92768    ])
1018    , -681.274    , array([ 0.083429   ,  0.107615   ,  0.166561   ,  6.79876    ,  4.02093    ])
1019    , -632.441    , array([ 0.0927254  ,  0.114763   ,  0.167234   ,  6.89394    ,  4.18948    ])
likelihood = -632.44
theta = 180.65
Optimized parameters = [0.09272537 0.11476313 0.16723365 6.89393538 4.18947924]

Round_2_Replicate_7
1020    , -383.631    , array([ 0.283328   ,  0.142174   ,  0.0938811  ,  0.627833   ,  13.4151    ])
1021    , -400.593    , array([ 0.266014   ,  0.142174   ,  0.0938811  ,  0.627833   ,  13.4151    ])
1022    , -389.12     , array([ 0.283328   ,  0.128962   ,  0.0938811  ,  0.627833   ,  13.4151    ])
1023    , -417.951    , array([ 0.283328   ,  0.142174   ,  0.0834079  ,  0.627833   ,  13.4151    ])
1024    , -383.59     , array([ 0.283328   ,  0.142174   ,  0.0938811  ,  0.613389   ,  13.4151    ])
1025    , -387.015    , array([ 0.283328   ,  0.142174   ,  0.0938811  ,  0.627833   ,  15.2747    ])
1026    , -360.7      , array([ 0.276271   ,  0.136734   ,  0.105669   ,  0.622015   ,  14.1301    ])
1027    , -334.497    , array([ 0.272809   ,  0.134093   ,  0.118938   ,  0.619126   ,  14.5018    ])
1028    , -351.389    , array([ 0.297237   ,  0.13357    ,  0.103199   ,  0.61855    ,  14.5773    ])
1029    , -347.356    , array([ 0.284474   ,  0.149338   ,  0.10718    ,  0.614876   ,  15.0699    ])
1030    , -334.733    , array([ 0.284934   ,  0.13815    ,  0.113013   ,  0.609768   ,  13.1639    ])
likelihood = -334.5
theta = 155.08
Optimized parameters = [ 0.27280907  0.13409256  0.1189379   0.6191264  14.50176029]

Round_2_Replicate_8
1031    , -354.519    , array([ 0.286498   ,  0.164339   ,  0.101607   ,  3.94946    ,  2.81348    ])
1032    , -370.596    , array([ 0.26914    ,  0.164339   ,  0.101607   ,  3.94946    ,  2.81348    ])
1033    , -358.063    , array([ 0.286498   ,  0.150151   ,  0.101607   ,  3.94946    ,  2.81348    ])
1034    , -377.159    , array([ 0.286498   ,  0.164339   ,  0.0906292  ,  3.94946    ,  2.81348    ])
1035    , -359.481    , array([ 0.286498   ,  0.164339   ,  0.101607   ,  4.23023    ,  2.81348    ])
1036    , -354.738    , array([ 0.286498   ,  0.164339   ,  0.101607   ,  3.94946    ,  2.96283    ])
1037    , -341.982    , array([ 0.279424   ,  0.15851    ,  0.113914   ,  4.05946    ,  2.8723     ])
1038    , -325.395    , array([ 0.275953   ,  0.155673   ,  0.127711   ,  4.1156     ,  2.90216    ])
1039    , -331.288    , array([ 0.300435   ,  0.155112   ,  0.111338   ,  4.12692    ,  2.90817    ])
1040    , -330.268    , array([ 0.287646   ,  0.151568   ,  0.115487   ,  3.81509    ,  2.94693    ])
1041    , -321.58     , array([ 0.288107   ,  0.166514   ,  0.121557   ,  4.03012    ,  3.00207    ])
1042    , -306.29     , array([ 0.288915   ,  0.175353   ,  0.132956   ,  4.07107    ,  3.10105    ])
likelihood = -306.29
theta = 146.58
Optimized parameters = [0.28891477 0.17535272 0.13295598 4.07107263 3.10105329]

Round_2_Replicate_9
1043    , -951.369    , array([ 0.149038   ,  0.892978   ,  0.317725   ,  0.739013   ,  2.94349    ])
1044    , -974.575    , array([ 0.135507   ,  0.892978   ,  0.317725   ,  0.739013   ,  2.94349    ])
1045    , -947.815    , array([ 0.149038   ,  0.887938   ,  0.317725   ,  0.739013   ,  2.94349    ])
1046    , -929.549    , array([ 0.149038   ,  0.892978   ,  0.300022   ,  0.739013   ,  2.94349    ])
1047    , -951.403    , array([ 0.149038   ,  0.892978   ,  0.317725   ,  0.727922   ,  2.94349    ])
1048    , -951.37     , array([ 0.149038   ,  0.892978   ,  0.317725   ,  0.739013   ,  3.10675    ])
1049    , -919.852    , array([ 0.16392    ,  0.890959   ,  0.310522   ,  0.734557   ,  3.00774    ])
1050    , -895.747    , array([ 0.180288   ,  0.889951   ,  0.306982   ,  0.732338   ,  3.04039    ])
1051    , -917.548    , array([ 0.160829   ,  0.889749   ,  0.306278   ,  0.747555   ,  3.04696    ])
1052    , -904.533    , array([ 0.165803   ,  0.888461   ,  0.301816   ,  0.739729   ,  2.86449    ])
1053    , -886.319    , array([ 0.173025   ,  0.886661   ,  0.295678   ,  0.740015   ,  2.99064    ])
1054    , -855.533    , array([ 0.18643    ,  0.883519   ,  0.285236   ,  0.740517   ,  3.0145     ])
likelihood = -855.53
theta = 173.88
Optimized parameters = [0.18643039 0.88351883 0.28523556 0.74051668 3.01450063]

Round_2_Replicate_10
1055    , -375.541    , array([ 0.0873964  ,  0.0909086  ,  0.98306    ,  1.0598     ,  9.60196    ])
1056    , -373.937    , array([ 0.0773692  ,  0.0909086  ,  0.98306    ,  1.0598     ,  9.60196    ])
1057    , -349.105    , array([ 0.0873964  ,  0.0806372  ,  0.98306    ,  1.0598     ,  9.60196    ])
1058    , -375.305    , array([ 0.0873964  ,  0.0909086  ,  0.982221   ,  1.0598     ,  9.60196    ])
1059    , -375.541    , array([ 0.0873964  ,  0.0909086  ,  0.98306    ,  1.06288    ,  9.60196    ])
1060    , -375.541    , array([ 0.0873964  ,  0.0909086  ,  0.98306    ,  1.0598     ,  10.7517    ])
1061    , -362.862    , array([ 0.0832383  ,  0.0866517  ,  0.982724   ,  1.06103    ,  8.57515    ])
1062    , -358.16     , array([ 0.081631   ,  0.0850053  ,  0.98259    ,  1.06152    ,  9.17725    ])
1063    , -351.927    , array([ 0.0794328  ,  0.0827527  ,  0.982402   ,  1.0579     ,  9.01268    ])
1064    , -344.122    , array([ 0.0764544  ,  0.0796991  ,  0.983314   ,  1.06022    ,  8.78722    ])
1065    , -332.043    , array([ 0.0715084  ,  0.0746238  ,  0.983861   ,  1.06043    ,  8.40615    ])
likelihood = -332.04
theta = 797.59
Optimized parameters = [0.07150842 0.0746238  0.98386133 1.06043243 8.40614987]

Round_3_Replicate_1
1066    , -556.483    , array([ 0.0322982  ,  0.0265565  ,  0.581956   ,  17.4757    ,  3.63426    ])
1067    , -621.06     , array([ 0.0272043  ,  0.0265565  ,  0.581956   ,  17.4757    ,  3.63426    ])
1068    , -565.92     , array([ 0.0322982  ,  0.0221503  ,  0.581956   ,  17.4757    ,  3.63426    ])
1069    , -572.206    , array([ 0.0322982  ,  0.0265565  ,  0.566415   ,  17.4757    ,  3.63426    ])
1070    , -564.773    , array([ 0.0322982  ,  0.0265565  ,  0.581956   ,  20.163     ,  3.63426    ])
1071    , -543.049    , array([ 0.0322982  ,  0.0265565  ,  0.581956   ,  17.4757    ,  3.87648    ])
1072    , -503.648    , array([ 0.038346   ,  0.0246976  ,  0.575689   ,  18.5047    ,  3.72928    ])
1073    , -452.914    , array([ 0.0455261  ,  0.0238175  ,  0.572581   ,  19.0417    ,  3.77771    ])
1074    , -498.771    , array([ 0.037052   ,  0.0236453  ,  0.594052   ,  19.151     ,  3.78747    ])
1075    , -479.709    , array([ 0.039144   ,  0.0290992  ,  0.582965   ,  19.8653    ,  3.85055    ])
1076    , -450.922    , array([ 0.0422726  ,  0.0251753  ,  0.583369   ,  17.1155    ,  3.94063    ])
1077    , -404.508    , array([ 0.0483614  ,  0.0245119  ,  0.584077   ,  15.769     ,  4.10337    ])
1078    , -401.665    , array([ 0.0496807  ,  0.0243813  ,  0.584219   ,  18.9522    ,  4.13671    ])
1079    , -345.3      , array([ 0.0616157  ,  0.0233614  ,  0.585354   ,  19.7366    ,  4.41342    ])
1080    , -346.145    , array([ 0.0643269  ,  0.0231626  ,  0.585581   ,  19.8973    ,  4.08479    ])
1081    , -324.609    , array([ 0.0699185  ,  0.0258008  ,  0.570371   ,  18.4365    ,  4.30908    ])
1082    , -278.94     , array([ 0.0960467  ,  0.0269511  ,  0.558887   ,  18.0893    ,  4.59624    ])
1083    , -294.832    , array([ 0.0947689  ,  0.0203317  ,  0.571494   ,  17.12      ,  4.5495     ])
1084    , -271.969    , array([ 0.109253   ,  0.0233169  ,  0.581417   ,  17.1164    ,  4.99518    ])
1085    , -306.24     , array([ 0.169246   ,  0.0230705  ,  0.585885   ,  16.228     ,  5.74397    ])
likelihood = -271.97
theta = 577.73
Optimized parameters = [ 0.10925261  0.02331685  0.58141656 17.11639564  4.99518199]

Round_3_Replicate_2
1086    , -343.498    , array([ 0.256426   ,  0.0315762  ,  0.381616   ,  12.2359    ,  2.93848    ])
1087    , -338.363    , array([ 0.239558   ,  0.0315762  ,  0.381616   ,  12.2359    ,  2.93848    ])
1088    , -360.349    , array([ 0.256426   ,  0.0265661  ,  0.381616   ,  12.2359    ,  2.93848    ])
1089    , -346.008    , array([ 0.256426   ,  0.0315762  ,  0.363671   ,  12.2359    ,  2.93848    ])
1090    , -349.53     , array([ 0.256426   ,  0.0315762  ,  0.381616   ,  13.8681    ,  2.93848    ])
1091    , -339.008    , array([ 0.256426   ,  0.0315762  ,  0.381616   ,  12.2359    ,  3.10119    ])
1092    , -327.412    , array([ 0.249541   ,  0.0375312  ,  0.374334   ,  12.8643    ,  3.00251    ])
1093    , -313.904    , array([ 0.246168   ,  0.0446092  ,  0.370745   ,  13.1906    ,  3.03505    ])
1094    , -322.253    , array([ 0.245499   ,  0.0362565  ,  0.370032   ,  11.1251    ,  3.0416     ])
1095    , -316.305    , array([ 0.241259   ,  0.0383174  ,  0.390994   ,  12.1382    ,  3.08386    ])
1096    , -309.092    , array([ 0.235446   ,  0.041401   ,  0.376243   ,  12.0994    ,  3.144      ])
1097    , -295.434    , array([ 0.225609   ,  0.0474062  ,  0.373585   ,  12.0317    ,  3.2521     ])
1098    , -299.774    , array([ 0.223692   ,  0.048708   ,  0.373055   ,  12.0182    ,  3.0362     ])
1099    , -285.726    , array([ 0.232969   ,  0.0579291  ,  0.369685   ,  11.9322    ,  3.24654    ])
1100    , -272.321    , array([ 0.229743   ,  0.078463   ,  0.36386    ,  11.7832    ,  3.41247    ])
1101    , -280.642    , array([ 0.221379   ,  0.0687041  ,  0.378702   ,  13.4287    ,  3.28418    ])
1102    , -278.961    , array([ 0.217652   ,  0.0821121  ,  0.353849   ,  12.8155    ,  3.32176    ])
1103    , -270.514    , array([ 0.203062   ,  0.0900268  ,  0.366277   ,  11.6577    ,  3.49927    ])
1104    , -283.704    , array([ 0.184428   ,  0.127893   ,  0.364063   ,  10.9595    ,  3.75737    ])
likelihood = -270.51
theta = 227.95
Optimized parameters = [ 0.20306216  0.09002681  0.36627703 11.65774692  3.49927253]

Round_3_Replicate_3
1105    , -417.671    , array([ 0.204289   ,  0.0196023  ,  0.734122   ,  11.7363    ,  6.71881    ])
1106    , -389.081    , array([ 0.188693   ,  0.0196023  ,  0.734122   ,  11.7363    ,  6.71881    ])
1107    , -434.327    , array([ 0.204289   ,  0.0161036  ,  0.734122   ,  11.7363    ,  6.71881    ])
1108    , -413.059    , array([ 0.204289   ,  0.0196023  ,  0.722864   ,  11.7363    ,  6.71881    ])
1109    , -417.643    , array([ 0.204289   ,  0.0196023  ,  0.734122   ,  13.2742    ,  6.71881    ])
1110    , -417.794    , array([ 0.204289   ,  0.0196023  ,  0.734122   ,  11.7363    ,  7.39021    ])
1111    , -390.065    , array([ 0.197902   ,  0.0238612  ,  0.729598   ,  12.3289    ,  6.97972    ])
1112    , -392.695    , array([ 0.195403   ,  0.0212061  ,  0.727796   ,  12.5742    ,  6.2022     ])
1113    , -383.469    , array([ 0.191958   ,  0.0218838  ,  0.725281   ,  12.9258    ,  6.60712    ])
1114    , -367.744    , array([ 0.186074   ,  0.0231223  ,  0.720901   ,  13.5651    ,  6.55197    ])
1115    , -364.754    , array([ 0.18492    ,  0.0233783  ,  0.720028   ,  11.5278    ,  6.541      ])
1116    , -341.882    , array([ 0.175935   ,  0.0255308  ,  0.713082   ,  10.7427    ,  6.45387    ])
1117    , -342.586    , array([ 0.174191   ,  0.0259845  ,  0.727267   ,  12.5851    ,  6.43658    ])
1118    , -340.486    , array([ 0.173931   ,  0.0260533  ,  0.722129   ,  11.7506    ,  7.07693    ])
1119    , -318.741    , array([ 0.164097   ,  0.0288777  ,  0.719312   ,  11.3593    ,  7.55952    ])
1120    , -317.786    , array([ 0.159338   ,  0.0249908  ,  0.716266   ,  11.5981    ,  6.49255    ])
1121    , -291.707    , array([ 0.142973   ,  0.0255755  ,  0.709691   ,  11.2491    ,  6.26187    ])
1122    , -287.404    , array([ 0.149559   ,  0.0338354  ,  0.70228    ,  11.9788    ,  6.55731    ])
1123    , -262.685    , array([ 0.133149   ,  0.0444532  ,  0.68688    ,  12.1018    ,  6.47802    ])
1124    , -265.329    , array([ 0.132661   ,  0.0372561  ,  0.701463   ,  9.90137    ,  6.69382    ])
likelihood = -262.69
theta = 580.86
Optimized parameters = [ 0.1331492   0.04445322  0.68688009 12.10183511  6.47802467]

Round_3_Replicate_4
1125    , -729.296    , array([ 0.0580559  ,  0.104553   ,  0.175838   ,  9.44416    ,  28.9465    ])
1126    , -791.56     , array([ 0.0503545  ,  0.104553   ,  0.175838   ,  9.44416    ,  28.9465    ])
1127    , -731.091    , array([ 0.0580559  ,  0.0933909  ,  0.175838   ,  9.44416    ,  28.9465    ])
1128    , -768.294    , array([ 0.0580559  ,  0.104553   ,  0.161201   ,  9.44416    ,  28.9465    ])
1129    , -729.301    , array([ 0.0580559  ,  0.104553   ,  0.175838   ,  10.5663    ,  28.9465    ])
1131    , -770.398    , array([ 0.0548433  ,  0.0999365  ,  0.16983    ,  9.87794    ,  24.4634    ])
1132    , -700.992    , array([ 0.0654282  ,  0.0981474  ,  0.167485   ,  10.057     ,  27.0622    ])
1133    , -658.341    , array([ 0.0745809  ,  0.0950933  ,  0.163458   ,  10.3782    ,  26.1666    ])
1135    , -746.298    , array([ 0.0578579  ,  0.100117   ,  0.170066   ,  9.86022    ,  26.3434    ])
1136    , -669.664    , array([ 0.0640864  ,  0.0945622  ,  0.183813   ,  10.4361    ,  26.7724    ])
1137    , -660.664    , array([ 0.06699    ,  0.0965228  ,  0.179734   ,  10.2253    ,  29.6086    ])
1138    , -647.93     , array([ 0.0706956  ,  0.104849   ,  0.175365   ,  11.0206    ,  27.1908    ])
1139    , -608.541    , array([ 0.0780127  ,  0.111095   ,  0.175129   ,  11.9049    ,  26.3533    ])
1140    , -602.956    , array([ 0.0795646  ,  0.0959565  ,  0.175082   ,  10.3316    ,  26.1889    ])
1141    , -545.282    , array([ 0.0931443  ,  0.0919269  ,  0.174705   ,  10.2162    ,  24.9103    ])
1142    , -534.275    , array([ 0.0961266  ,  0.0911415  ,  0.17463    ,  11.9283    ,  24.6621    ])
1143    , -452.694    , array([ 0.123692   ,  0.0850953  ,  0.174029   ,  13.4055    ,  22.764     ])
1144    , -499.99     , array([ 0.11328    ,  0.0966076  ,  0.163438   ,  11.9316    ,  24.9899    ])
likelihood = -452.69
theta = 243.17
Optimized parameters = [ 0.12369216  0.08509532  0.17402916 13.4055391  22.76395062]

Round_3_Replicate_5
1145    , -431.218    , array([ 0.0668372  ,  0.0869254  ,  0.34481    ,  11.7115    ,  29.7       ])
1146    , -475.499    , array([ 0.0583807  ,  0.0869254  ,  0.34481    ,  11.7115    ,  29.7       ])
1147    , -426.287    , array([ 0.0668372  ,  0.0769315  ,  0.34481    ,  11.7115    ,  29.7       ])
1148    , -445.716    , array([ 0.0668372  ,  0.0869254  ,  0.326934   ,  11.7115    ,  29.7       ])
1149    , -431.218    , array([ 0.0668372  ,  0.0869254  ,  0.34481    ,  13.2448    ,  29.7       ])
1151    , -452.228    , array([ 0.0633168  ,  0.0827808  ,  0.337545   ,  12.3023    ,  25.0679    ])
1152    , -401.64     , array([ 0.0748803  ,  0.0811789  ,  0.334682   ,  12.5468    ,  27.7524    ])
1153    , -369.422    , array([ 0.0848041  ,  0.0784496  ,  0.32973    ,  12.9866    ,  26.8271    ])
1155    , -435.664    , array([ 0.0666206  ,  0.0829428  ,  0.337833   ,  12.2781    ,  27.0097    ])
1156    , -391.362    , array([ 0.0734199  ,  0.0779758  ,  0.354308   ,  13.0661    ,  27.4529    ])
1158    , -422.055    , array([ 0.0689815  ,  0.0821267  ,  0.340705   ,  12.401     ,  27.8165    ])
1159    , -385.427    , array([ 0.0773004  ,  0.0743648  ,  0.340762   ,  11.5368    ,  26.9175    ])
1160    , -369.691    , array([ 0.0819308  ,  0.0698644  ,  0.339156   ,  12.969     ,  25.8789    ])
1161    , -351.341    , array([ 0.088883   ,  0.0759555  ,  0.336921   ,  13.509     ,  24.4919    ])
1162    , -320.227    , array([ 0.102499   ,  0.0754722  ,  0.333044   ,  14.5086    ,  22.241     ])
1163    , -319.871    , array([ 0.100902   ,  0.0687861  ,  0.337892   ,  13.5846    ,  23.912     ])
1164    , -285.155    , array([ 0.122034   ,  0.0629519  ,  0.336495   ,  14.2181    ,  22.1704    ])
likelihood = -285.16
theta = 394.28
Optimized parameters = [ 0.12203405  0.06295189  0.33649451 14.21808042 22.17037223]

Round_4_Replicate_1
1165    , -247.986    , array([ 0.189501   ,  0.0635653  ,  0.384885   ,  14.7516    ,  6.21797    ])
1166    , -247.61     , array([ 0.174378   ,  0.0635653  ,  0.384885   ,  14.7516    ,  6.21797    ])
1167    , -251.3      , array([ 0.189501   ,  0.0553836  ,  0.384885   ,  14.7516    ,  6.21797    ])
1168    , -249.061    , array([ 0.189501   ,  0.0635653  ,  0.366942   ,  14.7516    ,  6.21797    ])
1169    , -248.592    , array([ 0.189501   ,  0.0635653  ,  0.384885   ,  16.8765    ,  6.21797    ])
1170    , -246.745    , array([ 0.189501   ,  0.0635653  ,  0.384885   ,  14.7516    ,  6.81288    ])
1171    , -246.434    , array([ 0.183301   ,  0.0729557  ,  0.377604   ,  15.5674    ,  6.44943    ])
1172    , -247.934    , array([ 0.180277   ,  0.0837333  ,  0.374016   ,  15.9921    ,  6.56837    ])
1173    , -246.027    , array([ 0.180878   ,  0.0671669  ,  0.400633   ,  15.9062    ,  6.54441    ])
1174    , -246.157    , array([ 0.176714   ,  0.0690436  ,  0.418621   ,  16.517     ,  6.71401    ])
1175    , -245.18     , array([ 0.177539   ,  0.0686641  ,  0.388132   ,  13.5781    ,  6.67974    ])
1176    , -244.698    , array([ 0.171844   ,  0.0713649  ,  0.389766   ,  12.1792    ,  6.92333    ])
1177    , -245.082    , array([ 0.170728   ,  0.0719177  ,  0.390094   ,  14.3878    ,  6.9731     ])
1178    , -245.435    , array([ 0.18397    ,  0.0755583  ,  0.392197   ,  14.2447    ,  7.30024    ])
1179    , -247.31     , array([ 0.167295   ,  0.0809668  ,  0.395161   ,  14.0469    ,  6.84947    ])
1180    , -245.459    , array([ 0.183687   ,  0.0675292  ,  0.387428   ,  14.5722    ,  6.82201    ])
1181    , -244.25     , array([ 0.1731     ,  0.0683976  ,  0.406939   ,  12.9636    ,  7.39985    ])
1182    , -244.056    , array([ 0.168214   ,  0.0662265  ,  0.42245    ,  11.8299    ,  7.92636    ])
1183    , -244.139    , array([ 0.170399   ,  0.0738746  ,  0.39177    ,  11.2705    ,  7.87327    ])
1184    , -245.223    , array([ 0.162827   ,  0.0761658  ,  0.406932   ,  11.1007    ,  7.99854    ])
1185    , -244.521    , array([ 0.154828   ,  0.0682906  ,  0.407959   ,  10.2778    ,  7.75274    ])
1186    , -244.648    , array([ 0.171443   ,  0.064852   ,  0.393583   ,  12.7886    ,  6.98811    ])
1187    , -243.328    , array([ 0.163784   ,  0.0658996  ,  0.412037   ,  9.41267    ,  8.02264    ])
1188    , -243.092    , array([ 0.160418   ,  0.0630821  ,  0.423467   ,  7.61329    ,  8.60524    ])
1189    , -243.083    , array([ 0.158302   ,  0.0632124  ,  0.426292   ,  9.21444    ,  8.81471    ])
1190    , -242.945    , array([ 0.151936   ,  0.0594923  ,  0.445819   ,  8.01483    ,  9.94613    ])
1191    , -243.942    , array([ 0.151188   ,  0.0672014  ,  0.443735   ,  7.27935    ,  10.0573    ])
likelihood = -242.94
theta = 433.19
Optimized parameters = [0.15193631 0.05949227 0.44581889 8.01482787 9.94613415]

Round_4_Replicate_2
1192    , -443.266    , array([ 0.127524   ,  0.0574042  ,  1.22631    ,  22.9861    ,  9.95837    ])
1193    , -410.557    , array([ 0.115046   ,  0.0574042  ,  1.22631    ,  22.9861    ,  9.95837    ])
1194    , -426.387    , array([ 0.127524   ,  0.0497612  ,  1.22631    ,  22.9861    ,  9.95837    ])
1195    , -448.183    , array([ 0.127524   ,  0.0574042  ,  1.23888    ,  22.9861    ,  9.95837    ])
1196    , -443.266    , array([ 0.127524   ,  0.0574042  ,  1.22631    ,  26.8868    ,  9.95837    ])
1197    , -443.266    , array([ 0.127524   ,  0.0574042  ,  1.22631    ,  22.9861    ,  11.1711    ])
1198    , -417.517    , array([ 0.122378   ,  0.0542154  ,  1.21386    ,  24.4735    ,  10.4268    ])
1199    , -412.189    , array([ 0.120379   ,  0.05299    ,  1.22131    ,  25.095     ,  10.6203    ])
1200    , -400.576    , array([ 0.117634   ,  0.0513209  ,  1.21932    ,  20.8705    ,  10.8973    ])
1201    , -381.358    , array([ 0.11298    ,  0.0485254  ,  1.21585    ,  18.3878    ,  11.3994    ])
1202    , -377.681    , array([ 0.112072   ,  0.0479849  ,  1.21515    ,  22.3271    ,  9.79313    ])
1203    , -350.226    , array([ 0.105062   ,  0.0438717  ,  1.20961    ,  22.0047    ,  9.16924    ])
1204    , -365.903    , array([ 0.103714   ,  0.052635   ,  1.20851    ,  21.9407    ,  10.6289    ])
1205    , -351.673    , array([ 0.101153   ,  0.0477424  ,  1.21874    ,  19.7262    ,  10.2296    ])
1206    , -335.71     , array([ 0.0959191  ,  0.0468508  ,  1.21028    ,  17.4717    ,  9.8938     ])
1207    , -307.751    , array([ 0.0856215  ,  0.0440533  ,  1.2048     ,  14.5784    ,  9.5494     ])
1208    , -302.385    , array([ 0.0891798  ,  0.0389028  ,  1.19685    ,  15.8984    ,  10.3759    ])
1209    , -269.986    , array([ 0.0785169  ,  0.0320258  ,  1.18239    ,  13.222     ,  10.5913    ])
1210    , -283.214    , array([ 0.0785094  ,  0.0389733  ,  1.19375    ,  17.4179    ,  8.80158    ])
1211    , -268.401    , array([ 0.0765104  ,  0.031861   ,  1.19511    ,  13.3099    ,  8.75351    ])
1212    , -247.982    , array([ 0.0657146  ,  0.0247886  ,  1.18847    ,  10.3665    ,  7.94381    ])
1213    , -248.642    , array([ 0.0660165  ,  0.0270252  ,  1.17322    ,  11.445     ,  8.22013    ])
1214    , -244.635    , array([ 0.0527796  ,  0.0242282  ,  1.16771    ,  7.89926    ,  8.77856    ])
1215    , -278.731    , array([ 0.037409   ,  0.0180049  ,  1.14731    ,  4.73285    ,  8.58951    ])
1216    , -245.635    , array([ 0.0533683  ,  0.0189961  ,  1.15781    ,  9.33132    ,  8.15003    ])
1217    , -252.889    , array([ 0.0498757  ,  0.0161078  ,  1.15432    ,  6.08463    ,  8.57461    ])
likelihood = -244.64
theta = 1167.23
Optimized parameters = [0.05277963 0.02422822 1.16771227 7.89926158 8.77855867]

Round_4_Replicate_3
1218    , -351.009    , array([ 0.0734927  ,  0.080107   ,  1.00949    ,  6.45854    ,  9.26256    ])
1219    , -356.215    , array([ 0.0644996  ,  0.080107   ,  1.00949    ,  6.45854    ,  9.26256    ])
1220    , -325.424    , array([ 0.0734927  ,  0.070608   ,  1.00949    ,  6.45854    ,  9.26256    ])
1221    , -351.106    , array([ 0.0734927  ,  0.080107   ,  1.00996    ,  6.45854    ,  9.26256    ])
1222    , -351.009    , array([ 0.0734927  ,  0.080107   ,  1.00949    ,  7.08991    ,  9.26256    ])
1223    , -351.009    , array([ 0.0734927  ,  0.080107   ,  1.00949    ,  6.45854    ,  10.353     ])
1224    , -342.293    , array([ 0.0837399  ,  0.0761629  ,  1.00968    ,  6.70405    ,  9.68425    ])
1225    , -336.105    , array([ 0.0774318  ,  0.0746402  ,  1.00909    ,  6.80484    ,  9.85825    ])
1226    , -331.059    , array([ 0.079066   ,  0.0725595  ,  1.0094     ,  6.94851    ,  10.1071    ])
1227    , -324.675    , array([ 0.0814119  ,  0.0697435  ,  1.00937    ,  6.27892    ,  10.4661    ])
1228    , -315.67     , array([ 0.0856859  ,  0.0650759  ,  1.00931    ,  5.90891    ,  11.1253    ])
1229    , -314.197    , array([ 0.0865672  ,  0.0641806  ,  1.0093     ,  6.65183    ,  9.63711    ])
1230    , -306.304    , array([ 0.0939525  ,  0.0574474  ,  1.0092     ,  6.75063    ,  9.29793    ])
1231    , -300.598    , array([ 0.0795529  ,  0.0603033  ,  1.00892    ,  6.42601    ,  10.1362    ])
1232    , -284.498    , array([ 0.0775386  ,  0.0536586  ,  1.00854    ,  6.29134    ,  10.3701    ])
1233    , -290.767    , array([ 0.0860812  ,  0.0539235  ,  1.00929    ,  6.13522    ,  10.161     ])
1234    , -282.431    , array([ 0.0872179  ,  0.0492596  ,  1.00893    ,  5.71652    ,  9.9319     ])
1235    , -273.146    , array([ 0.0916039  ,  0.0405872  ,  1.00869    ,  5.18504    ,  9.84544    ])
1236    , -289.093    , array([ 0.102475   ,  0.0405644  ,  1.00853    ,  5.63296    ,  11.1053    ])
1237    , -272.095    , array([ 0.0944143  ,  0.0364308  ,  1.00839    ,  6.04026    ,  9.23922    ])
1238    , -275.787    , array([ 0.0991064  ,  0.027258   ,  1.00794    ,  6.10702    ,  8.4197     ])
1239    , -259.655    , array([ 0.0862761  ,  0.0343952  ,  1.00818    ,  5.05711    ,  11.0271    ])
1240    , -252.562    , array([ 0.0826764  ,  0.0266141  ,  1.00766    ,  4.37705    ,  12.0088    ])
1241    , -265.308    , array([ 0.0926573  ,  0.0276264  ,  1.00744    ,  4.86136    ,  10.7879    ])
1242    , -247.364    , array([ 0.0747608  ,  0.031494   ,  1.00776    ,  4.99183    ,  9.75675    ])
1243    , -243.446    , array([ 0.0638559  ,  0.0277504  ,  1.00738    ,  4.69917    ,  9.14519    ])
1244    , -274.957    , array([ 0.0914213  ,  0.0182888  ,  1.00729    ,  3.97708    ,  9.93612    ])
1245    , -260.085    , array([ 0.0877334  ,  0.0239359  ,  1.0076     ,  4.46025    ,  10.0429    ])
likelihood = -243.45
theta = 993.11
Optimized parameters = [0.06385593 0.02775042 1.00737642 4.69917039 9.14519432]

Round_4_Replicate_4
1246    , -495.866    , array([ 0.206032   ,  0.0358739  ,  0.950012   ,  8.69815    ,  10.8891    ])
1247    , -458.203    , array([ 0.190384   ,  0.0358739  ,  0.950012   ,  8.69815    ,  10.8891    ])
1248    , -498.134    , array([ 0.206032   ,  0.0303751  ,  0.950012   ,  8.69815    ,  10.8891    ])
1249    , -494.601    , array([ 0.206032   ,  0.0358739  ,  0.94758    ,  8.69815    ,  10.8891    ])
1250    , -495.866    , array([ 0.206032   ,  0.0358739  ,  0.950012   ,  9.69166    ,  10.8891    ])
1251    , -495.866    , array([ 0.206032   ,  0.0358739  ,  0.950012   ,  8.69815    ,  12.2699    ])
1252    , -481.345    , array([ 0.199624   ,  0.0423682  ,  0.949038   ,  9.08271    ,  11.4217    ])
1253    , -473.832    , array([ 0.197117   ,  0.0383427  ,  0.948649   ,  9.24125    ,  11.642     ])
1254    , -465.54     , array([ 0.19366    ,  0.0393772  ,  0.948105   ,  8.13753    ,  11.9575    ])
1255    , -454.44     , array([ 0.188922   ,  0.0408725  ,  0.947342   ,  8.82856    ,  10.503     ])
1256    , -436.479    , array([ 0.180908   ,  0.0436272  ,  0.94601    ,  8.8945     ,  9.71735    ])
1257    , -434.717    , array([ 0.179346   ,  0.0442001  ,  0.949145   ,  8.90775    ,  11.308     ])
1258    , -411.833    , array([ 0.167329   ,  0.049062   ,  0.949929   ,  9.01444    ,  11.5234    ])
1259    , -415.783    , array([ 0.172487   ,  0.0396866  ,  0.948042   ,  8.50489    ,  10.8189    ])
1260    , -402.949    , array([ 0.165599   ,  0.0444616  ,  0.948188   ,  8.0859     ,  10.3074    ])
1261    , -375.558    , array([ 0.151784   ,  0.047878   ,  0.947957   ,  7.56358    ,  9.69869    ])
1262    , -377.151    , array([ 0.152903   ,  0.0468144  ,  0.948673   ,  8.91786    ,  9.22923    ])
1263    , -367.747    , array([ 0.142475   ,  0.0571592  ,  0.946234   ,  8.42675    ,  9.48604    ])
1264    , -359.166    , array([ 0.123252   ,  0.0721506  ,  0.944351   ,  8.29424    ,  8.85384    ])
1265    , -343.034    , array([ 0.128602   ,  0.0574778  ,  0.94957    ,  8.01359    ,  10.2415    ])
1266    , -327.17     , array([ 0.108428   ,  0.0659738  ,  0.951355   ,  7.60642    ,  10.514     ])
1267    , -355.454    , array([ 0.112022   ,  0.0774293  ,  0.948859   ,  8.01465    ,  9.0941     ])
1268    , -334.328    , array([ 0.0983516  ,  0.0751741  ,  0.946547   ,  7.21429    ,  7.76667    ])
1269    , -377.445    , array([ 0.0902158  ,  0.0952157  ,  0.946949   ,  6.69953    ,  9.05061    ])
1270    , -350.113    , array([ 0.134009   ,  0.0559065  ,  0.948242   ,  8.30246    ,  9.18424    ])
1271    , -386.392    , array([ 0.0864642  ,  0.0990564  ,  0.947778   ,  8.19916    ,  8.42679    ])
1272    , -348.351    , array([ 0.131865   ,  0.0574213  ,  0.947912   ,  7.7177     ,  9.36376    ])
likelihood = -327.17
theta = 690.14
Optimized parameters = [ 0.10842842  0.06597383  0.95135488  7.60641763 10.51402862]

Round_4_Replicate_5
1273    , -273.554    , array([ 0.107752   ,  0.0735074  ,  0.676208   ,  9.59101    ,  3.48033    ])
1274    , -277.458    , array([ 0.0963932  ,  0.0735074  ,  0.676208   ,  9.59101    ,  3.48033    ])
1275    , -262.742    , array([ 0.107752   ,  0.064513   ,  0.676208   ,  9.59101    ,  3.48033    ])
1276    , -272.198    , array([ 0.107752   ,  0.0735074  ,  0.663109   ,  9.59101    ,  3.48033    ])
1277    , -273.814    , array([ 0.107752   ,  0.0735074  ,  0.676208   ,  10.7388    ,  3.48033    ])
1278    , -273.191    , array([ 0.107752   ,  0.0735074  ,  0.676208   ,  9.59101    ,  3.70426    ])
1279    , -269.198    , array([ 0.120449   ,  0.0697682  ,  0.670938   ,  10.0346    ,  3.56823    ])
1280    , -265.832    , array([ 0.112662   ,  0.0683263  ,  0.668841   ,  8.7222     ,  3.60401    ])
1281    , -263.486    , array([ 0.114688   ,  0.0663577  ,  0.665917   ,  9.40208    ,  3.65471    ])
1282    , -261.19     , array([ 0.117586   ,  0.0636964  ,  0.661844   ,  9.32755    ,  3.41532    ])
1283    , -258.3      , array([ 0.122834   ,  0.0592935  ,  0.654776   ,  9.19855    ,  3.27941    ])
1284    , -259.528    , array([ 0.123911   ,  0.0584502  ,  0.671513   ,  9.17296    ,  3.54963    ])
1285    , -254.817    , array([ 0.112113   ,  0.0573734  ,  0.663905   ,  8.45816    ,  3.45495    ])
1286    , -250.783    , array([ 0.108164   ,  0.0520279  ,  0.660417   ,  7.76538    ,  3.39967    ])
1287    , -253.216    , array([ 0.117925   ,  0.0525338  ,  0.662618   ,  9.28894    ,  3.34171    ])
1288    , -252.209    , array([ 0.117138   ,  0.0492669  ,  0.664208   ,  8.57561    ,  3.17944    ])
1289    , -254.22     , array([ 0.128914   ,  0.0454948  ,  0.64943    ,  8.03868    ,  3.22013    ])
1290    , -251.503    , array([ 0.113891   ,  0.045425   ,  0.645282   ,  7.97278    ,  3.0366     ])
1291    , -249.443    , array([ 0.111469   ,  0.040252   ,  0.657922   ,  7.50855    ,  3.18721    ])
1292    , -252.386    , array([ 0.106187   ,  0.0331649  ,  0.659501   ,  6.78382    ,  3.14208    ])
1293    , -252.507    , array([ 0.10021    ,  0.0499532  ,  0.666793   ,  8.36063    ,  3.23257    ])
1294    , -250.329    , array([ 0.102643   ,  0.0423971  ,  0.655166   ,  6.93692    ,  3.07386    ])
1295    , -251.66     , array([ 0.121953   ,  0.0417562  ,  0.646499   ,  7.15262    ,  3.11429    ])
likelihood = -249.44
theta = 547.27
Optimized parameters = [0.11146865 0.04025205 0.65792197 7.50854837 3.18720731]

Round_1_Replicate_1
2151    , -7013.53    , array([ 7.80455    ,  3.66507    ,  0.865787   ,  7.1583     ,  1.31227    ])
2152    , -7118.09    , array([ 8.64899    ,  3.66507    ,  0.865787   ,  7.1583     ,  1.31227    ])
2153    , -7101.61    , array([ 7.80455    ,  3.91099    ,  0.865787   ,  7.1583     ,  1.31227    ])
2154    , -6994.06    , array([ 7.80455    ,  3.66507    ,  0.859571   ,  7.1583     ,  1.31227    ])
2155    , -7010.92    , array([ 7.80455    ,  3.66507    ,  0.865787   ,  7.89861    ,  1.31227    ])
2156    , -7017.75    , array([ 7.80455    ,  3.66507    ,  0.865787   ,  7.1583     ,  1.33023    ])
2157    , -6928.51    , array([ 7.04256    ,  3.76153    ,  0.863295   ,  7.44571    ,  1.31942    ])
2158    , -6820.23    , array([ 6.35496    ,  3.8107     ,  0.862052   ,  7.59372    ,  1.32301    ])
2159    , -6847.77    , array([ 7.18876    ,  3.48857    ,  0.861803   ,  7.62367    ,  1.32373    ])
likelihood = -6820.23
theta = 25.08
Optimized parameters = [6.35496358 3.81070072 0.86205182 7.5937158  1.32301481]

Round_1_Replicate_2
2160    , -5185.53    , array([ 1.16752    ,  3.76762    ,  1.19132    ,  0.186394   ,  2.3655     ])
2161    , -5201.81    , array([ 1.1766     ,  3.76762    ,  1.19132    ,  0.186394   ,  2.3655     ])
2162    , -5232.36    , array([ 1.16752    ,  4.02597    ,  1.19132    ,  0.186394   ,  2.3655     ])
2163    , -5207.98    , array([ 1.16752    ,  3.76762    ,  1.2018     ,  0.186394   ,  2.3655     ])
2164    , -5186.51    , array([ 1.16752    ,  3.76762    ,  1.19132    ,  0.171377   ,  2.3655     ])
2165    , -5179.06    , array([ 1.16752    ,  3.76762    ,  1.19132    ,  0.186394   ,  2.46956    ])
2166    , -5149.44    , array([ 1.17114    ,  3.52585    ,  1.1955     ,  0.180235   ,  2.40659    ])
2167    , -5104.16    , array([ 1.17296    ,  3.29959    ,  1.1976     ,  0.177233   ,  2.4274     ])
2168    , -5136.04    , array([ 1.17332    ,  3.57293    ,  1.18342    ,  0.176638   ,  2.43158    ])
likelihood = -5104.16
theta = 76.33
Optimized parameters = [1.17295999 3.29959332 1.19759671 0.17723274 2.42740012]

Round_1_Replicate_3
2169    , -7332.56    , array([ 6.15337    ,  0.370566   ,  5.55435    ,  0.146531   ,  6.17047    ])
2170    , -7356.72    , array([ 6.73859    ,  0.370566   ,  5.55435    ,  0.146531   ,  6.17047    ])
2171    , -7246.02    , array([ 6.15337    ,  0.352622   ,  5.55435    ,  0.146531   ,  6.17047    ])
2172    , -7506.24    , array([ 6.15337    ,  0.370566   ,  6.05152    ,  0.146531   ,  6.17047    ])
2173    , -7332.55    , array([ 6.15337    ,  0.370566   ,  5.55435    ,  0.133115   ,  6.17047    ])
2174    , -7332.78    , array([ 6.15337    ,  0.370566   ,  5.55435    ,  0.146531   ,  6.75825    ])
2175    , -7135.12    , array([ 6.3811     ,  0.363281   ,  5.09802    ,  0.14101    ,  6.39918    ])
2176    , -6951.18    , array([ 6.4981     ,  0.359693   ,  4.67918    ,  0.138327   ,  6.5167     ])
2177    , -7118.8     , array([ 5.74284    ,  0.358979   ,  5.18618    ,  0.137797   ,  6.54046    ])
likelihood = -6951.18
theta = 82.47
Optimized parameters = [6.49810427 0.35969277 4.67917951 0.1383273  6.51669766]

Round_1_Replicate_4
2178    , -7283.38    , array([ 1.27081    ,  0.77993    ,  4.99468    ,  0.553467   ,  0.282789   ])
2179    , -7297.02    , array([ 1.28613    ,  0.77993    ,  4.99468    ,  0.553467   ,  0.282789   ])
2180    , -7266.2     , array([ 1.27081    ,  0.770297   ,  4.99468    ,  0.553467   ,  0.282789   ])
2181    , -7487.66    , array([ 1.27081    ,  0.77993    ,  5.41293    ,  0.553467   ,  0.282789   ])
2182    , -7284.33    , array([ 1.27081    ,  0.77993    ,  4.99468    ,  0.537336   ,  0.282789   ])
2183    , -7274.51    , array([ 1.27081    ,  0.77993    ,  4.99468    ,  0.553467   ,  0.265483   ])
2184    , -7069.5     , array([ 1.27691    ,  0.776062   ,  4.60874    ,  0.546957   ,  0.275735   ])
2185    , -6851.57    , array([ 1.27998    ,  0.774136   ,  4.25262    ,  0.543731   ,  0.272274   ])
2186    , -7088.95    , array([ 1.25929    ,  0.773751   ,  4.68346    ,  0.543088   ,  0.271588   ])
likelihood = -6851.57
theta = 125.51
Optimized parameters = [1.27997581 0.7741356  4.25261961 0.54373111 0.27227448]

Round_1_Replicate_5
2187    , -2668.37    , array([ 2.8973     ,  0.205054   ,  0.719662   ,  0.21206    ,  2.05767    ])
2188    , -2706.46    , array([ 3.05558    ,  0.205054   ,  0.719662   ,  0.21206    ,  2.05767    ])
2189    , -2629.47    , array([ 2.8973     ,  0.189435   ,  0.719662   ,  0.21206    ,  2.05767    ])
2190    , -2646.99    , array([ 2.8973     ,  0.205054   ,  0.707921   ,  0.21206    ,  2.05767    ])
2191    , -2667.97    , array([ 2.8973     ,  0.205054   ,  0.719662   ,  0.196237   ,  2.05767    ])
2192    , -2669.66    , array([ 2.8973     ,  0.205054   ,  0.719662   ,  0.21206    ,  2.13327    ])
2193    , -2605.75    , array([ 2.74723    ,  0.198658   ,  0.714942   ,  0.205583   ,  2.08758    ])
2194    , -2554.64    , array([ 2.60492    ,  0.195535   ,  0.712594   ,  0.20242    ,  2.1027     ])
2195    , -2597.81    , array([ 2.77661    ,  0.194916   ,  0.712126   ,  0.201793   ,  2.00202    ])
likelihood = -2554.64
theta = 92.74
Optimized parameters = [2.60492109 0.19553477 0.71259425 0.20241964 2.1027006 ]

Round_1_Replicate_6
2196    , -3857.74    , array([ 0.392074   ,  7.90347    ,  1.46376    ,  0.458558   ,  1.41031    ])
2197    , -3786.94    , array([ 0.374142   ,  7.90347    ,  1.46376    ,  0.458558   ,  1.41031    ])
2198    , -3874.97    , array([ 0.392074   ,  8.76413    ,  1.46376    ,  0.458558   ,  1.41031    ])
2199    , -3891.23    , array([ 0.392074   ,  7.90347    ,  1.49191    ,  0.458558   ,  1.41031    ])
2200    , -3857.57    , array([ 0.392074   ,  7.90347    ,  1.46376    ,  0.441026   ,  1.41031    ])
2201    , -3857.84    , array([ 0.392074   ,  7.90347    ,  1.46376    ,  0.458558   ,  1.43476    ])
2202    , -3803.34    , array([ 0.3848     ,  8.2371     ,  1.43614    ,  0.451463   ,  1.42004    ])
2203    , -3789.05    , array([ 0.381928   ,  7.24619    ,  1.45264    ,  0.448656   ,  1.42395    ])
likelihood = -3786.94
theta = 107.41
Optimized parameters = [0.37414174 7.90347002 1.46375638 0.4585583  1.41030862]

Round_1_Replicate_7
2204    , -10645.6    , array([ 2.68058    ,  5.17159    ,  5.35003    ,  0.164607   ,  0.425441   ])
2205    , -10708.1    , array([ 2.81605    ,  5.17159    ,  5.35003    ,  0.164607   ,  0.425441   ])
2206    , -10702.1    , array([ 2.68058    ,  5.61442    ,  5.35003    ,  0.164607   ,  0.425441   ])
2207    , -10785.3    , array([ 2.68058    ,  5.17159    ,  5.818      ,  0.164607   ,  0.425441   ])
2208    , -10643.6    , array([ 2.68058    ,  5.17159    ,  5.35003    ,  0.150407   ,  0.425441   ])
2209    , -10642.8    , array([ 2.68058    ,  5.17159    ,  5.35003    ,  0.164607   ,  0.407644   ])
2210    , -10547.5    , array([ 2.73397    ,  5.34437    ,  4.91969    ,  0.158773   ,  0.418231   ])
2211    , -10420.9    , array([ 2.76106    ,  5.43291    ,  4.52398    ,  0.155934   ,  0.414671   ])
2212    , -10512.5    , array([ 2.582      ,  5.4508     ,  5.0029     ,  0.155372   ,  0.413963   ])
likelihood = -10420.86
theta = 79.94
Optimized parameters = [2.76105761 5.4329122  4.52397582 0.15593386 0.41467149]

Round_1_Replicate_8
2213    , -9060.12    , array([ 1.54533    ,  4.8274     ,  4.39558    ,  4.36886    ,  0.505604   ])
2214    , -9098.92    , array([ 1.57933    ,  4.8274     ,  4.39558    ,  4.36886    ,  0.505604   ])
2215    , -9115.36    , array([ 1.54533    ,  5.22275    ,  4.39558    ,  4.36886    ,  0.505604   ])
2216    , -9227.16    , array([ 1.54533    ,  4.8274     ,  4.73334    ,  4.36886    ,  0.505604   ])
2217    , -9042.86    , array([ 1.54533    ,  4.8274     ,  4.39558    ,  4.70312    ,  0.505604   ])
2218    , -9056.24    , array([ 1.54533    ,  4.8274     ,  4.39558    ,  4.36886    ,  0.488653   ])
2219    , -8914.01    , array([ 1.55884    ,  4.98182    ,  4.08193    ,  4.49961    ,  0.498754   ])
2220    , -8742.58    , array([ 1.56564    ,  5.06087    ,  3.79066    ,  4.56645    ,  0.495364   ])
2221    , -8887.78    , array([ 1.56701    ,  4.54708    ,  4.14282    ,  4.57994    ,  0.494689   ])
likelihood = -8742.58
theta = 45.92
Optimized parameters = [1.5656423  5.06086689 3.79066123 4.56645095 0.49536433]

Round_1_Replicate_9
2222    , -3019.34    , array([ 1.4139     ,  4.09095    ,  0.422804   ,  4.83209    ,  2.31555    ])
2223    , -3039.74    , array([ 1.43859    ,  4.09095    ,  0.422804   ,  4.83209    ,  2.31555    ])
2224    , -3074.14    , array([ 1.4139     ,  4.3895     ,  0.422804   ,  4.83209    ,  2.31555    ])
2225    , -2932.31    , array([ 1.4139     ,  4.09095    ,  0.404992   ,  4.83209    ,  2.31555    ])
2226    , -3008.98    , array([ 1.4139     ,  4.09095    ,  0.422804   ,  5.22807    ,  2.31555    ])
2227    , -3028.64    , array([ 1.4139     ,  4.09095    ,  0.422804   ,  4.83209    ,  2.41483    ])
2228    , -2936.22    , array([ 1.42372    ,  3.8127     ,  0.415587   ,  4.98675    ,  2.35476    ])
2229    , -2931.55    , array([ 1.39348    ,  3.97729    ,  0.412735   ,  5.04999    ,  2.37063    ])
2230    , -2878.68    , array([ 1.37145    ,  3.92165    ,  0.40779    ,  5.1626     ,  2.39867    ])
likelihood = -2878.68
theta = 48.11
Optimized parameters = [1.37145164 3.92165099 0.40779032 5.16260263 2.39866516]

Round_1_Replicate_10
2231    , -6097.29    , array([ 0.607674   ,  1.31931    ,  3.86345    ,  1.21143    ,  0.960768   ])
2232    , -6050.17    , array([ 0.592726   ,  1.31931    ,  3.86345    ,  1.21143    ,  0.960768   ])
2233    , -6109.65    , array([ 0.607674   ,  1.33772    ,  3.86345    ,  1.21143    ,  0.960768   ])
2234    , -6276.51    , array([ 0.607674   ,  1.31931    ,  4.13356    ,  1.21143    ,  0.960768   ])
2235    , -6096.66    , array([ 0.607674   ,  1.31931    ,  3.86345    ,  1.2231     ,  0.960768   ])
2236    , -6097.29    , array([ 0.607674   ,  1.31931    ,  3.86345    ,  1.21143    ,  0.958847   ])
2237    , -5904.13    , array([ 0.60165    ,  1.32665    ,  3.61099    ,  1.21609    ,  0.959999   ])
2238    , -5718.54    , array([ 0.59866    ,  1.33033    ,  3.37503    ,  1.21842    ,  0.959615   ])
2239    , -5914.17    , array([ 0.598064   ,  1.30549    ,  3.66013    ,  1.21889    ,  0.959538   ])
likelihood = -5718.54
theta = 127.19
Optimized parameters = [0.59866038 1.33032753 3.37502971 1.21842017 0.95961525]

Round_2_Replicate_1
2240    , -4545.92    , array([ 7.69645    ,  0.219948   ,  1.78012    ,  0.280303   ,  8.20631    ])
2241    , -4580.31    , array([ 8.52325    ,  0.219948   ,  1.78012    ,  0.280303   ,  8.20631    ])
2242    , -4458.35    , array([ 7.69645    ,  0.203908   ,  1.78012    ,  0.280303   ,  8.20631    ])
2243    , -4589.98    , array([ 7.69645    ,  0.219948   ,  1.83219    ,  0.280303   ,  8.20631    ])
2244    , -4545.91    , array([ 7.69645    ,  0.219948   ,  1.78012    ,  0.263033   ,  8.20631    ])
2245    , -4546.01    , array([ 7.69645    ,  0.219948   ,  1.78012    ,  0.280303   ,  9.11707    ])
2246    , -4481.44    , array([ 8.01708    ,  0.213386   ,  1.72952    ,  0.273263   ,  8.55916    ])
2247    , -4448.85    , array([ 7.06425    ,  0.210816   ,  1.7597     ,  0.270497   ,  8.70451    ])
2248    , -4380.88    , array([ 6.43127    ,  0.206394   ,  1.74958    ,  0.265723   ,  8.96483    ])
2249    , -4420.42    , array([ 7.28087    ,  0.205521   ,  1.74757    ,  0.264778   ,  7.78236    ])
2250    , -4371.16    , array([ 7.12099    ,  0.200018   ,  1.73472    ,  0.258811   ,  8.46456    ])
2251    , -4286       , array([ 6.84961    ,  0.190741   ,  1.71245    ,  0.248692   ,  8.59671    ])
likelihood = -4286.0
theta = 69.93
Optimized parameters = [6.84960656 0.1907413  1.71245182 0.24869153 8.59671115]

Round_2_Replicate_2
2252    , -3897.3     , array([ 1.26548    ,  0.476982   ,  1.58394    ,  0.128477   ,  2.01556    ])
2253    , -3911.22    , array([ 1.28046    ,  0.476982   ,  1.58394    ,  0.128477   ,  2.01556    ])
2254    , -3860.55    , array([ 1.26548    ,  0.459649   ,  1.58394    ,  0.128477   ,  2.01556    ])
2255    , -3947.49    , array([ 1.26548    ,  0.476982   ,  1.62079    ,  0.128477   ,  2.01556    ])
2256    , -3897.32    , array([ 1.26548    ,  0.476982   ,  1.58394    ,  0.115949   ,  2.01556    ])
2257    , -3897.22    , array([ 1.26548    ,  0.476982   ,  1.58394    ,  0.128477   ,  2.08745    ])
2258    , -3838.28    , array([ 1.27145    ,  0.469972   ,  1.54793    ,  0.123311   ,  2.04402    ])
2259    , -3784.32    , array([ 1.27445    ,  0.466505   ,  1.51274    ,  0.120807   ,  2.05839    ])
2260    , -3823.35    , array([ 1.25421    ,  0.465815   ,  1.55507    ,  0.120312   ,  2.06128    ])
2261    , -3807.89    , array([ 1.26452    ,  0.461422   ,  1.54367    ,  0.135296   ,  2.07986    ])
2262    , -3772.54    , array([ 1.26414    ,  0.455342   ,  1.52785    ,  0.124655   ,  2.10615    ])
2263    , -3711.3     , array([ 1.26348    ,  0.444892   ,  1.50055    ,  0.122786   ,  2.15295    ])
likelihood = -3711.3
theta = 126.4
Optimized parameters = [1.26347624 0.44489249 1.50054854 0.12278606 2.15295169]

Round_2_Replicate_3
2264    , -5297.01    , array([ 5.40988    ,  0.293567   ,  2.41864    ,  0.168554   ,  6.07275    ])
2265    , -5331.26    , array([ 5.88636    ,  0.293567   ,  2.41864    ,  0.168554   ,  6.07275    ])
2266    , -5211.82    , array([ 5.40988    ,  0.276117   ,  2.41864    ,  0.168554   ,  6.07275    ])
2267    , -5377.73    , array([ 5.40988    ,  0.293567   ,  2.52784    ,  0.168554   ,  6.07275    ])
2268    , -5297       , array([ 5.40988    ,  0.293567   ,  2.41864    ,  0.154197   ,  6.07275    ])
2269    , -5297.19    , array([ 5.40988    ,  0.293567   ,  2.41864    ,  0.168554   ,  6.64591    ])
2270    , -5197.31    , array([ 5.59566    ,  0.286458   ,  2.31415    ,  0.162657   ,  6.29583    ])
2271    , -5108.94    , array([ 5.69093    ,  0.282969   ,  2.21418    ,  0.159787   ,  6.41043    ])
2272    , -5151.48    , array([ 5.07372    ,  0.282276   ,  2.33468    ,  0.159219   ,  6.43359    ])
2273    , -5129.73    , array([ 5.38073    ,  0.277882   ,  2.30192    ,  0.155631   ,  5.80289    ])
2274    , -5064.25    , array([ 5.36912    ,  0.271845   ,  2.25683    ,  0.150744   ,  6.23615    ])
2275    , -4951.21    , array([ 5.34885    ,  0.261595   ,  2.18003    ,  0.142558   ,  6.3195     ])
likelihood = -4951.21
theta = 77.4
Optimized parameters = [5.34885394 0.26159487 2.18003189 0.14255762 6.31949587]

Round_2_Replicate_4
2276    , -1329.4     , array([ 1.20201    ,  0.113656   ,  0.485964   ,  0.146329   ,  5.82902    ])
2277    , -1337.96    , array([ 1.21312    ,  0.113656   ,  0.485964   ,  0.146329   ,  5.82902    ])
2278    , -1322.3     , array([ 1.20201    ,  0.101947   ,  0.485964   ,  0.146329   ,  5.82902    ])
2279    , -1293.41    , array([ 1.20201    ,  0.113656   ,  0.468743   ,  0.146329   ,  5.82902    ])
2280    , -1329.4     , array([ 1.20201    ,  0.113656   ,  0.485964   ,  0.132922   ,  5.82902    ])
2281    , -1329.46    , array([ 1.20201    ,  0.113656   ,  0.485964   ,  0.146329   ,  6.36613    ])
2282    , -1303.53    , array([ 1.191      ,  0.108819   ,  0.479001   ,  0.140811   ,  6.0382     ])
2283    , -1301.8     , array([ 1.1976     ,  0.106942   ,  0.476244   ,  0.138662   ,  5.41303    ])
2284    , -1291.19    , array([ 1.19583    ,  0.104369   ,  0.47241    ,  0.13571    ,  5.73929    ])
2285    , -1273.04    , array([ 1.19276    ,  0.100014   ,  0.465776   ,  0.130693   ,  5.69495    ])
2286    , -1269.48    , array([ 1.19214    ,  0.0991653  ,  0.46446    ,  0.148391   ,  5.68612    ])
2287    , -1241.86    , array([ 1.18724    ,  0.0926281  ,  0.454067   ,  0.156787   ,  5.61599    ])
likelihood = -1241.86
theta = 134.81
Optimized parameters = [1.18723995 0.09262813 0.45406711 0.15678739 5.61598702]

Round_2_Replicate_5
2288    , -1514.24    , array([ 1.91342    ,  0.142137   ,  0.389758   ,  0.596319   ,  1.15127    ])
2289    , -1540.58    , array([ 1.97651    ,  0.142137   ,  0.389758   ,  0.596319   ,  1.15127    ])
2290    , -1503.27    , array([ 1.91342    ,  0.128927   ,  0.389758   ,  0.596319   ,  1.15127    ])
2291    , -1469       , array([ 1.91342    ,  0.142137   ,  0.371822   ,  0.596319   ,  1.15127    ])
2292    , -1514.84    , array([ 1.91342    ,  0.142137   ,  0.389758   ,  0.581102   ,  1.15127    ])
2293    , -1514.63    , array([ 1.91342    ,  0.142137   ,  0.389758   ,  0.596319   ,  1.15941    ])
2294    , -1465.65    , array([ 1.85233    ,  0.136698   ,  0.382482   ,  0.590185   ,  1.15452    ])
2295    , -1428.57    , array([ 1.7932     ,  0.134057   ,  0.378895   ,  0.587141   ,  1.15615    ])
2296    , -1457.1     , array([ 1.86439    ,  0.133535   ,  0.378181   ,  0.608149   ,  1.15647    ])
2297    , -1435.07    , array([ 1.84513    ,  0.130241   ,  0.373648   ,  0.597306   ,  1.14719    ])
2298    , -1405.08    , array([ 1.81851    ,  0.125767   ,  0.367392   ,  0.597701   ,  1.15366    ])
2299    , -1353.86    , array([ 1.77284    ,  0.118303   ,  0.356695   ,  0.598394   ,  1.15486    ])
likelihood = -1353.86
theta = 114.04
Optimized parameters = [1.77283551 0.11830268 0.35669482 0.59839394 1.1548574 ]

Round_2_Replicate_6
2300    , -3244.82    , array([ 1.90624    ,  0.137453   ,  1.62504    ,  0.296768   ,  4.47987    ])
2301    , -3266.99    , array([ 1.96873    ,  0.137453   ,  1.62504    ,  0.296768   ,  4.47987    ])
2302    , -3174.85    , array([ 1.90624    ,  0.124469   ,  1.62504    ,  0.296768   ,  4.47987    ])
2303    , -3279.37    , array([ 1.90624    ,  0.137453   ,  1.66497    ,  0.296768   ,  4.47987    ])
2304    , -3244.78    , array([ 1.90624    ,  0.137453   ,  1.62504    ,  0.279278   ,  4.47987    ])
2305    , -3244.87    , array([ 1.90624    ,  0.137453   ,  1.62504    ,  0.296768   ,  4.82869    ])
2306    , -3191.48    , array([ 1.931      ,  0.132104   ,  1.58606    ,  0.289644   ,  4.61627    ])
2307    , -3173.1     , array([ 1.85528    ,  0.130024   ,  1.60933    ,  0.286843   ,  4.67198    ])
2308    , -3126.74    , array([ 1.80104    ,  0.126461   ,  1.60154    ,  0.282006   ,  4.7711     ])
2309    , -3148.8     , array([ 1.87308    ,  0.12576    ,  1.59999    ,  0.281048   ,  4.31374    ])
2310    , -3111.64    , array([ 1.85998    ,  0.121367   ,  1.59007    ,  0.274996   ,  4.57986    ])
2311    , -3048.48    , array([ 1.83727    ,  0.114044   ,  1.57287    ,  0.264717   ,  4.63069    ])
likelihood = -3048.48
theta = 137.67
Optimized parameters = [1.83727458 0.11404383 1.57287268 0.26471668 4.63069008]

Round_2_Replicate_7
2312    , -2813.48    , array([ 3.47034    ,  0.188169   ,  0.798447   ,  0.115984   ,  0.526013   ])
2313    , -2850.63    , array([ 3.6931     ,  0.188169   ,  0.798447   ,  0.115984   ,  0.526013   ])
2314    , -2765.91    , array([ 3.47034    ,  0.173091   ,  0.798447   ,  0.115984   ,  0.526013   ])
2315    , -2798.79    , array([ 3.47034    ,  0.188169   ,  0.789512   ,  0.115984   ,  0.526013   ])
2316    , -2812.85    , array([ 3.47034    ,  0.188169   ,  0.798447   ,  0.10414    ,  0.526013   ])
2317    , -2811.5     , array([ 3.47034    ,  0.188169   ,  0.798447   ,  0.115984   ,  0.509385   ])
2318    , -2749.36    , array([ 3.26102    ,  0.181986   ,  0.794861   ,  0.111093   ,  0.519297   ])
2319    , -2697.76    , array([ 3.06433    ,  0.178971   ,  0.793074   ,  0.108725   ,  0.515972   ])
2320    , -2741.72    , array([ 3.30185    ,  0.178375   ,  0.792717   ,  0.108258   ,  0.51531    ])
2321    , -2714.31    , array([ 3.23677    ,  0.174601   ,  0.790436   ,  0.122454   ,  0.511089   ])
2322    , -2677.68    , array([ 3.1478     ,  0.169452   ,  0.787255   ,  0.112363   ,  0.528479   ])
2323    , -2612.98    , array([ 2.99795    ,  0.160804   ,  0.781717   ,  0.110596   ,  0.538292   ])
likelihood = -2612.98
theta = 108.65
Optimized parameters = [2.99795297 0.16080401 0.78171721 0.11059595 0.5382922 ]

Round_2_Replicate_8
2324    , -3947.68    , array([ 3.84968    ,  0.270041   ,  1.3194     ,  0.394099   ,  1.15233    ])
2325    , -3988.03    , array([ 4.11809    ,  0.270041   ,  1.3194     ,  0.394099   ,  1.15233    ])
2326    , -3883.89    , array([ 3.84968    ,  0.252931   ,  1.3194     ,  0.394099   ,  1.15233    ])
2327    , -3970.76    , array([ 3.84968    ,  0.270041   ,  1.33781    ,  0.394099   ,  1.15233    ])
2328    , -3947.15    , array([ 3.84968    ,  0.270041   ,  1.3194     ,  0.376172   ,  1.15233    ])
2329    , -3947.79    , array([ 3.84968    ,  0.270041   ,  1.3194     ,  0.394099   ,  1.16052    ])
2330    , -3889.52    , array([ 3.59876    ,  0.263062   ,  1.32673    ,  0.386828   ,  1.1556     ])
2331    , -3876.02    , array([ 3.74728    ,  0.260321   ,  1.30413    ,  0.383957   ,  1.15691    ])
2332    , -3829.31    , array([ 3.6971     ,  0.255594   ,  1.2876     ,  0.378984   ,  1.15921    ])
2333    , -3851.46    , array([ 3.68715    ,  0.254658   ,  1.30949    ,  0.377997   ,  1.14822    ])
2334    , -3813.68    , array([ 3.62408    ,  0.248753   ,  1.30554    ,  0.371742   ,  1.15473    ])
2335    , -3748.17    , array([ 3.51628    ,  0.238747   ,  1.29867    ,  0.361044   ,  1.15594    ])
likelihood = -3748.17
theta = 88.89
Optimized parameters = [3.51628273 0.2387475  1.2986729  0.36104416 1.15593926]

Round_2_Replicate_9
2336    , -2282.98    , array([ 5.16687    ,  0.122472   ,  0.466105   ,  0.0707227  ,  0.790577   ])
2337    , -2323       , array([ 5.60904    ,  0.122472   ,  0.466105   ,  0.0707227  ,  0.790577   ])
2338    , -2254.66    , array([ 5.16687    ,  0.110265   ,  0.466105   ,  0.0707227  ,  0.790577   ])
2339    , -2248.7     , array([ 5.16687    ,  0.122472   ,  0.44865    ,  0.0707227  ,  0.790577   ])
2340    , -2282.18    , array([ 5.16687    ,  0.122472   ,  0.466105   ,  0.0619494  ,  0.790577   ])
2341    , -2282       , array([ 5.16687    ,  0.122472   ,  0.466105   ,  0.0707227  ,  0.781342   ])
2342    , -2215.9     , array([ 4.75955    ,  0.117435   ,  0.459043   ,  0.0670734  ,  0.78687    ])
2343    , -2161.04    , array([ 4.38435    ,  0.114995   ,  0.455552   ,  0.0653199  ,  0.785023   ])
2344    , -2209.3     , array([ 4.83836    ,  0.114513   ,  0.454857   ,  0.0649748  ,  0.784654   ])
2345    , -2181.53    , array([ 4.71288    ,  0.111476   ,  0.450435   ,  0.0756049  ,  0.782298   ])
2346    , -2142.66    , array([ 4.54266    ,  0.107359   ,  0.444315   ,  0.0680181  ,  0.79193    ])
2347    , -2075.95    , array([ 4.25943    ,  0.100517   ,  0.433805   ,  0.0667048  ,  0.797278   ])
likelihood = -2075.95
theta = 87.74
Optimized parameters = [4.25943488 0.10051696 0.43380501 0.06670481 0.79727824]

Round_2_Replicate_10
2348    , -2945.14    , array([ 6.59064    ,  0.297837   ,  0.485061   ,  0.103152   ,  4.65142    ])
2349    , -3000.43    , array([ 7.24225    ,  0.297837   ,  0.485061   ,  0.103152   ,  4.65142    ])
2350    , -2910.88    , array([ 6.59064    ,  0.280335   ,  0.485061   ,  0.103152   ,  4.65142    ])
2351    , -2900.65    , array([ 6.59064    ,  0.297837   ,  0.467828   ,  0.103152   ,  4.65142    ])
2352    , -2945.02    , array([ 6.59064    ,  0.297837   ,  0.485061   ,  0.0920773  ,  4.65142    ])
2353    , -2948.68    , array([ 6.59064    ,  0.297837   ,  0.485061   ,  0.103152   ,  5.02302    ])
2354    , -2857.61    , array([ 5.99765    ,  0.290709   ,  0.478093   ,  0.0985707  ,  4.79665    ])
2355    , -2783.19    , array([ 5.45801    ,  0.287209   ,  0.474647   ,  0.0963569  ,  4.87095    ])
2356    , -2846.45    , array([ 6.11182    ,  0.286514   ,  0.47396    ,  0.0959201  ,  4.38751    ])
2357    , -2810.87    , array([ 5.93017    ,  0.282107   ,  0.469592   ,  0.0931713  ,  4.6286     ])
2358    , -2757.65    , array([ 5.68491    ,  0.276049   ,  0.463543   ,  0.104872   ,  4.6195     ])
2359    , -2664.75    , array([ 5.27985    ,  0.265761   ,  0.453144   ,  0.111922   ,  4.60362    ])
likelihood = -2664.75
theta = 52.19
Optimized parameters = [5.27984867 0.26576076 0.45314408 0.11192171 4.60362292]

Round_3_Replicate_1
2360    , -1015       , array([ 1.27892    ,  0.0233649  ,  0.28175    ,  0.0744898  ,  14.846     ])
2361    , -1024.51    , array([ 1.29475    ,  0.0233649  ,  0.28175    ,  0.0744898  ,  14.846     ])
2362    , -1036.92    , array([ 1.27892    ,  0.0193638  ,  0.28175    ,  0.0744898  ,  14.846     ])
2363    , -974.123    , array([ 1.27892    ,  0.0233649  ,  0.264458   ,  0.0744898  ,  14.846     ])
2364    , -1015       , array([ 1.27892    ,  0.0233649  ,  0.28175    ,  0.0654187  ,  14.846     ])
2365    , -1014.97    , array([ 1.27892    ,  0.0233649  ,  0.28175    ,  0.0744898  ,  16.9899    ])
2366    , -981.142    , array([ 1.28523    ,  0.0281926  ,  0.274702   ,  0.0707195  ,  15.6691    ])
2367    , -975.464    , array([ 1.26577    ,  0.0251879  ,  0.271932   ,  0.0692653  ,  16.0109    ])
2368    , -969.11     , array([ 1.27616    ,  0.0259563  ,  0.268101   ,  0.0806931  ,  16.502     ])
2369    , -946.499    , array([ 1.27477    ,  0.0273579  ,  0.261527   ,  0.0896197  ,  17.3981    ])
2370    , -942.005    , array([ 1.2745     ,  0.0276472  ,  0.260231   ,  0.0763069  ,  17.583     ])
2371    , -906.409    , array([ 1.27229    ,  0.0300743  ,  0.250096   ,  0.077232   ,  19.1353    ])
2372    , -899.437    , array([ 1.27185    ,  0.0305847  ,  0.248117   ,  0.0774184  ,  16.1128    ])
2373    , -844.197    , array([ 1.26833    ,  0.0349925  ,  0.232838   ,  0.0789256  ,  15.6914    ])
2374    , -878.888    , array([ 1.25893    ,  0.0276356  ,  0.238197   ,  0.0852067  ,  17.481     ])
2375    , -845.782    , array([ 1.27551    ,  0.0321013  ,  0.228206   ,  0.0945105  ,  17.7196    ])
2376    , -797.654    , array([ 1.26105    ,  0.0392948  ,  0.221217   ,  0.0966612  ,  20.5115    ])
2377    , -716.384    , array([ 1.2522     ,  0.050959   ,  0.202325   ,  0.110111   ,  24.1097    ])
2378    , -734.81     , array([ 1.25614    ,  0.0430398  ,  0.201871   ,  0.08724    ,  19.9426    ])
likelihood = -716.38
theta = 104.46
Optimized parameters = [ 1.25220474  0.05095904  0.20232516  0.11011069 24.10965092]

Round_3_Replicate_2
2379    , -2513.4     , array([ 2.69293    ,  0.139363   ,  0.741682   ,  0.153837   ,  13.4568    ])
2380    , -2547.34    , array([ 2.82968    ,  0.139363   ,  0.741682   ,  0.153837   ,  13.4568    ])
2381    , -2475.71    , array([ 2.69293    ,  0.126286   ,  0.741682   ,  0.153837   ,  13.4568    ])
2382    , -2497.14    , array([ 2.69293    ,  0.139363   ,  0.730683   ,  0.153837   ,  13.4568    ])
2383    , -2513.4     , array([ 2.69293    ,  0.139363   ,  0.741682   ,  0.140092   ,  13.4568    ])
2384    , -2513.46    , array([ 2.69293    ,  0.139363   ,  0.741682   ,  0.153837   ,  15.3246    ])
2385    , -2457.14    , array([ 2.5628     ,  0.133977   ,  0.737263   ,  0.148184   ,  14.1749    ])
2386    , -2411.42    , array([ 2.43895    ,  0.131362   ,  0.735063   ,  0.145436   ,  14.5482    ])
2387    , -2451.39    , array([ 2.58831    ,  0.130846   ,  0.734624   ,  0.144893   ,  12.1911    ])
2388    , -2427.2     , array([ 2.54761    ,  0.127586   ,  0.731819   ,  0.141463   ,  13.3453    ])
2389    , -2393.73    , array([ 2.4917     ,  0.123159   ,  0.72791    ,  0.155948   ,  13.301     ])
2390    , -2336.48    , array([ 2.3968     ,  0.115779   ,  0.721121   ,  0.164536   ,  13.2238    ])
2391    , -2346.56    , array([ 2.37825    ,  0.114356   ,  0.734985   ,  0.145886   ,  13.2084    ])
2392    , -2310.11    , array([ 2.26293    ,  0.121287   ,  0.721463   ,  0.142821   ,  13.1103    ])
2393    , -2223.93    , array([ 2.07441    ,  0.118863   ,  0.711561   ,  0.137613   ,  12.9404    ])
2394    , -2248.4     , array([ 2.15492    ,  0.112648   ,  0.719161   ,  0.148543   ,  14.8209    ])
2395    , -2199.93    , array([ 2.04755    ,  0.109913   ,  0.716896   ,  0.155147   ,  14.119     ])
2396    , -2086.07    , array([ 1.83563    ,  0.102016   ,  0.709549   ,  0.162477   ,  14.5226    ])
2397    , -2095.63    , array([ 1.90896    ,  0.096485   ,  0.703717   ,  0.157746   ,  12.9425    ])
likelihood = -2086.07
theta = 111.57
Optimized parameters = [ 1.83562662  0.10201608  0.7095486   0.16247722 14.5225818 ]

Round_3_Replicate_3
2398    , -762.797    , array([ 1.52092    ,  0.0330089  ,  0.125156   ,  0.0943948  ,  2.26143    ])
2399    , -774.125    , array([ 1.55315    ,  0.0330089  ,  0.125156   ,  0.0943948  ,  2.26143    ])
2400    , -783.323    , array([ 1.52092    ,  0.0278331  ,  0.125156   ,  0.0943948  ,  2.26143    ])
2401    , -737.076    , array([ 1.52092    ,  0.0330089  ,  0.112804   ,  0.0943948  ,  2.26143    ])
2402    , -763.433    , array([ 1.52092    ,  0.0330089  ,  0.125156   ,  0.0838872  ,  2.26143    ])
2403    , -758.242    , array([ 1.52092    ,  0.0330089  ,  0.125156   ,  0.0943948  ,  2.3556     ])
2404    , -734.952    , array([ 1.53373    ,  0.0391471  ,  0.12006    ,  0.0900424  ,  2.29864    ])
2405    , -711.982    , array([ 1.54018    ,  0.0464267  ,  0.117591   ,  0.087942   ,  2.31747    ])
2406    , -718.849    , array([ 1.49688    ,  0.0378343  ,  0.117103   ,  0.0875279  ,  2.32126    ])
2407    , -711.7      , array([ 1.51888    ,  0.0399565  ,  0.114029   ,  0.10018    ,  2.34563    ])
2408    , -686.905    , array([ 1.51787    ,  0.0439608  ,  0.108843   ,  0.109477   ,  2.3889     ])
2409    , -683.056    , array([ 1.51766    ,  0.0448086  ,  0.107834   ,  0.0944661  ,  2.39765    ])
2410    , -646.105    , array([ 1.51603    ,  0.0522068  ,  0.100094   ,  0.0945018  ,  2.4688     ])
2411    , -646.561    , array([ 1.51571    ,  0.053827   ,  0.0986141  ,  0.094509   ,  2.34541    ])
2412    , -628.7      , array([ 1.51363    ,  0.0654557  ,  0.103684   ,  0.0945547  ,  2.47898    ])
2413    , -581.167    , array([ 1.50999    ,  0.0921735  ,  0.0994049  ,  0.0946347  ,  2.59549    ])
2414    , -592.82     , array([ 1.54331    ,  0.0815419  ,  0.0935411  ,  0.105207   ,  2.52541    ])
2415    , -555.641    , array([ 1.50115    ,  0.0832423  ,  0.0850059  ,  0.112496   ,  2.61798    ])
2416    , -492.122    , array([ 1.48201    ,  0.111463   ,  0.0722747  ,  0.127235   ,  2.78255    ])
2417    , -506.05     , array([ 1.50872    ,  0.127548   ,  0.0779648  ,  0.0959676  ,  2.69949    ])
likelihood = -492.12
theta = 106.4
Optimized parameters = [1.48200819 0.11146335 0.07227467 0.12723464 2.7825505 ]

Round_3_Replicate_4
2418    , -546.585    , array([ 1.02863    ,  0.0669446  ,  0.140085   ,  0.0788277  ,  1.79644    ])
2419    , -547.252    , array([ 1.03008    ,  0.0669446  ,  0.140085   ,  0.0788277  ,  1.79644    ])
2420    , -558.415    , array([ 1.02863    ,  0.0584791  ,  0.140085   ,  0.0788277  ,  1.79644    ])
2421    , -527.509    , array([ 1.02863    ,  0.0669446  ,  0.126973   ,  0.0788277  ,  1.79644    ])
2422    , -547.324    , array([ 1.02863    ,  0.0669446  ,  0.140085   ,  0.0694245  ,  1.79644    ])
2423    , -543.013    , array([ 1.02863    ,  0.0669446  ,  0.140085   ,  0.0788277  ,  1.84983    ])
2424    , -526.739    , array([ 1.02921    ,  0.0766354  ,  0.134685   ,  0.0749225  ,  1.81761    ])
2425    , -512.565    , array([ 1.0295     ,  0.0877291  ,  0.132063   ,  0.0730431  ,  1.82829    ])
2426    , -522.498    , array([ 1.02956    ,  0.074591   ,  0.131545   ,  0.0868171  ,  1.83043    ])
2427    , -513.215    , array([ 1.0279     ,  0.0778888  ,  0.128277   ,  0.0794711  ,  1.8442     ])
2428    , -501.323    , array([ 1.02906    ,  0.0827521  ,  0.123837   ,  0.07973    ,  1.86367    ])
2429    , -480.849    , array([ 1.02927    ,  0.0920049  ,  0.116435   ,  0.080185   ,  1.89822    ])
2430    , -482.476    , array([ 1.02931    ,  0.0939761  ,  0.115008   ,  0.0802763  ,  1.82866    ])
2431    , -479.298    , array([ 1.02959    ,  0.107631   ,  0.12196    ,  0.0808632  ,  1.89646    ])
2432    , -461.396    , array([ 1.03007    ,  0.136474   ,  0.119528   ,  0.0819006  ,  1.94854    ])
2433    , -459.271    , array([ 1.02886    ,  0.123002   ,  0.113295   ,  0.0717294  ,  1.90838    ])
2434    , -435.962    , array([ 1.02851    ,  0.157952   ,  0.105143   ,  0.0651994  ,  1.94859    ])
2435    , -440.634    , array([ 1.03077    ,  0.156295   ,  0.107297   ,  0.0723947  ,  1.9363     ])
2436    , -416.225    , array([ 1.02967    ,  0.174822   ,  0.095913   ,  0.0784852  ,  1.99852    ])
2437    , -389.891    , array([ 1.02976    ,  0.246786   ,  0.0817382  ,  0.0813565  ,  2.08949    ])
likelihood = -389.89
theta = 133.55
Optimized parameters = [1.02975666 0.24678643 0.08173825 0.08135651 2.08948801]

Round_3_Replicate_5
2438    , -2840.51    , array([ 2.82441    ,  0.0565029  ,  1.47745    ,  0.0547066  ,  13.8668    ])
2439    , -2864.11    , array([ 2.97491    ,  0.0565029  ,  1.47745    ,  0.0547066  ,  13.8668    ])
2440    , -2780.53    , array([ 2.82441    ,  0.0489412  ,  1.47745    ,  0.0547066  ,  13.8668    ])
2441    , -2858.13    , array([ 2.82441    ,  0.0565029  ,  1.50657    ,  0.0547066  ,  13.8668    ])
2442    , -2840.51    , array([ 2.82441    ,  0.0565029  ,  1.47745    ,  0.0473088  ,  13.8668    ])
2443    , -2840.51    , array([ 2.82441    ,  0.0565029  ,  1.47745    ,  0.0547066  ,  15.8153    ])
2444    , -2798.78    , array([ 2.68152    ,  0.0533473  ,  1.48903    ,  0.0516179  ,  14.6156    ])
2445    , -2782.51    , array([ 2.76636    ,  0.0521349  ,  1.45343    ,  0.0504319  ,  14.9263    ])
2446    , -2776.88    , array([ 2.74348    ,  0.0504838  ,  1.47238    ,  0.048817   ,  15.3724    ])
2447    , -2746.81    , array([ 2.70389    ,  0.0477191  ,  1.46986    ,  0.0461144  ,  16.1855    ])
2448    , -2740.94    , array([ 2.69604    ,  0.0471846  ,  1.46935    ,  0.0558762  ,  16.3532    ])
2449    , -2695.53    , array([ 2.63406    ,  0.0431187  ,  1.46532    ,  0.0607253  ,  17.7588    ])
2450    , -2686.8     , array([ 2.62184    ,  0.0423486  ,  1.46452    ,  0.0503803  ,  15.0189    ])
2451    , -2620.78    , array([ 2.52606    ,  0.0366625  ,  1.45809    ,  0.0483472  ,  14.6359    ])
2452    , -2656.37    , array([ 2.69635    ,  0.0386048  ,  1.44098    ,  0.052015   ,  16.2607    ])
2453    , -2624.34    , array([ 2.587      ,  0.0350292  ,  1.4712     ,  0.0539006  ,  16.477     ])
2454    , -2567.63    , array([ 2.44638    ,  0.0326427  ,  1.44483    ,  0.0493946  ,  19.0026    ])
2455    , -2481.7     , array([ 2.27679    ,  0.0266589  ,  1.42878    ,  0.0469353  ,  22.245     ])
2456    , -2504.05    , array([ 2.3856     ,  0.0265233  ,  1.43592    ,  0.0590131  ,  18.4888    ])
likelihood = -2481.7
theta = 136.85
Optimized parameters = [ 2.2767909   0.02665891  1.42878434  0.0469353  22.24495584]

Round_4_Replicate_1
2457    , -280.628    , array([ 0.557301   ,  0.30139    ,  0.105964   ,  0.0448385  ,  2.38037    ])
2458    , -278.232    , array([ 0.541246   ,  0.30139    ,  0.105964   ,  0.0448385  ,  2.38037    ])
2459    , -275.939    , array([ 0.557301   ,  0.283848   ,  0.105964   ,  0.0448385  ,  2.38037    ])
2460    , -274.88     , array([ 0.557301   ,  0.30139    ,  0.0947147  ,  0.0448385  ,  2.38037    ])
2461    , -280.827    , array([ 0.557301   ,  0.30139    ,  0.105964   ,  0.0383914  ,  2.38037    ])
2462    , -277.604    , array([ 0.557301   ,  0.30139    ,  0.105964   ,  0.0448385  ,  2.48586    ])
2463    , -273.819    , array([ 0.550823   ,  0.294246   ,  0.101312   ,  0.0523683  ,  2.42201    ])
2464    , -270.743    , array([ 0.547612   ,  0.290738   ,  0.0990636  ,  0.0611626  ,  2.44311    ])
2465    , -270.484    , array([ 0.546972   ,  0.290042   ,  0.0986199  ,  0.0507674  ,  2.44735    ])
2466    , -266.543    , array([ 0.541879   ,  0.284529   ,  0.0951408  ,  0.0540197  ,  2.48155    ])
2467    , -268.179    , array([ 0.563461   ,  0.283439   ,  0.0944599  ,  0.0546947  ,  2.48844    ])
2468    , -266.612    , array([ 0.549639   ,  0.276562   ,  0.0902158  ,  0.0592193  ,  2.38384    ])
2469    , -265.65     , array([ 0.546604   ,  0.290616   ,  0.0845925  ,  0.0661893  ,  2.49093    ])
2470    , -265.14     , array([ 0.541332   ,  0.29406    ,  0.075582   ,  0.0804186  ,  2.54813    ])
2471    , -260.067    , array([ 0.540284   ,  0.271018   ,  0.0864718  ,  0.0836123  ,  2.55972    ])
2472    , -255.929    , array([ 0.531971   ,  0.257      ,  0.0826234  ,  0.114177   ,  2.6544     ])
2473    , -260.345    , array([ 0.543507   ,  0.267422   ,  0.0768871  ,  0.0786815  ,  2.57812    ])
2474    , -261.145    , array([ 0.520656   ,  0.268      ,  0.0742613  ,  0.101762   ,  2.56725    ])
2475    , -260.095    , array([ 0.522308   ,  0.271231   ,  0.0719315  ,  0.116712   ,  2.76055    ])
2476    , -267.038    , array([ 0.522049   ,  0.258636   ,  0.0609896  ,  0.174121   ,  2.76732    ])
2477    , -261.447    , array([ 0.536852   ,  0.277823   ,  0.0851313  ,  0.0723813  ,  2.5501     ])
2478    , -254.556    , array([ 0.520843   ,  0.244632   ,  0.0805142  ,  0.112138   ,  2.69585    ])
2479    , -251.333    , array([ 0.510891   ,  0.223126   ,  0.0830997  ,  0.13242    ,  2.77289    ])
2480    , -258.11     , array([ 0.514878   ,  0.237189   ,  0.0707956  ,  0.158641   ,  2.78554    ])
2481    , -252.193    , array([ 0.52853    ,  0.234159   ,  0.0796215  ,  0.134769   ,  2.85875    ])
2482    , -252.726    , array([ 0.500681   ,  0.222523   ,  0.0779848  ,  0.216167   ,  2.96681    ])
likelihood = -251.33
theta = 168.25
Optimized parameters = [0.5108905  0.22312619 0.08309973 0.13242008 2.77289272]

Round_4_Replicate_2
2483    , -851.281    , array([ 2.01212    ,  0.141985   ,  0.140904   ,  0.0474999  ,  2.25833    ])
2484    , -872.958    , array([ 2.08371    ,  0.141985   ,  0.140904   ,  0.0474999  ,  2.25833    ])
2485    , -853.861    , array([ 2.01212    ,  0.128782   ,  0.140904   ,  0.0474999  ,  2.25833    ])
2486    , -810.322    , array([ 2.01212    ,  0.141985   ,  0.127753   ,  0.0474999  ,  2.25833    ])
2487    , -851.661    , array([ 2.01212    ,  0.141985   ,  0.140904   ,  0.0407876  ,  2.25833    ])
2488    , -846.521    , array([ 2.01212    ,  0.141985   ,  0.140904   ,  0.0474999  ,  2.35222    ])
2489    , -812.286    , array([ 1.94299    ,  0.136549   ,  0.135488   ,  0.0446917  ,  2.29543    ])
2490    , -814.92     , array([ 1.98418    ,  0.154116   ,  0.133381   ,  0.0436155  ,  2.31044    ])
2491    , -802.195    , array([ 1.97311    ,  0.144445   ,  0.130485   ,  0.0521736  ,  2.33161    ])
2492    , -778.409    , array([ 1.95389    ,  0.145691   ,  0.125568   ,  0.0590082  ,  2.36914    ])
2493    , -774.429    , array([ 1.95007    ,  0.145942   ,  0.124608   ,  0.0488622  ,  2.37672    ])
2494    , -738.637    , array([ 1.91977    ,  0.147961   ,  0.11718    ,  0.049558   ,  2.43822    ])
2495    , -739.917    , array([ 1.91376    ,  0.148368   ,  0.115749   ,  0.0496983  ,  2.31487    ])
2496    , -739.391    , array([ 1.91286    ,  0.134627   ,  0.115536   ,  0.0570262  ,  2.35854    ])
2497    , -714.316    , array([ 1.94124    ,  0.151089   ,  0.106717   ,  0.0613518  ,  2.39985    ])
2498    , -672.767    , array([ 1.94036    ,  0.158929   ,  0.0947105  ,  0.0718832  ,  2.45383    ])
2499    , -660.789    , array([ 1.84751    ,  0.152006   ,  0.10041    ,  0.0681294  ,  2.52164    ])
2500    , -596.288    , array([ 1.77033    ,  0.157278   ,  0.0890183  ,  0.0815935  ,  2.66459    ])
2501    , -624.411    , array([ 1.82895    ,  0.152744   ,  0.0890236  ,  0.0624327  ,  2.51939    ])
2502    , -609.816    , array([ 1.83375    ,  0.151742   ,  0.086949   ,  0.0812104  ,  2.66727    ])
2503    , -565.781    , array([ 1.80388    ,  0.17543    ,  0.0777472  ,  0.0815255  ,  2.74993    ])
2504    , -498.756    , array([ 1.75174    ,  0.200257   ,  0.0637778  ,  0.0974772  ,  2.96934    ])
2505    , -495.236    , array([ 1.73273    ,  0.180162   ,  0.0600997  ,  0.122962   ,  2.87824    ])
2506    , -425.733    , array([ 1.64616    ,  0.198802   ,  0.0430408  ,  0.193686   ,  3.12718    ])
2507    , -438.862    , array([ 1.60521    ,  0.183441   ,  0.0542402  ,  0.126022   ,  3.15122    ])
2508    , -411.492    , array([ 1.61638    ,  0.205375   ,  0.0473305  ,  0.192165   ,  3.35661    ])
2509    , -350.983    , array([ 1.51955    ,  0.238144   ,  0.0345111  ,  0.337135   ,  3.87439    ])
likelihood = -350.98
theta = 88.69
Optimized parameters = [1.51955342 0.23814403 0.03451111 0.33713512 3.87438737]

Round_4_Replicate_3
2510    , -595.096    , array([ 1.02816    ,  0.147271   ,  0.151785   ,  0.0972601  ,  1.14206    ])
2511    , -595.804    , array([ 1.02959    ,  0.147271   ,  0.151785   ,  0.0972601  ,  1.14206    ])
2512    , -594.868    , array([ 1.02816    ,  0.13382    ,  0.151785   ,  0.0972601  ,  1.14206    ])
2513    , -573.152    , array([ 1.02816    ,  0.147271   ,  0.13813    ,  0.0972601  ,  1.14206    ])
2514    , -596.966    , array([ 1.02816    ,  0.147271   ,  0.151785   ,  0.0865628  ,  1.14206    ])
2515    , -593.929    , array([ 1.02816    ,  0.147271   ,  0.151785   ,  0.0972601  ,  1.14967    ])
2516    , -583.502    , array([ 1.02873    ,  0.141735   ,  0.146168   ,  0.109279   ,  1.1451     ])
2517    , -580.259    , array([ 1.02696    ,  0.13958    ,  0.14398    ,  0.1019     ,  1.14632    ])
2518    , -575.494    , array([ 1.02791    ,  0.136617   ,  0.140972   ,  0.103818   ,  1.14802    ])
2519    , -568.17     , array([ 1.02781    ,  0.151598   ,  0.136865   ,  0.106563   ,  1.15042    ])
2520    , -556.315    , array([ 1.02763    ,  0.161354   ,  0.129965   ,  0.111543   ,  1.15462    ])
2521    , -555.262    , array([ 1.0276     ,  0.142878   ,  0.128627   ,  0.112567   ,  1.14477    ])
2522    , -539.396    , array([ 1.02732    ,  0.140731   ,  0.118409   ,  0.121102   ,  1.14232    ])
2523    , -546.898    , array([ 1.02646    ,  0.148036   ,  0.122778   ,  0.104389   ,  1.14822    ])
2524    , -537.663    , array([ 1.02803    ,  0.153901   ,  0.11695    ,  0.113033   ,  1.14776    ])
2525    , -520.763    , array([ 1.02857    ,  0.161603   ,  0.105402   ,  0.119048   ,  1.14849    ])
2526    , -522.362    , array([ 1.02735    ,  0.168165   ,  0.10633    ,  0.117189   ,  1.14624    ])
2527    , -506.343    , array([ 1.02677    ,  0.164503   ,  0.0977343  ,  0.134774   ,  1.15391    ])
2528    , -482.807    , array([ 1.02607    ,  0.173861   ,  0.0822102  ,  0.158651   ,  1.15988    ])
2529    , -495.503    , array([ 1.02667    ,  0.154696   ,  0.0864866  ,  0.1353     ,  1.14344    ])
2530    , -482.565    , array([ 1.02793    ,  0.171607   ,  0.0795764  ,  0.160379   ,  1.14789    ])
2531    , -462.486    , array([ 1.02866    ,  0.184764   ,  0.0640643  ,  0.19879    ,  1.14773    ])
2532    , -466.535    , array([ 1.02761    ,  0.201281   ,  0.0645376  ,  0.168558   ,  1.156      ])
2533    , -457.456    , array([ 1.02769    ,  0.181003   ,  0.0588578  ,  0.201444   ,  1.15597    ])
2534    , -442.361    , array([ 1.02786    ,  0.187785   ,  0.0437902  ,  0.264111   ,  1.16086    ])
2535    , -439.993    , array([ 1.02618    ,  0.200012   ,  0.0417853  ,  0.272739   ,  1.15866    ])
2536    , -428.544    , array([ 1.02499    ,  0.222514   ,  0.0263094  ,  0.412821   ,  1.16378    ])
likelihood = -428.54
theta = 143.4
Optimized parameters = [1.02499289 0.22251435 0.02630936 0.41282096 1.16377992]

Round_4_Replicate_4
2537    , -369.88     , array([ 0.847595   ,  0.349188   ,  0.0775678  ,  0.10097    ,  1.80988    ])
2538    , -367.797    , array([ 0.840617   ,  0.349188   ,  0.0775678  ,  0.10097    ,  1.80988    ])
2539    , -365.186    , array([ 0.847595   ,  0.331293   ,  0.0775678  ,  0.10097    ,  1.80988    ])
2540    , -360.781    , array([ 0.847595   ,  0.349188   ,  0.0682599  ,  0.10097    ,  1.80988    ])
2541    , -370.966    , array([ 0.847595   ,  0.349188   ,  0.0775678  ,  0.0900334  ,  1.80988    ])
2542    , -364.807    , array([ 0.847595   ,  0.349188   ,  0.0775678  ,  0.10097    ,  1.86437    ])
2543    , -359.977    , array([ 0.844797   ,  0.341917   ,  0.0737013  ,  0.113236   ,  1.83148    ])
2544    , -354.722    , array([ 0.843401   ,  0.338339   ,  0.0718409  ,  0.126991   ,  1.84238    ])
2545    , -355.448    , array([ 0.843122   ,  0.337627   ,  0.0714745  ,  0.110669   ,  1.84457    ])
2546    , -353.001    , array([ 0.851134   ,  0.333111   ,  0.0691734  ,  0.114805   ,  1.85863    ])
2547    , -346.994    , array([ 0.856443   ,  0.325352   ,  0.0653233  ,  0.122417   ,  1.88349    ])
2548    , -348.533    , array([ 0.84764    ,  0.348572   ,  0.0645794  ,  0.123999   ,  1.88851    ])
2549    , -344.856    , array([ 0.847658   ,  0.330475   ,  0.0600148  ,  0.134619   ,  1.84277    ])
2550    , -339.712    , array([ 0.847689   ,  0.321497   ,  0.0527895  ,  0.155441   ,  1.83206    ])
2551    , -336.355    , array([ 0.847696   ,  0.319731   ,  0.0615357  ,  0.159977   ,  1.90752    ])
2552    , -326.07     , array([ 0.847746   ,  0.305948   ,  0.0584263  ,  0.201367   ,  1.95829    ])
2553    , -331.954    , array([ 0.854059   ,  0.3179     ,  0.0542156  ,  0.185442   ,  1.91698    ])
2554    , -328.658    , array([ 0.858076   ,  0.309423   ,  0.0481953  ,  0.188033   ,  1.94996    ])
2555    , -325.417    , array([ 0.857975   ,  0.286363   ,  0.0476922  ,  0.227466   ,  1.92686    ])
2556    , -322.389    , array([ 0.863189   ,  0.259555   ,  0.0409849  ,  0.308081   ,  1.94633    ])
2557    , -320.117    , array([ 0.851826   ,  0.280289   ,  0.0391287  ,  0.33329    ,  1.95752    ])
2558    , -321.13     , array([ 0.849526   ,  0.260155   ,  0.0302838  ,  0.549936   ,  1.99562    ])
2559    , -312.161    , array([ 0.862299   ,  0.268506   ,  0.0429532  ,  0.356124   ,  2.06652    ])
2560    , -305.112    , array([ 0.869697   ,  0.245381   ,  0.0387454  ,  0.539039   ,  2.19477    ])
2561    , -313.866    , array([ 0.862102   ,  0.244827   ,  0.0365643  ,  0.457428   ,  2.08483    ])
2562    , -307.645    , array([ 0.859674   ,  0.229045   ,  0.0368296  ,  0.643774   ,  2.10512    ])
2563    , -331.251    , array([ 0.875026   ,  0.206317   ,  0.0252598  ,  0.956926   ,  2.15768    ])
2564    , -315.233    , array([ 0.854485   ,  0.277249   ,  0.0473766  ,  0.29731    ,  2.00634    ])
likelihood = -305.11
theta = 132.67
Optimized parameters = [0.86969742 0.24538133 0.03874539 0.53903919 2.19476976]

Round_4_Replicate_5
2565    , -287.72     , array([ 0.718123   ,  0.360055   ,  0.0441859  ,  0.05951    ,  2.79676    ])
2566    , -287.425    , array([ 0.706332   ,  0.360055   ,  0.0441859  ,  0.05951    ,  2.79676    ])
2567    , -285.865    , array([ 0.718123   ,  0.342127   ,  0.0441859  ,  0.05951    ,  2.79676    ])
2568    , -295.098    , array([ 0.718123   ,  0.360055   ,  0.0378049  ,  0.05951    ,  2.79676    ])
2569    , -287.927    , array([ 0.718123   ,  0.360055   ,  0.0441859  ,  0.0516796  ,  2.79676    ])
2570    , -284.15     , array([ 0.718123   ,  0.360055   ,  0.0441859  ,  0.05951    ,  2.94434    ])
2571    , -280.229    , array([ 0.713383   ,  0.352774   ,  0.051644   ,  0.0562447  ,  2.85489    ])
2572    , -276.736    , array([ 0.711025   ,  0.349189   ,  0.0603609  ,  0.0546799  ,  2.8844     ])
2573    , -279.28     , array([ 0.710555   ,  0.348476   ,  0.0500579  ,  0.0662453  ,  2.89034    ])
2574    , -276.501    , array([ 0.707549   ,  0.343949   ,  0.0526197  ,  0.0600497  ,  2.92864    ])
2575    , -271.957    , array([ 0.702321   ,  0.336169   ,  0.0574222  ,  0.0603214  ,  2.99689    ])
2576    , -272.155    , array([ 0.717724   ,  0.334634   ,  0.0584341  ,  0.0603759  ,  3.01073    ])
2577    , -270.913    , array([ 0.705782   ,  0.349063   ,  0.0653461  ,  0.0607258  ,  3.10083    ])
2578    , -272.226    , array([ 0.699692   ,  0.352584   ,  0.0794671  ,  0.061343   ,  3.26505    ])
2579    , -272.503    , array([ 0.700905   ,  0.327594   ,  0.0764177  ,  0.0612191  ,  3.00706    ])
2580    , -272.742    , array([ 0.704508   ,  0.330216   ,  0.0798902  ,  0.0532861  ,  3.11214    ])
2581    , -266.041    , array([ 0.701453   ,  0.32226    ,  0.0741149  ,  0.0638935  ,  3.2148     ])
2582    , -263.506    , array([ 0.696716   ,  0.309584   ,  0.0821261  ,  0.0690671  ,  3.39393    ])
2583    , -269.722    , array([ 0.7048     ,  0.332094   ,  0.0566191  ,  0.0727332  ,  3.08466    ])
2584    , -269.665    , array([ 0.709994   ,  0.336583   ,  0.0525013  ,  0.0678263  ,  3.22516    ])
2585    , -262.917    , array([ 0.69036    ,  0.330269   ,  0.0657808  ,  0.0720502  ,  3.3111     ])
2586    , -259.331    , array([ 0.677071   ,  0.328107   ,  0.0697935  ,  0.0787083  ,  3.47234    ])
2587    , -259.534    , array([ 0.695243   ,  0.325584   ,  0.0723735  ,  0.0802134  ,  3.5282     ])
2588    , -255.819    , array([ 0.687682   ,  0.304944   ,  0.0662497  ,  0.0890624  ,  3.59067    ])
2589    , -251.259    , array([ 0.678807   ,  0.285022   ,  0.0667062  ,  0.107859   ,  3.86389    ])
2590    , -252.452    , array([ 0.678368   ,  0.301516   ,  0.0816435  ,  0.087053   ,  3.94979    ])
likelihood = -251.26
theta = 130.88
Optimized parameters = [0.67880718 0.28502168 0.06670616 0.10785864 3.86389088]

Round_1_Replicate_1
3442    , -1930.63    , array([ 0.787492   ,  0.167289   ,  1.06496    ,  2.85189    ,  6.67778    ])
3443    , -1917.78    , array([ 0.778142   ,  0.167289   ,  1.06496    ,  2.85189    ,  6.67778    ])
3444    , -1899.23    , array([ 0.787492   ,  0.152982   ,  1.06496    ,  2.85189    ,  6.67778    ])
3445    , -1935.16    , array([ 0.787492   ,  0.167289   ,  1.06832    ,  2.85189    ,  6.67778    ])
3446    , -1930.63    , array([ 0.787492   ,  0.167289   ,  1.06496    ,  3.00531    ,  6.67778    ])
3447    , -1930.65    , array([ 0.787492   ,  0.167289   ,  1.06496    ,  2.85189    ,  7.34284    ])
3448    , -1908.22    , array([ 0.783739   ,  0.161412   ,  1.06161    ,  2.91229    ,  6.93625    ])
3449    , -1903.84    , array([ 0.782242   ,  0.15912    ,  1.06362    ,  2.93681    ,  6.16592    ])
likelihood = -1899.23
theta = 197.85
Optimized parameters = [0.7874923  0.152982   1.06496049 2.85188859 6.67778359]

Round_1_Replicate_2
3450    , -3069.22    , array([ 3.83606    ,  0.465767   ,  0.541734   ,  6.68973    ,  2.31514    ])
3451    , -3129.35    , array([ 4.10279    ,  0.465767   ,  0.541734   ,  6.68973    ,  2.31514    ])
3452    , -3046.1     , array([ 3.83606    ,  0.448309   ,  0.541734   ,  6.68973    ,  2.31514    ])
3453    , -3019.24    , array([ 3.83606    ,  0.465767   ,  0.525383   ,  6.68973    ,  2.31514    ])
3454    , -3078.25    , array([ 3.83606    ,  0.465767   ,  0.541734   ,  7.35663    ,  2.31514    ])
3455    , -3069.11    , array([ 3.83606    ,  0.465767   ,  0.541734   ,  6.68973    ,  2.41438    ])
3456    , -2980.75    , array([ 3.58667    ,  0.458703   ,  0.535133   ,  6.94891    ,  2.35433    ])
3457    , -2902.5     , array([ 3.35349    ,  0.455212   ,  0.531863   ,  7.08224    ,  2.37418    ])
3458    , -2966.84    , array([ 3.63522    ,  0.454517   ,  0.531212   ,  6.22362    ,  2.37817    ])
likelihood = -2902.5
theta = 47.42
Optimized parameters = [3.3534897  0.45521202 0.53186322 7.08223842 2.37418092]

Round_1_Replicate_3
3459    , -1194.5     , array([ 0.1594     ,  1.46235    ,  0.269665   ,  0.131431   ,  1.74278    ])
3460    , -1215.8     , array([ 0.145416   ,  1.46235    ,  0.269665   ,  0.131431   ,  1.74278    ])
3461    , -1205.95    , array([ 0.1594     ,  1.4904     ,  0.269665   ,  0.131431   ,  1.74278    ])
3462    , -1171.12    , array([ 0.1594     ,  1.46235    ,  0.252561   ,  0.131431   ,  1.74278    ])
3463    , -1194.82    , array([ 0.1594     ,  1.46235    ,  0.269665   ,  0.11875    ,  1.74278    ])
3464    , -1193.88    , array([ 0.1594     ,  1.46235    ,  0.269665   ,  0.131431   ,  1.79186    ])
3465    , -1169.95    , array([ 0.174728   ,  1.47351    ,  0.262689   ,  0.126204   ,  1.76225    ])
3466    , -1150.1     , array([ 0.191531   ,  1.47912    ,  0.259268   ,  0.123668   ,  1.77207    ])
3467    , -1154.42    , array([ 0.171549   ,  1.44138    ,  0.25859    ,  0.123167   ,  1.77404    ])
likelihood = -1150.1
theta = 163.27
Optimized parameters = [0.19153099 1.47911621 0.2592683  0.12366834 1.77206693]

Round_1_Replicate_4
3468    , -3642.92    , array([ 2.6882     ,  0.783238   ,  0.743554   ,  0.993169   ,  4.58289    ])
3469    , -3697.09    , array([ 2.82445    ,  0.783238   ,  0.743554   ,  0.993169   ,  4.58289    ])
3470    , -3631.62    , array([ 2.6882     ,  0.773728   ,  0.743554   ,  0.993169   ,  4.58289    ])
3471    , -3612.71    , array([ 2.6882     ,  0.783238   ,  0.732618   ,  0.993169   ,  4.58289    ])
3472    , -3642.92    , array([ 2.6882     ,  0.783238   ,  0.743554   ,  0.992829   ,  4.58289    ])
3473    , -3643.34    , array([ 2.6882     ,  0.783238   ,  0.743554   ,  0.993169   ,  4.94535    ])
3474    , -3571.26    , array([ 2.55852    ,  0.77942    ,  0.73916    ,  0.993033   ,  4.72457    ])
3475    , -3506.82    , array([ 2.43509    ,  0.777518   ,  0.736973   ,  0.992965   ,  4.79705    ])
3476    , -3572.13    , array([ 2.58394    ,  0.777138   ,  0.736536   ,  0.992951   ,  4.3253     ])
likelihood = -3506.82
theta = 67.31
Optimized parameters = [2.43508979 0.77751825 0.73697307 0.99296472 4.79704558]

Round_1_Replicate_5
3477    , -5465.34    , array([ 2.85796    ,  2.86004    ,  0.752691   ,  0.364214   ,  0.608903   ])
3478    , -5543.55    , array([ 3.01202    ,  2.86004    ,  0.752691   ,  0.364214   ,  0.608903   ])
3479    , -5535.95    , array([ 2.85796    ,  3.01432    ,  0.752691   ,  0.364214   ,  0.608903   ])
3480    , -5433.37    , array([ 2.85796    ,  2.86004    ,  0.742074   ,  0.364214   ,  0.608903   ])
3481    , -5481.18    , array([ 2.85796    ,  2.86004    ,  0.752691   ,  0.346278   ,  0.608903   ])
3482    , -5464.61    , array([ 2.85796    ,  2.86004    ,  0.752691   ,  0.364214   ,  0.593985   ])
3483    , -5406.48    , array([ 2.71177    ,  2.92078    ,  0.748426   ,  0.356931   ,  0.602892   ])
3484    , -5334.17    , array([ 2.57306    ,  2.95163    ,  0.746303   ,  0.353344   ,  0.599908   ])
3485    , -5338.01    , array([ 2.7404     ,  2.74808    ,  0.745879   ,  0.352631   ,  0.599313   ])
likelihood = -5334.17
theta = 77.26
Optimized parameters = [2.57306126 2.95163474 0.74630276 0.35334401 0.59990802]

Round_1_Replicate_6
3486    , -2488.69    , array([ 6.3154     ,  0.476875   ,  0.238632   ,  0.280484   ,  0.187669   ])
3487    , -2528.47    , array([ 6.92502    ,  0.476875   ,  0.238632   ,  0.280484   ,  0.187669   ])
3488    , -2448.63    , array([ 6.3154     ,  0.459541   ,  0.238632   ,  0.280484   ,  0.187669   ])
3489    , -2451.01    , array([ 6.3154     ,  0.476875   ,  0.222134   ,  0.280484   ,  0.187669   ])
3490    , -2531.12    , array([ 6.3154     ,  0.476875   ,  0.238632   ,  0.26321    ,  0.187669   ])
3491    , -2500.72    , array([ 6.3154     ,  0.476875   ,  0.238632   ,  0.280484   ,  0.172609   ])
3492    , -2434.74    , array([ 6.55253    ,  0.469864   ,  0.231891   ,  0.29889    ,  0.181493   ])
3493    , -2385.56    , array([ 6.67441    ,  0.466398   ,  0.228592   ,  0.318505   ,  0.178482   ])
3494    , -2380.83    , array([ 5.88824    ,  0.465708   ,  0.227938   ,  0.295115   ,  0.177886   ])
3495    , -2306.29    , array([ 5.4296     ,  0.460223   ,  0.222772   ,  0.302714   ,  0.173187   ])
likelihood = -2306.29
theta = 87.45
Optimized parameters = [5.42960416 0.46022258 0.22277189 0.3027143  0.17318725]

Round_1_Replicate_7
3496    , -1293.07    , array([ 1.99886    ,  1.10925    ,  0.316325   ,  1.95675    ,  0.240751   ])
3497    , -1317.1     , array([ 2.06929    ,  1.10925    ,  0.316325   ,  1.95675    ,  0.240751   ])
3498    , -1295.63    , array([ 1.99886    ,  1.11502    ,  0.316325   ,  1.95675    ,  0.240751   ])
3499    , -1250.01    , array([ 1.99886    ,  1.10925    ,  0.298635   ,  1.95675    ,  0.240751   ])
3500    , -1272.55    , array([ 1.99886    ,  1.10925    ,  0.316325   ,  2.02354    ,  0.240751   ])
3501    , -1266.27    , array([ 1.99886    ,  1.10925    ,  0.316325   ,  1.95675    ,  0.224206   ])
3502    , -1234.42    , array([ 1.93083    ,  1.11156    ,  0.309126   ,  1.9832     ,  0.233991   ])
3503    , -1194.54    , array([ 1.86511    ,  1.11271    ,  0.305589   ,  1.99656    ,  0.230683   ])
3504    , -1215.22    , array([ 1.94425    ,  1.10489    ,  0.304886   ,  1.99924    ,  0.230027   ])
likelihood = -1194.54
theta = 81.82
Optimized parameters = [1.86511167 1.11270916 0.30558887 1.99655641 0.23068284]

Round_1_Replicate_8
3505    , -3817.41    , array([ 6.87585    ,  0.505374   ,  0.68426    ,  0.151056   ,  0.546898   ])
3506    , -3871.76    , array([ 7.57169    ,  0.505374   ,  0.68426    ,  0.151056   ,  0.546898   ])
3507    , -3779.77    , array([ 6.87585    ,  0.48842    ,  0.68426    ,  0.151056   ,  0.546898   ])
3508    , -3786.76    , array([ 6.87585    ,  0.505374   ,  0.671401   ,  0.151056   ,  0.546898   ])
3509    , -3819.69    , array([ 6.87585    ,  0.505374   ,  0.68426    ,  0.137434   ,  0.546898   ])
3510    , -3817.74    , array([ 6.87585    ,  0.505374   ,  0.68426    ,  0.151056   ,  0.530642   ])
3511    , -3734.25    , array([ 6.24396    ,  0.498523   ,  0.679087   ,  0.145452   ,  0.540336   ])
3512    , -3661.92    , array([ 5.67014    ,  0.495132   ,  0.676515   ,  0.142729   ,  0.537085   ])
3513    , -3726.6     , array([ 6.36552    ,  0.494457   ,  0.676002   ,  0.162305   ,  0.536438   ])
likelihood = -3661.92
theta = 78.29
Optimized parameters = [5.67014327 0.49513243 0.67651509 0.14272895 0.53708539]

Round_1_Replicate_9
3514    , -1309.45    , array([ 0.177028   ,  1.80133    ,  0.246885   ,  0.170229   ,  0.560142   ])
3515    , -1320.2     , array([ 0.162347   ,  1.80133    ,  0.246885   ,  0.170229   ,  0.560142   ])
3516    , -1322.19    , array([ 0.177028   ,  1.85512    ,  0.246885   ,  0.170229   ,  0.560142   ])
3517    , -1292.73    , array([ 0.177028   ,  1.80133    ,  0.230208   ,  0.170229   ,  0.560142   ])
3518    , -1313.34    , array([ 0.177028   ,  1.80133    ,  0.246885   ,  0.155807   ,  0.560142   ])
3519    , -1311.59    , array([ 0.177028   ,  1.80133    ,  0.246885   ,  0.170229   ,  0.544143   ])
3520    , -1296.27    , array([ 0.171003   ,  1.74909    ,  0.240074   ,  0.164307   ,  0.553686   ])
3521    , -1291.73    , array([ 0.190381   ,  1.78025    ,  0.237402   ,  0.161996   ,  0.551125   ])
3522    , -1282.14    , array([ 0.206165   ,  1.7698     ,  0.232798   ,  0.15803    ,  0.546671   ])
likelihood = -1282.14
theta = 187.45
Optimized parameters = [0.20616457 1.76980197 0.23279814 0.15802954 0.5466713 ]

Round_1_Replicate_10
3523    , -5361.3     , array([ 1.08609    ,  3.80972    ,  1.41567    ,  1.17962    ,  6.4717     ])
3524    , -5369.36    , array([ 1.09059    ,  3.80972    ,  1.41567    ,  1.17962    ,  6.4717     ])
3525    , -5405.18    , array([ 1.08609    ,  4.07322    ,  1.41567    ,  1.17962    ,  6.4717     ])
3526    , -5405.76    , array([ 1.08609    ,  3.80972    ,  1.44049    ,  1.17962    ,  6.4717     ])
3527    , -5361.21    , array([ 1.08609    ,  3.80972    ,  1.41567    ,  1.18941    ,  6.4717     ])
3528    , -5357.28    , array([ 1.08609    ,  3.80972    ,  1.41567    ,  1.17962    ,  7.10509    ])
3529    , -5336.29    , array([ 1.08789    ,  3.91301    ,  1.39128    ,  1.18353    ,  6.71798    ])
3530    , -5301.68    , array([ 1.08879    ,  3.9657     ,  1.36731    ,  1.18548    ,  6.84462    ])
3531    , -5293.58    , array([ 1.08897    ,  3.62092    ,  1.39613    ,  1.18588    ,  6.87023    ])
3532    , -5235.53    , array([ 1.09041    ,  3.41397    ,  1.38645    ,  1.18902    ,  7.0786     ])
likelihood = -5235.53
theta = 62.09
Optimized parameters = [1.09040635 3.41396884 1.38645275 1.1890151  7.07860249]

Round_2_Replicate_1
3533    , -679.952    , array([ 0.408347   ,  0.546088   ,  0.313934   ,  0.481798   ,  1.29654    ])
3534    , -669.922    , array([ 0.390464   ,  0.546088   ,  0.313934   ,  0.481798   ,  1.29654    ])
3535    , -666.626    , array([ 0.408347   ,  0.529817   ,  0.313934   ,  0.481798   ,  1.29654    ])
3536    , -650.825    , array([ 0.408347   ,  0.546088   ,  0.296265   ,  0.481798   ,  1.29654    ])
3537    , -681.385    , array([ 0.408347   ,  0.546088   ,  0.313934   ,  0.464524   ,  1.29654    ])
3538    , -679.333    , array([ 0.408347   ,  0.546088   ,  0.313934   ,  0.481798   ,  1.31349    ])
3539    , -657.059    , array([ 0.401098   ,  0.53952    ,  0.306743   ,  0.499714   ,  1.3033     ])
3540    , -649.603    , array([ 0.398234   ,  0.536915   ,  0.303913   ,  0.488886   ,  1.30601    ])
3541    , -635.128    , array([ 0.393272   ,  0.532387   ,  0.299024   ,  0.492469   ,  1.31076    ])
3542    , -633.124    , array([ 0.392287   ,  0.531486   ,  0.298055   ,  0.493189   ,  1.28809    ])
3543    , -611.747    , array([ 0.384495   ,  0.524332   ,  0.290419   ,  0.498985   ,  1.27557    ])
3544    , -618.768    , array([ 0.407733   ,  0.522913   ,  0.288916   ,  0.500152   ,  1.29644    ])
likelihood = -611.75
theta = 194.62
Optimized parameters = [0.38449523 0.52433211 0.29041948 0.49898477 1.2755699 ]

Round_2_Replicate_2
3545    , -1069.99    , array([ 0.51095    ,  1.4987     ,  0.253589   ,  0.0406202  ,  6.66935    ])
3546    , -1065.72    , array([ 0.49408    ,  1.4987     ,  0.253589   ,  0.0406202  ,  6.66935    ])
3547    , -1083.35    , array([ 0.51095    ,  1.52933    ,  0.253589   ,  0.0406202  ,  6.66935    ])
3548    , -1019.5     , array([ 0.51095    ,  1.4987     ,  0.236775   ,  0.0406202  ,  6.66935    ])
3549    , -1070.02    , array([ 0.51095    ,  1.4987     ,  0.253589   ,  0.0346082  ,  6.66935    ])
3550    , -1067.42    , array([ 0.51095    ,  1.4987     ,  0.253589   ,  0.0406202  ,  7.3331     ])
3551    , -1033.54    , array([ 0.504134   ,  1.46868    ,  0.246725   ,  0.0380993  ,  6.92732    ])
3552    , -1032.37    , array([ 0.501433   ,  1.48662    ,  0.244031   ,  0.0464703  ,  7.03328    ])
3553    , -1017.88    , array([ 0.497676   ,  1.48182    ,  0.24031    ,  0.0417816  ,  7.18435    ])
3554    , -993.212    , array([ 0.491169   ,  1.47345    ,  0.233934   ,  0.0423747  ,  7.45658    ])
3555    , -992.086    , array([ 0.489878   ,  1.47178    ,  0.232679   ,  0.0424944  ,  6.57785    ])
3556    , -958.06     , array([ 0.47967    ,  1.4585     ,  0.22288    ,  0.0434636  ,  6.22992    ])
likelihood = -958.06
theta = 103.07
Optimized parameters = [0.47967027 1.45849954 0.22287967 0.0434636  6.22991911]

Round_2_Replicate_3
3557    , -418.76     , array([ 0.301786   ,  0.446838   ,  0.156198   ,  0.279676   ,  1.03475    ])
3558    , -421.995    , array([ 0.284239   ,  0.446838   ,  0.156198   ,  0.279676   ,  1.03475    ])
3559    , -406.473    , array([ 0.301786   ,  0.429198   ,  0.156198   ,  0.279676   ,  1.03475    ])
3560    , -410.688    , array([ 0.301786   ,  0.446838   ,  0.142351   ,  0.279676   ,  1.03475    ])
3561    , -420.471    , array([ 0.301786   ,  0.446838   ,  0.156198   ,  0.262415   ,  1.03475    ])
3562    , -418.622    , array([ 0.301786   ,  0.446838   ,  0.156198   ,  0.279676   ,  1.03651    ])
3563    , -408.93     , array([ 0.320415   ,  0.439697   ,  0.150505   ,  0.27264    ,  1.03545    ])
3564    , -404.56     , array([ 0.309104   ,  0.436872   ,  0.148286   ,  0.29505    ,  1.03574    ])
3565    , -396.948    , array([ 0.312829   ,  0.431973   ,  0.144481   ,  0.31286    ,  1.03623    ])
3566    , -397.923    , array([ 0.31358    ,  0.431      ,  0.143732   ,  0.289539   ,  1.03633    ])
3567    , -390.49     , array([ 0.318426   ,  0.424823   ,  0.139028   ,  0.29358    ,  1.03449    ])
3568    , -378.255    , array([ 0.327087   ,  0.414225   ,  0.131165   ,  0.30079    ,  1.03348    ])
likelihood = -378.26
theta = 223.7
Optimized parameters = [0.32708652 0.41422506 0.13116477 0.3007896  1.03347747]

Round_2_Replicate_4
3569    , -1359.11    , array([ 0.326434   ,  3.85504    ,  0.104597   ,  0.0889379  ,  0.888697   ])
3570    , -1357.72    , array([ 0.308663   ,  3.85504    ,  0.104597   ,  0.0889379  ,  0.888697   ])
3571    , -1380.12    , array([ 0.326434   ,  4.12411    ,  0.104597   ,  0.0889379  ,  0.888697   ])
3572    , -1342.31    , array([ 0.326434   ,  3.85504    ,  0.093432   ,  0.0889379  ,  0.888697   ])
3573    , -1361.42    , array([ 0.326434   ,  3.85504    ,  0.104597   ,  0.0788027  ,  0.888697   ])
3574    , -1360.18    , array([ 0.326434   ,  3.85504    ,  0.104597   ,  0.0889379  ,  0.883469   ])
3575    , -1331.07    , array([ 0.319206   ,  3.60352    ,  0.0999793  ,  0.0847361  ,  0.886602   ])
3576    , -1305.92    , array([ 0.315652   ,  3.36842    ,  0.0977474  ,  0.0827103  ,  0.885556   ])
3577    , -1328.83    , array([ 0.314946   ,  3.65248    ,  0.097307   ,  0.0975038  ,  0.885347   ])
3578    , -1318.44    , array([ 0.310465   ,  3.57446    ,  0.0945353  ,  0.0896293  ,  0.891343   ])
3579    , -1304.5     , array([ 0.304299   ,  3.46804    ,  0.090787   ,  0.0899073  ,  0.887154   ])
3580    , -1280.45    , array([ 0.293801   ,  3.28936    ,  0.0845816  ,  0.090396   ,  0.886384   ])
likelihood = -1280.45
theta = 140.41
Optimized parameters = [0.29380094 3.28936119 0.08458161 0.09039596 0.88638434]

Round_2_Replicate_5
3581    , -1417.98    , array([ 0.367701   ,  2.67284    ,  0.232988   ,  0.416572   ,  0.625004   ])
3582    , -1407.59    , array([ 0.34976    ,  2.67284    ,  0.232988   ,  0.416572   ,  0.625004   ])
3583    , -1438.84    , array([ 0.367701   ,  2.80751    ,  0.232988   ,  0.416572   ,  0.625004   ])
3584    , -1387.89    , array([ 0.367701   ,  2.67284    ,  0.216621   ,  0.416572   ,  0.625004   ])
3585    , -1423.81    , array([ 0.367701   ,  2.67284    ,  0.232988   ,  0.398726   ,  0.625004   ])
3586    , -1419.14    , array([ 0.367701   ,  2.67284    ,  0.232988   ,  0.416572   ,  0.610488   ])
3587    , -1383.05    , array([ 0.360417   ,  2.54463    ,  0.226298   ,  0.409339   ,  0.619156   ])
3588    , -1355.07    , array([ 0.356829   ,  2.42257    ,  0.223025   ,  0.40577    ,  0.616253   ])
3589    , -1371.37    , array([ 0.356115   ,  2.56977    ,  0.222376   ,  0.430667   ,  0.615674   ])
3590    , -1357.59    , array([ 0.351584   ,  2.52966    ,  0.218268   ,  0.417741   ,  0.63245    ])
3591    , -1336.1     , array([ 0.345337   ,  2.47456    ,  0.212644   ,  0.418209   ,  0.620695   ])
3592    , -1298.7     , array([ 0.33467    ,  2.38101    ,  0.203148   ,  0.41903    ,  0.618551   ])
likelihood = -1298.7
theta = 145.91
Optimized parameters = [0.33466998 2.38100882 0.20314777 0.41903032 0.61855134]

Round_2_Replicate_6
3593    , -660.227    , array([ 0.103539   ,  0.415861   ,  0.355726   ,  0.03224    ,  2.64502    ])
3594    , -691.596    , array([ 0.0924396  ,  0.415861   ,  0.355726   ,  0.03224    ,  2.64502    ])
3595    , -640.652    , array([ 0.103539   ,  0.398011   ,  0.355726   ,  0.03224    ,  2.64502    ])
3596    , -651.22     , array([ 0.103539   ,  0.415861   ,  0.337809   ,  0.03224    ,  2.64502    ])
3597    , -660.234    , array([ 0.103539   ,  0.415861   ,  0.355726   ,  0.0271528  ,  2.64502    ])
3598    , -660.093    , array([ 0.103539   ,  0.415861   ,  0.355726   ,  0.03224    ,  2.77684    ])
3599    , -620.07     , array([ 0.115971   ,  0.408627   ,  0.348448   ,  0.0300998  ,  2.69698    ])
3600    , -588.921    , array([ 0.129895   ,  0.405057   ,  0.344865   ,  0.0290835  ,  2.72334    ])
3601    , -618.608    , array([ 0.11337    ,  0.404347   ,  0.344153   ,  0.0367347  ,  2.72865    ])
3602    , -602.659    , array([ 0.117559   ,  0.399831   ,  0.33963    ,  0.0325963  ,  2.76283    ])
3603    , -581.302    , array([ 0.123686   ,  0.393594   ,  0.333397   ,  0.0327399  ,  2.62636    ])
3604    , -545.669    , array([ 0.135184   ,  0.382912   ,  0.322764   ,  0.0329928  ,  2.55421    ])
likelihood = -545.67
theta = 277.71
Optimized parameters = [0.13518446 0.38291151 0.32276386 0.03299277 2.55420563]

Round_2_Replicate_7
3605    , -370.621    , array([ 0.296849   ,  0.474311   ,  0.114022   ,  0.0626456  ,  6.66837    ])
3606    , -384.498    , array([ 0.279359   ,  0.474311   ,  0.114022   ,  0.0626456  ,  6.66837    ])
3607    , -364.26     , array([ 0.296849   ,  0.456948   ,  0.114022   ,  0.0626456  ,  6.66837    ])
3608    , -375.45     , array([ 0.296849   ,  0.474311   ,  0.102291   ,  0.0626456  ,  6.66837    ])
3609    , -370.604    , array([ 0.296849   ,  0.474311   ,  0.114022   ,  0.0545426  ,  6.66837    ])
3610    , -371.884    , array([ 0.296849   ,  0.474311   ,  0.114022   ,  0.0626456  ,  7.33197    ])
3611    , -356.888    , array([ 0.315434   ,  0.467288   ,  0.109176   ,  0.0592692  ,  6.92628    ])
3612    , -344.167    , array([ 0.335183   ,  0.463816   ,  0.106831   ,  0.0576498  ,  7.05896    ])
3613    , -355.512    , array([ 0.311626   ,  0.463124   ,  0.123829   ,  0.0573313  ,  7.08579    ])
3614    , -349.997    , array([ 0.317741   ,  0.458724   ,  0.114817   ,  0.0553339  ,  6.35703    ])
3615    , -343.207    , array([ 0.326504   ,  0.452633   ,  0.115136   ,  0.0526541  ,  6.85724    ])
3616    , -330.833    , array([ 0.342425   ,  0.442168   ,  0.115698   ,  0.0482728  ,  6.95367    ])
likelihood = -330.83
theta = 138.91
Optimized parameters = [0.34242467 0.4421682  0.1156977  0.04827279 6.95367235]

Round_2_Replicate_8
3617    , -737.996    , array([ 0.126617   ,  0.6515     ,  0.234758   ,  0.0762977  ,  3.57046    ])
3618    , -770.701    , array([ 0.114187   ,  0.6515     ,  0.234758   ,  0.0762977  ,  3.57046    ])
3619    , -727.867    , array([ 0.126617   ,  0.637691   ,  0.234758   ,  0.0762977  ,  3.57046    ])
3620    , -727.077    , array([ 0.126617   ,  0.6515     ,  0.218349   ,  0.0762977  ,  3.57046    ])
3621    , -738.009    , array([ 0.126617   ,  0.6515     ,  0.234758   ,  0.0670868  ,  3.57046    ])
3622    , -737.761    , array([ 0.126617   ,  0.6515     ,  0.234758   ,  0.0762977  ,  3.80505    ])
3623    , -698.386    , array([ 0.140401   ,  0.645941   ,  0.228051   ,  0.0724706  ,  3.66251    ])
3624    , -665.258    , array([ 0.155684   ,  0.643179   ,  0.22477    ,  0.0706296  ,  3.70942    ])
3625    , -699.152    , array([ 0.137529   ,  0.642628   ,  0.224119   ,  0.0841349  ,  3.71888    ])
3626    , -684.09     , array([ 0.142152   ,  0.639113   ,  0.22       ,  0.0769286  ,  3.77996    ])
3627    , -663.983    , array([ 0.148887   ,  0.634225   ,  0.214361   ,  0.0771823  ,  3.53754    ])
3628    , -629.754    , array([ 0.161451   ,  0.62576    ,  0.204837   ,  0.0776285  ,  3.41091    ])
likelihood = -629.75
theta = 196.74
Optimized parameters = [0.16145086 0.62575984 0.20483654 0.07762849 3.41091416]

Round_2_Replicate_9
3629    , -1408.49    , array([ 0.0835208  ,  1.09478    ,  0.481378   ,  0.234379   ,  1.49097    ])
3630    , -1444.76    , array([ 0.0737708  ,  1.09478    ,  0.481378   ,  0.234379   ,  1.49097    ])
3631    , -1411.51    , array([ 0.0835208  ,  1.09975    ,  0.481378   ,  0.234379   ,  1.49097    ])
3632    , -1392.44    , array([ 0.0835208  ,  1.09478    ,  0.464099   ,  0.234379   ,  1.49097    ])
3633    , -1408.46    , array([ 0.0835208  ,  1.09478    ,  0.481378   ,  0.217979   ,  1.49097    ])
3634    , -1408.88    , array([ 0.0835208  ,  1.09478    ,  0.481378   ,  0.234379   ,  1.52104    ])
3635    , -1370.33    , array([ 0.0945594  ,  1.09677    ,  0.47439    ,  0.227676   ,  1.50293    ])
3636    , -1338.37    , array([ 0.107057   ,  1.09776    ,  0.470934   ,  0.224397   ,  1.50894    ])
3637    , -1369.21    , array([ 0.0922407  ,  1.09102    ,  0.470246   ,  0.223747   ,  1.51015    ])
3638    , -1356.6     , array([ 0.0959785  ,  1.09447    ,  0.465866   ,  0.21963    ,  1.47604    ])
3639    , -1337.1     , array([ 0.101467   ,  1.09434    ,  0.459803   ,  0.213993   ,  1.49976    ])
3640    , -1304.17    , array([ 0.111839   ,  1.09412    ,  0.44938    ,  0.204475   ,  1.50417    ])
likelihood = -1304.17
theta = 210.89
Optimized parameters = [0.11183855 1.09411829 0.44938043 0.2044754  1.50417479]

Round_2_Replicate_10
3641    , -610.929    , array([ 0.534085   ,  0.629818   ,  0.165085   ,  0.0348539  ,  1.28329    ])
3642    , -603.486    , array([ 0.517596   ,  0.629818   ,  0.165085   ,  0.0348539  ,  1.28329    ])
3643    , -601.296    , array([ 0.534085   ,  0.615426   ,  0.165085   ,  0.0348539  ,  1.28329    ])
3644    , -587.388    , array([ 0.534085   ,  0.629818   ,  0.150866   ,  0.0348539  ,  1.28329    ])
3645    , -612.023    , array([ 0.534085   ,  0.629818   ,  0.165085   ,  0.0294689  ,  1.28329    ])
3646    , -607.779    , array([ 0.534085   ,  0.629818   ,  0.165085   ,  0.0348539  ,  1.29939    ])
3647    , -591.859    , array([ 0.527427   ,  0.624022   ,  0.159243   ,  0.041223   ,  1.2897     ])
3648    , -585.78     , array([ 0.524788   ,  0.621718   ,  0.156965   ,  0.0372741  ,  1.29228    ])
3649    , -573.891    , array([ 0.5202     ,  0.617707   ,  0.153056   ,  0.0385464  ,  1.2968     ])
3650    , -575.848    , array([ 0.519287   ,  0.616908   ,  0.152286   ,  0.0388061  ,  1.27525    ])
3651    , -569.181    , array([ 0.536529   ,  0.611818   ,  0.147449   ,  0.0405097  ,  1.28801    ])
3652    , -553.682    , array([ 0.546254   ,  0.603011   ,  0.139351   ,  0.0436729  ,  1.29037    ])
likelihood = -553.68
theta = 172.97
Optimized parameters = [0.54625407 0.60301146 0.13935056 0.04367293 1.29037315]

Round_3_Replicate_1
3653    , -297.748    , array([ 0.560858   ,  0.239515   ,  0.142755   ,  0.0528494  ,  2.21871    ])
3654    , -292.836    , array([ 0.544873   ,  0.239515   ,  0.142755   ,  0.0528494  ,  2.21871    ])
3655    , -293.315    , array([ 0.560858   ,  0.222997   ,  0.142755   ,  0.0528494  ,  2.21871    ])
3656    , -286.308    , array([ 0.560858   ,  0.239515   ,  0.129515   ,  0.0528494  ,  2.21871    ])
3657    , -297.994    , array([ 0.560858   ,  0.239515   ,  0.142755   ,  0.0456238  ,  2.21871    ])
3658    , -294.943    , array([ 0.560858   ,  0.239515   ,  0.142755   ,  0.0528494  ,  2.3089     ])
3659    , -287.763    , array([ 0.554409   ,  0.232766   ,  0.137304   ,  0.0612192  ,  2.25435    ])
3660    , -284.375    , array([ 0.55185    ,  0.23012    ,  0.135182   ,  0.0560504  ,  2.26877    ])
3661    , -278.563    , array([ 0.5474     ,  0.225561   ,  0.131548   ,  0.057723   ,  2.29423    ])
3662    , -281.075    , array([ 0.546514   ,  0.22466    ,  0.130833   ,  0.0580634  ,  2.17459    ])
3663    , -278.457    , array([ 0.54088    ,  0.24202    ,  0.126348   ,  0.0602903  ,  2.24489    ])
3664    , -273.586    , array([ 0.531159   ,  0.252131   ,  0.118865   ,  0.0643949  ,  2.25809    ])
3665    , -271.828    , array([ 0.5511     ,  0.230004   ,  0.117423   ,  0.0652488  ,  2.26074    ])
3666    , -265.504    , array([ 0.554239   ,  0.225391   ,  0.106496   ,  0.0725001  ,  2.28206    ])
3667    , -267.766    , array([ 0.541555   ,  0.233645   ,  0.110286   ,  0.0602705  ,  2.23589    ])
3668    , -262.114    , array([ 0.52788    ,  0.224818   ,  0.109639   ,  0.0735832  ,  2.27884    ])
3669    , -255.9      , array([ 0.512126   ,  0.217812   ,  0.100875   ,  0.0868256  ,  2.30952    ])
3670    , -258.407    , array([ 0.527834   ,  0.236733   ,  0.0978125  ,  0.0786709  ,  2.38173    ])
3671    , -259.38     , array([ 0.519363   ,  0.240392   ,  0.0864075  ,  0.0895682  ,  2.29159    ])
likelihood = -255.9
theta = 181.4
Optimized parameters = [0.51212606 0.21781168 0.10087521 0.08682561 2.30951522]

Round_3_Replicate_2
3672    , -626.537    , array([ 0.228585   ,  0.550456   ,  0.306799   ,  0.0249957  ,  1.92845    ])
3673    , -631.21     , array([ 0.212325   ,  0.550456   ,  0.306799   ,  0.0249957  ,  1.92845    ])
3674    , -612.515    , array([ 0.228585   ,  0.534267   ,  0.306799   ,  0.0249957  ,  1.92845    ])
3675    , -607.033    , array([ 0.228585   ,  0.550456   ,  0.289199   ,  0.0249957  ,  1.92845    ])
3676    , -626.645    , array([ 0.228585   ,  0.550456   ,  0.306799   ,  0.0207854  ,  1.92845    ])
3677    , -625.033    , array([ 0.228585   ,  0.550456   ,  0.306799   ,  0.0249957  ,  1.99282    ])
3678    , -609.423    , array([ 0.246091   ,  0.543922   ,  0.299634   ,  0.0232179  ,  1.95395    ])
3679    , -605.159    , array([ 0.235433   ,  0.541331   ,  0.296815   ,  0.0291847  ,  1.96424    ])
3680    , -594.662    , array([ 0.238933   ,  0.536825   ,  0.291945   ,  0.0345823  ,  1.98238    ])
3681    , -592.789    , array([ 0.23964    ,  0.535928   ,  0.290981   ,  0.027634   ,  1.98603    ])
3682    , -576.62     , array([ 0.245366   ,  0.528809   ,  0.283381   ,  0.0290558  ,  2.01546    ])
3683    , -575.714    , array([ 0.246527   ,  0.527397   ,  0.281885   ,  0.0293488  ,  1.93058    ])
3684    , -553.052    , array([ 0.25602    ,  0.516232   ,  0.270197   ,  0.0318019  ,  1.90019    ])
3685    , -563.892    , array([ 0.257962   ,  0.535964   ,  0.267918   ,  0.0323166  ,  1.98328    ])
3686    , -550.405    , array([ 0.244169   ,  0.523356   ,  0.262319   ,  0.0397108  ,  1.9691     ])
3687    , -525.001    , array([ 0.243214   ,  0.513366   ,  0.245442   ,  0.051934   ,  1.97672    ])
3688    , -520.075    , array([ 0.269473   ,  0.502914   ,  0.254522   ,  0.0494198  ,  2.01496    ])
3689    , -482.597    , array([ 0.292582   ,  0.480705   ,  0.238775   ,  0.0694894  ,  2.05966    ])
3690    , -488.953    , array([ 0.27956    ,  0.493403   ,  0.232645   ,  0.0472214  ,  1.99036    ])
3691    , -472.556    , array([ 0.286815   ,  0.487188   ,  0.221491   ,  0.0682532  ,  1.9479     ])
3692    , -430.831    , array([ 0.310096   ,  0.467622   ,  0.195816   ,  0.104609   ,  1.91497    ])
likelihood = -430.83
theta = 207.07
Optimized parameters = [0.31009608 0.46762216 0.19581582 0.1046087  1.91497138]

Round_3_Replicate_3
3693    , -778.048    , array([ 0.453829   ,  1.72622    ,  0.0414347  ,  0.0203536  ,  1.93459    ])
3694    , -783.54     , array([ 0.436251   ,  1.72622    ,  0.0414347  ,  0.0203536  ,  1.93459    ])
3695    , -790.193    , array([ 0.453829   ,  1.77398    ,  0.0414347  ,  0.0203536  ,  1.93459    ])
3696    , -776.013    , array([ 0.453829   ,  1.72622    ,  0.0353372  ,  0.0203536  ,  1.93459    ])
3697    , -778.477    , array([ 0.453829   ,  1.72622    ,  0.0414347  ,  0.0167523  ,  1.93459    ])
3698    , -770.575    , array([ 0.453829   ,  1.72622    ,  0.0414347  ,  0.0203536  ,  1.99948    ])
3699    , -764.335    , array([ 0.446714   ,  1.67973    ,  0.0388787  ,  0.0188285  ,  1.96029    ])
3700    , -751.916    , array([ 0.443199   ,  1.6345     ,  0.0376604  ,  0.0181093  ,  1.97327    ])
3701    , -758.237    , array([ 0.46766    ,  1.68893    ,  0.0374214  ,  0.0179688  ,  1.97588    ])
3702    , -755.564    , array([ 0.454977   ,  1.67424    ,  0.0359271  ,  0.0224525  ,  1.99264    ])
3703    , -747.801    , array([ 0.455438   ,  1.65389    ,  0.0339348  ,  0.0192196  ,  2.01634    ])
3704    , -734.638    , array([ 0.456244   ,  1.61887    ,  0.0307104  ,  0.0186766  ,  2.0585     ])
3705    , -731.283    , array([ 0.456406   ,  1.61196    ,  0.0376182  ,  0.0185698  ,  2.06704    ])
3706    , -709.283    , array([ 0.4577     ,  1.5577     ,  0.0388134  ,  0.0177374  ,  2.13663    ])
3707    , -715.276    , array([ 0.457959   ,  1.54707    ,  0.0312546  ,  0.0175754  ,  2.05373    ])
3708    , -710.101    , array([ 0.440705   ,  1.52669    ,  0.0322014  ,  0.0197326  ,  2.11064    ])
3709    , -693.341    , array([ 0.44725    ,  1.48429    ,  0.0321036  ,  0.0149971  ,  2.14162    ])
3710    , -664.83     , array([ 0.443436   ,  1.39756    ,  0.0303473  ,  0.0122568  ,  2.22023    ])
3711    , -664.642    , array([ 0.459235   ,  1.42806    ,  0.0280922  ,  0.015906   ,  2.26709    ])
3712    , -628.167    , array([ 0.46747    ,  1.33483    ,  0.0242625  ,  0.014907   ,  2.43001    ])
likelihood = -628.17
theta = 125.1
Optimized parameters = [0.46746953 1.33482788 0.0242625  0.01490703 2.43001463]

Round_3_Replicate_4
3713    , -1554.02    , array([ 0.746369   ,  1.61675    ,  0.350265   ,  0.0145409  ,  6.90137    ])
3714    , -1546.49    , array([ 0.735532   ,  1.61675    ,  0.350265   ,  0.0145409  ,  6.90137    ])
3715    , -1571.48    , array([ 0.746369   ,  1.65606    ,  0.350265   ,  0.0145409  ,  6.90137    ])
3716    , -1492.27    , array([ 0.746369   ,  1.61675    ,  0.332366   ,  0.0145409  ,  6.90137    ])
3717    , -1554.04    , array([ 0.746369   ,  1.61675    ,  0.350265   ,  0.0117685  ,  6.90137    ])
3718    , -1550.63    , array([ 0.746369   ,  1.61675    ,  0.350265   ,  0.0145409  ,  7.6012     ])
3719    , -1507.39    , array([ 0.742015   ,  1.57838    ,  0.342993   ,  0.0133611  ,  7.17321    ])
3720    , -1506.16    , array([ 0.740281   ,  1.60129    ,  0.340126   ,  0.0173685  ,  7.28493    ])
3721    , -1487.39    , array([ 0.737859   ,  1.59515    ,  0.336153   ,  0.0150924  ,  7.44426    ])
3722    , -1455.02    , array([ 0.733641   ,  1.58446    ,  0.329312   ,  0.015376   ,  7.73151    ])
3723    , -1453.46    , array([ 0.7328     ,  1.58233    ,  0.327961   ,  0.0154334  ,  6.80499    ])
3724    , -1407.4     , array([ 0.726108   ,  1.56539    ,  0.317347   ,  0.0159     ,  6.43874    ])
3725    , -1401.93    , array([ 0.739771   ,  1.56202    ,  0.315265   ,  0.015995   ,  7.28988    ])
3726    , -1333.24    , array([ 0.7419     ,  1.53536    ,  0.2991     ,  0.0167757  ,  7.49227    ])
3727    , -1371.1     , array([ 0.733262   ,  1.58241    ,  0.30479    ,  0.0190663  ,  7.13677    ])
3728    , -1320.73    , array([ 0.732185   ,  1.55239    ,  0.294164   ,  0.0152247  ,  6.96981    ])
3729    , -1235.84    , array([ 0.728171   ,  1.5285     ,  0.273568   ,  0.0142542  ,  6.8174     ])
3730    , -1234.55    , array([ 0.719077   ,  1.5034     ,  0.278479   ,  0.018041   ,  7.32124    ])
3731    , -1119.94    , array([ 0.705807   ,  1.44974    ,  0.254906   ,  0.0200954  ,  7.54065    ])
3732    , -1142.68    , array([ 0.720322   ,  1.48048    ,  0.253694   ,  0.0189893  ,  6.47013    ])
likelihood = -1119.94
theta = 90.52
Optimized parameters = [0.70580739 1.44974358 0.25490609 0.02009545 7.54065365]

Round_3_Replicate_5
3733    , -814.056    , array([ 0.129251   ,  0.171406   ,  0.0611152  ,  0.0696466  ,  14.1009    ])
3734    , -859.901    , array([ 0.116683   ,  0.171406   ,  0.0611152  ,  0.0696466  ,  14.1009    ])
3735    , -819.509    , array([ 0.129251   ,  0.156938   ,  0.0611152  ,  0.0696466  ,  14.1009    ])
3736    , -870.047    , array([ 0.129251   ,  0.171406   ,  0.0531443  ,  0.0696466  ,  14.1009    ])
3737    , -813.997    , array([ 0.129251   ,  0.171406   ,  0.0611152  ,  0.06096    ,  14.1009    ])
3738    , -825.404    , array([ 0.129251   ,  0.171406   ,  0.0611152  ,  0.0696466  ,  16.0957    ])
3739    , -781.25     , array([ 0.124069   ,  0.165465   ,  0.0702816  ,  0.0660326  ,  14.8673    ])
3740    , -734.586    , array([ 0.121556   ,  0.162572   ,  0.0808229  ,  0.0642965  ,  15.266     ])
3741    , -744.785    , array([ 0.139701   ,  0.162      ,  0.0683444  ,  0.0639548  ,  15.347     ])
3742    , -747.332    , array([ 0.1301     ,  0.158384   ,  0.0714702  ,  0.0618105  ,  13.1913    ])
3743    , -724.083    , array([ 0.130441   ,  0.173621   ,  0.0760878  ,  0.0589287  ,  14.661     ])
3744    , -677.946    , array([ 0.131041   ,  0.182616   ,  0.0848981  ,  0.0542051  ,  14.9494    ])
3745    , -672.691    , array([ 0.131161   ,  0.163046   ,  0.086779   ,  0.0533068  ,  15.0077    ])
3746    , -602.519    , array([ 0.132126   ,  0.15902    ,  0.103406   ,  0.0466363  ,  15.4827    ])
3747    , -588.778    , array([ 0.13232    ,  0.158226   ,  0.107096   ,  0.0547154  ,  15.5795    ])
3748    , -484.845    , array([ 0.133882   ,  0.152022   ,  0.141771   ,  0.0518372  ,  16.376     ])
3749    , -544.925    , array([ 0.132972   ,  0.168451   ,  0.120443   ,  0.050295   ,  18.1587    ])
3750    , -485.778    , array([ 0.121412   ,  0.167283   ,  0.157992   ,  0.0441544  ,  16.6944    ])
3751    , -412.924    , array([ 0.139469   ,  0.168609   ,  0.174681   ,  0.0377898  ,  17.3944    ])
3752    , -328.093    , array([ 0.149391   ,  0.171711   ,  0.256804   ,  0.0289713  ,  18.5674    ])
likelihood = -328.09
theta = 276.03
Optimized parameters = [ 0.14939149  0.17171114  0.25680409  0.02897133 18.56742136]

Round_4_Replicate_1
3753    , -254.54     , array([ 0.528716   ,  0.198568   ,  0.0795223  ,  0.0565461  ,  2.64905    ])
3754    , -254.396    , array([ 0.512134   ,  0.198568   ,  0.0795223  ,  0.0565461  ,  2.64905    ])
3755    , -255.487    , array([ 0.528716   ,  0.183149   ,  0.0795223  ,  0.0565461  ,  2.64905    ])
3756    , -260.206    , array([ 0.528716   ,  0.198568   ,  0.070067   ,  0.0565461  ,  2.64905    ])
3757    , -254.62     , array([ 0.528716   ,  0.198568   ,  0.0795223  ,  0.0489804  ,  2.64905    ])
3758    , -253.3      , array([ 0.528716   ,  0.198568   ,  0.0795223  ,  0.0565461  ,  2.78128    ])
3759    , -250.499    , array([ 0.52202    ,  0.19225    ,  0.0902536  ,  0.0533889  ,  2.70117    ])
3760    , -249.003    , array([ 0.518704   ,  0.189167   ,  0.102433   ,  0.051877   ,  2.72761    ])
3761    , -250.631    , array([ 0.518043   ,  0.211149   ,  0.0879973  ,  0.0515798  ,  2.73293    ])
3762    , -249.055    , array([ 0.513834   ,  0.199598   ,  0.0916351  ,  0.0607914  ,  2.76723    ])
3763    , -247.628    , array([ 0.507999   ,  0.200011   ,  0.0969819  ,  0.0542048  ,  2.81596    ])
3764    , -246.097    , array([ 0.497947   ,  0.200737   ,  0.107101   ,  0.0530708  ,  2.90332    ])
3765    , -247.918    , array([ 0.518587   ,  0.200882   ,  0.109248   ,  0.0528469  ,  2.92111    ])
3766    , -250.519    , array([ 0.498451   ,  0.201815   ,  0.124045   ,  0.0514358  ,  2.83736    ])
3767    , -249.97     , array([ 0.500936   ,  0.18639    ,  0.128601   ,  0.0563253  ,  2.9312     ])
3768    , -248.536    , array([ 0.521662   ,  0.188904   ,  0.0925549  ,  0.0585723  ,  2.8603     ])
3769    , -254.045    , array([ 0.527561   ,  0.205638   ,  0.0782703  ,  0.0543313  ,  2.74175    ])
3770    , -247.409    , array([ 0.507464   ,  0.191026   ,  0.113588   ,  0.05582    ,  2.88264    ])
3771    , -248.628    , array([ 0.511758   ,  0.188688   ,  0.119698   ,  0.0486509  ,  2.95207    ])
3772    , -245.627    , array([ 0.504227   ,  0.19889    ,  0.113964   ,  0.0555654  ,  3.09119    ])
3773    , -245.157    , array([ 0.497141   ,  0.203937   ,  0.120208   ,  0.0575068  ,  3.29076    ])
3774    , -246.105    , array([ 0.505181   ,  0.205691   ,  0.097692   ,  0.063349   ,  2.98298    ])
3775    , -249.589    , array([ 0.489267   ,  0.212572   ,  0.129102   ,  0.0542947  ,  3.13084    ])
3776    , -246.552    , array([ 0.513367   ,  0.194562   ,  0.100585   ,  0.0574723  ,  2.92566    ])
3777    , -244.171    , array([ 0.49018    ,  0.197358   ,  0.10582    ,  0.0622309  ,  3.06757    ])
3778    , -243.534    , array([ 0.476565   ,  0.195618   ,  0.104147   ,  0.0675305  ,  3.14353    ])
likelihood = -243.53
theta = 173.09
Optimized parameters = [0.47656522 0.19561847 0.10414697 0.06753046 3.14352544]

Round_4_Replicate_2
3779    , -255.785    , array([ 0.551386   ,  0.135731   ,  0.0949331  ,  0.0803428  ,  3.44319    ])
3780    , -254.869    , array([ 0.535216   ,  0.135731   ,  0.0949331  ,  0.0803428  ,  3.44319    ])
3781    , -261.069    , array([ 0.551386   ,  0.122832   ,  0.0949331  ,  0.0803428  ,  3.44319    ])
3782    , -260.283    , array([ 0.551386   ,  0.135731   ,  0.0843895  ,  0.0803428  ,  3.44319    ])
3783    , -255.818    , array([ 0.551386   ,  0.135731   ,  0.0949331  ,  0.0708263  ,  3.44319    ])
3784    , -255.208    , array([ 0.551386   ,  0.135731   ,  0.0949331  ,  0.0803428  ,  3.66277    ])
3785    , -252.231    , array([ 0.54486    ,  0.149984   ,  0.0905661  ,  0.0763917  ,  3.5294     ])
3786    , -249.246    , array([ 0.541626   ,  0.165734   ,  0.0884586  ,  0.0744896  ,  3.5733     ])
3787    , -249.494    , array([ 0.540982   ,  0.147019   ,  0.103819   ,  0.0741149  ,  3.58215    ])
3788    , -249.474    , array([ 0.536875   ,  0.151792   ,  0.0956511  ,  0.0856135  ,  3.63929    ])
3789    , -247.491    , array([ 0.531178   ,  0.158737   ,  0.0959398  ,  0.0774155  ,  3.72083    ])
3790    , -244.729    , array([ 0.521353   ,  0.171663   ,  0.0964471  ,  0.0759921  ,  3.86793    ])
3791    , -244.874    , array([ 0.51941    ,  0.174372   ,  0.0965489  ,  0.0757105  ,  3.57486    ])
3792    , -242.557    , array([ 0.528726   ,  0.19275    ,  0.0972029  ,  0.0739333  ,  3.86035    ])
3793    , -241.927    , array([ 0.52551    ,  0.229695   ,  0.0983581  ,  0.0709229  ,  4.08751    ])
3794    , -245.211    , array([ 0.517054   ,  0.212723   ,  0.0869831  ,  0.078747   ,  3.91174    ])
3795    , -244.275    , array([ 0.513229   ,  0.23581    ,  0.0908906  ,  0.0659286  ,  3.96312    ])
3796    , -243.942    , array([ 0.497885   ,  0.248692   ,  0.0993529  ,  0.0721626  ,  4.20699    ])
3797    , -241.049    , array([ 0.513723   ,  0.206252   ,  0.106557   ,  0.0659181  ,  3.95651    ])
3798    , -242.05     , array([ 0.512066   ,  0.20309    ,  0.117939   ,  0.0603101  ,  3.97909    ])
3799    , -245.153    , array([ 0.509146   ,  0.269094   ,  0.0998632  ,  0.0648667  ,  4.50863    ])
3800    , -242.57     , array([ 0.516825   ,  0.194349   ,  0.097367   ,  0.0728405  ,  3.7884     ])
3801    , -249.194    , array([ 0.505482   ,  0.287254   ,  0.100349   ,  0.0635407  ,  4.13253    ])
3802    , -242.23     , array([ 0.517339   ,  0.195242   ,  0.0974081  ,  0.0726673  ,  3.93245    ])
3803    , -240.84     , array([ 0.515125   ,  0.193903   ,  0.109475   ,  0.0761469  ,  4.02075    ])
3804    , -242.359    , array([ 0.516076   ,  0.175831   ,  0.120146   ,  0.0818354  ,  4.04988    ])
3805    , -245.063    , array([ 0.53828    ,  0.166439   ,  0.104113   ,  0.0710804  ,  3.7197     ])
3806    , -241.775    , array([ 0.50769    ,  0.224936   ,  0.100522   ,  0.0718905  ,  4.07948    ])
likelihood = -240.84
theta = 157.54
Optimized parameters = [0.51512497 0.19390293 0.10947462 0.07614689 4.02074913]

Round_4_Replicate_3
3807    , -255.452    , array([ 0.321302   ,  0.109917   ,  0.133053   ,  0.169235   ,  2.77512    ])
3808    , -259.938    , array([ 0.30357    ,  0.109917   ,  0.133053   ,  0.169235   ,  2.77512    ])
3809    , -260.223    , array([ 0.321302   ,  0.0984279  ,  0.133053   ,  0.169235   ,  2.77512    ])
3810    , -264.424    , array([ 0.321302   ,  0.109917   ,  0.120289   ,  0.169235   ,  2.77512    ])
3811    , -255.345    , array([ 0.321302   ,  0.109917   ,  0.133053   ,  0.154851   ,  2.77512    ])
3812    , -256.357    , array([ 0.321302   ,  0.109917   ,  0.133053   ,  0.169235   ,  2.92042    ])
3813    , -251.215    , array([ 0.314088   ,  0.105169   ,  0.147172   ,  0.163328   ,  2.83235    ])
3814    , -246.437    , array([ 0.310542   ,  0.102872   ,  0.162788   ,  0.160452   ,  2.86141    ])
3815    , -249.765    , array([ 0.309838   ,  0.119538   ,  0.144233   ,  0.159883   ,  2.86726    ])
3816    , -246.617    , array([ 0.330628   ,  0.110696   ,  0.148964   ,  0.156288   ,  2.90496    ])
3817    , -245.369    , array([ 0.315977   ,  0.11101    ,  0.155848   ,  0.151391   ,  2.75458    ])
3818    , -241.929    , array([ 0.313347   ,  0.11156    ,  0.168671   ,  0.143188   ,  2.67522    ])
3819    , -241.788    , array([ 0.312824   ,  0.111671   ,  0.17136    ,  0.141601   ,  2.8566     ])
3820    , -239.575    , array([ 0.308669   ,  0.112558   ,  0.194469   ,  0.129526   ,  2.89824    ])
3821    , -239.576    , array([ 0.307845   ,  0.112736   ,  0.199452   ,  0.144085   ,  2.90663    ])
3822    , -242.533    , array([ 0.318412   ,  0.101262   ,  0.209463   ,  0.133863   ,  2.82862    ])
3823    , -241.76     , array([ 0.293931   ,  0.105522   ,  0.232436   ,  0.128715   ,  2.76232    ])
3824    , -247.518    , array([ 0.306136   ,  0.114709   ,  0.245263   ,  0.114795   ,  2.76511    ])
3825    , -241.62     , array([ 0.309435   ,  0.105712   ,  0.180354   ,  0.147567   ,  2.83703    ])
3826    , -240.941    , array([ 0.295173   ,  0.118555   ,  0.179537   ,  0.143067   ,  2.80049    ])
3827    , -240.903    , array([ 0.292861   ,  0.11026    ,  0.228595   ,  0.133705   ,  3.01578    ])
3828    , -242.676    , array([ 0.31175    ,  0.118636   ,  0.164782   ,  0.151019   ,  3.02506    ])
3829    , -239.939    , array([ 0.298288   ,  0.108658   ,  0.213282   ,  0.133961   ,  2.82579    ])
3830    , -241.229    , array([ 0.291817   ,  0.119733   ,  0.227102   ,  0.126726   ,  2.94073    ])
3831    , -239.782    , array([ 0.296125   ,  0.116062   ,  0.214386   ,  0.131643   ,  2.91445    ])
3832    , -246.388    , array([ 0.306311   ,  0.105858   ,  0.244911   ,  0.126433   ,  3.02701    ])
3833    , -239.435    , array([ 0.297919   ,  0.115245   ,  0.19403    ,  0.138714   ,  2.85548    ])
likelihood = -239.43
theta = 243.12
Optimized parameters = [0.29791894 0.1152445  0.19402959 0.13871383 2.85547773]

Round_4_Replicate_4
3834    , -290.012    , array([ 0.852556   ,  0.155583   ,  0.0605493  ,  0.0511812  ,  3.5197     ])
3835    , -289.092    , array([ 0.845783   ,  0.155583   ,  0.0605493  ,  0.0511812  ,  3.5197     ])
3836    , -296.127    , array([ 0.852556   ,  0.141762   ,  0.0605493  ,  0.0511812  ,  3.5197     ])
3837    , -293.847    , array([ 0.852556   ,  0.155583   ,  0.0526277  ,  0.0511812  ,  3.5197     ])
3838    , -290.124    , array([ 0.852556   ,  0.155583   ,  0.0605493  ,  0.0441129  ,  3.5197     ])
3839    , -286.786    , array([ 0.852556   ,  0.155583   ,  0.0605493  ,  0.0511812  ,  3.74827    ])
3840    , -283.985    , array([ 0.849841   ,  0.170751   ,  0.0572468  ,  0.0482272  ,  3.60941    ])
3841    , -278.962    , array([ 0.848486   ,  0.187398   ,  0.0556637  ,  0.0468148  ,  3.65512    ])
3842    , -282.232    , array([ 0.848215   ,  0.167604   ,  0.0673579  ,  0.0465373  ,  3.66433    ])
3843    , -280.01     , array([ 0.846485   ,  0.172668   ,  0.0610951  ,  0.0551621  ,  3.72383    ])
3844    , -276.444    , array([ 0.844069   ,  0.180017   ,  0.0613148  ,  0.0489901  ,  3.80875    ])
3845    , -270.535    , array([ 0.839857   ,  0.193637   ,  0.0617011  ,  0.04793    ,  3.96206    ])
3846    , -270.457    , array([ 0.848438   ,  0.196482   ,  0.0617787  ,  0.0477207  ,  3.99346    ])
3847    , -263.132    , array([ 0.849769   ,  0.220802   ,  0.0624028  ,  0.0460793  ,  4.25373    ])
3848    , -265.156    , array([ 0.840597   ,  0.226016   ,  0.0625283  ,  0.0457578  ,  3.94457    ])
3849    , -263.455    , array([ 0.841855   ,  0.236461   ,  0.0545597  ,  0.0499849  ,  4.15565    ])
3850    , -258.897    , array([ 0.841726   ,  0.260285   ,  0.0574911  ,  0.0405396  ,  4.2727     ])
3851    , -254.653    , array([ 0.839357   ,  0.319571   ,  0.0557697  ,  0.0347536  ,  4.57677    ])
3852    , -251.99     , array([ 0.836116   ,  0.296904   ,  0.0631488  ,  0.0424017  ,  4.76271    ])
3853    , -250.819    , array([ 0.829998   ,  0.373716   ,  0.0672608  ,  0.0403537  ,  5.43665    ])
3854    , -252.984    , array([ 0.840726   ,  0.37378    ,  0.0589701  ,  0.0386607  ,  4.98653    ])
3855    , -250.265    , array([ 0.840038   ,  0.391612   ,  0.0568421  ,  0.0378559  ,  5.50098    ])
3856    , -257.186    , array([ 0.839759   ,  0.515484   ,  0.054196   ,  0.0344324  ,  6.49621    ])
3857    , -257.435    , array([ 0.838058   ,  0.458009   ,  0.0662208  ,  0.0310083  ,  5.84146    ])
3858    , -281.19     , array([ 0.825657   ,  0.656719   ,  0.0592897  ,  0.0287078  ,  6.47872    ])
3859    , -252.846    , array([ 0.843676   ,  0.289966   ,  0.0616095  ,  0.0409382  ,  4.72553    ])
3860    , -258.934    , array([ 0.839435   ,  0.263692   ,  0.0542812  ,  0.0476748  ,  4.33421    ])
3861    , -252.175    , array([ 0.838402   ,  0.398961   ,  0.0630098  ,  0.0345287  ,  5.42149    ])
likelihood = -250.26
theta = 102.61
Optimized parameters = [0.84003776 0.39161209 0.05684214 0.03785589 5.50097598]

Round_4_Replicate_5
3862    , -283.338    , array([ 0.317046   ,  0.22264    ,  0.0968953  ,  0.0710772  ,  1.23264    ])
3863    , -287.554    , array([ 0.29935    ,  0.22264    ,  0.0968953  ,  0.0710772  ,  1.23264    ])
3864    , -278.57     , array([ 0.317046   ,  0.20653    ,  0.0968953  ,  0.0710772  ,  1.23264    ])
3865    , -289.372    , array([ 0.317046   ,  0.22264    ,  0.086222   ,  0.0710772  ,  1.23264    ])
3866    , -283.542    , array([ 0.317046   ,  0.22264    ,  0.0968953  ,  0.0622754  ,  1.23264    ])
3867    , -283.06     , array([ 0.317046   ,  0.22264    ,  0.0968953  ,  0.0710772  ,  1.2456     ])
3868    , -277.756    , array([ 0.309846   ,  0.216051   ,  0.10889    ,  0.0674163  ,  1.23781    ])
3869    , -273.804    , array([ 0.306307   ,  0.212829   ,  0.122369   ,  0.0656571  ,  1.2404     ])
3870    , -274.401    , array([ 0.331192   ,  0.212191   ,  0.106378   ,  0.0653109  ,  1.24092    ])
3871    , -273.049    , array([ 0.318214   ,  0.20815    ,  0.110426   ,  0.0759743  ,  1.24424    ])
3872    , -268.564    , array([ 0.318799   ,  0.201262   ,  0.117884   ,  0.0839154  ,  1.25009    ])
3873    , -268.096    , array([ 0.318917   ,  0.199912   ,  0.119435   ,  0.0711373  ,  1.25126    ])
3874    , -262.686    , array([ 0.319856   ,  0.189434   ,  0.1326     ,  0.0711674  ,  1.26067    ])
3875    , -262.27     , array([ 0.320044   ,  0.187405   ,  0.135402   ,  0.0711734  ,  1.24422    ])
3876    , -258.352    , array([ 0.321553   ,  0.171937   ,  0.160062   ,  0.0712216  ,  1.24352    ])
3877    , -264.573    , array([ 0.321856   ,  0.18774    ,  0.165509   ,  0.0712313  ,  1.26172    ])
3878    , -260.013    , array([ 0.304605   ,  0.173998   ,  0.179912   ,  0.0802582  ,  1.26167    ])
3879    , -258.711    , array([ 0.328619   ,  0.160046   ,  0.182471   ,  0.0865119  ,  1.27081    ])
3880    , -270.273    , array([ 0.319596   ,  0.154421   ,  0.225585   ,  0.0685189  ,  1.26929    ])
3881    , -261.957    , array([ 0.318998   ,  0.188364   ,  0.138649   ,  0.0797689  ,  1.25486    ])
3882    , -254.796    , array([ 0.315434   ,  0.165764   ,  0.149686   ,  0.084459   ,  1.25484    ])
3883    , -252.703    , array([ 0.312271   ,  0.155761   ,  0.142351   ,  0.0919674  ,  1.25141    ])
3884    , -255.985    , array([ 0.314374   ,  0.151911   ,  0.192214   ,  0.0936649  ,  1.25218    ])
3885    , -256.832    , array([ 0.313384   ,  0.140179   ,  0.209488   ,  0.089109   ,  1.25691    ])
3886    , -252.157    , array([ 0.331943   ,  0.139185   ,  0.171575   ,  0.0923504  ,  1.24824    ])
3887    , -253.006    , array([ 0.346519   ,  0.124485   ,  0.167552   ,  0.0990634  ,  1.24157    ])
3888    , -249.622    , array([ 0.308927   ,  0.143098   ,  0.165053   ,  0.0879422  ,  1.2304     ])
3889    , -248.379    , array([ 0.299528   ,  0.135309   ,  0.156978   ,  0.0886661  ,  1.21068    ])
likelihood = -248.38
theta = 280.62
Optimized parameters = [0.29952797 0.13530904 0.15697842 0.08866612 1.21068214]
